modality,window_size,start_unit,end_unit,positions,sample_index,sample_id,baseline,class_probability,hybrid_final_intensity,classification_probability_drop,regression_absolute_delta,positive_classification_drop,combined_raw_score,combined_score
T,1,0,0,1,1,01,missing,0.5684352517127991,0.05761792695671322,0.0005609989166259766,0.0006819105222821281,0.0005609989166259766,0.0006746506703396646,0.0006099984913577101
T,1,1,1,2,1,01,missing,0.5605374574661255,0.059878131301701096,0.00845879316329956,0.0015782938227057453,0.00845879316329956,0.008721842133750518,0.007886022763112835
T,1,2,2,3,1,01,missing,0.5527572631835938,0.0571559871375561,0.0162389874458313,0.0011438503414392537,0.0162389874458313,0.01642962916940451,0.014855167937293539
T,1,3,3,4,1,01,missing,0.5537883639335632,0.06422805061340334,0.015207886695861816,0.005928213134407986,0.015207886695861816,0.01619592221826315,0.014643857263661117
T,1,4,4,5,1,01,missing,0.5426196455955505,0.06095048847943546,0.02637660503387451,0.00265065100044011,0.02637660503387451,0.02681838020061453,0.024248358716957977
T,1,5,5,6,1,01,missing,0.5740165114402771,0.044821133987605594,-0.005020260810852051,0.013478703491389757,0.0,0.0022464505818982927,0.0020311718732565574
T,1,6,6,7,1,01,missing,0.5557017922401428,0.05929520356804134,0.013294458389282227,0.0009953660890459903,0.013294458389282227,0.013460352737456558,0.012170439049378335
T,1,7,7,8,1,01,missing,0.5622742772102356,0.0590202401891351,0.006721973419189453,0.0007204027101397475,0.006721973419189453,0.006842040537546078,0.006186363683015559
T,1,8,8,9,1,01,missing,0.5696932077407837,0.034977445022761844,-0.0006969571113586426,0.023322392456233507,0.0,0.0038870654093722513,0.003514565596343423
T,1,9,9,10,1,01,missing,0.5725729465484619,0.04359754695147278,-0.0035766959190368652,0.014702290527522567,0.0,0.0024503817545870944,0.002215560199170986
T,1,10,10,11,1,01,missing,0.562717616558075,0.07357130757123234,0.006278634071350098,0.015271470092236991,0.006278634071350098,0.008823879086722929,0.007978281453591229
T,1,11,11,12,1,01,missing,0.5726917386054993,0.049523007766902466,-0.0036954879760742188,0.008776829712092885,0.0,0.0014628049520154808,0.0013226234747988651
T,1,12,12,13,1,01,missing,0.5704206824302673,0.03932736769095065,-0.0014244318008422852,0.018972469788044698,0.0,0.0031620782980074495,0.0028590544353396708
T,1,13,13,14,1,01,missing,0.5663639307022095,0.050237912552058714,0.002632319927215576,0.008061924926936637,0.002632319927215576,0.003975974081705015,0.003594954097201649
T,1,14,14,15,1,01,missing,0.5684494376182556,0.05090882051140072,0.0005468130111694336,0.00739101696759463,0.0005468130111694336,0.0017786491724352052,0.0016082001538572047
T,1,15,15,16,1,01,missing,0.5823673009872437,0.038705947769433285,-0.013371050357818604,0.019593889709562065,0.0,0.0032656482849270107,0.00295269924820121
T,1,16,16,17,1,01,missing,0.5688264966011047,0.049883205765485786,0.0001697540283203125,0.008416631713509565,0.0001697540283203125,0.0015725259805719066,0.0014218298712824543
T,1,17,17,18,1,01,missing,0.5750161409378052,0.038612459549307844,-0.006019890308380127,0.019687377929687506,0.0,0.0032812296549479176,0.0029667874461737315
T,1,18,18,19,1,01,missing,0.5794223546981812,0.04689436189234259,-0.010426104068756104,0.01140547558665276,0.0,0.0019009125977754598,0.0017187470017069704
T,1,19,19,20|21,1,01,missing,0.5694528818130493,0.04619595088213684,-0.0004566311836242676,0.012103886596858508,0.0,0.0020173144328097512,0.0018239939789706824
T,1,20,20,22,1,01,missing,0.551311194896698,0.07291688667386773,0.01768505573272705,0.014617049194872375,0.01768505573272705,0.020121230598539114,0.018193000984035097
T,2,0,1,1|2,1,01,missing,0.5594770908355713,0.0590312360391021,0.00951915979385376,0.0007313985601067469,0.00951915979385376,0.009641059553871551,0.008717151025716133
T,2,1,2,2|3,1,01,missing,0.5443874001502991,0.05860229719579223,0.024608850479125977,0.0003024597167968768,0.024608850479125977,0.024659260431925456,0.022296148692623682
T,2,2,3,3|4,1,01,missing,0.5350207090377808,0.06547638166844848,0.03397554159164429,0.007176544189453127,0.03397554159164429,0.03517163228988648,0.031801113640956086
T,2,3,4,4|5,1,01,missing,0.5276586413383484,0.06663673249781134,0.04133760929107666,0.008336895018815987,0.04133760929107666,0.042727091794212656,0.0386325289226349
T,2,4,5,5|6,1,01,missing,0.549069344997406,0.04887959614545109,0.019926905632019043,0.009420241333544258,0.019926905632019043,0.02149694585427642,0.019436880620462407
T,2,5,6,6|7,1,01,missing,0.5609570145606995,0.04609146345555785,0.008039236068725586,0.012208374023437503,0.008039236068725586,0.010073965072631837,0.009108570948579694
T,2,6,7,7|8,1,01,missing,0.549713134765625,0.05951517427116634,0.01928311586380005,0.0012153367921709929,0.01928311586380005,0.019485671995828548,0.017618348343984104
T,2,7,8,8|9,1,01,missing,0.5584750771522522,0.03640450563058259,0.010521173477172852,0.02189533184841276,0.010521173477172852,0.014170395451908312,0.012812437944001888
T,2,8,9,9|10,1,01,missing,0.5677406787872314,0.024685564407706286,0.0012555718421936035,0.033614273071289065,0.0012555718421936035,0.006857950687408448,0.006200749153659848
T,2,9,10,10|11,1,01,missing,0.5657283067703247,0.062127333083748834,0.003267943859100342,0.0038274956047534836,0.003267943859100342,0.0039058597932259223,0.0035315589031031493
T,2,10,11,11|12,1,01,missing,0.5678190588951111,0.06364512959271672,0.0011771917343139648,0.005345292113721367,0.0011771917343139648,0.002068073753267526,0.0018698890032593212
T,2,11,12,12|13,1,01,missing,0.5751335620880127,0.032249806290119906,-0.0061373114585876465,0.026050031188875444,0.0,0.004341671864812574,0.003925606842089843
T,2,12,13,13|14,1,01,missing,0.5688806176185608,0.032568766494840404,0.00011563301086425781,0.025731070984154947,0.00011563301086425781,0.004404144841556749,0.003982092995946898
T,2,13,14,14|15,1,01,missing,0.5672723054885864,0.04173054493740203,0.001723945140838623,0.016569292541593318,0.001723945140838623,0.004485493897770842,0.004055646323239951
T,2,14,15,15|16,1,01,missing,0.5809379816055298,0.030476295852661157,-0.011941730976104736,0.027823541626334193,0.0,0.004637256937722365,0.004192865819913214
T,2,15,16,16|17,1,01,missing,0.5791125297546387,0.030556035903841282,-0.010116279125213623,0.02774380157515407,0.0,0.004623966929192345,0.004180849400883553
T,2,16,17,17|18,1,01,missing,0.5752224326133728,0.032398287186026595,-0.006226181983947754,0.025901550292968756,0.0,0.004316925048828126,0.0039032315283458866
T,2,17,18,18|19,1,01,missing,0.5837937593460083,0.030682518386840843,-0.014797508716583252,0.027617319092154508,0.0,0.004602886515359085,0.004161789135770334
T,2,18,19,19|20|21,1,01,missing,0.5719577074050903,0.03959682978838684,-0.002961456775665283,0.01870300769060851,0.0,0.0031171679484347514,0.002818447871542883
T,2,19,20,20|21|22,1,01,missing,0.5530933141708374,0.05746394477933647,0.015902936458587646,0.0008358926996588772,0.015902936458587646,0.016042251908530793,0.01450491327201576
T,3,0,2,1|2|3,1,01,missing,0.5436254143714905,0.05756293428093197,0.02537083625793457,0.0007369031980633822,0.02537083625793457,0.0254936534576118,0.02305058133346255
T,3,1,3,2|3|4,1,01,missing,0.5266178846359253,0.06718115461766722,0.042378365993499756,0.008881317138671865,0.042378365993499756,0.04385858551661173,0.03965559092196065
T,3,2,4,3|4|5,1,01,missing,0.5100463032722473,0.06890792597979309,0.058949947357177734,0.010608088500797738,0.058949947357177734,0.06071796210731069,0.05489932332702904
T,3,3,5,4|5|6,1,01,missing,0.5339624881744385,0.05372444953918459,0.03503376245498657,0.004575387939810757,0.03503376245498657,0.0357963271116217,0.03236594358268816
T,3,4,6,5|6|7,1,01,missing,0.5375929474830627,0.05000144136101009,0.031403303146362305,0.00829839611798526,0.031403303146362305,0.032786369166026515,0.029644431715014758
T,3,5,7,6|7|8,1,01,missing,0.5551677346229553,0.0486706212922931,0.013828516006469727,0.009629216186702254,0.013828516006469727,0.015433385370920103,0.013954394780432965
T,3,6,8,7|8|9,1,01,missing,0.5461192727088928,0.03764458979815247,0.022876977920532227,0.020655247680842884,0.022876977920532227,0.026319519200672707,0.023797303866292068
T,3,7,9,8|9|10,1,01,missing,0.5566973090171814,0.025004524612426776,0.012298941612243652,0.033295312866568574,0.012298941612243652,0.017848160423338415,0.016137760489091928
T,3,8,10,9|10|11,1,01,missing,0.5611723065376282,0.042646174331754466,0.007823944091796875,0.015653663147240884,0.007823944091796875,0.010432887949670356,0.009433098030716937
T,3,9,11,10|11|12,1,01,missing,0.5701205134391785,0.053963666336238406,-0.001124262809753418,0.004336171142756945,0.0,0.0007226951904594908,0.0006534388762554884
T,3,10,12,11|12|13,1,01,missing,0.5715103149414062,0.047412663833797,-0.002514064311981201,0.010887173645198353,0.0,0.001814528940866392,0.0016406415425276833
T,3,11,13,12|13|14,1,01,missing,0.5742372870445251,0.025295985122770093,-0.005241036415100098,0.03300385235622526,0.0,0.005500642059370876,0.004973512226743474
T,3,12,14,13|14|15,1,01,missing,0.5711408853530884,0.023882672683894657,-0.00214463472366333,0.034417164795100694,0.0,0.005736194132516782,0.005186491203230434
T,3,13,15,14|15|16,1,01,missing,0.5776181221008301,0.022826812637597345,-0.00862187147140503,0.035473024841398006,0.0,0.005912170806899667,0.005345603927203067
T,3,14,16,15|16|17,1,01,missing,0.5806527733802795,0.021295267959684158,-0.011656522750854492,0.03700456951931119,0.0,0.006167428253218532,0.00557639989911537
T,3,15,17,16|17|18,1,01,missing,0.5844171643257141,0.014939488784968875,-0.015420913696289062,0.043360348694026475,0.0,0.007226724782337746,0.0065341834055600515
T,3,16,18,17|18|19,1,01,missing,0.5807689428329468,0.026037010086327812,-0.011772692203521729,0.03226282739266754,0.0,0.005377137898777923,0.00486184354404555
T,3,17,19,18|19|20|21,1,01,missing,0.5764671564102173,0.027524564651399873,-0.007470905780792236,0.030775272827595478,0.0,0.00512921213793258,0.0046376766577839075
T,3,18,20,19|20|21|22,1,01,missing,0.5585144758224487,0.048846595169603844,0.010481774806976318,0.009453242309391506,0.010481774806976318,0.012057315191874902,0.010901855434554176
T,4,0,3,1|2|3|4,1,01,missing,0.5253322124481201,0.06546538581848146,0.04366403818130493,0.007165548339486114,0.04366403818130493,0.04485829623788595,0.040559498764317616
T,4,1,4,2|3|4|5,1,01,missing,0.5021103620529175,0.07126161518841984,0.06688588857650757,0.012961777709424485,0.06688588857650757,0.06904618486141165,0.06242944749208001
T,4,2,5,3|4|5|6,1,01,missing,0.516061544418335,0.05474731196612122,0.05293470621109009,0.003552525512874133,0.05293470621109009,0.05352679379656911,0.04839728899503435
T,4,3,6,4|5|6|7,1,01,missing,0.5222246646881104,0.05420288313329222,0.0467715859413147,0.004096954345703133,0.0467715859413147,0.04745441166559855,0.04290682689118045
T,4,4,7,5|6|7|8,1,01,missing,0.5339658856391907,0.04981996955871584,0.035030364990234375,0.008479867920279507,0.035030364990234375,0.03644367631028096,0.032951256918795815
T,4,5,8,6|7|8|9,1,01,missing,0.551049530506134,0.027553433792293094,0.017946720123291016,0.030746403686702256,0.017946720123291016,0.023071120737741393,0.020860201379283235
T,4,6,9,7|8|9|10,1,01,missing,0.544941246509552,0.027112119583040495,0.024055004119873047,0.031187717895954856,0.024055004119873047,0.02925295710253219,0.02644962865198436
T,4,7,10,8|9|10|11,1,01,missing,0.5520755052566528,0.041388216873258374,0.016920745372772217,0.016911620605736977,0.016920745372772217,0.019739348807061713,0.01784771515402041
T,4,8,11,9|10|11|12,1,01,missing,0.5647250413894653,0.03434502925127747,0.004271209239959717,0.02395480822771788,0.004271209239959717,0.008263677277912697,0.0074717641206164375
T,4,9,12,10|11|12|13,1,01,missing,0.5724506378173828,0.040438905136287236,-0.0034543871879577637,0.017860932342708115,0.0,0.002976822057118019,0.002691551411292784
T,4,10,13,11|12|13|14,1,01,missing,0.5708152055740356,0.04071180427595975,-0.0018189549446105957,0.017588033203035598,0.0,0.0029313388671725997,0.0026504269027602815
T,4,11,14,12|13|14|15,1,01,missing,0.5771127939224243,0.015837244888395094,-0.008116543292999268,0.04246259259060026,0.0,0.007077098765100043,0.006398896139430294
T,4,12,15,13|14|15|16,1,01,missing,0.5796916484832764,0.006247897049039622,-0.010695397853851318,0.05205194042995573,0.0,0.008675323404992621,0.007843961952074274
T,4,13,16,14|15|16|17,1,01,missing,0.578387975692749,0.014487173691019439,-0.009391725063323975,0.04381266378797591,0.0,0.007302110631329318,0.006602344983360645
T,4,14,17,15|16|17|18,1,01,missing,0.5859704613685608,0.0077780689239502175,-0.016974210739135742,0.05052176855504513,0.0,0.008420294759174189,0.007613372854573012
T,4,15,18,16|17|18|19,1,01,missing,0.584225058555603,0.0099592162627727,-0.015228807926177979,0.04834062121622265,0.0,0.008056770202703775,0.007284685074707932
T,4,16,19,17|18|19|20|21,1,01,missing,0.5745550394058228,0.024184273140132447,-0.005558788776397705,0.034115564338862904,0.0,0.005685927389810484,0.005141041552671471
T,4,17,20,18|19|20|21|22,1,01,missing,0.5636752843856812,0.036491116409748815,0.0053209662437438965,0.021808721069246535,0.0053209662437438965,0.00895575308861832,0.008097517890672054
T,1,0,0,1,2,02,missing,0.40744540095329285,-0.1689078937232494,-0.013052403926849365,0.012274362549185763,0.0,0.0020457270915309606,0.0006547977112856705
T,1,1,1,2,2,02,missing,0.37121063470840454,-0.19812000041306016,0.02318236231803894,0.01693774414062499,0.02318236231803894,0.026005319674809773,0.008323800312765202
T,1,2,2,3,2,02,missing,0.35822564363479614,-0.21616859391927717,0.03616735339164734,0.034986337646842,0.03616735339164734,0.041998409666121006,0.013442879375681288
T,1,3,3,4,2,02,missing,0.3835729956626892,-0.17546301799118516,0.010820001363754272,0.005719238281250011,0.010820001363754272,0.011773207743962608,0.0037683762986529218
T,1,4,4,5,2,02,missing,0.4095158576965332,-0.1737252574920654,-0.015122860670089722,0.007456998780369761,0.0,0.0012428331300616269,0.00039780686898237863
T,1,5,5,6,2,02,missing,0.3903956115245819,-0.16907287175059316,0.003997385501861572,0.012109384521842015,0.003997385501861572,0.0060156162555019075,0.0019254825203139322
T,1,6,6,7,2,02,missing,0.37242671847343445,-0.19281871183812616,0.021966278553009033,0.011636455565690984,0.021966278553009033,0.02390568781395753,0.007651748726451391
T,1,7,7,8,2,02,missing,0.36893922090530396,-0.22153588444590566,0.025453776121139526,0.04035362817347049,0.025453776121139526,0.032179380816717944,0.010299997979499811
T,1,8,8,9,2,02,missing,0.345822274684906,-0.22956481510996818,0.048570722341537476,0.04838255883753301,0.048570722341537476,0.05663448214779298,0.018127603356159965
T,1,9,9,10,2,02,missing,0.3047163784503937,-0.2780573727250099,0.0896766185760498,0.09687511645257474,0.0896766185760498,0.1058224713181456,0.03387172820293394
T,1,10,10,11,2,02,missing,0.3618822693824768,-0.21538770060837267,0.032510727643966675,0.0342054443359375,0.032510727643966675,0.038211635033289594,0.012230805989647667
T,1,11,11,12,2,02,missing,0.40625572204589844,-0.19747108415365217,-0.011862725019454956,0.016288827881216994,0.0,0.002714804646869499,0.0008689565077947482
T,1,12,12,13,2,02,missing,0.4061272144317627,-0.1938470721900463,-0.011734217405319214,0.012664815917611122,0.0,0.002110802652935187,0.0006756271410001827
T,1,13,13,14,2,02,missing,0.39430660009384155,-0.1632986407935619,8.639693260192871e-05,0.017883615478873266,8.639693260192871e-05,0.0030669995124141397,0.0009816872785998652
T,1,14,14,15,2,02,missing,0.412975549697876,-0.13727610929906367,-0.018582552671432495,0.0439061469733715,0.0,0.007317691162228583,0.002342251537245254
T,1,15,15,16,2,02,missing,0.352438360452652,-0.20821666105687617,0.041954636573791504,0.027034404784440996,0.041954636573791504,0.04646037070453167,0.014871066883141356
T,1,16,16,17,2,02,missing,0.3903951048851013,-0.19004707292318343,0.003997892141342163,0.008864816650748258,0.003997892141342163,0.0054753615831335395,0.001752557439327956
T,1,17,17,18,2,02,missing,0.6104155778884888,0.1813294490516186,-0.2160225808620453,0.36251170532405375,0.0,0.06041861755400896,0.01933883197675322
T,1,18,18,19,2,02,missing,0.3250534236431122,-0.29420320085287094,0.0693395733833313,0.11302094458043577,0.0693395733833313,0.0881763974800706,0.02822356095218773
T,2,0,1,1|2,2,02,missing,0.3835778832435608,-0.18456981047093868,0.01081511378288269,0.0033875541985035063,0.01081511378288269,0.011379706149299942,0.003642424042049844
T,2,1,2,2|3,2,02,missing,0.3346623182296753,-0.23005974919199942,0.05973067879676819,0.04887749291956425,0.05973067879676819,0.06787692761669556,0.02172609290677848
T,2,2,3,3|4,2,02,missing,0.34767651557922363,-0.20964647062718866,0.04671648144721985,0.028464214354753492,0.04671648144721985,0.051460517173012095,0.016471517147112726
T,2,3,4,4|5,2,02,missing,0.400915265083313,-0.16783004533350465,-0.006522268056869507,0.01335221093893052,0.0,0.002225368489821753,0.0007122974515686907
T,2,4,5,5|6,2,02,missing,0.4029447138309479,-0.16362861027419565,-0.008551716804504395,0.017553645998239525,0.0,0.002925607666373254,0.0009364304808748366
T,2,5,6,6|7,2,02,missing,0.36738350987434387,-0.18053334001302718,0.02700948715209961,0.0006489162594079945,0.02700948715209961,0.027117639862000942,0.008679832510708358
T,2,6,7,7|8,2,02,missing,0.3505326509475708,-0.22425251725912093,0.04386034607887268,0.04307026098668576,0.04386034607887268,0.051038722909986976,0.01633650895408167
T,2,7,8,8|9,2,02,missing,0.3386295437812805,-0.24629359782338142,0.055763453245162964,0.06511134155094625,0.055763453245162964,0.066615343503654,0.021322284210479818
T,2,8,9,9|10,2,02,missing,0.286528617143631,-0.28679017204642293,0.1078643798828125,0.10560791577398776,0.1078643798828125,0.12546569917847714,0.04015914586409529
T,2,9,10,10|11,2,02,missing,0.2839414179325104,-0.2962269205808639,0.1104515790939331,0.11504466430842875,0.1104515790939331,0.12962568981200456,0.04149067848009299
T,2,10,11,11|12,2,02,missing,0.3747881352901459,-0.22606727555990216,0.019604861736297607,0.04488501928746699,0.019604861736297607,0.027085698284208773,0.008669608628881817
T,2,11,12,12|13,2,02,missing,0.41789647936820984,-0.20391073185801503,-0.023503482341766357,0.02272847558557986,0.0,0.00378807926426331,0.0012124909733448592
T,2,12,13,13|14,2,02,missing,0.40772223472595215,-0.1721359745323658,-0.013329237699508667,0.009046281740069384,0.0,0.0015077136233448973,0.0004825899964504249
T,2,13,14,14|15,2,02,missing,0.4107493460178375,-0.12515022428929803,-0.016356348991394043,0.05603203198313714,0.0,0.009338671997189523,0.0029891284499884312
T,2,14,15,15|16,2,02,missing,0.37787264585494995,-0.1739232364952564,0.01652035117149353,0.007259019777178771,0.01652035117149353,0.017730187801023325,0.005675090504905446
T,2,15,16,16|17,2,02,missing,0.3723548352718353,-0.2057529864966869,0.022038161754608154,0.02457073022425174,0.022038161754608154,0.02613328345865011,0.00836475904725769
T,2,16,17,17|18,2,02,missing,0.5976799726486206,0.15559289021193984,-0.20328697562217712,0.336775146484375,0.0,0.05612919108072917,0.01796586944961094
T,2,17,18,18|19,2,02,missing,0.5367884039878845,0.0606645225375891,-0.14239540696144104,0.24184677881002425,0.0,0.040307796468337376,0.012901746759722423
T,3,0,2,1|2|3,2,02,missing,0.34588611125946045,-0.21623459587097166,0.04850688576698303,0.035052339598536486,0.04850688576698303,0.054348942366739116,0.01739604623699094
T,3,1,3,2|3|4,2,02,missing,0.32353639602661133,-0.22253674845993518,0.07085660099983215,0.04135449218750001,0.07085660099983215,0.07774901636441549,0.024885957751105494
T,3,2,4,3|4|5,2,02,missing,0.3655855655670166,-0.20168352848887441,0.02880743145942688,0.020501272216439242,0.02880743145942688,0.03222431016216675,0.010314378994783442
T,3,3,5,4|5|6,2,02,missing,0.39440545439720154,-0.15713947453200816,-1.245737075805664e-05,0.02404278174042701,0.0,0.004007130290071169,0.0012826049738621141
T,3,4,6,5|6|7,2,02,missing,0.38116347789764404,-0.17194350016713142,0.013229519128799438,0.009238756105303753,0.013229519128799438,0.01476931181301673,0.004727371315785016
T,3,5,7,6|7|8,2,02,missing,0.3461499810218811,-0.20778771550059316,0.04824301600456238,0.02660545922815799,0.04824301600456238,0.052677259209255374,0.016860972761136454
T,3,6,8,7|8|9,2,02,missing,0.3206093907356262,-0.24572165251374242,0.07378360629081726,0.06453939624130725,0.07378360629081726,0.08454017233103514,0.027059675546766446
T,3,7,9,8|9|10,2,02,missing,0.27854397892951965,-0.2980306964576244,0.11584901809692383,0.11684844018518925,0.11584901809692383,0.1353237581277887,0.043314520041057326
T,3,8,10,9|10|11,2,02,missing,0.26542335748672485,-0.3045418507516384,0.12896963953971863,0.12335959447920325,0.12896963953971863,0.14952957195291916,0.04786152653970249
T,3,9,11,10|11|12,2,02,missing,0.2949317991733551,-0.30676352263092993,0.09946119785308838,0.12558126635849476,0.09946119785308838,0.1203914089128375,0.03853496360337476
T,3,10,12,11|12|13,2,02,missing,0.39043673872947693,-0.2296857963114977,0.003956258296966553,0.048503540039062515,0.003956258296966553,0.012040181636810305,0.003853829482869626
T,3,11,13,12|13|14,2,02,missing,0.4185428023338318,-0.17990642887949942,-0.024149805307388306,0.0012758273929357467,0.0,0.00021263789882262443,6.806128249367285e-05
T,3,12,14,13|14|15,2,02,missing,0.42379996180534363,-0.13735309367477894,-0.029406964778900146,0.043829162597656235,0.0,0.007304860432942706,0.0023381446687361063
T,3,13,15,14|15|16,2,02,missing,0.3832850158214569,-0.15600660661458968,0.011107981204986572,0.025175649657845495,0.011107981204986572,0.015303922814627488,0.004898489966817246
T,3,14,16,15|16|17,2,02,missing,0.39242368936538696,-0.17418719059824941,0.0019693076610565186,0.0069950656741857575,0.0019693076610565186,0.0031351519400874784,0.0010035015537511356
T,3,15,17,16|17|18,2,02,missing,0.5795862674713135,0.12278424104452135,-0.18519327044487,0.3039664973169565,0.0,0.05066108288615942,0.016215633679801025
T,3,16,18,17|18|19,2,02,missing,0.5539209842681885,0.0805608753204346,-0.159527987241745,0.26174313159286977,0.0,0.043623855265478295,0.013963153102653345
T,4,0,3,1|2|3|4,2,02,missing,0.3343629539012909,-0.20823865275681017,0.06003004312515259,0.027056396484374995,0.06003004312515259,0.06453944253921509,0.02065782842554271
T,4,1,4,2|3|4|5,2,02,missing,0.34117603302001953,-0.21558567961156366,0.05321696400642395,0.03440342333912849,0.05321696400642395,0.0589508678962787,0.018869033673450282
T,4,2,5,3|4|5|6,2,02,missing,0.35774797201156616,-0.1915648761451244,0.03664502501487732,0.010382619872689236,0.03664502501487732,0.03837546166032552,0.012283243727249557
T,4,3,6,4|5|6|7,2,02,missing,0.3720463514328003,-0.16377156974971294,0.02234664559364319,0.017410686522722235,0.02234664559364319,0.02524842668076356,0.008081533491231975
T,4,4,7,5|6|7|8,2,02,missing,0.3638424873352051,-0.19205981022715568,0.030550509691238403,0.010877553954720509,0.030550509691238403,0.03236343535035849,0.010358910279130837
T,4,5,8,6|7|8|9,2,02,missing,0.3143003582954407,-0.23252342375218868,0.08009263873100281,0.05134116747975351,0.08009263873100281,0.08864949997762839,0.028374991919635367
T,4,6,9,7|8|9|10,2,02,missing,0.26045167446136475,-0.2932353512406349,0.13394132256507874,0.1120530949681997,0.13394132256507874,0.15261683839311202,0.048849700870255294
T,4,7,10,8|9|10|11,2,02,missing,0.2544865608215332,-0.31670621452331543,0.13990643620491028,0.13552395825088026,0.13990643620491028,0.162493762580057,0.052011113445240384
T,4,8,11,9|10|11|12,2,02,missing,0.27361220121383667,-0.31690416667461396,0.12078079581260681,0.1357219104021788,0.12078079581260681,0.14340111421296994,0.045899925640715246
T,4,9,12,10|11|12|13,2,02,missing,0.31279298663139343,-0.3077094073951244,0.08160001039505005,0.12652715112268925,0.08160001039505005,0.10268786891549826,0.032868402545498374
T,4,10,13,11|12|13|14,2,02,missing,0.39072737097740173,-0.20727078971862792,0.003665626049041748,0.026088533446192747,0.003665626049041748,0.008013714956740539,0.0025650353042166946
T,4,11,14,12|13|14|15,2,02,missing,0.4329821467399597,-0.146759593552351,-0.038589149713516235,0.03442266272008418,0.0,0.005737110453347363,0.001836338194765553
T,4,12,15,13|14|15|16,2,02,missing,0.4044007658958435,-0.1610714374244213,-0.010007768869400024,0.020110818848013884,0.0,0.003351803141335647,0.0010728474167999678
T,4,13,16,14|15|16|17,2,02,missing,0.39869412779808044,-0.14974845085144042,-0.004301130771636963,0.03143380542099475,0.0,0.005238967570165791,0.0016768922837489307
T,4,14,17,15|16|17|18,2,02,missing,0.590953528881073,0.1429445613563061,-0.19656053185462952,0.3241268176287413,0.0,0.05402113627145688,0.017291121840269152
T,4,15,18,16|17|18|19,2,02,missing,0.5510755181312561,0.0669336875766516,-0.15668252110481262,0.24811594384908675,0.0,0.04135265730818113,0.013236186524133862
T,1,0,0,1,3,03,missing,0.5357760787010193,-0.03784110459908841,0.0021227002143859863,0.0009664969481527827,0.0021227002143859863,0.0022837830390781168,0.0006244734352831068
T,1,1,1,2,3,03,missing,0.5386213064193726,-0.03365341267399488,-0.0007225275039672852,0.005154188873246313,0.0,0.0008590314788743855,0.00023489198818358773
T,1,2,2,3,3,03,missing,0.5385929346084595,-0.03618651280216871,-0.0006941556930541992,0.0026210887450724835,0.0,0.00043684812417874724,0.00011945094789433386
T,1,3,3,4,3,03,missing,0.5252937078475952,-0.05051691636666653,0.012605071067810059,0.011709314819425339,0.012605071067810059,0.014556623537714282,0.003980336376606411
T,1,4,4,5|6,3,03,missing,0.5204157829284668,-0.045452088913321476,0.017482995986938477,0.006644487366080282,0.017482995986938477,0.018590410547951856,0.0050833276802375385
T,1,5,5,7,3,03,missing,0.5294865965843201,-0.04551258287057278,0.008412182331085205,0.006704981323331589,0.008412182331085205,0.009529679218307137,0.002605777964357119
T,1,6,6,8,3,03,missing,0.5146773457527161,-0.052056711288541536,0.02322143316268921,0.013249109741300343,0.02322143316268921,0.0254296181195726,0.006953428024177502
T,1,7,7,9,3,03,missing,0.5154032707214355,-0.04441685447692869,0.022495508193969727,0.005609252929687496,0.022495508193969727,0.023430383682250977,0.006406761035392751
T,1,8,8,10,3,03,missing,0.508247435092926,-0.07248374137878416,0.029651343822479248,0.03367613983154297,0.029651343822479248,0.03526403379440308,0.009642532564923397
T,1,9,9,11,3,03,missing,0.5232698321342468,-0.05058290824890135,0.014628946781158447,0.011775306701660153,0.014628946781158447,0.016591497898101805,0.004536748680427381
T,1,10,10,12,3,03,missing,0.5291131734848022,-0.025343869664147478,0.008785605430603027,0.013463731883093716,0.008785605430603027,0.01102956074445198,0.0030159028112109717
T,1,11,11,13,3,03,missing,0.5372790694236755,-0.02616633222196249,0.0006197094917297363,0.012641269325278703,0.0006197094917297363,0.0027265877126095204,0.0007455531310808266
T,1,12,12,14,3,03,missing,0.5365691184997559,-0.03534443745426832,0.001329660415649414,0.003463164092972877,0.001329660415649414,0.0019068544311448936,0.0005214067697440044
T,1,13,13,15|16,3,03,missing,0.511054277420044,-0.05929649504125116,0.026844501495361328,0.020488893494009966,0.026844501495361328,0.030259317077696322,0.008274052027489228
T,1,14,14,17,3,03,missing,0.5113673806190491,-0.05770171080008147,0.0265313982963562,0.018894109252840276,0.0265313982963562,0.029680416505162913,0.008115758519291872
T,1,15,15,18,3,03,missing,0.5353567600250244,-0.044317868331819756,0.0025420188903808594,0.005510266784578562,0.0025420188903808594,0.00346039668781062,0.0009462045080918337
T,1,16,16,19,3,03,missing,0.44740623235702515,-0.12936815983653066,0.09049254655838013,0.09056055828928947,0.09049254655838013,0.10558597293992837,0.028871234312223517
T,1,17,17,20,3,03,missing,0.5373668074607849,-0.043744570358097534,0.0005319714546203613,0.00493696881085634,0.0005319714546203613,0.0013547995897630846,0.0003704539089146632
T,1,18,18,21,3,03,missing,0.5511390566825867,-0.018499837493896464,-0.013240277767181396,0.02030776405334473,0.0,0.0033846273422241217,0.0009254862775428174
T,1,19,19,22,3,03,missing,0.5251967906951904,-0.04064160594195125,0.012701988220214844,0.0018340043947100565,0.012701988220214844,0.013007655619333187,0.0035567894369088354
T,1,20,20,23,3,03,missing,0.5398861169815063,-0.03867974290475247,-0.0019873380661010742,0.00012785864248872347,0.0,2.130977374812058e-05,5.826905353919413e-06
T,1,21,21,24,3,03,missing,0.5875685214996338,0.03969031800851228,-0.049669742584228516,0.07849791955575347,0.0,0.013082986592625578,0.0035773877997437344
T,1,22,22,25,3,03,missing,0.5531171560287476,-0.02163974759671835,-0.015218377113342285,0.017167853950522845,0.0,0.0028613089917538075,0.0007823910699539201
T,1,23,23,26,3,03,missing,0.5342081785202026,-0.03314404402151702,0.0036906003952026367,0.005663557525724172,0.0036906003952026367,0.004634526649489999,0.0012672564460792166
T,1,24,24,27,3,03,missing,0.5017099380493164,-0.08616591508537529,0.03618884086608887,0.04735831353813409,0.03618884086608887,0.04408189312244455,0.012053671807225518
T,1,25,25,28,3,03,missing,0.507248044013977,-0.060316611862182595,0.030650734901428223,0.0215090103149414,0.030650734901428223,0.03423556995391846,0.009361311303296399
T,1,26,26,29,3,03,missing,0.46358245611190796,-0.08581946525573729,0.07431632280349731,0.047011863708496096,0.07431632280349731,0.08215163342158,0.022463391600281424
T,1,27,27,30,3,03,missing,0.5292235612869263,-0.042032919967919566,0.008675217628479004,0.003225318420678372,0.008675217628479004,0.009212770698592066,0.0025191230813885338
T,1,28,28,31,3,03,missing,0.5473915338516235,-0.022609165527299024,-0.009492754936218262,0.01619843601994217,0.0,0.0026997393366570283,0.0007382117605233182
T,1,29,29,32,3,03,missing,0.5531609058380127,-0.007430155731178799,-0.015262126922607422,0.031377445816062395,0.0,0.0052295743026770656,0.001429965182322777
T,1,30,30,33,3,03,missing,0.5372714400291443,-0.02843374881744383,0.0006273388862609863,0.010373852729797364,0.0006273388862609863,0.002356314341227214,0.0006443062611880086
T,2,0,1,1|2,3,03,missing,0.5361209511756897,-0.033316584213078,0.0017778277397155762,0.005491017334163191,0.0017778277397155762,0.002692997295409441,0.0007363682291603737
T,2,1,2,2|3,3,03,missing,0.5392366647720337,-0.0315382572174072,-0.001337885856628418,0.0072693443298339905,0.0,0.001211557388305665,0.0003312860247106812
T,2,2,3,3|4,3,03,missing,0.5262995362281799,-0.04790339146405456,0.011599242687225342,0.009095789916813368,0.011599242687225342,0.013115207673360904,0.0035861982728189025
T,2,3,4,4|5|6,3,03,missing,0.5080819725990295,-0.05703079948425291,0.029816806316375732,0.018223197937011715,0.029816806316375732,0.03285400597254435,0.008983538988348146
T,2,4,5,5|6|7,3,03,missing,0.5133269429206848,-0.051680009445548035,0.02457183599472046,0.012872407898306841,0.02457183599472046,0.02671723731110493,0.00730551224851662
T,2,5,6,7|8,3,03,missing,0.5096727609634399,-0.05609867631494997,0.028226017951965332,0.017291074767708775,0.028226017951965332,0.03110786374658346,0.008506077068507086
T,2,6,7,8|9,3,03,missing,0.5050446391105652,-0.04929883061200378,0.03285413980484009,0.010491229064762589,0.03285413980484009,0.03460267798230052,0.009461692647618971
T,2,7,8,9|10,3,03,missing,0.5041493773460388,-0.0672126913912594,0.033749401569366455,0.02840508984401821,0.033749401569366455,0.03848358321003616,0.010522880237728465
T,2,8,9,10|11,3,03,missing,0.5048590302467346,-0.0752746196746826,0.033039748668670654,0.03646701812744141,0.033039748668670654,0.03911758502324422,0.01069624052786775
T,2,9,10,11|12,3,03,missing,0.5202345252037048,-0.03762044581621883,0.01766425371170044,0.001187155731022363,0.01766425371170044,0.017862113000204165,0.004884183337816181
T,2,10,11,12|13,3,03,missing,0.5304806232452393,-0.017497939682006816,0.007418155670166016,0.021309661865234378,0.007418155670166016,0.010969765981038411,0.002999552641040742
T,2,11,12,13|14,3,03,missing,0.5372532606124878,-0.022633224822953324,0.0006455183029174805,0.01617437672428787,0.0006455183029174805,0.003341247756965459,0.0009136246435066138
T,2,12,13,14|15|16,3,03,missing,0.5119696855545044,-0.055290279953181726,0.02592909336090088,0.016482678405940532,0.02592909336090088,0.028676206428557633,0.007841169162267507
T,2,13,14,15|16|17,3,03,missing,0.49073824286460876,-0.07773554191589353,0.04716053605079651,0.03892794036865234,0.04716053605079651,0.05364852611223857,0.01466955434291547
T,2,14,15,17|18,3,03,missing,0.5162709355354309,-0.058812563522160036,0.021627843379974365,0.020004961974918842,0.021627843379974365,0.024962003709127507,0.006825564399532839
T,2,15,16,18|19,3,03,missing,0.45757046341896057,-0.12209813078343866,0.0803283154964447,0.08329052923619747,0.0803283154964447,0.09421007036914428,0.025760628428798144
T,2,16,17,19|20,3,03,missing,0.46545422077178955,-0.11424517399668692,0.07244455814361572,0.07543757244944573,0.07244455814361572,0.08501748688519001,0.023247025302264322
T,2,17,18,20|21,3,03,missing,0.5523205399513245,-0.021641466117836516,-0.01442176103591919,0.017166135429404678,0.0,0.002861022571567446,0.0007823127517447684
T,2,18,19,21|22,3,03,missing,0.5395960807800293,-0.019712769783008822,-0.0016973018646240234,0.01909483176423237,0.0,0.003182471960705395,0.0008702092816995847
T,2,19,20,22|23,3,03,missing,0.5279881954193115,-0.039320408920198655,0.00991058349609375,0.0005128073729574606,0.00991058349609375,0.00999605139158666,0.0027333019139551833
T,2,20,21,23|24,3,03,missing,0.5846012234687805,0.028273839858919403,-0.046702444553375244,0.0670814414061606,0.0,0.0111802402343601,0.0030571043338948486
T,2,21,22,24|25,3,03,missing,0.6042792201042175,0.053971916580200216,-0.06638044118881226,0.09277951812744141,0.0,0.015463253021240235,0.004228243475669089
T,2,22,23,25|26,3,03,missing,0.5493834614753723,-0.016999568557739236,-0.011484682559967041,0.021808032989501958,0.0,0.003634672164916993,0.0009938580741320432
T,2,23,24,26|27,3,03,missing,0.5037164092063904,-0.07319314823895691,0.03418236970901489,0.034385546691715715,0.03418236970901489,0.03991329415763418,0.01091381777059884
T,2,24,25,27|28,3,03,missing,0.48246103525161743,-0.09578413542211053,0.05543774366378784,0.05697653387486934,0.05543774366378784,0.06493383264293273,0.017755387811706904
T,2,25,26,28|29,3,03,missing,0.4630180895328522,-0.08949846989512442,0.0748806893825531,0.05069086834788322,0.0748806893825531,0.08332916744053363,0.022785374337431243
T,2,26,27,29|30,3,03,missing,0.4653119146823883,-0.08167576847821473,0.07258686423301697,0.042868166930973534,0.07258686423301697,0.07973155872151255,0.021801650823800794
T,2,27,28,30|31,3,03,missing,0.5393516421318054,-0.026395753952115755,-0.0014528632164001465,0.012411847595125439,0.0,0.0020686412658542396,0.000565645464368564
T,2,28,29,31|32,3,03,missing,0.5633493661880493,0.0060183016207069374,-0.025450587272644043,0.04482590316794813,0.0,0.007470983861324688,0.0020428520910240884
T,2,29,30,32|33,3,03,missing,0.5505777597427368,-0.003720899917557814,-0.012678980827331543,0.03508670162968338,0.0,0.00584778360494723,0.0015990071973070283
T,3,0,2,1|2|3,3,03,missing,0.5367389917373657,-0.03135746846012769,0.0011597871780395508,0.007450133087113502,0.0011597871780395508,0.0024014760258918013,0.0006566551892092323
T,3,1,3,2|3|4,3,03,missing,0.5268294811248779,-0.04386417875662444,0.011069297790527344,0.0050565772093832465,0.011069297790527344,0.011912060658757885,0.0032572119652303114
T,3,2,4,3|4|5|6,3,03,missing,0.50941002368927,-0.0544873882293701,0.028488755226135254,0.015679786682128903,0.028488755226135254,0.03110205300649007,0.008504488190419471
T,3,3,5,4|5|6|7,3,03,missing,0.5008845329284668,-0.06342094908133147,0.03701424598693848,0.02461334753409028,0.03701424598693848,0.04111647057595352,0.011242812118285561
T,3,4,6,5|6|7|8,3,03,missing,0.4978999197483063,-0.05913152037039397,0.039998859167099,0.02032391882315278,0.039998859167099,0.0433861789709578,0.011863437008770504
T,3,5,7,7|8|9,3,03,missing,0.501075029373169,-0.05379723081961272,0.03682374954223633,0.014989629272371525,0.03682374954223633,0.03932202108763158,0.010752141149441358
T,3,6,8,8|9|10,3,03,missing,0.4996160864830017,-0.06468578062430022,0.038282692432403564,0.025878179077059027,0.038282692432403564,0.04259572227858007,0.011647295984126194
T,3,7,9,9|10|11,3,03,missing,0.5018031597137451,-0.0700200668185949,0.036095619201660156,0.031212465271353712,0.036095619201660156,0.04129769674688578,0.011292366269266099
T,3,8,10,10|11|12,3,03,missing,0.5065689086914062,-0.06394062718227503,0.03132987022399902,0.025133025635033834,0.03132987022399902,0.035518707829837994,0.00971217016493362
T,3,9,11,11|12|13,3,03,missing,0.5226743817329407,-0.028629145004227738,0.0152243971824646,0.010178456543013456,0.0152243971824646,0.016920806606300177,0.004626794248136077
T,3,10,12,12|13|14,3,03,missing,0.5327269434928894,-0.013443605163507143,0.005171835422515869,0.02536399638373405,0.005171835422515869,0.00939916815313821,0.0025700912586526245
T,3,11,13,13|14|15|16,3,03,missing,0.5122227668762207,-0.04487192021161316,0.02567601203918457,0.006064318664371966,0.02567601203918457,0.0266867318165799,0.007297170882180549
T,3,12,14,14|15|16|17,3,03,missing,0.49418309330940247,-0.07133439311236142,0.04371568560600281,0.03252679156512023,0.04371568560600281,0.04913681753352284,0.013435881044297675
T,3,13,15,15|16|17|18,3,03,missing,0.49568358063697815,-0.07727910002171991,0.042215198278427124,0.03847149847447871,0.042215198278427124,0.048627114690840245,0.013296508836125024
T,3,14,16,17|18|19,3,03,missing,0.4605501592159271,-0.11704980717450378,0.07734861969947815,0.07824220562726258,0.07734861969947815,0.09038898730402191,0.02471579850084567
T,3,15,17,18|19|20,3,03,missing,0.47631871700286865,-0.10660119206309317,0.06158006191253662,0.06779359051585197,0.06158006191253662,0.07287899366517861,0.01992789803379968
T,3,16,18,19|20|21,3,03,missing,0.4817001521587372,-0.08840961894243954,0.05619862675666809,0.049602017395198345,0.05619862675666809,0.06446562965586781,0.01762736324775346
T,3,17,19,20|21|22,3,03,missing,0.5461756587028503,-0.018079487899690848,-0.008276879787445068,0.020728113647550346,0.0,0.003454685607925058,0.0009446428809082143
T,3,18,20,21|22|23,3,03,missing,0.5422170758247375,-0.018597793617192635,-0.004318296909332275,0.02020980793004856,0.0,0.00336830132167476,0.0009210221205005276
T,3,19,21,22|23|24,3,03,missing,0.5725039839744568,0.026035637283325218,-0.034605205059051514,0.06484323883056642,0.0,0.01080720647176107,0.0029551026677029353
T,3,20,22,23|24|25,3,03,missing,0.6008597612380981,0.04146520460546019,-0.06296098232269287,0.08027280615270138,0.0,0.01337880102545023,0.0036582747543762125
T,3,21,23,24|25|26,3,03,missing,0.5971741676330566,0.05090332929939034,-0.05927538871765137,0.08971093084663154,0.0,0.014951821807771923,0.004088398664966542
T,3,22,24,25|26|27,3,03,missing,0.5192989110946655,-0.05631314238011835,0.018599867820739746,0.017505540832877156,0.018599867820739746,0.021517457959552604,0.005883694142848931
T,3,23,25,26|27|28,3,03,missing,0.48881039023399353,-0.08124956852793691,0.04908838868141174,0.04244196698069572,0.04908838868141174,0.05616204984486103,0.015356847651044236
T,3,24,26,27|28|29,3,03,missing,0.44544556736946106,-0.11742925797998903,0.09245321154594421,0.07862165643274784,0.09245321154594421,0.10555682095140219,0.02886326304607924
T,3,25,27,28|29|30,3,03,missing,0.46503782272338867,-0.08404319914281366,0.0728609561920166,0.04523559759557247,0.0728609561920166,0.08040022245794534,0.021984489006497857
T,3,26,28,29|30|31,3,03,missing,0.47493383288383484,-0.06727593431100248,0.06296494603157043,0.02846833276376129,0.06296494603157043,0.06770966815886398,0.018514407171581898
T,3,27,29,30|31|32,3,03,missing,0.5569791793823242,0.0011720737457275605,-0.019080400466918945,0.03997967529296875,0.0,0.006663279215494792,0.001821994817699594
T,3,28,30,31|32|33,3,03,missing,0.5604074001312256,0.009579079055786154,-0.022508621215820312,0.04838668060302735,0.0,0.008064446767171225,0.0022051274968685423
T,4,0,3,1|2|3|4,3,03,missing,0.5245455503463745,-0.043607088668644406,0.013353228569030762,0.004799487121403212,0.013353228569030762,0.01415314308926463,0.003870009424614233
T,4,1,4,2|3|4|5|6,3,03,missing,0.5098172426223755,-0.05148478611782191,0.028081536293029785,0.012677184570580716,0.028081536293029785,0.030194400388126572,0.008256301327247934
T,4,2,5,3|4|5|6|7,3,03,missing,0.5022339820861816,-0.06024236973598598,0.03566479682922363,0.021434768188744784,0.03566479682922363,0.03923725819401443,0.010728963739654216
T,4,3,6,4|5|6|7|8,3,03,missing,0.4855313003063202,-0.07046550614982841,0.05236747860908508,0.03165790460258722,0.05236747860908508,0.05764379604284962,0.01576201360711033
T,4,4,7,5|6|7|8|9,3,03,missing,0.49175506830215454,-0.05645062742605803,0.04614371061325073,0.01764302587881684,0.04614371061325073,0.04908421492638687,0.013421497484116623
T,4,5,8,7|8|9|10,3,03,missing,0.49587345123291016,-0.0684637781217694,0.04202532768249512,0.02965617657452821,0.04202532768249512,0.046968023778249816,0.012842850067361003
T,4,6,9,8|9|10|11,3,03,missing,0.49758416414260864,-0.06709995707720516,0.04031461477279663,0.028292355529963967,0.04031461477279663,0.04503000736112396,0.012312922421464232
T,4,7,10,9|10|11|12,3,03,missing,0.504054844379425,-0.06066031608581541,0.033843934535980225,0.021852714538574215,0.033843934535980225,0.037486053625742595,0.010250117582239184
T,4,8,11,10|11|12|13,3,03,missing,0.5095160007476807,-0.053175814254581906,0.02838277816772461,0.014368212707340712,0.02838277816772461,0.03077748028561473,0.008415737622376884
T,4,9,12,11|12|13|14,3,03,missing,0.5254424810409546,-0.022919616199471034,0.012456297874450684,0.01588798534777016,0.012456297874450684,0.015104295432412377,0.004130090772552965
T,4,10,13,12|13|14|15|16,3,03,missing,0.5096049308776855,-0.03777648887634275,0.028293848037719727,0.0010311126708984417,0.028293848037719727,0.028465700149536134,0.007783608712364926
T,4,11,14,13|14|15|16|17,3,03,missing,0.4961472749710083,-0.06092978153973816,0.04175150394439697,0.022122179992496965,0.04175150394439697,0.04543853394314647,0.012424629178942841
T,4,12,15,14|15|16|17|18,3,03,missing,0.49978896975517273,-0.07039951762408017,0.038109809160232544,0.03159191607683898,0.038109809160232544,0.043375128506372373,0.01186041539005145
T,4,13,16,15|16|17|18|19,3,03,missing,0.44154760241508484,-0.13560433732569216,0.09635117650032043,0.09679673577845097,0.09635117650032043,0.11248396579672892,0.03075740879646148
T,4,14,17,17|18|19|20,3,03,missing,0.4797678291797638,-0.10159136735498904,0.05813094973564148,0.06278376580774785,0.05813094973564148,0.06859491070359945,0.018756466265423346
T,4,15,18,18|19|20|21,3,03,missing,0.49314698576927185,-0.0811065956264734,0.04475179314613342,0.04229899407923221,0.04475179314613342,0.05180162549267212,0.014164541233179477
T,4,16,19,19|20|21|22,3,03,missing,0.4840790629386902,-0.07670167692601679,0.05381971597671509,0.037894075378775594,0.05381971597671509,0.06013539520651102,0.016443311901412502
T,4,17,20,20|21|22|23,3,03,missing,0.5492902398109436,-0.016643491065967807,-0.01139146089553833,0.022164110481273386,0.0,0.0036940184135455644,0.0010100856032440944
T,4,18,21,21|22|23|24,3,03,missing,0.5854660272598267,0.04276990785226228,-0.04756724834442139,0.08157750939950348,0.0,0.013596251566583914,0.0037177340305431534
T,4,19,22,22|23|24|25,3,03,missing,0.5897119641304016,0.04012475813329222,-0.05181318521499634,0.07893235968053341,0.0,0.013155393280088903,0.003597186551238073
T,4,20,23,23|24|25|26,3,03,missing,0.5965761542320251,0.042727287185937185,-0.05867737531661987,0.08153488873317838,0.0,0.013589148122196396,0.0037157916777700957
T,4,21,24,24|25|26|27,3,03,missing,0.566916286945343,0.013299331558495782,-0.029017508029937744,0.052106933105736976,0.0,0.008684488850956162,0.002374670664260474
T,4,22,25,25|26|27|28,3,03,missing,0.5050001740455627,-0.06363266954049465,0.03289860486984253,0.024825067993253458,0.03289860486984253,0.03703611620205144,0.010127087520351926
T,4,23,26,26|27|28|29,3,03,missing,0.45531484484672546,-0.09935865934789179,0.08258393406867981,0.06055105780065059,0.08258393406867981,0.0926757770354549,0.025341094080558246
T,4,24,27,27|28|29|30,3,03,missing,0.4474382996559143,-0.11197398051470517,0.09046047925949097,0.07316637896746397,0.09046047925949097,0.1026548757540683,0.0280697604867845
T,4,25,28,28|29|30|31,3,03,missing,0.4747750759124756,-0.06988258512914179,0.06312370300292969,0.031074983581900598,0.06312370300292969,0.06830286693324646,0.018676610353804447
T,4,26,29,29|30|31|32,3,03,missing,0.49574732780456543,-0.043644208053499445,0.042151451110839844,0.004836606506258251,0.042151451110839844,0.04295755219521622,0.011746234091277208
T,4,27,30,30|31|32|33,3,03,missing,0.5547159910202026,0.006092542068660282,-0.016817212104797363,0.04490014361590147,0.0,0.007483357269316912,0.0020462354529559566
T,1,0,0,1,4,04,missing,0.5442725419998169,0.0037952250517904983,0.024461865425109863,0.05306930493190885,0.024461865425109863,0.03330674958042801,0.00314140060495287
T,1,1,1,2,4,04,missing,0.5400120615959167,0.02287355506941678,0.02872234582901001,0.07214763494953513,0.02872234582901001,0.04074695165393253,0.003843139909721689
T,1,2,2,3,4,04,missing,0.5552387833595276,-0.014522148765530417,0.01349562406539917,0.034751931114587936,0.01349562406539917,0.019287612584497158,0.001819154333710199
T,1,3,3,4,4,04,missing,0.5486311316490173,-0.004857873657159487,0.020103275775909424,0.044416206222958866,0.020103275775909424,0.027505976813069235,0.002594287743141729
T,1,4,4,5,4,04,missing,0.5130013823509216,0.1071883262485266,0.05573302507400513,0.15646240612864495,0.05573302507400513,0.08181009276211262,0.0077161019352416935
T,1,5,5,6,4,04,missing,0.5469450354576111,0.0050683034822344986,0.021789371967315674,0.05434238336235285,0.021789371967315674,0.030846435861041147,0.002909350611968943
T,1,6,6,7,4,04,missing,0.5539483428001404,-0.014520086624100783,0.014786064624786377,0.034753993256017565,0.014786064624786377,0.020578396834122638,0.0019408975381272362
T,1,7,7,8,4,04,missing,0.5311999320983887,0.06977130830436948,0.037534475326538086,0.11904538818448783,0.037534475326538086,0.057375373357286055,0.005411486705982524
T,1,8,8,9,4,04,missing,0.530455470085144,0.05982313862591984,0.038278937339782715,0.1090972185060382,0.038278937339782715,0.05646180709078908,0.005325321659606323
T,1,9,9,10,4,04,missing,0.5036606788635254,0.13825918806493284,0.06507372856140137,0.1875332679450512,0.06507372856140137,0.09632927321890991,0.009085510924259492
T,1,10,10,11,4,04,missing,0.5220279097557068,0.09835375825464727,0.04670649766921997,0.14762783813476563,0.04670649766921997,0.07131113735834757,0.006725869466680979
T,1,11,11,12,4,04,missing,0.5184667110443115,0.10372927888631824,0.050267696380615234,0.1530033587664366,0.050267696380615234,0.07576825617502134,0.007146252599932551
T,1,12,12,13,4,04,missing,0.5042125582695007,0.12021059455871586,0.06452184915542603,0.1694846744388342,0.06452184915542603,0.09276929489523172,0.00874974360380642
T,1,13,13,14,4,04,missing,0.5654869079589844,-0.05643962821960447,0.003247499465942383,0.0071655483394861205,0.003247499465942383,0.004441757522523403,0.00041893429842545664
T,1,14,14,15,4,04,missing,0.5184076428413391,0.07460242024213078,0.050326764583587646,0.12387650012224913,0.050326764583587646,0.07097284793729583,0.006693962943068553
T,1,15,15,16,4,04,missing,0.5352712273597717,0.010032768630981466,0.03346318006515503,0.05930684851109982,0.03346318006515503,0.043347654817005,0.004088431047184695
T,1,16,16,17,4,04,missing,0.526242733001709,0.060555228622257734,0.04249167442321777,0.10982930850237609,0.04249167442321777,0.06079655917361379,0.005734163500579844
T,1,17,17,18,4,04,missing,0.5537669658660889,-0.0325896497800946,0.01496744155883789,0.016684430100023753,0.01496744155883789,0.01774817990884185,0.0016739592966829424
T,1,18,18,19,4,04,missing,0.5837175846099854,-0.11302433927953241,-0.014983177185058594,0.06375025939941406,0.0,0.010625043233235676,0.00100212472429764
T,1,19,19,20,4,04,missing,0.5507290959358215,-0.015498956001270542,0.018005311489105225,0.03377512387884781,0.018005311489105225,0.023634498802246526,0.0022291406327672346
T,1,20,20,21,4,04,missing,0.44309523701667786,0.2244437068641186,0.1256391704082489,0.27371778674423697,0.1256391704082489,0.1712588015322884,0.016152657029408057
T,1,21,21,22,4,04,missing,0.5395457148551941,0.041210866836458464,0.029188692569732666,0.09048494671657681,0.029188692569732666,0.044269517022495465,0.004175378543607843
T,1,22,22,23,4,04,missing,0.5361404418945312,0.05879271067827942,0.03259396553039551,0.10806679055839777,0.03259396553039551,0.050605097290128465,0.004772932971349573
T,1,23,23,24,4,04,missing,0.5392401814460754,0.005894569778442403,0.02949422597885132,0.055168649658560755,0.02949422597885132,0.03868900092194478,0.0036490396821141154
T,1,24,24,25,4,04,missing,0.4740757346153259,0.20779192195236684,0.09465867280960083,0.2570660018324852,0.09465867280960083,0.13750300644834837,0.01296890369312733
T,1,25,25,26,4,04,missing,0.5202953815460205,0.09998428572118284,0.04843902587890625,0.14925836560130118,0.04843902587890625,0.07331542014578978,0.0069149078820257
T,2,0,1,1|2,4,04,missing,0.5166611075401306,0.07105378154069188,0.05207329988479614,0.12032786142081023,0.05207329988479614,0.07212794345493118,0.006802908361147125
T,2,1,2,2|3,4,04,missing,0.5262575745582581,0.055407224075496225,0.0424768328666687,0.10468130395561458,0.0424768328666687,0.05992371685927113,0.005651839424864099
T,2,2,3,3|4,4,04,missing,0.534682035446167,0.028818265335261842,0.034052371978759766,0.0780923452153802,0.034052371978759766,0.047067762847989796,0.004439301359245795
T,2,3,4,4|5,4,04,missing,0.4968068301677704,0.13764876399338247,0.07192757725715637,0.18692284387350083,0.07192757725715637,0.1030813845694065,0.00972235141300005
T,2,4,5,5|6,4,04,missing,0.497967004776001,0.1413937705844641,0.07076740264892578,0.19066785046458246,0.07076740264892578,0.10254537772635619,0.009671796728372204
T,2,5,6,6|7,4,04,missing,0.5353308320045471,0.032511021500080846,0.03340357542037964,0.0817851013801992,0.03340357542037964,0.04703442565041284,0.004436157086869927
T,2,6,7,7|8,4,04,missing,0.521672785282135,0.08734696614146235,0.04706162214279175,0.1366210460215807,0.04706162214279175,0.06983179647972186,0.006586342121935903
T,2,7,8,8|9,4,04,missing,0.5088804364204407,0.12364213215708736,0.059853971004486084,0.1729162120372057,0.059853971004486084,0.0886733396773537,0.008363424423418343
T,2,8,9,9|10,4,04,missing,0.493115097284317,0.15979432527124884,0.07561931014060974,0.2090684051513672,0.07561931014060974,0.11046404433250429,0.010418663486021572
T,2,9,10,10|11,4,04,missing,0.4753860533237457,0.2167887156546116,0.09334835410118103,0.26606279553472995,0.09334835410118103,0.13769215335696935,0.012986743506998452
T,2,10,11,11|12,4,04,missing,0.4828685522079468,0.21156442488133909,0.08586585521697998,0.2608385047614574,0.08586585521697998,0.12933893934388954,0.012198891438437264
T,2,11,12,12|13,4,04,missing,0.46826067566871643,0.2272153323531151,0.10047373175621033,0.2764894122332335,0.10047373175621033,0.14655530046174925,0.013822691055993236
T,2,12,13,13|14,4,04,missing,0.506584882736206,0.09787119618207218,0.0621495246887207,0.14714527606219052,0.0621495246887207,0.08667373736575246,0.008174827457624342
T,2,13,14,14|15,4,04,missing,0.5196639895439148,0.05498103083819153,0.04907041788101196,0.10425511071830988,0.04907041788101196,0.06644626966739695,0.006267028586082159
T,2,14,15,15|16,4,04,missing,0.4962831139564514,0.10001178205907348,0.07245129346847534,0.14928586193919183,0.07245129346847534,0.09733227045834064,0.009180110852934766
T,2,15,16,16|17,4,04,missing,0.5072152018547058,0.078230553971231,0.06151920557022095,0.12750463385134936,0.06151920557022095,0.08276997787877917,0.00780663564760231
T,2,16,17,17|18,4,04,missing,0.5183477401733398,0.05509376179575923,0.050386667251586914,0.10436784167587758,0.050386667251586914,0.06778130753089984,0.0063929456691020955
T,2,17,18,18|19,4,04,missing,0.5706526041030884,-0.10534736308306454,-0.001918196678161621,0.05607328320294619,0.0,0.009345547200491031,0.0008814461933112135
T,2,18,19,19|20,4,04,missing,0.5676769018173218,-0.09284752519279717,0.0010575056076049805,0.043573445312678816,0.0010575056076049805,0.00831974649305145,0.000784695504531742
T,2,19,20,20|21,4,04,missing,0.43721336126327515,0.21653577082753184,0.1315210461616516,0.2658098507076502,0.1315210461616516,0.17582268794625996,0.01658311018747339
T,2,20,21,21|22,4,04,missing,0.4212987720966339,0.2855955623328686,0.14743563532829285,0.33486964221298693,0.14743563532829285,0.20324724236379066,0.019169718395210925
T,2,21,22,22|23,4,04,missing,0.51274174451828,0.12713416706919672,0.05599266290664673,0.17640824694931506,0.05599266290664673,0.08539403739819924,0.008054129692070176
T,2,22,23,23|24,4,04,missing,0.5116705894470215,0.09633552302569154,0.05706381797790527,0.14560960290580988,0.05706381797790527,0.08133208512887359,0.007671017575850719
T,2,23,24,24|25,4,04,missing,0.43567144870758057,0.2715614207327366,0.1330629587173462,0.32083550061285493,0.1330629587173462,0.186535542152822,0.017593517000182652
T,2,24,25,25|26,4,04,missing,0.4152185618877411,0.3784231990516186,0.15351584553718567,0.4276972789317369,0.15351584553718567,0.2247987253591418,0.021202394731751766
T,3,0,2,1|2|3,4,04,missing,0.5032293796539307,0.10220049324035647,0.0655050277709961,0.15147457312047483,0.0655050277709961,0.0907507899577419,0.008559363794560279
T,3,1,3,2|3|4,4,04,missing,0.5065749287605286,0.09418668019175531,0.06215947866439819,0.14346076007187367,0.06215947866439819,0.08606960534304381,0.00811784739425834
T,3,2,4,3|4|5,4,04,missing,0.48215556144714355,0.16787823518514636,0.0865788459777832,0.21715231506526472,0.0865788459777832,0.12277089848866066,0.01157941197028479
T,3,3,5,4|5|6,4,04,missing,0.4818089008331299,0.17118879158198835,0.08692550659179688,0.2204628714621067,0.08692550659179688,0.12366931850214799,0.011664148463921184
T,3,4,6,5|6|7,4,04,missing,0.4924856126308441,0.15263428156971934,0.07624879479408264,0.2019083614498377,0.07624879479408264,0.1099001883690556,0.010365482149295611
T,3,5,7,6|7|8,4,04,missing,0.5080990791320801,0.11958368342518808,0.06063532829284668,0.16885776330530644,0.06063532829284668,0.08877828884373108,0.00837332293885141
T,3,6,8,7|8|9,4,04,missing,0.5032089948654175,0.13251795808374883,0.06552541255950928,0.18179203796386717,0.06552541255950928,0.09582408555348713,0.009037863019322337
T,3,7,9,8|9|10,4,04,missing,0.4758314788341522,0.20246864167749884,0.09290292859077454,0.2517427215576172,0.09290292859077454,0.1348600488503774,0.012719627234099648
T,3,8,10,9|10|11,4,04,missing,0.4665500819683075,0.2325826228797436,0.10218432545661926,0.28185670275986197,0.10218432545661926,0.14916044258326291,0.01406840086375305
T,3,9,11,10|11|12,4,04,missing,0.4516028165817261,0.2881252254188061,0.11713159084320068,0.3373993052989244,0.11713159084320068,0.17336480839302143,0.01635128977831578
T,3,10,12,11|12|13,4,04,missing,0.4381367862224579,0.3163474773705006,0.13059762120246887,0.36562155725061896,0.13059762120246887,0.19153454741090536,0.01806500936553594
T,3,11,13,12|13|14,4,04,missing,0.47494226694107056,0.194082245194912,0.0937921404838562,0.24335632507503036,0.0937921404838562,0.13435152799636127,0.01267166495202286
T,3,12,14,13|14|15,4,04,missing,0.4716097116470337,0.17586318244934085,0.09712469577789307,0.2251372623294592,0.09712469577789307,0.13464757283280293,0.012699587083122604
T,3,13,15,14|15|16,4,04,missing,0.4983355700969696,0.07927542152404787,0.07039883732795715,0.1285495014041662,0.07039883732795715,0.09182375422865152,0.008660562820349002
T,3,14,16,15|16|17,4,04,missing,0.47766393423080444,0.14093182405233384,0.09107047319412231,0.19020590393245218,0.09107047319412231,0.12277145718286434,0.011579464664778594
T,3,15,17,16|17|18,4,04,missing,0.4998233914375305,0.07151458015441897,0.06891101598739624,0.12078866003453732,0.06891101598739624,0.0890424593264858,0.00839823876896964
T,3,16,18,17|18|19,4,04,missing,0.5498620271682739,-0.058331377609074093,0.018872380256652832,0.009057297728955742,0.018872380256652832,0.020381929878145456,0.0019223673176123337
T,3,17,19,18|19|20,4,04,missing,0.5548884868621826,-0.08874507292211053,0.01384592056274414,0.03947099304199218,0.01384592056274414,0.020424419403076172,0.0019263748122193712
T,3,18,20,19|20|21,4,04,missing,0.4881955683231354,0.06576028001457455,0.08053883910179138,0.1150343598946929,0.08053883910179138,0.09971123241757353,0.00940448797264883
T,3,19,21,20|21|22,4,04,missing,0.41737499833106995,0.2664581111609936,0.1513594090938568,0.31573219104111194,0.1513594090938568,0.20398144093404214,0.01923896597601055
T,3,20,22,21|22|23,4,04,missing,0.40606069564819336,0.3246183704376221,0.1626737117767334,0.37389245031774043,0.1626737117767334,0.22498912016302347,0.021220352243656357
T,3,21,23,22|23|24,4,04,missing,0.49148085713386536,0.1553839019328356,0.0772535502910614,0.20465798181295397,0.0772535502910614,0.11136321392655374,0.010503470678025742
T,3,22,24,23|24|25,4,04,missing,0.4165060222148895,0.32186870979666715,0.15222838521003723,0.3711427896767855,0.15222838521003723,0.2140855168228348,0.020191954499639852
T,3,23,25,24|25|26,4,04,missing,0.38114097714424133,0.42417707844972613,0.18759343028068542,0.47345115832984447,0.18759343028068542,0.26650195666899285,0.025135728296737006
T,4,0,3,1|2|3|4,4,04,missing,0.48403123021125793,0.13929579194784167,0.08470317721366882,0.18856987182796003,0.08470317721366882,0.1161314891849955,0.010953201227243095
T,4,1,4,2|3|4|5,4,04,missing,0.4572453200817108,0.22071521418690684,0.11148908734321594,0.2699892940670252,0.11148908734321594,0.1564873030210535,0.014759450098566579
T,4,2,5,3|4|5|6,4,04,missing,0.46645545959472656,0.2008848499298096,0.1022789478302002,0.25015892980992793,0.1022789478302002,0.14397210279852152,0.013579050988913712
T,4,3,6,4|5|6|7,4,04,missing,0.47716671228408813,0.18112048762440683,0.09156769514083862,0.2303945675045252,0.09156769514083862,0.12996678972492615,0.012258108551834823
T,4,4,7,5|6|7|8,4,04,missing,0.4761580526828766,0.20493230281174185,0.09257635474205017,0.2542063826918602,0.09257635474205017,0.13494408519069354,0.012727553309553805
T,4,5,8,6|7|8|9,4,04,missing,0.4936867654323578,0.15575785481333734,0.07504764199256897,0.2050319346934557,0.07504764199256897,0.10921963110814492,0.010301293868599912
T,4,6,9,7|8|9|10,4,04,missing,0.47149568796157837,0.20713200984299185,0.09723871946334839,0.2564060897231102,0.09723871946334839,0.13997306775053342,0.013201873051191453
T,4,7,10,8|9|10|11,4,04,missing,0.4499374032020569,0.27351916536092763,0.11879700422286987,0.32279324524104597,0.11879700422286987,0.17259587842971086,0.016278766428474114
T,4,8,11,9|10|11|12,4,04,missing,0.4448895752429962,0.2989478001236916,0.12384483218193054,0.34822188000380994,0.12384483218193054,0.18188181218256552,0.017154590046096395
T,4,9,12,10|11|12|13,4,04,missing,0.41561999917030334,0.3701082957327366,0.1531144082546234,0.41938237561285496,0.1531144082546234,0.22301147085676593,0.02103382582467752
T,4,10,13,11|12|13|14,4,04,missing,0.4449303448200226,0.2824499705374241,0.12380406260490417,0.33172405041754244,0.12380406260490417,0.17909140434116125,0.016891406487464074
T,4,11,14,12|13|14|15,4,04,missing,0.44487833976745605,0.2594190486609936,0.1238560676574707,0.3086931285411119,0.1238560676574707,0.1753049224143227,0.016534275972915048
T,4,12,15,13|14|15|16,4,04,missing,0.4573787450790405,0.18303422200083735,0.11135566234588623,0.2323083018809557,0.11135566234588623,0.15007371265937886,0.014154537974270789
T,4,13,16,14|15|16|17,4,04,missing,0.4807296395301819,0.1184315761268139,0.08800476789474487,0.16770565600693227,0.08800476789474487,0.11595571056256691,0.010936622273193511
T,4,14,17,15|16|17|18,4,04,missing,0.4726926386356354,0.12928712495565417,0.09604176878929138,0.17856120483577254,0.09604176878929138,0.12580196959525347,0.011865294223217124
T,4,15,18,16|17|18|19,4,04,missing,0.5303794741630554,-0.03700453053265808,0.03835493326187134,0.012269549347460273,0.03835493326187134,0.04039985815311472,0.0038104030096284716
T,4,16,19,17|18|19|20,4,04,missing,0.5364806056022644,-0.05019933567792175,0.032253801822662354,0.0009252557978033996,0.032253801822662354,0.03240801112229626,0.003056634076497372
T,4,17,20,18|19|20|21,4,04,missing,0.4770655333995819,0.06390633808970454,0.09166887402534485,0.1131804179698229,0.09166887402534485,0.11053227702031533,0.010425099004631684
T,4,18,21,19|20|21|22,4,04,missing,0.4715149402618408,0.10663289485275748,0.09721946716308594,0.15590697473287585,0.09721946716308594,0.12320396295189857,0.011620257414044292
T,4,19,22,20|21|22|23,4,04,missing,0.403319776058197,0.30664674788117413,0.16541463136672974,0.35592082776129247,0.16541463136672974,0.22473476932694514,0.021196362575484226
T,4,20,23,21|22|23|24,4,04,missing,0.38547593355178833,0.3413801272749901,0.18325847387313843,0.39065420715510846,0.18325847387313843,0.24836750839898986,0.023425337235360374
T,4,21,24,22|23|24|25,4,04,missing,0.39644455909729004,0.37881913020610813,0.17228984832763672,0.42809321008622647,0.17228984832763672,0.24363871667534115,0.022979330664064827
T,4,22,25,23|24|25|26,4,04,missing,0.36876180768013,0.44661409016847614,0.19997259974479675,0.4958881700485945,0.19997259974479675,0.2826206280862292,0.026655996854281792
T,1,0,0,1,5,05,missing,0.5392706394195557,0.4494517444610596,0.04557633399963379,0.04603982520103456,0.04557633399963379,0.053249638199806215,0.04173964657045933
T,1,1,1,2,5,05,missing,0.5561273097991943,0.4545330891847611,0.028719663619995117,0.04095848047733308,0.028719663619995117,0.03554607703288396,0.027862737522304847
T,1,2,2,3,5,05,missing,0.5810160040855408,0.5103176272749901,0.0038309693336486816,0.014826057612895904,0.0038309693336486816,0.006301978935798,0.004939796444957727
T,1,3,3,4,5,05,missing,0.5537911057472229,0.4875726780533791,0.031055867671966553,0.007918891608715062,0.031055867671966553,0.03237568294008573,0.025377629014601374
T,1,4,4,5,5,05,missing,0.5959675312042236,0.5257595598936081,-0.01112055778503418,0.03026799023151394,0.0,0.005044665038585657,0.003954252890636244
T,1,5,5,6,5,05,missing,0.5939289331436157,0.5129572757124902,-0.00908195972442627,0.01746570605039599,0.0,0.0029109510083993317,0.002281744447137905
T,1,6,6,7,5,05,missing,0.5914799571037292,0.5088657991528511,-0.006632983684539795,0.01337422949075695,0.0,0.0022290382484594917,0.0017472281846052707
T,1,7,7,8,5,05,missing,0.5896304249763489,0.5901669925093651,-0.004783451557159424,0.09467542284727093,0.0,0.01577923714121182,0.01236853063591413
T,1,8,8,9|10,5,05,missing,0.5543597936630249,0.45908641829490665,0.03048717975616455,0.03640515136718753,0.03048717975616455,0.036554704984029136,0.028653348982309833
T,1,9,9,11,5,05,missing,0.613554060459137,0.5532119143843651,-0.02870708703994751,0.057720344722270944,0.0,0.009620057453711825,0.007540667160944311
T,1,10,10,12,5,05,missing,0.6210439801216125,0.562274750316143,-0.036197006702423096,0.06678318065404887,0.0,0.011130530109008144,0.008724648816365982
T,1,11,11,13,5,05,missing,0.6076697707176208,0.5365821077466011,-0.022822797298431396,0.04109053808450691,0.0,0.0068484230140844855,0.005368125790832632
T,1,12,12,14,5,05,missing,0.6046203374862671,0.5267714466094972,-0.019773364067077637,0.031279876947402974,0.0,0.005213312824567162,0.004086447196921392
T,1,13,13,15,5,05,missing,0.6046661734580994,0.5408055882096291,-0.019819200038909912,0.04531401854753492,0.0,0.007552336424589153,0.00591988722929398
T,2,0,1,1|2,5,05,missing,0.5100538730621338,0.4117487605750561,0.07479310035705566,0.08374280908703807,0.07479310035705566,0.08875023520489535,0.0695667346432966
T,2,1,2,2|3,5,05,missing,0.5476557612419128,0.46091218587160115,0.03719121217727661,0.03457938379049302,0.03719121217727661,0.042954442809025446,0.03366977358141478
T,2,2,3,3|4,5,05,missing,0.5495814085006714,0.4980212327480317,0.035265564918518066,0.0025296630859374947,0.035265564918518066,0.03568717543284098,0.02797333728495046
T,2,3,4,4|5,5,05,missing,0.5637973546981812,0.5053903050065041,0.0210496187210083,0.009898735344409881,0.0210496187210083,0.022699407945076615,0.017792895820832495
T,2,4,5,5|6,5,05,missing,0.591011643409729,0.5316547854781151,-0.006164669990539551,0.03616321581602089,0.0,0.006027202636003481,0.004724413467211908
T,2,5,6,6|7,5,05,missing,0.5962218046188354,0.5245277561783791,-0.011374831199645996,0.029036186516284923,0.0,0.0048393644193808205,0.0037933283177001313
T,2,6,7,7|8,5,05,missing,0.5901778936386108,0.5846677249312401,-0.005330920219421387,0.08917615526914591,0.0,0.01486269254485765,0.011650098571186474
T,2,7,8,8|9|10,5,05,missing,0.5611477494239807,0.5188524475932121,0.02369922399520874,0.023360877931117963,0.02369922399520874,0.027592703650395067,0.021628498093628445
T,2,8,9,9|10|11,5,05,missing,0.577774703502655,0.4950956653594971,0.007072269916534424,0.000395904302597061,0.007072269916534424,0.007138253966967267,0.0055953093351247835
T,2,9,10,11|12,5,05,missing,0.6283965110778809,0.5783765950441361,-0.043549537658691406,0.0828850253820419,0.0,0.013814170897006983,0.010828216498700924
T,2,10,11,12|13,5,05,missing,0.6285622119903564,0.5759128802061081,-0.04371523857116699,0.08042131054401391,0.0,0.013403551757335652,0.010506353320952426
T,2,11,12,13|14,5,05,missing,0.6192339062690735,0.5571274036407471,-0.03438693284988403,0.06163583397865291,0.0,0.010272638996442152,0.008052192194218022
T,2,12,13,14|15,5,05,missing,0.6149426102638245,0.5587552190661431,-0.03009563684463501,0.06326364940404894,0.0,0.01054394156734149,0.008264852294940294
T,3,0,2,1|2|3,5,05,missing,0.5027308464050293,0.4204815867483616,0.08211612701416016,0.07500998291373256,0.08211612701416016,0.09461779083311558,0.07416600905029742
T,3,1,3,2|3|4,5,05,missing,0.5140330195426941,0.4436444856762886,0.07081395387649536,0.051847083985805564,0.07081395387649536,0.0794551345407963,0.062280784359455076
T,3,2,4,3|4|5,5,05,missing,0.5519588589668274,0.5068860628247261,0.03288811445236206,0.011394493162631969,0.03288811445236206,0.034787196646134055,0.027267890304501406
T,3,3,5,4|5|6,5,05,missing,0.5596334934234619,0.5120333557963371,0.02521347999572754,0.016541786134242953,0.02521347999572754,0.027970444351434698,0.021924589558090807
T,3,4,6,5|6|7,5,05,missing,0.5879836678504944,0.5320507434844971,-0.0031366944313049316,0.036559173822402924,0.0,0.006093195637067154,0.0047761419790599315
T,3,5,7,6|7|8,5,05,missing,0.5916649699211121,0.5960182346940041,-0.006817996501922607,0.10052666503190988,0.0,0.01675444417198498,0.013132945159159599
T,3,6,8,7|8|9|10,5,05,missing,0.5612768530845642,0.5172687229752541,0.023570120334625244,0.02177715331315988,0.023570120334625244,0.027199645886818558,0.021320400373379175
T,3,7,9,8|9|10|11,5,05,missing,0.5807331800460815,0.5407175677061081,0.00411379337310791,0.04522599804401395,0.00411379337310791,0.011651459713776902,0.009132978681623473
T,3,8,10,9|10|11|12,5,05,missing,0.5900871157646179,0.5159928821563721,-0.005240142345428467,0.02050131249427789,0.0,0.0034168854157129815,0.0026783203500551833
T,3,9,11,11|12|13,5,05,missing,0.6371737718582153,0.5909588548183442,-0.05232679843902588,0.09546728515625003,0.0,0.01591121419270834,0.012471980643672042
T,3,10,12,12|13|14,5,05,missing,0.6350376009941101,0.5871754231691361,-0.050190627574920654,0.09168385350704189,0.0,0.015280642251173648,0.011977707802265165
T,3,11,13,13|14|15,5,05,missing,0.6252195239067078,0.5782885745406151,-0.04037255048751831,0.08279700487852093,0.0,0.013799500813086821,0.010816717376102401
T,4,0,3,1|2|3|4,5,05,missing,0.46954482793807983,0.4056995662391186,0.11530214548110962,0.08979200342297555,0.11530214548110962,0.13026747938493888,0.10210996230152287
T,4,1,4,2|3|4|5,5,05,missing,0.5057047009468079,0.4398170169234276,0.07914227247238159,0.05567455273866656,0.07914227247238159,0.08842136459549269,0.06930894992460289
T,4,2,5,3|4|5|6,5,05,missing,0.5471275448799133,0.5122533802032471,0.03771942853927612,0.01676181054115289,0.03771942853927612,0.04051306362946827,0.03175610228628163
T,4,3,6,4|5|6|7,5,05,missing,0.5575436949729919,0.5124733509063721,0.02730327844619751,0.01698178124427796,0.02730327844619751,0.030133575320243838,0.023620156423445348
T,4,4,7,5|6|7|8,5,05,missing,0.5790172219276428,0.5709855042338372,0.005829751491546631,0.07549393457174303,0.005829751491546631,0.01841207392017047,0.01443227567431404
T,4,5,8,6|7|8|9|10,5,05,missing,0.5617908835411072,0.5305549319624902,0.023056089878082275,0.03506336230039597,0.023056089878082275,0.028899983594814938,0.022653207456798045
T,4,6,9,7|8|9|10|11,5,05,missing,0.5816696882247925,0.5399256516933442,0.0031772851943969727,0.04443408203124999,0.0031772851943969727,0.010582965532938637,0.008295441170036326
T,4,7,10,8|9|10|11|12,5,05,missing,0.5889099836349487,0.5511881409525872,-0.004063010215759277,0.05569657129049299,0.0,0.009282761881748832,0.00727627854837403
T,4,8,11,9|10|11|12|13,5,05,missing,0.6082147359848022,0.5433572161436081,-0.023367762565612793,0.047865646481513924,0.0,0.007977607746918988,0.006253235497764728
T,4,9,12,11|12|13|14,5,05,missing,0.6456483602523804,0.6045530550122261,-0.06080138683319092,0.10906148535013194,0.0,0.01817691422502199,0.014247946110866412
T,4,10,13,12|13|14|15,5,05,missing,0.6361676454544067,0.5987458499312401,-0.051320672035217285,0.10325428026914596,0.0,0.017209046711524328,0.013489284656889271
T,1,0,0,1,6,06,missing,0.588647723197937,0.44657010676860814,0.01174396276473999,0.009238769531249968,0.01174396276473999,0.013283757686614986,0.0013660428187533664
T,1,1,1,2,6,06,missing,0.5904650688171387,0.4543350833296776,0.00992661714553833,0.0014737929701805208,0.00992661714553833,0.010172249307235084,0.0010460690750719612
T,1,2,2,3,6,06,missing,0.5899965167045593,0.4486598284482956,0.010395169258117676,0.007149047851562507,0.010395169258117676,0.011586677233378093,0.0011915225797755867
T,1,3,3,4,6,06,missing,0.5864148139953613,0.4486598284482956,0.013976871967315674,0.007149047851562507,0.013976871967315674,0.015168379942576091,0.0015598490262704258
T,1,4,4,5,6,06,missing,0.585938572883606,0.42822454475760463,0.014453113079071045,0.027584331542253482,0.014453113079071045,0.019050501669446624,0.001959069234258823
T,1,5,5,6,6,06,missing,0.5690468549728394,0.42688272883892064,0.031344830989837646,0.028926147460937468,0.031344830989837646,0.036165855566660556,0.0037191364406389924
T,1,6,6,7,6,06,missing,0.5865775346755981,0.44195072200298313,0.013814151287078857,0.01385815429687498,0.013814151287078857,0.016123843669891353,0.0016581046851035805
T,1,7,7,8,6,06,missing,0.5783786773681641,0.4496057132124901,0.02201300859451294,0.006203163087368013,0.02201300859451294,0.023046869109074275,0.0023700379654563184
T,1,8,8,9,6,06,missing,0.5546677112579346,0.3986385120391846,0.04572397470474243,0.05717036426067351,0.04572397470474243,0.055252368748188015,0.00568190893933782
T,1,9,9,10,6,06,missing,0.5482497215270996,0.3795670359671116,0.05214196443557739,0.0762418403327465,0.05214196443557739,0.06484893782436847,0.006668777608614751
T,1,10,10,11,6,06,missing,0.5654037594795227,0.43156811555624014,0.0349879264831543,0.024240760743617973,0.0349879264831543,0.039028053273757295,0.004013472178754084
T,1,11,11,12,6,06,missing,0.5830830335617065,0.4395310442686081,0.01730865240097046,0.016277832031249995,0.01730865240097046,0.02002162440617879,0.0020589351962808345
T,1,12,12,13,6,06,missing,0.5917959213256836,0.46344184895753865,0.008595764636993408,0.007632972657680537,0.008595764636993408,0.009867926746606831,0.001014773890506095
T,1,13,13,14,6,06,missing,0.5755603313446045,0.4383872073531151,0.02483135461807251,0.01742166894674302,0.02483135461807251,0.027734966109196346,0.0028521411016110007
T,1,14,14,15,6,06,missing,0.5810703635215759,0.4348236658513546,0.019321322441101074,0.02098521044850349,0.019321322441101074,0.022818857515851654,0.0023465902628662504
T,1,15,15,16,6,06,missing,0.5633497834205627,0.4216254505157471,0.03704190254211426,0.03418342578411099,0.03704190254211426,0.04273914017279942,0.004395103922407038
T,1,16,16,17,6,06,missing,0.562767744064331,0.4176439593076706,0.03762394189834595,0.03816491699218749,0.03762394189834595,0.04398476139704386,0.004523198093379491
T,1,17,17,18,6,06,missing,0.585726261138916,0.4340097849905491,0.014665424823760986,0.021799091309309016,0.014665424823760986,0.01829860670864582,0.0018817476859522226
T,1,18,18,19,6,06,missing,0.4709613025188446,0.3177552683889866,0.1294303834438324,0.1380536079108715,0.1294303834438324,0.15243931809564432,0.015676184457206786
T,1,19,19,20,6,06,missing,0.5642030239105225,0.41812788411378865,0.03618866205215454,0.03768099218606946,0.03618866205215454,0.042468827416499454,0.004367306155519655
T,1,20,20,21,6,06,missing,0.5457488298416138,0.38126079964041715,0.05464285612106323,0.07454807665944096,0.05464285612106323,0.0670675355643034,0.00689692837602858
T,1,21,21,22,6,06,missing,0.5874491930007935,0.44784594758749013,0.012942492961883545,0.007962928712367978,0.012942492961883545,0.014269647747278208,0.0014674273869773374
T,1,22,22,23,6,06,missing,0.5755398869514465,0.43282193782329564,0.02485179901123047,0.02298693847656247,0.02485179901123047,0.02868295542399088,0.002949628124957931
T,1,23,23,24,6,06,missing,0.5307384133338928,0.4016961101830006,0.06965327262878418,0.0541127661168575,0.06965327262878418,0.07867206698159376,0.008090287001017686
T,1,24,24,25,6,06,missing,0.5916863083839417,0.4573486712217331,0.008705377578735352,0.001539794921875004,0.008705377578735352,0.008962010065714518,0.0009216134305280585
T,1,25,25,26,6,06,missing,0.6080862283706665,0.4735825198531151,-0.007694542407989502,0.017773643553257,0.0,0.0029622739255428334,0.0003046271332731077
T,1,26,26,27,6,06,missing,0.5628421902656555,0.4239791262984276,0.037549495697021484,0.03182975000143051,0.037549495697021484,0.042854454030593236,0.004406962288921862
T,1,27,27,28,6,06,missing,0.5454014539718628,0.3918854221940041,0.05499023199081421,0.06392345410585404,0.05499023199081421,0.06564414100845654,0.006750552782831297
T,1,28,28,29,6,06,missing,0.560555100440979,0.37851116585135464,0.039836585521698,0.07729771044850348,0.039836585521698,0.05271953726311524,0.005421443765030823
T,1,29,29,30,6,06,missing,0.5979008078575134,0.4577446292281151,0.0024908781051635742,0.001935752928256984,0.0024908781051635742,0.0028135035932064048,0.00028932825106476196
T,1,30,30,31,6,06,missing,0.5838618278503418,0.44008097102642063,0.016529858112335205,0.01572790527343748,0.016529858112335205,0.01915117565790812,0.0019694221014382404
T,1,31,31,32,6,06,missing,0.5776334404945374,0.4407629016876221,0.02275824546813965,0.015045974612236002,0.02275824546813965,0.025265907903512314,0.0025982340889622157
T,1,32,32,33,6,06,missing,0.5942201614379883,0.4583605579376221,0.006171524524688721,0.0025516816377639806,0.006171524524688721,0.006596804797649384,0.0006783861941133497
T,1,33,33,34,6,06,missing,0.56797856092453,0.4098790095984936,0.03241312503814697,0.04592986670136451,0.03241312503814697,0.040068102821707724,0.004120426268827328
T,1,34,34,35,6,06,missing,0.5549831986427307,0.3847803577423096,0.04540848731994629,0.07102851855754849,0.04540848731994629,0.05724657374620437,0.005886984150805073
T,2,0,1,1|2,6,06,missing,0.5790271759033203,0.4455142903566361,0.02136451005935669,0.010294585943222023,0.02136451005935669,0.023080274383227028,0.002373473215928467
T,2,1,2,2|3,6,06,missing,0.5802244544029236,0.4470980686783791,0.020167231559753418,0.008710807621479022,0.020167231559753418,0.021619032829999923,0.002223205605110691
T,2,2,3,3|4,6,06,missing,0.5755216479301453,0.4410708391904831,0.02487003803253174,0.01473803710937499,0.02487003803253174,0.027326377550760905,0.002810123663530364
T,2,3,4,4|5,6,06,missing,0.57235187292099,0.42153743001222616,0.02803981304168701,0.03427144628763196,0.02803981304168701,0.03375172075629234,0.0034708775067584857
T,2,4,5,5|6,6,06,missing,0.5537826418876648,0.3995623782515526,0.04660904407501221,0.056246498048305504,0.04660904407501221,0.05598346041639646,0.005757091169153174
T,2,5,6,6|7,6,06,missing,0.5544213056564331,0.4126066516876221,0.045970380306243896,0.043202224612235995,0.045970380306243896,0.053170751074949896,0.005467844595422372
T,2,6,7,7|8,6,06,missing,0.5667939186096191,0.43847517415285114,0.03359776735305786,0.01733370214700697,0.03359776735305786,0.036486717710892354,0.0037521324827438033
T,2,7,8,8|9,6,06,missing,0.5472702980041504,0.40508363752961163,0.05312138795852661,0.050725238770246484,0.05312138795852661,0.06157559442023436,0.006332161467608452
T,2,8,9,9|10,6,06,missing,0.5266454815864563,0.35286258723735814,0.0737462043762207,0.10294628906249997,0.0737462043762207,0.0909039192199707,0.009348156521411279
T,2,9,10,10|11,6,06,missing,0.5250376462936401,0.37309989192485815,0.07535403966903687,0.08270898437499996,0.07535403966903687,0.08913887039820352,0.009166646716384223
T,2,10,11,11|12,6,06,missing,0.5519652366638184,0.4201736223936081,0.04842644929885864,0.03563525390625,0.04842644929885864,0.05436565828323364,0.005590723561559896
T,2,11,12,12|13,6,06,missing,0.5776804685592651,0.45063956477642064,0.022711217403411865,0.00516931152343747,0.022711217403411865,0.023572769323984777,0.0024241192148217157
T,2,12,13,13|14,6,06,missing,0.5674572587013245,0.4481319202423096,0.03293442726135254,0.007676956057548534,0.03293442726135254,0.03421391993761063,0.003518408023903475
T,2,13,14,14|15,6,06,missing,0.5569953322410583,0.4187218211233616,0.04339635372161865,0.03708705517649652,0.04339635372161865,0.04957752958436807,0.005098333608456276
T,2,14,15,15|16,6,06,missing,0.548294723033905,0.4052376062810421,0.05209696292877197,0.050571270018816006,0.05209696292877197,0.060525507931907974,0.006224175223031468
T,2,15,16,16|17,6,06,missing,0.5350555777549744,0.3937331546187401,0.06533610820770264,0.06207572168111802,0.06533610820770264,0.07568206182122231,0.00778280811035134
T,2,16,17,17|18,6,06,missing,0.5493593811988831,0.3994523928999901,0.051032304763793945,0.056356483399867985,0.051032304763793945,0.060425051997105274,0.0062138447795247595
T,2,17,18,18|19,6,06,missing,0.4597226679325104,0.3016534236609936,0.14066901803016663,0.1541554526388645,0.14066901803016663,0.16636159346997736,0.017107889607548235
T,2,18,19,19|20,6,06,missing,0.45293694734573364,0.3012354739546776,0.14745473861694336,0.15457340234518052,0.14745473861694336,0.1732169723411401,0.017812866414391195
T,2,19,20,20|21,6,06,missing,0.5080269575119019,0.34723134260773664,0.09236472845077515,0.10857753369212148,0.09236472845077515,0.11046098406612873,0.011359318469653344
T,2,20,21,21|22,6,06,missing,0.5331332087516785,0.3766854251265526,0.06725847721099854,0.07912345117330549,0.06725847721099854,0.08044571907321611,0.008272681528220555
T,2,21,22,22|23,6,06,missing,0.5638372302055359,0.42598085432648664,0.03655445575714111,0.029828021973371477,0.03655445575714111,0.041525792752703024,0.004270328646541706
T,2,22,23,23|24,6,06,missing,0.5111473798751831,0.3846703723907471,0.0892443060874939,0.07113850390911103,0.0892443060874939,0.10110072340567906,0.010396750711454104
T,2,23,24,24|25,6,06,missing,0.5216506719589233,0.4035438426077366,0.07874101400375366,0.05226503369212149,0.07874101400375366,0.08745185295244058,0.008993161312535114
T,2,24,25,25|26,6,06,missing,0.5994998812675476,0.4755622561812401,0.0008918046951293945,0.019753379881381983,0.0008918046951293945,0.004184034675359724,0.00043026759871187366
T,2,25,26,26|27,6,06,missing,0.5735434293746948,0.4469660647749901,0.026848256587982178,0.008842811524867988,0.026848256587982178,0.028322058508793508,0.0029125150842847806
T,2,26,27,27|28,6,06,missing,0.5134928226470947,0.3701742976844311,0.08689886331558228,0.085634578615427,0.08689886331558228,0.1011712930848201,0.01040400778476774
T,2,27,28,28|29,6,06,missing,0.5309838652610779,0.3576579593062401,0.06940782070159912,0.098150916993618,0.06940782070159912,0.08576630686720212,0.008819827216887018
T,2,28,29,29|30,6,06,missing,0.5613802075386047,0.3903016170203686,0.039011478424072266,0.06550725927948953,0.039011478424072266,0.04992935497065385,0.005134513773265748
T,2,29,30,30|31,6,06,missing,0.5816627144813538,0.4432705462217331,0.018728971481323242,0.012538330078124993,0.018728971481323242,0.020818693161010742,0.002140902217531757
T,2,30,31,31|32,6,06,missing,0.5620474815368652,0.4277406468033791,0.03834420442581177,0.028068229496479025,0.03834420442581177,0.04302224267522494,0.004424216930151764
T,2,31,32,32|33,6,06,missing,0.5735560059547424,0.4454922718048096,0.02683568000793457,0.01031660449504851,0.02683568000793457,0.028555114090442656,0.0029364814883093737
T,2,32,33,33|34,6,06,missing,0.5646950602531433,0.41623614143729215,0.03569662570953369,0.03957273486256596,0.03569662570953369,0.042292081519961354,0.004349130390167259
T,2,33,34,34|35,6,06,missing,0.5357553958892822,0.3591537708282471,0.06463629007339478,0.09665510547161099,0.06463629007339478,0.08074547431866327,0.008303507030317701
T,3,0,2,1|2|3,6,06,missing,0.5688148736953735,0.4391571048140526,0.03157681226730347,0.01665177148580549,0.03157681226730347,0.03435210751493772,0.003532618622448102
T,3,1,3,2|3|4,6,06,missing,0.5653480291366577,0.4395750813722611,0.03504365682601929,0.016233794927597023,0.03504365682601929,0.03774928931395213,0.003881969755615741
T,3,2,4,3|4|5,6,06,missing,0.5625124573707581,0.4160601809859276,0.037879228591918945,0.03974869531393049,0.037879228591918945,0.04450401114424069,0.004576595438094116
T,3,3,5,4|5|6,6,06,missing,0.5393363833427429,0.3932932132124901,0.06105530261993408,0.062515663087368,0.06105530261993408,0.07147457980116208,0.00735012929053753
T,3,4,6,5|6|7,6,06,missing,0.5392834544181824,0.3864741214156151,0.06110823154449463,0.06933475488424301,0.06110823154449463,0.07266402402520179,0.007472446467566011
T,3,5,7,6|7|8,6,06,missing,0.5355088114738464,0.4105388948559761,0.06488287448883057,0.045269981443882,0.06488287448883057,0.07242787139614423,0.007448161576899957
T,3,6,8,7|8|9,6,06,missing,0.5363149046897888,0.3958668596982956,0.06407678127288818,0.05994201660156251,0.06407678127288818,0.0740671173731486,0.007616734374438525
T,3,7,9,8|9|10,6,06,missing,0.5246070027351379,0.3660608562767506,0.07578468322753906,0.0897480200231075,0.07578468322753906,0.09074268656472365,0.009331576069099153
T,3,8,10,9|10|11,6,06,missing,0.5052552223205566,0.3482432293236256,0.09513646364212036,0.1075656469762325,0.09513646364212036,0.11306407147149244,0.011627008451703186
T,3,9,11,10|11|12,6,06,missing,0.5182276964187622,0.3709222034454346,0.0821639895439148,0.08488667285442353,0.0821639895439148,0.09631176835298538,0.009904275779781974
T,3,10,12,11|12|13,6,06,missing,0.5502228140830994,0.4333718645811081,0.05016887187957764,0.02243701171875001,0.05016887187957764,0.05390837383270264,0.005543698453566178
T,3,11,13,12|13|14,6,06,missing,0.5545162558555603,0.4370233997344971,0.0458754301071167,0.018785476565361003,0.0458754301071167,0.0490063428680102,0.0050395952958149515
T,3,12,14,13|14|15,6,06,missing,0.5500168800354004,0.4280705760061741,0.05037480592727661,0.027738300293684015,0.05037480592727661,0.05499785597622395,0.005655735972875713
T,3,13,15,14|15|16,6,06,missing,0.5250408053398132,0.39221535139679914,0.07535088062286377,0.06359352490305897,0.07535088062286377,0.08594980144004026,0.008838696986226332
T,3,14,16,15|16|17,6,06,missing,0.5202081203460693,0.3789071238577366,0.08018356561660767,0.0769017524421215,0.08018356561660767,0.09300052435696125,0.009563762109733118
T,3,15,17,16|17|18,6,06,missing,0.5233145952224731,0.3788191570580006,0.07707709074020386,0.07698971924185749,0.07707709074020386,0.08990871061384677,0.009245813675235533
T,3,16,18,17|18|19,6,06,missing,0.44424107670783997,0.2925906414330006,0.15615060925483704,0.1632182348668575,0.15615060925483704,0.18335364839931328,0.018855277294051346
T,3,17,19,18|19|20,6,06,missing,0.44381266832351685,0.2890491184830666,0.15657901763916016,0.16675975781679153,0.15657901763916016,0.1843723106086254,0.01896003200492419
T,3,18,20,19|20|21,6,06,missing,0.3961178660392761,0.2302289470970631,0.20427381992340088,0.22557992920279502,0.20427381992340088,0.2418704747905334,0.024872888602070726
T,3,19,21,20|21|22,6,06,missing,0.49755552411079407,0.3444597171187401,0.10283616185188293,0.11134915918111798,0.10283616185188293,0.12139435504873593,0.012483657927501652
T,3,20,22,21|22|23,6,06,missing,0.5100104212760925,0.3566900828421116,0.09038126468658447,0.09911879345774649,0.09038126468658447,0.10690106359620889,0.01099323201219205
T,3,21,23,22|23|24,6,06,missing,0.5013533234596252,0.3788191570580006,0.09903836250305176,0.07698971924185749,0.09903836250305176,0.11186998237669467,0.011504213616733875
T,3,22,24,23|24|25,6,06,missing,0.5020615458488464,0.3870680315732956,0.09833014011383057,0.0687408447265625,0.09833014011383057,0.10978694756825765,0.011290003540909782
T,3,23,25,24|25|26,6,06,missing,0.5318695902824402,0.4209655384063721,0.06852209568023682,0.03484333789348604,0.06852209568023682,0.07432931866248449,0.007643697993981667
T,3,24,26,25|26|27,6,06,missing,0.5646719336509705,0.4501336214184761,0.03571975231170654,0.005675254881381986,0.03571975231170654,0.03666562812527021,0.0037705308375261494
T,3,25,27,26|27|28,6,06,missing,0.5262768864631653,0.3971867107689381,0.07411479949951172,0.058622165530920034,0.07411479949951172,0.08388516042133172,0.00862637844628847
T,3,26,28,27|28|29,6,06,missing,0.5033032894134521,0.3455595706343651,0.09708839654922485,0.11024930566549301,0.09708839654922485,0.11546328082680703,0.011873732517877308
T,3,27,29,28|29|30,6,06,missing,0.5341604948043823,0.37323186897635463,0.06623119115829468,0.08257700732350348,0.06623119115829468,0.07999402571221192,0.008226231383115899
T,3,28,30,29|30|31,6,06,missing,0.5463479161262512,0.3807988665342331,0.05404376983642578,0.075010009765625,0.05404376983642578,0.06654543813069662,0.006843238187853381
T,3,29,31,30|31|32,6,06,missing,0.5624060034751892,0.4332178958296776,0.03798568248748779,0.02259098047018049,0.03798568248748779,0.04175084589918454,0.004293472115569201
T,3,30,32,31|32|33,6,06,missing,0.5577657222747803,0.43192006331086163,0.04262596368789673,0.023888812988996477,0.04262596368789673,0.04660743251939614,0.004792901978165883
T,3,31,33,32|33|34,6,06,missing,0.5529707074165344,0.4145643694639206,0.04742097854614258,0.0412445068359375,0.04742097854614258,0.05429506301879883,0.005583463857167943
T,3,32,34,33|34|35,6,06,missing,0.5343095064163208,0.3673366702437401,0.0660821795463562,0.088472206056118,0.0660821795463562,0.08082754722237587,0.008311947044308907
T,4,0,3,1|2|3|4,6,06,missing,0.5535405278205872,0.4316561092078686,0.046851158142089844,0.02415276709198949,0.046851158142089844,0.050876619324088095,0.005231926244796584
T,4,1,4,2|3|4|5,6,06,missing,0.553655743598938,0.41744598030447966,0.046735942363739014,0.038362895995378454,0.046735942363739014,0.05312975836296876,0.005463629086441846
T,4,2,5,3|4|5|6,6,06,missing,0.5294841527938843,0.38851983284354213,0.07090753316879272,0.06728904345631598,0.07090753316879272,0.08212237374484539,0.008445101270265104
T,4,3,6,4|5|6|7,6,06,missing,0.5245414972305298,0.3801829646766186,0.07585018873214722,0.0756259116232395,0.07585018873214722,0.08845450733602046,0.009096269849493823
T,4,4,7,5|6|7|8,6,06,missing,0.5264433026313782,0.38658410676717764,0.07394838333129883,0.06922476953268047,0.07394838333129883,0.08548584492007891,0.008790985752156952
T,4,5,8,6|7|8|9,6,06,missing,0.5049473643302917,0.36975634797811513,0.09544432163238525,0.08605252832174298,0.09544432163238525,0.10978640968600908,0.011289948227481134
T,4,6,9,7|8|9|10,6,06,missing,0.5139336585998535,0.3582738611638546,0.08645802736282349,0.09753501513600349,0.08645802736282349,0.10271386321882407,0.010562638866701946
T,4,7,10,8|9|10|11,6,06,missing,0.5046529769897461,0.3617933924138546,0.09573870897293091,0.0940154838860035,0.09573870897293091,0.11140795628726483,0.011456700899592227
T,4,8,11,9|10|11|12,6,06,missing,0.4997818171977997,0.3477152674138546,0.10060986876487732,0.1080936088860035,0.10060986876487732,0.1186254702458779,0.012198918075260084
T,4,9,12,10|11|12|13,6,06,missing,0.5225645899772644,0.3927432864546776,0.0778270959854126,0.06306558984518051,0.0778270959854126,0.08833802762627602,0.0090842915919269
T,4,10,13,11|12|13|14,6,06,missing,0.5251532793045044,0.4212954944610596,0.07523840665817261,0.034513381838798485,0.07523840665817261,0.08099063696463903,0.008328718471226414
T,4,11,14,12|13|14|15,6,06,missing,0.5363770723342896,0.4177099612593651,0.06401461362838745,0.03809891504049301,0.06401461362838745,0.07036443280180295,0.007235966688959574
T,4,12,15,13|14|15|16,6,06,missing,0.5228182673454285,0.4056115725874901,0.07757341861724854,0.050197303712368024,0.07757341861724854,0.08593963590264321,0.008837651607374382
T,4,13,16,14|15|16|17,6,06,missing,0.4974272847175598,0.36812855940461164,0.10296440124511719,0.08768031689524647,0.10296440124511719,0.11757778739432494,0.012091179010045349
T,4,14,17,15|16|17|18,6,06,missing,0.5087414383888245,0.3655769046187401,0.09165024757385254,0.09023197168111802,0.09165024757385254,0.10668890952070555,0.010971415026505641
T,4,15,18,16|17|18|19,6,06,missing,0.43144720792770386,0.2855295872330666,0.16894447803497314,0.17027928906679152,0.16894447803497314,0.19732435954610505,0.02029196336475426
T,4,16,19,17|18|19|20,6,06,missing,0.42965245246887207,0.28194405403137207,0.17073923349380493,0.17386482226848604,0.17073923349380493,0.19971670387188595,0.020537981461690138
T,4,17,20,18|19|20|21,6,06,missing,0.38868844509124756,0.2206822132110596,0.21170324087142944,0.2351266630887985,0.21170324087142944,0.2508910180528959,0.02580052132735152
T,4,18,21,19|20|21|22,6,06,missing,0.39045754075050354,0.23251662092804912,0.20993414521217346,0.223292255371809,0.20993414521217346,0.24714952110747496,0.025415762349187538
T,4,19,22,20|21|22|23,6,06,missing,0.47818416357040405,0.3286658098936081,0.12220752239227295,0.12714306640625,0.12220752239227295,0.14339803345998128,0.014746418780940532
T,4,20,23,21|22|23|24,6,06,missing,0.4481273591518402,0.3176892932891846,0.1522643268108368,0.1381195830106735,0.1522643268108368,0.1752842573126157,0.018025456846723947
T,4,21,24,22|23|24|25,6,06,missing,0.49261674284935,0.3822506946563721,0.10777494311332703,0.07355818164348599,0.10777494311332703,0.12003464005390803,0.012343830858380428
T,4,22,25,23|24|25|26,6,06,missing,0.5119010806083679,0.4049296687781811,0.08849060535430908,0.05087920752167702,0.08849060535430908,0.09697047327458859,0.00997201407711182
T,4,23,26,24|25|26|27,6,06,missing,0.49837374687194824,0.4009041941702366,0.10201793909072876,0.05490468212962152,0.10201793909072876,0.11116871944566568,0.011432098842165582
T,4,24,27,25|26|27|28,6,06,missing,0.5194424390792847,0.40508363752961163,0.08094924688339233,0.050725238770246484,0.08094924688339233,0.08940345334510008,0.0091938552550447
T,4,25,28,26|27|28|29,6,06,missing,0.5162945985794067,0.3754755862593651,0.08409708738327026,0.080333290040493,0.08409708738327026,0.09748596905668576,0.01002502538067851
T,4,26,29,27|28|29|30,6,06,missing,0.5074640512466431,0.3623653108716011,0.09292763471603394,0.09344356542825699,0.09292763471603394,0.1085015622874101,0.011157820210435277
T,4,27,30,28|29|30|31,6,06,missing,0.5198115706443787,0.3662368167281151,0.08058011531829834,0.08957205957174302,0.08058011531829834,0.09550879191358884,0.009821701238410216
T,4,28,31,29|30|31|32,6,06,missing,0.5413121581077576,0.3883438723921776,0.059079527854919434,0.06746500390768051,0.059079527854919434,0.07032369517286619,0.0072317774115897996
T,4,29,32,30|31|32|33,6,06,missing,0.558424174785614,0.43878316535949713,0.04196751117706299,0.017025710940360983,0.04196751117706299,0.044805129667123154,0.004607561133605988
T,4,30,33,31|32|33|34,6,06,missing,0.537430465221405,0.4030599178016186,0.06296122074127197,0.05274895849823952,0.06296122074127197,0.07175271382431189,0.0073787313618744405
T,4,31,34,32|33|34|35,6,06,missing,0.5300329327583313,0.3730559085249901,0.0703587532043457,0.08275296777486801,0.0703587532043457,0.08415091450015703,0.008653707418970615
T,1,0,0,1,7,07,missing,0.6106184720993042,0.6002416614532471,0.011027216911315918,0.008974761724472091,0.011027216911315918,0.012523010532061266,0.00517365789254176
T,1,1,1,2|3,7,07,missing,0.6403721570968628,0.6324893343091011,-0.018726468086242676,0.023272911131381968,0.0,0.003878818521896995,0.0016024645198670486
T,1,2,2,4,7,07,missing,0.6218480467796326,0.6097883684873582,-0.00020235776901245117,0.0005719453096389993,0.0,9.532421827316655e-05,3.938149640269973e-05
T,1,3,3,5,7,07,missing,0.6286993026733398,0.6115481878161431,-0.0070536136627197266,0.0023317646384238833,0.0,0.0003886274397373139,0.0001605544781510541
T,1,4,4,6,7,07,missing,0.6190690398216248,0.6062688372373581,0.0025766491889953613,0.0029475859403610416,0.0025766491889953613,0.003067913512388868,0.0012674536139988073
T,1,5,5,7,7,07,missing,0.6195979118347168,0.6095683977842331,0.0020477771759033203,0.0003519746065139273,0.0020477771759033203,0.002106439610322308,0.000870237862309999
T,1,6,6,8,7,07,missing,0.6294452548027039,0.6274300618410111,-0.00779956579208374,0.018213638663291953,0.0,0.003035606443881992,0.0012541065262887427
T,1,7,7,9|10|11,7,07,missing,0.6370307803153992,0.6346890413403511,-0.015385091304779053,0.02547261816263191,0.0,0.004245436360438652,0.0017539261248111309
T,1,8,8,12,7,07,missing,0.6318401098251343,0.6234705891847611,-0.01019442081451416,0.01425416600704188,0.0,0.00237569433450698,0.0009814756373893825
T,1,9,9,13,7,07,missing,0.6256116032600403,0.6101403430938721,-0.003965914249420166,0.0009239199161529266,0.0,0.00015398665269215442,6.361683231098587e-05
T,1,10,10,14,7,07,missing,0.6172935366630554,0.6026173020839691,0.004352152347564697,0.006599121093750049,0.004352152347564697,0.005452005863189706,0.0022523987416652423
T,1,11,11,15,7,07,missing,0.619774341583252,0.6044211048126221,0.001871347427368164,0.0047953183650970566,0.001871347427368164,0.00267056715488434,0.001103297070864634
T,1,12,12,16,7,07,missing,0.6133295297622681,0.6047730257153512,0.00831615924835205,0.004443397462367993,0.00831615924835205,0.00905672549208005,0.0037416242047168206
T,1,13,13,17,7,07,missing,0.6224890947341919,0.6097883684873582,-0.0008434057235717773,0.0005719453096389993,0.0,9.532421827316655e-05,3.938149640269973e-05
T,1,14,14,18,7,07,missing,0.620502769947052,0.6056089788317681,0.0011429190635681152,0.0036074443459510608,0.0011429190635681152,0.0017441597878932922,0.0007205684311600439
T,1,15,15,19,7,07,missing,0.6112762093544006,0.6055209046244622,0.010369479656219482,0.0036955185532570045,0.010369479656219482,0.01098539941509565,0.00453842135172894
T,1,16,16,20,7,07,missing,0.609355092048645,0.5906069339156151,0.012290596961975098,0.01860948926210404,0.012290596961975098,0.015392178505659104,0.006359003340717246
T,1,17,17,21,7,07,missing,0.5793761014938354,0.5554556048154832,0.04226958751678467,0.05376081836223601,0.04226958751678467,0.05122972391049067,0.021164644456992194
T,1,18,18,22,7,07,missing,0.6144078969955444,0.6040691839098931,0.007237792015075684,0.00514723926782612,0.007237792015075684,0.008095665226380036,0.00334457933949712
T,1,19,19,23,7,07,missing,0.6162327527999878,0.6061368870377541,0.005412936210632324,0.0030795361399650334,0.005412936210632324,0.00592619223395983,0.0024483003623969133
T,1,20,20,24,7,07,missing,0.6117044687271118,0.6002416614532471,0.0099412202835083,0.008974761724472091,0.0099412202835083,0.011437013904253649,0.00472499780315303
T,1,21,21,25,7,07,missing,0.6180921196937561,0.6062248538374901,0.0035535693168640137,0.002991569340229039,0.0035535693168640137,0.004052164206902187,0.0016740791902427631
T,1,22,22,26,7,07,missing,0.6115827560424805,0.5959742512941361,0.010062932968139648,0.01324217188358312,0.010062932968139648,0.012269961615403502,0.005069115257085708
T,1,23,23,27,7,07,missing,0.6125310063362122,0.597294075512886,0.009114682674407959,0.011922347664833133,0.009114682674407959,0.011101740618546815,0.00458648563977868
T,1,24,24,28,7,07,missing,0.6218871474266052,0.6120760960221291,-0.00024145841598510742,0.0028596728444099107,0.0,0.0004766121407349851,0.00019690378422039932
T,1,25,25,29,7,07,missing,0.6263612508773804,0.6045970384120941,-0.004715561866760254,0.0046193847656250675,0.0,0.0007698974609375112,0.0003180693703825857
T,1,26,26,30,7,07,missing,0.6223119497299194,0.6071487200498581,-0.0006662607192993164,0.002067703127861087,0.0,0.0003446171879768478,0.00014237242953020964
T,1,27,27,31,7,07,missing,0.614013671875,0.5983059085249901,0.007632017135620117,0.010910514652729075,0.007632017135620117,0.009450436244408297,0.003904278762576265
T,1,28,28,32,7,07,missing,0.6144272685050964,0.6012975315690041,0.007218420505523682,0.007918891608715062,0.007218420505523682,0.008538235773642858,0.0035274194480309855
T,1,29,29,33,7,07,missing,0.6209970712661743,0.6092164231777192,0.0006486177444458008,0.0,0.0006486177444458008,0.0006486177444458008,0.0002679648239697124
T,1,30,30,34,7,07,missing,0.6224823594093323,0.6125160374283791,-0.0008366703987121582,0.0032996142506599435,0.0,0.000549935708443324,0.00022719610520921884
T,1,31,31,35,7,07,missing,0.6333544850349426,0.6337211917281151,-0.01170879602432251,0.02450476855039596,0.0,0.00408412809173266,0.0016872844977529737
T,1,32,32,36,7,07,missing,0.6159470081329346,0.6013415149688721,0.005698680877685547,0.007874908208847065,0.005698680877685547,0.007011165579160057,0.0028965377008724766
T,1,33,33,37,7,07,missing,0.6224727034568787,0.6088205188751221,-0.0008270144462585449,0.000395904302597061,0.0,6.59840504328435e-05,2.7260130655464993e-05
T,1,34,34,38,7,07,missing,0.6199305057525635,0.6029692766904832,0.0017151832580566406,0.0062471464872360105,0.0017151832580566406,0.002756374339262642,0.0011387467748762235
T,1,35,35,39|40|41,7,07,missing,0.6174482703208923,0.5987898333311081,0.004197418689727783,0.010426589846611045,0.004197418689727783,0.005935183664162957,0.002452015011020465
T,1,36,36,42,7,07,missing,0.6192649602890015,0.6034092180967331,0.0023807287216186523,0.005807205080986089,0.0023807287216186523,0.0033485962351163336,0.0013834126623459495
T,1,37,37,43,7,07,missing,0.6183558702468872,0.6033652346968651,0.00328981876373291,0.005851188480854086,0.00328981876373291,0.004265016843875258,0.0017620154514480625
T,1,38,38,44,7,07,missing,0.6280754208564758,0.6202589417338371,-0.006429731845855713,0.01104251855611793,0.0,0.0018404197593529885,0.0007603365172606894
T,1,39,39,45,7,07,missing,0.6333348155021667,0.6232065813779831,-0.01168912649154663,0.013990158200263947,0.0,0.0023316930333773245,0.000963297286561622
T,1,40,40,46,7,07,missing,0.6166020631790161,0.5957102434873581,0.005043625831604004,0.013506179690361053,0.005043625831604004,0.007294655779997513,0.0030136566086036466
T,1,41,41,47,7,07,missing,0.6088449358940125,0.5990537874341011,0.012800753116607666,0.010162635743618087,0.012800753116607666,0.014494525740544014,0.005988154150651509
T,1,42,42,48,7,07,missing,0.6181473135948181,0.6015614856719971,0.003498375415802002,0.007654937505722104,0.003498375415802002,0.0047741983334223526,0.0019723746797971177
T,2,0,1,1|2|3,7,07,missing,0.6292155981063843,0.6227666399717331,-0.00756990909576416,0.013550216794013914,0.0,0.0022583694656689857,0.0009330049655728025
T,2,1,2,2|3|4,7,07,missing,0.6406099200248718,0.6337211917281151,-0.01896423101425171,0.02450476855039596,0.0,0.00408412809173266,0.0016872844977529737
T,2,2,3,4|5,7,07,missing,0.6286165714263916,0.6121200794219971,-0.006970882415771484,0.002903656244277908,0.0,0.00048394270737965134,0.00019993227676066218
T,2,3,4,5|6,7,07,missing,0.6252737045288086,0.6082045901656151,-0.0036280155181884766,0.0010118330121040575,0.0,0.00016863883535067625,6.967011959842757e-05
T,2,4,5,6|7,7,07,missing,0.6169147491455078,0.6069287493467331,0.004730939865112305,0.002287673830986048,0.004730939865112305,0.005112218836943312,0.0021120218070917
T,2,5,6,7|8,7,07,missing,0.6264654994010925,0.6269020999312401,-0.004819810390472412,0.01768567675352095,0.0,0.002947612792253492,0.0012177535224263058
T,2,6,7,8|9|10|11,7,07,missing,0.6401833295822144,0.6470954212188721,-0.01853764057159424,0.03787899804115291,0.0,0.006313166340192152,0.002608171795371633
T,2,7,8,9|10|11|12,7,07,missing,0.6440243124961853,0.6456435930967331,-0.022378623485565186,0.03642716991901396,0.0,0.006071194986502326,0.002508205656991302
T,2,8,9,12|13,7,07,missing,0.6341404318809509,0.6231186145782471,-0.01249474287033081,0.013902191400527952,0.0,0.002317031900087992,0.0009572403014810963
T,2,9,10,13|14,7,07,missing,0.6204073429107666,0.6035412220001221,0.0012383460998535156,0.005675201177597122,0.0012383460998535156,0.0021842129627863693,0.000902368532309435
T,2,10,11,14|15,7,07,missing,0.6145694255828857,0.5965901262998581,0.007076263427734375,0.012626296877861098,0.007076263427734375,0.009180646240711224,0.003792819846337017
T,2,11,12,15|16,7,07,missing,0.6111575961112976,0.5983939290285111,0.01048809289932251,0.010822494149208106,0.01048809289932251,0.012291841924190527,0.005078154715445774
T,2,12,13,16|17,7,07,missing,0.6139472723007202,0.6037611389994622,0.007698416709899902,0.005455284178257025,0.007698416709899902,0.008607630739609407,0.0035560887374527527
T,2,13,14,17|18,7,07,missing,0.6200432777404785,0.6057849124312401,0.0016024112701416016,0.0034315107464790717,0.0016024112701416016,0.0021743297278881135,0.00089828545052137
T,2,14,15,18|19,7,07,missing,0.6093915104866028,0.6009015198588372,0.012254178524017334,0.008314903318881961,0.012254178524017334,0.013639995743830994,0.005635120361325109
T,2,15,16,19|20,7,07,missing,0.5955291986465454,0.581720138990879,0.026116490364074707,0.027496284186840136,0.026116490364074707,0.03069920439521473,0.012682827400602104
T,2,16,17,20|21,7,07,missing,0.5629758834838867,0.5343384173154831,0.0586698055267334,0.07487800586223603,0.0586698055267334,0.0711494731704394,0.02939413270283682
T,2,17,18,21|22,7,07,missing,0.5704945921897888,0.5502202913403511,0.0511510968208313,0.05899613183736807,0.0511510968208313,0.060983785460392646,0.025194360585776936
T,2,18,19,22|23,7,07,missing,0.6080927848815918,0.5998016663432122,0.01355290412902832,0.009414756834506988,0.01355290412902832,0.015122030268112818,0.006247396426568342
T,2,19,20,23|24,7,07,missing,0.6059918999671936,0.5963261721968651,0.015653789043426514,0.012890250980854057,0.015653789043426514,0.01780216420690219,0.007354645843151267
T,2,20,21,24|25,7,07,missing,0.608066976070404,0.5972060550093651,0.013578712940216064,0.012010368168354102,0.013578712940216064,0.01558044096827508,0.006436780611054028
T,2,21,22,25|26,7,07,missing,0.6075629591941833,0.5921907122373581,0.014082729816436768,0.017025710940361094,0.014082729816436768,0.01692034830649695,0.006990339370580614
T,2,22,23,26|27,7,07,missing,0.6009951233863831,0.5826879886031151,0.02065056562423706,0.026528434574604076,0.02065056562423706,0.025071971386671072,0.010358036696858171
T,2,23,24,27|28,7,07,missing,0.6118378639221191,0.5995817493438721,0.009807825088500977,0.009634673833847085,0.009807825088500977,0.011413604060808824,0.004715326444896849
T,2,24,25,28|29,7,07,missing,0.622155487537384,0.6040691302061081,-0.000509798526763916,0.005147292971611095,0.0,0.0008578821619351825,0.00035441867645193094
T,2,25,26,29|30,7,07,missing,0.6217899322509766,0.5968541341066361,-0.0001442432403564453,0.012362289071083055,0.0,0.0020603815118471758,0.0008512097824340561
T,2,26,27,30|31,7,07,missing,0.6143177151679993,0.5963261721968651,0.00732797384262085,0.012890250980854057,0.00732797384262085,0.009476349006096526,0.003914984156753059
T,2,27,28,31|32,7,07,missing,0.6063590049743652,0.5900790257096291,0.015286684036254883,0.019137397468090067,0.015286684036254883,0.018476250280936562,0.007633132452122152
T,2,28,29,32|33,7,07,missing,0.6126331686973572,0.6000656741499901,0.00901252031326294,0.009150749027729055,0.00901252031326294,0.010537645151217781,0.004353439683359324
T,2,29,30,33|34,7,07,missing,0.620265007019043,0.6105363011002541,0.0013806819915771484,0.0013198779225349622,0.0013806819915771484,0.0016006616453329754,0.0006612847392776841
T,2,30,31,34|35,7,07,missing,0.6301581859588623,0.631653488600254,-0.008512496948242188,0.022437065422534874,0.0,0.0037395109037558125,0.001544912068222764
T,2,31,32,35|36,7,07,missing,0.6267920136451721,0.6249223636031151,-0.005146324634552002,0.01570594042539597,0.0,0.002617656737565995,0.0010814380779766296
T,2,32,33,36|37,7,07,missing,0.6170558333396912,0.6009455569624901,0.004589855670928955,0.0082708662152291,0.004589855670928955,0.0059683333734671384,0.0024657102207096973
T,2,33,34,37|38,7,07,missing,0.6205254197120667,0.6020894475817681,0.0011202692985534668,0.007126975595951102,0.0011202692985534668,0.0023080985645453174,0.0009535496536277901
T,2,34,35,38|39|40|41,7,07,missing,0.6147946715354919,0.5925426868438721,0.006851017475128174,0.016673736333847056,0.006851017475128174,0.00962997353076935,0.003978451382347631
T,2,35,36,39|40|41|42,7,07,missing,0.6133626103401184,0.5926746370434761,0.008283078670501709,0.016541786134243064,0.008283078670501709,0.011040043026208887,0.004560996382644166
T,2,36,37,42|43,7,07,missing,0.6138981580734253,0.5966780930995942,0.007747530937194824,0.012538330078124993,0.007747530937194824,0.009837252616882322,0.004064085030668991
T,2,37,38,43|44,7,07,missing,0.6202864646911621,0.6104922639966012,0.0013592243194580078,0.0012758408188819903,0.0013592243194580078,0.0015718644559383395,0.0006493876953669453
T,2,38,39,44|45,7,07,missing,0.6308272480964661,0.6254502718091012,-0.009181559085845947,0.016233848631381997,0.0,0.0027056414385636662,0.0011177873840459748
T,2,39,40,45|46,7,07,missing,0.6218071579933167,0.6065768284440041,-0.0001614689826965332,0.0026395947337151116,0.0,0.00043993245561918526,0.00018175022813981772
T,2,40,41,46|47,7,07,missing,0.6031761765480042,0.5855915911436081,0.018469512462615967,0.023624832034111032,0.018469512462615967,0.02240698446830114,0.009257045000936015
T,2,41,42,47|48,7,07,missing,0.6044231653213501,0.5907389378190041,0.01722252368927002,0.018477485358715073,0.01722252368927002,0.020302104582389197,0.008387451510878616
T,3,0,2,1|2|3|4,7,07,missing,0.6293902397155762,0.6231186145782471,-0.007744550704956055,0.013902191400527952,0.0,0.002317031900087992,0.0009572403014810963
T,3,1,3,2|3|4|5,7,07,missing,0.6449286341667175,0.6327973255157471,-0.023282945156097412,0.023580902338027898,0.0,0.003930150389671316,0.001623671363235072
T,3,2,4,4|5|6,7,07,missing,0.624876081943512,0.6084685442686081,-0.0032303929328918457,0.0007478789091110993,0.0,0.0001246464848518499,5.149546656375879e-05
T,3,3,5,5|6|7,7,07,missing,0.6223277449607849,0.6081606067657471,-0.0006820559501647949,0.0010558164119720548,0.0,0.00017596940199534247,7.269861213869043e-05
T,3,4,6,6|7|8,7,07,missing,0.6230916380882263,0.6231625979781151,-0.0014459490776062012,0.01394617480039595,0.0,0.002324362466732658,0.0009602687940213591
T,3,5,7,7|8|9|10|11,7,07,missing,0.6365265846252441,0.6448517307877542,-0.014880895614624023,0.03563530761003497,0.0,0.005939217935005829,0.002453681697887288
T,3,6,8,8|9|10|11|12,7,07,missing,0.6468625664710999,0.6575220110654831,-0.025216877460479736,0.04830558788776396,0.0,0.008050931314627327,0.003326098323689368
T,3,7,9,9|10|11|12|13,7,07,missing,0.6456087827682495,0.644763763988018,-0.023963093757629395,0.035547340810298866,0.0,0.005924556801716478,0.002447624712806755
T,3,8,10,12|13|14,7,07,missing,0.6284777522087097,0.6156835940718651,-0.0068320631980896,0.006467170894145946,0.0,0.001077861815690991,0.00044529933721146575
T,3,9,11,13|14|15,7,07,missing,0.6166018843650818,0.5964141389966011,0.00504380464553833,0.012802284181118062,0.00504380464553833,0.007177518675724673,0.0029652635083599692
T,3,10,12,14|15|16,7,07,missing,0.6058291792869568,0.5905628968119622,0.01581650972366333,0.01865352636575701,0.01581650972366333,0.018925430784622832,0.007818703345967742
T,3,11,13,15|16|17,7,07,missing,0.610150933265686,0.5957982639908791,0.011494755744934082,0.013418159186840084,0.011494755744934082,0.01373111560940743,0.005672764904584092
T,3,12,14,16|17|18,7,07,missing,0.6113926768302917,0.5998017200469971,0.01025301218032837,0.009414703130722124,0.01025301218032837,0.011822129368782056,0.004884101371539898
T,3,13,15,17|18|19,7,07,missing,0.6075513362884521,0.5981299749255181,0.014094352722167969,0.011086448252201064,0.014094352722167969,0.015942094097534814,0.006586191135126236
T,3,14,16,18|19|20,7,07,missing,0.593891978263855,0.5774086917281152,0.027753710746765137,0.031807731449604026,0.027753710746765137,0.03305499932169914,0.01365608195336417
T,3,15,17,19|20|21,7,07,missing,0.5442083477973938,0.5199963382124901,0.07743734121322632,0.08922008496522904,0.07743734121322632,0.09230735537409783,0.03813513343681997
T,3,16,18,20|21|22,7,07,missing,0.552824854850769,0.5274753421187401,0.06882083415985107,0.08174108105897904,0.06882083415985107,0.08244434766968091,0.03406040815223158
T,3,17,19,21|22|23,7,07,missing,0.5639668703079224,0.5457768938779831,0.057678818702697754,0.06343952929973606,0.057678818702697754,0.0682520735859871,0.028197123869412043
T,3,18,20,22|23|24,7,07,missing,0.5971074104309082,0.5895510637998581,0.024538278579711914,0.01966535937786107,0.024538278579711914,0.027815838476022092,0.01149161632506039
T,3,19,21,23|24|25,7,07,missing,0.6019165515899658,0.5924546663403512,0.019729137420654297,0.016761756837368025,0.019729137420654297,0.022522763560215635,0.009304877062654817
T,3,20,22,24|25|26,7,07,missing,0.5959312915802002,0.5819840930938721,0.025714397430419922,0.027232330083847067,0.025714397430419922,0.0302531191110611,0.012498535241364553
T,3,21,23,25|26|27,7,07,missing,0.5965672135353088,0.5788604661464691,0.02507847547531128,0.030355957031250047,0.02507847547531128,0.030137801647186286,0.012450893893016535
T,3,22,24,26|27|28,7,07,missing,0.5973649024963379,0.5818081057906151,0.024280786514282227,0.02740831738710403,0.024280786514282227,0.0288488394121329,0.011918382191976341
T,3,23,25,27|28|29,7,07,missing,0.6112841963768005,0.5903869632124901,0.01036149263381958,0.01882945996522911,0.01036149263381958,0.013499735961357765,0.005577174540011536
T,3,24,26,28|29|30,7,07,missing,0.6172152161598206,0.5960182346940041,0.0044304728507995605,0.013198188483715123,0.0044304728507995605,0.006630170931418747,0.002739136574261865
T,3,25,27,29|30|31,7,07,missing,0.6132962107658386,0.5847996751308442,0.008349478244781494,0.024416748046874992,0.008349478244781494,0.012418936252593993,0.005130661464805958
T,3,26,28,30|31|32,7,07,missing,0.6040036678314209,0.5851956331372261,0.01764202117919922,0.024020790040493067,0.01764202117919922,0.021645486185948064,0.008942445601010053
T,3,27,29,31|32|33,7,07,missing,0.6042308807373047,0.5887591477870942,0.01741480827331543,0.02045727539062503,0.01741480827331543,0.020824354171752935,0.008603209591012058
T,3,28,30,32|33|34,7,07,missing,0.6113524436950684,0.6012975315690041,0.010293245315551758,0.007918891608715062,0.010293245315551758,0.011613060583670934,0.004797728341076892
T,3,29,31,33|34|35,7,07,missing,0.6263400316238403,0.6275179749369622,-0.004694342613220215,0.018301551759242973,0.0,0.0030502586265404954,0.0012601598135761768
T,3,30,32,34|35|36,7,07,missing,0.6235219836235046,0.6228546067714692,-0.0018762946128845215,0.01363818359375002,0.0,0.0022730305989583366,0.0009390619506533358
T,3,31,33,35|36|37,7,07,missing,0.6257387399673462,0.6221067815661431,-0.004093050956726074,0.012890358388423895,0.0,0.002148393064737316,0.0008875701818826687
T,3,32,34,36|37|38,7,07,missing,0.6146344542503357,0.5942144319653512,0.007011234760284424,0.015001991212368004,0.007011234760284424,0.009511566629012425,0.003929533687977114
T,3,33,35,37|38|39|40|41,7,07,missing,0.6142882108688354,0.5908708880186081,0.007357478141784668,0.01834553515911108,0.007357478141784668,0.010415067334969849,0.004302798850241917
T,3,34,36,38|39|40|41|42,7,07,missing,0.6109285354614258,0.5864274905562401,0.010717153549194336,0.022788932621479074,0.010717153549194336,0.014515308986107514,0.0059967403769560345
T,3,35,37,39|40|41|42|43,7,07,missing,0.6074510812759399,0.5855476077437402,0.014194607734680176,0.02366881543397903,0.014194607734680176,0.018139410307010013,0.0074939730395218816
T,3,36,38,42|43|44,7,07,missing,0.6151340007781982,0.6030132600903512,0.006511688232421875,0.006203163087368013,0.006511688232421875,0.0075455487469832105,0.0031173085520006085
T,3,37,39,43|44|45,7,07,missing,0.6242997050285339,0.6171793518900872,-0.0026540160179138184,0.007962928712368034,0.0,0.0013271547853946724,0.0005482902703389757
T,3,38,40,44|45|46,7,07,missing,0.6180808544158936,0.6071047366499901,0.0035648345947265625,0.002111686527729084,0.0035648345947265625,0.003916782349348076,0.0016181485963932584
T,3,39,41,45|46|47,7,07,missing,0.6086553931236267,0.5951383518815041,0.012990295886993408,0.014078071296215078,0.012990295886993408,0.015336641103029255,0.006336059055817736
T,3,40,42,46|47|48,7,07,missing,0.5937897562980652,0.5726133196592331,0.02785593271255493,0.03660310351848606,0.02785593271255493,0.03395644996563594,0.014028500169159824
T,4,0,3,1|2|3|4|5,7,07,missing,0.6333065629005432,0.6214908528566361,-0.011660873889923096,0.012274429678916898,0.0,0.002045738279819483,0.0008451601929397062
T,4,1,4,2|3|4|5|6,7,07,missing,0.6406117677688599,0.6286618655562402,-0.018966078758239746,0.019445442378520972,0.0,0.0032409070630868286,0.001338922806381576
T,4,2,5,4|5|6|7,7,07,missing,0.6219137907028198,0.6080286028623582,-0.00026810169219970703,0.0011878203153610212,0.0,0.0001979700525601702,8.178778755257065e-05
T,4,3,6,5|6|7|8,7,07,missing,0.6266600489616394,0.6220187610626221,-0.005014359951019287,0.012802337884902926,0.0,0.0021337229808171543,0.0008815094990090514
T,4,4,7,6|7|8|9|10|11,7,07,missing,0.6324214339256287,0.6406722874283791,-0.010775744915008545,0.03145586425065994,0.0,0.005242644041776656,0.0021659046484935216
T,4,5,8,7|8|9|10|11|12,7,07,missing,0.6430572271347046,0.6557182620406151,-0.021411538124084473,0.04650183886289594,0.0,0.007750306477149323,0.0032019005471938342
T,4,6,9,8|9|10|11|12|13,7,07,missing,0.6480726003646851,0.6555862581372262,-0.02642691135406494,0.04636983495950697,0.0,0.007728305826584496,0.0031928113717799543
T,4,7,10,9|10|11|12|13|14,7,07,missing,0.6386381387710571,0.6364488069653511,-0.01699244976043701,0.02723238378763193,0.0,0.004538730631271988,0.001875095408766401
T,4,8,11,12|13|14|15,7,07,missing,0.6239163875579834,0.6069287493467331,-0.0022706985473632812,0.002287673830986048,0.0,0.00038127897183100795,0.00015751859002461558
T,4,9,12,13|14|15|16,7,07,missing,0.6085865497589111,0.5899470218062401,0.013059139251708984,0.019269401371479034,0.013059139251708984,0.01627070614695549,0.006721951327830454
T,4,10,13,14|15|16|17,7,07,missing,0.6037808656692505,0.5872633899688721,0.01786482334136963,0.021953033208847117,0.01786482334136963,0.021523662209510814,0.008892116203331933
T,4,11,14,15|16|17|18,7,07,missing,0.6072155833244324,0.591134895825386,0.014430105686187744,0.01808152735233315,0.014430105686187744,0.01744369357824327,0.007206550112299848
T,4,12,15,16|17|18|19,7,07,missing,0.6000527739524841,0.5917507708311082,0.021592915058135986,0.017465652346611016,0.021592915058135986,0.024503857115904488,0.010123330443653947
T,4,13,16,17|18|19|20,7,07,missing,0.5916944742202759,0.5750329973936081,0.02995121479034424,0.03418342578411104,0.02995121479034424,0.03564845242102941,0.014727520730959641
T,4,14,17,18|19|20|21,7,07,missing,0.5431246757507324,0.5165207903623581,0.0785210132598877,0.09269563281536108,0.0785210132598877,0.09397028539578121,0.03882214324244143
T,4,15,18,19|20|21|22,7,07,missing,0.5328524708747864,0.5118574221968651,0.08879321813583374,0.09735900098085404,0.08879321813583374,0.10501971829930941,0.04338701888501105
T,4,16,19,20|21|22|23,7,07,missing,0.5454995632171631,0.522328049147129,0.07614612579345703,0.08688837403059013,0.07614612579345703,0.09062752146522206,0.037441140092442905
T,4,17,20,21|22|23|24,7,07,missing,0.5525464415550232,0.5358782122373581,0.06909924745559692,0.07333821094036108,0.06909924745559692,0.08132228261232377,0.033596847036070354
T,4,18,21,22|23|24|25,7,07,missing,0.5927658081054688,0.5857235413432121,0.028879880905151367,0.02349288183450704,0.028879880905151367,0.03279536121090254,0.013548817110163053
T,4,19,22,23|24|25|26,7,07,missing,0.5885061621665955,0.5764407884120941,0.03313952684402466,0.03277563476562506,0.03313952684402466,0.038602132638295504,0.015947780901545628
T,4,20,23,24|25|26|27,7,07,missing,0.5845808386802673,0.5682578889966011,0.03706485033035278,0.040958534181118056,0.03706485033035278,0.04389127269387246,0.01813289454680185
T,4,21,24,25|26|27|28,7,07,missing,0.5924591422080994,0.5771447376251221,0.029186546802520752,0.032071685552597096,0.029186546802520752,0.0345318277279536,0.014266207204028686
T,4,22,25,26|27|28|29,7,07,missing,0.5952320694923401,0.5706335833311081,0.02641361951828003,0.03858283984661104,0.02641361951828003,0.032844092826048533,0.01356894970564965
T,4,23,26,27|28|29|30,7,07,missing,0.6060079336166382,0.5827760091066361,0.015637755393981934,0.026440414071083107,0.015637755393981934,0.020044491072495785,0.008281023095341218
T,4,24,27,28|29|30|31,7,07,missing,0.6084474325180054,0.5828199925065041,0.013198256492614746,0.02639643067121511,0.013198256492614746,0.017597661604483932,0.007270159249425438
T,4,25,28,29|30|31|32,7,07,missing,0.6041402220726013,0.5767487796187402,0.0175054669380188,0.03246764355897902,0.0175054669380188,0.0229167408645153,0.00946764174169536
T,4,26,29,30|31|32|33,7,07,missing,0.6010487079620361,0.5827319720029831,0.020596981048583984,0.02648445117473608,0.020596981048583984,0.02501105624437333,0.010332870694967718
T,4,27,30,31|32|33|34,7,07,missing,0.6026525497436523,0.5891990891933442,0.018993139266967773,0.020017333984374996,0.018993139266967773,0.02232936159769694,0.009224976499826397
T,4,28,31,32|33|34|35,7,07,missing,0.6173476576805115,0.617971321606636,0.004298031330108643,0.008754898428916857,0.004298031330108643,0.005757181068261452,0.0023784764211725205
T,4,29,32,33|34|35|36,7,07,missing,0.6196386814117432,0.6187631839156151,0.002007007598876953,0.009546760737895954,0.002007007598876953,0.003598134388526279,0.0014865048887378696
T,4,30,33,34|35|36|37,7,07,missing,0.6220340728759766,0.6195110628247261,-0.0003883838653564453,0.010294639647006942,0.0,0.0017157732745011571,0.0007088410506969382
T,4,31,34,35|36|37|38,7,07,missing,0.622024655342102,0.6140117952466011,-0.0003789663314819336,0.00479537206888192,0.0,0.0007992286781469867,0.00033018703833672113
T,4,32,35,36|37|38|39|40|41,7,07,missing,0.6083072423934937,0.5826000218033791,0.013338446617126465,0.02661640137434007,0.013338446617126465,0.01777451351284981,0.007343222453292087
T,4,33,36,37|38|39|40|41|42,7,07,missing,0.6098029017448425,0.5843597874283791,0.011842787265777588,0.02485663574934005,0.011842787265777588,0.015985559890667595,0.006604148250399857
T,4,34,37,38|39|40|41|42|43,7,07,missing,0.6043853163719177,0.5788605198502541,0.017260372638702393,0.030355903327465072,0.017260372638702393,0.022319689859946572,0.009220980794303458
T,4,35,38,39|40|41|42|43|44,7,07,missing,0.6073296666145325,0.5900790257096291,0.014316022396087646,0.019137397468090067,0.014316022396087646,0.017505588640769325,0.007232120950711863
T,4,36,39,42|43|44|45,7,07,missing,0.6183185577392578,0.6093484270811081,0.0033271312713623047,0.0001320039033889664,0.0033271312713623047,0.0033491319219271323,0.001383633971773864
T,4,37,40,43|44|45|46,7,07,missing,0.6110361218452454,0.5992737581372262,0.010609567165374756,0.009942665040493015,0.010609567165374756,0.012266678005456924,0.00506775869234653
T,4,38,41,44|45|46|47,7,07,missing,0.6045406460762024,0.5948303606748582,0.017105042934417725,0.014386062502861008,0.017105042934417725,0.019502720018227893,0.00805720007102229
T,4,39,42,45|46|47|48,7,07,missing,0.5973478555679321,0.5784645081400872,0.02429783344268799,0.03075191503763197,0.02429783344268799,0.02942315261562665,0.012155649423401188
T,1,0,0,1,8,08,missing,0.5959950089454651,0.21502897688150407,0.04449218511581421,0.09095785889029506,0.04449218511581421,0.05965182826419672,0.018299713318927515
T,1,1,1,2,8,08,missing,0.6200875043869019,0.2545136912405491,0.02039968967437744,0.051473144531250015,0.02039968967437744,0.028978547096252444,0.008889905300333383
T,1,2,2,3,8,08,missing,0.6229308843612671,0.2893130725860596,0.017556309700012207,0.016673763185739543,0.017556309700012207,0.0203352702309688,0.006238360605503917
T,1,3,3,4,8,08,missing,0.5952771902084351,0.2580772327423096,0.04521000385284424,0.047909603029489545,0.04521000385284424,0.05319493769109249,0.01631889814766121
T,1,4,4,5,8,08,missing,0.6527647376060486,0.2751909641861916,-0.012277543544769287,0.030795871585607537,0.0,0.0051326452642679226,0.0015745692904475265
T,1,5,5,6,8,08,missing,0.6212962865829468,0.2496523440718651,0.01919090747833252,0.05633449169993404,0.01919090747833252,0.028579989428321524,0.00876763761338348
T,1,6,6,7,8,08,missing,0.6249115467071533,0.24762862434387212,0.015575647354125977,0.05835821142792702,0.015575647354125977,0.025302015925447147,0.0077620359895075935
T,1,7,7,8,8,08,missing,0.6026045083999634,0.2848036731719971,0.03788268566131592,0.02118316259980202,0.03788268566131592,0.04141321276128292,0.012704554800746866
T,1,8,8,9,8,08,missing,0.5717918872833252,0.1892483943641186,0.0686953067779541,0.11673844140768053,0.0686953067779541,0.08815171367923419,0.027042776991805743
T,1,9,9,10,8,08,missing,0.5679752826690674,0.16544756160080434,0.07251191139221191,0.1405392741709948,0.07251191139221191,0.09593512375404438,0.029430535710312084
T,1,10,10,11,8,08,missing,0.6397293210029602,0.2799863094031811,0.0007578730583190918,0.02600052636861805,0.0007578730583190918,0.0050912941197554335,0.0015618837766584667
T,2,0,1,1|2,8,08,missing,0.586629331111908,0.1985751575469971,0.05385786294937134,0.10741167822480205,0.05385786294937134,0.07175980932017167,0.022014144018586985
T,2,1,2,2|3,8,08,missing,0.6061525344848633,0.2474306453406811,0.034334659576416016,0.05855619043111804,0.034334659576416016,0.044094024648269024,0.013526961932621206
T,2,2,3,3|4,8,08,missing,0.5822492241859436,0.2406115535438061,0.05823796987533569,0.06537528222799305,0.05823796987533569,0.06913385024666786,0.021208564380364923
T,2,3,4,4|5,8,08,missing,0.6143972873687744,0.2247736629188061,0.026089906692504883,0.08121317285299304,0.026089906692504883,0.039625435501337056,0.012156108721437955
T,2,4,5,5|6,8,08,missing,0.6286073327064514,0.2233438533484936,0.01187986135482788,0.08264298242330553,0.01187986135482788,0.025653691758712134,0.007869921482998945
T,2,5,6,6|7,8,08,missing,0.6054515242576599,0.20315053206086162,0.035035669803619385,0.10283630371093752,0.035035669803619385,0.052175053755442305,0.016006022848042274
T,2,6,7,7|8,8,08,missing,0.5737436413764954,0.2158208660423756,0.06674355268478394,0.09016596972942353,0.06674355268478394,0.08177121430635452,0.025085396761343044
T,2,7,8,8|9,8,08,missing,0.5468060970306396,0.18343018000721933,0.09368109703063965,0.1225566557645798,0.09368109703063965,0.11410720632473628,0.03500528356177292
T,2,8,9,9|10,8,08,missing,0.5373939871788025,0.12457700764536861,0.1030932068824768,0.18140982812643053,0.1030932068824768,0.1333281782368819,0.04090180485774361
T,2,9,10,10|11,8,08,missing,0.5635144710540771,0.1485318225860596,0.07697272300720215,0.15745501318573954,0.07697272300720215,0.1032152252048254,0.031663891725687766
T,3,0,2,1|2|3,8,08,missing,0.577012300491333,0.19931205403208735,0.06347489356994629,0.10667478173971179,0.06347489356994629,0.08125402385989826,0.024926735456621253
T,3,1,3,2|3|4,8,08,missing,0.5667440295219421,0.2044043811798096,0.07374316453933716,0.10158245459198953,0.07374316453933716,0.09067357363800208,0.027816421582739996
T,3,2,4,3|4|5,8,08,missing,0.5955042839050293,0.2066260799109936,0.04498291015625,0.09936075586080553,0.04498291015625,0.06154303613305093,0.018879889364383343
T,3,3,5,4|5|6,8,08,missing,0.5921360850334167,0.1788877796173096,0.04835110902786255,0.12709905615448955,0.04835110902786255,0.06953428505361081,0.021331407927381137
T,3,4,6,5|6|7,8,08,missing,0.6068431735038757,0.1777109283000231,0.033644020557403564,0.12827590747177603,0.033644020557403564,0.05502333846936623,0.016879806522947266
T,3,5,7,6|7|8,8,08,missing,0.5569260716438293,0.1661954539358616,0.08356112241744995,0.13979138183593753,0.08356112241744995,0.10685968605677287,0.03278192265170252
T,3,6,8,7|8|9,8,08,missing,0.5229563117027283,0.13385977400243285,0.11753088235855103,0.1721270617693663,0.11753088235855103,0.14621872598677874,0.04485630776589073
T,3,7,9,8|9|10,8,08,missing,0.48215144872665405,0.07335683479309084,0.15833574533462524,0.23263000097870828,0.15833574533462524,0.19710741216440997,0.060467704689100545
T,3,8,10,9|10|11,8,08,missing,0.5315365195274353,0.11055387532114985,0.108950674533844,0.19543296045064928,0.108950674533844,0.1415228346089522,0.04341572382250426
T,4,0,3,1|2|3|4,8,08,missing,0.5396941900253296,0.16126811824142936,0.10079300403594971,0.14471871753036977,0.10079300403594971,0.12491279029101134,0.038320170876720766
T,4,1,4,2|3|4|5,8,08,missing,0.5755811929702759,0.1739824221968651,0.06490600109100342,0.13200441357493403,0.06490600109100342,0.08690673668682576,0.02666084868025709
T,4,2,5,3|4|5|6,8,08,missing,0.5783143043518066,0.1678012508094311,0.062172889709472656,0.13818558496236805,0.062172889709472656,0.085203820536534,0.026138435901582626
T,4,3,6,4|5|6|7,8,08,missing,0.5694180727005005,0.1331558650672436,0.07106912136077881,0.17283097070455553,0.07106912136077881,0.0998742831448714,0.03063897289769267
T,4,4,7,5|6|7|8,8,08,missing,0.5547399520874023,0.1282285159468651,0.08574724197387695,0.17775831982493404,0.08574724197387695,0.11537362861136596,0.03539379076197777
T,4,5,8,6|7|8|9,8,08,missing,0.51341712474823,0.10100715486109259,0.12707006931304932,0.20497968091070656,0.12707006931304932,0.16123334946483375,0.049462424849563744
T,4,6,9,7|8|9|10,8,08,missing,0.4572577178478241,0.029453430069237972,0.1832294762134552,0.2765334057025612,0.1832294762134552,0.22931837716388206,0.07034923627612381
T,4,7,10,8|9|10|11,8,08,missing,0.46345725655555725,0.04502460420280697,0.17702993750572205,0.2609622315689922,0.17702993750572205,0.22052364276722075,0.06765122813692298
T,1,0,0,1,9,09,missing,0.9274649620056152,-1.8612745436191558,0.0021294355392456055,0.020237089872360503,0.0021294355392456055,0.005502283851305689,0.006600788955065681
T,1,1,1,2|3,9,09,missing,0.9251496195793152,-1.8311823795795439,0.004444777965545654,0.050329253911972405,0.004444777965545654,0.012832986950874389,0.01539503246560654
T,1,2,2,4,9,09,missing,0.9277152419090271,-1.8581068795681,0.0018791556358337402,0.023404753923416344,0.0018791556358337402,0.005779947956403131,0.0069338873934006034
T,1,3,3,5,9,09,missing,0.9266419410705566,-1.8667297740936282,0.0029524564743041992,0.01478185939788812,0.0029524564743041992,0.005416099707285552,0.0064973985518579445
T,1,4,4,6,9,09,missing,0.9265031814575195,-1.848252235031128,0.0030912160873413086,0.03325939846038839,0.0030912160873413086,0.008634449164072706,0.010358276347695608
T,1,5,5,7,9,09,missing,0.9266581535339355,-1.8491321178436277,0.002936244010925293,0.032379515647888546,0.002936244010925293,0.00833282995224005,0.009996440278182734
T,1,6,6,8,9,09,missing,0.9313458800315857,-1.8857353287696839,-0.0017514824867248535,0.004223695278167572,0.0,0.0007039492130279287,0.0008444893640264104
T,1,7,7,9,9,09,missing,0.9287356734275818,-1.857579078769684,0.0008587241172790527,0.02393255472183231,0.0008587241172790527,0.004847483237584438,0.0058152604771417715
T,1,8,8,10,9,09,missing,0.928398847579956,-1.860922461605072,0.0011955499649047852,0.02058917188644438,0.0011955499649047852,0.004627078612645516,0.005550853104992659
T,1,9,9,11,9,09,missing,0.9285659193992615,-1.8688414069175718,0.0010284781455993652,0.012670226573944454,0.0010284781455993652,0.0031401825745901077,0.0037671052630855145
T,1,10,10,12,9,09,missing,0.9265596866607666,-1.8794000006675722,0.0030347108840942383,0.0021116328239441096,0.0030347108840942383,0.003386649688084923,0.004062778377106602
T,1,11,11,13,9,09,missing,0.9270448088645935,-1.8667297740936282,0.002549588680267334,0.01478185939788812,0.002549588680267334,0.005013231913248687,0.006014100096690246
T,1,12,12,14,9,09,missing,0.9281907081604004,-1.8730648873806,0.0014036893844604492,0.008446746110916337,0.0014036893844604492,0.002811480402946505,0.003372779248156945
T,1,13,13,15,9,09,missing,0.9284656047821045,-1.8688414069175718,0.0011287927627563477,0.012670226573944454,0.0011287927627563477,0.00324049719174709,0.0038874472219621588
T,1,14,14,16,9,09,missing,0.928065836429596,-1.8607465280056,0.0015285611152648926,0.02076510548591637,0.0015285611152648926,0.004989412029584287,0.0059855246852334905
T,1,15,15,17,9,09,missing,0.9273260235786438,-1.8334701608180999,0.002268373966217041,0.04804147267341641,0.002268373966217041,0.010275286078453108,0.012326698638184324
T,1,16,16,18,9,09,missing,0.9287602305412292,-1.868313391304016,0.0008341670036315918,0.01319824218750032,0.0008341670036315918,0.003033874034881645,0.003639572723198416
T,2,0,1,1|2|3,9,09,missing,0.9226729273796082,-1.807601584649086,0.0069214701652526855,0.07391004884243024,0.0069214701652526855,0.019239811638991057,0.023080949583155323
T,2,1,2,2|3|4,9,09,missing,0.9231662750244141,-1.8012664713621138,0.006428122520446777,0.08024516212940247,0.006428122520446777,0.019802316208680525,0.023755755545755583
T,2,2,3,4|5,9,09,missing,0.9248565435409546,-1.8417411881446837,0.00473785400390625,0.039770445346832606,0.00473785400390625,0.011366261561711683,0.013635482247817944
T,2,3,4,5|6,9,09,missing,0.9231849908828735,-1.833118078804016,0.006409406661987305,0.048393554687500284,0.006409406661987305,0.014474999109904019,0.01736486463281368
T,2,4,5,6|7,9,09,missing,0.9226634502410889,-1.8086574010610579,0.006930947303771973,0.07285423243045841,0.006930947303771973,0.01907331937551504,0.022881217921984193
T,2,5,6,7|8,9,09,missing,0.9287955164909363,-1.854939430332184,0.0007988810539245605,0.026572203159332286,0.0007988810539245605,0.005227581580479941,0.006271243667290719
T,2,6,7,8|9,9,09,missing,0.9305022358894348,-1.8584589615821838,-0.0009078383445739746,0.023052671909332467,0.0,0.0038421119848887444,0.004609171580263159
T,2,7,8,9|10,9,09,missing,0.9276209473609924,-1.835405860042572,0.001973450183868408,0.04610577344894429,0.001973450183868408,0.009657745758692455,0.011585869296743394
T,2,8,9,10|11,9,09,missing,0.9273912310600281,-1.8464924694061278,0.0022031664848327637,0.03501916408538852,0.0022031664848327637,0.008039693832397516,0.00964478091009538
T,2,9,10,11|12,9,09,missing,0.9254107475280762,-1.8667297740936282,0.004183650016784668,0.01478185939788812,0.004183650016784668,0.006647293249766021,0.007974394097048651
T,2,10,11,12|13,9,09,missing,0.9239622354507446,-1.8614504772186278,0.005632162094116211,0.020061156272888514,0.005632162094116211,0.00897568813959763,0.0107676420804628
T,2,11,12,13|14,9,09,missing,0.9255955815315247,-1.8565230475425722,0.003998816013336182,0.024988585948944042,0.003998816013336182,0.008163580338160187,0.009793400774322463
T,2,12,13,14|15,9,09,missing,0.9268497228622437,-1.8581068795681,0.0027446746826171875,0.023404753923416344,0.0027446746826171875,0.006645467003186578,0.007972203248925112
T,2,13,14,15|16,9,09,missing,0.926819384098053,-1.847900367832184,0.0027750134468078613,0.03361126565933237,0.0027750134468078613,0.00837689105669659,0.010049297975005428
T,2,14,15,16|17,9,09,missing,0.9255211353302002,-1.807777625656128,0.0040732622146606445,0.0737340078353883,0.0040732622146606445,0.016362263520558695,0.019628912510711107
T,2,15,16,17|18,9,09,missing,0.9264034032821655,-1.8185121530055999,0.0031909942626953125,0.06299948048591641,0.0031909942626953125,0.013690907677014716,0.0164242330314925
T,3,0,2,1|2|3|4,9,09,missing,0.9206717014312744,-1.776101736998558,0.008922696113586426,0.1054098964929584,0.008922696113586426,0.02649101219574616,0.031779818241964554
T,3,1,3,2|3|4|5,9,09,missing,0.9200415015220642,-1.7815570748806002,0.00955289602279663,0.09995455861091607,0.00955289602279663,0.026211989124615975,0.031445089526417176
T,3,2,4,4|5|6,9,09,missing,0.9213022589683533,-1.803026236987114,0.008292138576507568,0.07848539650440234,0.008292138576507568,0.02137303799390796,0.025640064551178846
T,3,3,5,5|6|7,9,09,missing,0.9187242984771729,-1.7877162545681,0.010870099067687988,0.09379537892341627,0.010870099067687988,0.0265026622215907,0.03179379414070024
T,3,4,6,6|7|8,9,09,missing,0.9252290725708008,-1.8176322701931,0.004365324974060059,0.06387936329841626,0.004365324974060059,0.015011885523796101,0.018008937895246827
T,3,5,7,7|8|9,9,09,missing,0.9278587698936462,-1.827663063144684,0.0017356276512145996,0.053848570346832325,0.0017356276512145996,0.010710389375686654,0.012848668263217448
T,3,6,8,8|9|10,9,09,missing,0.9292097091674805,-1.832942145204544,0.0003846883773803711,0.04856948828697227,0.0003846883773803711,0.00847960309187575,0.010172515985141716
T,3,7,9,9|10|11,9,09,missing,0.9265639781951904,-1.8209758678436279,0.00303041934967041,0.06053576564788843,0.00303041934967041,0.013119713624318482,0.015739002771453882
T,3,8,10,10|11|12,9,09,missing,0.9242276549339294,-1.8413891061305998,0.0053667426109313965,0.04012252736091648,0.0053667426109313965,0.012053830504417478,0.014460321097558787
T,3,9,11,11|12|13,9,09,missing,0.9225913286209106,-1.847196418619156,0.007003068923950195,0.03431521487236022,0.007003068923950195,0.012722271402676899,0.015262213078703662
T,3,10,12,12|13|14,9,09,missing,0.9222800135612488,-1.8510678170680999,0.0073143839836120605,0.030443816423416425,0.0073143839836120605,0.0123883533875148,0.014861629901618677
T,3,11,13,13|14|15,9,09,missing,0.9242349863052368,-1.8413891061305998,0.0053594112396240234,0.04012252736091648,0.0053594112396240234,0.012046499133110105,0.014451526052435895
T,3,12,14,14|15|16,9,09,missing,0.9250940680503845,-1.8352299264431,0.004500329494476318,0.046281707048416276,0.004500329494476318,0.012213947335879032,0.014652404501685737
T,3,13,15,15|16|17,9,09,missing,0.924308717250824,-1.795547233080864,0.005285680294036865,0.08596440041065234,0.005285680294036865,0.01961308036247892,0.023528739652489073
T,3,14,16,16|17|18,9,09,missing,0.9244558215141296,-1.7893000865936282,0.005138576030731201,0.09221154689788813,0.005138576030731201,0.020507167180379225,0.024601326700332066
T,4,0,3,1|2|3|4|5,9,09,missing,0.9173246026039124,-1.750673209643364,0.012269794940948486,0.13083842384815236,0.012269794940948486,0.03407619891564055,0.04087935183125922
T,4,1,4,2|3|4|5|6,9,09,missing,0.9160663485527039,-1.738354850268364,0.013528048992156982,0.1431567832231524,0.013528048992156982,0.03738751286268238,0.04485175404078935
T,4,2,5,4|5|6|7,9,09,missing,0.9170018434524536,-1.7578002389431,0.012592554092407227,0.12371139454841629,0.012592554092407227,0.0332111198504766,0.03984156379761612
T,4,3,6,5|6|7|8,9,09,missing,0.9213965535163879,-1.793347418642044,0.0081978440284729,0.08816421484947234,0.0081978440284729,0.02289187983671829,0.02746213602757768
T,4,4,7,6|7|8|9,9,09,missing,0.9242218136787415,-1.788068229174614,0.005372583866119385,0.09344340431690235,0.005372583866119385,0.02094648458560311,0.025128351760204577
T,4,5,8,7|8|9|10,9,09,missing,0.9264073967933655,-1.7992426979303362,0.0031870007514953613,0.08226893556118009,0.0031870007514953613,0.016898490011692045,0.02027219409990915
T,4,6,9,8|9|10|11,9,09,missing,0.9280308485031128,-1.8169283209800722,0.0015635490417480469,0.06458331251144411,0.0015635490417480469,0.012327434460322065,0.01478854879700194
T,4,7,10,9|10|11|12,9,09,missing,0.9236266613006592,-1.8160484381675719,0.00596773624420166,0.0654631953239444,0.00596773624420166,0.016878268798192396,0.02024793581619759
T,4,8,11,10|11|12|13,9,09,missing,0.9213972687721252,-1.8218557506561281,0.008197128772735596,0.05965588283538814,0.008197128772735596,0.01813977591196695,0.021761296894682095
T,4,9,12,11|12|13|14,9,09,missing,0.9210541844367981,-1.835053992843628,0.008540213108062744,0.046457640647888265,0.008540213108062744,0.01628315321604412,0.019534008205810922
T,4,10,13,12|13|14|15,9,09,missing,0.9206559062004089,-1.8359338756561279,0.008938491344451904,0.04557775783538842,0.008938491344451904,0.016534784317016642,0.019835876273132873
T,4,11,14,13|14|15|16,9,09,missing,0.9223504662513733,-1.8169283209800722,0.007243931293487549,0.06458331251144411,0.007243931293487549,0.018007816712061565,0.021602992660877788
T,4,12,15,14|15|16|17,9,09,missing,0.9223573803901672,-1.782524924492836,0.0072370171546936035,0.09898670899868023,0.0072370171546936035,0.023734801987806975,0.028473343623413742
T,4,13,16,15|16|17|18,9,09,missing,0.9228810667991638,-1.7738141705751418,0.0067133307456970215,0.1076974629163745,0.0067133307456970215,0.024662907898426106,0.029586741515907452
T,1,0,0,1,10,10,missing,0.9120206236839294,-1.7947553170681,0.002113521099090576,0.010910568356513828,0.002113521099090576,0.003931949158509547,0.001382479095279141
T,1,1,1,2,10,10,missing,0.9117308855056763,-1.78727631316185,0.00240325927734375,0.01838957226276383,0.00240325927734375,0.005468187987804388,0.0019226229224850037
T,1,2,2,3,10,10,missing,0.9130116105079651,-1.797131065106392,0.0011225342750549316,0.008534820318221836,0.0011225342750549316,0.0025450043280919044,0.0008948272572058617
T,1,3,3,4,10,10,missing,0.9118754863739014,-1.7947553170681,0.0022586584091186523,0.010910568356513828,0.0022586584091186523,0.004077086468537623,0.0014335095865113626
T,1,4,4,5,10,10,missing,0.9099865555763245,-1.7824369576931,0.004147589206695557,0.02322892773151386,0.004147589206695557,0.008019077161947866,0.0028195193002001247
T,1,5,5,6,10,10,missing,0.9093415141105652,-1.7865723639488222,0.004792630672454834,0.019093521475791686,0.004792630672454834,0.007974884251753448,0.0028039810081112995
T,1,6,6,7,10,10,missing,0.90878826379776,-1.7838447487115858,0.00534588098526001,0.0218211367130281,0.00534588098526001,0.008982737104098026,0.003158343550279061
T,1,7,7,8,10,10,missing,0.9112090468406677,-1.802938270187378,0.002925097942352295,0.0027276152372359697,0.002925097942352295,0.003379700481891623,0.0011883076500132379
T,1,8,8,9,10,10,missing,0.9101337194442749,-1.797922981119156,0.004000425338745117,0.007742904305457987,0.004000425338745117,0.005290909389654781,0.0018602915071736408
T,1,9,9,10,10,10,missing,0.9116738438606262,-1.797922981119156,0.002460300922393799,0.007742904305457987,0.002460300922393799,0.003750784973303463,0.0013187815018556217
T,1,10,10,11,10,10,missing,0.9102348685264587,-1.7938754342555998,0.0038992762565612793,0.011790451169014116,0.0038992762565612793,0.005864351451396965,0.00206191457775598
T,1,11,11,12,10,10,missing,0.9075822830200195,-1.772934287762642,0.006551861763000488,0.03273159766197198,0.006551861763000488,0.012007128039995818,0.004221723842412679
T,1,12,12,13,10,10,missing,0.9132068157196045,-1.8213277350425718,0.0009273290634155273,0.015661849617957913,0.0009273290634155273,0.0035376373330751796,0.0012438384787023468
T,1,13,13,14,10,10,missing,0.9079243540763855,-1.777949576830864,0.0062097907066345215,0.02771630859374996,0.0062097907066345215,0.010829175472259516,0.0038075539906480835
T,1,14,14,15|16,10,10,missing,0.9056355953216553,-1.752257041668892,0.008498549461364746,0.05340884375572186,0.008498549461364746,0.017400023420651722,0.006117873773713
T,1,15,15,17,10,10,missing,0.9118883013725281,-1.8016183385610582,0.0022458434104919434,0.004047546863555684,0.0022458434104919434,0.002920434554417891,0.0010268290758225437
T,1,16,16,18,10,10,missing,0.9111030697822571,-1.7894760201931001,0.0030310750007629395,0.016189865231513778,0.0030310750007629395,0.0057293858726819025,0.002014460482183047
T,1,17,17,19,10,10,missing,0.908727765083313,-1.785780555343628,0.005406379699707031,0.01988533008098603,0.005406379699707031,0.00872060137987137,0.003066176244889339
T,1,18,18,20,10,10,missing,0.9105769395828247,-1.788332129573822,0.0035572052001953125,0.017333755850792,0.0035572052001953125,0.006446164508660646,0.0022664809026502674
T,1,19,19,21,10,10,missing,0.9112457036972046,-1.795811133480072,0.0028884410858154297,0.009854751944541995,0.0028884410858154297,0.004530899743239096,0.001593070999984159
T,1,20,20,22,10,10,missing,0.9099894762039185,-1.7885081705808639,0.0041446685791015625,0.01715771484375006,0.0041446685791015625,0.007004287719726573,0.0024627178428504796
T,1,21,21,23,10,10,missing,0.9135403633117676,-1.8086575084686278,0.0005937814712524414,0.0029916230440139024,0.0005937814712524414,0.0010923853119214253,0.0003840842790281179
T,1,22,22,24,10,10,missing,0.9100856781005859,-1.789827994799614,0.004048466682434082,0.01583789062499985,0.004048466682434082,0.006688115119934057,0.0023515510926987813
T,1,23,23,25,10,10,missing,0.909048318862915,-1.7806771920681,0.0050858259201049805,0.02498869335651399,0.0050858259201049805,0.009250608146190647,0.0032525274018485113
T,1,24,24,26,10,10,missing,0.9112364053726196,-1.7833168405056,0.0028977394104003906,0.022349044919014016,0.0028977394104003906,0.0066225802302360606,0.002328508929291651
T,1,25,25,27,10,10,missing,0.9115947484970093,-1.791059744811058,0.002539396286010742,0.014606140613556029,0.002539396286010742,0.004973753054936747,0.0017487788743782461
T,1,26,26,28,10,10,missing,0.9064314365386963,-1.7671269752740861,0.0077027082443237305,0.038538910150527794,0.0077027082443237305,0.014125859936078362,0.004966673086859564
T,1,27,27,29,10,10,missing,0.9051178693771362,-1.7468897779941561,0.009016275405883789,0.0587761074304578,0.009016275405883789,0.018812293310960092,0.006614429940014901
T,1,28,28,30,10,10,missing,0.8800020217895508,-1.56730561003685,0.03413212299346924,0.23836027538776383,0.03413212299346924,0.07385883555809655,0.025968874989073753
T,2,0,1,1|2,10,10,missing,0.9095245599746704,-1.7736381295680999,0.004609584808349609,0.03202775585651407,0.004609584808349609,0.00994754411776862,0.0034975711123882047
T,2,1,2,2|3,10,10,missing,0.9105005264282227,-1.7761898112058638,0.0036336183547973633,0.029476074218750092,0.0036336183547973633,0.008546297391255713,0.003004890706656118
T,2,2,3,3|4,10,10,missing,0.9107258915901184,-1.7838447487115858,0.0034082531929016113,0.0218211367130281,0.0034082531929016113,0.007045109311739628,0.0024770707745184603
T,2,3,4,4|5,10,10,missing,0.9078329801559448,-1.7717024303436277,0.006301164627075195,0.033963455080986193,0.006301164627075195,0.011961740473906229,0.004205765507557646
T,2,4,5,5|6,10,10,missing,0.9052380323410034,-1.7643113932371142,0.008896112442016602,0.04135449218749976,0.008896112442016602,0.015788527806599895,0.005551269550527883
T,2,5,6,6|7,10,10,missing,0.9037314653396606,-1.7639594186305998,0.010402679443359375,0.04170646679401413,0.010402679443359375,0.01735375724236173,0.006101606517518716
T,2,6,7,7|8,10,10,missing,0.905624508857727,-1.780325217461586,0.008509635925292969,0.02534066796302792,0.008509635925292969,0.012733080585797623,0.004476969823038761
T,2,7,8,8|9,10,10,missing,0.9069185256958008,-1.7944033424615862,0.007215619087219238,0.011262542963027755,0.007215619087219238,0.009092709581057198,0.0031970100345908147
T,2,8,9,9|10,10,10,missing,0.9075235724449158,-1.7913237526178358,0.006610572338104248,0.014342132806778096,0.006610572338104248,0.009000927805900597,0.003164739427732381
T,2,9,10,10|11,10,10,missing,0.9077566266059875,-1.78727631316185,0.006377518177032471,0.01838957226276383,0.006377518177032471,0.009442446887493109,0.0033199781848631746
T,2,10,11,11|12,10,10,missing,0.9031158685684204,-1.7593840709686281,0.01101827621459961,0.04628181445598578,0.01101827621459961,0.018731911957263907,0.006586167738075002
T,2,11,12,12|13,10,10,missing,0.9067173600196838,-1.787628287768364,0.007416784763336182,0.018037597656249904,0.007416784763336182,0.010423051039377832,0.0036647600439547717
T,2,12,13,13|14,10,10,missing,0.9070650339126587,-1.792643576836586,0.007069110870361328,0.013022308588027887,0.007069110870361328,0.009239495635032643,0.0032486202266148873
T,2,13,14,14|15|16,10,10,missing,0.8989750146865845,-1.718029578781128,0.015159130096435547,0.08763630664348598,0.015159130096435547,0.02976518120368321,0.010465481399277799
T,2,14,15,15|16|17,10,10,missing,0.9037501215934753,-1.7491774518251417,0.010384023189544678,0.0564884335994722,0.010384023189544678,0.019798762122790046,0.006961273822151138
T,2,15,16,17|18,10,10,missing,0.9087451100349426,-1.785428580737114,0.005389034748077393,0.020237304687499957,0.005389034748077393,0.00876191886266072,0.0030807035324821124
T,2,16,17,18|19,10,10,missing,0.9054825901985168,-1.7694147565126421,0.008651554584503174,0.0362511289119718,0.008651554584503174,0.014693409403165141,0.005166224312512164
T,2,17,18,19|20,10,10,missing,0.9051339030265808,-1.768446799492836,0.009000241756439209,0.03721908593177803,0.009000241756439209,0.01520342274506888,0.005345545752101337
T,2,18,19,20|21,10,10,missing,0.9075021743774414,-1.777509635424614,0.006631970405578613,0.028156249999999883,0.006631970405578613,0.011324678738911926,0.003981773666481621
T,2,19,20,21|22,10,10,missing,0.9069762825965881,-1.777685569024086,0.007157862186431885,0.027980316400527894,0.007157862186431885,0.011821248253186534,0.004156368236544116
T,2,20,21,22|23,10,10,missing,0.9095317125320435,-1.7897399205923081,0.0046024322509765625,0.015925964832305795,0.0046024322509765625,0.007256759723027528,0.002551487369778728
T,2,21,22,23|24,10,10,missing,0.9094633460044861,-1.7912357858180998,0.0046707987785339355,0.01443009960651409,0.0046707987785339355,0.007075815379619618,0.002487867073054121
T,2,22,23,24|25,10,10,missing,0.9048618674278259,-1.7614958112001418,0.009272277355194092,0.04417007422447217,0.009272277355194092,0.01663395639260612,0.005848523482251673
T,2,23,24,25|26,10,10,missing,0.9059492349624634,-1.75560053191185,0.00818490982055664,0.05006535351276398,0.00818490982055664,0.016529135406017303,0.0058116682695152745
T,2,24,25,26|27,10,10,missing,0.9085748195648193,-1.7659831920623779,0.005559325218200684,0.039682693362236066,0.005559325218200684,0.012173107445240028,0.004280082444914031
T,2,25,26,27|28,10,10,missing,0.9037666320800781,-1.749793326830864,0.010367512702941895,0.055872558593749844,0.010367512702941895,0.019679605801900202,0.0069193782848337064
T,2,26,27,28|29,10,10,missing,0.8956432342529297,-1.697792274093628,0.018490910530090332,0.10787361133098594,0.018490910530090332,0.03646984575192132,0.012822851295258827
T,2,27,28,29|30,10,10,missing,0.8034887313842773,-1.2120969615936281,0.11064541339874268,0.5935689238309858,0.11064541339874268,0.20957356737057364,0.07368637389063261
T,3,0,2,1|2|3,10,10,missing,0.9082280993461609,-1.762727668619156,0.005906045436859131,0.04293821680545795,0.005906045436859131,0.013062414904435455,0.004592764252854682
T,3,1,3,2|3|4,10,10,missing,0.9082373380661011,-1.762903602218628,0.005896806716918945,0.04276228320598596,0.005896806716918945,0.013023853917916606,0.004579206153396484
T,3,2,4,3|4|5,10,10,missing,0.9071736931800842,-1.760791861987114,0.006960451602935791,0.04487402343750002,0.006960451602935791,0.014439455509185795,0.005076933750646337
T,3,3,5,4|5|6,10,10,missing,0.9031538963317871,-1.7519930338621141,0.01098024845123291,0.05367285156249979,0.01098024845123291,0.019925723711649544,0.0070059137031429405
T,3,4,6,5|6|7,10,10,missing,0.8995327353477478,-1.740114615893364,0.014601409435272217,0.0655512695312499,0.014601409435272217,0.025526621023813867,0.00897519741885798
T,3,5,7,6|7|8,10,10,missing,0.9005419015884399,-1.7588561627626418,0.013592243194580078,0.04680972266197214,0.013592243194580078,0.0213938636382421,0.007522113856206016
T,3,6,8,7|8|9,10,10,missing,0.9009987115859985,-1.7711744147300719,0.013135433197021484,0.03449147069454206,0.013135433197021484,0.018884011646111826,0.006639646211919362
T,3,7,9,8|9|10,10,10,missing,0.9039874076843262,-1.785428473329544,0.010146737098693848,0.020237412095069907,0.010146737098693848,0.013519639114538832,0.004753524956221213
T,3,8,10,9|10|11,10,10,missing,0.9033573269844055,-1.7789174264430998,0.010776817798614502,0.026748458981514123,0.010776817798614502,0.015234894295533524,0.005356611195437305
T,3,9,11,10|11|12,10,10,missing,0.9008229374885559,-1.7523449010610581,0.013311207294464111,0.05332098436355581,0.013311207294464111,0.02219803802172341,0.007804862749770888
T,3,10,12,11|12|13,10,10,missing,0.9024302363395691,-1.7734621959686279,0.011703908443450928,0.03220368945598606,0.011703908443450928,0.017071190019448606,0.00600225546720235
T,3,11,13,12|13|14,10,10,missing,0.8999487161636353,-1.7565684889316557,0.014185428619384766,0.04909739649295819,0.014185428619384766,0.022368328034877795,0.007864736968340384
T,3,12,14,13|14|15|16,10,10,missing,0.8985329866409302,-1.7336914283990859,0.015601158142089844,0.07197445702552807,0.015601158142089844,0.027596900979677853,0.00970311089000833
T,3,13,15,14|15|16|17,10,10,missing,0.89756178855896,-1.718293479180336,0.01657235622406006,0.087372406244278,0.01657235622406006,0.031134423931439725,0.010946909152073034
T,3,14,16,15|16|17|18,10,10,missing,0.900259792804718,-1.729819922542572,0.013874351978302002,0.07584596288204182,0.013874351978302002,0.02651534579197564,0.009322834498551681
T,3,15,17,17|18|19,10,10,missing,0.9034111499786377,-1.767127082681656,0.010722994804382324,0.038538802742957845,0.010722994804382324,0.0171461285948753,0.006028603980314019
T,3,16,18,18|19|20,10,10,missing,0.9016432762145996,-1.7512890846490858,0.01249086856842041,0.05437680077552809,0.01249086856842041,0.02155366869767509,0.007578301549657702
T,3,17,19,19|20|21,10,10,missing,0.9019737839698792,-1.7578002389431,0.01216036081314087,0.047865646481513924,0.01216036081314087,0.02013796856005986,0.007080539303367938
T,3,18,20,20|21|22,10,10,missing,0.903023898601532,-1.757976279950142,0.011110246181488037,0.047689605474471986,0.011110246181488037,0.0190585137605667,0.0067010014114884525
T,3,19,21,21|22|23,10,10,missing,0.9064669013023376,-1.777509635424614,0.007667243480682373,0.028156249999999883,0.007667243480682373,0.012359951814015686,0.004345777199217743
T,3,20,22,22|23|24,10,10,missing,0.9051993489265442,-1.769766623711586,0.00893479585647583,0.03589926171302782,0.00893479585647583,0.014918006141980467,0.005245192855533142
T,3,21,23,23|24|25,10,10,missing,0.9041144251823425,-1.7611438365936278,0.01001971960067749,0.044522048830986094,0.01001971960067749,0.017440061072508506,0.006131951070871402
T,3,22,24,24|25|26,10,10,missing,0.9015434980392456,-1.735451301431656,0.012590646743774414,0.07021458399295799,0.012590646743774414,0.024293077409267415,0.00854148167344077
T,3,23,25,25|26|27,10,10,missing,0.903008222579956,-1.738266776061058,0.011125922203063965,0.06739910936355598,0.011125922203063965,0.02235910709698996,0.007861494873044923
T,3,24,26,26|27|28,10,10,missing,0.9004127383232117,-1.7239247506618498,0.01372140645980835,0.08174113476276412,0.01372140645980835,0.02734492892026904,0.009614517144086355
T,3,25,27,27|28|29,10,10,missing,0.8932009339332581,-1.6786107858180999,0.020933210849761963,0.12705509960651407,0.020933210849761963,0.042109060784180974,0.014805607577600502
T,3,26,28,28|29|30,10,10,missing,0.7094482779502869,-0.8825808483123779,0.20468586683273315,0.923085037112236,0.20468586683273315,0.35853337301810584,0.126060860193151
T,4,0,3,1|2|3|4,10,10,missing,0.9059982895851135,-1.7486494362115859,0.008135855197906494,0.057016449213028064,0.008135855197906494,0.01763859673341117,0.00620175650064695
T,4,1,4,2|3|4|5,10,10,missing,0.9044715166091919,-1.738266776061058,0.009662628173828125,0.06739910936355598,0.009662628173828125,0.02089581306775412,0.007346998544605069
T,4,2,5,3|4|5|6,10,10,missing,0.9026365876197815,-1.742666297531128,0.011497557163238525,0.06299958789348592,0.011497557163238525,0.021997488478819514,0.0077343492361278176
T,4,3,6,4|5|6|7,10,10,missing,0.8975185751914978,-1.7292040475368502,0.016615569591522217,0.07646183788776373,0.016615569591522217,0.02935920923948284,0.010322741060796623
T,4,4,7,5|6|7|8,10,10,missing,0.8963546752929688,-1.734835319018364,0.01777946949005127,0.07083056640624985,0.01777946949005127,0.02958456389109291,0.010401976087068665
T,4,5,8,6|7|8|9,10,10,missing,0.8955566883087158,-1.749705360031128,0.0185774564743042,0.05596052539348584,0.0185774564743042,0.027904210706551837,0.009811161441033327
T,4,6,9,7|8|9|10,10,10,missing,0.8980380296707153,-1.7614077369928358,0.016096115112304688,0.04425814843177811,0.016096115112304688,0.023472473184267706,0.00825295602348301
T,4,7,10,8|9|10|11,10,10,missing,0.8997654914855957,-1.7738140631675718,0.014368653297424316,0.031851822257042084,0.014368653297424316,0.019677290340264664,0.006918564165124115
T,4,8,11,9|10|11|12,10,10,missing,0.8961732387542725,-1.745569846367836,0.01796090602874756,0.06009603905677796,0.01796090602874756,0.027976912538210552,0.009836723511753177
T,4,9,12,10|11|12|13,10,10,missing,0.9000771045684814,-1.7672149420738221,0.014057040214538574,0.0384509433507918,0.014057040214538574,0.020465530773003875,0.007195710658220892
T,4,10,13,11|12|13|14,10,10,missing,0.8952483534812927,-1.739850715494156,0.018885791301727295,0.06581516993045788,0.018885791301727295,0.029854986290136942,0.010497056999487005
T,4,11,14,12|13|14|15|16,10,10,missing,0.8906880021095276,-1.6915450201988222,0.02344614267349243,0.11412086522579168,0.02344614267349243,0.04246628687779104,0.014931208796435017
T,4,12,15,13|14|15|16|17,10,10,missing,0.897158682346344,-1.732987586593628,0.016975462436676025,0.07267829883098598,0.016975462436676025,0.029088512241840357,0.010227563599108026
T,4,13,16,14|15|16|17|18,10,10,missing,0.8938693404197693,-1.6987601237058638,0.020264804363250732,0.1069057617187501,0.020264804363250732,0.038082431316375745,0.013389838746605282
T,4,14,17,15|16|17|18|19,10,10,missing,0.8951734900474548,-1.713102149105072,0.018960654735565186,0.09256373631954196,0.018960654735565186,0.03438794412215551,0.012090851626506801
T,4,15,18,17|18|19|20,10,10,missing,0.8995357155799866,-1.749969260430336,0.014598429203033447,0.055696624994277855,0.014598429203033447,0.023881200035413087,0.008396664984257556
T,4,16,19,18|19|20|21,10,10,missing,0.8983296751976013,-1.7390586920738222,0.0158044695854187,0.06660719335079168,0.0158044695854187,0.026905668477217315,0.009460072527581636
T,4,17,20,19|20|21|22,10,10,missing,0.8973485231399536,-1.738090842461586,0.016785621643066406,0.06757504296302796,0.016785621643066406,0.02804812880357107,0.00986176325518213
T,4,18,21,20|21|22|23,10,10,missing,0.902582585811615,-1.75999994597435,0.01155155897140503,0.04566593945026387,0.01155155897140503,0.019162548879782342,0.0067375803121029814
T,4,19,22,21|22|23|24,10,10,missing,0.9020476341247559,-1.75736029753685,0.01208651065826416,0.048305587887763846,0.01208651065826416,0.020137441972891468,0.0070803541545466295
T,4,20,23,22|23|24|25,10,10,missing,0.8994024395942688,-1.7412585065126418,0.01473170518875122,0.06440737891197212,0.01473170518875122,0.025466268340746577,0.008953977326908428
T,4,21,24,23|24|25|26,10,10,missing,0.9008104205131531,-1.7370350260496141,0.013323724269866943,0.0686308593749998,0.013323724269866943,0.02476220083236691,0.008706426157561894
T,4,22,25,24|25|26|27,10,10,missing,0.8986076712608337,-1.7165337135553362,0.01552647352218628,0.08913217186927769,0.01552647352218628,0.030381835500399225,0.010682297955102012
T,4,23,26,25|26|27|28,10,10,missing,0.8940255045890808,-1.6918969948053362,0.02010864019393921,0.11376889061927775,0.02010864019393921,0.03907012196381883,0.013737112227936454
T,4,24,27,26|27|28|29,10,10,missing,0.8891109228134155,-1.647199012374878,0.025023221969604492,0.15846687304973583,0.025023221969604492,0.0514343674778938,0.018084399098397153
T,4,25,28,27|28|29|30,10,10,missing,0.6929531693458557,-0.834891189134121,0.2211809754371643,0.970774696290493,0.2211809754371643,0.38297675815224647,0.13465519028327244
T,1,0,0,1,11,11,missing,0.9189454317092896,-1.4067269967556002,0.003179788589477539,0.002463714838027542,0.003179788589477539,0.003590407729148796,0.0013214164471436383
T,1,1,1,2,11,11,missing,0.918544352054596,-1.428460059261322,0.0035808682441711426,0.01926934766769417,0.0035808682441711426,0.006792426188786838,0.002499889806108462
T,1,2,2,3,11,11,missing,0.9167585968971252,-1.364844596362114,0.005366623401641846,0.04434611523151366,0.005366623401641846,0.012757642606894121,0.004695332686220298
T,1,3,3,4,11,11,missing,0.8813774585723877,-1.0713157115936278,0.040747761726379395,0.3378749999999999,0.040747761726379395,0.09706026172637938,0.035722134054037014
T,1,4,4,5,11,11,missing,0.9115486145019531,-1.355869727230072,0.010576605796813965,0.05332098436355581,0.010576605796813965,0.019463436524073265,0.007163338283851144
T,1,5,5,6,11,11,missing,0.9154505133628845,-1.355517860031128,0.006674706935882568,0.05367285156249979,0.006674706935882568,0.0156201821962992,0.005748863978315761
T,1,6,6,7,11,11,missing,0.9192109704017639,-1.3842019108295442,0.002914249897003174,0.024988800764083496,0.002914249897003174,0.0070790500243504235,0.0026053790649974264
T,1,7,7,8,11,11,missing,0.921485424041748,-1.37813080534935,0.000639796257019043,0.03105990624427779,0.000639796257019043,0.005816447297732008,0.0021406897775895248
T,1,8,8,9,11,11,missing,0.9210432767868042,-1.393000738954544,0.0010819435119628906,0.016189972639083727,0.0010819435119628906,0.003780272285143512,0.0013912943456854071
T,1,9,9,10,11,11,missing,0.9256162047386169,-1.4367309791803362,-0.0034909844398498535,0.027540267586708467,0.0,0.004590044597784744,0.0016893235760924363
T,1,10,10,11,11,11,missing,0.9209889769554138,-1.410774436211586,0.0011362433433532715,0.0015837246179581932,0.0011362433433532715,0.0014001974463463036,0.0005153297548435199
T,1,11,11,12,11,11,missing,0.9220595955848694,-1.412710135436058,6.562471389770508e-05,0.0035194238424303137,6.562471389770508e-05,0.0006521953543027573,0.00024003448436499839
T,1,12,12,13,11,11,missing,0.9212355613708496,-1.40540717253685,0.0008896589279174805,0.0037835390567777516,0.0008896589279174805,0.0015202487707137724,0.0005595135374352976
T,1,13,13,14,11,11,missing,0.9217994213104248,-1.3812103951930998,0.00032579898834228516,0.027980316400527894,0.00032579898834228516,0.004989185055096934,0.001836223539773665
T,2,0,1,1|2,11,11,missing,0.9144064784049988,-1.420277106142044,0.0077187418937683105,0.011086394548416312,0.0077187418937683105,0.009566474318504362,0.003520852632702486
T,2,1,2,2|3,11,11,missing,0.9101720452308655,-1.372147666668892,0.011953175067901611,0.037043044924735646,0.011953175067901611,0.018127015888690885,0.0066714809960118325
T,2,2,3,3|4,11,11,missing,0.8591819405555725,-0.9539393229246139,0.06294327974319458,0.4552513886690138,0.06294327974319458,0.13881851118803024,0.051090872594390574
T,2,3,4,4|5,11,11,missing,0.8539915084838867,-0.984735221362114,0.06813371181488037,0.42445549023151374,0.06813371181488037,0.13887629352013264,0.05111213884874229
T,2,4,5,5|6,11,11,missing,0.9021217226982117,-1.2915504225254058,0.02000349760055542,0.11764028906822199,0.02000349760055542,0.039610212445259085,0.01457817332975383
T,2,5,6,6|7,11,11,missing,0.9117645621299744,-1.3263057936191558,0.010360658168792725,0.08288491797447195,0.010360658168792725,0.024174811164538047,0.008897316263015527
T,2,6,7,7|8,11,11,missing,0.9186937212944031,-1.3541099616050722,0.0034314990043640137,0.0550807499885555,0.0034314990043640137,0.012611624002456598,0.004641591885718386
T,2,7,8,8|9,11,11,missing,0.9203827977180481,-1.3627328561306,0.0017424225807189941,0.04645785546302772,0.0017424225807189941,0.009485398491223613,0.003491013422307304
T,2,8,9,9|10,11,11,missing,0.9247550964355469,-1.4311877819061278,-0.002629876136779785,0.02199707031250009,0.0,0.0036661783854166816,0.0013493031382819144
T,2,9,10,10|11,11,11,missing,0.9243335723876953,-1.442714225268364,-0.0022083520889282227,0.03352351367473627,0.0,0.005587252279122712,0.0020563366650627984
T,2,10,11,11|12,11,11,missing,0.9210811257362366,-1.4188694225311278,0.0010440945625305176,0.009678710937500057,0.0010440945625305176,0.0026572130521138604,0.000977962753957319
T,2,11,12,12|13,11,11,missing,0.9217621684074402,-1.415613899087906,0.0003630518913269043,0.006423187494278171,0.0003630518913269043,0.0014335831403732662,0.0005276170515837685
T,2,12,13,13|14,11,11,missing,0.9212498068809509,-1.3790987623691557,0.0008754134178161621,0.030091949224472003,0.0008754134178161621,0.005890738288561496,0.0021680318915114874
T,3,0,2,1|2|3,11,11,missing,0.9042121767997742,-1.3572775182485581,0.01791304349899292,0.05191319334506961,0.01791304349899292,0.026565242389837852,0.009777092426383398
T,3,1,3,2|3|4,11,11,missing,0.7940595149993896,-0.820461089527607,0.12806570529937744,0.5887296220660208,0.12806570529937744,0.22618730897704759,0.08324615273939655
T,3,2,4,3|4|5,11,11,missing,0.8206537961959839,-0.854248557305336,0.1014714241027832,0.5549421542882917,0.1014714241027832,0.19396178315083185,0.07138584520415484
T,3,3,5,4|5|6,11,11,missing,0.7981922626495361,-0.7764670026063919,0.12393295764923096,0.6327237089872358,0.12393295764923096,0.22938690914710358,0.08442373606918677
T,3,4,6,5|6|7,11,11,missing,0.8974291682243347,-1.2588187174558638,0.024696052074432373,0.15037199413776392,0.024696052074432373,0.04975805109739302,0.018312991743000953
T,3,5,7,6|7|8,11,11,missing,0.9113272428512573,-1.2939260631561278,0.010797977447509766,0.11526464843749995,0.010797977447509766,0.03000875218709309,0.011044444444665763
T,3,6,8,7|8|9,11,11,missing,0.9177354574203491,-1.3366003795623778,0.004389762878417969,0.07259033203124998,0.004389762878417969,0.016488151550292963,0.006068312092988774
T,3,7,9,8|9|10,11,11,missing,0.9242489337921143,-1.4044392155170442,-0.002123713493347168,0.004751496076583539,0.0,0.0007919160127639232,0.00029145738394194834
T,3,8,10,9|10|11,11,11,missing,0.923610270023346,-1.4374348209857941,-0.0014850497245788574,0.028244109392166372,0.0,0.004707351565361062,0.0017324973234809095
T,3,9,11,10|11|12,11,11,missing,0.9249885082244873,-1.4590800240993498,-0.002863287925720215,0.04988931250572204,0.0,0.00831488541762034,0.003060216882265677
T,3,10,12,11|12|13,11,11,missing,0.921103835105896,-1.4262603522300719,0.0010213851928710938,0.017069640636444117,0.0010213851928710938,0.0038663252989451133,0.0014229653636705073
T,3,11,13,12|13|14,11,11,missing,0.9220922589302063,-1.390185264325142,3.2961368560791016e-05,0.019005447268485742,3.2961368560791016e-05,0.0032005359133084146,0.0011779277214630666
T,4,0,3,1|2|3|4,11,11,missing,0.7639211416244507,-0.7752351451873779,0.1582040786743164,0.6339555664062498,0.1582040786743164,0.2638633397420247,0.09711246834242517
T,4,1,4,2|3|4|5,11,11,missing,0.6899349093437195,-0.653151351249218,0.2321903109550476,0.7560393603444098,0.2321903109550476,0.35819687101244924,0.13183105440324291
T,4,2,5,3|4|5|6,11,11,missing,0.7150291800498962,-0.580473052418232,0.20709604024887085,0.8287176591753957,0.20709604024887085,0.34521565011143684,0.1270534357881367
T,4,3,6,4|5|6|7,11,11,missing,0.7863490581512451,-0.729261214530468,0.13577616214752197,0.6799294970631597,0.13577616214752197,0.24909774499138193,0.09167812739085228
T,4,4,7,5|6|7|8,11,11,missing,0.8980752825737,-1.2339180983066558,0.02404993772506714,0.17527261328697197,0.02404993772506714,0.05326203993956247,0.0196026025159112
T,4,5,8,6|7|8|9,11,11,missing,0.9109532833099365,-1.2817836373806002,0.011171936988830566,0.12740707421302755,0.011171936988830566,0.032406449357668496,0.011926894772171952
T,4,6,9,7|8|9|10,11,11,missing,0.921989381313324,-1.3809464947938919,0.00013583898544311523,0.028244216799735877,0.00013583898544311523,0.0048432084520657614,0.0017824981975019445
T,4,7,10,8|9|10|11,11,11,missing,0.9230946898460388,-1.4115663522243498,-0.0009694695472717285,0.0023756406307220423,0.0,0.0003959401051203404,0.00014572210357675398
T,4,8,11,9|10|11|12,11,11,missing,0.9247568249702454,-1.4564403756618498,-0.0026316046714782715,0.047249664068222064,0.0,0.007874944011370344,0.0028983005056718494
T,4,9,12,10|11|12|13,11,11,missing,0.9255664944648743,-1.4738619909048079,-0.0034412741661071777,0.06467127931118011,0.0,0.010778546551863352,0.003966944638154582
T,4,10,13,11|12|13|14,11,11,missing,0.9216426610946655,-1.398280143237114,0.0004825592041015625,0.010910568356513828,0.0004825592041015625,0.0023009872635205335,0.0008468571382573628
T,1,0,0,1,12,12,missing,0.8728845119476318,-1.105191092467308,0.0046193599700927734,0.02595665037631978,0.0046193599700927734,0.00894546836614607,0.001826348428596754
T,1,1,1,2,12,12,missing,0.8725103735923767,-1.105983008480072,0.0049934983253479,0.02516473436355593,0.0049934983253479,0.009187620719273887,0.0018757873793049918
T,1,2,2,3,12,12,missing,0.8734093904495239,-1.1166296764373778,0.004094481468200684,0.014518066406250085,0.004094481468200684,0.006514159202575698,0.0013299610413108852
T,1,3,3,4,12,12,missing,0.8762153387069702,-1.1320276256561281,0.0012885332107543945,0.0008798828125002878,0.0012885332107543945,0.0014351803461711092,0.00029301309475333854
T,1,4,4,5,12,12,missing,0.8713693022727966,-1.0944565651178362,0.0061345696449279785,0.03669117772579167,0.0061345696449279785,0.012249765932559924,0.0025009691886314755
T,1,5,5,6,12,12,missing,0.8735758066177368,-1.118037467455864,0.003928065299987793,0.013110275387763881,0.003928065299987793,0.00611311119794844,0.001248081215340586
T,1,6,6,7,12,12,missing,0.8735011219978333,-1.117597526049614,0.004002749919891357,0.013550216794013803,0.004002749919891357,0.006261119385560324,0.0012782992553358329
T,1,7,7,8,12,12,missing,0.8722978830337524,-1.1192693248748777,0.005205988883972168,0.01187841796875011,0.005205988883972168,0.007185725212097186,0.0014670710813877441
T,1,8,8,9,12,12,missing,0.869895875453949,-1.0769469830751417,0.007607996463775635,0.05420075976848615,0.007607996463775635,0.016641456425189993,0.0033975971461403984
T,1,9,9,10,12,12,missing,0.8675653338432312,-1.0609330514431,0.009938538074493408,0.07021469140052794,0.009938538074493408,0.021640986641248063,0.004418324488755043
T,1,10,10,11,12,12,missing,0.8739821314811707,-1.1211170572996139,0.003521740436553955,0.010030685544013984,0.003521740436553955,0.005193521360556286,0.001060333476962716
T,1,11,11,12,12,12,missing,0.8717983961105347,-1.0946326061248781,0.005705475807189941,0.03651513671874973,0.005705475807189941,0.011791331926981563,0.0024073731697945022
T,1,12,12,13,12,12,missing,0.8692751526832581,-1.085657844400406,0.008228719234466553,0.04548989844322193,0.008228719234466553,0.01581036897500354,0.003227918466774788
T,1,13,13,14,12,12,missing,0.8735097646713257,-1.1110863717555999,0.003994107246398926,0.02006137108802797,0.003994107246398926,0.007337669094403587,0.0014980926511174396
T,1,14,14,15,12,12,missing,0.8703533411026001,-1.082402213549614,0.007150530815124512,0.04874552929401377,0.007150530815124512,0.015274785697460139,0.0031185712937384464
T,1,15,15,16,12,12,missing,0.8702137470245361,-1.0764190748691558,0.0072901248931884766,0.05472866797447207,0.0072901248931884766,0.01641156955560049,0.003350662373600288
T,1,16,16,17,12,12,missing,0.8709902167320251,-1.0839860455751418,0.006513655185699463,0.04716169726848607,0.006513655185699463,0.014373938063780475,0.0029346500508438413
T,1,17,17,18,12,12,missing,0.8745592832565308,-1.1187413092613219,0.0029445886611938477,0.012406433582305976,0.0029445886611938477,0.0050123275915781775,0.0010233401143236996
T,1,18,18,19,12,12,missing,0.8666220903396606,-1.0843380201816557,0.010881781578063965,0.04680972266197214,0.010881781578063965,0.018683402021725987,0.0038144902565813276
T,1,19,19,20,12,12,missing,0.8715944290161133,-1.097360221362114,0.005909442901611328,0.03378752148151376,0.005909442901611328,0.011540696481863622,0.002356202271569191
T,1,20,20,21,12,12,missing,0.8718128800392151,-1.107390906906128,0.0056909918785095215,0.023756835937499776,0.0056909918785095215,0.009650464534759484,0.0019702837254434364
T,1,21,21,22,12,12,missing,0.8714786767959595,-1.0964803385496138,0.006025195121765137,0.03466740429401405,0.006025195121765137,0.011803095837434146,0.0024097749444685415
T,1,22,22,23,12,12,missing,0.867667019367218,-1.073427344417572,0.009836852550506592,0.05772039842605592,0.009836852550506592,0.019456918954849245,0.003972415071412602
T,1,23,23,24,12,12,missing,0.8709728717803955,-1.09304888150692,0.0065310001373291016,0.03809886133670792,0.0065310001373291016,0.012880810360113754,0.0026298061540607326
T,1,24,24,25,12,12,missing,0.8760930299758911,-1.129915885424614,0.001410841941833496,0.001231857419013771,0.001410841941833496,0.0016161515116691245,0.0003299610096304908
T,1,25,25,26,12,12,missing,0.8733768463134766,-1.106070975279808,0.004127025604248047,0.025076767563819935,0.004127025604248047,0.008306486864884704,0.0016958909932826246
T,1,26,26,27,12,12,missing,0.8743352890014648,-1.118037467455864,0.0031685829162597656,0.013110275387763881,0.0031685829162597656,0.0053536288142204125,0.001093021759391027
T,1,27,27,28,12,12,missing,0.8725270628929138,-1.0936647565126418,0.004976809024810791,0.03748298633098601,0.004976809024810791,0.011223973413308459,0.0022915386167576463
T,1,28,28,29,12,12,missing,0.8686617016792297,-1.0719315865993502,0.008842170238494873,0.05921615624427767,0.008842170238494873,0.018711529612541154,0.0038202329163485797
T,1,29,29,30,12,12,missing,0.8739821314811707,-1.1087986979246138,0.003521740436553955,0.022349044919014016,0.003521740436553955,0.007246581256389625,0.0014794957344427741
T,1,30,30,31,12,12,missing,0.8774645924568176,-1.130707801437378,3.927946090698242e-05,0.00043994140624992184,3.927946090698242e-05,0.00011260302861530273,2.298955805881337e-05
T,1,31,31,32,12,12,missing,0.8679648041725159,-1.0695558385610582,0.00953906774520874,0.061591904282569665,0.00953906774520874,0.019804385125637015,0.004043355380967593
T,1,32,32,33|34,12,12,missing,0.8654648661613464,-1.050726432299614,0.012039005756378174,0.08042131054401391,0.012039005756378174,0.025442557513713826,0.005194470879859911
T,1,33,33,35,12,12,missing,0.8664153218269348,-1.0695559459686281,0.011088550090789795,0.061591796874999716,0.011088550090789795,0.021353849569956417,0.004359701248754553
T,1,34,34,36,12,12,missing,0.8746134042739868,-1.1184774088621139,0.002890467643737793,0.01267033398151396,0.002890467643737793,0.00500218997399012,0.0010212703711650593
T,1,35,35,37,12,12,missing,0.877059817314148,-1.1241086803436278,0.00044405460357666016,0.007039062500000082,0.00044405460357666016,0.0016172316869100072,0.00033018154323175654
T,1,36,36,38,12,12,missing,0.8759462833404541,-1.125340537762642,0.0015575885772705078,0.005807205080985867,0.0015575885772705078,0.0025254560907681523,0.0005156088618366706
T,1,37,37,39,12,12,missing,0.8756595253944397,-1.1238446725368498,0.0018443465232849121,0.0073030703067780145,0.0018443465232849121,0.0030615249077479145,0.0006250551648626694
T,1,38,38,40,12,12,missing,0.8733408451080322,-1.11592572722435,0.004163026809692383,0.01522201561927794,0.004163026809692383,0.006700029412905373,0.001367909167967198
T,1,39,39,41,12,12,missing,0.7548556327819824,-0.5756337506532669,0.12264823913574219,0.5555139921903609,0.12264823913574219,0.21523390450080232,0.04394315503405418
T,1,40,40,42,12,12,missing,0.8768737316131592,-1.1266603619813917,0.0006301403045654297,0.004487380862236101,0.0006301403045654297,0.0013780371149381132,0.00028134646688147833
T,2,0,1,1|2,12,12,missing,0.8676881790161133,-1.080818381524086,0.009815692901611328,0.05032936131954191,0.009815692901611328,0.01820391978820165,0.003716596933627852
T,2,1,2,2|3,12,12,missing,0.8683509826660156,-1.09304877409935,0.009152889251708984,0.03809896874427787,0.009152889251708984,0.015502717375755298,0.003165106885329961
T,2,2,3,3|4,12,12,missing,0.8720835447311401,-1.117509559249878,0.005420327186584473,0.013638183593749797,0.005420327186584473,0.007693357785542773,0.0015707117086717795
T,2,3,4,4|5,12,12,missing,0.8704657554626465,-1.097800162768364,0.007038116455078125,0.03334758007526384,0.007038116455078125,0.012596046467622097,0.002571667433282125
T,2,4,5,5|6,12,12,missing,0.8676106333732605,-1.082138313150406,0.009893238544464111,0.04900942969322175,0.009893238544464111,0.018061476826667734,0.00368751511607354
T,2,5,6,6|7,12,12,missing,0.8694973587989807,-1.1036954420566558,0.008006513118743896,0.027452300786972028,0.008006513118743896,0.012581896583239233,0.002568778527072891
T,2,6,7,7|8,12,12,missing,0.8681612610816956,-1.108182822918892,0.009342610836029053,0.022964919924735927,0.009342610836029053,0.013170097490151708,0.0026888683600551746
T,2,7,8,8|9,12,12,missing,0.8664705157279968,-1.0844258795738222,0.011033356189727783,0.04672186326980565,0.011033356189727783,0.01882033340136206,0.003842446803940029
T,2,8,9,9|10,12,12,missing,0.8629767894744873,-1.038232139325142,0.014527082443237305,0.09291560351848593,0.014527082443237305,0.030013016362984958,0.006127597016544095
T,2,9,10,10|11,12,12,missing,0.865639328956604,-1.06533257291317,0.011864542961120605,0.06581516993045788,0.011864542961120605,0.022833737949530253,0.004661842143552407
T,2,10,11,11|12,12,12,missing,0.8695218563079834,-1.095776496744156,0.007982015609741211,0.035371246099471954,0.007982015609741211,0.013877223292986535,0.0028332384529298083
T,2,11,12,12|13,12,12,missing,0.8650878667831421,-1.0635726998805999,0.01241600513458252,0.06757504296302796,0.01241600513458252,0.023678512295087183,0.004834315203137039
T,2,12,13,13|14,12,12,missing,0.8656308054924011,-1.0711396705865859,0.011873066425323486,0.06000807225704197,0.011873066425323486,0.02187441180149715,0.004465981655173433
T,2,13,14,14|15,12,12,missing,0.8667363524436951,-1.0670042643308641,0.010767519474029541,0.0641434785127637,0.010767519474029541,0.021458099226156824,0.00438098534344812
T,2,14,15,15|16,12,12,missing,0.8641563057899475,-1.037968131518364,0.0133475661277771,0.09317961132526387,0.0133475661277771,0.02887750134865441,0.005895764989736082
T,2,15,16,16|17,12,12,missing,0.8659267425537109,-1.047646842455864,0.011577129364013672,0.08350090038776381,0.011577129364013672,0.02549394609530764,0.005204962611695538
T,2,16,17,17|18,12,12,missing,0.8678519129753113,-1.0714916451930998,0.00965195894241333,0.05965609765052804,0.00965195894241333,0.019594641884168006,0.004000533225236159
T,2,17,18,18|19,12,12,missing,0.8632158041000366,-1.070083854174614,0.014288067817687988,0.0610638886690138,0.014288067817687988,0.024465382595856955,0.004994966303615914
T,2,18,19,19|20,12,12,missing,0.8617429137229919,-1.0595252604246141,0.015760958194732666,0.0716224824190137,0.015760958194732666,0.02769803859790162,0.005654960388651363
T,2,19,20,20|21,12,12,missing,0.8659759163856506,-1.0760671002626419,0.011527955532073975,0.055080642580985995,0.011527955532073975,0.020708062628904976,0.0042278543831995715
T,2,20,21,21|22,12,12,missing,0.8655595183372498,-1.0743072272300722,0.011944353580474854,0.05684051561355563,0.011944353580474854,0.021417772849400794,0.004372752122804459
T,2,21,22,22|23,12,12,missing,0.8615936040878296,-1.042631553387642,0.01591026782989502,0.08851618945598583,0.01591026782989502,0.030662966072559326,0.006260293772282495
T,2,22,23,23|24,12,12,missing,0.861360490322113,-1.040783713555336,0.016143381595611572,0.0903640292882919,0.016143381595611572,0.031204053143660225,0.006370764625410657
T,2,23,24,24|25,12,12,missing,0.8697188496589661,-1.093312781906128,0.007785022258758545,0.03783496093749994,0.007785022258758545,0.0140908490816752,0.0028768532875600235
T,2,24,25,25|26,12,12,missing,0.8721084594726562,-1.104751258468628,0.005395412445068359,0.02639648437499975,0.005395412445068359,0.009794826507568317,0.0019997573372652986
T,2,25,26,26|27,12,12,missing,0.8700922131538391,-1.092872840499878,0.007411658763885498,0.03827490234374986,0.007411658763885498,0.013790809154510475,0.0028155957404910085
T,2,26,27,27|28,12,12,missing,0.8698123693466187,-1.085393836593628,0.007691502571105957,0.045753906249999865,0.007691502571105957,0.0153171536127726,0.003127221324389348
T,2,27,28,28|29,12,12,missing,0.8667802214622498,-1.0641885748863222,0.010723650455474854,0.06695916795730561,0.010723650455474854,0.021883511781692455,0.004467839549455733
T,2,28,29,29|30,12,12,missing,0.8667358756065369,-1.0664763561248778,0.010767996311187744,0.06467138671875006,0.010767996311187744,0.02154656076431275,0.004399046062528382
T,2,29,30,30|31,12,12,missing,0.8740806579589844,-1.110030555343628,0.0034232139587402344,0.0211171874999998,0.0034232139587402344,0.006942745208740201,0.001417463153759171
T,2,30,31,31|32,12,12,missing,0.8683303594589233,-1.072283561205864,0.00917351245880127,0.058864181637763746,0.00917351245880127,0.018984209398428563,0.0038759044897175346
T,2,31,32,32|33|34,12,12,missing,0.857796311378479,-1.0090199655056,0.019707560539245605,0.12212777733802782,0.019707560539245605,0.04006219009558358,0.008179283066285762
T,2,32,33,33|34|35,12,12,missing,0.8569919466972351,-1.0164110026121138,0.020511925220489502,0.11473674023151403,0.020511925220489502,0.03963471525907518,0.008092007815402712
T,2,33,34,35|36,12,12,missing,0.8636513948440552,-1.0593492194175722,0.013852477073669434,0.07179852342605564,0.013852477073669434,0.025818897644678707,0.005271306231422585
T,2,34,35,36|37,12,12,missing,0.8740463256835938,-1.1114383463621138,0.0034575462341308594,0.01970939648151404,0.0034575462341308594,0.006742445647716533,0.0013765690637516964
T,2,35,36,37|38,12,12,missing,0.8754637837409973,-1.118301475262642,0.002040088176727295,0.012846267580985948,0.002040088176727295,0.004181132773558286,0.0008536395142418272
T,2,36,37,38|39,12,12,missing,0.8739821314811707,-1.118037467455864,0.003521740436553955,0.013110275387763881,0.003521740436553955,0.005706786334514602,0.0011651240413327268
T,2,37,38,39|40,12,12,missing,0.8713418841362,-1.1087107311248778,0.006161987781524658,0.02243701171875001,0.006161987781524658,0.00990148973464966,0.0020215341978158654
T,2,38,39,40|41,12,12,missing,0.7489123940467834,-0.574357909834385,0.12859147787094116,0.5567898330092429,0.12859147787094116,0.22138978337248166,0.045199967896583725
T,2,39,40,41|42,12,12,missing,0.7604192495346069,-0.5883919977307319,0.11708462238311768,0.5427557451128959,0.11708462238311768,0.207543913235267,0.04237313064976541
T,3,0,2,1|2|3,12,12,missing,0.8634668588638306,-1.067884147143364,0.014037013053894043,0.06326359570026385,0.014037013053894043,0.024580945670604683,0.005018560198460824
T,3,1,3,2|3|4,12,12,missing,0.8670904040336609,-1.09480853972435,0.01041346788406372,0.03633920311927774,0.01041346788406372,0.01647000173727668,0.0033625921595897682
T,3,2,4,3|4|5,12,12,missing,0.8668397068977356,-1.087417502617836,0.010664165019989014,0.04373024022579175,0.010664165019989014,0.017952538390954304,0.003665273738346246
T,3,3,5,4|5|6,12,12,missing,0.8666832447052002,-1.0871536022186281,0.010820627212524414,0.043994140624999734,0.010820627212524414,0.018152983983357702,0.0037061976427994244
T,3,4,6,5|6|7,12,12,missing,0.8633691072463989,-1.070259895181656,0.014134764671325684,0.06088784766197186,0.014134764671325684,0.02428273928165433,0.004957676995081767
T,3,5,7,6|7|8,12,12,missing,0.8644407391548157,-1.09744818816185,0.013063132762908936,0.033699554681777766,0.013063132762908936,0.018679725209871895,0.0038137395815716906
T,3,6,8,7|8|9,12,12,missing,0.862602710723877,-1.075803092455864,0.014901161193847656,0.05534465038776393,0.014901161193847656,0.02412526959180831,0.004925527250783269
T,3,7,9,8|9|10,12,12,missing,0.8608590960502625,-1.0538060221433638,0.016644775867462158,0.07734172070026402,0.016644775867462158,0.029535062650839494,0.006030015763624755
T,3,8,10,9|10|11,12,12,missing,0.8612731695175171,-1.04509526822567,0.01623070240020752,0.08605247461795784,0.01623070240020752,0.030572781503200495,0.006241881271137724
T,3,9,11,10|11|12,12,12,missing,0.8633871078491211,-1.060405143237114,0.014116764068603516,0.07074259960651386,0.014116764068603516,0.025907197336355825,0.005289333907172956
T,3,10,12,11|12|13,12,12,missing,0.8631724119186401,-1.0695559459686281,0.014331459999084473,0.061591796874999716,0.014331459999084473,0.024596759478251094,0.005021788818982747
T,3,11,13,12|13|14,12,12,missing,0.8620505928993225,-1.0545979381561281,0.0154532790184021,0.07654980468749972,0.0154532790184021,0.028211579799652053,0.005759807348972198
T,3,12,14,13|14|15,12,12,missing,0.8591781258583069,-1.032600867843628,0.018325746059417725,0.09854687499999981,0.018325746059417725,0.034750225226084355,0.00709476761163543
T,3,13,15,14|15|16,12,12,missing,0.860982358455658,-1.0290813365936278,0.01652151346206665,0.10206640625000007,0.01652151346206665,0.03353258117039999,0.006846167737747842
T,3,14,16,15|16|17,12,12,missing,0.860343873500824,-1.0164989694118498,0.017159998416900635,0.11464877343177804,0.017159998416900635,0.036268127322196975,0.007404669563610398
T,3,15,17,16|17|18,12,12,missing,0.8624172806739807,-1.035240516281128,0.015086591243743896,0.09590722656249984,0.015086591243743896,0.031071129004160536,0.006343626214836587
T,3,16,18,17|18|19,12,12,missing,0.859848141670227,-1.0496705084800722,0.01765573024749756,0.0814772343635557,0.01765573024749756,0.031235269308090174,0.006377137862732608
T,3,17,19,18|19|20,12,12,missing,0.8580390214920044,-1.0461510846376418,0.019464850425720215,0.08499665820598601,0.019464850425720215,0.03363096012671788,0.006866253243047725
T,3,18,20,19|20|21,12,12,missing,0.8568081855773926,-1.043159461593628,0.02069568634033203,0.08798828124999991,0.02069568634033203,0.03536039988199868,0.007219343707417746
T,3,19,21,20|21|22,12,12,missing,0.8598458766937256,-1.0461509772300719,0.017657995223999023,0.08499676561355596,0.017657995223999023,0.03182412282625835,0.006497360935864267
T,3,20,22,21|22|23,12,12,missing,0.8556182384490967,-1.022746115899086,0.02188563346862793,0.1084016269445418,0.02188563346862793,0.03995257129271823,0.008156902781636223
T,3,21,23,22|23|24,12,12,missing,0.8554831743240356,-1.013243445968628,0.022020697593688965,0.11790429687499993,0.022020697593688965,0.04167141373952228,0.008507829650217664
T,3,22,24,23|24|25,12,12,missing,0.860228419303894,-1.0411356881618499,0.017275452613830566,0.09001205468177798,0.017275452613830566,0.03227746172746023,0.006589916714493501
T,3,23,25,24|25|26,12,12,missing,0.865638792514801,-1.0706117623806,0.011865079402923584,0.06053598046302788,0.011865079402923584,0.021954409480094896,0.00448231435331938
T,3,24,26,25|26|27,12,12,missing,0.8688995242118835,-1.093400748705864,0.008604347705841064,0.037746994137763945,0.008604347705841064,0.01489551339546839,0.0030411372965008787
T,3,25,27,26|27|28,12,12,missing,0.865901529788971,-1.0642766490936277,0.011602342128753662,0.06687109375000011,0.011602342128753662,0.02274752442042035,0.004644240388454872
T,3,26,28,27|28|29,12,12,missing,0.8643202781677246,-1.0586453776121139,0.01318359375,0.07250236523151399,0.01318359375,0.025267321288585665,0.005158693837082896
T,3,27,29,28|29|30,12,12,missing,0.8651039600372314,-1.0612850260496138,0.012399911880493164,0.06986271679401401,0.012399911880493164,0.02404369801282883,0.004908873217814897
T,3,28,30,29|30|31,12,12,missing,0.8674044013023376,-1.072723502612114,0.010099470615386963,0.058424240231513824,0.010099470615386963,0.01983684398730593,0.004049982333137857
T,3,29,31,30|31|32,12,12,missing,0.8659967184066772,-1.0611090924501418,0.011507153511047363,0.070038650393486,0.011507153511047363,0.023180261909961697,0.0047325900870586616
T,3,30,32,31|32|33|34,12,12,missing,0.858466625213623,-1.0142992623806002,0.019037246704101562,0.11684848046302765,0.019037246704101562,0.0385119934479395,0.007862787708462427
T,3,31,33,32|33|34|35,12,12,missing,0.851888120174408,-0.9893986432313919,0.02561575174331665,0.14174909961223592,0.02561575174331665,0.04924060167868931,0.010053190265517332
T,3,32,34,33|34|35|36,12,12,missing,0.8541499376296997,-1.0062043834686278,0.023353934288024902,0.12494335937500001,0.023353934288024902,0.04417782751719157,0.009019550744842886
T,3,33,35,35|36|37,12,12,missing,0.8635278344154358,-1.057237586593628,0.013976037502288818,0.07391015624999975,0.013976037502288818,0.026294396877288774,0.005368386366383757
T,3,34,36,36|37|38,12,12,missing,0.8725684881210327,-1.1063350904941558,0.0049353837966918945,0.024812652349472053,0.0049353837966918945,0.009070825854937237,0.0018519419965683343
T,3,35,37,37|38|39,12,12,missing,0.8734514117240906,-1.112582129573822,0.004052460193634033,0.01856561326980577,0.004052460193634033,0.007146729071934995,0.0014591094480342478
T,3,36,38,38|39|40,12,12,missing,0.8697866797447205,-1.102815559244156,0.00771719217300415,0.028332183599471872,0.00771719217300415,0.01243922277291613,0.002539649578356059
T,3,37,39,39|40|41,12,12,missing,0.7480733394622803,-0.5778334039807319,0.12943053245544434,0.5533143388628959,0.12943053245544434,0.22164958893259368,0.04525301100813806
T,3,38,40,40|41|42,12,12,missing,0.7548106908798218,-0.5876001354217529,0.12269318103790283,0.5435476074218749,0.12269318103790283,0.21328444894154863,0.043545145119812424
T,4,0,3,1|2|3|4,12,12,missing,0.8623368740081787,-1.070347861981392,0.015166997909545898,0.06079988086223587,0.015166997909545898,0.025300311386585207,0.005165429248933296
T,4,1,4,2|3|4|5,12,12,missing,0.8620927929878235,-1.067268272137642,0.015411078929901123,0.06387947070598576,0.015411078929901123,0.026057657380898748,0.0053200525296832665
T,4,2,5,3|4|5|6,12,12,missing,0.8631276488304138,-1.0767709420681002,0.014376223087310791,0.054376800775527645,0.014376223087310791,0.0234390232165654,0.0047854199989597335
T,4,3,6,4|5|6|7,12,12,missing,0.8626561164855957,-1.0745712350368501,0.014847755432128906,0.0565765078067777,0.014847755432128906,0.02427717339992519,0.00495654063878004
T,4,4,7,5|6|7|8,12,12,missing,0.8591466546058655,-1.0679721139431,0.01835721731185913,0.06317562890052786,0.01835721731185913,0.02888648879528044,0.005897599908641464
T,4,5,8,6|7|8|9,12,12,missing,0.8588328957557678,-1.0666522897243498,0.018670976161956787,0.06449545311927807,0.018670976161956787,0.029420218348503134,0.006006568616698489
T,4,6,9,7|8|9|10,12,12,missing,0.856818675994873,-1.045183127617836,0.020685195922851562,0.0859646152257918,0.020685195922851562,0.03501263179381686,0.007148341757003315
T,4,7,10,8|9|10|11,12,12,missing,0.8592562675476074,-1.0617249674558638,0.018247604370117188,0.06942277538776409,0.018247604370117188,0.029818066934744536,0.006087795234530067
T,4,8,11,9|10|11|12,12,12,missing,0.8597044944763184,-1.045799110031128,0.01779937744140625,0.08534863281249994,0.01779937744140625,0.032024149576822904,0.006538199327619519
T,4,9,12,10|11|12|13,12,12,missing,0.8582666516304016,-1.042279578781128,0.019237220287322998,0.08886816406249975,0.019237220287322998,0.03404858096440629,0.006951516655698983
T,4,10,13,11|12|13|14,12,12,missing,0.8601071834564209,-1.0615489264488218,0.01739668846130371,0.06959881639480603,0.01739668846130371,0.02899649119377138,0.005920058509958095
T,4,11,14,12|13|14|15,12,12,missing,0.8565027713775635,-1.023362098312378,0.021001100540161133,0.10778564453124995,0.021001100540161133,0.038965374628702795,0.00795535211908357
T,4,12,15,13|14|15|16,12,12,missing,0.8542516231536865,-1.0011890944004058,0.023252248764038086,0.12995864844322202,0.023252248764038086,0.044912023504575085,0.009169447612503222
T,4,13,16,14|15|16|17,12,12,missing,0.8571755290031433,-1.008316016292572,0.0203283429145813,0.1228317265510559,0.0203283429145813,0.04080029733975728,0.008329978474324333
T,4,14,17,15|16|17|18,12,12,missing,0.8566752076148987,-1.0039167096376418,0.020828664302825928,0.12723103320598605,0.020828664302825928,0.0420338365038236,0.008581823567470157
T,4,15,18,16|17|18|19,12,12,missing,0.8564810156822205,-1.027233604168892,0.02102285623550415,0.10391413867473576,0.02102285623550415,0.038341879347960114,0.0078280564225797
T,4,16,19,17|18|19|20,12,12,missing,0.8550139665603638,-1.027321570968628,0.02248990535736084,0.10382617187499976,0.02248990535736084,0.03979426733652747,0.008124582709640461
T,4,17,20,18|19|20|21,12,12,missing,0.8530783653259277,-1.0297851783990861,0.024425506591796875,0.10136256444454173,0.024425506591796875,0.041319267332553825,0.008435933801875415
T,4,18,21,19|20|21|22,12,12,missing,0.8516637086868286,-1.023010123705864,0.025840163230895996,0.10813761913776387,0.025840163230895996,0.043863099753856646,0.008955294460825625
T,4,19,22,20|21|22|23,12,12,missing,0.8498894572257996,-0.9970535807371139,0.02761441469192505,0.13409416210651393,0.02761441469192505,0.04996344170967737,0.0102007686483014
T,4,20,23,21|22|23|24,12,12,missing,0.8494157195091248,-0.9949418405056,0.028088152408599854,0.13620590233802787,0.028088152408599854,0.050789136131604504,0.010369346261933653
T,4,21,24,22|23|24|25,12,12,missing,0.8543103933334351,-1.0151791451931,0.02319347858428955,0.1159685976505278,0.02319347858428955,0.04252157819271085,0.00868140317924672
T,4,22,25,23|24|25|26,12,12,missing,0.8559113144874573,-1.019930533862114,0.021592557430267334,0.11121720898151377,0.021592557430267334,0.0401287589271863,0.008192874068569249
T,4,23,26,24|25|26|27,12,12,missing,0.862801194190979,-1.0609330514431,0.014702677726745605,0.07021469140052794,0.014702677726745605,0.02640512629350026,0.005390993399019703
T,4,24,27,25|26|27|28,12,12,missing,0.864990770816803,-1.0664763561248778,0.01251310110092163,0.06467138671875006,0.01251310110092163,0.023291665554046638,0.004755334773193206
T,4,25,28,26|27|28|29,12,12,missing,0.8604505658149719,-1.039903830742836,0.017053306102752686,0.09124391210079175,0.017053306102752686,0.032260624786217974,0.006586479206257874
T,4,26,29,27|28|29|30,12,12,missing,0.8627238273620605,-1.055829795575142,0.014780044555664062,0.07531794726848595,0.014780044555664062,0.027333035767078386,0.0055804397130174085
T,4,27,30,28|29|30|31,12,12,missing,0.8658925890922546,-1.067620139336586,0.01161128282546997,0.06352760350704179,0.01161128282546997,0.02219921674331027,0.004532295342819552
T,4,28,31,29|30|31|32,12,12,missing,0.8627089858055115,-1.04729497525692,0.014794886112213135,0.08385276758670779,0.014794886112213135,0.02877034737666443,0.005873887936422425
T,4,29,32,30|31|32|33|34,12,12,missing,0.8562352657318115,-1.007084266281128,0.021268606185913086,0.12406347656249994,0.021268606185913086,0.041945852279663076,0.00856386029903527
T,4,30,33,31|32|33|34|35,12,12,missing,0.8525810241699219,-0.994853873705864,0.024922847747802734,0.13629386913776387,0.024922847747802734,0.04763849260409671,0.009726096225154256
T,4,31,34,32|33|34|35|36,12,12,missing,0.8487561345100403,-0.9790159830808639,0.028747737407684326,0.15213175976276394,0.028747737407684326,0.054103030701478316,0.011045926390832132
T,4,32,35,33|34|35|36|37,12,12,missing,0.8540658354759216,-1.004884559249878,0.02343803644180298,0.12626318359374977,0.02343803644180298,0.04448190037409461,0.009081631673605149
T,4,33,36,35|36|37|38,12,12,missing,0.8623382449150085,-1.0545099713563921,0.015165627002716064,0.07663777148723572,0.015165627002716064,0.02793858891725535,0.00570407226069294
T,4,34,37,36|37|38|39,12,12,missing,0.870448887348175,-1.0991199869871138,0.0070549845695495605,0.03202775585651407,0.0070549845695495605,0.012392943878968572,0.0025302010641163586
T,4,35,38,37|38|39|40,12,12,missing,0.8694376349449158,-1.0991199869871138,0.008066236972808838,0.03202775585651407,0.008066236972808838,0.013404196282227849,0.0027366630582805573
T,4,36,39,38|39|40|41,12,12,missing,0.746336042881012,-0.5790212242960929,0.13116782903671265,0.5521265185475349,0.13116782903671265,0.22318891546130182,0.04556728707192058
T,4,37,40,39|40|41|42,12,12,missing,0.75383460521698,-0.5912516705751419,0.12366926670074463,0.5398960722684859,0.12366926670074463,0.21365194541215893,0.04362017490854367
T,1,0,0,1,13,13,missing,0.7021608352661133,0.13001028669774534,0.0008613467216491699,0.0006709079593420209,0.0008613467216491699,0.0009731647148728401,0.001217927803600348
T,1,1,1,2,13,13,missing,0.6977285742759705,0.12744763606190684,0.005293607711791992,0.0032335585951805135,0.005293607711791992,0.005832534144322078,0.00729948937857496
T,1,2,2,3,13,13,missing,0.7021224498748779,0.1264467586219311,0.0008997321128845215,0.004234436035156247,0.0008997321128845215,0.0016054714520772292,0.002009267587992008
T,1,3,3,4,13,13,missing,0.7022229433059692,0.1322869781047106,0.0007992386817932129,0.0016057834476232435,0.0007992386817932129,0.0010668692563970867,0.001335200208468537
T,1,4,4,5,13,13,missing,0.682452917098999,0.12239930573999885,0.020569264888763428,0.008281888917088503,0.020569264888763428,0.02194957970827818,0.02747017333807373
T,1,5,5,6,13,13,missing,0.6924675107002258,0.13283690486252311,0.010554671287536621,0.002155710205435757,0.010554671287536621,0.010913956321775914,0.013658952742966586
T,1,6,6,7,13,13,missing,0.7028920650482178,0.12935037458837034,0.00013011693954467773,0.0013308200687170146,0.00013011693954467773,0.0003519202843308469,0.00044043263425707306
T,1,7,7,8,13,13,missing,0.7007076144218445,0.13365079914927486,0.0023145675659179688,0.0029696044921874998,0.0023145675659179688,0.002809501647949219,0.003516126426496527
T,1,8,8,9,13,13,missing,0.7074248790740967,0.1236971248328686,-0.0044026970863342285,0.006984069824218758,0.0,0.001164011637369793,0.0014567751123737366
T,1,9,9,10,13,13,missing,0.7079672813415527,0.10882711067199709,-0.004945099353790283,0.02185408398509027,0.0,0.0036423473308483784,0.004558443207827781
T,1,10,10,11,13,13,missing,0.7033064961433411,0.12309220539927485,-0.0002843141555786133,0.007588989257812512,0.0,0.0012648315429687519,0.00158295248431162
T,1,11,11,12,13,13,missing,0.695127546787262,0.12684270320236685,0.007894635200500488,0.0038384914547205107,0.007894635200500488,0.00853438377628724,0.010680887961596662
T,1,12,12,13,13,13,missing,0.7012203335762024,0.1213654407501221,0.0018018484115600586,0.009315753906965263,0.0018018484115600586,0.0033544740627209357,0.0041981662148302245
T,1,13,13,14,13,13,missing,0.7030339241027832,0.12279525032043459,-1.1742115020751953e-05,0.007885944336652767,0.0,0.0013143240561087944,0.0016448929830803097
T,1,14,14,15,13,13,missing,0.7036334872245789,0.1177799075484276,-0.0006113052368164062,0.01290128710865976,0.0,0.00215021451810996,0.0026910203435123875
T,1,15,15,16,13,13,missing,0.7076146602630615,0.11991362605392936,-0.004592478275299072,0.010767568603158001,0.0,0.0017945947671930002,0.0022459577805856276
T,1,16,16,17,13,13,missing,0.7023168802261353,0.1214644302517176,0.0007053017616271973,0.009216764405369754,0.0007053017616271973,0.002241429162522156,0.002805176611025281
T,1,17,17,18,13,13,missing,0.6980717778205872,0.1079692195594311,0.004950404167175293,0.022711975097656253,0.004950404167175293,0.008735733350118001,0.010932879469779947
T,1,18,18,19,13,13,missing,0.7098243236541748,0.10978397786021235,-0.0068021416664123535,0.020897216796875007,0.0,0.0034828694661458346,0.004358854666945035
T,1,19,19,20,13,13,missing,0.7082531452178955,0.13233097493052484,-0.005230963230133057,0.0016497802734374845,0.0,0.0002749633789062474,0.000344120105285131
T,1,20,20,21,13,13,missing,0.7033553719520569,0.12892142903208734,-0.0003331899642944336,0.0017597656250000204,0.0,0.00029329427083333676,0.0003670614456374808
T,1,21,21,22,13,13,missing,0.7033851742744446,0.13045022810399534,-0.0003629922866821289,0.00023096655309201575,0.0,3.849442551533596e-05,4.817625464860429e-05
T,1,22,22,23,13,13,missing,0.6932210326194763,0.11676804768443111,0.009801149368286133,0.013913146972656248,0.009801149368286133,0.012120007197062174,0.015168340487013189
T,1,23,23,24,13,13,missing,0.7057028412818909,0.12377410920858387,-0.002680659294128418,0.006907085448503492,0.0,0.0011511809080839153,0.0014407172943097291
T,1,24,24,25,13,13,missing,0.7055264115333557,0.12311421052515509,-0.0025042295455932617,0.0075669841319322695,0.0,0.0012611640219887116,0.0015783625359671997
T,1,25,25,26,13,13,missing,0.6985485553741455,0.12726065290868285,0.004473626613616943,0.003420541748404504,0.004473626613616943,0.005043716905017694,0.006312274744684731
T,1,26,26,27,13,13,missing,0.71267169713974,0.11702101936340334,-0.009649515151977539,0.013660175293684018,0.0,0.0022766958822806696,0.0028493133515782795
T,1,27,27,28,13,13,missing,0.7116127610206604,0.1026789268344641,-0.00859057903289795,0.02800226782262326,0.0,0.004667044637103876,0.0058408646936150286
T,1,28,28,29,13,13,missing,0.7027619481086731,0.09609080830365421,0.00026023387908935547,0.034590386353433145,0.00026023387908935547,0.006025298271328213,0.00754073609275345
T,1,29,29,30,13,13,missing,0.701315701007843,0.1114887508094311,0.0017064809799194336,0.019192443847656254,0.0017064809799194336,0.0049052216211954765,0.006138946166021005
T,2,0,1,1|2,13,13,missing,0.6964492201805115,0.1277665828406811,0.0065729618072509766,0.0029146118164062595,0.0065729618072509766,0.0070587304433186865,0.008834089372179284
T,2,1,2,2|3,13,13,missing,0.6966931223869324,0.1247749866485596,0.006329059600830078,0.005906208008527758,0.006329059600830078,0.007313427602251371,0.00915284604987353
T,2,2,3,3|4,13,13,missing,0.7011844515800476,0.1292733902126551,0.0018377304077148438,0.0014078044444322535,0.0018377304077148438,0.002072364481786886,0.002593590050058357
T,2,3,4,4|5,13,13,missing,0.6817029714584351,0.12700769465565684,0.021319210529327393,0.0036735000014305186,0.021319210529327393,0.02193146052956581,0.027447496959455666
T,2,4,5,5|6,13,13,missing,0.6732012033462524,0.13095615803599361,0.02982097864151001,0.00027496337890625666,0.02982097864151001,0.029866805871327718,0.03737868083326184
T,2,5,6,6|7,13,13,missing,0.6925874948501587,0.1328039173126221,0.01043468713760376,0.002122722655534731,0.01043468713760376,0.010788474246859548,0.013501910357891955
T,2,6,7,7|8,13,13,missing,0.700833797454834,0.13351882209777835,0.002188384532928467,0.002837627440690993,0.002188384532928467,0.002661322439710299,0.003330678295392382
T,2,7,8,8|9,13,13,missing,0.7034303545951843,0.12836050642430785,-0.000408172607421875,0.0023206882327795053,0.0,0.00038678137212991753,0.00048406172134310546
T,2,8,9,9|10,13,13,missing,0.7097281217575073,0.10879410969614985,-0.006705939769744873,0.02188708496093751,0.0,0.003647847493489585,0.004565326730116117
T,2,9,10,10|11,13,13,missing,0.7081156373023987,0.1080682090610266,-0.0050934553146362305,0.02261298559606076,0.0,0.003768830932676793,0.004716739016350257
T,2,10,11,11|12,13,13,missing,0.6967726349830627,0.1239721016377211,0.006249547004699707,0.006709093019366258,0.006249547004699707,0.007367729174594083,0.009220805146339585
T,2,11,12,12|13,13,13,missing,0.6948529481887817,0.12190437165796758,0.008169233798980713,0.008776822999119777,0.008169233798980713,0.009632037632167342,0.012054615481074378
T,2,12,13,13|14,13,13,missing,0.7008820176124573,0.11595415339767937,0.0021401643753051758,0.014727041259407991,0.0021401643753051758,0.004594671251873175,0.0057502884974521135
T,2,13,14,14|15,13,13,missing,0.7027704119682312,0.11422738874852659,0.00025177001953125,0.01645380590856077,0.00025177001953125,0.0029940710042913785,0.0037471172827680775
T,2,14,15,15|16,13,13,missing,0.7072339057922363,0.11144476740956309,-0.004211723804473877,0.019236427247524265,0.0,0.003206071207920711,0.004012438187259397
T,2,15,16,16|17,13,13,missing,0.704792857170105,0.11684504548609259,-0.0017706751823425293,0.013836149170994766,0.0,0.002306024861832461,0.0028860189360507093
T,2,16,17,17|18,13,13,missing,0.6963003873825073,0.11241263044774535,0.006721794605255127,0.018268564209342003,0.006721794605255127,0.009766555306812127,0.012222966032139062
T,2,17,18,18|19,13,13,missing,0.7023353576660156,0.10228847346603873,0.0006868243217468262,0.02839272119104863,0.0006868243217468262,0.005418944520254931,0.006781876794873943
T,2,18,19,19|20,13,13,missing,0.7099679708480835,0.11361146003901962,-0.006945788860321045,0.01706973461806774,0.0,0.0028449557696779565,0.0035604977029574736
T,2,19,20,20|21,13,13,missing,0.7078584432601929,0.1292843860626221,-0.00483626127243042,0.0013968085944652542,0.0,0.0002328014324108757,0.0002913539022921123
T,2,20,21,21|22,13,13,missing,0.7036266922950745,0.12796454841792587,-0.0006045103073120117,0.0027166462391614854,0.0,0.0004527743731935809,0.0005666527869768047
T,2,21,22,22|23,13,13,missing,0.6945438981056213,0.11956167829930786,0.008478283882141113,0.011119516357779496,0.008478283882141113,0.010331536608437697,0.012930047192448092
T,2,22,23,23|24,13,13,missing,0.6968986988067627,0.11299555818140508,0.006123483180999756,0.017685636475682276,0.006123483180999756,0.009071089260280135,0.011352581582737806
T,2,23,24,24|25,13,13,missing,0.7082852721214294,0.1173289702922106,-0.005263090133666992,0.013352224364876764,0.0,0.0022253707274794607,0.002785079278865674
T,2,24,25,25|26,13,13,missing,0.7007230520248413,0.12073852961659434,0.0022991299629211426,0.009942665040493015,0.0022991299629211426,0.003956240803003312,0.004951284811374924
T,2,25,26,26|27,13,13,missing,0.7074825763702393,0.11638311237990859,-0.004460394382476807,0.01429808227717877,0.0,0.002383013712863128,0.002982371445347912
T,2,26,27,27|28,13,13,missing,0.7153041362762451,0.09842799702435734,-0.012281954288482666,0.03225319763273002,0.0,0.005375532938788337,0.006727546658096085
T,2,27,28,28|29,13,13,missing,0.7078083753585815,0.08967866365015509,-0.004786193370819092,0.04100253100693227,0.0,0.006833755167822045,0.008552530003079253
T,2,28,29,29|30,13,13,missing,0.7020409107208252,0.08995362031608822,0.0009812712669372559,0.040727574340999134,0.0009812712669372559,0.007769200323770445,0.009723251307254046
T,3,0,2,1|2|3,13,13,missing,0.6954980492591858,0.12595182453989984,0.00752413272857666,0.00472937011718752,0.00752413272857666,0.008312361081441247,0.010403023784083254
T,3,1,3,2|3|4,13,13,missing,0.6958503127098083,0.12843750422596933,0.0071718692779541016,0.002243690431118023,0.0071718692779541016,0.007545817683140439,0.00944368514059489
T,3,2,4,3|4|5,13,13,missing,0.682415783405304,0.12660074079930786,0.020606398582458496,0.004080453857779498,0.020606398582458496,0.021286474225421747,0.026640288538565548
T,3,3,5,4|5|6,13,13,missing,0.6727201342582703,0.1358505196064711,0.030302047729492188,0.005169324949383741,0.030302047729492188,0.03116360188772281,0.03900163725556917
T,3,4,6,5|6|7,13,13,missing,0.6736522912979126,0.13199002302587035,0.029369890689849854,0.0013088283687829882,0.029369890689849854,0.029588028751313684,0.03702978778331491
T,3,5,7,6|7|8,13,13,missing,0.691386342048645,0.1396120132595301,0.011635839939117432,0.008930818602442742,0.011635839939117432,0.013124309706191222,0.016425237629295715
T,3,6,8,7|8|9,13,13,missing,0.7033637762069702,0.12958134114146236,-0.00034159421920776367,0.0010998535156249989,0.0,0.00018330891927083315,0.0002294134035234226
T,3,7,9,8|9|10,13,13,missing,0.7057520151138306,0.11529424128830434,-0.0027298331260681152,0.015386953368783013,0.0,0.002564492228130502,0.0032094940753840057
T,3,8,10,9|10|11,13,13,missing,0.70961594581604,0.1088381065219641,-0.006593763828277588,0.021843088135123256,0.0,0.0036405146891872095,0.004556149633883861
T,3,9,11,10|11|12,13,13,missing,0.7020885944366455,0.11219265974462034,0.0009335875511169434,0.01848853491246702,0.0009335875511169434,0.004015010036528113,0.005024835241648683
T,3,10,12,11|12|13,13,13,missing,0.6966041326522827,0.12160740315318111,0.006418049335479736,0.009073791503906248,0.006418049335479736,0.007930347919464112,0.009924929537341035
T,3,11,13,12|13|14,13,13,missing,0.6945740580558777,0.11824185408055785,0.008448123931884766,0.012439340576529512,0.008448123931884766,0.010521347361306351,0.013167597721981273
T,3,12,14,13|14|15,13,13,missing,0.7014971375465393,0.1108178428500891,0.0015250444412231445,0.01986335180699826,0.0015250444412231445,0.004835603075722854,0.006051817686246231
T,3,13,15,14|15|16,13,13,missing,0.7059630155563354,0.1088600982218981,-0.002940833568572998,0.021821096435189258,0.0,0.003636849405864876,0.0045515624859960285
T,3,14,16,15|16|17,13,13,missing,0.7047781348228455,0.11252261579930783,-0.0017559528350830078,0.018158578857779523,0.0,0.0030264298096299206,0.003787614732080398
T,3,15,17,16|17|18,13,13,missing,0.6986841559410095,0.10987197151184085,0.00433802604675293,0.02080922314524651,0.00433802604675293,0.007806229904294014,0.009769594290087332
T,3,16,18,17|18|19,13,13,missing,0.6959052681922913,0.1082001861125231,0.007116913795471191,0.02248100854456425,0.007116913795471191,0.010863748552898567,0.013596117092703154
T,3,17,19,18|19|20,13,13,missing,0.7026742696762085,0.1071993220984936,0.0003479123115539551,0.023481872558593755,0.0003479123115539551,0.004261557737986248,0.005333392771458892
T,3,18,20,19|20|21,13,13,missing,0.7088033556938171,0.11050438728332522,-0.0057811737060546875,0.020176807373762137,0.0,0.003362801228960356,0.004208587767454559
T,3,19,21,20|21|22,13,13,missing,0.7079364657402039,0.12844850007593633,-0.004914283752441406,0.0022326945811510235,0.0,0.00037211576352517056,0.00046570752887859987
T,3,20,22,21|22|23,13,13,missing,0.6951188445091248,0.11705400691330436,0.007903337478637695,0.013627187743782992,0.007903337478637695,0.010174535435934861,0.012733558262807807
T,3,21,23,22|23|24,13,13,missing,0.698208749294281,0.11640510407984259,0.004813432693481445,0.014276090577244771,0.004813432693481445,0.0071927811230222405,0.00900185547323836
T,3,22,24,23|24|25,13,13,missing,0.6998883485794067,0.10646242561340334,0.003133833408355713,0.024218769043684016,0.003133833408355713,0.0071702949156363825,0.008973713703654844
T,3,23,25,24|25|26,13,13,missing,0.7037733793258667,0.11654809040725234,-0.000751197338104248,0.014133104249835021,0.0,0.0023555173749725037,0.0029479594348193992
T,3,24,26,25|26|27,13,13,missing,0.70936119556427,0.11036690559387209,-0.006339013576507568,0.020314289063215266,0.0,0.003385714843869211,0.004237264442894987
T,3,25,27,26|27|28,13,13,missing,0.7101534605026245,0.10063320198059085,-0.0071312785148620605,0.030047992676496507,0.0,0.005007998779416084,0.006267573064077278
T,3,26,28,27|28|29,13,13,missing,0.710646390914917,0.08907373750358823,-0.007624208927154541,0.04160745715349913,0.0,0.006934576192249855,0.008678708775245429
T,3,27,29,28|29|30,13,13,missing,0.7061343193054199,0.08598864973485472,-0.0031121373176574707,0.04469254492223264,0.0,0.007448757487038773,0.009322213092082973
T,4,0,3,1|2|3|4,13,13,missing,0.6941404342651367,0.12986731379628183,0.008881747722625732,0.000813880860805527,0.008881747722625732,0.009017394532759987,0.011285381960151738
T,4,1,4,2|3|4|5,13,13,missing,0.6771489381790161,0.1283165095984936,0.025873243808746338,0.0023646850585937462,0.025873243808746338,0.026267357985178628,0.032873926816646776
T,4,2,5,3|4|5|6,13,13,missing,0.6737133264541626,0.13560854377746584,0.029308855533599854,0.0049273491203784825,0.029308855533599854,0.03013008038699627,0.037708172180113686
T,4,3,6,4|5|6|7,13,13,missing,0.6729533076286316,0.13704934919774533,0.03006887435913086,0.006368154540657978,0.03006887435913086,0.031130233449240523,0.03895987623775872
T,4,4,7,5|6|7|8,13,13,missing,0.6725943088531494,0.13582851448059086,0.030427873134613037,0.005147319823503499,0.030427873134613037,0.03128575977186362,0.03915451937434134
T,4,5,8,6|7|8|9,13,13,missing,0.6945420503616333,0.13613647883534433,0.00848013162612915,0.005455284178256969,0.00848013162612915,0.009389345655838646,0.011750883439453798
T,4,6,9,7|8|9|10,13,13,missing,0.7054892778396606,0.11752694929540158,-0.0024670958518981934,0.013154245361685774,0.0,0.002192374226947629,0.0027437837460488244
T,4,7,10,8|9|10|11,13,13,missing,0.7061988115310669,0.11507427058517936,-0.0031766295433044434,0.015606924071908002,0.0,0.002601154011984667,0.003255376756088688
T,4,8,11,9|10|11|12,13,13,missing,0.703946590423584,0.11369946711659434,-0.0009244084358215332,0.016981727540493013,0.0,0.0028302879234155024,0.0035421407100363804
T,4,9,12,10|11|12|13,13,13,missing,0.7015319466590881,0.11188469538986685,0.0014902353286743164,0.018796499267220504,0.0014902353286743164,0.004622985206544401,0.005785723765600396
T,4,10,13,11|12|13|14,13,13,missing,0.6964274644851685,0.11846182478368283,0.006594717502593994,0.012219369873404523,0.006594717502593994,0.008631279148161414,0.010802153730527845
T,4,11,14,12|13|14|15,13,13,missing,0.6961493492126465,0.1143373741000891,0.006872832775115967,0.016343820556998262,0.006872832775115967,0.009596802867949011,0.012010518733279307
T,4,12,15,13|14|15|16,13,13,missing,0.7038889527320862,0.10743030207753183,-0.0008667707443237305,0.023250892579555524,0.0,0.003875148763259254,0.004849797110119893
T,4,13,16,14|15|16|17,13,13,missing,0.7030757665634155,0.1104988826453686,-5.358457565307617e-05,0.02018231201171876,0.0,0.003363718668619793,0.004209735954654811
T,4,14,17,15|16|17|18,13,13,missing,0.698776364326477,0.10898109284937384,0.0042458176612854,0.02170010180771352,0.0042458176612854,0.007862501295904321,0.00984001863998624
T,4,15,18,16|17|18|19,13,13,missing,0.6955103278160095,0.10767226448059085,0.00751185417175293,0.02300893017649651,0.00751185417175293,0.01134667586783568,0.014200506663133508
T,4,16,19,17|18|19|20,13,13,missing,0.6961795091629028,0.11177471003830436,0.006842672824859619,0.018906484618782998,0.006842672824859619,0.009993753594656785,0.012507307528976584
T,4,17,20,18|19|20|21,13,13,missing,0.7014845609664917,0.1048786338657141,0.001537621021270752,0.02580256079137326,0.001537621021270752,0.005838047819832962,0.007306389812388584
T,4,18,21,19|20|21|22,13,13,missing,0.7083404660224915,0.1125666126251221,-0.005318284034729004,0.018114582031965254,0.0,0.0030190970053275423,0.0037784376358481393
T,4,19,22,20|21|22|23,13,13,missing,0.7007958889007568,0.11788990632593635,0.0022262930870056152,0.012791288331151007,0.0022262930870056152,0.0043581744755307825,0.005454309826044068
T,4,20,23,21|22|23|24,13,13,missing,0.6984584331512451,0.1136554702907801,0.004563748836517334,0.017025724366307254,0.004563748836517334,0.00740136956423521,0.009262906514424258
T,4,21,24,22|23|24|25,13,13,missing,0.7009492516517639,0.10989396321177484,0.002072930335998535,0.020787231445312512,0.002072930335998535,0.005537468910217287,0.006930211550269165
T,4,22,25,23|24|25|26,13,13,missing,0.6967707276344299,0.10792522273361685,0.0062514543533325195,0.022755971923470508,0.0062514543533325195,0.010044116340577605,0.012570337134946876
T,4,23,26,24|25|26|27,13,13,missing,0.7113249897956848,0.1078592342078686,-0.008302807807922363,0.02282196044921876,0.0,0.0038036600748697935,0.004760328123111026
T,4,24,27,25|26|27|28,13,13,missing,0.711688756942749,0.0957388538360596,-0.008666574954986572,0.03494234082102776,0.0,0.005823723470171294,0.00728846270975651
T,4,25,28,26|27|28|29,13,13,missing,0.7069846987724304,0.09237329805046322,-0.003962516784667969,0.038307896606624134,0.0,0.006384649434437356,0.007990468564675161
T,4,26,29,27|28|29|30,13,13,missing,0.7090594172477722,0.08581817378252747,-0.006037235260009766,0.044863020874559886,0.0,0.007477170145759981,0.009357771889583444
T,1,0,0,1,14,14,missing,0.6260409355163574,0.21175139460861686,0.006728947162628174,0.010844552978873268,0.006728947162628174,0.008536372659107052,0.0035018000107182442
T,1,1,1,2,14,14,missing,0.6248971223831177,0.2108935169219971,0.00787276029586792,0.0099866752922535,0.00787276029586792,0.00953720617791017,0.003912363017610044
T,1,2,2,3,14,14,missing,0.6261637210845947,0.20711001814305785,0.006606161594390869,0.006203176513314257,0.006606161594390869,0.007640024346609912,0.0031340990379917204
T,1,3,3,4,14,14,missing,0.6294059157371521,0.2086938098907471,0.003363966941833496,0.007786968261003502,0.003363966941833496,0.0046617949853340794,0.0019123665731946595
T,1,4,4,5,14,14,missing,0.593279242515564,0.2403035891890526,0.03949064016342163,0.039396747559309,0.03949064016342163,0.0460567647566398,0.01889345577554949
T,1,5,5,6,14,14,missing,0.6238008141517639,0.19821220051646235,0.00896906852722168,0.002694641113281243,0.00896906852722168,0.00941817537943522,0.003863534074917307
T,1,6,6,7,14,14,missing,0.6276668906211853,0.20080786555409433,0.005102992057800293,9.897607564926525e-05,0.005102992057800293,0.005119488070408504,0.0021001219248204333
T,1,7,7,8|9,14,14,missing,0.6292376518249512,0.2327586101830006,0.003532230854034424,0.031851768553257,0.003532230854034424,0.008840858946243924,0.0036267067042447883
T,1,8,8,10,14,14,missing,0.6480980515480042,0.15870546760559084,-0.015328168869018555,0.04220137402415275,0.0,0.007033562337358791,0.002885315537633392
T,1,9,9,11|12|13,14,14,missing,0.5913828015327454,0.2637524607717991,0.041387081146240234,0.0628456191420555,0.041387081146240234,0.051861351003249484,0.02127461941405435
T,1,10,10,14,14,14,missing,0.6286312937736511,0.19468165999054912,0.004138588905334473,0.006225181639194471,0.004138588905334473,0.0051761191785335515,0.0021233531991518917
T,1,11,11,15,14,14,missing,0.6200449466705322,0.2229919055938721,0.01272493600845337,0.022085063964128515,0.01272493600845337,0.01640578000247479,0.006729996789352552
T,1,12,12,16,14,14,missing,0.6511449813842773,0.18753262556493286,-0.018375098705291748,0.013374216064810734,0.0,0.002229036010801789,0.0009143975595055109
T,1,13,13,17,14,14,missing,0.6290860772132874,0.20912274202108386,0.003683805465698242,0.008215900391340264,0.003683805465698242,0.005053122197588286,0.002072897244803069
T,1,14,14,18,14,14,missing,0.6196243762969971,0.1908101809859276,0.013145506381988525,0.01009666064381598,0.013145506381988525,0.014828283155957855,0.0060828743294225
T,1,15,15,19,14,14,missing,0.6407425403594971,0.16772426643371585,-0.007972657680511475,0.03318257519602774,0.0,0.005530429199337957,0.0022686986385085928
T,1,16,16,20,14,14,missing,0.6338863372802734,0.2049433120876551,-0.0011164546012878418,0.004036470457911501,0.0,0.0006727450763185835,0.00027597421171037445
T,1,17,17,21,14,14,missing,0.6322106719017029,0.2031945423126221,0.0005592107772827148,0.0022877006828785074,0.0005592107772827148,0.0009404942244291327,0.0003858105563928007
T,1,18,18,22,14,14,missing,0.6195854544639587,0.22624745588898662,0.013184428215026855,0.025340614259243027,0.013184428215026855,0.017407863924900693,0.007141072738168813
T,1,19,19,23,14,14,missing,0.6163217425346375,0.2032055381625891,0.016448140144348145,0.0022986965328455067,0.016448140144348145,0.01683125623315573,0.006904536108177784
T,1,20,20,24,14,14,missing,0.6217445135116577,0.2213421253204346,0.01102536916732788,0.020435283690691003,0.01102536916732788,0.014431249782443048,0.005920002870179636
T,1,21,21,25|26,14,14,missing,0.6103571057319641,0.22046224250793459,0.022412776947021484,0.019555400878190993,0.022412776947021484,0.025672010426719984,0.010531199840665195
T,1,22,22,27,14,14,missing,0.6531834006309509,0.16234598005712034,-0.020413517951965332,0.038560861572623256,0.0,0.006426810262103876,0.0026364130460857426
T,1,23,23,28,14,14,missing,0.6461151242256165,0.15668172102570535,-0.01334524154663086,0.04422512060403824,0.0,0.0073708534340063735,0.0030236794555436046
T,1,24,24,29,14,14,missing,0.6319684982299805,0.16643744319081308,0.000801384449005127,0.034469398438930515,0.000801384449005127,0.00654628418882688,0.0026854237693269335
T,1,25,25,30,14,14,missing,0.618191659450531,0.1988611033499241,0.01457822322845459,0.0020457382798194923,0.01457822322845459,0.014919179608424505,0.006120161970313199
T,1,26,26,31,14,14,missing,0.624801754951477,0.2033045276641846,0.007968127727508545,0.0023976860344410156,0.007968127727508545,0.008367742066582048,0.003432624186947067
T,1,27,27,32,14,14,missing,0.625889003276825,0.2067360652625561,0.0068808794021606445,0.005829223632812519,0.0068808794021606445,0.007852416674296064,0.003221226848019363
T,1,28,28,33,14,14,missing,0.6296396851539612,0.20176471931636336,0.003130197525024414,0.0008578776866197679,0.003130197525024414,0.003273177139461042,0.0013427262608807396
T,1,29,29,34,14,14,missing,0.6341853737831116,0.18401309431493285,-0.0014154911041259766,0.016893747314810748,0.0,0.0028156245524684578,0.0011550285445298234
T,1,30,30,35,14,14,missing,0.6242371201515198,0.2084958308875561,0.00853276252746582,0.007588989257812512,0.00853276252746582,0.009797594070434573,0.00401917962007644
T,2,0,1,1|2,14,14,missing,0.6182469725608826,0.2205502361595631,0.014522910118103027,0.019643394529819502,0.014522910118103027,0.017796809206406278,0.007300626291573255
T,2,1,2,2|3,14,14,missing,0.6184939742088318,0.21623881574869158,0.014275908470153809,0.015331974118947989,0.014275908470153809,0.016831237489978473,0.006904528419331369
T,2,2,3,3|4,14,14,missing,0.6223404407501221,0.21352215608358385,0.010429441928863525,0.01261531445384026,0.010429441928863525,0.012531994337836902,0.005140888250671659
T,2,3,4,4|5,14,14,missing,0.5905632972717285,0.2442850535452366,0.04220658540725708,0.043378211915493015,0.04220658540725708,0.04943628739317258,0.02027980720108238
T,2,4,5,5|6,14,14,missing,0.5902612209320068,0.2377959178030491,0.04250866174697876,0.0368890761733055,0.04250866174697876,0.048656841109196346,0.019960061904739167
T,2,5,6,6|7,14,14,missing,0.6200606226921082,0.1992350696563721,0.012709259986877441,0.001671771973371483,0.012709259986877441,0.012987888649106022,0.005327905707364511
T,2,6,7,7|8|9,14,14,missing,0.6244986057281494,0.2352002796173096,0.008271276950836182,0.03429343798756601,0.008271276950836182,0.013986849948763851,0.005737700690496705
T,2,7,8,8|9|10,14,14,missing,0.6289469003677368,0.2122353328406811,0.0038229823112487793,0.011328491210937514,0.0038229823112487793,0.005711064179738365,0.0023427989152376557
T,2,8,9,10|11|12|13,14,14,missing,0.6070799827575684,0.2294370310842991,0.025689899921417236,0.028530189454555516,0.025689899921417236,0.03044493149717649,0.012489152676504753
T,2,9,10,11|12|13|14,14,14,missing,0.5885136723518372,0.2624326634049416,0.04425621032714844,0.061525821775198,0.04425621032714844,0.0545105139563481,0.022361361901527422
T,2,10,11,14|15,14,14,missing,0.6175650954246521,0.2172726673126221,0.015204787254333496,0.016365825682878504,0.015204787254333496,0.01793242486814658,0.0073562586947848365
T,2,11,12,15|16,14,14,missing,0.6367628574371338,0.2037444690704346,-0.003992974758148193,0.002837627440690993,0.0,0.0004729379067818322,0.00019400909884959543
T,2,12,13,16|17,14,14,missing,0.636065661907196,0.20044489509761337,-0.0032957792282104492,0.00046194653213021963,0.0,7.699108868836994e-05,3.158336754505578e-05
T,2,13,14,17|18,14,14,missing,0.6194357872009277,0.20318353303670886,0.013334095478057861,0.0022766914069652644,0.013334095478057861,0.013713544045885406,0.005625584847872607
T,2,14,15,18|19,14,14,missing,0.632637083530426,0.1632038577437401,0.0001327991485595703,0.03770298388600349,0.0001327991485595703,0.006416629796226818,0.0026322368043796866
T,2,15,16,19|20,14,14,missing,0.6329182982444763,0.17768892317414287,-0.00014841556549072266,0.023217918455600728,0.0,0.0038696530759334546,0.0015874132636797436
T,2,16,17,20|21,14,14,missing,0.6282605528831482,0.2098816570580006,0.004509329795837402,0.00897481542825701,0.004509329795837402,0.006005132367213571,0.0024634318846703997
T,2,17,18,21|22,14,14,missing,0.6164935231208801,0.2289311145782471,0.01627635955810547,0.028024272948503515,0.01627635955810547,0.020947071716189387,0.00859293038033099
T,2,18,19,22|23,14,14,missing,0.6045170426368713,0.2278532527625561,0.028252840042114258,0.026946411132812514,0.028252840042114258,0.03274390856424968,0.013432241531643841
T,2,19,20,23|24,14,14,missing,0.6073408126831055,0.2216280711233616,0.025429069995880127,0.020721229493618015,0.025429069995880127,0.028882608244816463,0.011848254744755838
T,2,20,21,24|25|26,14,14,missing,0.6033110618591309,0.2323186687767506,0.029458820819854736,0.03141182714700699,0.029458820819854736,0.034694125344355904,0.014232261565234229
T,2,21,22,25|26|27,14,14,missing,0.629558801651001,0.18458501277267936,0.003211081027984619,0.016321828857064236,0.003211081027984619,0.005931385837495326,0.0024331795036098944
T,2,22,23,27|28,14,14,missing,0.646817684173584,0.1442753814250231,-0.014047801494598389,0.056631460204720485,0.0,0.009438576700786747,0.003871903126993686
T,2,23,24,28|29,14,14,missing,0.634514570236206,0.1492137263953686,-0.001744687557220459,0.051693115234375,0.0,0.008615519205729167,0.0035342675925445774
T,2,24,25,29|30,14,14,missing,0.6258513331413269,0.16897808870077136,0.006918549537658691,0.03192875292897224,0.006918549537658691,0.012240008359154064,0.005021109447178315
T,2,25,26,30|31,14,14,missing,0.6108819842338562,0.2046133560329676,0.021887898445129395,0.003706514403224004,0.021887898445129395,0.02250565084566673,0.009232292393947662
T,2,26,27,31|32,14,14,missing,0.618312656879425,0.2099146446079016,0.014457225799560547,0.009007802978158008,0.014457225799560547,0.015958526295920216,0.006546523890856763
T,2,27,28,32|33,14,14,missing,0.624914824962616,0.20473432380855086,0.007855057716369629,0.0038274821788072677,0.007855057716369629,0.008492971412837507,0.0034839959046041873
T,2,28,29,33|34,14,14,missing,0.6296657919883728,0.19040324055552485,0.003104090690612793,0.010503601074218744,0.003104090690612793,0.00485469086964925,0.0019914965311682875
T,2,29,30,34|35,14,14,missing,0.6183230876922607,0.20737397224605086,0.014446794986724854,0.006467130616307271,0.014446794986724854,0.015524650089442732,0.006368538724889071
T,3,0,2,1|2|3,14,14,missing,0.6115200519561768,0.2263134578406811,0.021249830722808838,0.02540661621093751,0.021249830722808838,0.02548426675796509,0.010454183430122622
T,3,1,3,2|3|4,14,14,missing,0.6151989102363586,0.2216940730750561,0.017570972442626953,0.0207872314453125,0.017570972442626953,0.0210355110168457,0.008629210045752555
T,3,2,4,3|4|5,14,14,missing,0.5868207216262817,0.2480905574500561,0.04594916105270386,0.0471837158203125,0.04594916105270386,0.053813113689422605,0.022075273610900937
T,3,3,5,4|5|6,14,14,missing,0.587457001209259,0.24157943000793458,0.04531288146972656,0.04067258837819099,0.04531288146972656,0.05209164619942506,0.02136909135812718
T,3,4,6,5|6|7,14,14,missing,0.5884160399436951,0.23849984016418457,0.04435384273529053,0.03759299853444098,0.04435384273529053,0.05061934249103069,0.02076512134091671
T,3,5,7,6|7|8|9,14,14,missing,0.6186702847480774,0.2341004261016846,0.014099597930908203,0.03319358447194101,0.014099597930908203,0.01963186200956504,0.008053403634173723
T,3,6,8,7|8|9|10,14,14,missing,0.6251245141029358,0.2148749812781811,0.007645368576049805,0.013968139648437516,0.007645368576049805,0.00997339185078939,0.004091295575379068
T,3,7,9,8|9|10|11|12|13,14,14,missing,0.5965168476104736,0.2666560901641846,0.03625303506851196,0.06574924853444103,0.03625303506851196,0.047211243157585465,0.019367047151916183
T,3,8,10,10|11|12|13|14,14,14,missing,0.6037105917930603,0.2281612171173096,0.029059290885925293,0.027254375487566013,0.029059290885925293,0.03360168680051963,0.013784120246048304
T,3,9,11,11|12|13|14|15,14,14,missing,0.5847671627998352,0.2716934246361256,0.04800271987915039,0.07078658300638202,0.04800271987915039,0.059800483713547396,0.024531419008007756
T,3,10,12,14|15|16,14,14,missing,0.6316988468170166,0.2009068416297436,0.0010710358619689941,0.0,0.0010710358619689941,0.0010710358619689941,0.0004393614879173954
T,3,11,13,15|16|17,14,14,missing,0.6283748149871826,0.2127412761986256,0.0043950676918029785,0.011834434568882002,0.0043950676918029785,0.006367473453283312,0.002612071836293061
T,3,12,14,16|17|18,14,14,missing,0.6265289783477783,0.1961774715125561,0.006240904331207275,0.0047293701171874925,0.006240904331207275,0.007029132684071858,0.002883498400478407
T,3,13,15,17|18|19,14,14,missing,0.6237908005714417,0.1827592586219311,0.008979082107543945,0.018147583007812496,0.008979082107543945,0.012003679275512694,0.004924162275273223
T,3,14,16,18|19|20,14,14,missing,0.6258471012115479,0.17453234895467762,0.006922781467437744,0.026374492675065975,0.006922781467437744,0.011318530246615405,0.0046430997007408815
T,3,15,17,19|20|21,14,14,missing,0.6265244483947754,0.18551990168690685,0.006245434284210205,0.015386939942836741,0.006245434284210205,0.008809924274682995,0.0036140166498704568
T,3,16,18,20|21|22,14,14,missing,0.6154231429100037,0.2289311145782471,0.017346739768981934,0.028024272948503515,0.017346739768981934,0.02201745192706585,0.009032022906349165
T,3,17,19,21|22|23,14,14,missing,0.6003807187080383,0.2344743655562401,0.032389163970947266,0.033567523926496506,0.032389163970947266,0.037983751292030014,0.015581735473983336
T,3,18,20,22|23|24,14,14,missing,0.5960226058959961,0.2423053440690041,0.0367472767829895,0.04139850243926052,0.0367472767829895,0.04364702718953292,0.017904930628475403
T,3,19,21,23|24|25|26,14,14,missing,0.5929573774337769,0.2319227107703686,0.03981250524520874,0.031015869140625013,0.03981250524520874,0.044981816768646245,0.018452489451069563
T,3,20,22,24|25|26|27,14,14,missing,0.6182581186294556,0.20174272761642936,0.01451176404953003,0.0008358859866857693,0.01451176404953003,0.014651078380644325,0.0060101811951284835
T,3,21,23,25|26|27|28,14,14,missing,0.6329264044761658,0.1592223933875561,-0.00015652179718017578,0.041684448242187505,0.0,0.0069474080403645845,0.002849973228881692
T,3,22,24,27|28|29,14,14,missing,0.6339372992515564,0.1417127307891846,-0.0011674165725708008,0.059194110840559006,0.0,0.009865685140093167,0.004047112012203897
T,3,23,25,28|29|30,14,14,missing,0.6286839842796326,0.15519691877961161,0.004085898399353027,0.04570992285013198,0.004085898399353027,0.011704218874375023,0.004801317306128767
T,3,24,26,29|30|31,14,14,missing,0.6196241974830627,0.1741584095001221,0.013145685195922852,0.026748432129621497,0.013145685195922852,0.017603757217526435,0.0072214322962165295
T,3,25,27,30|31|32,14,14,missing,0.6090338230133057,0.21106949079930784,0.02373605966567993,0.010162649169564247,0.02373605966567993,0.025429834527273973,0.010431854181666698
T,3,26,28,31|32|33,14,14,missing,0.6174274682998657,0.2094637073516846,0.015342414379119873,0.008556865721941004,0.015342414379119873,0.01676855866611004,0.0068788162445166815
T,3,27,29,32|33|34,14,14,missing,0.6220799088478088,0.20169873079061512,0.010689973831176758,0.0007918891608715284,0.010689973831176758,0.01082195535798868,0.004439394213673102
T,3,28,30,33|34|35,14,14,missing,0.6194143891334534,0.20469032698273662,0.013355493545532227,0.003783485352993027,0.013355493545532227,0.013986074437697732,0.005737382559509681
T,4,0,3,1|2|3|4,14,14,missing,0.6075740456581116,0.2319666941702366,0.025195837020874023,0.03105985254049301,0.025195837020874023,0.030372479110956193,0.012459431180387533
T,4,1,4,2|3|4|5,14,14,missing,0.5820496678352356,0.2537218020796776,0.05072021484375,0.052814960449934,0.05072021484375,0.059522708252072336,0.02441746965822944
T,4,2,5,3|4|5|6,14,14,missing,0.5840469002723694,0.24514294465780262,0.04872298240661621,0.044236103028059026,0.04872298240661621,0.05609566624462605,0.023011624785043854
T,4,3,6,4|5|6|7,14,14,missing,0.5855790376663208,0.2417994007110596,0.047190845012664795,0.040892559081316004,0.047190845012664795,0.05400627152621746,0.022154511027303665
T,4,4,7,5|6|7|8|9,14,14,missing,0.5931392908096313,0.2588911136031151,0.03963059186935425,0.057984271973371526,0.03963059186935425,0.0492946371982495,0.02022169930515182
T,4,5,8,6|7|8|9|10,14,14,missing,0.6203358173370361,0.2138631214141846,0.012434065341949463,0.012956279784441,0.012434065341949463,0.014593445306022962,0.005986538893018875
T,4,6,9,7|8|9|10|11|12|13,14,14,missing,0.5942082405090332,0.2674039959251881,0.03856164216995239,0.0664971542954445,0.03856164216995239,0.04964450121919314,0.020365220901644367
T,4,7,10,8|9|10|11|12|13|14,14,14,missing,0.5929147601127625,0.2670960315704346,0.039855122566223145,0.066189189940691,0.039855122566223145,0.05088665422300498,0.020874778248279345
T,4,8,11,10|11|12|13|14|15,14,14,missing,0.5992616415023804,0.23746598860025409,0.033508241176605225,0.03655914697051049,0.033508241176605225,0.03960143233835697,0.016245342339754706
T,4,9,12,11|12|13|14|15|16,14,14,missing,0.5920056700706482,0.2598369715154171,0.0407642126083374,0.05893012988567353,0.0407642126083374,0.05058590092261633,0.02075140290460794
T,4,10,13,14|15|16|17,14,14,missing,0.6246516108512878,0.2111794627249241,0.008118271827697754,0.010272621095180512,0.008118271827697754,0.009830375343561173,0.004032627189339202
T,4,11,14,15|16|17|18,14,14,missing,0.6195847988128662,0.2103435901641846,0.013185083866119385,0.009436748534441014,0.013185083866119385,0.01475787528852622,0.006053991538010658
T,4,12,15,16|17|18|19,14,14,missing,0.6231528520584106,0.1824073108673096,0.009617030620574951,0.01849953076243399,0.009617030620574951,0.012700285747647283,0.005209924934543358
T,4,13,16,17|18|19|20,14,14,missing,0.6175756454467773,0.1922399905562401,0.015194237232208252,0.008666851073503484,0.015194237232208252,0.016638712411125498,0.006825550573574878
T,4,14,17,18|19|20|21,14,14,missing,0.6196324825286865,0.18212135163843635,0.013137400150299072,0.018785489991307247,0.013137400150299072,0.01626831514885028,0.006673605808649276
T,4,15,18,19|20|21|22,14,14,missing,0.619141161441803,0.1998179839640856,0.013628721237182617,0.0010888576656579996,0.013628721237182617,0.013810197514792283,0.005665234138264466
T,4,16,19,20|21|22|23,14,14,missing,0.6016449332237244,0.23482631331086162,0.03112494945526123,0.03391947168111803,0.03112494945526123,0.03677819473544757,0.015087190761451603
T,4,17,20,21|22|23|24,14,14,missing,0.5916355848312378,0.24817855110168457,0.0411342978477478,0.04727170947194098,0.0411342978477478,0.0490129160930713,0.020106131369152666
T,4,18,21,22|23|24|25|26,14,14,missing,0.5826739072799683,0.2507741892874241,0.050095975399017334,0.04986734765768053,0.050095975399017334,0.058407200008630755,0.02395986466195827
T,4,19,22,23|24|25|26|27,14,14,missing,0.6062820553779602,0.2070550254672766,0.02648782730102539,0.006148183837533017,0.02648782730102539,0.027512524607280892,0.011286217555401358
T,4,20,23,24|25|26|27|28,14,14,missing,0.6247521042823792,0.1724426272749901,0.008017778396606445,0.028464214354753492,0.008017778396606445,0.012761814122398695,0.005235165170878882
T,4,21,24,25|26|27|28|29,14,14,missing,0.6244489550590515,0.15048956721425058,0.008320927619934082,0.05041727441549301,0.008320927619934082,0.01672380668918292,0.0068604580402136075
T,4,22,25,27|28|29|30,14,14,missing,0.6289000511169434,0.14753095857203008,0.0038698315620422363,0.053375883057713513,0.0038698315620422363,0.012765812071661156,0.005236805213942747
T,4,23,26,28|29|30|31,14,14,missing,0.6227443218231201,0.1604542239546776,0.010025560855865479,0.040452617675066,0.010025560855865479,0.016767663801709812,0.006878449152276048
T,4,24,27,29|30|31|32,14,14,missing,0.611546516418457,0.1883465198516846,0.021223366260528564,0.012560321778058992,0.021223366260528564,0.023316753223538395,0.009565023687314335
T,4,25,28,30|31|32|33,14,14,missing,0.6093233227729797,0.21139944685399534,0.02344655990600586,0.010492605224251744,0.02344655990600586,0.02519532744338115,0.010335654432466047
T,4,26,29,31|32|33|34,14,14,missing,0.6152836680412292,0.20576820222437384,0.017486214637756348,0.004861360594630243,0.017486214637756348,0.018296441403528055,0.007505585951033488
T,4,27,30,32|33|34|35,14,14,missing,0.613029956817627,0.2134231800079346,0.019739925861358643,0.012516338378190994,0.019739925861358643,0.02182598225772381,0.008953478011821994
T,1,0,0,1,15,15,missing,0.7918780446052551,0.9099163743495942,0.005535721778869629,0.017685730457305926,0.005535721778869629,0.00848334352175395,0.002752263225079953
T,1,1,1,2,15,15,missing,0.7922602891921997,0.9174833450555802,0.005153477191925049,0.010118759751319928,0.005153477191925049,0.00683993715047837,0.002219090554667013
T,1,2,2,3,15,15,missing,0.7913333177566528,0.9314735032558442,0.006080448627471924,0.00387139844894413,0.006080448627471924,0.006725681702295945,0.0021820224968321345
T,1,3,3,4,15,15,missing,0.787956178188324,0.9115881731748582,0.009457588195800781,0.0160139316320419,0.009457588195800781,0.012126576801141098,0.003934242588467981
T,1,4,4,5,15,15,missing,0.7899274826049805,0.8680339739561082,0.007486283779144287,0.059568130850791934,0.007486283779144287,0.01741430558760961,0.005649747972150125
T,1,5,5,6,15,15,missing,0.793649435043335,0.9266341477870942,0.003764331340789795,0.0009679570198058984,0.003764331340789795,0.003925657510757445,0.001273606659144552
T,1,6,6,7,15,15,missing,0.7967003583908081,0.9383366321563721,0.0007134079933166504,0.010734527349472,0.0007134079933166504,0.002502495884895317,0.000811888305271326
T,1,7,7,8,15,15,missing,0.7862431406974792,0.9434399954319,0.011170625686645508,0.015837890624999962,0.011170625686645508,0.013810274124145502,0.004480486909753287
T,1,8,8,9|10|11,15,15,missing,0.7691799998283386,0.8621387483716011,0.028233766555786133,0.06546335643529899,0.028233766555786133,0.0391443259616693,0.01269964944111686
T,1,9,9,12,15,15,missing,0.7913069128990173,0.9259303059816361,0.006106853485107422,0.001671798825264026,0.006106853485107422,0.006385486622651426,0.002071652522463211
T,1,10,10,13,15,15,missing,0.7773876190185547,0.8895911028623581,0.02002614736557007,0.03801100194454199,0.02002614736557007,0.026361314356327065,0.00855243877389167
T,1,11,11,14,15,15,missing,0.7982677817344666,0.9297137376308442,-0.0008540153503417969,0.0021116328239441096,0.0,0.00035193880399068494,0.00011418000758996943
T,1,12,12,15,15,15,missing,0.7900858521461487,0.9192431106805802,0.007327914237976074,0.008358994126319907,0.007327914237976074,0.00872107992569606,0.002829392385316687
T,1,13,13,16,15,15,missing,0.7590327262878418,0.8262395403623581,0.03838104009628296,0.10136256444454195,0.03838104009628296,0.05527480083703995,0.01793288238620688
T,1,14,14,17,15,15,missing,0.7802152037620544,0.8939905169248581,0.017198562622070312,0.03361158788204199,0.017198562622070312,0.022800493935743977,0.007397196731699993
T,1,15,15,18,15,15,missing,0.7826281189918518,0.9242585071563721,0.01478564739227295,0.0033435976505279408,0.01478564739227295,0.015342913667360939,0.0049777233403278985
T,1,16,16,19,15,15,missing,0.72013920545578,0.7807495882153511,0.07727456092834473,0.14685251659154896,0.07727456092834473,0.10174998036026955,0.03301089109265234
T,1,17,17,20,15,15,missing,0.7531503438949585,0.8237318958282471,0.04426342248916626,0.10387020897865296,0.04426342248916626,0.061575123985608424,0.019976905201439975
T,1,18,18,21,15,15,missing,0.7775418758392334,0.8781526262998581,0.019871890544891357,0.049449478507041955,0.019871890544891357,0.028113470296065014,0.009120893221737621
T,2,0,1,1|2,15,15,missing,0.7887107729911804,0.90780474152565,0.008702993392944336,0.019797363281250036,0.008702993392944336,0.012002553939819341,0.003894005674872563
T,2,1,2,2|3,15,15,missing,0.7872335314750671,0.922850716137886,0.010180234909057617,0.004751388669014034,0.010180234909057617,0.010972133020559957,0.003559704747984678
T,2,2,3,3|4,15,15,missing,0.7831441164016724,0.9185392688751222,0.014269649982452393,0.009062835931777924,0.014269649982452393,0.015780122637748712,0.005119567669487464
T,2,3,4,4|5,15,15,missing,0.7843767404556274,0.8625786897778511,0.013037025928497314,0.06502341502904896,0.013037025928497314,0.023874261766672143,0.007745560758897426
T,2,4,5,5|6,15,15,missing,0.7865025401115417,0.8677700198531151,0.010911226272583008,0.059832084953785,0.010911226272583008,0.020883240431547177,0.0067751794458002544
T,2,5,6,6|7,15,15,missing,0.7934854626655579,0.9397444231748582,0.0039283037185668945,0.012142318367958094,0.0039283037185668945,0.00595202344655991,0.0019310234466838562
T,2,6,7,7|8,15,15,missing,0.7874869704246521,0.9583980032444,0.009926795959472656,0.03079589843749997,0.009926795959472656,0.015059445699055984,0.004885757423510639
T,2,7,8,8|9|10|11,15,15,missing,0.7720069289207458,0.9066608509063722,0.025406837463378906,0.020941253900527923,0.025406837463378906,0.028897046446800228,0.009375109948690622
T,2,8,9,9|10|11|12,15,15,missing,0.7683315873146057,0.8795164876222611,0.029082179069519043,0.048085617184638996,0.029082179069519043,0.03709644860029221,0.012035253671130803
T,2,9,10,12|13,15,15,missing,0.7746409177780151,0.8997097552061082,0.02277284860610962,0.0278923496007919,0.02277284860610962,0.027421573539574935,0.00889642017127626
T,2,10,11,13|14,15,15,missing,0.7795565128326416,0.8991818470001222,0.017857253551483154,0.028420257806777927,0.017857253551483154,0.022593963185946142,0.007330191666296342
T,2,11,12,14|15,15,15,missing,0.7907692790031433,0.9239065325498581,0.006644487380981445,0.003695572257041979,0.006644487380981445,0.007260416090488442,0.002355507136235674
T,2,12,13,15|16,15,15,missing,0.7602443099021912,0.8423414387941361,0.037169456481933594,0.08526066601276394,0.037169456481933594,0.05137956748406092,0.016669146279916027
T,2,13,14,16|17,15,15,missing,0.7553241848945618,0.8347744143843652,0.04208958148956299,0.09282769042253491,0.04208958148956299,0.05756086322665214,0.018674552864248205
T,2,14,15,17|18,15,15,missing,0.7639400362968445,0.8889752278566361,0.03347373008728027,0.03862687695026401,0.03347373008728027,0.03991154291232427,0.012948558729480687
T,2,15,16,18|19,15,15,missing,0.6999724507331848,0.7625360032558441,0.09744131565093994,0.16506610155105594,0.09744131565093994,0.12495233257611593,0.040538463278698075
T,2,16,17,19|20,15,15,missing,0.6864575147628784,0.7128226780533791,0.11095625162124634,0.21477942675352102,0.11095625162124634,0.14675282274683318,0.047611227364193556
T,2,17,18,20|21,15,15,missing,0.7401198148727417,0.7990071565747261,0.05729395151138306,0.128594948232174,0.05729395151138306,0.07872644288341206,0.02554133202713618
T,3,0,2,1|2|3,15,15,missing,0.784815788269043,0.9171313704490662,0.012597978115081787,0.010470734357833855,0.012597978115081787,0.014343100508054096,0.004653352532608644
T,3,1,3,2|3|4,15,15,missing,0.780035674571991,0.9138758470058441,0.01737809181213379,0.013726257801055963,0.01737809181213379,0.019665801445643116,0.006380203981104041
T,3,2,4,3|4|5,15,15,missing,0.7794438004493713,0.8657462464213371,0.017969965934753418,0.061855858385562956,0.017969965934753418,0.02827927566568058,0.00917468569402682
T,3,3,5,4|5|6,15,15,missing,0.781173050403595,0.8634145891904831,0.016240715980529785,0.064187515616417,0.016240715980529785,0.02693863524993262,0.008739739813919853
T,3,4,6,5|6|7,15,15,missing,0.787018895149231,0.8804403001308442,0.010394871234893799,0.04716180467605591,0.010394871234893799,0.018255172014236452,0.005922551464932763
T,3,5,7,6|7|8,15,15,missing,0.7869962453842163,0.9657889329433441,0.010417520999908447,0.03818682813644403,0.010417520999908447,0.01678199235598245,0.005444605689549374
T,3,6,8,7|8|9|10|11,15,15,missing,0.7732087969779968,0.9247864153623582,0.02420496940612793,0.0028156894445419134,0.02420496940612793,0.02467425098021825,0.008005102399202045
T,3,7,9,8|9|10|11|12,15,15,missing,0.7701003551483154,0.9219708333253861,0.027313411235809326,0.005631271481513989,0.027313411235809326,0.028251956482728324,0.009165822492579665
T,3,8,10,9|10|11|12|13,15,15,missing,0.7530698180198669,0.8579153216123582,0.04434394836425781,0.06968678319454191,0.04434394836425781,0.0559584122300148,0.018154667404378745
T,3,9,11,12|13|14,15,15,missing,0.7761285305023193,0.9082445755243301,0.02128523588180542,0.019357529282569952,0.02128523588180542,0.024511490762233745,0.007952297869794973
T,3,10,12,13|14|15,15,15,missing,0.7739191651344299,0.8959702532529832,0.023494601249694824,0.0316318515539169,0.023494601249694824,0.028766576508680974,0.009332781400784567
T,3,11,13,14|15|16,15,15,missing,0.7644646167755127,0.8561115725874902,0.03294914960861206,0.07149053221940993,0.03294914960861206,0.04486423831184705,0.014555368754110096
T,3,12,14,15|16|17,15,15,missing,0.752761721611023,0.8400096741557121,0.04465204477310181,0.08759243065118794,0.04465204477310181,0.05925078321496646,0.019222816013705513
T,3,13,15,16|17|18,15,15,missing,0.7387514710426331,0.8294071507096291,0.0586622953414917,0.09819495409727097,0.0586622953414917,0.07502812102437019,0.024341480197365435
T,3,14,16,17|18|19,15,15,missing,0.6990547776222229,0.7715988391876221,0.09835898876190186,0.15600326561927802,0.09835898876190186,0.12435953303178153,0.04034614047796132
T,3,15,17,18|19|20,15,15,missing,0.66574627161026,0.6928053440690041,0.13166749477386475,0.23479676073789602,0.13166749477386475,0.17080028823018076,0.05541298085165732
T,3,16,18,19|20|21,15,15,missing,0.6782420873641968,0.7029239427089692,0.11917167901992798,0.2246781620979309,0.11917167901992798,0.15661803936958313,0.05081181364820018
T,4,0,3,1|2|3|4,15,15,missing,0.7791458368301392,0.9145797962188721,0.018267929553985596,0.013022308588027998,0.018267929553985596,0.02043831431865693,0.006630831433103909
T,4,1,4,2|3|4|5,15,15,missing,0.776310920715332,0.8644264759063721,0.021102845668792725,0.06317562890052797,0.021102845668792725,0.031632117152214055,0.010262452834334796
T,4,2,5,3|4|5|6,15,15,missing,0.7764524221420288,0.8676819993495941,0.020961344242095947,0.05992010545730597,0.020961344242095947,0.030948028484980274,0.01004051297339513
T,4,3,6,4|5|6|7,15,15,missing,0.7821197509765625,0.8784605638027192,0.015294015407562256,0.04914154100418089,0.015294015407562256,0.023484272241592406,0.007619035901653235
T,4,4,7,5|6|7|8,15,15,missing,0.786893904209137,0.9135238723993302,0.010519862174987793,0.01407823240756989,0.010519862174987793,0.012866234242916108,0.0041742107061015325
T,4,5,8,6|7|8|9|10|11,15,15,missing,0.7735053300857544,0.9357849505186081,0.02390843629837036,0.00818284571170802,0.02390843629837036,0.025272243916988364,0.008199110099645805
T,4,6,9,7|8|9|10|11|12,15,15,missing,0.7712734937667847,0.9400963977813721,0.026140272617340088,0.012494292974472021,0.026140272617340088,0.028222654779752093,0.009156316099336613
T,4,7,10,8|9|10|11|12|13,15,15,missing,0.7550320625305176,0.8981259231805802,0.04238170385360718,0.02947618162631993,0.04238170385360718,0.047294400791327164,0.015343789829608332
T,4,8,11,9|10|11|12|13|14,15,15,missing,0.7549960613250732,0.8663622288346291,0.042417705059051514,0.061239875972270985,0.042417705059051514,0.05262435105443001,0.017072993187108376
T,4,9,12,12|13|14|15,15,15,missing,0.7705225944519043,0.9045491106748581,0.02689117193222046,0.023052994132041982,0.02689117193222046,0.030733337620894124,0.00997086051048711
T,4,10,13,13|14|15|16,15,15,missing,0.7499062418937683,0.8375020296216011,0.047507524490356445,0.09010007518529894,0.047507524490356445,0.06252420368790627,0.02028481648142126
T,4,11,14,14|15|16|17,15,15,missing,0.7551725506782532,0.8502603304028511,0.04224121570587158,0.07734177440404899,0.04224121570587158,0.055131511439879745,0.01788639480294014
T,4,12,15,15|16|17|18,15,15,missing,0.7356275916099548,0.8325747073531151,0.06178617477416992,0.09502739745378497,0.06178617477416992,0.07762407434980075,0.025183689033219502
T,4,13,16,16|17|18|19,15,15,missing,0.681916356086731,0.7371514055967331,0.1154974102973938,0.190450699210167,0.1154974102973938,0.1472391934990883,0.047769021320285696
T,4,14,17,17|18|19|20,15,15,missing,0.6633825898170471,0.7001523440718651,0.13403117656707764,0.22744976073503498,0.13403117656707764,0.1719394700229168,0.05578256722368011
T,4,15,18,18|19|20|21,15,15,missing,0.6561122536659241,0.6818068089127541,0.14130151271820068,0.24579529589414595,0.14130151271820068,0.182267395367225,0.05913327075744833
T,1,0,0,1,16,16,missing,0.9417145848274231,-1.923394141292572,0.0031385421752929688,0.04188250780105607,0.0031385421752929688,0.010118960142135647,0.007826120939364613
T,1,1,1,2,16,16,missing,0.9404801726341248,-1.932545051431656,0.004372954368591309,0.03273159766197198,0.004372954368591309,0.009828220645586638,0.007601259646318518
T,1,2,2,3,16,16,missing,0.9407892823219299,-1.9276176217556,0.004063844680786133,0.03765902733802795,0.004063844680786133,0.010340349237124125,0.00799734582884922
T,1,3,3,4,16,16,missing,0.9390696883201599,-1.8959418405055999,0.005783438682556152,0.0693348085880281,0.005783438682556152,0.01733924011389417,0.013410369071715528
T,1,4,4,5,16,16,missing,0.9394675493240356,-1.9073803170681,0.00538557767868042,0.05789633202552791,0.00538557767868042,0.015034966349601738,0.011628217061681868
T,1,5,5,6,16,16,missing,0.9396305084228516,-1.9318411022186281,0.005222618579864502,0.03343554687499983,0.005222618579864502,0.010795209725697807,0.008349140197451683
T,1,6,6,7,16,16,missing,0.9402911067008972,-1.921986457681656,0.004562020301818848,0.04329019141197188,0.004562020301818848,0.01177705220381416,0.009108508538586614
T,1,7,7,8,16,16,missing,0.9391794204711914,-1.909492164707184,0.005673706531524658,0.0557844843864439,0.005673706531524658,0.014971120595931975,0.011578838016536327
T,1,8,8,9,16,16,missing,0.9398483633995056,-1.9114276491165163,0.005004763603210449,0.05384899997711168,0.005004763603210449,0.013979596932729063,0.010811982134758924
T,1,9,9,10,16,16,missing,0.9388672709465027,-1.8783441842556,0.005985856056213379,0.08693246483802808,0.005985856056213379,0.020474600195884728,0.015835292862840914
T,1,10,10,11,16,16,missing,0.9402774572372437,-1.9063245006561278,0.004575669765472412,0.058952148437500185,0.004575669765472412,0.01440102783838911,0.01113792167686146
T,2,0,1,1|2,16,16,missing,0.9371906518936157,-1.8887268444061278,0.007662475109100342,0.07654980468750017,0.007662475109100342,0.020420775890350372,0.01579366452171966
T,2,1,2,2|3,16,16,missing,0.9362192749977112,-1.8915424264431002,0.008633852005004883,0.07373422265052776,0.008633852005004883,0.020922889113426178,0.01618200470231613
T,2,2,3,3|4,16,16,missing,0.9346678853034973,-1.8515956178665163,0.01018524169921875,0.1136810312271117,0.01018524169921875,0.0291320802370707,0.022531088169942193
T,2,3,4,4|5,16,16,missing,0.9333581924438477,-1.832766211605072,0.011494934558868408,0.13251043748855595,0.011494934558868408,0.03358000747362773,0.025971166596364607
T,2,4,5,5|6,16,16,missing,0.9342308044433594,-1.8720090709686281,0.01062232255935669,0.09326757812499986,0.01062232255935669,0.02616691891352333,0.02023779806929451
T,2,5,6,6|7,16,16,missing,0.9350802898406982,-1.888198828792572,0.009772837162017822,0.07707782030105603,0.009772837162017822,0.02261914054552716,0.017493905200462668
T,2,6,7,7|8,16,16,missing,0.9346336722373962,-1.865497809267044,0.010219454765319824,0.09977883982658398,0.010219454765319824,0.02684926140308382,0.020765529651429238
T,2,7,8,8|9,16,16,missing,0.9338737726211548,-1.8515958326816557,0.01097935438156128,0.11368081641197225,0.01097935438156128,0.02992615711688999,0.02314523642325347
T,2,8,9,9|10,16,16,missing,0.9334292411804199,-1.817456336593628,0.011423885822296143,0.14782031249999994,0.011423885822296143,0.03606060457229614,0.02788968911481764
T,2,9,10,10|11,16,16,missing,0.9342396855354309,-1.810417166686058,0.010613441467285156,0.15485948240756997,0.010613441467285156,0.036423355201880156,0.02817024465195567
T,3,0,2,1|2|3,16,16,missing,0.9324047565460205,-1.8443808365821837,0.012448370456695557,0.12089581251144432,0.012448370456695557,0.03259767254193628,0.025211417385932678
T,3,1,3,2|3|4,16,16,missing,0.9295617938041687,-1.815344703769684,0.015291333198547363,0.14993194532394405,0.015291333198547363,0.040279990752538034,0.03115301124205427
T,3,2,4,3|4|5,16,16,missing,0.9289089441299438,-1.7868363717556002,0.015944182872772217,0.1784402773380278,0.015944182872772217,0.04568422909577685,0.03533271175132143
T,3,3,5,4|5|6,16,16,missing,0.9276688694953918,-1.7962510748863219,0.01718425750732422,0.16902557420730613,0.01718425750732422,0.045355186541875245,0.03507822643021531
T,3,4,6,5|6|7,16,16,missing,0.929663360118866,-1.826079016304016,0.015189766883850098,0.13919763278961206,0.015189766883850098,0.038389372348785436,0.029690785077495677
T,3,5,7,6|7|8,16,16,missing,0.9293484687805176,-1.8294226139545442,0.015504658222198486,0.13585403513908378,0.015504658222198486,0.03814699741204579,0.029503329495009806
T,3,6,8,7|8|9,16,16,missing,0.9293329119682312,-1.8040820533990862,0.015520215034484863,0.16119459569454175,0.015520215034484863,0.042385980983575156,0.032781808471582484
T,3,7,9,8|9|10,16,16,missing,0.9269214868545532,-1.7512011178493498,0.017931640148162842,0.21407553124427814,0.017931640148162842,0.05361089535554253,0.04146328721792411
T,3,8,10,9|10|11,16,16,missing,0.9287973642349243,-1.7465378033876418,0.016055762767791748,0.21873884570598623,0.016055762767791748,0.05251223705212279,0.040613572164912216
T,4,0,3,1|2|3|4,16,16,missing,0.9254546761512756,-1.7614957037925723,0.01939845085144043,0.20378094530105573,0.01939845085144043,0.053361941734949715,0.041270743605172924
T,4,1,4,2|3|4|5,16,16,missing,0.9239001870155334,-1.750409201836586,0.020952939987182617,0.214867447257042,0.020952939987182617,0.05676418119668961,0.04390207499873997
T,4,2,5,3|4|5|6,16,16,missing,0.9227738976478577,-1.747593512392044,0.0220792293548584,0.2176831367015839,0.0220792293548584,0.05835975213845571,0.045136108039902034
T,4,3,6,4|5|6|7,16,16,missing,0.9226862192153931,-1.7461858287811278,0.022166907787322998,0.21909082031250016,0.022166907787322998,0.058682044506073026,0.04538537268877681
T,4,4,7,5|6|7|8,16,16,missing,0.9238805174827576,-1.763255576825142,0.020972609519958496,0.2020210722684861,0.020972609519958496,0.05464278823137284,0.04226136511617467
T,4,5,8,6|7|8|9,16,16,missing,0.9238247871398926,-1.7666870338678362,0.021028339862823486,0.19858961522579177,0.021028339862823486,0.05412660906712211,0.041862146173806764
T,4,6,9,7|8|9|10,16,16,missing,0.9224184155464172,-1.7017516393423082,0.022434711456298828,0.26352500975131976,0.022434711456298828,0.06635554641485211,0.05132014791498654
T,4,7,10,8|9|10|11,16,16,missing,0.9224563837051392,-1.6763231119871138,0.022396743297576904,0.28895353710651417,0.022396743297576904,0.0705556661486626,0.054568569149470746
T,1,0,0,1,17,17,missing,0.8957280516624451,1.144405251288414,0.00472712516784668,0.017685515642166028,0.00472712516784668,0.007674711108207685,0.0028596879965659596
T,1,1,1,2,17,17,missing,0.8945363163948059,1.14449311068058,0.00591886043548584,0.017597656249999982,0.00591886043548584,0.00885180314381917,0.003298286390385849
T,1,2,2,3,17,17,missing,0.8955419063568115,1.1508283313751222,0.004913270473480225,0.011262435555457806,0.004913270473480225,0.006790343066056526,0.002530162019753417
T,1,3,3,4,17,17,missing,0.8960192799568176,1.144581077480316,0.004435896873474121,0.017509689450263988,0.004435896873474121,0.00735417844851812,0.0027402537421037515
T,1,4,4,5,17,17,missing,0.8954164385795593,1.1435252610683442,0.005038738250732422,0.01856550586223582,0.005038738250732422,0.008132989227771725,0.0030304478361388868
T,1,5,5,6,17,17,missing,0.8982803225517273,1.157427452468872,0.002174854278564453,0.00466331446170809,0.002174854278564453,0.0029520733555158016,0.0010999773959859498
T,1,6,6,7,17,17,missing,0.8951449990272522,1.136838173174858,0.005310177803039551,0.025252593755721975,0.005310177803039551,0.009518943428993214,0.0035468707395084507
T,1,7,7,8,17,17,missing,0.8964603543281555,1.169393837237358,0.0039948225021362305,0.0073030703067780145,0.0039948225021362305,0.005212000886599233,0.001942053083608477
T,1,8,8,9,17,17,missing,0.8888299465179443,1.114665061855316,0.011625230312347412,0.047425705075264,0.011625230312347412,0.019529514491558077,0.0072769277413638235
T,1,9,9,10,17,17,missing,0.8887996077537537,1.099091179037094,0.011655569076538086,0.06299958789348592,0.011655569076538086,0.022155500392119075,0.008255401100570105
T,1,10,10,11,17,17,missing,0.891551673412323,1.1257516712188722,0.00890350341796875,0.03633909571170779,0.00890350341796875,0.014960019369920047,0.005574279893715175
T,1,11,11,12,17,17,missing,0.8911391496658325,1.1156330188751222,0.009316027164459229,0.04645774805545777,0.009316027164459229,0.01705898517370219,0.006356379340801723
T,1,12,12,13,17,17,missing,0.8885121941566467,1.1027867512941363,0.01194298267364502,0.05930401563644372,0.01194298267364502,0.02182698527971897,0.0081329924899559
T,1,13,13,14,17,17,missing,0.8898647427558899,1.1152810442686083,0.010590434074401855,0.0468097226619717,0.010590434074401855,0.018392054518063805,0.006853096721939896
T,1,14,14,15,17,17,missing,0.8945165276527405,1.1411496204376221,0.0059386491775512695,0.020941146492957863,0.0059386491775512695,0.009428840259710913,0.0035132972345235415
T,1,15,15,16,17,17,missing,0.8918130993843079,1.1300631184816359,0.008642077445983887,0.032027648448944124,0.008642077445983887,0.01398001885414124,0.005209120127818061
T,1,16,16,17,17,17,missing,0.8946961760520935,1.1487165911436081,0.005759000778198242,0.013374175786971865,0.005759000778198242,0.007988030076026886,0.0029764343442442182
T,1,17,17,18,17,17,missing,0.8935531377792358,1.1407976458311082,0.006902039051055908,0.02129312109947179,0.006902039051055908,0.01045089256763454,0.0038941259948016985
T,1,18,18,19,17,17,missing,0.8933443427085876,1.186463585281372,0.0071108341217041016,0.02437281835079208,0.0071108341217041016,0.011172970513502783,0.004163180765107789
T,1,19,19,20,17,17,missing,0.8949713110923767,1.139301888012886,0.005483865737915039,0.02278887891769399,0.005483865737915039,0.00928201222419737,0.0034585873744653046
T,1,20,20,21,17,17,missing,0.8930009603500366,1.1250477220058444,0.007454216480255127,0.037043044924735646,0.007454216480255127,0.0136280573010444,0.0050779750964998985
T,1,21,21,22,17,17,missing,0.8956367373466492,1.14669281771183,0.004818439483642578,0.015397949218749929,0.004818439483642578,0.0073847643534342335,0.0027516504114922812
T,1,22,22,23,17,17,missing,0.8928806781768799,1.136926139974594,0.007574498653411865,0.02516462695598598,0.007574498653411865,0.011768603146076195,0.00438512051837245
T,1,23,23,24,17,17,missing,0.8972029685974121,1.1422934036493304,0.0032522082328796387,0.01979736328124959,0.0032522082328796387,0.006551768779754571,0.0024412664231364496
T,2,0,1,1|2,17,17,missing,0.8897931575775146,1.1261036458253861,0.0106620192527771,0.035987121105193864,0.0106620192527771,0.01665987277030941,0.006207665345815992
T,2,1,2,2|3,17,17,missing,0.8895807862281799,1.1331426009178163,0.010874390602111816,0.028948166012763732,0.010874390602111816,0.01569908493757244,0.005849664452520324
T,2,2,3,3|4,17,17,missing,0.8908791542053223,1.1323506849050524,0.009576022624969482,0.02974008202552758,0.009576022624969482,0.014532702962557414,0.005415056753763529
T,2,3,4,4|5,17,17,missing,0.8910485506057739,1.1261036458253861,0.009406626224517822,0.035987121105193864,0.009406626224517822,0.015404479742050132,0.005739891077407857
T,2,4,5,5|6,17,17,missing,0.8931463956832886,1.1379819563865663,0.007308781147003174,0.024108810544013703,0.007308781147003174,0.011326916237672124,0.004220542760018439
T,2,5,6,6|7,17,17,missing,0.8926073908805847,1.13129497590065,0.007847785949707031,0.03079579102992991,0.007847785949707031,0.012980417788028682,0.0048366569653858545
T,2,6,7,7|8,17,17,missing,0.8907025456428528,1.1426453782558443,0.009752631187438965,0.019445388674735664,0.009752631187438965,0.01299352929989491,0.004841542469552987
T,2,7,8,8|9,17,17,missing,0.8852443099021912,1.1203843001365663,0.015210866928100586,0.041706466794013686,0.015210866928100586,0.022161944727102867,0.008257802335892083
T,2,8,9,9|10,17,17,missing,0.8769894242286682,1.051753548169136,0.023465752601623535,0.11033721876144398,0.023465752601623535,0.0418552890618642,0.015595775011649148
T,2,9,10,10|11,17,17,missing,0.8797354102134705,1.0625760423183443,0.02071976661682129,0.09951472461223565,0.02071976661682129,0.03730555405219389,0.01390049001508482
T,2,10,11,11|12,17,17,missing,0.8814884424209595,1.076654167318344,0.018966734409332275,0.08543659961223593,0.018966734409332275,0.033206167678038266,0.012373010238690132
T,2,11,12,12|13,17,17,missing,0.8772640824317932,1.0509616321563722,0.023191094398498535,0.11112913477420783,0.023191094398498535,0.04171261686086651,0.015542613664611552
T,2,12,13,13|14,17,17,missing,0.8754876255989075,1.0506096575498582,0.024967551231384277,0.11148110938072175,0.024967551231384277,0.04354773612817124,0.016226400776202753
T,2,13,14,14|15,17,17,missing,0.8831042051315308,1.09170014193058,0.017350971698760986,0.07039062499999993,0.017350971698760986,0.029082742532094308,0.01083657333203138
T,2,14,15,15|16,17,17,missing,0.8857399225234985,1.109385764980316,0.014715254306793213,0.05270500195026395,0.014715254306793213,0.023499421298503874,0.008756161901874088
T,2,15,16,16|17,17,17,missing,0.8868138194084167,1.1183606341123582,0.013641357421875,0.0437301328182218,0.013641357421875,0.020929712891578633,0.007798658201428626
T,2,16,17,17|18,17,17,missing,0.8873339891433716,1.1231120227813722,0.013121187686920166,0.03897874414920777,0.013121187686920166,0.01961764504512146,0.00730976622643545
T,2,17,18,18|19,17,17,missing,0.885773777961731,1.1556676868438722,0.014681398868560791,0.0064230800867077775,0.014681398868560791,0.01575191221634542,0.005869348520476548
T,2,18,19,19|20,17,17,missing,0.8883678317070007,1.1608589095115662,0.012087345123291016,0.001231857419013771,0.012087345123291016,0.012292654693126645,0.004580388313805075
T,2,19,20,20|21,17,17,missing,0.8871216177940369,1.099707161450386,0.013333559036254883,0.06238360548019406,0.013333559036254883,0.023730826616287226,0.00884238625615615
T,2,20,21,21|22,17,17,missing,0.8878300189971924,1.1080660481691362,0.012625157833099365,0.05402471876144377,0.012625157833099365,0.021629277626673327,0.008059324283521498
T,2,21,22,22|23,17,17,missing,0.8880160450935364,1.1198563919305804,0.012439131736755371,0.0422343749999996,0.012439131736755371,0.019478194236755304,0.007257805208336718
T,2,22,23,23|24,17,17,missing,0.8897913694381714,1.117304817700386,0.010663807392120361,0.04478594923019408,0.010663807392120361,0.018128132263819374,0.006754756173110341
T,3,0,2,1|2|3,17,17,missing,0.8842045664787292,1.114049186849594,0.0162506103515625,0.04804158008098591,0.0162506103515625,0.02425754036506015,0.009038646019390932
T,3,1,3,2|3|4,17,17,missing,0.8844856023788452,1.1147530286550524,0.015969574451446533,0.04733773827552756,0.015969574451446533,0.02385919749736779,0.008890218762495326
T,3,2,4,3|4|5,17,17,missing,0.8855553269386292,1.113873253250122,0.014899849891662598,0.0482175136804579,0.014899849891662598,0.022936102171738915,0.008546262542493252
T,3,3,5,4|5|6,17,17,missing,0.8884068727493286,1.1188005755186081,0.012048304080963135,0.04329019141197188,0.012048304080963135,0.019263335982958447,0.00717774648551536
T,3,4,6,5|6|7,17,17,missing,0.8870493769645691,1.1109695970058442,0.013405799865722656,0.05112116992473581,0.013405799865722656,0.021925994853178622,0.008169884626321124
T,3,5,7,6|7|8,17,17,missing,0.8880918025970459,1.134638466143608,0.01236337423324585,0.027452300786972028,0.01236337423324585,0.016938757697741186,0.006311581163382977
T,3,6,8,7|8|9,17,17,missing,0.8789517283439636,1.0910842669248582,0.021503448486328125,0.07100650000572184,0.021503448486328125,0.03333786515394843,0.012422082273549602
T,3,7,9,8|9|10,17,17,missing,0.8729044198989868,1.0535133137941362,0.02755075693130493,0.10857745313644385,0.02755075693130493,0.04564699912071224,0.017008610959330626
T,3,8,10,9|10|11,17,17,missing,0.8669664859771729,1.0125987630128863,0.033488690853118896,0.14949200391769368,0.033488690853118896,0.05840402483940117,0.021762029401440244
T,3,9,11,10|11|12,17,17,missing,0.8599813580513,0.9636773001194001,0.0404738187789917,0.19841346681117988,0.0404738187789917,0.07354272991418834,0.027402889699051008
T,3,10,12,11|12|13,17,17,missing,0.866255521774292,1.0083752825498582,0.034199655055999756,0.1537154843807218,0.034199655055999756,0.05981890245278672,0.022289229509765033
T,3,11,13,12|13|14,17,17,missing,0.8616002202033997,0.9916575091123582,0.03885495662689209,0.17043325781822183,0.03885495662689209,0.06726049959659573,0.025062056490141097
T,3,12,14,13|14|15,17,17,missing,0.8676396012306213,1.0262368391990662,0.03281557559967041,0.13585392773151383,0.03281557559967041,0.055457896888256045,0.0206642673333375
T,3,13,15,14|15|16,17,17,missing,0.8734923005104065,1.0580886614561082,0.026962876319885254,0.10400210547447175,0.026962876319885254,0.04429656056563054,0.016505421605149333
T,3,14,16,15|16|17,17,17,missing,0.8805296421051025,1.0959236223936082,0.01992553472518921,0.06616714453697181,0.01992553472518921,0.030953392148017844,0.011533599471128171
T,3,15,17,16|17|18,17,17,missing,0.8791753053665161,1.092052116537094,0.021279871463775635,0.070038650393486,0.021279871463775635,0.03295297986268997,0.012278669468566034
T,3,16,18,17|18|19,17,17,missing,0.8800310492515564,1.1353423079490663,0.02042412757873535,0.02674845898151368,0.02042412757873535,0.024882204075654297,0.00927140309518054
T,3,17,19,18|19|20,17,17,missing,0.8801257610321045,1.1275994036436083,0.020329415798187256,0.034491363286971666,0.020329415798187256,0.026077976346015868,0.009716961965080203
T,3,18,20,19|20|21,17,17,missing,0.8807862997055054,1.12205609896183,0.019668877124786377,0.04003466796874999,0.019668877124786377,0.02634132178624471,0.009815087586195427
T,3,19,21,20|21|22,17,17,missing,0.8816800117492676,1.0808776477813722,0.01877516508102417,0.08121311914920781,0.01877516508102417,0.032310684939225474,0.012039342794637897
T,3,20,22,21|22|23,17,17,missing,0.8797574639320374,1.0805256731748583,0.020697712898254395,0.08156509375572174,0.020697712898254395,0.03429189519087469,0.012777565132317238
T,3,21,23,22|23|24,17,17,missing,0.8846423029899597,1.1003230364561083,0.01581287384033203,0.061767730474471705,0.01581287384033203,0.026107495586077313,0.009727961182546667
T,4,0,3,1|2|3|4,17,17,missing,0.8785631656646729,1.0948676985740664,0.021892011165618896,0.0672230683565136,0.021892011165618896,0.033095855891704495,0.012331906764329896
T,4,1,4,2|3|4|5,17,17,missing,0.8789604902267456,1.0961876302003861,0.021494686603546143,0.06590313673019388,0.021494686603546143,0.03247854272524512,0.01210188858809417
T,4,2,5,3|4|5|6,17,17,missing,0.8827189803123474,1.1048983841180804,0.017736196517944336,0.05719238281249961,0.017736196517944336,0.027268260320027604,0.010160475830943632
T,4,3,6,4|5|6|7,17,17,missing,0.8820138573646545,1.091612175130844,0.018441319465637207,0.07047859179973592,0.018441319465637207,0.03018775143225986,0.011248312698288769
T,4,4,7,5|6|7|8,17,17,missing,0.8827388286590576,1.1134333118438722,0.01771634817123413,0.048657455086707824,0.01771634817123413,0.025825924019018766,0.009623044291325775
T,4,5,8,6|7|8|9,17,17,missing,0.8758208751678467,1.0829893880128862,0.02463430166244507,0.07910137891769375,0.02463430166244507,0.03781786481539403,0.014091383055797217
T,4,6,9,7|8|9|10,17,17,missing,0.8651525378227234,1.0248290481805804,0.03530263900756836,0.1372617187499996,0.03530263900756836,0.05817959213256829,0.021678403124344235
T,4,7,10,8|9|10|11,17,17,missing,0.8621975779533386,1.0133026048183442,0.038257598876953125,0.14878816211223578,0.038257598876953125,0.06305562589565909,0.023495270889991968
T,4,8,11,9|10|11|12,17,17,missing,0.8427327275276184,0.9054289934873582,0.05772244930267334,0.25666177344322183,0.05772244930267334,0.10049941154321032,0.037447267630009634
T,4,9,12,10|11|12|13,17,17,missing,0.8388097286224365,0.8865994798183442,0.061645448207855225,0.2754912871122358,0.061645448207855225,0.1075606627265612,0.040078373213667425
T,4,10,13,11|12|13|14,17,17,missing,0.8480720520019531,0.9459915696620942,0.05238312482833862,0.2160991972684858,0.05238312482833862,0.08839965770641958,0.03293875645341708
T,4,11,14,12|13|14|15,17,17,missing,0.8528581857681274,0.9662288743495941,0.04759699106216431,0.19586189258098585,0.04759699106216431,0.08024063982566196,0.029898610033779596
T,4,12,15,13|14|15|16,17,17,missing,0.8577104210853577,0.99491313996315,0.04274475574493408,0.16717762696743,0.04274475574493408,0.07060769357283908,0.02630926049574912
T,4,13,16,14|15|16|17,17,17,missing,0.8675827980041504,1.0437466360569,0.03287237882614136,0.1183441308736799,0.03287237882614136,0.052596400638421345,0.0195980400366358
T,4,14,17,15|16|17|18,17,17,missing,0.8722684979438782,1.0678553391933443,0.028186678886413574,0.0942354277372357,0.028186678886413574,0.043892583509286195,0.016354894983022734
T,4,15,18,16|17|18|19,17,17,missing,0.8728165030479431,1.109209831380844,0.027638673782348633,0.05288093554973594,0.027638673782348633,0.036452163040637954,0.013582506445708001
T,4,16,19,17|18|19|20,17,17,missing,0.8740910291671753,1.1062182083368302,0.026364147663116455,0.055872558593749844,0.026364147663116455,0.03567624076207476,0.013293388641143046
T,4,17,20,18|19|20|21,17,17,missing,0.8715395927429199,1.0878287434816363,0.028915584087371826,0.07426202344894373,0.028915584087371826,0.041292587995529116,0.015386105948883724
T,4,18,21,19|20|21|22,17,17,missing,0.875178873538971,1.101554893875122,0.0252763032913208,0.060535873055457934,0.0252763032913208,0.03536561546723046,0.013177645987827271
T,4,19,22,20|21|22|23,17,17,missing,0.8727318644523621,1.0530733723878862,0.027723312377929688,0.10901739454269377,0.027723312377929688,0.04589287813504532,0.01710022838388017
T,4,20,23,21|22|23|24,17,17,missing,0.8761206269264221,1.0624880755186084,0.02433454990386963,0.09960269141197164,0.02433454990386963,0.04093499847253157,0.01525286386951474
T,1,0,0,1,18,18,missing,0.5548823475837708,-0.4037706295609474,0.006370902061462402,0.005125301271677041,0.006370902061462402,0.0072251189400752425,0.001614396595344359
T,1,1,1,2,18,18,missing,0.5525485873222351,-0.40036105681061745,0.008704662322998047,0.008534874022006977,0.008704662322998047,0.010127141326665876,0.0022628309117040343
T,1,2,2,3,18,18,missing,0.5552225708961487,-0.4024287867903709,0.006030678749084473,0.006467144042253514,0.006030678749084473,0.007108536089460059,0.001588347064717984
T,1,3,3,4,18,18,missing,0.5675885081291199,-0.4202904239952564,-0.006335258483886719,0.011394493162631969,0.0,0.0018990821937719948,0.0004243351359794607
T,1,4,4,5,18,18,missing,0.5418205857276917,-0.37035704753398896,0.019432663917541504,0.03853888329863547,0.019432663917541504,0.02585581113398075,0.005777279766709362
T,1,5,5,6,18,18,missing,0.5565736889839172,-0.4065642467498779,0.004679560661315918,0.0023316840827465324,0.004679560661315918,0.005068174675107007,0.0011324441864507281
T,1,6,6,7,18,18,missing,0.576054036617279,-0.42607563737630844,-0.014800786972045898,0.017179706543684004,0.0,0.002863284423947334,0.000639778620097702
T,1,7,7,8,18,18,missing,0.5833715200424194,-0.40071303141713144,-0.02211827039718628,0.008182899415492995,0.0,0.0013638165692488324,0.00030473419805689876
T,1,8,8,9,18,18,missing,0.5886945128440857,-0.40733411735892294,-0.02744126319885254,0.00156181347370149,0.0,0.000260302245616915,5.816251089702648e-05
T,1,9,9,10,18,18,missing,0.5880023241043091,-0.4154950519263744,-0.026749074459075928,0.006599121093749993,0.0,0.0010998535156249989,0.00024575370810214385
T,1,10,10,11,18,18,missing,0.5637475252151489,-0.3955436930418014,-0.0024942755699157715,0.013352237790823007,0.0,0.002225372965137168,0.000497242269377978
T,1,11,11,12,18,18,missing,0.550469696521759,-0.3667715411841869,0.010783553123474121,0.04212438964843751,0.010783553123474121,0.01780428473154704,0.003978228855683275
T,1,12,12,13,18,18,missing,0.5528414845466614,-0.37730814323425294,0.008411765098571777,0.0315877875983715,0.008411765098571777,0.013676396364967026,0.00305588432679183
T,1,13,13,14,18,18,missing,0.5797891616821289,-0.43511642790436744,-0.018535912036895752,0.02622049707174301,0.0,0.004370082845290502,0.0009764610002027598
T,1,14,14,15,18,18,missing,0.5559868216514587,-0.3949277911841869,0.005266427993774414,0.013968139648437516,0.005266427993774414,0.0075944512685139996,0.0016969210296861866
T,1,15,15,16,18,18,missing,0.5720036029815674,-0.40698216960430145,-0.010750353336334229,0.0019137612283229855,0.0,0.0003189602047204976,7.126917533426081e-05
T,1,16,16,17,18,18,missing,0.569409191608429,-0.3846551700890064,-0.0081559419631958,0.02424076074361803,0.0,0.004040126790603005,0.0009027348877721173
T,1,17,17,18,18,18,missing,0.5657488107681274,-0.4127674098372459,-0.004495561122894287,0.003871479004621481,0.0,0.0006452465007702468,0.00014417530875837729
T,1,18,18,19,18,18,missing,0.6305299401283264,-0.49530040690898897,-0.06927669048309326,0.08640447607636453,0.0,0.014400746012727422,0.003217734618099435
T,1,19,19,20|21|22,18,18,missing,0.5804926156997681,-0.4290892521202564,-0.019239366054534912,0.02019332128763196,0.0,0.00336555354793866,0.0007520067467823191
T,1,20,20,23|24|25,18,18,missing,0.5332301259040833,-0.3462042804419994,0.028023123741149902,0.06269165039062502,0.028023123741149902,0.038471732139587406,0.008596209127943195
T,1,21,21,26,18,18,missing,0.5669288039207458,-0.4031547008514404,-0.005675554275512695,0.005741229981184037,0.0,0.0009568716635306729,0.0002138055260539869
T,1,22,22,27,18,18,missing,0.5792158842086792,-0.4354903942108154,-0.017962634563446045,0.02659446337819099,0.0,0.004432410563031832,0.00099038764364652
T,1,23,23,28,18,18,missing,0.5875871181488037,-0.41635294303894044,-0.026333868503570557,0.007457012206316005,0.0,0.0012428353677193342,0.00027770189015030285
T,1,24,24,29,18,18,missing,0.3834763765335083,-0.17169052848815916,0.17777687311172485,0.23720540234446527,0.17777687311172485,0.2173111068358024,0.04855647552877242
T,1,25,25,30,18,18,missing,0.5551855564117432,-0.3956537052452564,0.00606769323348999,0.01324222558736804,0.00606769323348999,0.008274730831384663,0.0018489242035148116
T,1,26,26,31,18,18,missing,0.5595510005950928,-0.4092918888390064,0.0017022490501403809,0.0003959580063819801,0.0017022490501403809,0.0017682420512040442,0.00039509992442820694
T,1,27,27,32,18,18,missing,0.51995849609375,-0.3300144420623779,0.041294753551483154,0.07888148877024653,0.041294753551483154,0.054441668346524245,0.012164567082210581
T,1,28,28,33,18,18,missing,0.5446902513504028,-0.3728207355201244,0.016562998294830322,0.03607519531250003,0.016562998294830322,0.02257553084691366,0.005044326666402176
T,1,29,29,34,18,18,missing,0.5829485058784485,-0.4234359889388084,-0.021695256233215332,0.014540058106183973,0.0,0.002423343017697329,0.0005414771368568433
T,1,30,30,35,18,18,missing,0.5858003497123718,-0.40678419060111043,-0.024547100067138672,0.0021117402315140033,0.0,0.00035195670525233386,7.864198657220564e-05
T,1,31,31,36,18,18,missing,0.549908459186554,-0.40069101286530495,0.0113447904586792,0.00820491796731948,0.0113447904586792,0.01271227678656578,0.0028404593105692457
T,1,32,32,37,18,18,missing,0.5691797733306885,-0.4203344073951244,-0.007926523685455322,0.011438476562499966,0.0,0.001906412760416661,0.00042597309404371515
T,1,33,33,38,18,18,missing,0.5594527721405029,-0.40258275554180145,0.0018004775047302246,0.006313175290822981,0.0018004775047302246,0.0028526733865340548,0.0006374076663715214
T,1,34,34,39,18,18,missing,0.5531628131866455,-0.3999211422562599,0.008090436458587646,0.008974788576364523,0.008090436458587646,0.009586234554648401,0.0021419695032779155
T,1,35,35,40,18,18,missing,0.5161383748054504,-0.3484039874732494,0.045114874839782715,0.06049194335937502,0.045114874839782715,0.05519686539967855,0.012333309986173586
T,1,36,36,41,18,18,missing,0.5579894185066223,-0.4014609103262424,0.00326383113861084,0.007435020506382006,0.00326383113861084,0.004503001223007841,0.00100616057722361
T,1,37,37,42,18,18,missing,0.5717628002166748,-0.4239859156966209,-0.01050955057144165,0.015089984863996486,0.0,0.0025149974773327477,0.0005619566125320225
T,1,38,38,43,18,18,missing,0.6043460965156555,-0.46096298552155496,-0.04309284687042236,0.052067054688930525,0.0,0.008677842448155088,0.001938996356936158
T,1,39,39,44,18,18,missing,0.5965730547904968,-0.4649444498777389,-0.03531980514526367,0.05604851904511449,0.0,0.009341419840852414,0.00208726756082957
T,1,40,40,45,18,18,missing,0.6581361293792725,-0.524820464527607,-0.0968828797340393,0.11592453369498257,0.0,0.019320755615830427,0.0043170724723532675
T,1,41,41,46|47|48,18,18,missing,0.6204371452331543,-0.45293405485749244,-0.05918389558792114,0.04403812402486801,0.0,0.007339687337478001,0.0016399960120785488
T,2,0,1,1|2,18,18,missing,0.5465316772460938,-0.3962255968511105,0.014721572399139404,0.01267033398151396,0.014721572399139404,0.01683329472939173,0.003761268696744132
T,2,1,2,2|3,18,18,missing,0.5465348362922668,-0.3945978351294994,0.014718413352966309,0.014298095703125013,0.014718413352966309,0.017101429303487143,0.0038211812804820598
T,2,2,3,3|4,18,18,missing,0.5620979070663452,-0.4150111271202564,-0.0008446574211120605,0.006115196287631963,0.0,0.001019199381271994,0.0002277321694977452
T,2,3,4,4|5,18,18,missing,0.5495149493217468,-0.3849631344437599,0.011738300323486328,0.02393279638886453,0.011738300323486328,0.015727099721630416,0.003514098031578834
T,2,4,5,5|6,18,18,missing,0.5384814739227295,-0.3721168400108814,0.022771775722503662,0.03677909082174302,0.022771775722503662,0.028901624192794167,0.006457842989679995
T,2,5,6,6|7,18,18,missing,0.5718176364898682,-0.42429385319948193,-0.01056438684463501,0.015397922366857497,0.0,0.0025663203944762494,0.0005734243189306035
T,2,6,7,7|8,18,18,missing,0.5970110893249512,-0.4212583004593849,-0.03575783967971802,0.012362369626760461,0.0,0.0020603949377934103,0.00046037921316265475
T,2,7,8,8|9,18,18,missing,0.6011866331100464,-0.40577233073711394,-0.03993338346481323,0.0031236000955104926,0.0,0.0005206000159184154,0.00011632402181965415
T,2,8,9,9|10,18,18,missing,0.602040708065033,-0.41848664811849595,-0.040787458419799805,0.00959071728587152,0.0,0.0015984528809785865,0.0003571618557802369
T,2,9,10,10|11,18,18,missing,0.5842487215995789,-0.40636626774668694,-0.022995471954345703,0.0025296630859374947,0.0,0.0004216105143229158,9.42055881058217e-05
T,2,10,11,11|12,18,18,missing,0.5513033866882324,-0.36098630095124246,0.009949862957000732,0.04790962988138198,0.009949862957000732,0.017934801270564397,0.004007391760539699
T,2,11,12,12|13,18,18,missing,0.5423256754875183,-0.3437846027076244,0.018927574157714844,0.06511132812500003,0.018927574157714844,0.029779462178548183,0.0066539890555398435
T,2,12,13,13|14,18,18,missing,0.5706197619438171,-0.40443051481842995,-0.009366512298583984,0.004465416014194479,0.0,0.0007442360023657465,0.00016629374247220975
T,2,13,14,14|15,18,18,missing,0.5740764141082764,-0.4224021373748779,-0.012823164463043213,0.013506206542253485,0.0,0.002251034423708914,0.0005029761225772675
T,2,14,15,15|16,18,18,missing,0.5677170753479004,-0.4002730631589889,-0.006463825702667236,0.008622867673635515,0.0,0.0014371446122725857,0.0003211187785714417
T,2,15,16,16|17,18,18,missing,0.5771417617797852,-0.39314600700736047,-0.015888512134552002,0.015749923825263967,0.0,0.002624987304210661,0.0005865329833166354
T,2,16,17,17|18,18,18,missing,0.5704026222229004,-0.38826266813874244,-0.009149372577667236,0.020633262693881993,0.0,0.003438877115646999,0.0007683903273224633
T,2,17,18,18|19,18,18,missing,0.6275187730789185,-0.48892125651836393,-0.0662655234336853,0.0800253256857395,0.0,0.013337554280956584,0.002980172700267361
T,2,18,19,19|20|21|22,18,18,missing,0.6301433444023132,-0.506254958665371,-0.06889009475708008,0.09735902783274653,0.0,0.01622650463879109,0.0036256861735387536
T,2,19,20,20|21|22|23|24|25,18,18,missing,0.5538902282714844,-0.3768241915762424,0.007363021373748779,0.032071739256382015,0.007363021373748779,0.012708311249812448,0.0028395732422447813
T,2,20,21,23|24|25|26,18,18,missing,0.537590503692627,-0.34418053386211395,0.0236627459526062,0.06471539697051049,0.0236627459526062,0.03444864544769128,0.007697281717607073
T,2,21,22,26|27,18,18,missing,0.5815779566764832,-0.4264935870826244,-0.02032470703125,0.017597656249999982,0.0,0.0029329427083333304,0.0006553432216057169
T,2,22,23,27|28,18,18,missing,0.5959861278533936,-0.4348964572012424,-0.0347328782081604,0.026000526368617993,0.0,0.004333421061436332,0.0009682692099326878
T,2,23,24,28|29,18,18,missing,0.3978767991065979,-0.18564767228662965,0.16337645053863525,0.22324825854599478,0.16337645053863525,0.20058449362963438,0.04481904398810931
T,2,24,25,29|30,18,18,missing,0.3715188503265381,-0.16971079216003415,0.18973439931869507,0.23918513867259028,0.18973439931869507,0.22959858909746012,0.051302017808851186
T,2,25,26,30|31,18,18,missing,0.5531517863273621,-0.3963136173546314,0.008101463317871094,0.012582313477993046,0.008101463317871094,0.010198515564203267,0.00227877892958877
T,2,26,27,31|32,18,18,missing,0.5179756283760071,-0.33357795671224594,0.043277621269226074,0.0753179741203785,0.043277621269226074,0.05583061695595582,0.012474916839048117
T,2,27,28,32|33,18,18,missing,0.5071688890457153,-0.31230680046081544,0.05408436059951782,0.096589130371809,0.05408436059951782,0.07018254899481932,0.015681744354598133
T,2,28,29,33|34,18,18,missing,0.5645256042480469,-0.3905063854217529,-0.0032723546028137207,0.01838954541087151,0.0,0.003064924235145252,0.0006848334665830954
T,2,29,30,34|35,18,18,missing,0.5877720713615417,-0.4095338512420654,-0.026518821716308594,0.0006379204094409952,0.0,0.00010632006824016586,2.3756391778086936e-05
T,2,30,31,35|36,18,18,missing,0.5713581442832947,-0.39697352946400644,-0.010104894638061523,0.011922401368617996,0.0,0.001987066894769666,0.00044399463264811377
T,2,31,32,36|37,18,18,missing,0.5569831728935242,-0.41193151042461396,0.004270076751708984,0.0030355795919895234,0.004270076751708984,0.004776006683707239,0.001067161522663954
T,2,32,33,37|38,18,18,missing,0.5665948987007141,-0.41421921110749244,-0.005341649055480957,0.005323280274868003,0.0,0.0008872133791446671,0.00019824092454596995
T,2,33,34,38|39,18,18,missing,0.5510485172271729,-0.3934099879622459,0.010204732418060303,0.015485942870378522,0.010204732418060303,0.012785722896456722,0.002856870272206369
T,2,34,35,39|40,18,18,missing,0.506463885307312,-0.34008908415436745,0.05478936433792114,0.06880684667825698,0.05478936433792114,0.06625717211763064,0.014804649441900283
T,2,35,36,40|41,18,18,missing,0.5123786926269531,-0.34330065104961394,0.04887455701828003,0.0655952797830105,0.04887455701828003,0.05980710364878178,0.013363431842271513
T,2,36,37,41|42,18,18,missing,0.5677942633628845,-0.41571502262949944,-0.006541013717651367,0.00681909179687501,0.0,0.0011365152994791683,0.00025394549837221594
T,2,37,38,42|43,18,18,missing,0.6126344203948975,-0.4764709469437599,-0.05138117074966431,0.06757501611113548,0.0,0.011262502685189246,0.0025165185709505942
T,2,38,39,43|44,18,18,missing,0.6256325244903564,-0.5073108287811279,-0.06437927484512329,0.09841489794850344,0.0,0.01640248299141724,0.003665007166824853
T,2,39,40,44|45,18,18,missing,0.66705322265625,-0.5576401363968849,-0.10579997301101685,0.1487442055642605,0.0,0.024790700927376747,0.005539289180606966
T,2,40,41,45|46|47|48,18,18,missing,0.6636636853218079,-0.518837272143364,-0.10241043567657471,0.10994134131073952,0.0,0.018323556885123254,0.004094256176997082
T,3,0,2,1|2|3,18,18,missing,0.5412364602088928,-0.3920901637434959,0.020016789436340332,0.01680576708912851,0.020016789436340332,0.02281775061786175,0.0050984487890671365
T,3,1,3,2|3|4,18,18,missing,0.5537071824073792,-0.40792805436849594,0.007546067237854004,0.000967876464128492,0.007546067237854004,0.007707379981875419,0.0017221540717827083
T,3,2,4,3|4|5,18,18,missing,0.545155942440033,-0.38293938786387444,0.016097307205200195,0.025956542968749996,0.016097307205200195,0.020423397699991862,0.004563449264391945
T,3,3,5,4|5|6,18,18,missing,0.5465429425239563,-0.38667888981699944,0.014710307121276855,0.022217041015624994,0.014710307121276855,0.018413147290547688,0.004114274455822983
T,3,4,6,5|6|7,18,18,missing,0.5533384680747986,-0.3896704860091209,0.00791478157043457,0.019225444823503524,0.00791478157043457,0.011119022374351825,0.0024844590121757084
T,3,5,7,6|7|8,18,18,missing,0.5932713747024536,-0.4224241290748119,-0.03201812505722046,0.013528198242187484,0.0,0.002254699707031247,0.0005037951016093948
T,3,6,8,7|8|9,18,18,missing,0.6148430109024048,-0.4283413463592529,-0.05358976125717163,0.019445415526628484,0.0,0.003240902587771414,0.0007241544598691972
T,3,7,9,8|9|10,18,18,missing,0.6085754632949829,-0.41468114421367647,-0.047322213649749756,0.0057852133810520345,0.0,0.0009642022301753391,0.00021544348411824138
T,3,8,10,9|10|11,18,18,missing,0.5981871485710144,-0.4108756403088569,-0.03693389892578125,0.001979709476232494,0.0,0.00032995157937208236,7.372511245624374e-05
T,3,9,11,10|11|12,18,18,missing,0.57083660364151,-0.38065168718099596,-0.009583353996276855,0.028244243651628476,0.0,0.0047073739419380796,0.0010518260706720557
T,3,10,12,11|12|13,18,18,missing,0.5426673889160156,-0.3395831676483154,0.01858586072921753,0.06931276318430901,0.01858586072921753,0.030137987926602362,0.00673409884360043
T,3,11,13,12|13|14,18,18,missing,0.558771014213562,-0.3712809405982494,0.0024822354316711426,0.037614990234375034,0.0024822354316711426,0.00875140047073365,0.001955432324592333
T,3,12,14,13|14|15,18,18,missing,0.5662239789962769,-0.3968415524125099,-0.004970729351043701,0.012054378420114531,0.0,0.0020090630700190884,0.0004489095068152781
T,3,13,15,14|15|16,18,18,missing,0.5840166807174683,-0.42831932780742643,-0.022763431072235107,0.019423396974802,0.0,0.0032372328291336663,0.0007233344808626711
T,3,14,16,15|16|17,18,18,missing,0.5734682083129883,-0.39160621208548546,-0.012214958667755127,0.01728971874713897,0.0,0.0028816197911898287,0.0006438755152071359
T,3,15,17,16|17|18,18,18,missing,0.5771322846412659,-0.39574167204499244,-0.015879034996032715,0.01315425878763199,0.0,0.0021923764646053314,0.0004898694581400332
T,3,16,18,17|18|19,18,18,missing,0.6172083020210266,-0.46006111100912095,-0.05595505237579346,0.051165180176496516,0.0,0.008527530029416086,0.0019054102168237445
T,3,17,19,18|19|20|21|22,18,18,missing,0.6284007430076599,-0.5026034772157669,-0.06714749336242676,0.09370754638314249,0.0,0.015617924397190416,0.003489703655024845
T,3,18,20,19|20|21|22|23|24|25,18,18,missing,0.6039252281188965,-0.4546498370826244,-0.04267197847366333,0.045753906249999976,0.0,0.007625651041666663,0.0017038923761748647
T,3,19,21,20|21|22|23|24|25|26,18,18,missing,0.5558251142501831,-0.3733706622779369,0.005428135395050049,0.03552526855468752,0.005428135395050049,0.011349013487497967,0.0025358487364282927
T,3,20,22,23|24|25|26|27,18,18,missing,0.549880862236023,-0.36446184880137444,0.011372387409210205,0.04443408203124999,0.011372387409210205,0.01877806774775187,0.0041958130918742535
T,3,21,23,26|27|28,18,18,missing,0.5943018794059753,-0.4264935870826244,-0.03304862976074219,0.017597656249999982,0.0,0.0029329427083333304,0.0006553432216057169
T,3,22,24,27|28|29,18,18,missing,0.40243685245513916,-0.19511740837097166,0.158816397190094,0.21377852246165277,0.158816397190094,0.1944461509337028,0.04344747908633267
T,3,23,25,28|29|30,18,18,missing,0.3854498267173767,-0.18212812761068342,0.17580342292785645,0.226767803221941,0.17580342292785645,0.21359805679817995,0.04772682339587363
T,3,24,26,29|30|31,18,18,missing,0.37078094482421875,-0.17814666325449943,0.1904723048210144,0.230749267578125,0.1904723048210144,0.22893051608403525,0.051152742093494824
T,3,25,27,30|31|32,18,18,missing,0.5117517113685608,-0.3290685841500759,0.04950153827667236,0.07982734668254854,0.04950153827667236,0.06280609605709712,0.014033533355285146
T,3,26,28,31|32|33,18,18,missing,0.5051042437553406,-0.31642024186849593,0.05614900588989258,0.0924756889641285,0.05614900588989258,0.07156162071724732,0.015989887197904774
T,3,27,29,32|33|34,18,18,missing,0.523988664150238,-0.33144422478079794,0.03726458549499512,0.0774517060518265,0.03726458549499512,0.05017320317029953,0.01121081175928833
T,3,28,30,33|34|35,18,18,missing,0.5704107880592346,-0.3861949650108814,-0.009157538414001465,0.022700965821743024,0.0,0.0037834943036238375,0.0008453923558816169
T,3,29,31,34|35|36,18,18,missing,0.5735355615615845,-0.40075701481699944,-0.012282311916351318,0.008138916015624997,0.0,0.0013564860026041663,0.0003030962399926443
T,3,30,32,35|36|37,18,18,missing,0.5686473250389099,-0.4031327091515064,-0.007394075393676758,0.005763221681118036,0.0,0.000960536946853006,0.0002146245050861141
T,3,31,33,36|37|38,18,18,missing,0.5545090436935425,-0.4061682887434959,0.006744205951690674,0.0027276420891285125,0.006744205951690674,0.007198812966545426,0.001608518730293834
T,3,32,34,37|38|39,18,18,missing,0.5570078492164612,-0.40504641667604446,0.004245400428771973,0.0038495141565799695,0.004245400428771973,0.004886986121535301,0.0010919590143134118
T,3,33,35,38|39|40,18,18,missing,0.5048238039016724,-0.3355576930403709,0.05642944574356079,0.07333823779225351,0.05642944574356079,0.06865248537560305,0.015339863547097226
T,3,34,36,39|40|41,18,18,missing,0.5012553334236145,-0.33425986052155493,0.05999791622161865,0.0746360703110695,0.05999791622161865,0.07243726127346357,0.01618554226523661
T,3,35,37,40|41|42,18,18,missing,0.522992730140686,-0.3581046901106834,0.03826051950454712,0.05079124072194102,0.03826051950454712,0.04672572629153729,0.010440499881828193
T,3,36,38,41|42|43,18,18,missing,0.604491651058197,-0.4651424557328224,-0.04323840141296387,0.05624652490019799,0.0,0.009374420816699666,0.002094641372041914
T,3,37,39,42|43|44,18,18,missing,0.6336300373077393,-0.5226208112001419,-0.0723767876625061,0.11372488036751749,0.0,0.01895414672791958,0.004235156569601348
T,3,38,40,43|44|45,18,18,missing,0.680180013179779,-0.588699988937378,-0.1189267635345459,0.17980405810475353,0.0,0.02996734301745892,0.0066959695667513
T,3,39,41,44|45|46|47|48,18,18,missing,0.6715167760848999,-0.551656890308857,-0.11026352643966675,0.14276095947623257,0.0,0.02379349324603876,0.005316470885301987
T,4,0,3,1|2|3|4,18,18,missing,0.5486901998519897,-0.4062122989952564,0.012563049793243408,0.002683631837368028,0.012563049793243408,0.01301032176613808,0.0029070551416236186
T,4,1,4,2|3|4|5,18,18,missing,0.5385302901268005,-0.37983777946829794,0.022722959518432617,0.02905815136432649,0.022722959518432617,0.027565984745820366,0.006159404750297922
T,4,2,5,3|4|5|6,18,18,missing,0.542617678642273,-0.3848531490921974,0.018635571002960205,0.02404278174042701,0.018635571002960205,0.022642701293031375,0.005059335379811546
T,4,3,6,4|5|6|7,18,18,missing,0.5622278451919556,-0.4059483180403709,-0.0009745955467224121,0.002947612792253529,0.0,0.0004912687987089215,0.00010977018961383862
T,4,4,7,5|6|7|8,18,18,missing,0.5733733177185059,-0.3916062389373779,-0.012120068073272705,0.01728969189524654,0.0,0.002881615315874423,0.0006438745152327391
T,4,5,8,6|7|8|9,18,18,missing,0.6116865277290344,-0.4302990909874439,-0.05043327808380127,0.021403160154819467,0.0,0.003567193359136578,0.0007970615932677125
T,4,6,9,7|8|9|10,18,18,missing,0.6222110986709595,-0.43784406999349595,-0.06095784902572632,0.028948139160871522,0.0,0.004824689860145254,0.0010780393995465263
T,4,7,10,8|9|10|11,18,18,missing,0.6047375798225403,-0.4084559894263744,-0.04348433017730713,0.00043994140625003286,0.0,7.332356770833881e-05,1.6383580540144164e-05
T,4,8,11,9|10|11|12,18,18,missing,0.5853659510612488,-0.3883066783905029,-0.024112701416015625,0.02058925244212151,0.0,0.003431542073686918,0.00076675136928381
T,4,9,12,10|11|12|13,18,18,missing,0.5625202655792236,-0.3628340602278709,-0.0012670159339904785,0.04606187060475353,0.0,0.007676978434125588,0.0017153610825478467
T,4,10,13,11|12|13|14,18,18,missing,0.5583569407463074,-0.36734345964193343,0.0028963088989257812,0.041552471190691,0.0028963088989257812,0.009821720764040948,0.002194587064019402
T,4,11,14,12|13|14|15,18,18,missing,0.5555324554443359,-0.3689712482154369,0.005720794200897217,0.03992468261718751,0.005720794200897217,0.012374907970428468,0.002765076874284846
T,4,12,15,13|14|15|16,18,18,missing,0.5765052437782288,-0.4071361652076244,-0.015251994132995605,0.0017597656250000204,0.0,0.00029329427083333676,6.553432216057252e-05
T,4,13,16,14|15|16|17,18,18,missing,0.5879375338554382,-0.4199384762406349,-0.026684284210205078,0.011042545408010473,0.0,0.0018404242346684123,0.00041122847154222635
T,4,14,17,15|16|17|18,18,18,missing,0.5739116072654724,-0.3937179523169994,-0.012658357620239258,0.015177978515625024,0.0,0.0025296630859375038,0.0005652335286349322
T,4,15,18,16|17|18|19,18,18,missing,0.6198422908782959,-0.46828799382448194,-0.058589041233062744,0.05939206299185751,0.0,0.009898677165309585,0.002211782372944898
T,4,16,19,17|18|19|20|21|22,18,18,missing,0.6192718744277954,-0.47770275065898893,-0.058018624782562256,0.0688068198263645,0.0,0.011467803304394083,0.002562391396493716
T,4,17,20,18|19|20|21|22|23|24|25,18,18,missing,0.60377436876297,-0.45451786003112793,-0.042521119117736816,0.0456219291985035,0.0,0.007603654866417249,0.0016989775020077025
T,4,18,21,19|20|21|22|23|24|25|26,18,18,missing,0.6014148592948914,-0.4467968937218189,-0.0401616096496582,0.03790096288919448,0.0,0.006316827148199079,0.001411445863523073
T,4,19,22,20|21|22|23|24|25|26|27,18,18,missing,0.5642876625061035,-0.39066035417318346,-0.0030344128608703613,0.018235576659440977,0.0,0.003039262776573496,0.0006790996133838038
T,4,20,23,23|24|25|26|27|28,18,18,missing,0.563790500164032,-0.37260076481699944,-0.002537250518798828,0.03629516601562499,0.0,0.006049194335937498,0.0013516453945617922
T,4,21,24,26|27|28|29,18,18,missing,0.397288054227829,-0.18819932707250117,0.16396519541740417,0.22069660376012326,0.16396519541740417,0.20074796271075807,0.04485556988203562
T,4,22,25,27|28|29|30,18,18,missing,0.38962796330451965,-0.19039903410375117,0.1716252863407135,0.21849689672887326,0.1716252863407135,0.2080414357955257,0.04648523967902334
T,4,23,26,28|29|30|31,18,18,missing,0.38453739881515503,-0.19021206437647342,0.17671585083007812,0.218683866456151,0.17671585083007812,0.2131631619061033,0.04762964951694868
T,4,24,27,29|30|31|32,18,18,missing,0.33395564556121826,-0.1554676757067442,0.2272976040840149,0.25342825512588024,0.2272976040840149,0.26953564660499496,0.060225642485895556
T,4,25,28,30|31|32|33,18,18,missing,0.49856865406036377,-0.31171286345124244,0.06268459558486938,0.097183067381382,0.06268459558486938,0.07888177348176638,0.017625518361689754
T,4,26,29,31|32|33|34,18,18,missing,0.521551787853241,-0.3351617618858814,0.03970146179199219,0.073734168946743,0.03970146179199219,0.05199048994978269,0.011616870346544109
T,4,27,30,32|33|34|35,18,18,missing,0.5324862003326416,-0.3411009708702564,0.028767049312591553,0.067794959962368,0.028767049312591553,0.04006620930631955,0.00895248264131734
T,4,28,31,33|34|35|36,18,18,missing,0.5561190247535706,-0.3780120387434959,0.005134224891662598,0.030883892089128506,0.005134224891662598,0.010281540239850683,0.0022973301471959037
T,4,29,32,34|35|36|37,18,18,missing,0.5708959698677063,-0.40735610905885694,-0.009642720222473145,0.0015398217737674913,0.0,0.0002566369622945819,5.734353186489923e-05
T,4,30,33,35|36|37|38,18,18,missing,0.5660199522972107,-0.3995911862015724,-0.004766702651977539,0.00930474463105202,0.0,0.0015507907718420033,0.00034651212843938434
T,4,31,34,36|37|38|39,18,18,missing,0.543998122215271,-0.39635760075449944,0.017255127429962158,0.012538330078124993,0.017255127429962158,0.019344849109649658,0.004322455976031798
T,4,32,35,37|38|39|40,18,18,missing,0.5109001398086548,-0.3468641925513744,0.05035310983657837,0.062031738281250026,0.05035310983657837,0.06069173288345337,0.013561095359846911
T,4,33,36,38|39|40|41,18,18,missing,0.4992850422859192,-0.3303224064171314,0.061968207359313965,0.07857352441549303,0.061968207359313965,0.07506379476189613,0.016772420731383953
T,4,34,37,39|40|41|42,18,18,missing,0.5119658708572388,-0.3488659474313259,0.049287378787994385,0.06002998340129856,0.049287378787994385,0.05929237602154414,0.013248419959998823
T,4,35,38,40|41|42|43,18,18,missing,0.5629416108131409,-0.4083679957747459,-0.0016883611679077148,0.0005279350578785147,0.0,8.798917631308578e-05,1.9660496643051928e-05
T,4,36,39,41|42|43|44,18,18,missing,0.6248437166213989,-0.5109183268308639,-0.06359046697616577,0.10202239599823948,0.0,0.017003732666373245,0.003799351727274507
T,4,37,40,42|43|44|45,18,18,missing,0.6869381070137024,-0.608101394212246,-0.12568485736846924,0.19920546337962153,0.0,0.03320091056327026,0.007418485068581845
T,4,38,41,43|44|45|46|47|48,18,18,missing,0.6829873919487,-0.5814409020304679,-0.1217341423034668,0.1725449711978435,0.0,0.028757495199640586,0.006425638487890142
T,1,0,0,1,19,19,missing,0.43330714106559753,0.3788191570580006,-0.005203038454055786,0.008402896970510498,0.0,0.0014004828284184163,0.00017003296066329872
T,1,1,1,2,19,19,missing,0.4227008819580078,0.3624093211233616,0.0054032206535339355,0.008006938964128518,0.0054032206535339355,0.006737710480888688,0.000818027067458885
T,1,2,2,3,19,19,missing,0.26422131061553955,-0.046091378769278504,0.1638827919960022,0.4165076388567686,0.1638827919960022,0.23330073180546362,0.02832509856518249
T,1,3,3,4|5,19,19,missing,0.5186153650283813,0.5758688968062401,-0.0905112624168396,0.20545263671874997,0.0,0.034242106119791664,0.004157342428446782
T,1,4,4,6,19,19,missing,0.43749910593032837,0.3986824954390526,-0.009395003318786621,0.028266235351562474,0.0,0.004711039225260412,0.0005719684176182131
T,1,5,5,7,19,19,missing,0.42366117238998413,0.3697123645782471,0.004442930221557617,0.0007038955092430466,0.004442930221557617,0.004560246139764791,0.0005536605924495677
T,1,6,6,8,19,19,missing,0.41154903173446655,0.34599951204061513,0.016555070877075195,0.024416748046874992,0.016555070877075195,0.020624528884887694,0.0025040290658497463
T,1,7,7,9,19,19,missing,0.3895788788795471,0.3079445803999901,0.03852522373199463,0.062471679687500004,0.03852522373199463,0.04893717034657796,0.005941473748671219
T,1,8,8,10,19,19,missing,0.38720667362213135,0.2894890330374241,0.0408974289894104,0.080927227050066,0.0408974289894104,0.0543853001644214,0.0066029325143256825
T,1,9,9,11,19,19,missing,0.4240363538265228,0.36474103205800057,0.004067748785018921,0.005675228029489554,0.004067748785018921,0.00501362012326718,0.0006087048380042825
T,1,10,10,12,19,19,missing,0.46991655230522156,0.47279060384035115,-0.04181244969367981,0.10237434375286103,0.0,0.017062390625476837,0.002071548993799423
T,1,11,11,13,19,19,missing,0.4299873113632202,0.38788191243410114,-0.0018832087516784668,0.017465652346611016,0.0,0.002910942057768503,0.0003534181828995748
T,1,12,12,14,19,19,missing,0.43597784638404846,0.3930292591094971,-0.007873743772506714,0.022612999022006974,0.0,0.0037688331703344957,0.00045757495143422343
T,1,13,13,15,19,19,missing,0.4376409947872162,0.3895537112593651,-0.009536892175674438,0.019137451171874986,0.0,0.0031895751953124976,0.0003872470998660276
T,1,14,14,16,19,19,missing,0.38791361451148987,0.30818656965494157,0.04019048810005188,0.06222969043254856,0.04019048810005188,0.050562103172143304,0.006138757238053145
T,1,15,15,17|18,19,19,missing,0.44965648651123047,0.4362315105736256,-0.02155238389968872,0.06581525048613546,0.0,0.01096920841435591,0.0013317742602613817
T,1,16,16,19,19,19,missing,0.30534446239471436,0.06356813850402834,0.12275964021682739,0.30684812158346175,0.12275964021682739,0.173900993814071,0.021113361935247033
T,1,17,17,20,19,19,missing,0.39003512263298035,0.2782045520782471,0.0380689799785614,0.092211708009243,0.0380689799785614,0.0534375979801019,0.006487871761735879
T,1,18,18,21,19,19,missing,0.41410312056541443,0.3398403323531151,0.01400098204612732,0.030575927734375008,0.01400098204612732,0.01909697000185649,0.0023185677705030265
T,1,19,19,22,19,19,missing,0.421010285615921,0.37167008235454563,0.0070938169956207275,0.0012538222670555044,0.0070938169956207275,0.007302787373463311,0.0008866331903596465
T,1,20,20,23,19,19,missing,0.4416152834892273,0.42402310969829565,-0.013511180877685547,0.05360684961080553,0.0,0.008934474935134254,0.001084736773894267
T,1,21,21,24,19,19,missing,0.42832398414611816,0.38251464875936514,-0.00021988153457641602,0.012098388671875016,0.0,0.0020163981119791694,0.0002448113849727766
T,1,22,22,25,19,19,missing,0.42982926964759827,0.3773673289358616,-0.0017251670360565186,0.006951068848371489,0.0,0.0011585114747285814,0.00014065515978725922
T,1,23,23,26,19,19,missing,0.43700554966926575,0.38621014046072966,-0.008901447057723999,0.015793880373239533,0.0,0.0026323133955399223,0.00031958980928225444
T,1,24,24,27,19,19,missing,0.3754071295261383,0.23973167073130608,0.05269697308540344,0.13068458935618404,0.05269697308540344,0.07447773797810078,0.009042360273865785
T,1,25,25,28,19,19,missing,0.36991673707962036,0.25288592951893807,0.05818736553192139,0.11753033056855205,0.05818736553192139,0.07777575396001339,0.009442773195995478
T,1,26,26,29|30,19,19,missing,0.39451438188552856,0.3056128963172436,0.033589720726013184,0.06480336377024654,0.033589720726013184,0.044390281354387606,0.005389434850755859
T,1,27,27,31,19,19,missing,0.42077508568763733,0.3566460994422436,0.007329016923904419,0.013770160645246499,0.007329016923904419,0.00962404369811217,0.0011684574850453452
T,1,28,28,32,19,19,missing,0.4336734116077423,0.3958888782501221,-0.0055693089962005615,0.025472618162631966,0.0,0.004245436360438661,0.0005154394606096067
T,1,29,29,33,19,19,missing,0.414279043674469,0.3430739178001881,0.013825058937072754,0.027342342287302035,0.013825058937072754,0.018382115984956426,0.002231777170526277
T,1,30,30,34,19,19,missing,0.36994224786758423,0.24446104084849363,0.05816185474395752,0.1259552192389965,0.05816185474395752,0.07915439128379027,0.009610153888629487
T,1,31,31,35,19,19,missing,0.32089054584503174,0.14166873396337035,0.10721355676651001,0.22874752612411978,0.10721355676651001,0.1453381444538633,0.017645539450639652
T,1,32,32,36,19,19,missing,0.4054739475250244,0.3151816219031811,0.022630155086517334,0.055234638184309015,0.022630155086517334,0.031835928117235505,0.0038652077722014346
T,1,33,33,37,19,19,missing,0.39793649315834045,0.32127479963898664,0.030167609453201294,0.04914146044850348,0.030167609453201294,0.03835785286128521,0.0046570362408920075
T,1,34,34,38,19,19,missing,0.41209906339645386,0.3370027049124241,0.01600503921508789,0.033413555175066,0.01600503921508789,0.02157396507759889,0.0026193003448199328
T,1,35,35,39,19,19,missing,0.4446069002151489,0.41192472102642064,-0.016502797603607178,0.041508460938930514,0.0,0.006918076823155085,0.0008399253889214904
T,2,0,1,1|2,19,19,missing,0.42627838253974915,0.3668307537376881,0.0018257200717926025,0.0035855063498020368,0.0018257200717926025,0.0024233044634262755,0.00029421398402312447
T,2,1,2,2|3,19,19,missing,0.2601853907108307,-0.05367899522408841,0.16791871190071106,0.42409525531157855,0.16791871190071106,0.2386012544526408,0.02896863630836226
T,2,2,3,3|4|5,19,19,missing,0.35598862171173096,0.2136871341109276,0.07211548089981079,0.15672912597656252,0.07211548089981079,0.09823700189590455,0.011926978282133066
T,2,3,4,4|5|6,19,19,missing,0.5225554704666138,0.5911788792252541,-0.09445136785507202,0.22076261913776402,0.0,0.036793769856294005,0.004467140543018912
T,2,4,5,6|7,19,19,missing,0.43220698833465576,0.3954489368438721,-0.004102885723114014,0.02503267675638199,0.0,0.004172112792730331,0.000506537228428779
T,2,5,6,7|8,19,19,missing,0.40897873044013977,0.3462194827437401,0.019125372171401978,0.02419677734375003,0.019125372171401978,0.023158168395360317,0.00281163885475782
T,2,6,7,8|9,19,19,missing,0.3933333158493042,0.3155995716094971,0.03477078676223755,0.054816688477993036,0.03477078676223755,0.04390690150856972,0.005330747586162831
T,2,7,8,9|10,19,19,missing,0.3856925666332245,0.2900169949471951,0.04241153597831726,0.08039926514029505,0.04241153597831726,0.05581141350169977,0.006776077281300585
T,2,8,9,10|11,19,19,missing,0.3950274586677551,0.3002456326425076,0.03307664394378662,0.07017062744498254,0.03307664394378662,0.04477174851795038,0.005435748871820765
T,2,9,10,11|12,19,19,missing,0.46580222249031067,0.4624079973936081,-0.03769811987876892,0.09199173730611798,0.0,0.01533195621768633,0.001861456531671529
T,2,10,11,12|13,19,19,missing,0.4675068259239197,0.47534228547811513,-0.03940272331237793,0.10492602539062501,0.0,0.017487670898437502,0.0021231823751275323
T,2,11,12,13|14,19,19,missing,0.43614667654037476,0.4045117190718651,-0.008042573928833008,0.03409545898437499,0.0,0.005682576497395832,0.0006899229940141874
T,2,12,13,14|15,19,19,missing,0.4423190951347351,0.4026639597952366,-0.01421499252319336,0.03224769970774649,0.0,0.005374616617957749,0.0006525335101848824
T,2,13,14,15|16,19,19,missing,0.3954024910926819,0.3146097034454346,0.03270161151885986,0.05580655664205553,0.03270161151885986,0.04200270429253578,0.005099558539243415
T,2,14,15,16|17|18,19,19,missing,0.4209660291671753,0.3861881756126881,0.007138073444366455,0.015771915525197966,0.007138073444366455,0.00976672603189945,0.001185780581877313
T,2,15,16,17|18|19,19,19,missing,0.3516818881034851,0.1934278377234936,0.07642221450805664,0.17698842236399653,0.07642221450805664,0.10592028490205606,0.012859807539757951
T,2,16,17,19|20,19,19,missing,0.29998406767845154,0.03317093696594241,0.1281200349330902,0.3372453231215477,0.1281200349330902,0.18432758878668148,0.02237925736563381
T,2,17,18,20|21,19,19,missing,0.379252552986145,0.2527979090154171,0.04885154962539673,0.11761835107207302,0.04885154962539673,0.0684546081374089,0.008311090615651648
T,2,18,19,21|22,19,19,missing,0.4086575210094452,0.3444157337188721,0.019446581602096558,0.02600052636861805,0.019446581602096558,0.0237800026635329,0.0028871359044279577
T,2,19,20,22|23,19,19,missing,0.43568670749664307,0.4226812937796116,-0.007582604885101318,0.05226503369212149,0.0,0.008710838948686914,0.0010575850744125666
T,2,20,21,23|24,19,19,missing,0.43994614481925964,0.42846653401255613,-0.011842042207717896,0.05805027392506601,0.0,0.009675045654177669,0.0011746496449301113
T,2,21,22,24|25,19,19,missing,0.4294545650482178,0.3880359080374241,-0.0013504624366760254,0.01761964794993398,0.0,0.0029366079916556633,0.00035653429017234355
T,2,22,23,25|26,19,19,missing,0.4386141002178192,0.39316123616099363,-0.010509997606277466,0.02274497607350351,0.0,0.003790829345583918,0.00046024551241864606
T,2,23,24,26|27,19,19,missing,0.3902584910392761,0.26883380549550057,0.037845611572265625,0.10158245459198956,0.037845611572265625,0.054776020670930556,0.006650369986007247
T,2,24,25,27|28,19,19,missing,0.3433762192726135,0.16659142536818983,0.08472788333892822,0.2038248347193003,0.08472788333892822,0.11869868912547826,0.014411236703023448
T,2,25,26,28|29|30,19,19,missing,0.38555777072906494,0.2780505564749241,0.04254633188247681,0.09236570361256602,0.04254633188247681,0.057940615817904474,0.007034584252131702
T,2,26,27,29|30|31,19,19,missing,0.3887369930744171,0.29474633821249013,0.039367109537124634,0.07566992187499999,0.039367109537124634,0.051978763182957965,0.0063107542743639335
T,2,27,28,31|32,19,19,missing,0.4253605306148529,0.37947904231548313,0.0027435719966888428,0.009062782227993005,0.0027435719966888428,0.004254035701354343,0.0005164835086807264
T,2,28,29,32|33,19,19,missing,0.4142967760562897,0.3499369929969311,0.013807326555252075,0.020479267090559028,0.013807326555252075,0.017220537737011914,0.0020907496730573224
T,2,29,30,33|34,19,19,missing,0.35893306136131287,0.21500695832967762,0.06917104125022888,0.1554093017578125,0.06917104125022888,0.09507259154319764,0.011542786451925493
T,2,30,31,34|35,19,19,missing,0.30383676290512085,0.08735796870440247,0.1242673397064209,0.28305829138308763,0.1242673397064209,0.17144372160360216,0.020815023918797724
T,2,31,32,35|36,19,19,missing,0.30429545044898987,0.09226881733685734,0.12380865216255188,0.2781474427506328,0.12380865216255188,0.17016655928765734,0.020659963331533734
T,2,32,33,36|37,19,19,missing,0.37705475091934204,0.2685258411407471,0.05104935169219971,0.101890418946743,0.05104935169219971,0.06803108818332354,0.008259670955066132
T,2,33,34,37|38,19,19,missing,0.3842216432094574,0.29069887190461163,0.04388245940208435,0.07971738818287849,0.04388245940208435,0.05716869076589743,0.0069408646439083335
T,2,34,35,38|39,19,19,missing,0.42748716473579407,0.3761134798169136,0.0006169378757476807,0.005697219729423497,0.0006169378757476807,0.0015664744973182634,0.00019018604953790978
T,3,0,2,1|2|3,19,19,missing,0.26687243580818176,-0.03630268583670257,0.16123166680335999,0.40671894592419267,0.16123166680335999,0.22901815779072543,0.027805150212936013
T,3,1,3,2|3|4|5,19,19,missing,0.34572291374206543,0.19395575935542586,0.08238118886947632,0.17646050073206426,0.08238118886947632,0.11179127232482036,0.01357260555002485
T,3,2,4,3|4|5|6,19,19,missing,0.36286330223083496,0.2342763865530491,0.06524080038070679,0.136139873534441,0.06524080038070679,0.08793077930311362,0.01067569729164336
T,3,3,5,4|5|6|7,19,19,missing,0.5173783302307129,0.5883631897807121,-0.08927422761917114,0.217946929693222,0.0,0.036324488282203665,0.0044101649530236915
T,3,4,6,6|7|8,19,19,missing,0.41803765296936035,0.37167008235454563,0.010066449642181396,0.0012538222670555044,0.010066449642181396,0.010275420020023981,0.001247541242641797
T,3,5,7,7|8|9,19,19,missing,0.3918199837207794,0.3160834964156151,0.03628411889076233,0.054332763671875006,0.03628411889076233,0.0453395795027415,0.005504689369727066
T,3,6,8,8|9|10,19,19,missing,0.3927686810493469,0.3067127498328686,0.035335421562194824,0.06370351025462151,0.035335421562194824,0.04595267327129841,0.005579125233214001
T,3,7,9,9|10|11,19,19,missing,0.3944641649723053,0.3018733943641186,0.03363993763923645,0.06854286572337154,0.03363993763923645,0.045063748593131704,0.005471200671935341
T,3,8,10,10|11|12,19,19,missing,0.4367964565753937,0.3967687610626221,-0.008692353963851929,0.026352500975131976,0.0,0.00439208349585533,0.0005332439249712635
T,3,9,11,11|12|13,19,19,missing,0.46558019518852234,0.46658744075298314,-0.03747609257698059,0.09617118066549302,0.0,0.0160285301109155,0.0019460277373893977
T,3,10,12,12|13|14,19,19,missing,0.4731201231479645,0.4915320970058441,-0.04501602053642273,0.12111583691835398,0.0,0.020185972819725662,0.0024507838673630514
T,3,11,13,13|14|15,19,19,missing,0.43739011883735657,0.4000683216094971,-0.00928601622581482,0.029652061522007,0.0,0.004942010253667833,0.0006000106663274756
T,3,12,14,14|15|16,19,19,missing,0.4028529226779938,0.3320973743438721,0.025251179933547974,0.038318885743618025,0.025251179933547974,0.03163766089081765,0.0038411361000421974
T,3,13,15,15|16|17|18,19,19,missing,0.4212898910045624,0.3758495257139206,0.00681421160697937,0.0054332656264304835,0.00681421160697937,0.007719755878051117,0.000937257437868971
T,3,14,16,16|17|18|19,19,19,missing,0.33843281865119934,0.16157609602212908,0.08967128396034241,0.20884016406536104,0.08967128396034241,0.12447797797123591,0.015112901566763542
T,3,15,17,17|18|19|20,19,19,missing,0.3447263240814209,0.1615100940704346,0.08337777853012085,0.20890616601705553,0.08337777853012085,0.11819547286629678,0.014350141094661605
T,3,16,18,19|20|21,19,19,missing,0.29344508051872253,0.01606959095746281,0.1346590220928192,0.3543466691300273,0.1346590220928192,0.1937168002811571,0.02351920381574665
T,3,17,19,20|21|22,19,19,missing,0.3806343078613281,0.2662821507096291,0.04746979475021362,0.10413410937786105,0.04746979475021362,0.0648254796465238,0.007870477243312345
T,3,18,20,21|22|23,19,19,missing,0.4242326319217682,0.3988364910423756,0.0038714706897735596,0.028420230954885495,0.0038714706897735596,0.008608175848921141,0.0010451207225120442
T,3,19,21,22|23|24,19,19,missing,0.4342441260814667,0.42721268489360814,-0.006140023469924927,0.05679642480611802,0.0,0.009466070801019669,0.0011492779572052714
T,3,20,22,23|24|25,19,19,missing,0.44059184193611145,0.4333938831329346,-0.012487739324569702,0.06297762304544446,0.0,0.010496270507574077,0.001274354754025213
T,3,21,23,24|25|26,19,19,missing,0.43748241662979126,0.4016960833311081,-0.009378314018249512,0.031279823243618,0.0,0.005213303873936333,0.0006329484907172338
T,3,22,24,25|26|27,19,19,missing,0.3920595943927765,0.2759388430953026,0.03604450821876526,0.09447741699218754,0.03604450821876526,0.05179074438412985,0.006287926866289816
T,3,23,25,26|27|28,19,19,missing,0.35798901319503784,0.1971453479766846,0.0701150894165039,0.17327091211080553,0.0701150894165039,0.09899357476830482,0.012018833978498178
T,3,24,26,27|28|29|30,19,19,missing,0.3657093346118927,0.20831985701024536,0.06239476799964905,0.16209640307724477,0.06239476799964905,0.08941083517918984,0.010855391235367435
T,3,25,27,28|29|30|31,19,19,missing,0.38036099076271057,0.2692297635018826,0.04774311184883118,0.10118649658560752,0.04774311184883118,0.06460752794643243,0.007844015674419004
T,3,26,28,29|30|31|32,19,19,missing,0.3931370973587036,0.3049089739561081,0.034967005252838135,0.06550728613138201,0.034967005252838135,0.04588488627473514,0.005570895197481866
T,3,27,29,31|32|33,19,19,missing,0.4056989550590515,0.3328452801048756,0.022405147552490234,0.03757097998261455,0.022405147552490234,0.02866697754959266,0.0034804647133947386
T,3,28,30,32|33|34,19,19,missing,0.36746516823768616,0.2363441165328026,0.06063893437385559,0.13407214355468752,0.06063893437385559,0.08298429163297018,0.010075143021093096
T,3,29,31,33|34|35,19,19,missing,0.28704696893692017,0.03132868232727053,0.14105713367462158,0.3390875777602196,0.14105713367462158,0.19757172996799152,0.023987231766179666
T,3,30,32,34|35|36,19,19,missing,0.2876242697238922,0.03757860127240421,0.14047983288764954,0.3328376588150859,0.14047983288764954,0.1959527760234972,0.02379067417420207
T,3,31,33,35|36|37,19,19,missing,0.2972573935985565,0.07756377449035647,0.13084670901298523,0.29285248559713367,0.13084670901298523,0.1796554566125075,0.02181201266254652
T,3,32,34,36|37|38,19,19,missing,0.3633827567100525,0.2368500598907471,0.06472134590148926,0.13356620019674303,0.06472134590148926,0.0869823792676131,0.010560551812772018
T,3,33,35,37|38|39,19,19,missing,0.39584898948669434,0.3223966717064381,0.03225511312484741,0.048019588381052025,0.03225511312484741,0.04025837785502275,0.004887779442409681
T,4,0,3,1|2|3|4|5,19,19,missing,0.3494614362716675,0.2013467830359936,0.07864266633987427,0.16906947705149653,0.07864266633987427,0.10682091251512368,0.01296915295720798
T,4,1,4,2|3|4|5|6,19,19,missing,0.35158059000968933,0.2119053767859936,0.07652351260185242,0.1585108833014965,0.07652351260185242,0.10294199315210184,0.012498212414357031
T,4,2,5,3|4|5|6|7,19,19,missing,0.36160755157470703,0.2342543948531151,0.06649655103683472,0.136161865234375,0.06649655103683472,0.08919019524256389,0.010828603287022905
T,4,3,6,4|5|6|7|8,19,19,missing,0.5060117840766907,0.5708975374341011,-0.07790768146514893,0.20048127734661098,0.0,0.03341354622443516,0.004056746770124116
T,4,4,7,6|7|8|9,19,19,missing,0.40110495686531067,0.3402362635076046,0.02699914574623108,0.030179996579885515,0.02699914574623108,0.032029145176212,0.003888666302303892
T,4,5,8,7|8|9|10,19,19,missing,0.3905908465385437,0.30565687971711164,0.03751325607299805,0.06475938037037848,0.03751325607299805,0.048306486134727794,0.0058649022251877165
T,4,6,9,8|9|10|11,19,19,missing,0.4021064341068268,0.31973503156900407,0.025997668504714966,0.050681228518486054,0.025997668504714966,0.03444453992446264,0.004181919965884648
T,4,7,10,9|10|11|12,19,19,missing,0.4359390139579773,0.3983085559844971,-0.007834911346435547,0.02789229589700698,0.0,0.004648715982834496,0.0005644017376041623
T,4,8,11,10|11|12|13,19,19,missing,0.43874591588974,0.40407177766561514,-0.010641813278198242,0.033655517578125016,0.0,0.005609252929687503,0.0006810207618333597
T,4,9,12,11|12|13|14,19,19,missing,0.4723561108112335,0.48466907551288607,-0.04425200819969177,0.11425281542539595,0.0,0.01904213590423266,0.002311910349380049
T,4,10,13,12|13|14|15,19,19,missing,0.47165411710739136,0.47877384992837907,-0.04355001449584961,0.10835758984088895,0.0,0.018059598306814823,0.0021926202208172973
T,4,11,14,13|14|15|16,19,19,missing,0.4022325575351715,0.3343850750267506,0.02587154507637024,0.036031185060739546,0.02587154507637024,0.0318767425864935,0.0038701630668362677
T,4,12,15,14|15|16|17|18,19,19,missing,0.42832109332084656,0.39470100423097615,-0.00021699070930480957,0.024284744143486026,0.0,0.004047457357247671,0.0004914027817024125
T,4,13,16,15|16|17|18|19,19,19,missing,0.34023386240005493,0.15565887873768808,0.08787024021148682,0.21475738134980205,0.08787024021148682,0.12366313710312049,0.015013971538873388
T,4,14,17,16|17|18|19|20,19,19,missing,0.3311486840248108,0.12735964241027833,0.09695541858673096,0.2430566176772118,0.09695541858673096,0.13746485486626625,0.016689641447769826
T,4,15,18,17|18|19|20|21,19,19,missing,0.3374364376068115,0.1443523792266846,0.09066766500473022,0.22606388086080553,0.09066766500473022,0.12834497848153115,0.015582395038807416
T,4,16,19,19|20|21|22,19,19,missing,0.2998788356781006,0.036737210647761843,0.12822526693344116,0.33367904943972826,0.12822526693344116,0.18383844184006254,0.022319869915930515
T,4,17,20,20|21|22|23,19,19,missing,0.3982430100440979,0.3250803035438061,0.029861092567443848,0.045335956543684,0.029861092567443848,0.037417085324724514,0.004542817425572452
T,4,18,21,21|22|23|24,19,19,missing,0.42285266518592834,0.4042477381169796,0.005251437425613403,0.03383147802948949,0.005251437425613403,0.010890017097194987,0.0013221596231930326
T,4,19,22,22|23|24|25,19,19,missing,0.43522733449935913,0.4326679690718651,-0.007123231887817383,0.06225170898437499,0.0,0.010375284830729165,0.0012596658535871939
T,4,20,23,23|24|25|26,19,19,missing,0.4490017890930176,0.44749397298097615,-0.02089768648147583,0.07707771289348603,0.0,0.012846285482247671,0.0015596706434018
T,4,21,24,24|25|26|27,19,19,missing,0.39389973878860474,0.2900829700469971,0.03420436382293701,0.080333290040493,0.03420436382293701,0.047593245496352514,0.005778307505889882
T,4,22,25,25|26|27|28,19,19,missing,0.36062031984329224,0.2060761531531811,0.06748378276824951,0.16434010693430903,0.06748378276824951,0.09487380059063436,0.01151865119404762
T,4,23,26,26|27|28|29|30,19,19,missing,0.38010016083717346,0.2425032962203026,0.048003941774368286,0.12791296386718753,0.048003941774368286,0.06932276908556621,0.008416494247422092
T,4,24,27,27|28|29|30|31,19,19,missing,0.3600786030292511,0.19842117536962034,0.06802549958229065,0.17199508471786978,0.06802549958229065,0.09669134703526895,0.011739319949746167
T,4,25,28,28|29|30|31|32,19,19,missing,0.3842468559741974,0.2778085940718651,0.04385724663734436,0.09260766601562503,0.04385724663734436,0.059291857639948535,0.007198638850240332
T,4,26,29,29|30|31|32|33,19,19,missing,0.3732850253582001,0.2507962078392506,0.054819077253341675,0.11962005224823952,0.054819077253341675,0.07475575262804826,0.009076114100102787
T,4,27,30,31|32|33|34,19,19,missing,0.3602689802646637,0.2209021839141846,0.06783512234687805,0.14951407617330553,0.06783512234687805,0.09275413504242898,0.011261302084537742
T,4,28,31,32|33|34|35,19,19,missing,0.2908047139644623,0.03931361952200534,0.13729938864707947,0.3311026405654848,0.13729938864707947,0.19248316207466026,0.02336942750119169
T,4,29,32,33|34|35|36,19,19,missing,0.2707839012145996,-0.02198877856452016,0.15732020139694214,0.39240503865201026,0.15732020139694214,0.2227210411722772,0.027040615753426797
T,4,30,33,34|35|36|37,19,19,missing,0.28074389696121216,0.020825081253051776,0.1473602056503296,0.34959117883443835,0.1473602056503296,0.20562540212273597,0.024965030060378843
T,4,31,34,35|36|37|38,19,19,missing,0.2853308618068695,0.04489537275731566,0.14277324080467224,0.3255208873301745,0.14277324080467224,0.19702672202636798,0.023921062219492747
T,4,32,35,36|37|38|39,19,19,missing,0.37401869893074036,0.2665240862607956,0.05408540368080139,0.10389217382669452,0.05408540368080139,0.07140076598525048,0.008668784356185146
T,1,0,0,1,20,20,missing,0.7138230800628662,0.8364461595058441,0.007398784160614014,0.009238769531250024,0.007398784160614014,0.008938579082489018,0.0025446202610804967
T,1,1,1,2,20,20,missing,0.71079021692276,0.8299350589156151,0.010431647300720215,0.015749870121478993,0.010431647300720215,0.013056625654300047,0.003716939110195104
T,1,2,2,3,20,20,missing,0.7097342014312744,0.8298470384120942,0.01148766279220581,0.015837890624999962,0.01148766279220581,0.014127311229705805,0.004021740151085539
T,1,3,3,4,20,20,missing,0.7127309441566467,0.8386899036407471,0.008490920066833496,0.006995025396346999,0.008490920066833496,0.00965675763289133,0.0027490701712465614
T,1,4,4,5,20,20,missing,0.7164295315742493,0.8317827913403512,0.004792332649230957,0.013902137696742978,0.004792332649230957,0.007109355598688119,0.0020238798731543337
T,1,5,5,6,20,20,missing,0.7173418998718262,0.8439252171158791,0.0038799643516540527,0.0017597119212150458,0.0038799643516540527,0.00417324967185656,0.0011880339785053063
T,1,6,6,7,20,20,missing,0.7163469791412354,0.8426053928971291,0.004874885082244873,0.0030795361399650334,0.004874885082244873,0.005388141105572379,0.0015338873103064017
T,1,7,7,8,20,20,missing,0.7164945602416992,0.8608189241528511,0.004727303981781006,0.01513399511575697,0.004727303981781006,0.007249636501073834,0.002063814813949638
T,1,8,8,9,20,20,missing,0.7105968594551086,0.8236438753247262,0.010625004768371582,0.022041053712367975,0.010625004768371582,0.014298513720432912,0.0040704777997242455
T,1,9,9,10,20,20,missing,0.7101969718933105,0.8245237581372261,0.011024892330169678,0.02116117089986802,0.011024892330169678,0.014551754146814347,0.004142569875427561
T,1,10,10,11,20,20,missing,0.722900927066803,0.8564195100903511,-0.001679062843322754,0.010734581053256975,0.0,0.001789096842209496,0.0005093172003859164
T,1,11,11,12,20,20,missing,0.7272482514381409,0.8590151751279831,-0.0060263872146606445,0.013330246090888953,0.0,0.0022217076818148254,0.0006324721557164935
T,1,12,12,13,20,20,missing,0.7109904289245605,0.8267675022721291,0.010231435298919678,0.018917426764964995,0.010231435298919678,0.013384339759747177,0.0038102322326105326
T,1,13,13,14,20,20,missing,0.7201113104820251,0.8515802083253861,0.0011105537414550781,0.005895279288291921,0.0011105537414550781,0.0020931002895037314,0.000595860410921323
T,1,14,14,15,20,20,missing,0.7130600810050964,0.8370620882153511,0.008161783218383789,0.008622840821743027,0.008161783218383789,0.00959892335534096,0.0027326060024920524
T,1,15,15,16,20,20,missing,0.7045415639877319,0.8210042268872262,0.01668030023574829,0.02468070214986795,0.01668030023574829,0.020793750594059617,0.0059195313457768165
T,1,16,16,17,20,20,missing,0.700247049331665,0.8114134827494621,0.020974814891815186,0.03427144628763201,0.020974814891815186,0.02668672260642052,0.007597133103533854
T,1,17,17,18,20,20,missing,0.6958838105201721,0.8049903489589691,0.025338053703308105,0.04069458007812499,0.025338053703308105,0.03212048371632894,0.009144007443017129
T,1,18,18,19,20,20,missing,0.6978516578674316,0.8309908753275872,0.023370206356048584,0.014694053709506938,0.023370206356048584,0.025819215307633075,0.007350172526381914
T,1,19,19,20,20,20,missing,0.7071158289909363,0.8250957034468651,0.014106035232543945,0.02058922559022902,0.014106035232543945,0.01753757283091545,0.00499256791755046
T,1,20,20,21,20,20,missing,0.7081814408302307,0.8275593645811081,0.013040423393249512,0.01812556445598601,0.013040423393249512,0.016061350802580514,0.004572319414014436
T,1,21,21,22,20,20,missing,0.7175952792167664,0.8510522464156152,0.003626585006713867,0.00536731737852103,0.003626585006713867,0.004521137903134039,0.001287070238489217
T,1,22,22,23,20,20,missing,0.7092942595481873,0.8374140091180802,0.011927604675292969,0.008270919919013964,0.011927604675292969,0.013306091328461963,0.0037879565955312357
T,1,23,23,24,20,20,missing,0.7113732099533081,0.8310788958311082,0.00984865427017212,0.014606033205985969,0.00984865427017212,0.012282993137836448,0.00349670265450602
T,1,24,24,25,20,20,missing,0.7170160412788391,0.8444971087217331,0.004205822944641113,0.0011878203153610212,0.004205822944641113,0.0044037929972012835,0.0012536646801319567
T,1,25,25,26,20,20,missing,0.7197412848472595,0.8511402132153512,0.0014805793762207031,0.005455284178257025,0.0014805793762207031,0.0023897934059302073,0.0006803225282684683
T,1,26,26,27,20,20,missing,0.7015432119369507,0.8139211809873581,0.01967865228652954,0.03176374804973603,0.01967865228652954,0.02497261029481888,0.007109162378252259
T,1,27,27,28,20,20,missing,0.7134842872619629,0.8428692932963372,0.007737576961517334,0.002815635740756939,0.007737576961517334,0.008206849584976824,0.0023363126891703875
T,1,28,28,29,20,20,missing,0.7293106913566589,0.8616548235654832,-0.008088827133178711,0.01596989452838904,0.0,0.00266164908806484,0.0007577139649236348
T,1,29,29,30,20,20,missing,0.7212324738502502,0.8466968157529832,-1.0609626770019531e-05,0.0010118867158890321,0.0,0.00016864778598150534,4.801037941652435e-05
T,1,30,30,31,20,20,missing,0.7195271849632263,0.8423413850903512,0.0016946792602539062,0.003343543946742966,0.0016946792602539062,0.0022519365847110673,0.000641077670985772
T,1,31,31,32,20,20,missing,0.7148685455322266,0.8369300843119621,0.006353318691253662,0.008754844725131994,0.006353318691253662,0.007812459478775661,0.002224038350514571
T,1,32,32,33,20,20,missing,0.7129783630371094,0.8356982805967331,0.00824350118637085,0.009986648440361012,0.00824350118637085,0.009907942593097685,0.0028205771001578854
T,1,33,33,34,20,20,missing,0.7161461114883423,0.8472687073588372,0.0050757527351379395,0.0015837783217430568,0.0050757527351379395,0.0053397157887617825,0.0015201016693036963
T,1,34,34,35,20,20,missing,0.7279677391052246,0.8685178987622262,-0.006745874881744385,0.022832969725132046,0.0,0.0038054949541886742,0.0010833421592519646
T,1,35,35,36,20,20,missing,0.71737140417099,0.8412855149745941,0.0038504600524902344,0.0043994140624999956,0.0038504600524902344,0.004583695729573567,0.0013048790995149064
T,1,36,36,37,20,20,missing,0.7184339761734009,0.8429573137998582,0.0027878880500793457,0.0027276152372359697,0.0027878880500793457,0.003242490589618674,0.000923066985766265
T,1,37,37,38,20,20,missing,0.7124984860420227,0.8191124573588372,0.00872337818145752,0.026572471678256937,0.00872337818145752,0.013152123461167009,0.003744125271664378
T,1,38,38,39,20,20,missing,0.7177035212516785,0.8439251634120941,0.003518342971801758,0.0017597656250000204,0.003518342971801758,0.0038116372426350944,0.0010850907360096264
T,1,39,39,40,20,20,missing,0.7127662301063538,0.8336305774688721,0.008455634117126465,0.012054351568221988,0.008455634117126465,0.010464692711830129,0.0029790718250365797
T,1,40,40,41,20,20,missing,0.7139232158660889,0.8323987200498582,0.007298648357391357,0.013286208987235981,0.007298648357391357,0.009513016521930687,0.002708150183860958
T,1,41,41,42,20,20,missing,0.7104488015174866,0.8273833772778512,0.010773062705993652,0.018301551759242973,0.010773062705993652,0.013823321332534147,0.00393520079797715
T,1,42,42,43,20,20,missing,0.7105018496513367,0.8286151809930802,0.010720014572143555,0.017069748044013955,0.010720014572143555,0.013564972579479214,0.003861654492084267
T,2,0,1,1|2,20,20,missing,0.7033967971801758,0.8207842561841011,0.017825067043304443,0.024900672852993022,0.017825067043304443,0.021975179185469946,0.006255858529659089
T,2,1,2,2|3,20,20,missing,0.6991592645645142,0.8140971145868302,0.022062599658966064,0.03158781445026393,0.022062599658966064,0.02732723540067672,0.00777947325163844
T,2,2,3,3|4,20,20,missing,0.7013312578201294,0.8209162600874901,0.01989060640335083,0.024768668949604056,0.01989060640335083,0.024018717894951507,0.006837609830001232
T,2,3,4,4|5,20,20,missing,0.7087013721466064,0.8238638460278511,0.01252049207687378,0.021821083009243014,0.01252049207687378,0.01615733924508095,0.0045996452488436725
T,2,4,5,5|6,20,20,missing,0.7126595377922058,0.8301990130186081,0.008562326431274414,0.015485916018486034,0.008562326431274414,0.01114331243435542,0.0031722601919538227
T,2,5,6,6|7,20,20,missing,0.71275794506073,0.8410215608716012,0.008463919162750244,0.004663368165492954,0.008463919162750244,0.009241147190332403,0.002630754861498517
T,2,6,7,7|8,20,20,missing,0.7111636996269226,0.8558035813808441,0.010058164596557617,0.010118652343749979,0.010058164596557617,0.01174460665384928,0.0033434356595169064
T,2,7,8,8|9,20,20,missing,0.7080812454223633,0.8389978411436081,0.013140618801116943,0.006687087893486043,0.013140618801116943,0.014255133450031285,0.004058128374387574
T,2,8,9,9|10,20,20,missing,0.7039551734924316,0.8127773440718651,0.017266690731048584,0.03290758496522905,0.017266690731048584,0.022751288225253425,0.0064767999980083115
T,2,9,10,10|11,20,20,missing,0.7129144668579102,0.8355222932934762,0.008307397365570068,0.010162635743617976,0.008307397365570068,0.010001169989506398,0.0028471169248436828
T,2,10,11,11|12,20,20,missing,0.7281693816184998,0.8668021165370942,-0.006947517395019531,0.021117187500000023,0.0,0.003519531250000004,0.0010019344736570978
T,2,11,12,12|13,20,20,missing,0.71689772605896,0.8378540042281152,0.004324138164520264,0.007830924808978956,0.004324138164520264,0.00562929229935009,0.0016025378427912181
T,2,12,13,13|14,20,20,missing,0.7104244232177734,0.8318708118438721,0.010797441005706787,0.013814117193222009,0.010797441005706787,0.013099793871243789,0.0037292281684957636
T,2,13,14,14|15,20,20,missing,0.7125474810600281,0.8426933596968651,0.008674383163452148,0.002991569340229039,0.008674383163452148,0.009172978053490322,0.0026113485816873835
T,2,14,15,15|16,20,20,missing,0.6975072622299194,0.8130412981748582,0.02371460199356079,0.032643630862235984,0.02371460199356079,0.029155207137266787,0.00829985729418968
T,2,15,16,16|17,20,20,missing,0.6861886382102966,0.7910002444624902,0.035033226013183594,0.05468468457460396,0.035033226013183594,0.04414734010895092,0.012567793502450807
T,2,16,17,17|18,20,20,missing,0.6769108176231384,0.7717747727870942,0.0443110466003418,0.07391015624999997,0.0443110466003418,0.056629405975341794,0.016121167859901264
T,2,17,18,18|19,20,20,missing,0.6745551228523254,0.7837412112593651,0.046666741371154785,0.061943717777729,0.046666741371154785,0.056990694334109616,0.016224018846543443
T,2,18,19,19|20,20,20,missing,0.6914442181587219,0.8189365237593651,0.0297776460647583,0.026748405277729037,0.0297776460647583,0.03423571361104647,0.009746167674220521
T,2,19,20,20|21,20,20,missing,0.6948521137237549,0.8081579056024552,0.026369750499725342,0.037527023434638984,0.026369750499725342,0.03262425440549851,0.009287420069427815
T,2,20,21,21|22,20,20,missing,0.7043905854225159,0.8320467991471291,0.016831278800964355,0.013638129889965045,0.016831278800964355,0.019104300449291862,0.005438581406330254
T,2,21,22,22|23,20,20,missing,0.7059072852134705,0.8413295520782471,0.015314579010009766,0.004355376958847024,0.015314579010009766,0.016040475169817603,0.004566376572585036
T,2,22,23,23|24,20,20,missing,0.7001988887786865,0.8238198626279831,0.0210229754447937,0.02186506640911101,0.0210229754447937,0.024667153179645535,0.007022205339892102
T,2,23,24,24|25,20,20,missing,0.7071013450622559,0.8295830843091011,0.014120519161224365,0.01610184472799303,0.014120519161224365,0.016804159949223203,0.004783781122549945
T,2,24,25,25|26,20,20,missing,0.7154825329780579,0.8488525393843651,0.005739331245422363,0.003167610347270977,0.005739331245422363,0.00626726630330086,0.0017841552521707556
T,2,25,26,26|27,20,20,missing,0.7015580534934998,0.8214001848936081,0.01966381072998047,0.024284744143486026,0.01966381072998047,0.02371126808722814,0.006750085515143313
T,2,26,27,27|28,20,20,missing,0.6970245838165283,0.8163848421216011,0.024197280406951904,0.029300086915493018,0.024197280406951904,0.02908062822620074,0.008278626290201613
T,2,27,28,28|29,20,20,missing,0.7251003384590149,0.8626667102813721,-0.003878474235534668,0.01698178124427796,0.0,0.0028302968740463266,0.0008057243443401538
T,2,28,29,29|30,20,20,missing,0.7271865606307983,0.8605549700498581,-0.005964696407318115,0.014870041012764013,0.0,0.002478340168794002,0.0007055298777539931
T,2,29,30,30|31,20,20,missing,0.7201838493347168,0.8451570208311081,0.0010380148887634277,0.0005279082059860274,0.0010380148887634277,0.001125999589761099,0.00032054774518776996
T,2,30,31,31|32,20,20,missing,0.7140479683876038,0.8341145022749902,0.007173895835876465,0.011570426762103958,0.007173895835876465,0.009102300296227125,0.002591228151865155
T,2,31,32,32|33,20,20,missing,0.7072142362594604,0.8267675022721291,0.014007627964019775,0.018917426764964995,0.014007627964019775,0.017160532424847275,0.004885232663515885
T,2,32,33,33|34,20,20,missing,0.7086420059204102,0.8365341800093651,0.012579858303070068,0.009150749027729055,0.012579858303070068,0.01410498314102491,0.0040153838268505255
T,2,33,34,34|35,20,20,missing,0.7236168384552002,0.8695297854781151,-0.0023949742317199707,0.023844856441020967,0.0,0.003974142740170161,0.0011313525386684837
T,2,34,35,35|36,20,20,missing,0.7241111993789673,0.8638104934930801,-0.0028893351554870605,0.01812556445598601,0.0,0.0030209274093310015,0.0008599927373352214
T,2,35,36,36|37,20,20,missing,0.7145335078239441,0.8385578997373582,0.006688356399536133,0.007127029299735965,0.006688356399536133,0.007876194616158794,0.0022421823665188137
T,2,36,37,37|38,20,20,missing,0.7088663578033447,0.8155049593091012,0.012355506420135498,0.030179969727992972,0.012355506420135498,0.017385501374800993,0.0049492764609565445
T,2,37,38,38|39,20,20,missing,0.7088872790336609,0.8174407122373581,0.012334585189819336,0.02824421679973599,0.012334585189819336,0.017041954656442,0.004851476135860513
T,2,38,39,39|40,20,20,missing,0.7091003656387329,0.8310788958311082,0.012121498584747314,0.014606033205985969,0.012121498584747314,0.014555837452411643,0.004143732304272142
T,2,39,40,40|41,20,20,missing,0.7053927183151245,0.8207842561841011,0.015829145908355713,0.024900672852993022,0.015829145908355713,0.019979258050521215,0.005687662923552187
T,2,40,41,41|42,20,20,missing,0.702885627746582,0.8143171389937401,0.018336236476898193,0.031367790043353994,0.018336236476898193,0.02356420148412386,0.006708218832023558
T,2,41,42,42|43,20,20,missing,0.7000932097434998,0.8107535706400871,0.02112865447998047,0.034931358397007006,0.02112865447998047,0.026950547546148302,0.007672238361406979
T,3,0,2,1|2|3,20,20,missing,0.6919553279876709,0.8050783157587051,0.029266536235809326,0.04060661327838899,0.029266536235809326,0.03603430511554082,0.010258187799735722
T,3,1,3,2|3|4,20,20,missing,0.6906707286834717,0.8050783157587051,0.030551135540008545,0.04060661327838899,0.030551135540008545,0.03731890441974004,0.010623885455556542
T,3,2,4,3|4|5,20,20,missing,0.6979208588600159,0.8089938587188721,0.023301005363464355,0.03669107031822205,0.023301005363464355,0.029416183749834696,0.008374151694885807
T,3,3,5,4|5|6,20,20,missing,0.7049093842506409,0.8226759720087052,0.016312479972839355,0.0230089570283889,0.016312479972839355,0.020147306144237504,0.005735502583542906
T,3,4,6,5|6|7,20,20,missing,0.708340585231781,0.8280872727870942,0.012881278991699219,0.017597656249999982,0.012881278991699219,0.01581422170003255,0.004501967100112763
T,3,5,7,6|7|8,20,20,missing,0.7079784274101257,0.8532518997430801,0.013243436813354492,0.007566970705985998,0.013243436813354492,0.014504598597685492,0.004129145709838342
T,3,6,8,7|8|9,20,20,missing,0.7031682729721069,0.8352583391904831,0.01805359125137329,0.010426589846611045,0.01805359125137329,0.019791356225808465,0.005634171335476992
T,3,7,9,8|9|10,20,20,missing,0.7009901404380798,0.8241278001308442,0.02023172378540039,0.021557128906249945,0.02023172378540039,0.023824578603108715,0.0067823425698543965
T,3,8,10,9|10|11,20,20,missing,0.7071033120155334,0.8229839632153512,0.014118552207946777,0.02270096582174297,0.014118552207946777,0.017902046511570607,0.0050963256964845416
T,3,9,11,10|11|12,20,20,missing,0.7187433242797852,0.8455969622373581,0.0024785399436950684,8.796679973599453e-05,0.0024785399436950684,0.0024932010769844006,0.0007097604571033917
T,3,10,12,11|12|13,20,20,missing,0.7182981967926025,0.8456409456372261,0.0029236674308776855,4.3983399867997264e-05,0.0029236674308776855,0.002930997997522352,0.0008343917775804837
T,3,11,13,12|13|14,20,20,missing,0.7160730957984924,0.8432652513027191,0.005148768424987793,0.002419677734375014,0.005148768424987793,0.005552048047383629,0.0015805480738590478
T,3,12,14,13|14|15,20,20,missing,0.703387975692749,0.8245677415370941,0.0178338885307312,0.021117187500000023,0.0178338885307312,0.021353419780731204,0.0060788570662033345
T,3,13,15,14|15|16,20,20,missing,0.6976010799407959,0.8206522522807121,0.023620784282684326,0.02503267675638199,0.023620784282684326,0.027792897075414658,0.007912037065351088
T,3,14,16,15|16|17,20,20,missing,0.6795838475227356,0.7834772571563721,0.04163801670074463,0.06220767188072207,0.04163801670074463,0.052005962014198305,0.014804973298000049
T,3,15,17,16|17|18,20,20,missing,0.6618942618370056,0.7518014759063721,0.05932760238647461,0.093883453130722,0.05932760238647461,0.07497484457492827,0.02134371770010662
T,3,16,18,17|18|19,20,20,missing,0.6614575386047363,0.7602043460249901,0.059764325618743896,0.08548058301210404,0.059764325618743896,0.07401108945409457,0.021069357448375133
T,3,17,19,18|19|20,20,20,missing,0.6687741875648499,0.7754702913403512,0.05244767665863037,0.07021463769674297,0.05244767665863037,0.0641501162747542,0.018262151525089428
T,3,18,20,19|20|21,20,20,missing,0.6799119114875793,0.8022187503218651,0.04130995273590088,0.043466178715229065,0.04130995273590088,0.04855431585510572,0.013822364242416025
T,3,19,21,20|21|22,20,20,missing,0.6918441653251648,0.8115894700527192,0.02937769889831543,0.03409545898437494,0.02937769889831543,0.03506027539571125,0.009980902591751332
T,3,20,22,21|22|23,20,20,missing,0.6932409405708313,0.8232039339184761,0.027980923652648926,0.022480995118618008,0.027980923652648926,0.031727756172418596,0.00903220639990991
T,3,21,23,22|23|24,20,20,missing,0.6967474222183228,0.8274713440775872,0.02447444200515747,0.01821358495950698,0.02447444200515747,0.027510039498408634,0.007831513627027461
T,3,22,24,23|24|25,20,20,missing,0.6957993507385254,0.8218401262998581,0.025422513484954834,0.023844802737235993,0.025422513484954834,0.029396647274494165,0.008368590082629223
T,3,23,25,24|25|26,20,20,missing,0.7052565217018127,0.8336305774688721,0.01596534252166748,0.012054351568221988,0.01596534252166748,0.017974401116371146,0.005116923488556283
T,3,24,26,25|26|27,20,20,missing,0.6967439651489258,0.8191124573588372,0.024477899074554443,0.026572471678256937,0.024477899074554443,0.028906644354263933,0.008229096842450913
T,3,25,27,26|27|28,20,20,missing,0.6965588331222534,0.821664192700386,0.024663031101226807,0.024020736336708093,0.024663031101226807,0.028666487157344822,0.008160729279386908
T,3,26,28,27|28|29,20,20,missing,0.7100739479064941,0.8380299915313721,0.011147916316986084,0.007654937505721993,0.011147916316986084,0.012423739234606416,0.003536770026087536
T,3,27,29,28|29|30,20,20,missing,0.7238649129867554,0.8638985139966011,-0.0026430487632751465,0.01821358495950698,0.0,0.003035597493251163,0.0008641689931394716
T,3,28,30,29|30|31,20,20,missing,0.7269834280014038,0.8579153216123582,-0.005761563777923584,0.012230392575264037,0.0,0.002038398762544006,0.0005802880685468571
T,3,29,31,30|31|32,20,20,missing,0.7138293385505676,0.8364021761059761,0.007392525672912598,0.009282752931118021,0.007392525672912598,0.008939651161432268,0.0025449254587830957
T,3,30,32,31|32|33,20,20,missing,0.7065203785896301,0.8246117786407471,0.014701485633850098,0.02107315039634705,0.014701485633850098,0.018213677366574605,0.0051850402651316425
T,3,31,33,32|33|34,20,20,missing,0.703803300857544,0.8299350052118302,0.01741856336593628,0.015749923825263967,0.01741856336593628,0.02004355067014694,0.005705965642701147
T,3,32,34,33|34|35,20,20,missing,0.7158745527267456,0.8572554095029832,0.005347311496734619,0.011570480465889044,0.005347311496734619,0.007275724907716126,0.002071241619430538
T,3,33,35,34|35|36,20,20,missing,0.7199447751045227,0.8651303714156151,0.0012770891189575195,0.019445442378520972,0.0012770891189575195,0.004517996182044348,0.0012861758584019891
T,3,34,36,35|36|37,20,20,missing,0.7206478118896484,0.8612148821592331,0.0005740523338317871,0.015529953122139006,0.0005740523338317871,0.0031623778541882883,0.0009002606215930037
T,3,35,37,36|37|38,20,20,missing,0.7047463059425354,0.8103576663374902,0.016475558280944824,0.035327262699603956,0.016475558280944824,0.022363435397545484,0.006366386681238934
T,3,36,38,37|38|39,20,20,missing,0.7051424980163574,0.8133932727813721,0.016079366207122803,0.03229165625572206,0.016079366207122803,0.02146130891640981,0.006109570771151817
T,3,37,39,38|39|40,20,20,missing,0.6996328830718994,0.8037585452437401,0.02158898115158081,0.041926383793354005,0.02158898115158081,0.02857671178380648,0.008135172170998253
T,3,38,40,39|40|41,20,20,missing,0.7023473978042603,0.8179686204433442,0.01887446641921997,0.02771630859374996,0.01887446641921997,0.023493851184844965,0.0066881916224115915
T,3,39,41,40|41|42,20,20,missing,0.6946515440940857,0.8014268343091011,0.02657032012939453,0.044258094727993025,0.02657032012939453,0.0339466692507267,0.009663882992412243
T,3,40,42,41|42|43,20,20,missing,0.6937937140464783,0.8005909348964692,0.027428150177001953,0.04509399414062498,0.027428150177001953,0.03494381586710612,0.00994774908118218
T,4,0,3,1|2|3|4,20,20,missing,0.6836036443710327,0.7969394534468651,0.03761821985244751,0.048745475590229015,0.03761821985244751,0.04574246578415234,0.013021891304196384
T,4,1,4,2|3|4|5,20,20,missing,0.6881473064422607,0.793551926100254,0.03307455778121948,0.05213300293684009,0.03307455778121948,0.041763391604026166,0.011889134891163465
T,4,2,5,3|4|5|6,20,20,missing,0.6941888928413391,0.8070581057906151,0.027032971382141113,0.038626823246479036,0.027032971382141113,0.033470775256554286,0.00952840625852397
T,4,3,6,4|5|6|7,20,20,missing,0.7002513408660889,0.8193764651656151,0.020970523357391357,0.026308463871479004,0.020970523357391357,0.025355267335971193,0.0072180965668940346
T,4,4,7,5|6|7|8,20,20,missing,0.7045824527740479,0.836006271803379,0.016639411449432373,0.009678657233715082,0.016639411449432373,0.018252520988384886,0.005196098204672148
T,4,5,8,6|7|8|9,20,20,missing,0.7004235982894897,0.8331906360626221,0.02079826593399048,0.012494292974472021,0.02079826593399048,0.022880648096402483,0.00651362595726413
T,4,6,9,7|8|9|10,20,20,missing,0.6957913637161255,0.8199043733716012,0.025430500507354736,0.025780555665492977,0.025430500507354736,0.0297272597849369,0.00846270831829907
T,4,7,10,8|9|10|11,20,20,missing,0.7041507363319397,0.8322227327466012,0.017071127891540527,0.013462196290492945,0.017071127891540527,0.019314827273289353,0.005498513842671777
T,4,8,11,9|10|11|12,20,20,missing,0.7132589817047119,0.8342465061783791,0.00796288251876831,0.011438422858714992,0.00796288251876831,0.009869286328554142,0.0028095724971815704
T,4,9,12,10|11|12|13,20,20,missing,0.7101808190345764,0.8282192766904831,0.011041045188903809,0.017465652346611016,0.011041045188903809,0.013951987246672312,0.003971829202671562
T,4,10,13,11|12|13|14,20,20,missing,0.7173625230789185,0.8494684143900871,0.0038593411445617676,0.003783485352992999,0.0038593411445617676,0.004489922036727267,0.0012781837560413005
T,4,11,14,12|13|14|15,20,20,missing,0.7086647748947144,0.8342904895782471,0.01255708932876587,0.011394439458846994,0.01255708932876587,0.014456162571907035,0.004115357020223956
T,4,12,15,13|14|15|16,20,20,missing,0.6901566386222839,0.8048144153594972,0.03106522560119629,0.040870513677596976,0.03106522560119629,0.03787697788079578,0.010782756907391179
T,4,13,16,14|15|16|17,20,20,missing,0.6806683540344238,0.7906042864561081,0.040553510189056396,0.055080642580985995,0.040553510189056396,0.0497336172858874,0.014158085869645018
T,4,14,17,15|16|17|18,20,20,missing,0.6557430028915405,0.7462141878247261,0.0654788613319397,0.09947074121236799,0.0654788613319397,0.0820573182006677,0.02335994485660523
T,4,15,18,16|17|18|19,20,20,missing,0.6502737998962402,0.7445423889994621,0.07094806432723999,0.10114254003763201,0.07094806432723999,0.08780515433351199,0.02499622956651613
T,4,16,19,17|18|19|20,20,20,missing,0.6559849381446838,0.7524174046158791,0.06523692607879639,0.093267524421215,0.06523692607879639,0.08078151348233222,0.022996750829288468
T,4,17,20,18|19|20|21,20,20,missing,0.6564862728118896,0.7586205677032472,0.06473559141159058,0.08706436133384698,0.06473559141159058,0.07924631830056507,0.022559713943650708
T,4,18,21,19|20|21|22,20,20,missing,0.6764956116676331,0.8035385745406152,0.04472625255584717,0.042146354496478966,0.04472625255584717,0.051750644971926996,0.014732290054638084
T,4,19,22,20|21|22|23,20,20,missing,0.6816619038581848,0.8038025286436081,0.03955996036529541,0.04188240039348601,0.03955996036529541,0.046540360430876414,0.013249034663954674
T,4,20,23,21|22|23|24,20,20,missing,0.6845381259918213,0.8097417376279832,0.036683738231658936,0.03594319140911095,0.036683738231658936,0.04267427013317743,0.012148442320148709
T,4,21,24,22|23|24|25,20,20,missing,0.6923792958259583,0.8250956497430801,0.028842568397521973,0.020589279294013996,0.028842568397521973,0.0322741149465243,0.009187742933578005
T,4,22,25,23|24|25|26,20,20,missing,0.6933290958404541,0.8231159134149552,0.027892768383026123,0.022569015622138977,0.027892768383026123,0.03165427098671595,0.009011286755892378
T,4,23,26,24|25|26|27,20,20,missing,0.687106192111969,0.8048144153594972,0.03411567211151123,0.040870513677596976,0.03411567211151123,0.040927424391110724,0.011651153094733323
T,4,24,27,25|26|27|28,20,20,missing,0.6919310688972473,0.8193764651656151,0.02929079532623291,0.026308463871479004,0.02929079532623291,0.03367553930481274,0.009586698157172613
T,4,25,28,26|27|28|29,20,20,missing,0.707456111907959,0.8385578997373582,0.01376575231552124,0.007127029299735965,0.01376575231552124,0.014953590532143901,0.004256964008802974
T,4,26,29,27|28|29|30,20,20,missing,0.7092157006263733,0.8400537112593651,0.012006163597106934,0.005631217777729014,0.012006163597106934,0.012944699893395103,0.0036850762652946745
T,4,27,30,28|29|30|31,20,20,missing,0.7242981791496277,0.8620507815718651,-0.003076314926147461,0.016365852534770964,0.0,0.002727642089128494,0.0007765007459149285
T,4,28,31,29|30|31|32,20,20,missing,0.7237690091133118,0.8558035813808441,-0.002547144889831543,0.010118652343749979,0.0,0.0016864420572916632,0.0004800936019606911
T,4,29,32,30|31|32|33,20,20,missing,0.7058883905410767,0.8264595110654831,0.015333473682403564,0.019225417971611036,0.015333473682403564,0.018537710011005404,0.005277285355168984
T,4,30,33,31|32|33|34,20,20,missing,0.7036803364753723,0.8286152346968652,0.01754152774810791,0.01706969434022898,0.01754152774810791,0.02038647680481274,0.005803589301033387
T,4,31,34,32|33|34|35,20,20,missing,0.7119954824447632,0.852240120434761,0.009226381778717041,0.006555191397666915,0.009226381778717041,0.010318913678328193,0.002937571685152326
T,4,32,35,33|34|35|36,20,20,missing,0.7119362354278564,0.8525480042338371,0.00928562879562378,0.006863075196743007,0.00928562879562378,0.010429474661747614,0.0029690460074017306
T,4,33,36,34|35|36|37,20,20,missing,0.7160414457321167,0.8602029954433441,0.005180418491363525,0.014518066406249974,0.005180418491363525,0.0076000962257385205,0.002163583122519117
T,4,34,37,35|36|37|38,20,20,missing,0.7104483842849731,0.8323106995463372,0.01077347993850708,0.01337422949075695,0.01077347993850708,0.013002518186966572,0.0037015358837558777
T,4,35,38,36|37|38|39,20,20,missing,0.701090395450592,0.8082459261059761,0.020131468772888184,0.037439002931118015,0.020131468772888184,0.026371302594741186,0.007507339843882345
T,4,36,39,37|38|39|40,20,20,missing,0.6958338618278503,0.8004589846968652,0.025388002395629883,0.045225944340228974,0.025388002395629883,0.03292565978566805,0.009373223666408971
T,4,37,40,38|39|40|41,20,20,missing,0.6918587684631348,0.7905162659525872,0.02936309576034546,0.055168663084506964,0.02936309576034546,0.03855787294109662,0.010976593013792632
T,4,38,41,39|40|41|42,20,20,missing,0.6912339329719543,0.7999310227870942,0.02998793125152588,0.045753906249999976,0.02998793125152588,0.03761358229319254,0.010707773876787641
T,4,39,42,40|41|42|43,20,20,missing,0.6859980225563049,0.7890204544305802,0.03522384166717529,0.056664474606513915,0.03522384166717529,0.04466792076826095,0.012715991564019903
