method,repeat,k_text,k_audio,k_vision,sample_index,sample_id,baseline,class_probability,hybrid_final_intensity,classification_probability_drop,regression_absolute_delta
top,0,11,5,8,1,01,missing,0.4763185679912567,0.1069683555454016,0.09267768263816833,0.04866851806640625
random,1,11,5,8,1,01,missing,0.5415971279144287,0.026054883377254034,0.027399122714996338,0.032244954101741316
random,2,11,5,8,1,01,missing,0.6038404107093811,-0.0007279233703389558,-0.034844160079956055,0.05902776084933431
random,3,11,5,8,1,01,missing,0.5569195747375488,0.05136251679956916,0.01207667589187622,0.006937320679426193
random,4,11,5,8,1,01,missing,0.5427598357200623,0.041983513259887716,0.026236414909362793,0.016316324219107635
random,5,11,5,8,1,01,missing,0.5810204148292542,0.0063950034637004355,-0.012024164199829102,0.051904834015294915
random,6,11,5,8,1,01,missing,0.554172158241272,0.039261375808715845,0.014824092388153076,0.019038461670279505
random,7,11,5,8,1,01,missing,0.6064856648445129,-0.019593934215512105,-0.03748941421508789,0.07789377169450745
random,8,11,5,8,1,01,missing,0.5926860570907593,0.019285974410921357,-0.02368980646133423,0.039013863068073994
random,9,11,5,8,1,01,missing,0.5549507141113281,0.041021138077229284,0.014045536518096924,0.017278699401766066
random,10,11,5,8,1,01,missing,0.5852420926094055,-0.030614550438150742,-0.01624584197998047,0.08891438791714609
random,11,11,5,8,1,01,missing,0.5732572078704834,0.008539717819169186,-0.00426095724105835,0.049760119659826164
random,12,11,5,8,1,01,missing,0.5579866170883179,0.06360113276690246,0.011009633541107178,0.005301295287907112
random,13,11,5,8,1,01,missing,0.5895387530326843,-0.02676970431525258,-0.020542502403259277,0.08506954179424793
random,14,11,5,8,1,01,missing,0.5938013792037964,0.025319356338679815,-0.024805128574371338,0.032980481140315536
random,15,11,5,8,1,01,missing,0.5828943252563477,0.01461915577724578,-0.013898074626922607,0.043680681701749574
random,16,11,5,8,1,01,missing,0.5972062945365906,0.0030363251190632795,-0.028210043907165527,0.05526351235993207
random,17,11,5,8,1,01,missing,0.559578537940979,-0.00813612429043276,0.009417712688446045,0.0664359617694281
random,18,11,5,8,1,01,missing,0.5615137815475464,0.06860821858197452,0.007482469081878662,0.010308381102979172
random,19,11,5,8,1,01,missing,0.5600774884223938,0.033942207229882504,0.00891876220703125,0.024357630249112847
random,20,11,5,8,1,01,missing,0.6077638268470764,0.021951054947078247,-0.03876757621765137,0.036348782531917104
random,21,11,5,8,1,01,missing,0.568681001663208,0.008119452137127541,0.000315248966217041,0.050180385341867806
random,22,11,5,8,1,01,missing,0.563251793384552,-0.006463316001836189,0.005744457244873047,0.06476315348083155
random,23,11,5,8,1,01,missing,0.5592713952064514,-0.05351813896223901,0.009724855422973633,0.11181797644123437
random,24,11,5,8,1,01,missing,0.5789636969566345,0.02590365687534215,-0.009967446327209473,0.0323961806036532
random,25,11,5,8,1,01,missing,0.5532363653182983,-0.016436452066432662,0.01575988531112671,0.07473628954542802
random,26,11,5,8,1,01,missing,0.6034942269325256,-0.03456594738773999,-0.034497976303100586,0.09286578486673534
random,27,11,5,8,1,01,missing,0.5574737787246704,0.02416244926452639,0.011522471904754639,0.03413738821446896
random,28,11,5,8,1,01,missing,0.5493637323379517,0.01784722651690247,0.01963251829147339,0.04045261096209288
random,29,11,5,8,1,01,missing,0.5880017280578613,0.00935223258994522,-0.01900547742843628,0.04894760488905013
random,30,11,5,8,1,01,missing,0.5928393006324768,-0.0695718751683831,-0.023843050003051758,0.12787171264737845
random,31,11,5,8,1,01,missing,0.5939497947692871,-0.04081345805376766,-0.02495354413986206,0.09911329553276302
random,32,11,5,8,1,01,missing,0.5987277626991272,-0.006702877258323112,-0.02973151206970215,0.06500271473731846
random,33,11,5,8,1,01,missing,0.5655356645584106,0.028229843033105155,0.0034605860710144043,0.030069994445890195
random,34,11,5,8,1,01,missing,0.5640140771865845,0.014384064102172873,0.004982173442840576,0.04391577337682248
random,35,11,5,8,1,01,missing,0.5755983591079712,0.03340465583801272,-0.006602108478546143,0.02489518164098263
random,36,11,5,8,1,01,missing,0.538925051689148,0.037402624038606905,0.0300711989402771,0.020897213440388446
random,37,11,5,8,1,01,missing,0.5594035983085632,0.002291861435025952,0.009592652320861816,0.0560079760439694
random,38,11,5,8,1,01,missing,0.5426243543624878,0.026571815872192407,0.026371896266937256,0.03172802160680294
random,39,11,5,8,1,01,missing,0.5724624991416931,-0.01581482005692085,-0.0034662485122680664,0.0741146575359162
random,40,11,5,8,1,01,missing,0.5773043632507324,-0.03832538351453839,-0.008308112621307373,0.09662522099353374
random,41,11,5,8,1,01,missing,0.5713403224945068,0.011507947830110811,-0.002344071865081787,0.04679188964888454
random,42,11,5,8,1,01,missing,0.5729400515556335,0.05029290522783997,-0.003943800926208496,0.008006932251155383
random,43,11,5,8,1,01,missing,0.5796627998352051,0.0041705490570515605,-0.01066654920578003,0.05412928842194379
random,44,11,5,8,1,01,missing,0.5942822694778442,-0.016965198135375954,-0.02528601884841919,0.07526503561437131
random,45,11,5,8,1,01,missing,0.586992621421814,-0.01202092697334008,-0.017996370792388916,0.07032076445233543
random,46,11,5,8,1,01,missing,0.5965526103973389,0.006458244705200216,-0.02755635976791382,0.05184159277379513
random,47,11,5,8,1,01,missing,0.5714420676231384,-0.0013703062286600266,-0.002445816993713379,0.059670143707655374
random,48,11,5,8,1,01,missing,0.5519696474075317,-0.034914119094982723,0.01702660322189331,0.09321395657397807
random,49,11,5,8,1,01,missing,0.5712805390357971,0.021309016128629468,-0.0022842884063720703,0.03699082135036588
random,50,11,5,8,1,01,missing,0.5687904357910156,0.044942121902108216,0.00020581483840942383,0.013357715576887134
top,0,9,10,8,2,02,missing,0.2896605134010315,-0.14158752970993518,0.10473248362541199,0.03959472656249999
random,1,9,10,8,2,02,missing,0.23375335335731506,-0.2929053951859474,0.16063964366912842,0.11172313891351221
random,2,9,10,8,2,02,missing,0.23236139118671417,-0.2761876217484474,0.1620316058397293,0.09500536547601224
random,3,9,10,8,2,02,missing,0.23428185284137726,-0.26688282341361047,0.16011114418506622,0.0857005671411753
random,4,9,10,8,2,02,missing,0.25417983531951904,-0.24725046501159667,0.14021316170692444,0.0660682087391615
random,5,9,10,8,2,02,missing,0.45565545558929443,-0.04540534648150204,-0.06126245856285095,0.13577690979093313
random,6,9,10,8,2,02,missing,0.37264692783355713,-0.09306199797093867,0.021746069192886353,0.0881202583014965
random,7,9,10,8,2,02,missing,0.30120915174484253,-0.28707614470124243,0.09318384528160095,0.10589388842880726
random,8,9,10,8,2,02,missing,0.21713079512119293,-0.3052897296607494,0.17726220190525055,0.12410747338831424
random,9,9,10,8,2,02,missing,0.4894943833351135,0.05778840290904047,-0.09510138630867004,0.23897065918147564
random,10,9,10,8,2,02,missing,0.2510964572429657,-0.26006375846862795,0.14329653978347778,0.07888150219619278
random,11,9,10,8,2,02,missing,0.5019893050193787,0.03477947273254397,-0.10759630799293518,0.21596172900497915
random,12,9,10,8,2,02,missing,0.2641392648220062,-0.2465685343503952,0.13025373220443726,0.06538627807796002
random,13,9,10,8,2,02,missing,0.15885967016220093,-0.3810036617875099,0.23553332686424255,0.1998214055150747
random,14,9,10,8,2,02,missing,0.4089469015598297,-0.034280327164009194,-0.01455390453338623,0.14690192910842598
random,15,9,10,8,2,02,missing,0.22165796160697937,-0.26978645280599595,0.1727350354194641,0.08860419653356078
random,16,9,10,8,2,02,missing,0.492868036031723,0.06432704011499885,-0.09847503900527954,0.24550929638743402
random,17,9,10,8,2,02,missing,0.2841840982437134,-0.2257483287811279,0.1102088987827301,0.04456607250869274
random,18,9,10,8,2,02,missing,0.44026604294776917,-0.024585120773315407,-0.045873045921325684,0.15659713549911977
random,19,9,10,8,2,02,missing,0.2698221802711487,-0.24176217985749243,0.1245708167552948,0.06057992358505726
random,20,9,10,8,2,02,missing,0.43389609456062317,-0.013889045333862284,-0.03950309753417969,0.16729321093857288
random,21,9,10,8,2,02,missing,0.33593446016311646,-0.18993159635961054,0.058458536863327026,0.008749340087175372
random,22,9,10,8,2,02,missing,0.29471245408058167,-0.16988675261139868,0.09968054294586182,0.011295503661036488
random,23,9,10,8,2,02,missing,0.3626842200756073,-0.11503707658350466,0.03170877695083618,0.06614517968893051
random,24,9,10,8,2,02,missing,0.2702091932296753,-0.25853494597077364,0.12418380379676819,0.07735268969833847
random,25,9,10,8,2,02,missing,0.5157793760299683,0.07492412605285646,-0.12138637900352478,0.25610638232529165
random,26,9,10,8,2,02,missing,0.44790032505989075,0.023972035782039186,-0.053507328033447266,0.20515429205447436
random,27,9,10,8,2,02,missing,0.4373667538166046,-0.041544859970360976,-0.04297375679016113,0.1396373963020742
random,28,9,10,8,2,02,missing,0.4486546814441681,-0.05722876841798423,-0.05426168441772461,0.12395348785445094
random,29,9,10,8,2,02,missing,0.22640223801136017,-0.34136492497324944,0.1679907590150833,0.16018266870081427
random,30,9,10,8,2,02,missing,0.27449193596839905,-0.2848214449942112,0.11990106105804443,0.10363918872177602
random,31,9,10,8,2,02,missing,0.1808275431394577,-0.3667495494842529,0.21356545388698578,0.18556729321181775
random,32,9,10,8,2,02,missing,0.22413580119609833,-0.2817528644263744,0.17025719583034515,0.10057060815393926
random,33,9,10,8,2,02,missing,0.2685990035533905,-0.2665309025108814,0.12579399347305298,0.08534864623844624
random,34,9,10,8,2,02,missing,0.48629888892173767,0.05700750959813597,-0.09190589189529419,0.23818976587057114
random,35,9,10,8,2,02,missing,0.4663749635219574,0.008835303451493404,-0.07198196649551392,0.1900175597239286
random,36,9,10,8,2,02,missing,0.2217794805765152,-0.26362727311849593,0.17261351644992828,0.08244501684606076
random,37,9,10,8,2,02,missing,0.5087807774543762,0.07536956538408997,-0.11438778042793274,0.2565518216565251
random,38,9,10,8,2,02,missing,0.4844743311405182,0.0617478822782636,-0.09008133411407471,0.24293013855069878
random,39,9,10,8,2,02,missing,0.31757864356040955,-0.15298200944662094,0.07681435346603394,0.028200246825814235
random,40,9,10,8,2,02,missing,0.2764540910720825,-0.24957113981842993,0.11793890595436096,0.06838888354599476
random,41,9,10,8,2,02,missing,0.43055105209350586,-0.07660819206237791,-0.03615805506706238,0.10457406421005726
random,42,9,10,8,2,02,missing,0.2245352417230606,-0.2835566403031349,0.16985775530338287,0.1023743840306997
random,43,9,10,8,2,02,missing,0.35674312710762024,-0.10304867326319216,0.03764986991882324,0.07813358300924302
random,44,9,10,8,2,02,missing,0.5129452347755432,0.02031880560293796,-0.11855223774909973,0.20150106187537314
random,45,9,10,8,2,02,missing,0.2624015808105469,-0.23573499064743517,0.1319914162158966,0.054552734374999995
random,46,9,10,8,2,02,missing,0.2288055568933487,-0.22053500700592993,0.1655874401330948,0.03935275073349476
random,47,9,10,8,2,02,missing,0.2533412277698517,-0.28360062370300293,0.1410517692565918,0.10241836743056776
random,48,9,10,8,2,02,missing,0.1701543778181076,-0.3509776608109474,0.22423861920833588,0.16979540453851222
random,49,9,10,8,2,02,missing,0.2240518033504486,-0.32064366862773896,0.17034119367599487,0.1394614123553038
random,50,9,10,8,2,02,missing,0.21496322751045227,-0.27418586686849594,0.1794297695159912,0.09300361059606077
top,0,11,11,10,3,03,missing,0.3838973343372345,-0.11388772831708191,0.15400144457817078,0.07508012676984072
random,1,11,11,10,3,03,missing,0.534597635269165,0.023877171402424596,0.0033011436462402344,0.06268477294966579
random,2,11,11,10,3,03,missing,0.48218172788619995,-0.07223627433776854,0.05571705102920532,0.033428672790527345
random,3,11,11,10,3,03,missing,0.45425188541412354,-0.04834195671081541,0.08364689350128174,0.009534355163574218
random,4,11,11,10,3,03,missing,0.4382605254650116,-0.0824181696012616,0.09963825345039368,0.0436105680540204
random,5,11,11,10,3,03,missing,0.4561305642127991,-0.07261572514325379,0.0817682147026062,0.033808123596012596
random,6,11,11,10,3,03,missing,0.5315900444984436,0.009739931961148997,0.00630873441696167,0.048547533508390195
random,7,11,11,10,3,03,missing,0.47977736592292786,-0.06681949577331542,0.05812141299247742,0.028011894226074224
random,8,11,11,10,3,03,missing,0.5106409192085266,-0.032146613693237285,0.027257859706878662,0.006660987854003909
random,9,11,11,10,3,03,missing,0.4422434866428375,-0.09427734147608278,0.09565529227256775,0.05546973992884159
random,10,11,11,10,3,03,missing,0.5559536814689636,0.03142629231289031,-0.01805490255355835,0.07023389386013151
random,11,11,11,10,3,03,missing,0.5124143958091736,0.004013819595426342,0.02548438310623169,0.042821421142667536
random,12,11,11,10,3,03,missing,0.5000931024551392,-0.06698997172564267,0.03780567646026611,0.028182370178401472
random,13,11,11,10,3,03,missing,0.4835270345211029,0.013252589126676342,0.05437174439430237,0.05206019067391754
random,14,11,11,10,3,03,missing,0.48291876912117004,-0.040084805099666096,0.05498000979423523,0.001277203552424902
random,15,11,11,10,3,03,missing,0.5041770339012146,-0.0446464482270181,0.033721745014190674,0.005838846679776903
random,16,11,11,10,3,03,missing,0.5245730876922607,-0.03551078996285794,0.013325691223144531,0.0032968115843832538
random,17,11,11,10,3,03,missing,0.4368612468242645,-0.08051816996783016,0.10103753209114075,0.04171056842058897
random,18,11,11,10,3,03,missing,0.47510403394699097,-0.011788325286842863,0.0627947449684143,0.02701927626039833
random,19,11,11,10,3,03,missing,0.5504370927810669,0.006844567916914842,-0.012538313865661621,0.04565216946415604
random,20,11,11,10,3,03,missing,0.4338754415512085,-0.07395204313695429,0.10402333736419678,0.035144441589713096
random,21,11,11,10,3,03,missing,0.4894818067550659,-0.08198647843897341,0.048416972160339355,0.04317887689173222
random,22,11,11,10,3,03,missing,0.5197936296463013,-0.003173723800480345,0.018105149269104004,0.03563387774676085
random,23,11,11,10,3,03,missing,0.4681169092655182,-0.028058595992997266,0.06978186964988708,0.010749005554243928
random,24,11,11,10,3,03,missing,0.5080977082252502,-0.051534280868619664,0.02980107069015503,0.01272667932137847
random,25,11,11,10,3,03,missing,0.5171656012535095,-0.08219544657915828,0.020733177661895752,0.04338784503191709
random,26,11,11,10,3,03,missing,0.46006953716278076,-0.05913702165186403,0.07782924175262451,0.02032942010462284
random,27,11,11,10,3,03,missing,0.5269528031349182,-0.03823980149850247,0.01094597578048706,0.0005678000487387216
random,28,11,11,10,3,03,missing,0.5077546834945679,0.008737691787630342,0.030144095420837402,0.047545293334871536
random,29,11,11,10,3,03,missing,0.48895055055618286,-0.05081662712097166,0.04894822835922241,0.012009025573730465
random,30,11,11,10,3,03,missing,0.5625773072242737,0.021926307571679376,-0.024678528308868408,0.06073390911892057
random,31,11,11,10,3,03,missing,0.5167322754859924,-0.02416288063805548,0.021166503429412842,0.014644720909185713
random,32,11,11,10,3,03,missing,0.4668269157409668,-0.0926715513154864,0.07107186317443848,0.05386394976824521
random,33,11,11,10,3,03,missing,0.43317216634750366,-0.11193548161387441,0.10472661256790161,0.07312788006663322
random,34,11,11,10,3,03,missing,0.4758138060569763,-0.046441960433870534,0.062084972858428955,0.00763435888662934
random,35,11,11,10,3,03,missing,0.49204567074775696,-0.020092735389620045,0.045853108167648315,0.01871486615762115
random,36,11,11,10,3,03,missing,0.43348726630210876,-0.11576297721862791,0.10441151261329651,0.07695537567138672
random,37,11,11,10,3,03,missing,0.5198806524276733,0.03870045320093634,0.018018126487731934,0.07750805474817754
random,38,11,11,10,3,03,missing,0.5607942938804626,0.011945138595625779,-0.022895514965057373,0.05075274014286697
random,39,11,11,10,3,03,missing,0.5855079293251038,0.03849560011327269,-0.047609150409698486,0.07730320166051388
random,40,11,11,10,3,03,missing,0.43940892815589905,-0.11512506352216004,0.09848985075950623,0.07631746197491884
random,41,11,11,10,3,03,missing,0.47363370656967163,-0.06089128263890741,0.06426507234573364,0.022083681091666217
random,42,11,11,10,3,03,missing,0.5567570924758911,0.012592677017301341,-0.01885831356048584,0.05140027856454253
random,43,11,11,10,3,03,missing,0.5496389865875244,0.028870509048551346,-0.01174020767211914,0.06767811059579254
random,44,11,11,10,3,03,missing,0.5503702759742737,0.011110623733699344,-0.012471497058868408,0.04991822528094054
random,45,11,11,10,3,03,missing,0.4466637969017029,-0.07941006620824335,0.09123498201370239,0.04060246466100216
random,46,11,11,10,3,03,missing,0.48164424300193787,-0.030623315902799347,0.05625453591346741,0.008184285644441847
random,47,11,11,10,3,03,missing,0.581809401512146,0.06457999836802485,-0.04391062259674072,0.10338759991526604
random,48,11,11,10,3,03,missing,0.4479525685310364,-0.08693031462132929,0.0899462103843689,0.048122713074088094
random,49,11,11,10,3,03,missing,0.5099121332168579,-0.04825671873465178,0.027986645698547363,0.009449117187410587
random,50,11,11,10,3,03,missing,0.4495190382003784,-0.08069964848309753,0.08837974071502686,0.04189204693585634
top,0,15,10,5,4,04,missing,0.09940095245838165,0.9114122395753861,0.4693334549665451,0.9606863194555044
random,1,15,10,5,4,04,missing,0.4155421853065491,0.3013894695580006,0.15319222211837769,0.35066354943811895
random,2,15,10,5,4,04,missing,0.39630526304244995,0.3095723689734936,0.1724291443824768,0.35884644885361194
random,3,15,10,5,4,04,missing,0.5195438265800476,-0.011898310638405362,0.04919058084487915,0.037375769241712986
random,4,15,10,5,4,04,missing,0.3962184488773346,0.2703296170175076,0.17251595854759216,0.3196036968976259
random,5,15,10,5,4,04,missing,0.34310245513916016,0.3807108997344971,0.2256319522857666,0.42998497961461546
random,6,15,10,5,4,04,missing,0.17078498005867004,0.7361395188808442,0.3979494273662567,0.7854135987609625
random,7,15,10,5,4,04,missing,0.4200859069824219,0.2560534861624241,0.14864850044250488,0.30532756604254246
random,8,15,10,5,4,04,missing,0.42705121636390686,0.1262377837687731,0.1416831910610199,0.17551186364889143
random,9,15,10,5,4,04,missing,0.3382849097251892,0.40072820686697963,0.23044949769973755,0.45000228674709797
random,10,15,10,5,4,04,missing,0.3798072040081024,0.31850317414999013,0.18892720341682434,0.36777725403010847
random,11,15,10,5,4,04,missing,0.25797587633132935,0.5014748157501221,0.3107585310935974,0.5507488956302404
random,12,15,10,5,4,04,missing,0.1441613733768463,0.7668474505186081,0.42457303404808044,0.8161215303987265
random,13,15,10,5,4,04,missing,0.33753708004951477,0.3629812664330006,0.231197327375412,0.41225534631311894
random,14,15,10,5,4,04,missing,0.4628034234046936,0.17849732624888423,0.10593098402023315,0.2277714061290026
random,15,15,10,5,4,04,missing,0.4008547067642212,0.20864981306493285,0.16787970066070557,0.2579238929450512
random,16,15,10,5,4,04,missing,0.3729049861431122,0.2401936038374901,0.19582942128181458,0.28946768371760845
random,17,15,10,5,4,04,missing,0.38744616508483887,0.12858047712743284,0.1812882423400879,0.1778545570075512
random,18,15,10,5,4,04,missing,0.39032214879989624,0.21054155574142935,0.17841225862503052,0.2598156356215477
random,19,15,10,5,4,04,missing,0.4207586646080017,0.2317027400672436,0.14797574281692505,0.28097681994736196
random,20,15,10,5,4,04,missing,0.2994856834411621,0.39694474836587906,0.26924872398376465,0.4462188282459974
random,21,15,10,5,4,04,missing,0.18148104846477509,0.6422560657501221,0.3872533589601517,0.6915301456302404
random,22,15,10,5,4,04,missing,0.2921607792377472,0.42347318294048314,0.27657362818717957,0.4727472628206015
random,23,15,10,5,4,04,missing,0.15093819797039032,0.7359635315775872,0.41779620945453644,0.7852376114577055
random,24,15,10,5,4,04,missing,0.3502630889415741,0.3450756458282471,0.21847131848335266,0.39434972570836546
random,25,15,10,5,4,04,missing,0.25729310512542725,0.4970314182877541,0.3114413022994995,0.5463054981678724
random,26,15,10,5,4,04,missing,0.21405872702598572,0.5206562503218651,0.35467568039894104,0.5699303302019835
random,27,15,10,5,4,04,missing,0.2975620925426483,0.5922346956372262,0.27117231488227844,0.6415087755173445
random,28,15,10,5,4,04,missing,0.32182449102401733,0.3383885310828686,0.24690991640090942,0.38766261096298693
random,29,15,10,5,4,04,missing,0.3161567151546478,0.3685904925107956,0.25257769227027893,0.41786457239091396
random,30,15,10,5,4,04,missing,0.2157091498374939,0.6652649690747261,0.35302525758743286,0.7145390489548444
random,31,15,10,5,4,04,missing,0.4190082848072052,0.3393123972952366,0.14972612261772156,0.38858647717535494
random,32,15,10,5,4,04,missing,0.20042920112609863,0.6195550999283791,0.3683052062988281,0.6688291798084974
random,33,15,10,5,4,04,missing,0.4179418683052063,0.2253015979766846,0.15079253911972046,0.2745756778568029
random,34,15,10,5,4,04,missing,0.3524002134799957,0.3891577801048756,0.21633419394493103,0.43843185998499395
random,35,15,10,5,4,04,missing,0.4385669231414795,0.1404039024204016,0.13016748428344727,0.18967798230051996
random,36,15,10,5,4,04,missing,0.3892676532268524,0.2315707630157471,0.17946675419807434,0.2808448428958655
random,37,15,10,5,4,04,missing,0.30990874767303467,0.3743317493438721,0.2588256597518921,0.4236058292239904
random,38,15,10,5,4,04,missing,0.2683227062225342,0.5252756350874901,0.3004117012023926,0.5745497149676084
random,39,15,10,5,4,04,missing,0.3690497577190399,0.31190405305624014,0.19968464970588684,0.3611781329363585
random,40,15,10,5,4,04,missing,0.3479819595813751,0.3461314890921116,0.22075244784355164,0.39540556897222995
random,41,15,10,5,4,04,missing,0.1808912456035614,0.6095244143843651,0.38784316182136536,0.6587984942644834
random,42,15,10,5,4,04,missing,0.4847007393836975,0.08945954549461606,0.08403366804122925,0.1387336253747344
random,43,15,10,5,4,04,missing,0.4741729497909546,0.05667755354344847,0.09456145763397217,0.10595163342356682
random,44,15,10,5,4,04,missing,0.43205973505973816,0.2150509417295456,0.1366746723651886,0.264325021609664
random,45,15,10,5,4,04,missing,0.31644439697265625,0.3952069475889206,0.2522900104522705,0.44448102746903895
random,46,15,10,5,4,04,missing,0.3332757353782654,0.4386511614561081,0.23545867204666138,0.48792524133622645
random,47,15,10,5,4,04,missing,0.3500567078590393,0.2902589304983616,0.21867769956588745,0.33953301037847994
random,48,15,10,5,4,04,missing,0.35821548104286194,0.4595924153566361,0.21051892638206482,0.5088664952367544
random,49,15,10,5,4,04,missing,0.37903329730033875,0.3838564915299416,0.189701110124588,0.43313057141005995
random,50,15,10,5,4,04,missing,0.39149209856987,0.3793690838158131,0.17724230885505676,0.4286431636959314
top,0,5,11,10,5,05,missing,0.22455038130283356,0.13979898298680785,0.3602965921163559,0.35569258667528636
random,1,5,11,10,5,05,missing,0.3849501311779022,0.2748829998314381,0.19989684224128723,0.22060856983065608
random,2,5,11,10,5,05,missing,0.3386889398097992,0.2968800701439381,0.24615803360939026,0.1986114995181561
random,3,5,11,10,5,05,missing,0.3247825503349304,0.24751863899230958,0.26006442308425903,0.2479729306697846
random,4,5,11,10,5,05,missing,0.3474479913711548,0.2774566463172436,0.23739898204803467,0.21803492334485058
random,5,5,11,10,5,05,missing,0.4775051474571228,0.3995403596997261,0.10734182596206665,0.09595120996236806
random,6,5,11,10,5,05,missing,0.3752516508102417,0.3636411785423756,0.20959532260894775,0.13185039111971858
random,7,5,11,10,5,05,missing,0.4132694900035858,0.3480672151684761,0.17157748341560364,0.14742435449361807
random,8,5,11,10,5,05,missing,0.38515082001686096,0.2871133655548096,0.1996961534023285,0.20837820410728458
random,9,5,11,10,5,05,missing,0.3747405409812927,0.2919747127234936,0.21010643243789673,0.20351685693860055
random,10,5,11,10,5,05,missing,0.4419514536857605,0.3614194529592991,0.14289551973342896,0.13407211670279506
random,11,5,11,10,5,05,missing,0.37990936636924744,0.2610688289344311,0.20493760704994202,0.23442274072766306
random,12,5,11,10,5,05,missing,0.4100533723831177,0.4407408831357956,0.17479360103607178,0.05475068652629855
random,13,5,11,10,5,05,missing,0.38480061292648315,0.2471446726858616,0.2000463604927063,0.24834689697623258
random,14,5,11,10,5,05,missing,0.42302045226097107,0.2716934246361256,0.16182652115821838,0.22379814502596856
random,15,5,11,10,5,05,missing,0.3822428584098816,0.2688777888953686,0.20260411500930786,0.22661378076672556
random,16,5,11,10,5,05,missing,0.4142863154411316,0.36064955549836164,0.17056065797805786,0.13484201416373254
random,17,5,11,10,5,05,missing,0.44332873821258545,0.3839444583296776,0.141518235206604,0.11154711133241657
random,18,5,11,10,5,05,missing,0.29893481731414795,0.17136477888524534,0.2859121561050415,0.3241267907768488
random,19,5,11,10,5,05,missing,0.4161055386066437,0.3146316951453686,0.16874143481254578,0.18085987451672558
random,20,5,11,10,5,05,missing,0.3700740337371826,0.2884551814734936,0.21477293968200684,0.2070363881886006
random,21,5,11,10,5,05,missing,0.3297274708747864,0.2577032664358616,0.2551195025444031,0.23778830322623257
random,22,5,11,10,5,05,missing,0.366627037525177,0.2793703806936741,0.21821993589401245,0.21612118896842009
random,23,5,11,10,5,05,missing,0.4270586371421814,0.35290657063722614,0.15778833627700806,0.14258499902486804
random,24,5,11,10,5,05,missing,0.31694266200065613,0.1661624663859606,0.2679043114185333,0.3293291032761336
random,25,5,11,10,5,05,missing,0.4113021492958069,0.23249462922811512,0.17354482412338257,0.26299694043397903
random,26,5,11,10,5,05,missing,0.2982194721698761,0.19506660872101786,0.28662750124931335,0.3004249609410763
random,27,5,11,10,5,05,missing,0.3249545991420746,0.3129379046201706,0.25989237427711487,0.18255366504192355
random,28,5,11,10,5,05,missing,0.3421361446380615,0.1291083987593651,0.24271082878112793,0.3663831709027291
random,29,5,11,10,5,05,missing,0.3882844150066376,0.2607388728797436,0.19656255841255188,0.23475269678235056
random,30,5,11,10,5,05,missing,0.3346914052963257,0.31377383088469507,0.25015556812286377,0.1817177387773991
random,31,5,11,10,5,05,missing,0.3304886519908905,0.2309988445580006,0.25435832142829895,0.2644927251040936
random,32,5,11,10,5,05,missing,0.3628522455692291,0.2543597224891186,0.22199472784996033,0.2411318471729756
random,33,5,11,10,5,05,missing,0.35933247208595276,0.2674699978768826,0.2255145013332367,0.2280215717852116
random,34,5,11,10,5,05,missing,0.3207079768180847,0.08357446992546322,0.26413899660110474,0.41191709973663093
random,35,5,11,10,5,05,missing,0.3613555431365967,0.2954722522735596,0.22349143028259277,0.20001931738853457
random,36,5,11,10,5,05,missing,0.34567442536354065,0.2439111140906811,0.2391725480556488,0.25158045557141306
random,37,5,11,10,5,05,missing,0.4162672758102417,0.3480232317686081,0.16857969760894775,0.14746833789348607
random,38,5,11,10,5,05,missing,0.3106812536716461,0.20235865632593633,0.27416571974754333,0.2931329133361579
random,39,5,11,10,5,05,missing,0.34659966826438904,0.1715297569125891,0.23824730515480042,0.3239618127495051
random,40,5,11,10,5,05,missing,0.29935917258262634,0.22343184700012209,0.2854878008365631,0.2720597226619721
random,41,5,11,10,5,05,missing,0.3391202390193939,0.2995197185814381,0.24572673439979553,0.19597185108065607
random,42,5,11,10,5,05,missing,0.41156673431396484,0.35440238215923314,0.1732802391052246,0.14108918750286104
random,43,5,11,10,5,05,missing,0.3680694103240967,0.3015654300093651,0.21677756309509277,0.1939261396527291
random,44,5,11,10,5,05,missing,0.41324421763420105,0.2920187229752541,0.1716027557849884,0.20347284668684007
random,45,5,11,10,5,05,missing,0.36140090227127075,0.2462208064734936,0.2234460711479187,0.24927076318860059
random,46,5,11,10,5,05,missing,0.3887493312358856,0.3195810359656811,0.19609764218330383,0.17591053369641307
random,47,5,11,10,5,05,missing,0.3729790151119232,0.2939544490516186,0.21186795830726624,0.20153712061047557
random,48,5,11,10,5,05,missing,0.38853514194488525,0.3810628474891186,0.1963118314743042,0.11442872217297556
random,49,5,11,10,5,05,missing,0.46111980080604553,0.3455155603826046,0.12372717261314392,0.14997600927948956
random,50,5,11,10,5,05,missing,0.40237003564834595,0.2560754778623581,0.1824769377708435,0.23941609179973605
top,0,15,9,8,6,06,missing,0.23049546778202057,0.10634418330490591,0.36989621818065643,0.3494646929949522
random,1,15,9,8,6,06,missing,0.2845361530780792,0.14309305232167246,0.3158555328845978,0.31271582397818565
random,2,15,9,8,6,06,missing,0.36027100682258606,0.28397878303527835,0.24012067914009094,0.17183009326457976
random,3,15,9,8,6,06,missing,0.38107070326805115,0.2686138079404831,0.21932098269462585,0.187195068359375
random,4,15,9,8,6,06,missing,0.3307378590106964,0.20020293269455436,0.2696538269519806,0.25560594360530375
random,5,15,9,8,6,06,missing,0.32620319724082947,0.23331951936483386,0.27418848872184753,0.22248935693502425
random,6,15,9,8,6,06,missing,0.39691823720932007,0.2744650501251221,0.20347344875335693,0.181343826174736
random,7,15,9,8,6,06,missing,0.32926249504089355,0.2528199275672436,0.27112919092178345,0.20298894873261453
random,8,15,9,8,6,06,missing,0.2799961268901825,0.1726406062781811,0.3203955590724945,0.283168270021677
random,9,15,9,8,6,06,missing,0.31441208720207214,0.2205722278594971,0.28597959876060486,0.23523664844036102
random,10,15,9,8,6,06,missing,0.3217926323413849,0.22865615119934085,0.2785990536212921,0.22715272510051726
random,11,15,9,8,6,06,missing,0.33793672919273376,0.2199343074500561,0.26245495676994324,0.235874568849802
random,12,15,9,8,6,06,missing,0.3465881943702698,0.2667001004159451,0.2538034915924072,0.189108775883913
random,13,15,9,8,6,06,missing,0.2777107059955597,0.19531958039999012,0.3226809799671173,0.260489295899868
random,14,15,9,8,6,06,missing,0.3072206676006317,0.20555922737121585,0.2931710183620453,0.25024964892864227
random,15,15,9,8,6,06,missing,0.41423484683036804,0.3287978137969971,0.18615683913230896,0.12701106250286104
random,16,15,9,8,6,06,missing,0.3628656268119812,0.29240367170572285,0.2375260591506958,0.16340520459413527
random,17,15,9,8,6,06,missing,0.3540339767932892,0.1722226565718651,0.24635770916938782,0.283586219727993
random,18,15,9,8,6,06,missing,0.40910768508911133,0.3205269207298756,0.19128400087356567,0.13528195556998251
random,19,15,9,8,6,06,missing,0.31540167331695557,0.24341067537069322,0.28499001264572144,0.2123982009291649
random,20,15,9,8,6,06,missing,0.429383784532547,0.28258194758892063,0.17100790143013,0.17322692871093748
random,21,15,9,8,6,06,missing,0.35087454319000244,0.2789084475874901,0.24951714277267456,0.176900428712368
random,22,15,9,8,6,06,missing,0.36757412552833557,0.2335064890921116,0.23281756043434143,0.2223023872077465
random,23,15,9,8,6,06,missing,0.28439053893089294,0.18136794123947622,0.31600114703178406,0.2744409350603819
random,24,15,9,8,6,06,missing,0.3696436882019043,0.2801182864546776,0.2307479977607727,0.1756905898451805
random,25,15,9,8,6,06,missing,0.40518152713775635,0.31024329035878184,0.19521015882492065,0.14556558594107627
random,26,15,9,8,6,06,missing,0.32980915904045105,0.23218666487336162,0.27058252692222595,0.2236222114264965
random,27,15,9,8,6,06,missing,0.3153059482574463,0.19569353328049185,0.2850857377052307,0.26011534301936623
random,28,15,9,8,6,06,missing,0.29578709602355957,0.17343249543905262,0.30460458993911743,0.2823763808608055
random,29,15,9,8,6,06,missing,0.39680978655815125,0.2752789309859276,0.20358189940452576,0.18052994531393052
random,30,15,9,8,6,06,missing,0.3984946310520172,0.2624986385047436,0.2018970549106598,0.19331023779511453
random,31,15,9,8,6,06,missing,0.3632742166519165,0.25196203645467763,0.2371174693107605,0.20384683984518048
random,32,15,9,8,6,06,missing,0.33985093235969543,0.2492124295175076,0.26054075360298157,0.2065964467823505
random,33,15,9,8,6,06,missing,0.30106624960899353,0.2306028865516186,0.29932543635368347,0.22520598974823952
random,34,15,9,8,6,06,missing,0.2824077010154724,0.19091467512547972,0.3179839849472046,0.2648942011743784
random,35,15,9,8,6,06,missing,0.42629319429397583,0.3235844920217991,0.17409849166870117,0.132224384278059
random,36,15,9,8,6,06,missing,0.37889739871025085,0.2899729846954346,0.22149428725242615,0.16583589160442352
random,37,15,9,8,6,06,missing,0.4411201477050781,0.3230125735640526,0.15927153825759888,0.1327963027358055
random,38,15,9,8,6,06,missing,0.38039150834083557,0.23481533088684084,0.22000017762184143,0.22099354541301727
random,39,15,9,8,6,06,missing,0.40982428193092346,0.3290397762000561,0.19056740403175354,0.12676910009980202
random,40,15,9,8,6,06,missing,0.33637183904647827,0.2581212429940701,0.26401984691619873,0.19768763330578804
random,41,15,9,8,6,06,missing,0.4843425750732422,0.3733638728797436,0.11604911088943481,0.08244500342011452
random,42,15,9,8,6,06,missing,0.35969409346580505,0.21313720735311512,0.24069759249687195,0.242671668946743
random,43,15,9,8,6,06,missing,0.3329009413719177,0.2077479251265526,0.2674907445907593,0.2480609511733055
random,44,15,9,8,6,06,missing,0.4099980890750885,0.3239584583282471,0.1903935968875885,0.131850417971611
random,45,15,9,8,6,06,missing,0.3132111728191376,0.2380159153580666,0.28718051314353943,0.2177929609417915
random,46,15,9,8,6,06,missing,0.2871783375740051,0.1458041804969311,0.3132133483886719,0.310004695802927
random,47,15,9,8,6,06,missing,0.42253419756889343,0.3539184573531151,0.17785748839378357,0.101890418946743
random,48,15,9,8,6,06,missing,0.40418002009391785,0.3164134524703026,0.19621166586875916,0.1393954238295555
random,49,15,9,8,6,06,missing,0.34656235575675964,0.19007328450083735,0.25382933020591736,0.26573559179902073
random,50,15,9,8,6,06,missing,0.3178386986255646,0.21770710408091548,0.2825529873371124,0.23810177221894263
top,0,12,12,11,7,07,missing,0.390865683555603,0.3767734187781811,0.2307800054550171,0.23244300439953808
random,1,12,12,11,7,07,missing,0.5873317718505859,0.5874393772721291,0.03431391716003418,0.021777045905590042
random,2,12,12,11,7,07,missing,0.6024883389472961,0.6134399036407471,0.019157350063323975,0.0042234804630278955
random,3,12,12,11,7,07,missing,0.5758265256881714,0.5538718264937401,0.04581916332244873,0.055344596683979064
random,4,12,12,11,7,07,missing,0.533263623714447,0.4822933811783791,0.0883820652961731,0.12692304199934007
random,5,12,12,11,7,07,missing,0.5862508416175842,0.5704136126279832,0.03539484739303589,0.038802810549736
random,6,12,12,11,7,07,missing,0.5415136218070984,0.5165647737622261,0.08013206720352173,0.09265164941549309
random,7,12,12,11,7,07,missing,0.535968005657196,0.5297190325498581,0.08567768335342407,0.0794973906278611
random,8,12,12,11,7,07,missing,0.622258186340332,0.6550143665313721,-0.0006124973297119141,0.04579794335365295
random,9,12,12,11,7,07,missing,0.5655102133750916,0.5553676380157471,0.056135475635528564,0.05384878516197211
random,10,12,12,11,7,07,missing,0.5446602702140808,0.5120333557963371,0.0769854187965393,0.09718306738138205
random,11,12,12,11,7,07,missing,0.5409911870956421,0.4964594729781151,0.08065450191497803,0.11275695019960408
random,12,12,12,11,7,07,missing,0.5197598338127136,0.4668514485597611,0.1018858551979065,0.1423649746179581
random,13,12,12,11,7,07,missing,0.582311749458313,0.5338105091094971,0.03933393955230713,0.07540591406822206
random,14,12,12,11,7,07,missing,0.5760394930839539,0.5569073792338372,0.04560619592666626,0.05230904394388203
random,15,12,12,11,7,07,missing,0.5995599031448364,0.5761328509092332,0.02208578586578369,0.03308357226848602
random,16,12,12,11,7,07,missing,0.5215793251991272,0.4914881136059761,0.10006636381149292,0.11772830957174307
random,17,12,12,11,7,07,missing,0.5500196218490601,0.5407175677061081,0.07162606716156006,0.06849885547161105
random,18,12,12,11,7,07,missing,0.5796315670013428,0.5878792649745942,0.042014122009277344,0.021337158203124984
random,19,12,12,11,7,07,missing,0.4944622814655304,0.4481319202423096,0.12718340754508972,0.1610845029354096
random,20,12,12,11,7,07,missing,0.5841131210327148,0.5882752766847611,0.03753256797790527,0.020941146492958085
random,21,12,12,11,7,07,missing,0.566207230091095,0.5278272630214692,0.055438458919525146,0.08138916015624997
random,22,12,12,11,7,07,missing,0.5629608631134033,0.5559395296216011,0.0586848258972168,0.05327689355611809
random,23,12,12,11,7,07,missing,0.59098219871521,0.5836118548154832,0.030663490295410156,0.025604568362236013
random,24,12,12,11,7,07,missing,0.5500542521476746,0.5402336428999901,0.07159143686294556,0.06898278027772908
random,25,12,12,11,7,07,missing,0.5960607528686523,0.5973819886088372,0.025584936141967773,0.011834434568882002
random,26,12,12,11,7,07,missing,0.5790308117866516,0.5777166292309761,0.042614877223968506,0.03149979394674307
random,27,12,12,11,7,07,missing,0.5852495431900024,0.5965461428999901,0.036396145820617676,0.012670280277729096
random,28,12,12,11,7,07,missing,0.5502750873565674,0.5352623372316361,0.07137060165405273,0.0739540859460831
random,29,12,12,11,7,07,missing,0.5634386539459229,0.5625386507153511,0.058207035064697266,0.04667777246236804
random,30,12,12,11,7,07,missing,0.5482022166252136,0.5305989153623581,0.0734434723854065,0.07861750781536103
random,31,12,12,11,7,07,missing,0.4788004159927368,0.44437039973735815,0.1428452730178833,0.16484602344036103
random,32,12,12,11,7,07,missing,0.546268880367279,0.5601629563808441,0.07537680864334106,0.049053466796875056
random,33,12,12,11,7,07,missing,0.5688945055007935,0.5270354007124901,0.05275118350982666,0.08218102246522907
random,34,12,12,11,7,07,missing,0.5730610489845276,0.522328049147129,0.04858464002609253,0.08688837403059013
random,35,12,12,11,7,07,missing,0.5353649258613586,0.5264195257067681,0.08628076314926147,0.08279689747095109
random,36,12,12,11,7,07,missing,0.5714135766029358,0.6078966526627541,0.050232112407684326,0.001319770514965124
random,37,12,12,11,7,07,missing,0.5936687588691711,0.5802243274688721,0.027976930141448975,0.028992095708847088
random,38,12,12,11,7,07,missing,0.5267209410667419,0.5164768069624901,0.09492474794387817,0.09273961621522908
random,39,12,12,11,7,07,missing,0.6022212505340576,0.5892430725932122,0.0194244384765625,0.019973350584507
random,40,12,12,11,7,07,missing,0.5509162545204163,0.5166088108658791,0.07072943449020386,0.09260761231184012
random,41,12,12,11,7,07,missing,0.5294100642204285,0.48928840657472616,0.09223562479019165,0.11992801660299302
random,42,12,12,11,7,07,missing,0.539767861366272,0.5168727649688721,0.08187782764434814,0.09234365820884705
random,43,12,12,11,7,07,missing,0.5083048939704895,0.48946439387798313,0.11334079504013062,0.11975202929973605
random,44,12,12,11,7,07,missing,0.5692440271377563,0.5852396702408791,0.05240166187286377,0.023976752936840096
random,45,12,12,11,7,07,missing,0.5891692042350769,0.5841397630214692,0.03247648477554321,0.025076660156249986
random,46,12,12,11,7,07,missing,0.5502139925956726,0.5479326175093652,0.07143169641494751,0.06128380566835401
random,47,12,12,11,7,07,missing,0.5559410452842712,0.5223720325469972,0.06570464372634888,0.08684439063072202
random,48,12,12,11,7,07,missing,0.5468770861625671,0.5397937014937401,0.07476860284805298,0.06942272168397912
random,49,12,12,11,7,07,missing,0.5812309980392456,0.5713814622402191,0.04041469097137451,0.03783496093750005
random,50,12,12,11,7,07,missing,0.5757639408111572,0.5851076663374901,0.04588174819946289,0.024108756840229062
top,0,11,7,10,8,08,missing,0.24869078397750854,-0.014106265396252253,0.39179641008377075,0.3200931011680514
random,1,11,7,10,8,08,missing,0.2809368968009949,0.056914024734497096,0.3595502972602844,0.24907281103730206
random,2,11,7,10,8,08,missing,0.318060964345932,-0.017814146728627363,0.3224262297153473,0.3238009825004265
random,3,11,7,10,8,08,missing,0.2697959840297699,-0.011472117401100674,0.3706912100315094,0.3174589531728998
random,4,11,7,10,8,08,missing,0.2588307857513428,-0.04058798942565916,0.3816564083099365,0.3465748251974583
random,5,11,7,10,8,08,missing,0.26591506600379944,-0.05332978971898554,0.37457212805747986,0.3593166254907847
random,6,11,7,10,8,08,missing,0.2784656584262848,-0.016787158340588193,0.3620215356349945,0.32277399411238733
random,7,11,7,10,8,08,missing,0.2583690583705902,-0.017220226501487176,0.3821181356906891,0.3232070622732863
random,8,11,7,10,8,08,missing,0.2850892245769501,-0.034016361313313224,0.3553979694843292,0.34000319708511234
random,9,11,7,10,8,08,missing,0.2684088349342346,-0.07158186015337703,0.3720783591270447,0.37756869592517617
random,10,11,7,10,8,08,missing,0.2701801657676697,-0.015599317886307815,0.3703070282936096,0.32158615365810694
random,11,11,7,10,8,08,missing,0.3240026831626892,0.019140930557250996,0.3164845108985901,0.2868459052145481
random,12,11,7,10,8,08,missing,0.2742423713207245,-0.01070084461979566,0.3662448227405548,0.3166876803915948
random,13,11,7,10,8,08,missing,0.2854737341403961,-0.03753864320404826,0.3550134599208832,0.3435254789758474
random,14,11,7,10,8,08,missing,0.28132161498069763,-0.061798665145784595,0.35916557908058167,0.3677855009175837
random,15,11,7,10,8,08,missing,0.29677248001098633,0.002297189857438228,0.34371471405029297,0.30368964591436093
random,16,11,7,10,8,08,missing,0.27571386098861694,-0.07763655241429804,0.36477333307266235,0.3836233881860972
random,17,11,7,10,8,08,missing,0.28350043296813965,-0.06365191227793691,0.35698676109313965,0.36963874804973607
random,18,11,7,10,8,08,missing,0.29891401529312134,-0.04704962882995604,0.34157317876815796,0.3530364646017552
random,19,11,7,10,8,08,missing,0.2639472186565399,-0.04590577848851679,0.3765399754047394,0.35189261426031593
random,20,11,7,10,8,08,missing,0.31204143166542053,0.004991315750032685,0.32844576239585876,0.30099552002176644
random,21,11,7,10,8,08,missing,0.29127806425094604,-0.06750140293911097,0.34920912981033325,0.3734882387109101
random,22,11,7,10,8,08,missing,0.26848104596138,-0.04840244731158016,0.3720061480998993,0.3543892830833793
random,23,11,7,10,8,08,missing,0.28457164764404297,-0.005850147163402268,0.35591554641723633,0.3118369829352014
random,24,11,7,10,8,08,missing,0.2944895625114441,-0.03731592186018823,0.3459976315498352,0.34330275763198737
random,25,11,7,10,8,08,missing,0.2771851718425751,-0.02288034614585338,0.3633020222187042,0.3288671819176525
random,26,11,7,10,8,08,missing,0.2599593698978424,0.013541300674527905,0.3805278241634369,0.2924455350972712
random,27,11,7,10,8,08,missing,0.27476248145103455,-0.019006112304888644,0.36572471261024475,0.32499294807668777
random,28,11,7,10,8,08,missing,0.2707389295101166,-0.019888746597245315,0.3697482645511627,0.32587558236904446
random,29,11,7,10,8,08,missing,0.26358094811439514,-0.009791403747536221,0.37690624594688416,0.31577823951933537
random,30,11,7,10,8,08,missing,0.27697375416755676,-0.028871798843517878,0.36351343989372253,0.334858634615317
random,31,11,7,10,8,08,missing,0.2606663405895233,-0.0356798931121826,0.379820853471756,0.34166672888398175
random,32,11,7,10,8,08,missing,0.29256337881088257,0.0005166299590841153,0.34792381525039673,0.305470205812715
random,33,11,7,10,8,08,missing,0.25536736845970154,0.0036357449494302495,0.38511982560157776,0.3023510908223689
random,34,11,7,10,8,08,missing,0.26554587483406067,-0.018215594268776454,0.37494131922721863,0.3242024300405756
random,35,11,7,10,8,08,missing,0.2653718590736389,-0.02097897622678427,0.3751153349876404,0.32696581199858343
random,36,11,7,10,8,08,missing,0.2555362284183502,-0.05914801414534448,0.3849509656429291,0.3651348499171436
random,37,11,7,10,8,08,missing,0.30014219880104065,0.01973485078439119,0.34034499526023865,0.28625198498740795
random,38,11,7,10,8,08,missing,0.28195005655288696,0.01651777925118806,0.35853713750839233,0.28946905652061106
random,39,11,7,10,8,08,missing,0.25944963097572327,-0.014429348205588737,0.38103756308555603,0.32041618397738786
random,40,11,7,10,8,08,missing,0.2933209240436554,-0.08231642778068779,0.3471662700176239,0.3883032635524869
random,41,11,7,10,8,08,missing,0.2530411183834076,-0.02716702589429913,0.3874460756778717,0.3331538616660983
random,42,11,7,10,8,08,missing,0.2721744775772095,-0.021546774597279706,0.3683127164840698,0.32753361036907885
random,43,11,7,10,8,08,missing,0.2808464765548706,-0.006585673782415667,0.3596407175064087,0.3125725095542148
random,44,11,7,10,8,08,missing,0.2881815433502197,-0.013270376892201582,0.35230565071105957,0.3192572126640007
random,45,11,7,10,8,08,missing,0.278591126203537,-0.07647070365995166,0.3618960678577423,0.3824575394317508
random,46,11,7,10,8,08,missing,0.3143736720085144,0.016345927139371656,0.3261135220527649,0.2896409086324275
random,47,11,7,10,8,08,missing,0.28925901651382446,-0.06227710209637878,0.35122817754745483,0.3682639378681779
random,48,11,7,10,8,08,missing,0.28586143255233765,-0.004410026885941604,0.35462576150894165,0.31039686265774075
random,49,11,7,10,8,08,missing,0.28826358914375305,0.011759538314864062,0.35222360491752625,0.2942272974569351
random,50,11,7,10,8,08,missing,0.25947269797325134,-0.07829096659868953,0.38101449608802795,0.3842778023704887
top,0,16,9,9,9,09,missing,0.5975344181060791,-0.14103760295212267,0.33205997943878174,1.7404740305393935
random,1,16,9,9,9,09,missing,0.5634356141090393,0.023899173171818278,0.36615878343582153,1.9054108066633346
random,2,16,9,9,9,09,missing,0.4431566596031189,-0.14032614863514897,0.48643773794174194,1.7411854848563673
random,3,16,9,9,9,09,missing,0.48529884219169617,-0.08402669865489004,0.4442955553531647,1.7974849348366262
random,4,16,9,9,9,09,missing,0.6490301489830017,-0.37851798210144044,0.28056424856185913,1.502993651390076
random,5,16,9,9,9,09,missing,0.3943747580051422,0.1118077110141516,0.5352196395397186,1.9933193445056678
random,6,16,9,9,9,09,missing,0.4225161075592041,0.02265083876028659,0.5070782899856567,1.904162472251803
random,7,16,9,9,9,09,missing,0.7604939341545105,-0.695517783856392,0.16910046339035034,1.1859938496351243
random,8,16,9,9,9,09,missing,0.5732102990150452,0.012187107711657902,0.3563840985298157,1.8936987412031743
random,9,16,9,9,9,09,missing,0.41158217191696167,0.007860504233837148,0.5180122256278992,1.8893721377253534
random,10,16,9,9,9,09,missing,0.43801337480545044,-0.13265328749120234,0.4915810227394104,1.748858346000314
random,11,16,9,9,9,09,missing,0.3573383688926697,-0.02424416551217435,0.5722560286521912,1.857267467979342
random,12,16,9,9,9,09,missing,0.6891849637031555,-0.4276374508500099,0.24040943384170532,1.4538741826415063
random,13,16,9,9,9,09,missing,0.723557710647583,-0.45537572429180145,0.20603668689727783,1.4261359091997148
random,14,16,9,9,9,09,missing,0.5380554795265198,-0.08640788420140741,0.39153891801834106,1.795103749290109
random,15,16,9,9,9,09,missing,0.3968988358974457,0.12590233650207522,0.5326955616474152,2.0074139699935913
random,16,16,9,9,9,09,missing,0.6007586121559143,-0.15851427800059317,0.32883578538894653,1.722997355490923
random,17,16,9,9,9,09,missing,0.5615818500518799,-0.19397355802953242,0.36801254749298096,1.6875380754619838
random,18,16,9,9,9,09,missing,0.7338366508483887,-0.44158357194662096,0.19575774669647217,1.4399280615448953
random,19,16,9,9,9,09,missing,0.4449745714664459,-0.16030050616562364,0.4846198260784149,1.7212111273258928
random,20,16,9,9,9,09,missing,0.6079604029655457,-0.15907520060837266,0.3216339945793152,1.7224364328831436
random,21,16,9,9,9,09,missing,0.6170928478240967,-0.17869659001231192,0.31250154972076416,1.7028150434792044
random,22,16,9,9,9,09,missing,0.43005385994911194,-0.0926605487525463,0.4995405375957489,1.78885108473897
random,23,16,9,9,9,09,missing,0.5590364933013916,-0.027301760299503784,0.37055790424346924,1.8542098731920125
random,24,16,9,9,9,09,missing,0.39876753091812134,0.004649093415215633,0.5308268666267395,1.886160726906732
random,25,16,9,9,9,09,missing,0.7527034282684326,-0.5245565104246139,0.17689096927642822,1.3569551230669024
random,26,16,9,9,9,09,missing,0.4061447083950043,0.06702168122828009,0.5234496891498566,1.9485333147197963
random,27,16,9,9,9,09,missing,0.4168384075164795,-0.004149842117354252,0.5127559900283813,1.877361791374162
random,28,16,9,9,9,09,missing,0.6497105956077576,-0.3603703990936279,0.27988380193710327,1.5211412343978883
random,29,16,9,9,9,09,missing,0.5366167426109314,-0.1890242172092199,0.39297765493392944,1.6924874162822965
random,30,16,9,9,9,09,missing,0.5995325446128845,-0.10349961051940916,0.3300618529319763,1.778012022972107
random,31,16,9,9,9,09,missing,0.7397300601005554,-0.4958723522186279,0.18986433744430542,1.3856392812728884
random,32,16,9,9,9,09,missing,0.3380555212497711,-0.039675110672041755,0.5915388762950897,1.8418365228194746
random,33,16,9,9,9,09,missing,0.4481354057788849,-0.09452480180412529,0.48145899176597595,1.786986831687391
random,34,16,9,9,9,09,missing,0.4045924246311188,-0.05670084342956541,0.5250019729137421,1.8248107900619508
random,35,16,9,9,9,09,missing,0.40638986229896545,-0.03418958958461879,0.5232045352458954,1.8473220439068976
random,36,16,9,9,9,09,missing,0.6841487288475037,-0.43265276677012443,0.24544566869735718,1.448858866721392
random,37,16,9,9,9,09,missing,0.6866541504859924,-0.42541572526693344,0.2429402470588684,1.4560959082245828
random,38,16,9,9,9,09,missing,0.4211627244949341,0.020512313766032478,0.5084316730499268,1.9020239472575489
random,39,16,9,9,9,09,missing,0.4241955876350403,-0.09765938432365653,0.5053988099098206,1.7838522491678597
random,40,16,9,9,9,09,missing,0.7922093272209167,-0.6895345377683639,0.1373850703239441,1.1919770957231524
random,41,16,9,9,9,09,missing,0.7665985226631165,-0.657418815112114,0.16299587488174438,1.2240928183794022
random,42,16,9,9,9,09,missing,0.34311145544052124,0.001357675704732558,0.5864829421043396,1.882869309196249
random,43,16,9,9,9,09,missing,0.6008100509643555,-0.22332863762080668,0.32878434658050537,1.6581829958707095
random,44,16,9,9,9,09,missing,0.8043220639228821,-0.6825834420681,0.12527233362197876,1.1989281914234162
random,45,16,9,9,9,09,missing,0.46337825059890747,-0.1807106967628002,0.46621614694595337,1.700800936728716
random,46,16,9,9,9,09,missing,0.5901932716369629,-0.20995442155599592,0.33940112590789795,1.6715572119355204
random,47,16,9,9,9,09,missing,0.7406793236732483,-0.4940246197938919,0.18891507387161255,1.3874870136976245
random,48,16,9,9,9,09,missing,0.7988071441650391,-0.77365131316185,0.13078725337982178,1.1078603203296664
random,49,16,9,9,9,09,missing,0.7705578804016113,-0.641712928390503,0.1590365171432495,1.2397987051010133
random,50,16,9,9,9,09,missing,0.5892705917358398,-0.17335130461156367,0.340323805809021,1.7081603288799525
top,0,14,12,11,10,10,missing,0.5060814619064331,-0.3084133029043674,0.4080526828765869,1.4972525825202465
random,1,14,12,11,10,10,missing,0.833865761756897,-1.370827735042572,0.08026838302612305,0.434838150382042
random,2,14,12,11,10,10,missing,0.8803436756134033,-1.592910178399086,0.0337904691696167,0.21275570702552793
random,3,14,12,11,10,10,missing,0.8648424744606018,-1.4765896061420443,0.04929167032241821,0.32907627928256966
random,4,14,12,11,10,10,missing,0.8660780191421509,-1.442450217461586,0.04805612564086914,0.36321566796302784
random,5,14,12,11,10,10,missing,0.8725525140762329,-1.550235861992836,0.04158163070678711,0.2554300234317779
random,6,14,12,11,10,10,missing,0.8777537941932678,-1.5170643229246141,0.0363803505897522,0.2886015624999998
random,7,14,12,11,10,10,missing,0.5640960335731506,-0.5552204049587249,0.3500381112098694,1.2504454804658889
random,8,14,12,11,10,10,missing,0.8433000445365906,-1.358421408867836,0.07083410024642944,0.447244476556778
random,9,14,12,11,10,10,missing,0.8064987659454346,-1.090057151055336,0.10763537883758545,0.7156087343692779
random,10,14,12,11,10,10,missing,0.6409643292427063,-0.8809090494871139,0.2731698155403137,0.9247568359375
random,11,14,12,11,10,10,missing,0.6266140937805176,-0.7863216471433639,0.28752005100250244,1.01934423828125
random,12,14,12,11,10,10,missing,0.816632866859436,-1.1388026803493498,0.09750127792358398,0.6668632050752641
random,13,14,12,11,10,10,missing,0.8457783460617065,-1.3041326822996138,0.06835579872131348,0.5015332031250002
random,14,14,12,11,10,10,missing,0.8875671029090881,-1.5983655162811279,0.026567041873931885,0.20730036914348604
random,15,14,12,11,10,10,missing,0.7318463921546936,-0.929038596367836,0.18228775262832642,0.8766272890567779
random,16,14,12,11,10,10,missing,0.8748325109481812,-1.56994525847435,0.03930163383483887,0.23572062695026386
random,17,14,12,11,10,10,missing,0.6458330154418945,-0.778182731127739,0.2683011293411255,1.027483154296875
random,18,14,12,11,10,10,missing,0.7406975030899048,-0.9931820748806,0.17343664169311523,0.812483810544014
random,19,14,12,11,10,10,missing,0.7052651047706604,-0.9238033365964889,0.20886904001235962,0.881862548828125
random,20,14,12,11,10,10,missing,0.8071173429489136,-1.10096771941185,0.10701680183410645,0.704698166012764
random,21,14,12,11,10,10,missing,0.828498125076294,-1.210425162768364,0.08563601970672607,0.5952407226562499
random,22,14,12,11,10,10,missing,0.8116137981414795,-1.1862283854246138,0.10252034664154053,0.6194375000000001
random,23,14,12,11,10,10,missing,0.7953308820724487,-1.222567481136322,0.11880326271057129,0.5830984042882918
random,24,14,12,11,10,10,missing,0.7558537125587463,-1.0116596139431,0.15828043222427368,0.7940062714815139
random,25,14,12,11,10,10,missing,0.8244751691818237,-1.237965537762642,0.08965897560119629,0.567700347661972
random,26,14,12,11,10,10,missing,0.8616180419921875,-1.538533377623558,0.05251610279083252,0.267132507801056
random,27,14,12,11,10,10,missing,0.840389609336853,-1.319882606124878,0.07374453544616699,0.48578327929973586
random,28,14,12,11,10,10,missing,0.8766736388206482,-1.5341340709686277,0.037460505962371826,0.2715318144559862
random,29,14,12,11,10,10,missing,0.8266875743865967,-1.30334076628685,0.08744657039642334,0.502325119137764
random,30,14,12,11,10,10,missing,0.6883002519607544,-0.9165443033933639,0.22583389282226562,0.88912158203125
random,31,14,12,11,10,10,missing,0.8611931800842285,-1.452744803404808,0.052940964698791504,0.3529210820198059
random,32,14,12,11,10,10,missing,0.7446666955947876,-1.0887374342441558,0.16946744918823242,0.7169284511804581
random,33,14,12,11,10,10,missing,0.8599725961685181,-1.455472526049614,0.05416154861450195,0.35019335937499996
random,34,14,12,11,10,10,missing,0.5340415835380554,-0.4484026637434959,0.3800925612449646,1.357263221681118
random,35,14,12,11,10,10,missing,0.6872442960739136,-0.9008384166717529,0.22688984870910645,0.904827468752861
random,36,14,12,11,10,10,missing,0.7681214809417725,-0.9096812281966209,0.14601266384124756,0.895984657227993
random,37,14,12,11,10,10,missing,0.8631787300109863,-1.4469375983238222,0.05095541477203369,0.35872828710079174
random,38,14,12,11,10,10,missing,0.8575205206871033,-1.4586400826930999,0.05661362409591675,0.34702580273151407
random,39,14,12,11,10,10,missing,0.7838124632835388,-1.180509147143364,0.1303216814994812,0.62515673828125
random,40,14,12,11,10,10,missing,0.5949658751487732,-0.5895358346462249,0.3191682696342468,1.216130050778389
random,41,14,12,11,10,10,missing,0.8749526143074036,-1.5287668072938918,0.039181530475616455,0.2768990781307221
random,42,14,12,11,10,10,missing,0.8749710917472839,-1.5651059030056,0.039163053035736084,0.24055998241901388
random,43,14,12,11,10,10,missing,0.7862342000007629,-0.9925661998748779,0.12789994478225708,0.813099685549736
random,44,14,12,11,10,10,missing,0.8571690917015076,-1.4266123268365862,0.05696505308151245,0.3790535585880277
random,45,14,12,11,10,10,missing,0.7196173071861267,-0.9791039498806,0.1945168375968933,0.8265619355440139
random,46,14,12,11,10,10,missing,0.8795571327209473,-1.5863110573053358,0.034577012062072754,0.2193548281192781
random,47,14,12,11,10,10,missing,0.8805418014526367,-1.5469803385496141,0.0335923433303833,0.2586855468749998
random,48,14,12,11,10,10,missing,0.7931138873100281,-1.1087986979246138,0.12102025747299194,0.6968671875000001
random,49,14,12,11,10,10,missing,0.7398588061332703,-1.052838065123558,0.17427533864974976,0.7528278203010559
random,50,14,12,11,10,10,missing,0.8859816193580627,-1.6895213541746141,0.028152525424957275,0.1161445312499998
top,0,7,9,9,11,11,missing,0.22400061786174774,-0.1341057869106531,0.6981246024370193,1.2750849246829747
random,1,7,9,9,11,11,missing,0.867631196975708,-1.105103125667572,0.05449402332305908,0.30408758592605567
random,2,7,9,9,11,11,missing,0.8074076771736145,-0.823452658867836,0.11471754312515259,0.5857380527257917
random,3,7,9,9,11,11,missing,0.8907214403152466,-1.212360861992836,0.03140377998352051,0.19682984960079164
random,4,7,9,9,11,11,missing,0.8969187140464783,-1.3384481119871139,0.02520650625228882,0.07074259960651386
random,5,7,9,9,11,11,missing,0.6265920400619507,-0.37350263932943345,0.2955331802368164,1.0356880722641943
random,6,7,9,9,11,11,missing,0.7842981815338135,-0.8176454537868499,0.1378270387649536,0.5915452578067778
random,7,7,9,9,11,11,missing,0.8452335000038147,-0.823540679371357,0.07689172029495239,0.5856500322222707
random,8,7,9,9,11,11,missing,0.722158670425415,-0.574929801440239,0.19996654987335205,0.8342609101533888
random,9,7,9,9,11,11,missing,0.8961653113365173,-1.2642739479303362,0.025959908962249756,0.14491676366329154
random,10,7,9,9,11,11,missing,0.22183507680892944,-0.2285034537822008,0.7002901434898376,1.180687257811427
random,11,7,9,9,11,11,missing,0.8802624344825745,-1.092960807299614,0.04186278581619263,0.31622990429401376
random,12,7,9,9,11,11,missing,0.73539137840271,-0.629966460621357,0.18673384189605713,0.7792242509722708
random,13,7,9,9,11,11,missing,0.865548312664032,-1.0487026588678359,0.05657690763473511,0.3604880527257919
random,14,7,9,9,11,11,missing,0.8862400650978088,-1.175845725274086,0.03588515520095825,0.23334498631954181
random,15,7,9,9,11,11,missing,0.8225839138031006,-0.913640700852871,0.0995413064956665,0.4955500107407568
random,16,7,9,9,11,11,missing,0.9006710648536682,-1.142674186205864,0.021454155445098877,0.2665165253877637
random,17,7,9,9,11,11,missing,0.7649649977684021,-0.6095091852307319,0.157160222530365,0.7996815263628958
random,18,7,9,9,11,11,missing,0.8793865442276001,-1.1771655494928361,0.04273867607116699,0.2320251621007916
random,19,7,9,9,11,11,missing,0.859700620174408,-0.995293815112114,0.06242460012435913,0.41389689648151373
random,20,7,9,9,11,11,missing,0.8101975321769714,-0.810386420583725,0.11192768812179565,0.5988042910099027
random,21,7,9,9,11,11,missing,0.8458796739578247,-1.004356651043892,0.07624554634094238,0.4048340605497358
random,22,7,9,9,11,11,missing,0.7961544394493103,-0.7806904293656349,0.1259707808494568,0.6285002822279928
random,23,7,9,9,11,11,missing,0.9033060073852539,-1.2421889108181001,0.018819212913513184,0.16700180077552762
random,24,7,9,9,11,11,missing,0.8720960021018982,-1.1283321608066559,0.050029218196868896,0.28085855078697186
random,25,7,9,9,11,11,missing,0.8722320199012756,-1.157984168624878,0.049893200397491455,0.2512065429687498
random,26,7,9,9,11,11,missing,0.7821413278579712,-0.7750591578841209,0.1399838924407959,0.6341315537095068
random,27,7,9,9,11,11,missing,0.8888645172119141,-1.1610637584686279,0.03326070308685303,0.24812695312499988
random,28,7,9,9,11,11,missing,0.8875128626823425,-1.154992545580864,0.03461235761642456,0.2541981660127637
random,29,7,9,9,11,11,missing,0.8150945901870728,-0.847913444018364,0.10703063011169434,0.5612772675752637
random,30,7,9,9,11,11,missing,0.8770272731781006,-1.092696906900406,0.045097947120666504,0.31649380469322175
random,31,7,9,9,11,11,missing,0.8127726912498474,-0.759925162768364,0.10935252904891968,0.6492655488252638
random,32,7,9,9,11,11,missing,0.8730459809303284,-0.972416861987114,0.04907923936843872,0.4367738496065138
random,33,7,9,9,11,11,missing,0.8954133987426758,-1.220367881512642,0.02671182155609131,0.18882283008098577
random,34,7,9,9,11,11,missing,0.8687942624092102,-1.07061186978817,0.053330957889556885,0.33857884180545783
random,35,7,9,9,11,11,missing,0.905336320400238,-1.262250281906128,0.016788899898529053,0.14694042968749965
random,36,7,9,9,11,11,missing,0.5526883602142334,-0.32422920182943343,0.3694368600845337,1.0849615097641943
random,37,7,9,9,11,11,missing,0.7780231237411499,-0.607397498703003,0.1441020965576172,0.8017932128906248
random,38,7,9,9,11,11,missing,0.9012625813484192,-1.289966483092308,0.0208626389503479,0.11922422850131964
random,39,7,9,9,11,11,missing,0.8605120778083801,-1.0790587233066558,0.06161314249038696,0.330131988286972
random,40,7,9,9,11,11,missing,0.7342895865440369,-0.5734779733181,0.18783563375473022,0.8357127382755277
random,41,7,9,9,11,11,missing,0.5678192973136902,-0.2712162623763084,0.3543059229850769,1.1379744492173194
random,42,7,9,9,11,11,missing,0.6139529347419739,-0.5284719996809959,0.3081722855567932,0.8807187119126318
random,43,7,9,9,11,11,missing,0.815281867980957,-0.7114435875773429,0.10684335231781006,0.6977471240162848
random,44,7,9,9,11,11,missing,0.3144631087779999,-0.12917019425928591,0.6076621115207672,1.2800205173343417
random,45,7,9,9,11,11,missing,0.2749358117580414,-0.18382191813588142,0.6471894085407257,1.2253687934577464
random,46,7,9,9,11,11,missing,0.7981207370758057,-0.774399192070961,0.12400448322296143,0.6347915195226668
random,47,7,9,9,11,11,missing,0.8973357677459717,-1.2414850690126418,0.02478945255279541,0.16770564258098597
random,48,7,9,9,11,11,missing,0.8836113810539246,-1.093312781906128,0.03851383924484253,0.31587792968749984
random,49,7,9,9,11,11,missing,0.8906198740005493,-1.15552045378685,0.03150534629821777,0.25367025780677777
random,50,7,9,9,11,11,missing,0.8415740132331848,-0.912408843433857,0.08055120706558228,0.49678186815977077
top,0,16,12,10,12,12,missing,0.5818377137184143,-0.3681573673546314,0.2956661581993103,0.7629903754889964
random,1,16,12,10,12,12,missing,0.7030417323112488,-0.561863563156128,0.17446213960647583,0.5692841796874999
random,2,16,12,10,12,12,missing,0.7172275185585022,-0.6411410367846488,0.1602763533592224,0.490006706058979
random,3,16,12,10,12,12,missing,0.8378417491912842,-1.020810416674614,0.03966212272644043,0.11033732616901393
random,4,16,12,10,12,12,missing,0.5739869475364685,-0.32354729802012444,0.3035169243812561,0.8076004448235035
random,5,16,12,10,12,12,missing,0.8077940344810486,-0.927982779955864,0.06970983743667603,0.20316496288776387
random,6,16,12,10,12,12,missing,0.6856293678283691,-0.5040112682342529,0.19187450408935547,0.6271364746093749
random,7,16,12,10,12,12,missing,0.8303760290145874,-0.9644979166746139,0.04712784290313721,0.16664982616901391
random,8,16,12,10,12,12,missing,0.7336985468864441,-0.61681225553751,0.14380532503128052,0.5143354873061179
random,9,16,12,10,12,12,missing,0.8363057971000671,-0.98482318816185,0.04119807481765747,0.14632455468177785
random,10,16,12,10,12,12,missing,0.7311017513275146,-0.6121928707718849,0.14640212059020996,0.518954872071743
random,11,16,12,10,12,12,missing,0.6858481764793396,-0.5152297740936279,0.191655695438385,0.6159179687499999
random,12,16,12,10,12,12,missing,0.8257165551185608,-0.9211197584629058,0.05178731679916382,0.210027984380722
random,13,16,12,10,12,12,missing,0.7588732242584229,-0.7271935114026069,0.11863064765930176,0.40395423144102094
random,14,16,12,10,12,12,missing,0.7118344902992249,-0.626974837577343,0.16566938161849976,0.5041729052662849
random,15,16,12,10,12,12,missing,0.8418651819229126,-1.003388694024086,0.03563868999481201,0.12775904881954192
random,16,16,12,10,12,12,missing,0.7257858514785767,-0.6196718746781349,0.15171802043914795,0.511475868165493
random,17,16,12,10,12,12,missing,0.8090083003044128,-0.9077014918684959,0.06849557161331177,0.22344625097513193
random,18,16,12,10,12,12,missing,0.8365286588668823,-1.0362083658933638,0.040975213050842285,0.094939376950264
random,19,16,12,10,12,12,missing,0.8243995308876038,-0.946812293624878,0.05310434103012085,0.1843354492187499
random,20,16,12,10,12,12,missing,0.830926775932312,-0.9711850045681,0.0465770959854126,0.15996273827552787
random,21,16,12,10,12,12,missing,0.8137931227684021,-0.9228354869842529,0.06371074914932251,0.20831225585937496
random,22,16,12,10,12,12,missing,0.7061749696731567,-0.5714542535901069,0.17132890224456787,0.5596934892535209
random,23,16,12,10,12,12,missing,0.8083556890487671,-0.932382194018364,0.06914818286895752,0.19876554882526387
random,24,16,12,10,12,12,missing,0.8402986526489258,-1.042719520187378,0.03720521926879883,0.08842822265624983
random,25,16,12,10,12,12,missing,0.7100521326065063,-0.558695952808857,0.16745173931121826,0.5724517900347709
random,26,16,12,10,12,12,missing,0.8229154944419861,-0.95050775847435,0.054588377475738525,0.18063998436927786
random,27,16,12,10,12,12,missing,0.812191903591156,-0.907349517261982,0.0653119683265686,0.22379822558164586
random,28,16,12,10,12,12,missing,0.8203772902488708,-0.948572059249878,0.05712658166885376,0.18257568359374987
random,29,16,12,10,12,12,missing,0.5680689811706543,-0.3727547604203224,0.3094348907470703,0.7583929824233054
random,30,16,12,10,12,12,missing,0.8003289103507996,-0.8795892252683639,0.07717496156692505,0.25155851757526393
random,31,16,12,10,12,12,missing,0.8301262855529785,-1.0109557721376419,0.047377586364746094,0.12019197070598597
random,32,16,12,10,12,12,missing,0.6463202238082886,-0.3965115963578224,0.23118364810943604,0.7346361464858054
random,33,16,12,10,12,12,missing,0.825744092464447,-0.9905424264431,0.05175977945327759,0.14060531640052787
random,34,16,12,10,12,12,missing,0.8205686807632446,-0.947252235031128,0.05693519115447998,0.18389550781249986
random,35,16,12,10,12,12,missing,0.8168764710426331,-0.9246392897129059,0.06062740087509155,0.20650845313072197
random,36,16,12,10,12,12,missing,0.8298373818397522,-0.9746165690183639,0.04766649007797241,0.15653117382526394
random,37,16,12,10,12,12,missing,0.811259925365448,-0.9388933483123779,0.06624394655227661,0.19225439453124993
random,38,16,12,10,12,12,missing,0.8345741629600525,-0.9924782330751419,0.04292970895767212,0.1386695097684859
random,39,16,12,10,12,12,missing,0.769416332244873,-0.7320328668713569,0.10808753967285156,0.3991148759722709
random,40,16,12,10,12,12,missing,0.8190739154815674,-0.947252235031128,0.05842995643615723,0.18389550781249986
random,41,16,12,10,12,12,missing,0.8234190344810486,-0.9887826608181,0.054084837436676025,0.1423650820255279
random,42,16,12,10,12,12,missing,0.8350207805633545,-0.966081641292572,0.04248309135437012,0.16506610155105583
random,43,16,12,10,12,12,missing,0.8098864555358887,-0.9315902780056,0.06761741638183594,0.19955746483802783
random,44,16,12,10,12,12,missing,0.8283913135528564,-0.9940619576931,0.049112558364868164,0.13708578515052783
random,45,16,12,10,12,12,missing,0.8105365037918091,-0.882360877609253,0.06696736812591553,0.24878686523437488
random,46,16,12,10,12,12,missing,0.8236944675445557,-0.96722553191185,0.053809404373168945,0.16392221093177783
random,47,16,12,10,12,12,missing,0.8271809816360474,-0.95314740691185,0.050322890281677246,0.1780003359317779
random,48,16,12,10,12,12,missing,0.7163505554199219,-0.6069135738968849,0.16115331649780273,0.5242341689467429
random,49,16,12,10,12,12,missing,0.6775034666061401,-0.5050231549501418,0.20000040531158447,0.626124587893486
random,50,16,12,10,12,12,missing,0.7445996403694153,-0.6878627926468849,0.13290423154830933,0.44328495019674297
top,0,12,10,9,13,13,missing,0.6452764272689819,0.09732263887077572,0.05774575471878052,0.03335855578631164
random,1,12,10,9,13,13,missing,0.6944482922554016,0.0921203330844641,0.00857388973236084,0.038560861572623256
random,2,12,10,9,13,13,missing,0.7004927396774292,0.055643695266544835,0.002529442310333252,0.07503749939054252
random,3,12,10,9,13,13,missing,0.6800997853279114,0.07796521699577573,0.022922396659851074,0.05271597766131163
random,4,12,10,9,13,13,missing,0.7046957015991211,0.04693285408020022,-0.0016735196113586426,0.08374834057688714
random,5,12,10,9,13,13,missing,0.68000727891922,0.0850922664344311,0.02301490306854248,0.045588928222656255
random,6,12,10,9,13,13,missing,0.7018905282020569,0.05369695320129397,0.0011316537857055664,0.07698424145579338
random,7,12,10,9,13,13,missing,0.6805572509765625,0.09570585957318546,0.02246493101119995,0.034975335083901896
random,8,12,10,9,13,13,missing,0.6849440336227417,0.0993793662875891,0.018078148365020752,0.031301828369498255
random,9,12,10,9,13,13,missing,0.6866369247436523,0.07545755232274534,0.016385257244110107,0.055223642334342016
random,10,12,10,9,13,13,missing,0.6972267627716064,0.0867365487828851,0.005795419216156006,0.04394464587420226
random,11,12,10,9,13,13,missing,0.700332760810852,0.05960316120982172,0.0026894211769104004,0.07107803344726564
random,12,12,10,9,13,13,missing,0.7003212571144104,0.06595482197552921,0.0027009248733520508,0.06472637268155815
random,13,12,10,9,13,13,missing,0.675093948841095,0.08479530464261772,0.02792823314666748,0.04588589001446963
random,14,12,10,9,13,13,missing,0.7020105719566345,0.05945468367040159,0.0010116100311279297,0.07122651098668577
random,15,12,10,9,13,13,missing,0.6973922848701477,0.058739785598218464,0.005629897117614746,0.0719414090588689
random,16,12,10,9,13,13,missing,0.6956521272659302,0.05851431025713684,0.007370054721832275,0.07216688439995052
random,17,12,10,9,13,13,missing,0.6934959888458252,0.06402457368522885,0.009526193141937256,0.06665662097185851
random,18,12,10,9,13,13,missing,0.7018554210662842,0.07009026850908998,0.0011667609214782715,0.06059092614799738
random,19,12,10,9,13,13,missing,0.699440598487854,0.04924254646301272,0.0035815834999084473,0.08143864819407465
random,20,12,10,9,13,13,missing,0.6879363656044006,0.07946102180480959,0.015085816383361816,0.05122017285227777
random,21,12,10,9,13,13,missing,0.6922010779380798,0.046437919998168965,0.010821104049682617,0.0842432746589184
random,22,12,10,9,13,13,missing,0.6768262982368469,0.0657183507844806,0.026195883750915527,0.06496284387260676
random,23,12,10,9,13,13,missing,0.6859108209609985,0.07290039289891723,0.017111361026763916,0.05778080175817013
random,24,12,10,9,13,13,missing,0.7023258209228516,0.053809684158861656,0.0006963610649108887,0.0768715104982257
random,25,12,10,9,13,13,missing,0.6944477558135986,0.061731381790339976,0.008574426174163818,0.06894981286674738
random,26,12,10,9,13,13,missing,0.6923174262046814,0.07153108064234259,0.010704755783081055,0.059150114014744765
random,27,12,10,9,13,13,missing,0.6927458643913269,0.08094032612591984,0.010276317596435547,0.04974086853116752
random,28,12,10,9,13,13,missing,0.6907830238342285,0.08555420625358823,0.012239158153533936,0.04512698840349913
random,29,12,10,9,13,13,missing,0.6879557967185974,0.06764309443682434,0.015066385269165039,0.06303810022026302
random,30,12,10,9,13,13,missing,0.6876100301742554,0.09802654780596497,0.01541215181350708,0.03265464685112239
random,31,12,10,9,13,13,missing,0.7077693343162537,0.07510009993016722,-0.004747152328491211,0.05558109472692013
random,32,12,10,9,13,13,missing,0.6891494393348694,0.07361529768407347,0.013872742652893066,0.05706589697301388
random,33,12,10,9,13,13,missing,0.7029138207435608,0.04935253181457522,0.00010836124420166016,0.08132866284251214
random,34,12,10,9,13,13,missing,0.6862297058105469,0.0741982187047601,0.016792476177215576,0.05648297595232726
random,35,12,10,9,13,13,missing,0.672516942024231,0.07248244990557434,0.030505239963531494,0.058198744751513015
random,36,12,10,9,13,13,missing,0.6906278133392334,0.0573704599156976,0.012394368648529053,0.07331073474138976
random,37,12,10,9,13,13,missing,0.6965973377227783,0.06747261177152397,0.006424844264984131,0.06320858288556339
random,38,12,10,9,13,13,missing,0.6913928985595703,0.0621988195344806,0.011629283428192139,0.06848237512260676
random,39,12,10,9,13,13,missing,0.69370436668396,0.06657073725908996,0.00931781530380249,0.0641104573979974
random,40,12,10,9,13,13,missing,0.6806304454803467,0.0851802600860596,0.02239173650741577,0.04550093457102776
random,41,12,10,9,13,13,missing,0.6974053382873535,0.09395159187316897,0.0056168437004089355,0.03672960278391839
random,42,12,10,9,13,13,missing,0.7054272890090942,0.04193126954659822,-0.002405107021331787,0.08874992511048914
random,43,12,10,9,13,13,missing,0.6965397596359253,0.0827825740516186,0.006482422351837158,0.04789862060546876
random,44,12,10,9,13,13,missing,0.7073786854743958,0.06073051777631047,-0.004356503486633301,0.06995067688077689
random,45,12,10,9,13,13,missing,0.6863967776298523,0.0485771297156811,0.016625404357910156,0.08210406494140626
random,46,12,10,9,13,13,missing,0.7004758715629578,0.08735247077941898,0.0025463104248046875,0.04332872387766838
random,47,12,10,9,13,13,missing,0.6950542330741882,0.07651341572552922,0.007967948913574219,0.054167778931558136
random,48,12,10,9,13,13,missing,0.6834126114845276,0.07464366474896672,0.019609570503234863,0.05603752990812064
random,49,12,10,9,13,13,missing,0.6984623074531555,0.08880427204966547,0.004559874534606934,0.04187692260742189
random,50,12,10,9,13,13,missing,0.7118577361106873,0.06309520283490422,-0.008835554122924805,0.06758599182218314
top,0,15,12,11,14,14,missing,0.5266461372375488,0.3086485027611256,0.10612374544143677,0.107741661131382
random,1,15,12,11,14,14,missing,0.5874078273773193,0.2278312610626221,0.04536205530166626,0.026924419432878516
random,2,15,12,11,14,14,missing,0.5954946279525757,0.15714341246485714,0.03727525472640991,0.04376342916488646
random,3,15,12,11,14,14,missing,0.6061479449272156,0.16784524763524536,0.02662193775177002,0.033061593994498234
random,4,15,12,11,14,14,missing,0.6183279156684875,0.1210794680953026,0.014441967010498047,0.079827373534441
random,5,15,12,11,14,14,missing,0.5600920915603638,0.3151156468033791,0.07267779111862183,0.11420880517363552
random,6,15,12,11,14,14,missing,0.590275764465332,0.2032055381625891,0.042494118213653564,0.0022986965328455067
random,7,15,12,11,14,14,missing,0.6223831176757812,0.1543830379188061,0.010386765003204346,0.046523803710937506
random,8,15,12,11,14,14,missing,0.6053988933563232,0.1582105335235596,0.027370989322662354,0.042696308106183994
random,9,15,12,11,14,14,missing,0.5845720171928406,0.26098083528280264,0.04819786548614502,0.060073993653059043
random,10,15,12,11,14,14,missing,0.5924550890922546,0.19316387019455436,0.04031479358673096,0.007742971435189233
random,11,15,12,11,14,14,missing,0.571405291557312,0.2071540149688721,0.061364591121673584,0.006247173339128498
random,12,15,12,11,14,14,missing,0.5753076076507568,0.24474698665142064,0.05746227502822876,0.043840145021677046
random,13,15,12,11,14,14,missing,0.5823151469230652,0.24524194758534434,0.05045473575592041,0.04433510595560075
random,14,15,12,11,14,14,missing,0.5838399529457092,0.2570433543264866,0.04892992973327637,0.056136512696743024
random,15,15,12,11,14,14,missing,0.6111934185028076,0.17205769197046758,0.02157646417617798,0.028849149659276013
random,16,15,12,11,14,14,missing,0.5972846150398254,0.21282924299836162,0.035485267639160156,0.011922401368618024
random,17,15,12,11,14,14,missing,0.5939149856567383,0.2193183787405491,0.038854897022247314,0.01841153711080551
random,18,15,12,11,14,14,missing,0.579596996307373,0.2635545086205006,0.05317288637161255,0.06264766699075702
random,19,15,12,11,14,14,missing,0.586618959903717,0.2501582874298096,0.046150922775268555,0.04925144580006602
random,20,15,12,11,14,14,missing,0.5948293209075928,0.2088587744921446,0.03794056177139282,0.007951932862401007
random,21,15,12,11,14,14,missing,0.594864010810852,0.13773125300705436,0.037905871868133545,0.06317558862268924
random,22,15,12,11,14,14,missing,0.6022821664810181,0.18290224494934085,0.03048771619796753,0.018004596680402746
random,23,15,12,11,14,14,missing,0.5663875341415405,0.2803162654578686,0.06638234853744507,0.07940942382812499
random,24,15,12,11,14,14,missing,0.5848046541213989,0.2277432674109936,0.04796522855758667,0.026836425781250006
random,25,15,12,11,14,14,missing,0.5925420522689819,0.19634244953989985,0.04022783041000366,0.004564392089843744
random,26,15,12,11,14,14,missing,0.6119691133499146,0.22795222883820537,0.020800769329071045,0.02704538720846178
random,27,15,12,11,14,14,missing,0.6132524013519287,0.2004449085235596,0.019517481327056885,0.00046193310618400374
random,28,15,12,11,14,14,missing,0.5765268206596375,0.29690203499197965,0.056243062019348145,0.09599519336223605
random,29,15,12,11,14,14,missing,0.5822757482528687,0.1789152759552002,0.05049413442611694,0.021991565674543384
random,30,15,12,11,14,14,missing,0.570107102394104,0.2568453753232956,0.06266278028488159,0.055938533693552006
random,31,15,12,11,14,14,missing,0.5896041393280029,0.21745963703989984,0.043165743350982666,0.01655279541015625
random,32,15,12,11,14,14,missing,0.605035662651062,0.16961600911021235,0.027734220027923584,0.03129083251953124
random,33,15,12,11,14,14,missing,0.5780176520347595,0.2757408640921116,0.054752230644226074,0.07483402246236803
random,34,15,12,11,14,14,missing,0.5902548432350159,0.23870880159139635,0.04251503944396973,0.037801959961652754
random,35,15,12,11,14,14,missing,0.5667475461959839,0.27382712971568113,0.06602233648300171,0.07292028808593753
random,36,15,12,11,14,14,missing,0.5755663514137268,0.2508181726872921,0.05720353126525879,0.049911331057548525
random,37,15,12,11,14,14,missing,0.6029910445213318,0.11647658381760123,0.02977883815765381,0.08443025781214236
random,38,15,12,11,14,14,missing,0.6003252863883972,0.19568253743052486,0.03244459629058838,0.005224304199218738
random,39,15,12,11,14,14,missing,0.5899071097373962,0.22636845051646234,0.042862772941589355,0.02546160888671875
random,40,15,12,11,14,14,missing,0.5989853739738464,0.16634943611323835,0.03378450870513916,0.03455740551650524
random,41,15,12,11,14,14,missing,0.6026636362075806,0.17640209993124012,0.03010624647140503,0.024504741698503474
random,42,15,12,11,14,14,missing,0.5755486488342285,0.2104645713657141,0.05722123384475708,0.009557729735970494
random,43,15,12,11,14,14,missing,0.5929826498031616,0.2636424754202366,0.039787232875823975,0.06273563379049302
random,44,15,12,11,14,14,missing,0.6006587743759155,0.12518741829097274,0.03211110830307007,0.07571942333877085
random,45,15,12,11,14,14,missing,0.5677050352096558,0.3269280628204346,0.06506484746932983,0.12602122119069098
random,46,15,12,11,14,14,missing,0.5903533101081848,0.21822953450083735,0.04241657257080078,0.017322692871093753
random,47,15,12,11,14,14,missing,0.6283681392669678,0.09931337776184085,0.004401743412017822,0.10159346386790274
random,48,15,12,11,14,14,missing,0.5821351408958435,0.24298722102642062,0.05063474178314209,0.042080379396677026
random,49,15,12,11,14,14,missing,0.5930609703063965,0.20108281550705437,0.03970891237258911,0.00017597387731077552
random,50,15,12,11,14,14,missing,0.5944172143936157,0.1936917918264866,0.03835266828536987,0.00721504980325699
top,0,10,12,9,15,15,missing,0.3968569338321686,0.18920439753830434,0.4005568325519562,0.7383977072685958
random,1,10,12,9,15,15,missing,0.582854151725769,0.5365381243467331,0.2145596146583557,0.391063980460167
random,2,10,12,9,15,15,missing,0.5501689314842224,0.47626615169048314,0.24724483489990234,0.45133595311641694
random,3,10,12,9,15,15,missing,0.5988469123840332,0.45224536164999013,0.19856685400009155,0.47535674315690996
random,4,10,12,9,15,15,missing,0.5510829091072083,0.4845370716094971,0.2463308572769165,0.443065033197403
random,5,10,12,9,15,15,missing,0.5836411118507385,0.5124733509063721,0.21377265453338623,0.41512875390052795
random,6,10,12,9,15,15,missing,0.618251621723175,0.5283992083311081,0.1791621446609497,0.399202896475792
random,7,10,12,9,15,15,missing,0.48392385244369507,0.3413801272749901,0.3134899139404297,0.58622197753191
random,8,10,12,9,15,15,missing,0.5652593374252319,0.4582725374341011,0.23215442895889282,0.46932956737279896
random,9,10,12,9,15,15,missing,0.6040809154510498,0.528003304028511,0.19333285093307495,0.39959880077838905
random,10,10,12,9,15,15,missing,0.5943499803543091,0.5297190862536431,0.20306378602981567,0.39788301855325703
random,11,10,12,9,15,15,missing,0.5623762011528015,0.4701949388027192,0.23503756523132324,0.4574071660041809
random,12,10,12,9,15,15,missing,0.6357460618019104,0.5983498919248581,0.16166770458221436,0.329252212882042
random,13,10,12,9,15,15,missing,0.61539226770401,0.5018267366528512,0.18202149868011475,0.4257753681540489
random,14,10,12,9,15,15,missing,0.579262375831604,0.48990433528423316,0.21815139055252075,0.4376977695226669
random,15,10,12,9,15,15,missing,0.5789691209793091,0.48739669075012215,0.21844464540481567,0.44020541405677793
random,16,10,12,9,15,15,missing,0.6631230711936951,0.5961501848936082,0.1342906951904297,0.3314519199132919
random,17,10,12,9,15,15,missing,0.6504907011985779,0.5680819016933442,0.14692306518554688,0.3595202031135559
random,18,10,12,9,15,15,missing,0.6311935186386108,0.6620534290313721,0.16622024774551392,0.265548675775528
random,19,10,12,9,15,15,missing,0.5773631930351257,0.46315587630271915,0.22005057334899902,0.46444622850418094
random,20,10,12,9,15,15,missing,0.46470966935157776,0.3659288523733616,0.332704097032547,0.5616732524335385
random,21,10,12,9,15,15,missing,0.5405668616294861,0.4349556697547436,0.25684690475463867,0.4926464350521565
random,22,10,12,9,15,15,missing,0.5731304883956909,0.49791130110025406,0.22428327798843384,0.42969080370664603
random,23,10,12,9,15,15,missing,0.6231689453125,0.5100976565718651,0.17424482107162476,0.41750444823503496
random,24,10,12,9,15,15,missing,0.4962117075920105,0.4441944124341011,0.30120205879211426,0.48340769237279896
random,25,10,12,9,15,15,missing,0.5220977067947388,0.36438905745148664,0.275316059589386,0.5632130473554134
random,26,10,12,9,15,15,missing,0.593002200126648,0.5186325305938722,0.2044115662574768,0.40896957421302793
random,27,10,12,9,15,15,missing,0.6490815281867981,0.5802683108687401,0.14833223819732666,0.34733379393816
random,28,10,12,9,15,15,missing,0.677066445350647,0.6750756839156151,0.12034732103347778,0.25252642089128496
random,29,10,12,9,15,15,missing,0.5651736259460449,0.4855049212217331,0.23224014043807983,0.442097183585167
random,30,10,12,9,15,15,missing,0.5642845630645752,0.5290151370406151,0.23312920331954956,0.398586967766285
random,31,10,12,9,15,15,missing,0.6572579145431519,0.6439278645753861,0.1401558518409729,0.283674240231514
random,32,10,12,9,15,15,missing,0.5663458108901978,0.4951396487593651,0.231067955493927,0.43246245604753497
random,33,10,12,9,15,15,missing,0.5233455896377563,0.3656209148705006,0.2740681767463684,0.5619811899363996
random,34,10,12,9,15,15,missing,0.5526430606842041,0.3910935061812401,0.24477070569992065,0.5365085986256599
random,35,10,12,9,15,15,missing,0.5170726180076599,0.3888937991499901,0.28034114837646484,0.53870830565691
random,36,10,12,9,15,15,missing,0.5693594217300415,0.4360995066702366,0.22805434465408325,0.49150259813666347
random,37,10,12,9,15,15,missing,0.6068720817565918,0.513573204421997,0.19054168462753296,0.41402890038490303
random,38,10,12,9,15,15,missing,0.5607455372810364,0.4713828128218651,0.23666822910308838,0.45621929198503497
random,39,10,12,9,15,15,missing,0.5228757262229919,0.41810589241385465,0.2745380401611328,0.5094962123930454
random,40,10,12,9,15,15,missing,0.5991120934486389,0.4915761341094971,0.19830167293548584,0.436025970697403
random,41,10,12,9,15,15,missing,0.5571771264076233,0.4536091692686081,0.24023663997650146,0.47399293553829197
random,42,10,12,9,15,15,missing,0.5940387845039368,0.5623186800122262,0.203374981880188,0.3652834247946739
random,43,10,12,9,15,15,missing,0.6190435886383057,0.5878793186783791,0.1783701777458191,0.339722786128521
random,44,10,12,9,15,15,missing,0.5100508332252502,0.3566460994422436,0.2873629331588745,0.5709560053646565
random,45,10,12,9,15,15,missing,0.567477822303772,0.4595043948531151,0.22993594408035278,0.46809770995378497
random,46,10,12,9,15,15,missing,0.635346531867981,0.6469634173154831,0.1620672345161438,0.28063868749141696
random,47,10,12,9,15,15,missing,0.5413444638252258,0.3496070369422436,0.2560693025588989,0.5779950678646565
random,48,10,12,9,15,15,missing,0.6809998154640198,0.6295857317686081,0.11641395092010498,0.298016373038292
random,49,10,12,9,15,15,missing,0.5896398425102234,0.5198203509092332,0.20777392387390137,0.4077817538976669
random,50,10,12,9,15,15,missing,0.5341446995735168,0.46196805598735813,0.2632690668106079,0.46563404881954196
top,0,11,10,11,16,16,missing,0.4934868812561035,-0.2583479762434959,0.45136624574661255,1.706928672850132
random,1,11,10,11,16,16,missing,0.533427894115448,-0.3193018527090549,0.41142523288726807,1.645974796384573
random,2,11,10,11,16,16,missing,0.4762600362300873,-0.27787040299773214,0.4685930907726288,1.6874062460958958
random,3,11,10,11,16,16,missing,0.5109511613845825,-0.32591198307871816,0.43390196561813354,1.63936466601491
random,4,11,10,11,16,16,missing,0.4740174412727356,-0.2661349445044994,0.47083568572998047,1.6991417045891286
random,5,11,10,11,16,16,missing,0.5170320868492126,-0.32161154509186746,0.4278210401535034,1.6436651040017605
random,6,11,10,11,16,16,missing,0.5265601277351379,-0.3330720402061939,0.4182929992675781,1.632204608887434
random,7,11,10,11,16,16,missing,0.5265601277351379,-0.3330720402061939,0.4182929992675781,1.632204608887434
random,8,11,10,11,16,16,missing,0.5186849236488342,-0.3447524791717529,0.42616820335388184,1.620524169921875
random,9,11,10,11,16,16,missing,0.4740174412727356,-0.2661349445044994,0.47083568572998047,1.6991417045891286
random,10,11,10,11,16,16,missing,0.4762600362300873,-0.27787040299773214,0.4685930907726288,1.6874062460958958
random,11,11,10,11,16,16,missing,0.5109511613845825,-0.32591198307871816,0.43390196561813354,1.63936466601491
random,12,11,10,11,16,16,missing,0.533427894115448,-0.3193018527090549,0.41142523288726807,1.645974796384573
random,13,11,10,11,16,16,missing,0.533427894115448,-0.3193018527090549,0.41142523288726807,1.645974796384573
random,14,11,10,11,16,16,missing,0.4517621099948883,-0.19623374894857404,0.49309101700782776,1.7690429001450538
random,15,11,10,11,16,16,missing,0.4762600362300873,-0.27787040299773214,0.4685930907726288,1.6874062460958958
random,16,11,10,11,16,16,missing,0.5265601277351379,-0.3330720402061939,0.4182929992675781,1.632204608887434
random,17,11,10,11,16,16,missing,0.4740174412727356,-0.2661349445044994,0.47083568572998047,1.6991417045891286
random,18,11,10,11,16,16,missing,0.533427894115448,-0.3193018527090549,0.41142523288726807,1.645974796384573
random,19,11,10,11,16,16,missing,0.5186849236488342,-0.3447524791717529,0.42616820335388184,1.620524169921875
random,20,11,10,11,16,16,missing,0.5186849236488342,-0.3447524791717529,0.42616820335388184,1.620524169921875
random,21,11,10,11,16,16,missing,0.5265601277351379,-0.3330720402061939,0.4182929992675781,1.632204608887434
random,22,11,10,11,16,16,missing,0.5167417526245117,-0.3231073566138744,0.42811137437820435,1.6421692924797535
random,23,11,10,11,16,16,missing,0.48280975222587585,-0.2221572909414768,0.4620433747768402,1.7431193581521511
random,24,11,10,11,16,16,missing,0.5265601277351379,-0.3330720402061939,0.4182929992675781,1.632204608887434
random,25,11,10,11,16,16,missing,0.5167417526245117,-0.3231073566138744,0.42811137437820435,1.6421692924797535
random,26,11,10,11,16,16,missing,0.48280975222587585,-0.2221572909414768,0.4620433747768402,1.7431193581521511
random,27,11,10,11,16,16,missing,0.4517621099948883,-0.19623374894857404,0.49309101700782776,1.7690429001450538
random,28,11,10,11,16,16,missing,0.5109511613845825,-0.32591198307871816,0.43390196561813354,1.63936466601491
random,29,11,10,11,16,16,missing,0.4762600362300873,-0.27787040299773214,0.4685930907726288,1.6874062460958958
random,30,11,10,11,16,16,missing,0.4517621099948883,-0.19623374894857404,0.49309101700782776,1.7690429001450538
random,31,11,10,11,16,16,missing,0.533427894115448,-0.3193018527090549,0.41142523288726807,1.645974796384573
random,32,11,10,11,16,16,missing,0.5170320868492126,-0.32161154509186746,0.4278210401535034,1.6436651040017605
random,33,11,10,11,16,16,missing,0.5265601277351379,-0.3330720402061939,0.4182929992675781,1.632204608887434
random,34,11,10,11,16,16,missing,0.5265601277351379,-0.3330720402061939,0.4182929992675781,1.632204608887434
random,35,11,10,11,16,16,missing,0.5109511613845825,-0.32591198307871816,0.43390196561813354,1.63936466601491
random,36,11,10,11,16,16,missing,0.4934868812561035,-0.2583479762434959,0.45136624574661255,1.706928672850132
random,37,11,10,11,16,16,missing,0.533427894115448,-0.3193018527090549,0.41142523288726807,1.645974796384573
random,38,11,10,11,16,16,missing,0.5167417526245117,-0.3231073566138744,0.42811137437820435,1.6421692924797535
random,39,11,10,11,16,16,missing,0.48280975222587585,-0.2221572909414768,0.4620433747768402,1.7431193581521511
random,40,11,10,11,16,16,missing,0.4517621099948883,-0.19623374894857404,0.49309101700782776,1.7690429001450538
random,41,11,10,11,16,16,missing,0.4762600362300873,-0.27787040299773214,0.4685930907726288,1.6874062460958958
random,42,11,10,11,16,16,missing,0.4517621099948883,-0.19623374894857404,0.49309101700782776,1.7690429001450538
random,43,11,10,11,16,16,missing,0.5265601277351379,-0.3330720402061939,0.4182929992675781,1.632204608887434
random,44,11,10,11,16,16,missing,0.5167417526245117,-0.3231073566138744,0.42811137437820435,1.6421692924797535
random,45,11,10,11,16,16,missing,0.5109511613845825,-0.32591198307871816,0.43390196561813354,1.63936466601491
random,46,11,10,11,16,16,missing,0.5265601277351379,-0.3330720402061939,0.4182929992675781,1.632204608887434
random,47,11,10,11,16,16,missing,0.48280975222587585,-0.2221572909414768,0.4620433747768402,1.7431193581521511
random,48,11,10,11,16,16,missing,0.4762600362300873,-0.27787040299773214,0.4685930907726288,1.6874062460958958
random,49,11,10,11,16,16,missing,0.4517621099948883,-0.19623374894857404,0.49309101700782776,1.7690429001450538
random,50,11,10,11,16,16,missing,0.4517621099948883,-0.19623374894857404,0.49309101700782776,1.7690429001450538
top,0,17,11,11,17,17,missing,0.5527222156524658,0.5183685764908791,0.3477329611778259,0.6437221904397009
random,1,17,11,11,17,17,missing,0.6730635762214661,0.6545304417252541,0.22739160060882568,0.5075603252053259
random,2,17,11,11,17,17,missing,0.7011377215385437,0.7916161194682122,0.19931745529174805,0.3704746474623678
random,3,17,11,11,17,17,missing,0.6704747080802917,0.671028244459629,0.22998046875,0.49106252247095095
random,4,17,11,11,17,17,missing,0.6305804252624512,0.5909148714184761,0.2698747515678406,0.5711758955121039
random,5,17,11,11,17,17,missing,0.6187126040458679,0.5551476673126221,0.28174257278442383,0.6069430996179579
random,6,17,11,11,17,17,missing,0.6978962421417236,0.7396150667309761,0.20255893468856812,0.4224757001996039
random,7,17,11,11,17,17,missing,0.691656768321991,0.7419467776656151,0.20879840850830078,0.4201439892649649
random,8,17,11,11,17,17,missing,0.6080425977706909,0.5654862903594972,0.29241257905960083,0.5966044765710828
random,9,17,11,11,17,17,missing,0.7163345813751221,0.7503056106805802,0.18412059545516968,0.4117851562499998
random,10,17,11,11,17,17,missing,0.7478516697883606,0.8534279407501221,0.15260350704193115,0.3086628261804579
random,11,17,11,11,17,17,missing,0.6719791889190674,0.6851503528594971,0.22847598791122437,0.4769404140710829
random,12,17,11,11,17,17,missing,0.6859411597251892,0.7584885637998582,0.21451401710510254,0.4036022031307218
random,13,17,11,11,17,17,missing,0.6833823323249817,0.6893297425150872,0.21707284450531006,0.47276102441549284
random,14,17,11,11,17,17,missing,0.6559324264526367,0.5941264651656151,0.24452275037765503,0.5679643017649649
random,15,17,11,11,17,17,missing,0.6664326786994934,0.6445877766847611,0.23402249813079834,0.5175029902458189
random,16,17,11,11,17,17,missing,0.6769583821296692,0.6781112903594971,0.22349679470062256,0.48397947657108287
random,17,17,11,11,17,17,missing,0.5830028653144836,0.513573204421997,0.3174523115158081,0.648517562508583
random,18,17,11,11,17,17,missing,0.6557850241661072,0.6426079866528511,0.24467015266418457,0.5194827802777289
random,19,17,11,11,17,17,missing,0.6191301941871643,0.5699296878218651,0.28132498264312744,0.5921610791087148
random,20,17,11,11,17,17,missing,0.660938024520874,0.6910015413403512,0.23951715230941772,0.4710892255902288
random,21,17,11,11,17,17,missing,0.5787333846092224,0.4825573352813721,0.32172179222106934,0.6795334316492079
random,22,17,11,11,17,17,missing,0.6915072202682495,0.7165181429028511,0.20894795656204224,0.4455726240277289
random,23,17,11,11,17,17,missing,0.6828856468200684,0.7082032932877541,0.2175695300102234,0.4538874736428259
random,24,17,11,11,17,17,missing,0.5906200408935547,0.5520680774688721,0.30983513593673706,0.6100226894617079
random,25,17,11,11,17,17,missing,0.6195233464241028,0.5942144319653512,0.28093183040618896,0.5678763349652288
random,26,17,11,11,17,17,missing,0.5900011658668518,0.5214921497344971,0.31045401096343994,0.6405986171960829
random,27,17,11,11,17,17,missing,0.5330688953399658,0.4670273821592331,0.3673862814903259,0.6950633847713469
random,28,17,11,11,17,17,missing,0.728165864944458,0.7771420901656151,0.17228931188583374,0.3849486767649649
random,29,17,11,11,17,17,missing,0.6238349676132202,0.5327986223936081,0.27662020921707153,0.6292921445369719
random,30,17,11,11,17,17,missing,0.6314911246299744,0.6489871370434761,0.2689640522003174,0.5131036298871039
random,31,17,11,11,17,17,missing,0.6414468884468079,0.6111961595058442,0.2590082883834839,0.5508946074247358
random,32,17,11,11,17,17,missing,0.6472690105438232,0.6315655218005181,0.2531861662864685,0.5305252451300619
random,33,17,11,11,17,17,missing,0.7050017714500427,0.7531652298212052,0.19545340538024902,0.40892553710937485
random,34,17,11,11,17,17,missing,0.6339341402053833,0.5492964251279832,0.26652103662490845,0.6127943418025968
random,35,17,11,11,17,17,missing,0.5755075812339783,0.5302909778594971,0.3249475955963135,0.6317997890710829
random,36,17,11,11,17,17,missing,0.6700071692466736,0.6407162708282471,0.23044800758361816,0.5213744961023329
random,37,17,11,11,17,17,missing,0.6913328766822815,0.7013401643872261,0.20912230014801025,0.46075060254335387
random,38,17,11,11,17,17,missing,0.6523475646972656,0.6014734651684761,0.24810761213302612,0.5606173017621039
random,39,17,11,11,17,17,missing,0.7115285396575928,0.7599843753218651,0.18892663717269897,0.40210639160871486
random,40,17,11,11,17,17,missing,0.6682071089744568,0.6159915315747262,0.23224806785583496,0.5460992353558538
random,41,17,11,11,17,17,missing,0.6626424193382263,0.5797404026627541,0.23781275749206543,0.5823503642678259
random,42,17,11,11,17,17,missing,0.620442807674408,0.564782394850254,0.2800123691558838,0.5973083720803259
random,43,17,11,11,17,17,missing,0.7265180945396423,0.8108415911436081,0.17393708229064941,0.3512491757869719
random,44,17,11,11,17,17,missing,0.7142471075057983,0.8158129505157471,0.1862080693244934,0.3462778164148329
random,45,17,11,11,17,17,missing,0.7064886689186096,0.7560249026656152,0.19396650791168213,0.4060658642649648
random,46,17,11,11,17,17,missing,0.7427281141281128,0.8752930071592331,0.15772706270217896,0.2867977597713469
random,47,17,11,11,17,17,missing,0.5293915271759033,0.39848451643586164,0.3710636496543884,0.7636062504947183
random,48,17,11,11,17,17,missing,0.7167202234268188,0.7831252825498581,0.1837349534034729,0.37896548438072186
random,49,17,11,11,17,17,missing,0.6827191114425659,0.7169580843091011,0.21773606538772583,0.44513268262147887
random,50,17,11,11,17,17,missing,0.7091243863105774,0.7585765305995942,0.19133079051971436,0.4035142363309858
top,0,12,11,11,18,18,missing,0.20700275897979736,-0.09762089213579891,0.3542504906654358,0.3112750386968255
random,1,12,11,11,18,18,missing,0.630097508430481,-0.5470815426468849,-0.0688442587852478,0.13818561181426048
random,2,12,11,11,18,18,missing,0.40568310022354126,-0.31103095964193345,0.1555701494216919,0.09786497119069099
random,3,12,11,11,18,18,missing,0.6067056059837341,-0.4580373644292354,-0.04545235633850098,0.049141433596610995
random,4,12,11,11,18,18,missing,0.5629011392593384,-0.43410456804037095,-0.0016478896141052246,0.02520863720774652
random,5,12,11,11,18,18,missing,0.6190177202224731,-0.5365669322967529,-0.05776447057723999,0.12767100146412846
random,6,12,11,11,18,18,missing,0.6335152387619019,-0.5422861705780029,-0.0722619891166687,0.13339023974537845
random,7,12,11,11,18,18,missing,0.528078019618988,-0.4106337047576904,0.03317523002624512,0.0017377739250659663
random,8,12,11,11,18,18,missing,0.36343488097190857,-0.20834863810837267,0.19781836867332458,0.20054729272425176
random,9,12,11,11,18,18,missing,0.631280779838562,-0.5410103297591209,-0.07002753019332886,0.13211439892649646
random,10,12,11,11,18,18,missing,0.5467664003372192,-0.39728146696686745,0.014486849308013916,0.011614463865756985
random,11,12,11,11,18,18,missing,0.5982934832572937,-0.47378726140260696,-0.03704023361206055,0.06489133056998253
random,12,12,11,11,18,18,missing,0.3425534963607788,-0.2096904674530029,0.21869975328445435,0.19920546337962153
random,13,12,11,11,18,18,missing,0.5364559888839722,-0.39384992936849594,0.024797260761260986,0.015046001464128489
random,14,12,11,11,18,18,missing,0.5201095938682556,-0.3640659176468849,0.04114365577697754,0.04483001318573954
random,15,12,11,11,18,18,missing,0.3427946865558624,-0.2031133380591869,0.21845856308937073,0.20578259277343752
random,16,12,11,11,18,18,missing,0.6450244188308716,-0.5828487467527389,-0.08377116918563843,0.17395281592011447
random,17,12,11,11,18,18,missing,0.6478686928749084,-0.5535046764373779,-0.08661544322967529,0.14460874560475345
random,18,12,11,11,18,18,missing,0.39456188678741455,-0.25018706852793693,0.1666913628578186,0.1587088623046875
random,19,12,11,11,18,18,missing,0.45551037788391113,-0.2914755587637424,0.10574287176132202,0.117420372068882
random,20,12,11,11,18,18,missing,0.5677248239517212,-0.47594298503398896,-0.006471574306488037,0.06704705420136453
random,21,12,11,11,18,18,missing,0.5537081956863403,-0.37825400114655494,0.007545053958892822,0.03064192968606949
random,22,12,11,11,18,18,missing,0.603223979473114,-0.5057710338592529,-0.04197072982788086,0.0968751030266285
random,23,12,11,11,18,18,missing,0.5734466314315796,-0.44002175847291947,-0.012193381786346436,0.031125827640295034
random,24,12,11,11,18,18,missing,0.5798043608665466,-0.45984114030599593,-0.018551111221313477,0.0509452094733715
random,25,12,11,11,18,18,missing,0.5399051904678345,-0.41509909391999245,0.02134805917739868,0.006203163087368013
random,26,12,11,11,18,18,missing,0.39459872245788574,-0.2555983424544334,0.1666545271873474,0.15329758837819102
random,27,12,11,11,18,18,missing,0.5425499081611633,-0.37717613933086397,0.018703341484069824,0.031719791501760464
random,28,12,11,11,18,18,missing,0.5781402587890625,-0.4202904239952564,-0.016887009143829346,0.011394493162631969
random,29,12,11,11,18,18,missing,0.6369282007217407,-0.5615555719494819,-0.07567495107650757,0.15265964111685748
random,30,12,11,11,18,18,missing,0.4990290105342865,-0.3144185138404369,0.062224239110946655,0.09447741699218754
random,31,12,11,11,18,18,missing,0.37959742546081543,-0.23582298429906368,0.18165582418441772,0.17307294653356076
random,32,12,11,11,18,18,missing,0.5760687589645386,-0.46322869450449944,-0.01481550931930542,0.054332763671875006
random,33,12,11,11,18,18,missing,0.33921024203300476,-0.19576632463037966,0.2220430076122284,0.21312960620224478
random,34,12,11,11,18,18,missing,0.6016288995742798,-0.48883328971862794,-0.04037564992904663,0.0799373588860035
random,35,12,11,11,18,18,missing,0.38337841629981995,-0.2129900279998779,0.1778748333454132,0.19590590283274653
random,36,12,11,11,18,18,missing,0.5741217136383057,-0.45830134538412093,-0.01286846399307251,0.049405414551496496
random,37,12,11,11,18,18,missing,0.39533376693725586,-0.25194683415293695,0.1659194827079773,0.15694909667968748
random,38,12,11,11,18,18,missing,0.5967695116996765,-0.47594298503398896,-0.03551626205444336,0.06704705420136453
random,39,12,11,11,18,18,missing,0.5567724108695984,-0.44442119938731195,0.004480838775634766,0.03552526855468752
random,40,12,11,11,18,18,missing,0.6405912637710571,-0.5720261988997459,-0.07933801412582397,0.1631302680671215
random,41,12,11,11,18,18,missing,0.5711858868598938,-0.4314209362030029,-0.009932637214660645,0.022525005370378492
random,42,12,11,11,18,18,missing,0.5118952989578247,-0.3870748478233814,0.04935795068740845,0.021821083009243014
random,43,12,11,11,18,18,missing,0.5538730025291443,-0.4311569552481174,0.007380247116088867,0.02226102441549299
random,44,12,11,11,18,18,missing,0.6091037392616272,-0.530143744802475,-0.04785048961639404,0.12124781396985052
random,45,12,11,11,18,18,missing,0.5584031343460083,-0.41263543278574943,0.0028501152992248535,0.0037395019531250018
random,46,12,11,11,18,18,missing,0.4120088517665863,-0.2817968478262424,0.14924439787864685,0.127099083006382
random,47,12,11,11,18,18,missing,0.56074059009552,-0.43955982536673543,0.0005126595497131348,0.030663894534111003
random,48,12,11,11,18,18,missing,0.5626645088195801,-0.40669622380137443,-0.0014112591743469238,0.0021997070312499978
random,49,12,11,11,18,18,missing,0.649880051612854,-0.5758977047562599,-0.08862680196762085,0.16700177392363547
random,50,12,11,11,18,18,missing,0.5401568412780762,-0.39231013444662094,0.021096408367156982,0.016585796386003493
top,0,11,12,9,19,19,missing,0.1590718775987625,-0.539294547533989,0.26903222501277924,0.909710807621479
random,1,11,12,9,19,19,missing,0.1806076169013977,-0.43322468522787094,0.24749648571014404,0.803640945315361
random,2,11,12,9,19,19,missing,0.49610579013824463,0.45849256184101106,-0.06800168752670288,0.08807630175352094
random,3,11,12,9,19,19,missing,0.3813827335834503,0.1818463882595301,0.04672136902809143,0.18856987182796003
random,4,11,12,9,19,19,missing,0.427388995885849,0.35968167903423315,0.000715106725692749,0.010734581053256975
random,5,11,12,9,19,19,missing,0.32786622643470764,0.07920255891382696,0.1002378761768341,0.2912137011736632
random,6,11,12,9,19,19,missing,0.28325650095939636,-0.0029908716430887376,0.14484760165214539,0.3734071317305789
random,7,11,12,9,19,19,missing,0.4248468577861786,0.33786059602499013,0.003257244825363159,0.03255566406249999
random,8,11,12,9,19,19,missing,0.3782529830932617,0.2258955081343651,0.04985111951828003,0.14452075195312503
random,9,11,12,9,19,19,missing,0.2646017372608185,-0.15015539128184316,0.16350236535072327,0.5205716513693333
random,10,11,12,9,19,19,missing,0.29938969016075134,-0.023424776656925658,0.1287144124507904,0.3938410367444158
random,11,11,12,9,19,19,missing,0.29431429505348206,-0.023226114608719924,0.1337898075580597,0.39364237469621005
random,12,11,12,9,19,19,missing,0.49655720591545105,0.4726586536407471,-0.0684531033039093,0.10224239355325698
random,13,11,12,9,19,19,missing,0.5446628332138062,0.5595910647749901,-0.1165587306022644,0.18917480468749998
random,14,11,12,9,19,19,missing,0.38618412613868713,0.2189224475860596,0.041919976472854614,0.1514938125014305
random,15,11,12,9,19,19,missing,0.45598816871643066,0.4168740886986256,-0.027884066104888916,0.046457828611135454
random,16,11,12,9,19,19,missing,0.3464677035808563,0.11564620246887208,0.08163639903068542,0.25477005761861804
random,17,11,12,9,19,19,missing,0.4265473484992981,0.28381380500793457,0.0015567541122436523,0.08660245507955555
random,18,11,12,9,19,19,missing,0.4406960606575012,0.3622333606719971,-0.012591958045959473,0.00818289941549305
random,19,11,12,9,19,19,missing,0.4156109392642975,0.3013014759063721,0.012493163347244263,0.06911478418111805
random,20,11,12,9,19,19,missing,0.33021947741508484,0.03727338923662903,0.09788462519645691,0.3331428708508611
random,21,11,12,9,19,19,missing,0.4145945608615875,0.3283798640906811,0.013509541749954224,0.04203639599680903
random,22,11,12,9,19,19,missing,0.5245479941368103,0.4906082844972611,-0.09644389152526855,0.120192024409771
random,23,11,12,9,19,19,missing,0.4779056906700134,0.4452283177018166,-0.04980158805847168,0.07481205761432647
random,24,11,12,9,19,19,missing,0.5590415000915527,0.5650023655533791,-0.130937397480011,0.194586105465889
random,25,11,12,9,19,19,missing,0.3908926248550415,0.2601009524703026,0.037211477756500244,0.1103153076171875
random,26,11,12,9,19,19,missing,0.4473777711391449,0.3613974612593651,-0.01927366852760315,0.009018798828125008
random,27,11,12,9,19,19,missing,0.4423587918281555,0.3438658069610596,-0.01425468921661377,0.026550453126430507
random,28,11,12,9,19,19,missing,0.4139484465122223,0.28757529866099363,0.014155656099319458,0.0828409614264965
random,29,11,12,9,19,19,missing,0.42084577679634094,0.30625078987479215,0.007258325815200806,0.06416547021269797
random,30,11,12,9,19,19,missing,0.42172473669052124,0.2841437610626221,0.006379365921020508,0.086272499024868
random,31,11,12,9,19,19,missing,0.4575517773628235,0.4093950847923756,-0.02944767475128174,0.03897882470488545
random,32,11,12,9,19,19,missing,0.5279185175895691,0.48185338606834416,-0.09981441497802734,0.11143712598085403
random,33,11,12,9,19,19,missing,0.3212588429450989,0.05035065022259953,0.10684525966644287,0.3200656098648906
random,34,11,12,9,19,19,missing,0.3504496216773987,0.05164022578448059,0.07765448093414307,0.31877603430300955
random,35,11,12,9,19,19,missing,0.5565311312675476,0.5850636292338371,-0.12842702865600586,0.21464736914634702
random,36,11,12,9,19,19,missing,0.3479841947555542,0.10572002449035647,0.08011990785598755,0.2646962355971336
random,37,11,12,9,19,19,missing,0.3357568383216858,0.08819935932904484,0.09234726428985596,0.2822169007584453
random,38,11,12,9,19,19,missing,0.454155832529068,0.37534360920786863,-0.026051729917526245,0.00492734912037851
random,39,11,12,9,19,19,missing,0.42882904410362244,0.3153796009063721,-0.0007249414920806885,0.055036659181118
random,40,11,12,9,19,19,missing,0.3410384953022003,0.08755594099462034,0.08706560730934143,0.2828603190928698
random,41,11,12,9,19,19,missing,0.34842371940612793,0.1339477542281151,0.07968038320541382,0.236468505859375
random,42,11,12,9,19,19,missing,0.18894140422344208,-0.41421921110749244,0.23916269838809967,0.7846354711949826
random,43,11,12,9,19,19,missing,0.38977259397506714,0.2283591692686081,0.03833150863647461,0.14205709081888201
random,44,11,12,9,19,19,missing,0.3590019941329956,0.1743563885033131,0.06910210847854614,0.19605987158417704
random,45,11,12,9,19,19,missing,0.3233530521392822,0.0573649619907141,0.10475105047225952,0.313051298096776
random,46,11,12,9,19,19,missing,0.43459799885749817,0.3230565838158131,-0.006493896245956421,0.04735967627167703
random,47,11,12,9,19,19,missing,0.3894646167755127,0.22391577180624012,0.03863948583602905,0.14650048828125
random,48,11,12,9,19,19,missing,0.2968460023403168,-0.0333179570160806,0.13125810027122498,0.4037342171035707
random,49,11,12,9,19,19,missing,0.2606359124183655,-0.17067866862416264,0.16746819019317627,0.5410949287116528
random,50,11,12,9,19,19,missing,0.4117656350135803,0.28911509358286863,0.016338467597961426,0.08130116650462149
top,0,19,11,11,20,20,missing,0.4625416398048401,0.3535665095984936,0.25868022441864014,0.4921184194386005
random,1,19,11,11,20,20,missing,0.5843843817710876,0.6206109700441361,0.13683748245239258,0.225073958992958
random,2,19,11,11,20,20,missing,0.6238851547241211,0.6602056966066361,0.09733670949935913,0.18547923243045805
random,3,19,11,11,20,20,missing,0.6019736528396606,0.604817062819004,0.11924821138381958,0.2408678662180901
random,4,19,11,11,20,20,missing,0.576288104057312,0.5880992356777192,0.1449337601661682,0.257585693359375
random,5,19,11,11,20,20,missing,0.6177752017974854,0.6968527835249901,0.10344666242599487,0.148832145512104
random,6,19,11,11,20,20,missing,0.5938887000083923,0.5609548723936081,0.1273331642150879,0.28473005664348605
random,7,19,11,11,20,20,missing,0.6258252263069153,0.6842264329433442,0.09539663791656494,0.16145849609374996
random,8,19,11,11,20,20,missing,0.6020357012748718,0.6271660540342331,0.1191861629486084,0.21851887500286105
random,9,19,11,11,20,20,missing,0.5917283892631531,0.6214028323531151,0.12949347496032715,0.22428209668397903
random,10,19,11,11,20,20,missing,0.6043689846992493,0.6448516770839692,0.11685287952423096,0.20083325195312496
random,11,19,11,11,20,20,missing,0.6302722692489624,0.6810148928999901,0.09094959497451782,0.16467003613710407
random,12,19,11,11,20,20,missing,0.6110541820526123,0.6374606936812401,0.11016768217086792,0.208224235355854
random,13,19,11,11,20,20,missing,0.5731769800186157,0.6287498323559761,0.1480448842048645,0.216935096681118
random,14,19,11,11,20,20,missing,0.5952727794647217,0.6706322864532471,0.12594908475875854,0.175052642583847
random,15,19,11,11,20,20,missing,0.6125080585479736,0.6483712083339691,0.10871380567550659,0.19731372070312503
random,16,19,11,11,20,20,missing,0.6512727737426758,0.7288805393815041,0.06994909048080444,0.11680438965559004
random,17,19,11,11,20,20,missing,0.6479074954986572,0.6650890354752541,0.073314368724823,0.18059589356184003
random,18,19,11,11,20,20,missing,0.5878345370292664,0.6167394104838372,0.13338732719421387,0.22894551855325695
random,19,19,11,11,20,20,missing,0.5920263528823853,0.6282219241499901,0.12919551134109497,0.21746300488710402
random,20,19,11,11,20,20,missing,0.6055600643157959,0.6556742786407471,0.11566179990768433,0.19001065039634701
random,21,19,11,11,20,20,missing,0.5768149495124817,0.581016243481636,0.14440691471099854,0.2646686855554581
random,22,19,11,11,20,20,missing,0.6036350131034851,0.6342490999341012,0.11758685111999512,0.21143582910299297
random,23,19,11,11,20,20,missing,0.5978811383247375,0.6515388186812401,0.12334072589874268,0.19414611035585405
random,24,19,11,11,20,20,missing,0.5662990212440491,0.5814561848878861,0.15492284297943115,0.26422874414920805
random,25,19,11,11,20,20,missing,0.5816019773483276,0.5879672854781152,0.1396198868751526,0.25771764355897897
random,26,19,11,11,20,20,missing,0.6388264298439026,0.6773633577466012,0.08239543437957764,0.16832157129049297
random,27,19,11,11,20,20,missing,0.597564160823822,0.6336332249283791,0.1236577033996582,0.212051704108715
random,28,19,11,11,20,20,missing,0.6415248513221741,0.7301123430967331,0.07969701290130615,0.11557258594036102
random,29,19,11,11,20,20,missing,0.5684854984283447,0.5793884280562401,0.1527363657951355,0.266296500980854
random,30,19,11,11,20,20,missing,0.6049789786338806,0.651142914378643,0.11624288558959961,0.1945420146584511
random,31,19,11,11,20,20,missing,0.6326794028282166,0.6673326722025872,0.08854246139526367,0.17835225683450695
random,32,19,11,11,20,20,missing,0.5886873602867126,0.5643864368438721,0.13253450393676758,0.281298492193222
random,33,19,11,11,20,20,missing,0.5875946283340454,0.5997136995434761,0.13362723588943481,0.24597122949361805
random,34,19,11,11,20,20,missing,0.6223647594451904,0.6848863987565041,0.0988571047782898,0.16079853028059
random,35,19,11,11,20,20,missing,0.5664936900138855,0.5636824876308442,0.15472817420959473,0.28200244140624997
random,36,19,11,11,20,20,missing,0.6087759733200073,0.6214907991528511,0.1124458909034729,0.22419412988424303
random,37,19,11,11,20,20,missing,0.6059712767601013,0.6563341370463371,0.1152505874633789,0.189350791990757
random,38,19,11,11,20,20,missing,0.6433465480804443,0.7024400716066361,0.07787531614303589,0.143244857430458
random,39,19,11,11,20,20,missing,0.5324108600616455,0.5051702805995941,0.18881100416183472,0.3405146484375
random,40,19,11,11,20,20,missing,0.5725938677787781,0.586075569653511,0.14862799644470215,0.2596093593835831
random,41,19,11,11,20,20,missing,0.6171026229858398,0.6837425081372261,0.10411924123764038,0.161942420899868
random,42,19,11,11,20,20,missing,0.5839793682098389,0.6007255862593651,0.13724249601364136,0.24495934277772902
random,43,19,11,11,20,20,missing,0.6142193078994751,0.6677726136088372,0.10700255632400513,0.17791231542825692
random,44,19,11,11,20,20,missing,0.6090472936630249,0.6607335511088371,0.11217457056045532,0.184951377928257
random,45,19,11,11,20,20,missing,0.6514785885810852,0.6987444993495942,0.06974327564239502,0.14694042968749998
random,46,19,11,11,20,20,missing,0.599547803401947,0.6251863177061081,0.1216740608215332,0.22049861133098603
random,47,19,11,11,20,20,missing,0.6237812042236328,0.6749436800122262,0.09744065999984741,0.17074124902486798
random,48,19,11,11,20,20,missing,0.6340644955635071,0.6996243821620941,0.08715736865997314,0.14606054687500003
random,49,19,11,11,20,20,missing,0.5614286661148071,0.5678619846940041,0.1597931981086731,0.2778229443430901
random,50,19,11,11,20,20,missing,0.5874139070510864,0.5895950471997261,0.1338079571723938,0.256089881837368
