sample_index,sample_id,modality,rank,start_index,end_index,score,source_scale,words,wordpiece_start,wordpiece_end
0,-UacrmKiTn4$_$7,T,1,16,19,0.4718867255404928,2,important that you test,17,20
0,-UacrmKiTn4$_$7,T,2,19,21,0.15637001736869985,1,test the students,20,22
0,-UacrmKiTn4$_$7,T,3,16,16,0.14512553922338817,1,important,17,17
1,-qDkUB0GgYY$_$5,T,1,3,8,0.18437381844289297,3,"within buy range , another hit",4,9
1,-qDkUB0GgYY$_$5,T,2,17,19,0.13966562920764258,2,little while back,18,20
1,-qDkUB0GgYY$_$5,T,3,27,29,0.07254828475326398,3,of those are,28,30
2,0utROiKxejc$_$1,T,1,13,14,0.15579110889237086,2,every month,14,15
2,0utROiKxejc$_$1,T,2,10,11,0.137265172987931,3,launch new,11,12
2,0utROiKxejc$_$1,T,3,0,0,0.11797365804504076,1,business,1,1
3,0utROiKxejc$_$4,T,1,28,30,0.168211678180883,2,into huge losses,30,32
3,0utROiKxejc$_$4,T,2,9,12,0.1481314079043728,3,didn ' t helped,11,14
3,0utROiKxejc$_$4,T,3,20,21,0.06739034094153774,2,and because,22,23
4,0y022OlZ3W0$_$3,T,1,10,14,0.34877487456235823,3,is the center of everything,11,15
4,0y022OlZ3W0$_$3,T,2,9,10,0.1547835321220369,2,he is,10,11
4,0y022OlZ3W0$_$3,T,3,14,15,0.14733112338231194,2,everything you,15,16
5,0y022OlZ3W0$_$5,T,1,10,12,0.23564940139355295,2,down my kid,11,13
5,0y022OlZ3W0$_$5,T,2,20,21,0.14883200172264413,1,reject it,21,22
5,0y022OlZ3W0$_$5,T,3,18,19,0.09460717940986749,3,they will,19,20
6,0y022OlZ3W0$_$8,T,1,7,10,0.5083063718103836,3,s what i ',8,11
6,0y022OlZ3W0$_$8,T,2,8,8,0.16401634218152955,peak,what,9,9
6,0y022OlZ3W0$_$8,T,3,0,1,0.09128205039120274,1,based on,1,2
7,101787$_$11,T,1,11,15,0.25924078756343644,3,he has to spend a,13,17
7,101787$_$11,T,2,18,19,0.09207243640178198,2,anne heche,20,22
7,101787$_$11,T,3,12,12,0.06544056618544367,peak,has,14,14
8,101787$_$13,T,1,11,14,0.45483973785361365,2,except castaway is really,14,18
8,101787$_$13,T,2,11,11,0.17742090723727422,1,except,14,14
8,101787$_$13,T,3,0,0,0.08373957328433786,1,it,1,1
9,101787$_$1,T,1,5,8,0.34006633669701947,3,"ford , semi -",7,10
9,101787$_$1,T,2,10,11,0.152342610644806,2,", more",12,13
9,101787$_$1,T,3,7,7,0.10719536766524246,1,semi,9,9
10,101787$_$5,T,1,10,13,0.44180080721482484,2,not not worth the,11,14
10,101787$_$5,T,2,12,12,0.14495001403390562,1,worth,13,13
10,101787$_$5,T,3,1,2,0.11241214834685206,1,umm ),2,3
11,101787$_$7,T,1,4,5,0.4529044053016194,2,good scenery,5,6
11,101787$_$7,T,2,2,2,0.13286467375203964,1,actually,3,3
12,101787$_$9,T,1,12,16,0.3915075617232353,3,"character , a gruff cargo",14,18
12,101787$_$9,T,2,16,17,0.2837661072962498,2,cargo pilot,18,19
12,101787$_$9,T,3,14,14,0.07611537705994768,1,a,16,16
13,102408$_$2,T,1,3,4,0.49853567447130365,2,not necessarily,4,5
13,102408$_$2,T,2,5,5,0.10467971884670482,1,by,6,6
14,102408$_$5,T,1,24,27,0.4098018847185483,2,probably would like this,25,28
14,102408$_$5,T,2,2,5,0.2107804894322361,3,' t wait til,3,6
14,102408$_$5,T,3,26,26,0.15367750564409965,peak,like,27,27
15,102408$_$9,T,1,24,26,0.1887451110882356,2,) characters like,26,28
15,102408$_$9,T,2,1,3,0.15326336621188308,2,it ' s,2,4
15,102408$_$9,T,3,15,17,0.10916833090215984,3,' m not,16,18
16,102858$_$20,T,1,10,12,0.21131146087457245,1,"it , you",11,13
16,102858$_$20,T,2,21,22,0.1328391930717925,2,holiday dvd,22,23
16,102858$_$20,T,3,1,1,0.056482384698643806,1,thing,2,2
17,102858$_$21,T,1,6,12,0.49384864156156744,3,"a four out of , ( stutter",7,14
17,102858$_$21,T,2,12,13,0.13134245815611048,1,stutter ),13,15
17,102858$_$21,T,3,9,9,0.09862233952703114,peak,of,10,10
18,102858$_$1,T,1,13,16,0.29506718112898117,1,dvd review for everybody,19,22
18,102858$_$1,T,2,2,4,0.2778090959108552,3,helsing920 ( stutter,3,10
19,102858$_$0,T,1,0,2,1.0,3,"hello , everybody",1,3
20,102858$_$4,T,1,18,23,0.17427312376072923,3,") adventure , a special i",20,25
20,102858$_$4,T,2,37,42,0.16478367238475586,1,"i was about four , but",40,45
20,102858$_$4,T,3,19,19,0.03338567083951102,1,adventure,21,21
21,102858$_$6,T,1,8,13,0.5260263708224009,2,( stutter ) holiday specials made,9,15
21,102858$_$6,T,2,11,11,0.11657569001873017,peak,holiday,13,13
21,102858$_$6,T,3,5,5,0.040072642367981574,1,of,6,6
22,102858$_$10,T,1,2,4,0.3897255633975343,3,umm ) all,3,5
22,102858$_$10,T,2,4,5,0.28739610526742343,1,all three,5,6
22,102858$_$10,T,3,9,9,0.11301162930873343,1,awesome,10,10
23,102858$_$17,T,1,4,6,0.417361873822008,3,three times in,5,7
23,102858$_$17,T,2,6,7,0.2577175635093544,1,in three,7,8
23,102858$_$17,T,3,1,2,0.2333550929247002,2,watched this,2,3
24,102858$_$19,T,1,4,6,0.3641835633599809,3,garfield ' s,5,7
24,102858$_$19,T,2,0,0,0.09495615745341829,1,so,1,1
24,102858$_$19,T,3,11,11,0.09259838557193373,1,celebrations,12,12
25,112433$_$10,T,1,0,0,0.5,1,okay,1,1
26,112433$_$3,T,1,10,16,0.4686415856822385,3,and underhand dealings and you never know,13,20
26,112433$_$3,T,2,15,15,0.14485450565747648,1,never,19,19
26,112433$_$3,T,3,9,10,0.08366099072070805,2,backstabbing and,10,13
27,112433$_$7,T,1,1,3,0.5431685788653424,2,' re really,2,4
27,112433$_$7,T,2,3,5,0.43859382760419463,3,really not missing,4,6
27,112433$_$7,T,3,6,6,0.1261507030982981,1,out,7,7
28,112433$_$6,T,1,17,22,0.6393172075316729,3,i would not recommend this one,19,24
28,112433$_$6,T,2,19,19,0.21804408882175558,peak,not,21,21
28,112433$_$6,T,3,5,6,0.0802836448607169,1,( uhh,6,8
29,117tQqLjza4$_$6,T,1,7,8,0.23131861718002839,1,of the,8,9
29,117tQqLjza4$_$6,T,2,11,12,0.21299300927761194,1,on the,12,13
30,11j7EfglCAs$_$2,T,1,2,7,0.5871524041553631,3,the fact that the creditor is,4,10
30,11j7EfglCAs$_$2,T,2,6,6,0.2399959711165102,1,creditor,8,9
30,11j7EfglCAs$_$2,T,3,17,18,0.0695086037261343,2,' re,21,22
31,121128$_$10,T,1,8,11,0.6865478279826269,3,kids would enjoy it,9,12
31,121128$_$10,T,2,10,10,0.3589427750126848,peak,enjoy,11,11
31,121128$_$10,T,3,5,5,0.06874284589163465,1,still,6,6
32,121128$_$1,T,1,4,6,0.1889852745141581,3,' s a,6,8
32,121128$_$1,T,2,0,2,0.17542216513207654,2,( uhh ),1,4
32,121128$_$1,T,3,8,10,0.16226615960019355,3,about a rat,10,12
33,121128$_$0,T,1,1,2,0.401093464231706,3,is a,2,3
33,121128$_$0,T,2,6,6,0.13611516845346713,1,movie,7,7
33,121128$_$0,T,3,5,5,0.1351007767000061,2,the,6,6
34,121128$_$5,T,1,4,5,0.2850365257171081,3,movie was,5,6
34,121128$_$5,T,2,6,6,0.20968795190257944,1,excellent,7,7
34,121128$_$5,T,3,1,1,0.17448533774478325,2,umm,2,2
35,125344$_$0,T,1,32,37,0.22274904502809464,3,old but ( stutter ) he,33,39
35,125344$_$0,T,2,24,27,0.12485481322430482,2,one no no he,25,28
35,125344$_$0,T,3,8,10,0.07338469826541656,1,yes harry potter,9,11
36,125676$_$0,T,1,8,11,0.484457135453667,2,dvd ten items or,9,12
36,125676$_$0,T,2,9,9,0.14070234852465122,peak,ten,10,10
36,125676$_$0,T,3,5,5,0.09324985843026104,1,gonna,6,6
37,125676$_$4,T,1,10,16,0.4179095081423627,3,you really learn to enjoy their (,11,17
37,125676$_$4,T,2,14,15,0.1608003372893907,1,enjoy their,15,16
37,125676$_$4,T,3,10,11,0.11838418393421624,2,you really,11,12
38,128059$_$11,T,1,1,4,0.1847837089654017,3,' s not even,2,5
38,128059$_$11,T,2,32,35,0.14147190779836608,1,you probably wanna pick,33,36
38,128059$_$11,T,3,3,3,0.0720418570245208,1,not,4,4
39,128059$_$12,T,1,6,8,0.22341666077514521,3,not so bad,8,10
39,128059$_$12,T,2,11,12,0.19190872670642756,2,) you,14,15
39,128059$_$12,T,3,5,5,0.1063388846421764,1,is,7,7
40,128059$_$2,T,1,5,8,0.6457255246232887,3,' m not a,6,9
40,128059$_$2,T,2,7,7,0.28743806810476596,peak,not,8,8
40,128059$_$2,T,3,2,2,0.08229421483256583,1,',3,3
41,128059$_$7,T,1,24,29,0.18269373393352636,3,s a team of scientists that,27,32
41,128059$_$7,T,2,4,7,0.14207073027537007,3,"know , if you",6,9
41,128059$_$7,T,3,32,34,0.10347554263042906,2,into space to,35,37
42,128059$_$6,T,1,32,39,0.5545047503600976,2,", gives a pretty decent performance or worthwhile",35,43
42,128059$_$6,T,2,22,25,0.1867179586317559,2,actress too but (,24,27
42,128059$_$6,T,3,36,36,0.11104208416385697,peak,decent,39,39
43,128059$_$9,T,1,14,17,0.5391574316231,1,s ( stutter ),15,19
43,128059$_$9,T,2,16,16,0.2035114581635379,peak,stutter,17,18
43,128059$_$9,T,3,1,2,0.11620443872548299,2,umm ),2,3
44,128763$_$12,T,1,12,16,0.4614291783291863,2,i mean i would suggest,13,17
44,128763$_$12,T,2,13,13,0.1386355687644933,peak,mean,14,14
44,128763$_$12,T,3,17,17,0.08300665512399552,1,it,18,18
45,128763$_$3,T,1,16,21,0.5058024788305553,3,didn ' t like this movie,19,24
45,128763$_$3,T,2,19,19,0.16246385010003178,1,like,22,22
45,128763$_$3,T,3,11,13,0.11755727149538094,1,umm ) i,14,16
46,128763$_$2,T,1,8,10,0.1629578429506243,1,) second movie,10,12
46,128763$_$2,T,2,3,4,0.08870450999021828,3,this is,4,5
46,128763$_$2,T,3,6,6,0.0435431466378213,2,(,7,7
47,128763$_$5,T,1,8,9,0.3942548068980434,1,school team,9,10
47,128763$_$5,T,2,3,5,0.35809991007409575,3,this ( umm,4,6
48,128763$_$7,T,1,14,15,0.1891196929210928,1,would do,15,16
48,128763$_$7,T,2,3,4,0.1686488276365928,1,just trying,4,5
48,128763$_$7,T,3,9,9,0.0645438708256201,2,),10,10
49,128763$_$8,T,1,4,5,0.4475820745042953,3,just trying,5,6
49,128763$_$8,T,2,0,0,0.08787839825779835,1,they,1,1
50,130456$_$11,T,1,18,20,0.29888092784844755,3,and donnie darko,21,24
50,130456$_$11,T,2,20,22,0.2383698590542327,1,darko no matter,23,26
50,130456$_$11,T,3,26,27,0.17899709808050596,2,is is,30,31
51,130456$_$3,T,1,12,16,0.49803761700382737,3,i would give it a,14,18
51,130456$_$3,T,2,13,13,0.12549496289730588,peak,would,15,15
51,130456$_$3,T,3,6,7,0.09863403632070172,1,", out",8,9
52,130456$_$5,T,1,7,9,0.3903778794483028,3,a very weird,8,10
52,130456$_$5,T,2,1,1,0.1064445861529611,1,he,2,2
52,130456$_$5,T,3,4,4,0.08726826817716096,1,he,5,5
53,130456$_$4,T,1,1,5,0.5929203776891249,3,umm ) it follows this,2,6
53,130456$_$4,T,2,4,4,0.22432007912775306,1,follows,5,5
53,130456$_$4,T,3,7,8,0.07803983987267538,2,donnie darko,8,10
54,130456$_$7,T,1,1,2,0.36212482316658734,2,umm ),2,3
54,130456$_$7,T,2,7,7,0.12175554971401868,1,dark,8,8
54,130456$_$7,T,3,5,5,0.07767877373054721,3,s,6,6
55,130456$_$6,T,1,6,12,0.5449963506952712,2,this ( stutter ) like demented bunny,7,15
55,130456$_$6,T,2,10,10,0.10848530683974944,peak,like,12,12
55,130456$_$6,T,3,16,16,0.03209214739263047,3,when,19,19
56,188343$_$13,T,1,14,19,0.26272319550699474,3,uhh ) good for a laugh,17,23
56,188343$_$13,T,2,24,26,0.10039188482129871,1,you really like,28,30
56,188343$_$13,T,3,16,16,0.09078580381957495,1,good,20,20
57,188343$_$12,T,1,13,17,0.41869416870658765,2,( stutter ) not a,15,20
57,188343$_$12,T,2,16,16,0.16006755693998506,1,not,19,19
57,188343$_$12,T,3,20,20,0.051084234098760804,1,movie,23,23
58,188343$_$5,T,1,7,11,0.3493516275574429,3,about to drop in the,8,12
58,188343$_$5,T,2,13,14,0.11669788954474845,1,and (,14,15
58,188343$_$5,T,3,9,9,0.0775682578202401,1,drop,10,10
59,188343$_$9,T,1,19,23,0.36860042973898655,2,uhh ) have a little,22,27
59,188343$_$9,T,2,11,12,0.08639456816207787,3,foreign films,14,15
59,188343$_$9,T,3,23,23,0.08294685286569586,peak,little,27,27
60,188343$_$8,T,1,12,16,0.5240037491470343,2,movie because it just got,14,18
60,188343$_$8,T,2,14,14,0.141989913596353,1,it,16,16
60,188343$_$8,T,3,12,12,0.09791794042473632,1,movie,14,14
61,1HK7Nea0PFo$_$1,T,1,2,6,0.4545822266099261,3,i think our . .,3,7
61,1HK7Nea0PFo$_$1,T,2,12,13,0.14884947070777058,2,. .,13,14
61,1HK7Nea0PFo$_$1,T,3,3,3,0.12308268244840895,1,think,4,4
62,216097$_$1,T,1,5,8,0.5210962981735103,3,really no known actors,6,9
62,216097$_$1,T,2,6,6,0.20161559583263727,peak,no,7,7
62,216097$_$1,T,3,2,3,0.14238188066172056,1,) there,3,4
63,216097$_$2,T,1,9,11,0.17278032490180645,3,pal who did,10,12
63,216097$_$2,T,2,14,15,0.1486741507606732,1,( uhh,15,17
63,216097$_$2,T,3,0,1,0.10735716242289003,1,( umm,1,2
64,216097$_$5,T,1,6,9,0.19555205624936603,3,investors ( stutter ),7,11
64,216097$_$5,T,2,1,3,0.16942748116161366,2,he goes to,2,4
64,216097$_$5,T,3,24,26,0.13174654722444004,1,population is worth,29,31
65,216097$_$4,T,1,13,18,0.42891362718557147,3,and really have no interest in,15,20
65,216097$_$4,T,2,3,7,0.1808197200208673,2,the world governments who think,4,8
65,216097$_$4,T,3,16,16,0.14915468313495803,peak,no,18,18
66,216097$_$7,T,1,1,8,0.322194552443624,3,' s able to save forty people (,2,9
66,216097$_$7,T,2,2,3,0.10998898989512249,1,s able,3,4
66,216097$_$7,T,3,38,40,0.09160562090029983,3,"that hey ,",40,42
67,216097$_$8,T,1,6,8,0.2623369144069324,3,aren ' t,7,9
67,216097$_$8,T,2,4,5,0.21863552584586032,2,special effects,5,6
67,216097$_$8,T,3,1,1,0.08826664391433219,2,umm,2,2
68,223431$_$11,T,1,7,13,0.40218887004632653,3,( stutter ) acting or anything like,8,15
68,223431$_$11,T,2,7,8,0.12003267514010689,1,( stutter,8,10
68,223431$_$11,T,3,10,10,0.07261825018265539,1,acting,12,12
69,223431$_$10,T,1,9,11,0.4148796204069422,2,{ laugh },11,13
69,223431$_$10,T,2,5,5,0.10232407351400856,1,tireless,6,7
70,223431$_$13,T,1,9,13,0.3162612331501982,2,should go see this in,11,15
70,223431$_$13,T,2,4,6,0.15352549518202296,3,don ' t,6,8
70,223431$_$13,T,3,9,9,0.07407151825817107,peak,should,11,11
71,223431$_$0,T,1,0,1,0.5,2,hello expo,1,2
72,223431$_$5,T,1,1,5,0.5600997005931957,2,on earth in a small,2,6
72,223431$_$5,T,2,3,3,0.14373133328265403,peak,in,4,4
72,223431$_$5,T,3,5,5,0.08044882546931163,1,small,6,6
73,225770$_$3,T,1,11,16,0.21919776069829516,1,an the ( stutter ) exorcist,12,21
73,225770$_$3,T,2,3,5,0.11237205227988523,2,i expected something,4,6
73,225770$_$3,T,3,22,24,0.0901144077982497,1,actually shows the,27,29
74,225770$_$5,T,1,3,4,0.6231122895448424,2,at his,4,5
74,225770$_$5,T,2,5,5,0.22121885955605747,1,trial,6,6
74,225770$_$5,T,3,1,1,0.056618930637012094,1,it,2,2
75,225770$_$4,T,1,21,23,0.27931073954012153,3,) performed the,23,25
75,225770$_$4,T,2,23,24,0.2091337688247555,1,the exorcism,25,29
75,225770$_$4,T,3,6,8,0.17251777279848446,3,told ( uhh,7,10
76,225770$_$6,T,1,11,18,0.5229699313597471,3,exorcism and the only time you get to,12,22
76,225770$_$6,T,2,19,20,0.102665426179454,1,see emily,23,24
76,225770$_$6,T,3,12,12,0.09293269211298423,peak,and,16,16
77,236021$_$12,T,1,6,8,0.459688956583375,2,"out , if",8,10
77,236021$_$12,T,2,4,6,0.38475900602200586,1,check it out,6,8
78,236021$_$1,T,1,8,9,0.16244647220674238,1,in theaters,9,10
78,236021$_$1,T,2,5,7,0.14308377382602525,3,s currently out,6,8
78,236021$_$1,T,3,0,2,0.13900712922268832,2,( umm ),1,3
79,236021$_$3,T,1,5,6,0.44088222432587254,2,is silly,6,7
79,236021$_$3,T,2,0,0,0.07764972445408788,1,he,1,1
80,236021$_$2,T,1,42,45,0.3316925224710934,3,doesn ' t really,44,47
80,236021$_$2,T,2,27,31,0.15165550490797414,3,umm ) so they have,28,32
80,236021$_$2,T,3,38,41,0.14158242397413903,2,( umm ) fred,40,43
81,236021$_$5,T,1,9,11,0.30867573384949565,3,kind of a,11,13
81,236021$_$5,T,2,12,13,0.22583314300734808,1,kid movie,14,15
81,236021$_$5,T,3,0,0,0.08874136495882645,1,it,1,1
82,236021$_$4,T,1,16,22,0.2707633131872454,3,the north pole and then it turns,18,24
82,236021$_$4,T,2,4,7,0.12587275647482438,2,( uhh ) steps,5,9
82,236021$_$4,T,3,42,43,0.055543526024391145,3,doesn ',45,46
83,237009$_$11,T,1,2,4,0.42286225557861795,3,") , it",3,5
83,237009$_$11,T,2,4,5,0.24329446798816043,1,it should,5,6
83,237009$_$11,T,3,1,1,0.13265161567382538,2,umm,2,2
84,237009$_$12,T,1,7,14,0.23496399537391702,2,uhh ) you really want to ( umm,8,16
84,237009$_$12,T,2,27,28,0.06276033904833447,2,waste your,30,31
84,237009$_$12,T,3,7,8,0.058117178934529015,1,uhh ),8,10
85,237009$_$4,T,1,11,15,0.49827987701493653,3,) such a good one,12,16
85,237009$_$4,T,2,17,18,0.16706445459108551,1,first time,18,19
85,237009$_$4,T,3,14,14,0.13745271452810212,1,good,15,15
86,237009$_$7,T,1,1,2,0.3957402296032883,2,umm ),2,3
86,237009$_$7,T,2,3,3,0.1511842411839393,3,i,4,4
86,237009$_$7,T,3,7,7,0.14060486959582474,1,disappointed,8,8
87,237009$_$9,T,1,2,4,0.46474825335433634,3,) it ',3,5
87,237009$_$9,T,2,9,9,0.128309392673271,1,not,11,11
87,237009$_$9,T,3,5,5,0.10876582820138264,1,s,6,6
88,241629$_$10,T,1,2,6,0.6642327588331958,3,i would not recommend seeing,3,7
88,241629$_$10,T,2,4,4,0.2535585067654465,peak,not,5,5
88,241629$_$10,T,3,0,1,0.06785782595177434,1,so overall,1,2
89,241629$_$0,T,1,1,3,0.3422982927407046,3,and welcome to,2,4
89,241629$_$0,T,2,10,11,0.21356545174401398,1,- seven,11,12
90,241629$_$3,T,1,11,13,0.3775562270014121,2,really enjoyed and,13,15
90,241629$_$3,T,2,5,8,0.3328218462012432,3,was a hilarious movie,7,10
90,241629$_$3,T,3,7,7,0.10963821909553087,1,hilarious,9,9
91,241629$_$5,T,1,17,19,0.17482814038385225,2,seven hideous bridesmaid,19,23
91,241629$_$5,T,2,9,11,0.17094708816693088,1,- seven different,11,13
91,241629$_$5,T,3,20,20,0.04836074138688696,1,dresses,24,24
92,241629$_$8,T,1,18,21,0.1547825370130418,2,of thing but nothing,20,23
92,241629$_$8,T,2,13,16,0.1285894213358635,3,few laughs and that,15,18
92,241629$_$8,T,3,10,12,0.09156597156435009,2,i had a,12,14
93,243646$_$11,T,1,1,4,0.4462800601718634,1,", like ( stutter",2,6
93,243646$_$11,T,2,16,17,0.1961908085321568,2,t know,18,19
93,243646$_$11,T,3,2,2,0.13774487019197387,peak,like,3,3
94,243646$_$12,T,1,2,13,0.4190056745117693,3,", i didn ' t ( stutter ) think the movie was",3,15
94,243646$_$12,T,2,5,7,0.1338108733946103,2,' t (,6,8
94,243646$_$12,T,3,10,12,0.11939736296023942,1,think the movie,12,14
95,243646$_$9,T,1,0,0,1.0,1,case,1,1
96,243646$_$8,T,1,3,5,0.3221381588970598,3,there ' s,4,6
96,243646$_$8,T,2,0,1,0.26080493388630466,2,( umm,1,2
96,243646$_$8,T,3,11,11,0.07513260065970316,1,see,12,12
97,247318$_$12,T,1,4,7,0.3834157877895732,3,just didn ' t,5,8
97,247318$_$12,T,2,3,4,0.2342994687175059,2,it just,4,5
97,247318$_$12,T,3,8,9,0.19153026156288572,2,do it,9,10
98,247318$_$1,T,1,5,8,0.39732101129872943,3,a review of a,6,9
98,247318$_$1,T,2,8,9,0.1519067157765894,1,a movie,9,10
98,247318$_$1,T,3,13,14,0.1512355733034344,2,the bee,14,15
99,247318$_$3,T,1,3,4,0.5516878601922304,2,for bad,4,5
99,247318$_$3,T,2,0,0,0.17214138501620718,1,b,1,1
100,247318$_$2,T,1,9,12,0.7095717365313845,1,"is exactly that ,",11,14
100,247318$_$2,T,2,11,11,0.21784174658508626,peak,that,13,13
101,247318$_$5,T,1,12,16,0.42939536010657364,3,a kids movie and it,13,17
101,247318$_$5,T,2,14,14,0.12415475517095213,peak,movie,15,15
101,247318$_$5,T,3,2,2,0.0847933356995238,1,supposed,3,3
102,247318$_$7,T,1,4,5,0.45875868007745846,2,very funny,5,6
102,247318$_$7,T,2,0,0,0.15996714995934996,1,it,1,1
103,247318$_$6,T,1,3,4,0.6411496917383936,1,kids movie,4,5
104,252998$_$1,T,1,0,1,0.5348044446616654,2,starring parker,1,2
104,252998$_$1,T,2,8,10,0.10981460465195536,3,umm ) tori,10,12
104,252998$_$1,T,3,3,3,0.03663437132316395,1,",",5,5
105,252998$_$0,T,1,10,11,0.2252612957664259,2,the house,11,12
105,252998$_$0,T,2,6,7,0.2143191054502187,2,to review,7,8
105,252998$_$0,T,3,12,12,0.08343837082404684,1,of,13,13
106,252998$_$5,T,1,29,33,0.23920378213512034,3,kind of ridiculous and (,32,36
106,252998$_$5,T,2,10,13,0.11836283633172133,3,comedy but ( uhh,12,16
106,252998$_$5,T,3,0,2,0.08369568209042755,1,( uhh ),1,4
107,252998$_$4,T,1,4,9,0.28963762173304686,2,his ( stutter ) mother tries,5,11
107,252998$_$4,T,2,20,22,0.10352144248764211,3,s his sister,23,25
107,252998$_$4,T,3,14,15,0.08012593511272437,1,( uhh,16,18
108,252998$_$7,T,1,5,10,0.43272944428315635,3,the best line in the movie,7,12
108,252998$_$7,T,2,4,6,0.21572353825948273,1,think the best,6,8
108,252998$_$7,T,3,25,27,0.16463267920997957,2,' re not,28,30
109,252998$_$8,T,1,1,3,0.416584358269936,2,uhh ) the,2,5
109,252998$_$8,T,2,8,9,0.24479450592158666,1,rounding no,10,11
109,252998$_$8,T,3,4,4,0.12889991884642968,1,house,6,6
110,257247$_$10,T,1,2,3,0.35826431918892526,3,it ',3,4
110,257247$_$10,T,2,7,7,0.1973912215999011,1,bad,8,8
110,257247$_$10,T,3,6,6,0.15154950689209595,2,of,7,7
111,257247$_$12,T,1,15,17,0.2932406736630171,1,recommend watching it,17,19
111,257247$_$12,T,2,8,9,0.13496335886438593,2,", bad",10,11
111,257247$_$12,T,3,5,6,0.13458893111275533,1,", pretty",6,7
112,257247$_$2,T,1,12,15,0.5237001964902723,2,and the day after,14,17
112,257247$_$2,T,2,13,13,0.16967351624626598,peak,the,15,15
112,257247$_$2,T,3,7,8,0.13256937068128274,3,the director,9,10
113,258654$_$1,T,1,15,22,0.28867175504354914,2,dumb things and ( uhh ) basically i,17,25
113,258654$_$1,T,2,28,29,0.048715460836395635,3,out of,32,33
113,258654$_$1,T,3,15,15,0.042384551924586726,1,dumb,17,17
114,258654$_$3,T,1,2,6,0.4704135959237075,3,"a really bad movie ,",3,7
114,258654$_$3,T,2,4,4,0.19925980247778347,peak,bad,5,5
114,258654$_$3,T,3,28,31,0.12414211179951926,3,( uhh ) apparently,30,34
115,258654$_$4,T,1,2,5,0.48442958564137717,2,put the semi -,3,6
115,258654$_$4,T,2,4,4,0.16615050638324413,1,semi,5,5
115,258654$_$4,T,3,2,2,0.11251683491004452,1,put,3,3
116,266791$_$24,T,1,8,9,0.1691619459782222,1,words they,9,10
116,266791$_$24,T,2,1,2,0.1581289961534651,2,it doesn,2,3
116,266791$_$24,T,3,5,5,0.08737820184484482,1,help,6,6
117,266791$_$20,T,1,2,5,0.1813490777495085,2,) with bruce willis,4,7
117,266791$_$20,T,2,10,13,0.1612546287938361,2,( umm ) paul,12,15
117,266791$_$20,T,3,3,3,0.05379338717709006,1,with,5,5
118,266791$_$21,T,1,15,25,0.39942786802351526,3,"wahlberg , who has is notori notoriously ( stutter ) wooden",16,30
118,266791$_$21,T,2,21,21,0.0503294851071619,peak,notoriously,24,25
118,266791$_$21,T,3,15,15,0.03367289891848527,1,wahlberg,16,17
119,266791$_$23,T,1,9,17,0.4703483083839633,3,like they ' re actually looking at cue cards,10,18
119,266791$_$23,T,2,8,11,0.28071905168765376,2,looks like they ',9,12
119,266791$_$23,T,3,10,10,0.1018922457494176,peak,they,11,11
120,266791$_$29,T,1,0,1,1.0,2,obviously cg,1,3
121,266791$_$3,T,1,2,5,0.5795267741586927,2,", who previously directed",5,8
121,266791$_$3,T,2,4,4,0.17431439975340754,peak,previously,7,7
121,266791$_$3,T,3,2,2,0.12284413074130318,1,",",5,5
122,266791$_$5,T,1,14,19,0.3297954828373182,3,not so good movies category (,15,20
122,266791$_$5,T,2,4,5,0.09509278417054369,1,", this",5,6
122,266791$_$5,T,3,1,2,0.08721147366516888,1,umm ),2,3
123,266791$_$4,T,1,1,4,0.5324864736113328,3,the not so good,2,5
123,266791$_$4,T,2,2,2,0.21542055441597402,1,not,3,3
123,266791$_$4,T,3,5,5,0.10021036881014561,1,movies,6,6
124,266791$_$6,T,1,16,18,0.15017895917840035,2,his wife (,21,23
124,266791$_$6,T,2,20,22,0.14861213726849642,3,) and also,25,27
124,266791$_$6,T,3,25,27,0.14372516915614109,2,leguizamo as his,30,35
125,266791$_$8,T,1,6,8,0.42759106240660816,3,this is never,7,9
125,266791$_$8,T,2,8,9,0.3098296473772976,1,never fully,9,10
125,266791$_$8,T,3,5,5,0.12308414218347502,1,of,6,6
126,266791$_$11,T,1,5,7,0.6076720244981324,1,probably a good,6,8
127,266791$_$14,T,1,3,8,0.40532820534656666,3,if that sounds exciting to you,4,9
127,266791$_$14,T,2,20,21,0.10520219550706977,2,"otherwise ,",21,22
127,266791$_$14,T,3,7,7,0.09013589919316725,peak,to,8,8
128,270254$_$23,T,1,1,5,0.4835490522128564,1,to rent it if you,2,6
128,270254$_$23,T,2,2,2,0.10907738938306241,peak,rent,3,3
128,270254$_$23,T,3,9,9,0.0704435986339006,3,desperate,10,10
129,270254$_$0,T,1,0,2,0.4582822626759746,3,"hey everybody ,",1,3
129,270254$_$0,T,2,5,7,0.26990915536011284,2,tom and today,6,8
129,270254$_$0,T,3,4,5,0.1629398119525751,1,is tom,5,6
130,270254$_$6,T,1,14,17,0.3613111933169805,3,past the point when,15,18
130,270254$_$6,T,2,2,4,0.12412274485838216,1,as you can,3,5
130,270254$_$6,T,3,15,15,0.1237134438568342,peak,the,16,16
131,270254$_$8,T,1,21,23,0.21788455424176045,2,a bad movie,22,24
131,270254$_$8,T,2,13,16,0.20722609408210857,1,hope nobody will remember,14,17
131,270254$_$8,T,3,3,3,0.03885687429504513,1,one,4,4
132,270254$_$11,T,1,3,4,0.44441652291174694,1,story of,4,5
133,270254$_$14,T,1,0,2,0.5381053650593295,3,half the time,1,3
133,270254$_$14,T,2,4,4,0.1117414289620656,1,camera,5,5
133,270254$_$14,T,3,3,3,0.0989545727949224,2,the,4,4
134,270254$_$16,T,1,0,2,0.5518472171621496,2,( uhh ),1,4
134,270254$_$16,T,2,9,9,0.06604881674743916,2,who,11,11
134,270254$_$16,T,3,5,5,0.0570637947583271,1,was,7,7
135,272624$_$10,T,1,15,23,0.32307300896666735,3,here that isn ' t very good and (,20,28
135,272624$_$10,T,2,12,13,0.06282428140984307,1,( stutter,16,18
135,272624$_$10,T,3,1,2,0.056276070755072474,1,uhh ),2,4
136,272624$_$13,T,1,30,35,0.4170714083112633,3,you ' ll like it too,32,37
136,272624$_$13,T,2,33,33,0.13591829966066343,peak,like,35,35
136,272624$_$13,T,3,12,13,0.07271909122885738,2,' ve,14,15
137,272624$_$12,T,1,6,10,0.5228878432419968,3,also just not that much,8,12
137,272624$_$12,T,2,7,7,0.14265513880413036,peak,just,9,9
137,272624$_$12,T,3,10,10,0.0933167922854033,1,much,12,12
138,272624$_$16,T,1,18,26,0.3765770665076924,3,not as entertaining but ( stutter ) i think,19,28
138,272624$_$16,T,2,1,3,0.14414922989126824,1,umm ) unfortunately,2,4
138,272624$_$16,T,3,22,23,0.1023712230854863,2,( stutter,23,25
139,272624$_$18,T,1,24,28,0.19049608794013312,3,jet li is in it,26,30
139,272624$_$18,T,2,30,32,0.13143108801151182,3,in case you,32,34
139,272624$_$18,T,3,5,6,0.08195190093323262,2,movie they,7,8
140,272624$_$2,T,1,29,33,0.2997774235185302,2,the third ( uhh ),34,39
140,272624$_$2,T,2,12,16,0.19422929248000573,3,starring ( stutter ) brendan,15,20
140,272624$_$2,T,3,24,25,0.08821925255386538,2,bello and,28,30
141,272624$_$6,T,1,18,23,0.3117231687474981,3,) not to be taken too,21,26
141,272624$_$6,T,2,5,7,0.1226327012921573,3,as as (,6,8
141,272624$_$6,T,3,2,4,0.11041646419273962,1,) this movie,3,5
142,272624$_$9,T,1,15,19,0.30639505456097405,3,"surprise , but i feel",17,21
142,272624$_$9,T,2,9,11,0.13944422805210158,3,"it , which",11,13
142,272624$_$9,T,3,26,31,0.13660854522113222,1,could have used him more in,29,34
143,272624$_$8,T,1,24,28,0.17475184697408372,3,but it doesn ' t,28,32
143,272624$_$8,T,2,32,33,0.07066284846143026,2,as great,36,37
143,272624$_$8,T,3,14,15,0.06660763638353998,2,really (,16,17
144,273539$_$3,T,1,22,28,0.44273919548811,3,umm ) this film has little substance,24,30
144,273539$_$3,T,2,27,27,0.10358906116920327,peak,little,29,29
144,273539$_$3,T,3,21,22,0.07038057125767162,2,( umm,23,24
145,273539$_$2,T,1,0,2,1.0,3,vicky cristina barcelona,1,3
146,273539$_$9,T,1,32,36,0.49968491925145003,3,umm ) waste of time,36,40
146,273539$_$9,T,2,34,34,0.2281266688388571,peak,waste,38,38
146,273539$_$9,T,3,38,41,0.20731598630156095,1,your mind type of,42,45
147,290546$_$3,T,1,8,12,0.35071421778284345,3,umm ) not so much,9,13
147,290546$_$3,T,2,4,6,0.14943257293560536,1,looked familiar but,5,7
147,290546$_$3,T,3,3,4,0.12707852035869582,2,faces looked,4,5
148,290546$_$5,T,1,2,5,0.26385380218158966,1,) apparently her mother,3,6
148,290546$_$5,T,2,10,14,0.2319093624804167,2,) kill her when she,12,16
148,290546$_$5,T,3,3,3,0.08702841874092304,peak,apparently,4,4
149,290546$_$7,T,1,11,17,0.3763434853330716,2,) teen flick more than anything because,13,19
149,290546$_$7,T,2,26,30,0.24431230672169268,2,( stutter ) things are,28,33
149,290546$_$7,T,3,13,13,0.11721733859819881,peak,flick,15,15
150,290546$_$6,T,1,2,3,0.3423217113344297,2,to see,3,4
150,290546$_$6,T,2,4,4,0.19654387044459465,1,doctors,5,5
150,290546$_$6,T,3,6,6,0.10535414302660251,1,so,7,7
151,2S00zYaVrtc$_$10,T,1,8,12,0.7313651281127649,3,will deeply regret for the,9,13
151,2S00zYaVrtc$_$10,T,2,10,10,0.35283018144198475,1,regret,11,11
151,2S00zYaVrtc$_$10,T,3,4,5,0.0576551772590563,2,was one,5,6
152,2S00zYaVrtc$_$12,T,1,12,14,0.24857803609499937,2,you and our,13,15
152,2S00zYaVrtc$_$12,T,2,0,1,0.16397672120428403,2,we learned,1,2
152,2S00zYaVrtc$_$12,T,3,5,6,0.09113915880251688,3,we now,6,7
153,2S00zYaVrtc$_$20,T,1,9,11,0.29113415330384673,2,look forward to,10,12
153,2S00zYaVrtc$_$20,T,2,6,7,0.15831020262325196,1,message and,7,8
153,2S00zYaVrtc$_$20,T,3,2,2,0.0788054098708137,3,for,3,3
154,2S00zYaVrtc$_$17,T,1,2,6,0.42772761043305907,3,"these mistakes , we are",3,7
154,2S00zYaVrtc$_$17,T,2,3,3,0.1260866244245058,peak,mistakes,4,4
154,2S00zYaVrtc$_$17,T,3,5,5,0.07953260674803145,1,we,6,6
155,2S00zYaVrtc$_$5,T,1,4,7,0.2825585345201785,3,have worked tirelessly for,5,9
155,2S00zYaVrtc$_$5,T,2,20,23,0.21719934171530964,1,transform their lives .,22,25
155,2S00zYaVrtc$_$5,T,3,6,6,0.10956806583962361,1,tirelessly,7,8
156,2S00zYaVrtc$_$4,T,1,2,5,0.3344446696015677,3,why i have always,3,6
156,2S00zYaVrtc$_$4,T,2,6,7,0.16418872080360652,1,worked hard,7,8
156,2S00zYaVrtc$_$4,T,3,3,3,0.12050553252772955,peak,i,4,4
157,2Xt31_d0XEE$_$2,T,1,7,10,0.3473427959559924,3,who all love selling,10,13
157,2Xt31_d0XEE$_$2,T,2,9,9,0.1408605838953691,1,love,12,12
157,2Xt31_d0XEE$_$2,T,3,4,5,0.13855181819167373,2,of dedicated,7,8
158,31474$_$11,T,1,1,2,0.539649838933093,2,like they,2,3
159,31474$_$14,T,1,12,15,0.5861491862764469,3,such a bad shot,13,16
159,31474$_$14,T,2,14,14,0.40644955034010516,peak,bad,15,15
159,31474$_$14,T,3,3,4,0.08620019816348191,1,up killing,4,5
160,31474$_$0,T,1,16,19,0.43018318538716926,2,on this dvd movie,17,20
160,31474$_$0,T,2,19,21,0.24611401423218343,1,movie called the,20,22
160,31474$_$0,T,3,17,17,0.11953164609506953,1,this,18,18
161,31474$_$3,T,1,17,19,0.1975333354350624,2,there is a,18,20
161,31474$_$3,T,2,1,3,0.192007894172378,1,umm ) the,2,4
161,31474$_$3,T,3,10,11,0.11840574226917548,3,students go,11,12
162,31474$_$6,T,1,5,8,0.7995876968641387,3,the worst movie i,6,9
162,31474$_$6,T,2,6,6,0.4185744702841865,1,worst,7,7
162,31474$_$6,T,3,11,11,0.019030957781368422,2,ever,12,12
163,31474$_$9,T,1,3,4,0.3847941410227559,3,really kind,4,5
163,31474$_$9,T,2,6,6,0.16706873106364217,1,grainy,7,8
164,31474$_$8,T,1,6,7,0.6234353807355388,1,low budget,7,8
165,32681$_$1,T,1,9,13,0.4788119973282391,2,", did did ( stutter",10,15
165,32681$_$1,T,2,10,10,0.1197105362673332,peak,did,11,11
165,32681$_$1,T,3,3,3,0.04649760435995098,3,i,4,4
166,32681$_$3,T,1,32,36,0.22605863111784752,3,m extremely disappointed in the,34,38
166,32681$_$3,T,2,34,34,0.09749869496927988,1,disappointed,36,36
166,32681$_$3,T,3,21,23,0.09191120439141612,1,it and (,22,24
167,32681$_$5,T,1,6,9,0.2372580602025371,3,i did laugh was,7,10
167,32681$_$5,T,2,2,4,0.19972338142835377,2,) the only,3,5
167,32681$_$5,T,3,12,14,0.1338747069074581,2,the ( stutter,13,16
168,32681$_$6,T,1,20,21,0.10221639919086761,1,fun of,21,22
168,32681$_$6,T,2,26,27,0.09913505143887062,1,really funny,27,28
168,32681$_$6,T,3,1,2,0.08384178389837964,2,umm ),2,3
169,33170$_$1,T,1,18,22,0.24285721621748424,2,( stutter ) mocks movies,21,27
169,33170$_$1,T,2,14,16,0.08241227272186784,2,it ' s,17,19
169,33170$_$1,T,3,21,21,0.07617458173568535,peak,mocks,25,26
170,33170$_$3,T,1,7,11,0.5328529796512469,3,"humor and cheap laughs ,",8,12
170,33170$_$3,T,2,9,9,0.2618740537213167,1,cheap,10,10
170,33170$_$3,T,3,18,20,0.10368658332384295,2,really desperate for,19,21
171,33170$_$4,T,1,23,27,0.23143566704330149,3,i don ' t think,25,29
171,33170$_$4,T,2,8,10,0.12095653083214278,2,expecting ( uhh,9,12
171,33170$_$4,T,3,21,22,0.06819903112854164,2,of movie,23,24
172,3MFNIag0wNE$_$12,T,1,32,41,0.3569111472951712,2,: very little support - and we still didn ',38,47
172,3MFNIag0wNE$_$12,T,2,34,34,0.0634995213242163,peak,little,40,40
172,3MFNIag0wNE$_$12,T,3,39,40,0.06044956149194161,1,still didn,45,46
173,3MFNIag0wNE$_$14,T,1,3,6,0.16551478630471392,3,also sad that in,4,7
173,3MFNIag0wNE$_$14,T,2,27,30,0.15961614418840536,2,feel good about it,29,32
173,3MFNIag0wNE$_$14,T,3,4,4,0.06945301179663979,1,sad,5,5
174,3MFNIag0wNE$_$16,T,1,5,9,0.4776957522159723,3,good time to mention that,6,10
174,3MFNIag0wNE$_$16,T,2,7,7,0.15000453580049172,peak,to,8,8
174,3MFNIag0wNE$_$16,T,3,16,17,0.11982450586538129,2,the nostalgic,17,20
175,3MFNIag0wNE$_$7,T,1,16,17,0.3616510668767221,2,a chance,17,18
175,3MFNIag0wNE$_$7,T,2,10,12,0.13754470043329406,3,better if we,11,13
175,3MFNIag0wNE$_$7,T,3,4,4,0.10603200619289478,1,but,5,5
176,3V2qm0rw920$_$11,T,1,10,12,0.2609476310174747,3,theory and practice,13,15
176,3V2qm0rw920$_$11,T,2,1,2,0.176468708590605,2,hear from,2,3
176,3V2qm0rw920$_$11,T,3,14,15,0.1576588212368933,1,is distinctly,17,18
177,3V2qm0rw920$_$13,T,1,24,27,0.212551111999368,2,are transforming our world,25,28
177,3V2qm0rw920$_$13,T,2,14,17,0.19338014204641019,3,and proud to feature,15,18
177,3V2qm0rw920$_$13,T,3,18,20,0.16231956815241325,2,the remarkable stories,19,21
178,3V2qm0rw920$_$3,T,1,3,6,0.7044739649725743,2,the same rigorous content,4,7
178,3V2qm0rw920$_$3,T,2,4,4,0.3150320835432336,peak,same,5,5
178,3V2qm0rw920$_$3,T,3,13,14,0.07586010310695429,1,classrooms .,14,15
179,3j94B0pzSVs$_$12,T,1,1,3,0.3833903877251068,3,will work toward,2,4
179,3j94B0pzSVs$_$12,T,2,6,6,0.10846318886742068,1,effort,7,7
179,3j94B0pzSVs$_$12,T,3,8,8,0.09183454884995387,2,in,9,9
180,3j94B0pzSVs$_$17,T,1,3,7,0.5123429380297763,2,address the proliferation of hate,4,8
180,3j94B0pzSVs$_$17,T,2,7,7,0.12090485068962212,peak,hate,8,8
180,3j94B0pzSVs$_$17,T,3,4,4,0.11108024852152287,1,the,5,5
181,3j94B0pzSVs$_$1,T,1,19,23,0.35381472544367104,3,and have not been part,22,26
181,3j94B0pzSVs$_$1,T,2,13,15,0.1384329105291933,3,but have never,15,17
181,3j94B0pzSVs$_$1,T,3,27,30,0.12132007709112877,1,or governing activities .,31,34
182,3j94B0pzSVs$_$0,T,1,6,8,0.15986551153803275,3,jack kitaeff :,7,11
182,3j94B0pzSVs$_$0,T,2,12,13,0.10197676281931171,3,right to,15,16
182,3j94B0pzSVs$_$0,T,3,20,21,0.1001560324563584,2,psychological association,23,24
183,4cFeG2ydm9A$_$8,T,1,9,12,0.6304301466677429,2,enthusiastic and conversation in,10,13
183,4cFeG2ydm9A$_$8,T,2,10,10,0.2281199806505876,peak,and,11,11
183,4cFeG2ydm9A$_$8,T,3,12,12,0.09816694325859614,1,in,13,13
184,4dV3slGSc60$_$10,T,1,10,13,0.3040488905023894,3,100 percent holding online,11,14
184,4dV3slGSc60$_$10,T,2,16,18,0.2133165118311508,2,a dedicated entrepreneurship,17,19
184,4dV3slGSc60$_$10,T,3,10,10,0.09725754723488059,peak,100,11,11
185,4dV3slGSc60$_$12,T,1,16,18,0.25235417680269256,2,completely entrepreneurship based,17,19
185,4dV3slGSc60$_$12,T,2,10,11,0.15675540540230606,1,entrepreneurship based,11,12
185,4dV3slGSc60$_$12,T,3,12,12,0.06253405078372135,3,and,13,13
186,4dV3slGSc60$_$22,T,1,32,43,0.3615295881390479,3,"student that just has the degree in hand , but we graduate",33,44
186,4dV3slGSc60$_$22,T,2,38,40,0.09147054038282447,1,"in hand ,",39,41
186,4dV3slGSc60$_$22,T,3,19,20,0.04415852344499572,1,' s,20,21
187,4dV3slGSc60$_$9,T,1,14,18,0.3651719149608997,1,was right on the ball,15,19
187,4dV3slGSc60$_$9,T,2,15,15,0.07682340887661755,peak,right,16,16
188,4dV3slGSc60$_$8,T,1,8,11,0.21556497703440256,3,that seemed like the,14,17
188,4dV3slGSc60$_$8,T,2,13,15,0.2076778346132767,2,reason why i,19,21
188,4dV3slGSc60$_$8,T,3,0,1,0.10488729416223727,1,i remember,1,2
189,50103$_$3,T,1,38,42,0.22124132053427828,3,didn ' t like it,41,45
189,50103$_$3,T,2,28,31,0.11103622037563063,3,closed the whole movie,30,33
189,50103$_$3,T,3,41,41,0.06773271601083594,peak,like,44,44
190,5B0PQx3Ep3k$_$5,T,1,6,12,0.4319949154805088,3,truly want to help all our young,7,13
190,5B0PQx3Ep3k$_$5,T,2,9,10,0.14119794489674398,1,help all,10,11
190,5B0PQx3Ep3k$_$5,T,3,6,7,0.13853975101662455,2,truly want,7,8
191,5O1W39o56gg$_$1,T,1,2,5,0.43769133391354,3,we ' re talking,3,6
191,5O1W39o56gg$_$1,T,2,4,4,0.13448752407722697,peak,re,5,5
191,5O1W39o56gg$_$1,T,3,5,5,0.11499822250609967,1,talking,6,6
192,5O1W39o56gg$_$2,T,1,12,13,0.544277339619766,2,end of,13,14
192,5O1W39o56gg$_$2,T,2,6,9,0.17829617358723865,3,have your literature review,7,10
192,5O1W39o56gg$_$2,T,3,3,5,0.11520692123995233,1,a reason we,4,6
193,5O1W39o56gg$_$9,T,1,5,8,0.5674875911070122,2,did a great study,6,9
193,5O1W39o56gg$_$9,T,2,7,7,0.21725770738555356,peak,great,8,8
193,5O1W39o56gg$_$9,T,3,10,10,0.039000230951772435,1,1997,11,11
194,5i6AgQSjXO4$_$3,T,1,4,8,0.6036509916671401,2,one of the key area,5,9
194,5i6AgQSjXO4$_$3,T,2,7,7,0.1892816575964237,peak,key,8,8
194,5i6AgQSjXO4$_$3,T,3,9,9,0.07125778991210682,1,of,10,10
195,5i6AgQSjXO4$_$2,T,1,2,6,0.27336227739428237,3,before us today is :,3,7
195,5i6AgQSjXO4$_$2,T,2,13,14,0.1182186712116364,1,of the,14,15
195,5i6AgQSjXO4$_$2,T,3,25,26,0.10813321939611872,1,and job,26,27
196,5i6AgQSjXO4$_$6,T,1,1,3,0.47504749279497577,3,knowledge of any,2,4
196,5i6AgQSjXO4$_$6,T,2,5,5,0.13714483572939346,1,can,6,6
196,5i6AgQSjXO4$_$6,T,3,7,7,0.08983278537212379,1,be,8,8
197,5kaCGzjYukM$_$0,T,1,13,16,0.22368111750140884,3,many of you have,16,19
197,5kaCGzjYukM$_$0,T,2,9,12,0.21800248168216024,2,", which i know",12,15
197,5kaCGzjYukM$_$0,T,3,10,10,0.0895739890186046,peak,which,13,13
198,5kaCGzjYukM$_$3,T,1,11,14,0.21304749809140444,3,", of casualties in",12,15
198,5kaCGzjYukM$_$3,T,2,4,6,0.18162591030838793,2,"at dozens ,",5,7
198,5kaCGzjYukM$_$3,T,3,17,18,0.10550229663193536,1,on what,18,19
199,5kaCGzjYukM$_$2,T,1,22,26,0.4542416954422029,3,this attack reprehensible in every,26,33
199,5kaCGzjYukM$_$2,T,2,24,24,0.18028294871141026,1,reprehensible,28,31
199,5kaCGzjYukM$_$2,T,3,9,11,0.10219059030785713,3,podium at the,13,15
200,5kaCGzjYukM$_$5,T,1,8,12,0.540532375215112,3,regime to cease these absolutely,9,13
200,5kaCGzjYukM$_$5,T,2,10,10,0.17732779526374354,peak,cease,11,11
200,5kaCGzjYukM$_$5,T,3,12,14,0.12344925653556081,1,absolutely senseless attacks,13,16
201,5kaCGzjYukM$_$7,T,1,33,41,0.3168593699476718,3,i know you ’ ve all been interested in,34,42
201,5kaCGzjYukM$_$7,T,2,8,10,0.09726198639482098,1,hear more from,9,11
201,5kaCGzjYukM$_$7,T,3,34,35,0.07211872531326366,1,know you,35,36
202,6KvG5VbLalY$_$9,T,1,6,12,0.2726179877673623,3,out and reach the active seeker plus,7,13
202,6KvG5VbLalY$_$9,T,2,20,22,0.127662465606372,2,think they have,21,23
202,6KvG5VbLalY$_$9,T,3,11,12,0.09075450009076921,1,seeker plus,12,13
203,6ZA8I83x-oY$_$0,T,1,6,8,0.2746427209507931,3,s first fan,7,9
203,6ZA8I83x-oY$_$0,T,2,14,16,0.2733163043657086,3,is hoping to,15,17
203,6ZA8I83x-oY$_$0,T,3,13,14,0.17390228083714884,1,", is",14,15
204,6ZA8I83x-oY$_$2,T,1,35,40,0.21970410511059507,3,"we love hollywood , we love",38,43
204,6ZA8I83x-oY$_$2,T,2,17,20,0.11651472508898132,2,and i can actually,19,22
204,6ZA8I83x-oY$_$2,T,3,34,36,0.1085001143264071,1,""" we love",37,39
205,6hFiTU77Sm0$_$1,T,1,8,10,0.36575566253378977,3,each college does,9,11
205,6hFiTU77Sm0$_$1,T,2,3,4,0.14779299370877008,2,of different,4,5
205,6hFiTU77Sm0$_$1,T,3,2,2,0.0911445253129202,3,tons,3,3
206,6hFiTU77Sm0$_$2,T,1,1,4,0.4358428365766738,3,you might have to,2,5
206,6hFiTU77Sm0$_$2,T,2,2,2,0.15722969741468407,peak,might,3,3
206,6hFiTU77Sm0$_$2,T,3,8,8,0.08468692515413982,2,one,9,9
207,6uPGcKTpC4I$_$1,T,1,17,20,0.25971117762805274,2,"720 , we will",18,21
207,6uPGcKTpC4I$_$1,T,2,10,12,0.18046057982522368,3,on february 12th,11,13
207,6uPGcKTpC4I$_$1,T,3,16,17,0.11795590808024656,1,", 720",17,18
208,6uPGcKTpC4I$_$2,T,1,10,13,0.1829776590433032,1,that is the reward,11,14
208,6uPGcKTpC4I$_$2,T,2,3,5,0.14649159371842213,3,dash ' s,4,6
208,6uPGcKTpC4I$_$2,T,3,17,19,0.13752571096724342,3,"masternodes , and",18,22
209,6uPGcKTpC4I$_$6,T,1,9,11,0.3572701522670658,3,"three new """,11,13
209,6uPGcKTpC4I$_$6,T,2,5,6,0.23613818661382924,2,"happenings ,",6,8
209,6uPGcKTpC4I$_$6,T,3,8,8,0.0989106741023447,1,are,10,10
210,70280$_$11,T,1,15,17,0.31503194639134696,2,", than to",17,19
210,70280$_$11,T,2,5,7,0.28106642727943865,1,"movie , (",6,8
210,70280$_$11,T,3,2,2,0.042469237446603435,3,rather,3,3
211,70280$_$3,T,1,10,16,0.706140070548534,3,is really nothing that he can do,11,17
211,70280$_$3,T,2,11,12,0.32421089713021817,1,really nothing,12,13
211,70280$_$3,T,3,15,17,0.2430078500007632,2,can do about,16,18
212,70280$_$4,T,1,5,8,0.26934292762391704,2,plot sounds very familiar,7,10
212,70280$_$4,T,2,13,15,0.20317899327307756,3,this movie (,15,17
212,70280$_$4,T,3,1,2,0.0948178699175592,1,uhh ),2,4
213,70280$_$6,T,1,8,12,0.5894901733358408,3,little bit cheated because (,10,14
213,70280$_$6,T,2,10,10,0.22858719041433068,peak,cheated,12,12
213,70280$_$6,T,3,21,22,0.0549209945856894,1,very similar,25,26
214,75RGHaxmUK8$_$3,T,1,3,7,0.5141034176666798,2,agent we can help you,4,8
214,75RGHaxmUK8$_$3,T,2,6,6,0.11874743754870906,1,help,7,7
214,75RGHaxmUK8$_$3,T,3,0,1,0.11388144083810559,1,as an,1,2
215,75RGHaxmUK8$_$5,T,1,1,4,0.45281265261234865,3,ea or enrolled agent,2,5
215,75RGHaxmUK8$_$5,T,2,4,5,0.24441748811274722,1,agent is,5,6
215,75RGHaxmUK8$_$5,T,3,0,1,0.1995432953831605,1,an ea,1,2
216,7_K3F-lAv1k$_$2,T,1,24,28,0.15023956563235305,3,around and experience new things,25,29
216,7_K3F-lAv1k$_$2,T,2,32,34,0.10165986118859872,1,allowed me to,33,35
216,7_K3F-lAv1k$_$2,T,3,6,7,0.06080346907217918,2,years ago,7,8
217,7r4vRxKLFCA$_$6,T,1,18,24,0.25269374871565325,3,"forth with each other , all three",19,25
217,7r4vRxKLFCA$_$6,T,2,14,16,0.12555763176459037,2,re going back,15,17
217,7r4vRxKLFCA$_$6,T,3,28,30,0.1090018750044272,2,"the fan ,",29,31
218,80566$_$1,T,1,0,3,0.6760198925737366,2,"a new hope ,",1,4
218,80566$_$1,T,2,2,2,0.2614990336784551,peak,hope,3,3
218,80566$_$1,T,3,4,4,0.05055426289454361,1,the,5,5
219,80566$_$0,T,1,6,8,0.4035964207028248,3,the original three,7,9
219,80566$_$0,T,2,10,11,0.2649688294061304,1,wars movies,11,12
220,80566$_$3,T,1,3,4,0.555155903046396,1,you know,4,5
220,80566$_$3,T,2,5,9,0.2325358891355041,3,luke i am your father,6,10
220,80566$_$3,T,3,10,11,0.0769783501950086,2,but with,11,12
221,80566$_$2,T,1,0,1,0.612566907930931,1,they are,1,2
221,80566$_$2,T,2,1,4,0.2645190226429,2,are referenced countlessly in,2,6
222,80566$_$4,T,1,3,4,0.5138098041969346,3,almost an,4,5
222,80566$_$4,T,2,5,5,0.18750322301322742,1,american,6,6
223,80566$_$6,T,1,1,4,0.5425661138856506,2,i ( stutter ),2,6
223,80566$_$6,T,2,3,3,0.17313138127478298,peak,stutter,4,5
223,80566$_$6,T,3,0,0,0.1178024631706826,1,i,1,1
224,80855$_$11,T,1,9,12,0.6727395454507127,3,are in some episodes,12,15
224,80855$_$11,T,2,12,12,0.32531160366288503,peak,episodes,15,15
224,80855$_$11,T,3,3,3,0.05952821997366186,2,and,5,5
225,80855$_$10,T,1,5,8,0.3844330628098339,3,") in the ,",7,10
225,80855$_$10,T,2,14,15,0.18157636647483993,2,couple episodes,16,17
225,80855$_$10,T,3,7,7,0.12798595401655238,peak,the,9,9
226,80855$_$12,T,1,1,4,0.5517021937924075,3,schwimmer and some guy,2,8
226,80855$_$12,T,2,3,3,0.2185393503689512,peak,some,7,7
226,80855$_$12,T,3,6,7,0.13986932401929442,1,david schwimmer,10,14
227,80855$_$15,T,1,11,13,0.30724302290180083,2,is amazing (,12,14
227,80855$_$15,T,2,5,7,0.22326985711077516,1,keeps to the,6,8
227,80855$_$15,T,3,4,5,0.15854770242697686,3,it keeps,5,6
228,80855$_$17,T,1,25,28,0.24414795021143584,3,' s not the,26,29
228,80855$_$17,T,2,2,4,0.14651169694190969,1,to just sit,3,5
228,80855$_$17,T,3,13,15,0.14029490091935126,2,"okay , maybe",14,16
229,80855$_$0,T,1,0,0,0.5,1,alright,1,1
230,80855$_$3,T,1,0,2,1.0,3,the acclaimed series,1,3
231,80855$_$2,T,1,1,2,0.7450637287473161,1,four curb,2,3
232,80855$_$7,T,1,3,4,0.5396875288665741,2,my fingers,4,5
232,80855$_$7,T,2,0,0,0.1252015779443291,1,that,1,1
232,80855$_$7,T,3,2,2,0.10754861770099114,3,s,3,3
233,80855$_$20,T,1,9,11,0.6946898880732846,2,and a genius,14,16
233,80855$_$20,T,2,7,7,0.062124639274611926,1,),9,9
234,830KzUc6CbU$_$0,T,1,3,6,0.3298868831169556,3,is rhett reiger from,4,9
234,830KzUc6CbU$_$0,T,2,12,13,0.2205875922955241,2,of expert,15,16
234,830KzUc6CbU$_$0,T,3,3,3,0.08570040101312981,1,is,4,4
235,830KzUc6CbU$_$13,T,1,5,9,0.4956296942033239,3,"many different issues , like",6,10
235,830KzUc6CbU$_$13,T,2,7,7,0.1715417594197549,peak,issues,8,8
235,830KzUc6CbU$_$13,T,3,35,41,0.12663468638749084,2,"of the shoot , or until the",37,43
236,84140$_$0,T,1,7,12,0.6172391187645503,3,", and i generally love sort",9,14
236,84140$_$0,T,2,17,18,0.15418871456110098,1,comedy sort,19,20
236,84140$_$0,T,3,11,11,0.15332233051624666,peak,love,13,13
237,84140$_$5,T,1,29,37,0.33399148221463926,3,"it all ( stutter ) feels very like ,",31,40
237,84140$_$5,T,2,39,42,0.13062392526543143,2,"' s not ,",42,45
237,84140$_$5,T,3,32,32,0.055906765855116586,peak,stutter,34,35
238,89835$_$1,T,1,9,11,0.5582436551966539,3,for his martial,10,12
238,89835$_$1,T,2,13,16,0.17576452716383184,1,special effects action flicks,14,18
238,89835$_$1,T,3,13,13,0.054222362532347614,3,special,14,14
239,89835$_$0,T,1,6,8,0.5510812160938653,3,off the wall,7,9
239,89835$_$0,T,2,5,5,0.0727404403181725,1,his,6,6
239,89835$_$0,T,3,4,4,0.06133075107082127,2,for,5,5
240,89835$_$4,T,1,16,20,0.38668448466869243,2,so much as one person,17,21
240,89835$_$4,T,2,17,17,0.20604355667543806,1,much,18,18
240,89835$_$4,T,3,14,14,0.13713407791528837,1,really,15,15
241,89835$_$7,T,1,5,9,0.3334350295990789,1,a few ( uhh ),7,12
241,89835$_$7,T,2,29,34,0.28458478035828183,3,didn ' t enjoy the film,33,38
241,89835$_$7,T,3,1,3,0.08882551223298771,2,uhh ) there,2,5
242,8eaYvALnJ0o$_$1,T,1,6,9,0.27650416914813364,2,wide range of patterns,7,10
242,8eaYvALnJ0o$_$1,T,2,12,13,0.11960689027043571,2,wide range,13,14
242,8eaYvALnJ0o$_$1,T,3,7,7,0.07348375173994995,peak,range,8,8
243,8eaYvALnJ0o$_$0,T,1,10,11,0.28143256961951235,1,great versatility,11,13
243,8eaYvALnJ0o$_$0,T,2,2,3,0.230962092951776,2,the great,3,4
243,8eaYvALnJ0o$_$0,T,3,7,7,0.0651713602087926,1,siding,8,8
244,8x_nCOh6Wmc$_$6,T,1,38,45,0.4513749780736773,3,be ready to give a great speech .,40,47
244,8x_nCOh6Wmc$_$6,T,2,43,43,0.11689051803123948,peak,great,45,45
244,8x_nCOh6Wmc$_$6,T,3,26,28,0.07563023690032011,2,"the bugs ,",27,29
245,96642$_$1,T,1,16,19,0.29321161354488645,3,the censored and unrated,18,24
245,96642$_$1,T,2,10,11,0.13682484514874826,2,world police,12,13
245,96642$_$1,T,3,18,18,0.11428400624983143,peak,and,22,22
246,96642$_$3,T,1,12,13,0.23424946509922354,1,very popular,14,15
246,96642$_$3,T,2,5,6,0.18142890675062026,2,the mind,7,8
246,96642$_$3,T,3,4,4,0.08188077911420558,1,were,6,6
247,96642$_$2,T,1,10,13,0.6214906164576195,3,team ( uhh ),11,15
247,96642$_$2,T,2,12,12,0.2170513116157491,peak,uhh,13,14
247,96642$_$2,T,3,9,10,0.11877001140671178,2,the team,10,11
248,96642$_$4,T,1,14,19,0.24631152944280754,2,umm ) i guess they should,16,21
248,96642$_$4,T,2,24,26,0.10116047172611503,3,because this isn,26,28
248,96642$_$4,T,3,2,3,0.0721315700104316,1,( umm,3,4
249,99501$_$10,T,1,6,10,0.5093898207435819,2,"are nice , but not",8,12
249,99501$_$10,T,2,9,9,0.13353538103670984,peak,but,11,11
249,99501$_$10,T,3,1,1,0.04353479492224677,1,uhh,2,3
250,99501$_$13,T,1,25,34,0.4379929338493426,3,"very , very little here to reclaim it and make",27,36
250,99501$_$13,T,2,27,28,0.17283446527078866,1,very little,29,30
250,99501$_$13,T,3,32,35,0.11414413690953235,2,it and make it,34,37
251,99501$_$1,T,1,7,9,0.43448308709150113,3,reviewing the two,8,10
251,99501$_$1,T,2,10,13,0.18217943670045753,1,disc special edition of,11,14
251,99501$_$1,T,3,4,5,0.10939569621485719,3,going to,5,6
252,99501$_$0,T,1,0,0,0.5,1,hey,1,1
253,99501$_$5,T,1,30,33,0.1907390881822623,3,in favor of just,34,37
253,99501$_$5,T,2,11,14,0.16655927308947585,2,uhh ) ( stutter,13,18
253,99501$_$5,T,3,1,2,0.0922554154688157,1,movie kind,2,3
254,99501$_$7,T,1,9,13,0.33848378490848197,1,"more with this movie ,",10,14
254,99501$_$7,T,2,2,5,0.28117516351356114,3,you could have done,3,6
254,99501$_$7,T,3,11,11,0.07573140830468403,peak,this,12,12
255,9QI-9w_VdB4$_$0,T,1,18,21,0.308848055529255,1,you ' re in,19,22
255,9QI-9w_VdB4$_$0,T,2,16,17,0.13277059351771758,2,every time,17,18
255,9QI-9w_VdB4$_$0,T,3,20,20,0.09217786571301229,peak,re,21,21
256,AG5EY8ZaFj4$_$3,T,1,2,5,0.49134698494654694,2,m a photographer and,3,6
256,AG5EY8ZaFj4$_$3,T,2,4,4,0.19909698876008303,1,photographer,5,5
256,AG5EY8ZaFj4$_$3,T,3,2,2,0.0872429943599668,3,m,3,3
257,AG5EY8ZaFj4$_$15,T,1,14,17,0.26812874636612244,3,just the part of,17,20
257,AG5EY8ZaFj4$_$15,T,2,10,12,0.21674929587129288,2,marquee until you,11,15
257,AG5EY8ZaFj4$_$15,T,3,6,6,0.05148222167237783,1,to,7,7
258,Arh2TKRi_mg$_$15,T,1,16,20,0.36224636356776896,3,features and benefits of your,17,21
258,Arh2TKRi_mg$_$15,T,2,18,18,0.10045486055681771,peak,benefits,19,19
258,Arh2TKRi_mg$_$15,T,3,12,12,0.046921935185347256,2,and,13,13
259,Arh2TKRi_mg$_$14,T,1,14,17,0.39815572954985395,2,become fruitful relationships down,15,19
259,Arh2TKRi_mg$_$14,T,2,9,10,0.16261790853062105,2,and make,10,11
259,Arh2TKRi_mg$_$14,T,3,13,14,0.15475782528047777,1,could become,14,15
260,Arh2TKRi_mg$_$16,T,1,17,21,0.371356145437252,2,"the bar , not everything",19,23
260,Arh2TKRi_mg$_$16,T,2,12,14,0.11505402285242308,3,across the table,14,16
260,Arh2TKRi_mg$_$16,T,3,18,18,0.10912502375904855,1,bar,20,20
261,Arh2TKRi_mg$_$19,T,1,15,20,0.46541195725057444,3,have is a warm lead .,16,21
261,Arh2TKRi_mg$_$19,T,2,2,4,0.1538814713678177,1,closed the deal,3,5
261,Arh2TKRi_mg$_$19,T,3,18,18,0.14791195133798019,peak,warm,19,19
262,Arh2TKRi_mg$_$32,T,1,2,5,0.24073190471963274,3,", and good business",3,6
262,Arh2TKRi_mg$_$32,T,2,24,25,0.1020945891662445,3,a huge,25,26
262,Arh2TKRi_mg$_$32,T,3,0,1,0.10061298382483466,2,good luck,1,2
263,Arh2TKRi_mg$_$28,T,1,10,13,0.5863133689451338,2,a bad product or,11,14
263,Arh2TKRi_mg$_$28,T,2,11,11,0.23073069338237728,1,bad,12,12
263,Arh2TKRi_mg$_$28,T,3,14,14,0.09926245403332448,1,service,15,15
264,Arh2TKRi_mg$_$3,T,1,2,8,0.3909238877563568,3,m a firm believer in top down,3,9
264,Arh2TKRi_mg$_$3,T,2,7,9,0.18424115466158464,1,top down selling,8,10
264,Arh2TKRi_mg$_$3,T,3,27,28,0.08621807085385033,2,attend the,28,29
265,AxNy9TeTLq8$_$0,T,1,27,36,0.7291241550883827,3,and there ' s great data on all of this,28,37
265,AxNy9TeTLq8$_$0,T,2,33,34,0.1710073719660279,1,on all,34,35
265,AxNy9TeTLq8$_$0,T,3,31,31,0.16688814201065594,peak,great,32,32
266,BSKAHXFYF_I$_$1,T,1,9,11,0.3328752640169749,2,unofficial organization chart,10,12
266,BSKAHXFYF_I$_$1,T,2,2,4,0.24048440241301294,3,you know that,3,5
266,BSKAHXFYF_I$_$1,T,3,1,1,0.08998582571260005,1,did,2,2
267,BSKAHXFYF_I$_$3,T,1,7,9,0.14170372729158529,2,every company ',8,10
267,BSKAHXFYF_I$_$3,T,2,13,15,0.13551058032664712,3,chart is comprised,14,16
267,BSKAHXFYF_I$_$3,T,3,17,19,0.13093694143958529,3,just three types,18,20
268,BSKAHXFYF_I$_$7,T,1,0,2,0.3392274383585081,1,grinders are the,1,4
268,BSKAHXFYF_I$_$7,T,2,7,8,0.1981543476573266,2,actual work,9,10
268,BSKAHXFYF_I$_$7,T,3,9,9,0.0815543147324416,3,of,11,11
269,BSKAHXFYF_I$_$8,T,1,8,11,0.48090523307228367,3,ship the products or,9,12
269,BSKAHXFYF_I$_$8,T,2,3,4,0.20072667746648307,1,the ones,4,5
269,BSKAHXFYF_I$_$8,T,3,10,10,0.15149950054185865,1,products,11,11
270,Baz0VVQ-E9E$_$10,T,1,6,8,0.6406687495482921,2,a bad choice,7,9
270,Baz0VVQ-E9E$_$10,T,2,3,3,0.10237420006915571,1,going,4,4
271,Baz0VVQ-E9E$_$1,T,1,7,9,0.35503459964991807,3,the possession of,8,10
271,Baz0VVQ-E9E$_$1,T,2,0,1,0.19596729964350867,2,in 1774,1,2
271,Baz0VVQ-E9E$_$1,T,3,11,11,0.09984478901915861,1,britain,12,12
272,Baz0VVQ-E9E$_$5,T,1,4,5,0.5017989445706748,2,could not,5,6
272,Baz0VVQ-E9E$_$5,T,2,1,1,0.09997666073192721,1,1918,2,2
273,Baz0VVQ-E9E$_$7,T,1,12,14,0.24309963489300088,2,", stronger nation",13,15
273,Baz0VVQ-E9E$_$7,T,2,7,8,0.13546467619793362,3,became a,8,9
273,Baz0VVQ-E9E$_$7,T,3,9,9,0.07609468522906446,1,better,10,10
274,CJGuudyvA0Y$_$4,T,1,28,34,0.41025558309795657,3,and keep it all organized and loaded,29,35
274,CJGuudyvA0Y$_$4,T,2,32,33,0.16569955719470336,2,organized and,33,34
274,CJGuudyvA0Y$_$4,T,3,7,9,0.1055067767755332,3,situation track all,8,10
275,CPjbogfLHR4$_$2,T,1,13,14,0.242578091316839,1,catastrophic fires,14,15
275,CPjbogfLHR4$_$2,T,2,4,5,0.15849558411359277,3,", and",5,6
275,CPjbogfLHR4$_$2,T,3,10,10,0.07625690963920931,1,to,11,11
276,CPjbogfLHR4$_$5,T,1,9,12,0.23548588433819762,2,i heard about the,11,14
276,CPjbogfLHR4$_$5,T,2,14,15,0.11060553516145438,1,sustainability award,16,17
276,CPjbogfLHR4$_$5,T,3,19,20,0.07592307903176151,3,grant for,21,22
277,DdUJojoFU_c$_$11,T,1,12,15,0.24038750489687027,2,of the year as,14,17
277,DdUJojoFU_c$_$11,T,2,20,21,0.1449214194734696,2,to production,22,23
277,DdUJojoFU_c$_$11,T,3,14,14,0.0692467774606184,1,year,16,16
278,DdUJojoFU_c$_$15,T,1,6,9,0.458743519417948,3,website at www .,7,10
278,DdUJojoFU_c$_$15,T,2,11,12,0.2528225135377455,1,. com,14,15
278,DdUJojoFU_c$_$15,T,3,8,8,0.1683766728652562,peak,www,9,9
279,DdUJojoFU_c$_$14,T,1,16,20,0.24024074197012893,3,contact your nearest jennings capital,17,21
279,DdUJojoFU_c$_$14,T,2,1,2,0.09912428276802956,2,more information,2,3
279,DdUJojoFU_c$_$14,T,3,17,17,0.06369809044253877,peak,your,18,18
280,DdUJojoFU_c$_$17,T,1,17,19,0.24463493181856635,2,any securities .,18,20
280,DdUJojoFU_c$_$17,T,2,14,14,0.10379826511666362,1,buy,15,15
280,DdUJojoFU_c$_$17,T,3,8,8,0.05983137677390647,1,it,9,9
281,DdUJojoFU_c$_$16,T,1,10,12,0.1382234710944133,1,more video news,14,16
281,DdUJojoFU_c$_$16,T,2,1,3,0.13107912567681146,1,' m samantha,2,4
281,DdUJojoFU_c$_$16,T,3,26,27,0.08297964505303757,2,www .,32,33
282,DdUJojoFU_c$_$2,T,1,1,8,0.30418120697881934,3,"company , which is focused in mexico ,",2,9
282,DdUJojoFU_c$_$2,T,2,6,7,0.08770413994596096,1,in mexico,7,8
282,DdUJojoFU_c$_$2,T,3,18,18,0.033045839488890796,2,stage,19,19
283,DdUJojoFU_c$_$6,T,1,9,16,0.6131967809735814,2,"holes reported , hole scvt - 02 reported",10,19
283,DdUJojoFU_c$_$6,T,2,15,16,0.14622550841389761,1,02 reported,18,19
283,DdUJojoFU_c$_$6,T,3,10,10,0.1171122332892813,1,reported,11,11
284,DdUJojoFU_c$_$8,T,1,10,16,0.5049179841322938,2,and a depth of 240 metres and,13,19
284,DdUJojoFU_c$_$8,T,2,14,14,0.10903470140058669,peak,240,17,17
284,DdUJojoFU_c$_$8,T,3,4,4,0.03547178044446936,1,strike,5,5
285,DlbYiwOnTyk$_$1,T,1,12,16,0.5359061027610967,3,time to build the website,13,17
285,DlbYiwOnTyk$_$1,T,2,9,10,0.1459222114433648,2,but only,10,11
285,DlbYiwOnTyk$_$1,T,3,15,15,0.1300161064762903,peak,the,16,16
286,E8MuzHUhUHk$_$15,T,1,1,2,0.19498609394784883,3,you for,2,3
286,E8MuzHUhUHk$_$15,T,2,12,13,0.1812569691622395,2,ny now,13,14
286,E8MuzHUhUHk$_$15,T,3,6,7,0.10330733583531389,1,tips for,7,8
287,E8MuzHUhUHk$_$14,T,1,2,4,0.23265390743515674,3,even get in,3,5
287,E8MuzHUhUHk$_$14,T,2,15,16,0.16316271189338316,2,day ahead,16,17
287,E8MuzHUhUHk$_$14,T,3,10,10,0.07381364056087467,1,are,11,11
288,E8MuzHUhUHk$_$16,T,1,12,18,0.3548030687240867,3,to learn how to enhance your professional,15,21
288,E8MuzHUhUHk$_$16,T,2,16,17,0.14095646005729154,1,enhance your,19,20
288,E8MuzHUhUHk$_$16,T,3,11,12,0.0985452954009266,2,com to,14,15
289,E8MuzHUhUHk$_$2,T,1,14,17,0.4681010652108976,3,and new all open,16,19
289,E8MuzHUhUHk$_$2,T,2,15,15,0.1721730616697417,peak,new,17,17
289,E8MuzHUhUHk$_$2,T,3,2,4,0.12710100528446705,2,opens on saturday,4,6
290,E8MuzHUhUHk$_$9,T,1,21,24,0.42042436049963255,2,avoid impulse buying .,22,25
290,E8MuzHUhUHk$_$9,T,2,12,14,0.18417253383661716,2,profitable and best,13,15
290,E8MuzHUhUHk$_$9,T,3,22,22,0.14424474578761828,peak,impulse,23,23
291,EEjCkc82oyk$_$7,T,1,7,12,0.631564728879844,3,to explain a bad night when,8,13
291,EEjCkc82oyk$_$7,T,2,10,10,0.24250623521478146,peak,bad,11,11
291,EEjCkc82oyk$_$7,T,3,17,17,0.030495886206413345,1,out,18,18
292,EEjCkc82oyk$_$9,T,1,5,7,0.2424623894614916,2,record clean so,6,8
292,EEjCkc82oyk$_$9,T,2,9,11,0.18592598985471614,3,doesn ' t,10,12
292,EEjCkc82oyk$_$9,T,3,17,18,0.0808736085119542,2,in the,18,19
293,EQxkXiWAm08$_$8,T,1,8,11,0.5856166847023324,2,in writing the contract,9,12
293,EQxkXiWAm08$_$8,T,2,10,10,0.17687396000751132,peak,the,11,11
293,EQxkXiWAm08$_$8,T,3,0,0,0.08520939050215695,1,a,1,1
294,ET1cU5_A2YM$_$1,T,1,11,15,0.29913715046646977,1,hundreds of rockets fired on,12,16
294,ET1cU5_A2YM$_$1,T,2,18,20,0.19679947927640984,3,and israel is,19,21
294,ET1cU5_A2YM$_$1,T,3,10,11,0.14151977102621338,3,of hundreds,11,12
295,ET1cU5_A2YM$_$3,T,1,4,7,0.5387189260152685,2,protect our civilians against,5,8
295,ET1cU5_A2YM$_$3,T,2,6,6,0.2182777161358972,peak,civilians,7,7
295,ET1cU5_A2YM$_$3,T,3,10,10,0.07086751778311037,1,on,11,11
296,ET1cU5_A2YM$_$6,T,1,16,18,0.4881405576038984,3,behind palestinian civilians,17,19
296,ET1cU5_A2YM$_$6,T,2,18,19,0.2777686644606058,2,civilians .,19,20
296,ET1cU5_A2YM$_$6,T,3,4,6,0.15601051944068003,1,a double war,5,7
297,EmmuWoCUgXs$_$22,T,1,9,12,0.5490885128135836,2,start a small photography,10,13
297,EmmuWoCUgXs$_$22,T,2,11,11,0.21186699647868557,1,small,12,12
297,EmmuWoCUgXs$_$22,T,3,8,9,0.1816582531506833,1,would start,9,10
298,EmmuWoCUgXs$_$7,T,1,11,16,0.4256064715084,3,up actually hating it and just,12,17
298,EmmuWoCUgXs$_$7,T,2,13,13,0.15051287634375332,peak,hating,14,14
298,EmmuWoCUgXs$_$7,T,3,23,25,0.09008840678635152,2,in the end,24,26
299,Es9MkKsMsjU$_$10,T,1,2,4,0.26909609470765394,3,should be the,3,5
299,Es9MkKsMsjU$_$10,T,2,1,2,0.20869649586562355,2,what should,2,3
299,Es9MkKsMsjU$_$10,T,3,14,15,0.18745444059423477,1,is not,15,16
300,Es9MkKsMsjU$_$12,T,1,1,5,0.21953003248036673,2,apparently not being friends with,2,6
300,Es9MkKsMsjU$_$12,T,2,18,20,0.11625980292072881,2,entire campaigns off,19,21
300,Es9MkKsMsjU$_$12,T,3,27,29,0.09051693148944864,3,is too superficial,28,30
301,Es9MkKsMsjU$_$2,T,1,12,17,0.20000939904238604,2,like me to not be friends,13,18
301,Es9MkKsMsjU$_$2,T,2,31,33,0.08789360815550679,3,is really disconnected,32,34
301,Es9MkKsMsjU$_$2,T,3,39,40,0.06477222698448941,2,world actually,40,41
302,Es9MkKsMsjU$_$7,T,1,2,7,0.4241763901331878,3,"- i really hate , that",3,8
302,Es9MkKsMsjU$_$7,T,2,5,5,0.14462105389360744,peak,hate,6,6
302,Es9MkKsMsjU$_$7,T,3,19,20,0.07237849991212092,1,is like,20,21
303,Ezn3p5FWF_U$_$4,T,1,8,14,0.25567449267672104,3,", collaboration and the lessons learned from",9,15
303,Ezn3p5FWF_U$_$4,T,2,38,42,0.18328481389987594,1,and values that can support,39,43
303,Ezn3p5FWF_U$_$4,T,3,10,10,0.042220043931058895,1,and,11,11
304,F1U26PLiXjM$_$1,T,1,5,8,0.21724985587001994,3,to bring ourselves to,6,9
304,F1U26PLiXjM$_$1,T,2,15,16,0.11655605777891762,1,the unknown,16,17
304,F1U26PLiXjM$_$1,T,3,6,6,0.06408985684784096,1,bring,7,7
305,F6JV-K840EY$_$2,T,1,15,18,0.37302396773418023,2,or not attend to,16,19
305,F6JV-K840EY$_$2,T,2,5,6,0.14095101139118799,3,by deciding,6,7
305,F6JV-K840EY$_$2,T,3,16,16,0.10562395413536943,peak,not,17,17
306,FB_b1dm0SRY$_$10,T,1,6,9,0.32046919350413233,3,that would not happen,7,10
306,FB_b1dm0SRY$_$10,T,2,13,15,0.22476015538535316,2,life where there,15,17
306,FB_b1dm0SRY$_$10,T,3,7,7,0.10321211792268627,1,would,8,8
307,FB_b1dm0SRY$_$0,T,1,20,24,0.3935806938086749,3,went to two different high,21,25
307,FB_b1dm0SRY$_$0,T,2,3,5,0.1636961558898617,1,reason that i,4,6
307,FB_b1dm0SRY$_$0,T,3,23,23,0.13695490928112886,peak,different,24,24
308,FB_b1dm0SRY$_$6,T,1,0,1,0.30942443546168197,1,and i,1,2
308,FB_b1dm0SRY$_$6,T,2,2,4,0.28198509606145006,3,don ’ t,3,5
308,FB_b1dm0SRY$_$6,T,3,8,9,0.14941532524009932,2,many people,9,10
309,FB_b1dm0SRY$_$9,T,1,19,21,0.17741585671054833,2,"every day ,",22,24
309,FB_b1dm0SRY$_$9,T,2,23,25,0.12354903617588629,3,cannot walk away,26,28
309,FB_b1dm0SRY$_$9,T,3,7,8,0.11479162290601824,1,like high,8,9
310,FB_b1dm0SRY$_$8,T,1,3,7,0.7362717357580755,3,"is a fascinating setting ,",4,8
310,FB_b1dm0SRY$_$8,T,2,5,5,0.2939079855143434,peak,fascinating,6,6
310,FB_b1dm0SRY$_$8,T,3,14,14,0.02751456453984932,1,where,15,15
311,FxxJB8hBpyQ$_$1,T,1,16,19,0.4722584086669166,2,t even work anymore,17,20
311,FxxJB8hBpyQ$_$1,T,2,18,18,0.17223787368782645,peak,work,19,19
311,FxxJB8hBpyQ$_$1,T,3,12,13,0.1286892690573675,2,word advertising,13,14
312,Fy0Uid9afM8$_$0,T,1,7,9,0.333288248945553,2,’ re your,8,10
312,Fy0Uid9afM8$_$0,T,2,12,14,0.2505863469852693,3,to show you,13,15
312,Fy0Uid9afM8$_$0,T,3,10,10,0.06286951947573283,1,not,11,11
313,Fy0Uid9afM8$_$3,T,1,11,14,0.35984626732825775,3,a religion that abuses,15,18
313,Fy0Uid9afM8$_$3,T,2,5,6,0.1382061076859295,2,is supposed,9,10
313,Fy0Uid9afM8$_$3,T,3,14,14,0.11776356034671387,1,abuses,18,18
314,Fy0Uid9afM8$_$5,T,1,8,10,0.29759874680391885,2,lot of attacks,9,11
314,Fy0Uid9afM8$_$5,T,2,12,13,0.15526612627140113,2,women who,13,14
314,Fy0Uid9afM8$_$5,T,3,14,14,0.0913645239074734,1,wear,15,15
315,Fy0Uid9afM8$_$4,T,1,4,6,0.691490725300181,1,first victims of,5,7
316,H1DpVwktfDQ$_$0,T,1,5,8,0.42195958385552146,3,my room and start,6,9
316,H1DpVwktfDQ$_$0,T,2,8,9,0.1831957523813889,1,start watching,9,10
316,H1DpVwktfDQ$_$0,T,3,6,6,0.12453738227466928,peak,room,7,7
317,HGicRLwgtkM$_$1,T,1,15,23,0.4235113544675384,3,"t something new … according to research , other",16,24
317,HGicRLwgtkM$_$1,T,2,16,17,0.11994515703305687,1,something new,17,18
317,HGicRLwgtkM$_$1,T,3,3,3,0.036350614171672915,1,you,4,4
318,HGicRLwgtkM$_$3,T,1,18,24,0.5024226621039363,3,when the emotions of different people were,19,25
318,HGicRLwgtkM$_$3,T,2,23,24,0.1472319827026588,2,people were,24,25
318,HGicRLwgtkM$_$3,T,3,16,17,0.11009064986979115,1,person and,17,18
319,HGicRLwgtkM$_$2,T,1,5,10,0.36196287198541677,3,"iowa , found that pigeons can",6,11
319,HGicRLwgtkM$_$2,T,2,21,22,0.11561667188359714,2,and emotion,22,23
319,HGicRLwgtkM$_$2,T,3,7,7,0.10257285394954463,1,found,8,8
320,HGicRLwgtkM$_$6,T,1,0,3,0.2976880527041798,1,and researchers from kyoto,1,4
320,HGicRLwgtkM$_$6,T,2,6,7,0.13074305959644128,1,that dogs,7,8
320,HGicRLwgtkM$_$6,T,3,19,20,0.11427841947274839,2,s voice,20,21
321,HmXXW45eZL4$_$1,T,1,30,39,0.6004171295972661,3,you don ' t want to do if your humor,32,41
321,HmXXW45eZL4$_$1,T,2,33,35,0.4049086675494672,2,t want to,35,37
321,HmXXW45eZL4$_$1,T,3,17,19,0.04136293429160348,2,joke or story,19,21
322,HmXXW45eZL4$_$4,T,1,1,2,0.2289882965868363,1,ever look,2,3
322,HmXXW45eZL4$_$4,T,2,11,13,0.21490761539588454,3,"start crying ,",12,14
322,HmXXW45eZL4$_$4,T,3,15,15,0.0740599689971897,1,off,16,16
323,IM6HW1HwHhM$_$11,T,1,12,14,0.2045085940867915,2,", doesn '",13,15
323,IM6HW1HwHhM$_$11,T,2,1,2,0.09970676506230323,3,", just",2,3
323,IM6HW1HwHhM$_$11,T,3,8,9,0.0794170553355043,1,met your,9,10
324,IM6HW1HwHhM$_$15,T,1,8,10,0.20102843320886998,2,to where it,9,11
324,IM6HW1HwHhM$_$15,T,2,15,16,0.11742746600469903,3,it to,16,17
324,IM6HW1HwHhM$_$15,T,3,2,3,0.11154595421678103,3,you can,3,4
325,IM6HW1HwHhM$_$17,T,1,2,4,0.1654248512209657,3,that ' s,3,5
325,IM6HW1HwHhM$_$17,T,2,21,22,0.11006728059697335,2,you forward,23,24
325,IM6HW1HwHhM$_$17,T,3,4,5,0.10392012810833269,1,s the,5,6
326,IUmxJNs2zaY$_$3,T,1,2,5,0.5732066078158595,3,and predict the flow,3,6
326,IUmxJNs2zaY$_$3,T,2,4,4,0.1839738449706638,peak,the,5,5
326,IUmxJNs2zaY$_$3,T,3,16,19,0.0860793120269859,3,to have a basic,19,22
327,IUmxJNs2zaY$_$2,T,1,8,10,0.2961392142875925,3,are important components,11,13
327,IUmxJNs2zaY$_$2,T,2,2,3,0.1682201512839701,2,mountainous terrain,3,4
327,IUmxJNs2zaY$_$2,T,3,13,13,0.07886812588891143,1,hydrologic,16,17
328,JAnRCQ9A0vI$_$1,T,1,4,12,0.30994547610830875,3,the system we decided that we were going to,5,13
328,JAnRCQ9A0vI$_$1,T,2,32,35,0.12052268770375381,1,"site , and take",33,36
328,JAnRCQ9A0vI$_$1,T,3,9,10,0.09549087445849151,1,we were,10,11
329,JAnRCQ9A0vI$_$0,T,1,5,7,0.5576488186487103,3,- pull kind,6,8
329,JAnRCQ9A0vI$_$0,T,2,2,2,0.07088182866698153,1,sort,3,3
330,JAnRCQ9A0vI$_$3,T,1,33,36,0.16180374998024166,3,"to our website ,",34,37
330,JAnRCQ9A0vI$_$3,T,2,2,5,0.14995960438103156,1,highlighted it on that,3,6
330,JAnRCQ9A0vI$_$3,T,3,18,22,0.14246650649450515,3,which is a very large,19,23
331,JAnRCQ9A0vI$_$2,T,1,23,27,0.5473019489328633,3,", how easy it was",25,29
331,JAnRCQ9A0vI$_$2,T,2,25,25,0.21327500632721091,peak,easy,27,27
331,JAnRCQ9A0vI$_$2,T,3,35,37,0.06441679619515844,2,with a quick,37,39
332,JAnRCQ9A0vI$_$5,T,1,18,22,0.3853046000868943,3,were the advantages of using,19,23
332,JAnRCQ9A0vI$_$5,T,2,5,7,0.17977697529830766,2,an email blast,6,8
332,JAnRCQ9A0vI$_$5,T,3,20,20,0.14965830474634406,1,advantages,21,21
333,JAnRCQ9A0vI$_$4,T,1,6,8,0.10784337394397556,3,couple months to,7,9
333,JAnRCQ9A0vI$_$4,T,2,9,10,0.08903359690304433,2,see how,10,11
333,JAnRCQ9A0vI$_$4,T,3,12,13,0.07205899641332364,1,settled in,13,14
334,JAnRCQ9A0vI$_$8,T,1,3,10,0.5199630327940917,3,felt like there was a good enough number,4,11
334,JAnRCQ9A0vI$_$8,T,2,8,8,0.16852128483482237,peak,good,9,9
334,JAnRCQ9A0vI$_$8,T,3,32,36,0.10593247440513254,2,"our training phase , which",33,37
335,JOK1SSmPtFw$_$10,T,1,1,4,0.40373354047195065,3,sure you are on,2,5
335,JOK1SSmPtFw$_$10,T,2,2,2,0.12928768569218246,1,you,3,3
335,JOK1SSmPtFw$_$10,T,3,14,14,0.08031718917173095,2,will,16,16
336,JOK1SSmPtFw$_$13,T,1,1,2,0.1545011718773076,2,can ’,2,3
336,JOK1SSmPtFw$_$13,T,2,14,15,0.12505196477455083,3,ready when,15,16
336,JOK1SSmPtFw$_$13,T,3,7,7,0.08605074449349426,1,return,8,8
337,JOK1SSmPtFw$_$14,T,1,8,10,0.37593827403573,3,questions and one,9,11
337,JOK1SSmPtFw$_$14,T,2,4,6,0.1681446490204386,2,be 40 multiple,5,7
337,JOK1SSmPtFw$_$14,T,3,2,2,0.0870263771347033,3,itself,3,3
338,JOK1SSmPtFw$_$16,T,1,9,11,0.2949826979582948,3,short - answer,10,12
338,JOK1SSmPtFw$_$16,T,2,0,1,0.2269804148898349,1,there is,1,2
338,JOK1SSmPtFw$_$16,T,3,4,4,0.0872479834983591,1,guide,5,5
339,JOK1SSmPtFw$_$0,T,1,13,22,0.2927610720063082,3,i hope you are able to enjoy this beautiful day,14,23
339,JOK1SSmPtFw$_$0,T,2,20,22,0.10833993260923898,2,this beautiful day,21,23
339,JOK1SSmPtFw$_$0,T,3,45,46,0.057589110453433026,2,this day,46,47
340,JOK1SSmPtFw$_$5,T,1,10,12,0.17620855594374352,3,the quizzes close,11,14
340,JOK1SSmPtFw$_$5,T,2,0,2,0.17273983999328585,1,"first off ,",1,3
340,JOK1SSmPtFw$_$5,T,3,6,8,0.16768983231482557,3,we have exams,7,9
341,JOK1SSmPtFw$_$4,T,1,8,10,0.4909283075155637,3,exams and exam,9,11
341,JOK1SSmPtFw$_$4,T,2,2,3,0.18421201072870758,2,several important,3,4
341,JOK1SSmPtFw$_$4,T,3,6,6,0.0637175882680296,1,know,7,7
342,JOK1SSmPtFw$_$8,T,1,0,2,0.43683555352362613,3,the exam will,1,3
342,JOK1SSmPtFw$_$8,T,2,11,11,0.10133999745953307,1,midnight,12,12
342,JOK1SSmPtFw$_$8,T,3,9,9,0.10013261337645374,1,beginning,10,10
343,JPT38CA3sGI$_$1,T,1,0,2,0.3021133401267883,3,because with men,1,3
343,JPT38CA3sGI$_$1,T,2,16,17,0.263237957373277,1,very straightforward,17,18
343,JPT38CA3sGI$_$1,T,3,10,10,0.053806620446109614,1,the,11,11
344,JPT38CA3sGI$_$0,T,1,0,2,0.3010817944193461,3,that ' s,1,3
344,JPT38CA3sGI$_$0,T,2,5,6,0.2548941014279452,2,is i,6,7
344,JPT38CA3sGI$_$0,T,3,11,11,0.08119465197571005,1,at,12,12
345,JPT38CA3sGI$_$5,T,1,2,4,0.3067368057911223,3,", if you",3,5
345,JPT38CA3sGI$_$5,T,2,8,8,0.08093495041949236,1,and,9,9
345,JPT38CA3sGI$_$5,T,3,12,12,0.07327536188122787,1,watching,13,13
346,JVpF99zuQhA$_$0,T,1,2,4,0.2879565886205362,2,my name is,3,5
346,JVpF99zuQhA$_$0,T,2,16,17,0.24993394009650857,2,asti financial,18,20
346,JVpF99zuQhA$_$0,T,3,12,12,0.05012709317735924,1,certified,14,14
347,JVpF99zuQhA$_$2,T,1,2,6,0.31322063450270937,3,two main type of life,3,7
347,JVpF99zuQhA$_$2,T,2,16,17,0.12066010218914876,1,to consider,17,18
347,JVpF99zuQhA$_$2,T,3,13,14,0.1074981924122746,2,going to,14,15
348,JVpF99zuQhA$_$4,T,1,7,10,0.5739372663267813,2,a permanent or a,8,11
348,JVpF99zuQhA$_$4,T,2,8,8,0.20260209139982327,peak,permanent,9,9
348,JVpF99zuQhA$_$4,T,3,12,13,0.12436163747500205,1,life policy,13,14
349,K0m1tO3Ybyc$_$15,T,1,11,12,0.26223494215883847,3,of love,12,13
349,K0m1tO3Ybyc$_$15,T,2,1,2,0.23054109258602984,1,when we,2,3
349,K0m1tO3Ybyc$_$15,T,3,5,5,0.07001176017652147,1,marie,6,6
350,K0m1tO3Ybyc$_$8,T,1,3,6,0.2845635616024065,2,thain redecorating his office,4,11
350,K0m1tO3Ybyc$_$8,T,2,10,12,0.16959417568372848,3,of a million,15,17
350,K0m1tO3Ybyc$_$8,T,3,4,4,0.11814396622565343,1,redecorating,6,9
351,K8gp7ncdUl8$_$5,T,1,4,11,0.5126531996348714,2,"oil is on the decline for example ,",5,12
351,K8gp7ncdUl8$_$5,T,2,5,6,0.13034580568902904,1,is on,6,7
351,K8gp7ncdUl8$_$5,T,3,8,8,0.11043197950215775,peak,decline,9,9
352,KDjl2exStlI$_$10,T,1,0,2,0.32782292047805955,2,and whether it,1,3
352,KDjl2exStlI$_$10,T,2,8,10,0.2631675725137475,3,approach or a,9,11
352,KDjl2exStlI$_$10,T,3,14,14,0.053050240959938294,1,.,15,15
353,KDjl2exStlI$_$13,T,1,1,3,0.18308528240441005,2,whether the arbitrator,2,6
354,KDjl2exStlI$_$5,T,1,7,8,0.2807874372389496,2,include how,11,12
354,KDjl2exStlI$_$5,T,2,10,11,0.25448642140589184,2,handle faults,14,15
354,KDjl2exStlI$_$5,T,3,4,5,0.14465880107785065,1,for arbitrator,5,8
355,KDjl2exStlI$_$4,T,1,12,14,0.16952011128138392,3,trapping of faults,14,16
355,KDjl2exStlI$_$4,T,2,5,6,0.1383959657886336,2,"atomicity ,",6,8
355,KDjl2exStlI$_$4,T,3,0,1,0.11939380333104375,1,hence they,1,2
356,KkKWFZZmmCM$_$1,T,1,19,22,0.2916083265816536,2,to become a superpower,23,27
356,KkKWFZZmmCM$_$1,T,2,2,3,0.1052732260575506,3,"infrastructure ,",3,4
356,KkKWFZZmmCM$_$1,T,3,22,22,0.08566151459589197,peak,superpower,26,27
357,KpMCvUyQCXg$_$1,T,1,11,16,0.619956657991283,1,number of financial irregularities regarding a,13,18
357,KpMCvUyQCXg$_$1,T,2,14,14,0.1771754728047764,peak,irregularities,16,16
358,KpMCvUyQCXg$_$3,T,1,2,4,0.6652439380332598,1,become aware of,4,6
359,KpMCvUyQCXg$_$5,T,1,14,15,0.17897641519630167,1,with full,17,18
359,KpMCvUyQCXg$_$5,T,2,10,11,0.16158058690501034,2,business with,13,14
359,KpMCvUyQCXg$_$5,T,3,8,8,0.06836190706313765,1,they,11,11
360,L1eFHRQGFeg$_$2,T,1,3,6,0.2033864831884617,3,don ' t remember,4,7
360,L1eFHRQGFeg$_$2,T,2,25,27,0.1849757529903432,1,. . .,26,28
360,L1eFHRQGFeg$_$2,T,3,37,39,0.13476941749628624,3,didn ' t,38,40
361,MCsvw5-7lVE$_$1,T,1,10,17,0.6246104564036642,2,who do really well on our platform are,13,20
361,MCsvw5-7lVE$_$1,T,2,12,12,0.14091502216016294,peak,really,15,15
361,MCsvw5-7lVE$_$1,T,3,15,16,0.1127854993053985,1,our platform,18,19
362,MCsvw5-7lVE$_$2,T,1,1,4,0.3152790182574648,2,been able to bring,2,5
362,MCsvw5-7lVE$_$2,T,2,16,17,0.13875110679703284,2,to purchase,17,18
362,MCsvw5-7lVE$_$2,T,3,2,2,0.09376611085183578,peak,able,3,3
363,MCsvw5-7lVE$_$4,T,1,8,10,0.3161516909082024,2,questions that your,9,11
363,MCsvw5-7lVE$_$4,T,2,10,12,0.29408498680542816,3,your customers have,11,13
363,MCsvw5-7lVE$_$4,T,3,12,13,0.15419043245065078,1,have .,13,14
364,MMpo2bDk-DU$_$10,T,1,5,8,0.5923891443744851,3,you to lose some,6,9
364,MMpo2bDk-DU$_$10,T,2,7,7,0.252792858199955,peak,lose,8,8
364,MMpo2bDk-DU$_$10,T,3,3,4,0.13468498665984535,2,easy for,4,5
365,MMpo2bDk-DU$_$17,T,1,15,20,0.41893131075359663,2,"are used incorrectly , such as",16,21
365,MMpo2bDk-DU$_$17,T,2,5,6,0.09495674600505477,2,catch errors,6,7
365,MMpo2bDk-DU$_$17,T,3,17,17,0.094563751511552,peak,incorrectly,18,18
366,MMpo2bDk-DU$_$16,T,1,0,2,0.20951462187482345,2,i use spell,1,3
366,MMpo2bDk-DU$_$16,T,2,13,14,0.11920716922220193,2,for grammar,14,15
366,MMpo2bDk-DU$_$16,T,3,8,9,0.10981435877057943,3,t rely,9,10
367,MMpo2bDk-DU$_$19,T,1,1,3,0.495035014117066,1,more great tips,2,4
367,MMpo2bDk-DU$_$19,T,2,10,12,0.13124600889160765,3,get my book,13,15
367,MMpo2bDk-DU$_$19,T,3,17,18,0.08602758454241158,1,legal nurse,21,22
368,MjaaudUc5-4$_$1,T,1,2,6,0.5394090017752986,3,an angry letter of protest,3,7
368,MjaaudUc5-4$_$1,T,2,1,2,0.1973485817274928,1,write an,2,3
368,MjaaudUc5-4$_$1,T,3,4,4,0.12044970843235506,1,letter,5,5
369,MjaaudUc5-4$_$0,T,1,3,4,0.49388369972719753,2,to help,4,5
369,MjaaudUc5-4$_$0,T,2,0,0,0.133362691728446,1,and,1,1
370,MjaaudUc5-4$_$3,T,1,1,4,0.4948779409890344,2,may wake them up,2,5
370,MjaaudUc5-4$_$3,T,2,2,2,0.1539638287609601,1,wake,3,3
370,MjaaudUc5-4$_$3,T,3,5,5,0.10220000610892738,1,and,6,6
371,MjaaudUc5-4$_$6,T,1,5,7,0.6969250436059812,1,sangha cannot do,6,9
372,MoQmPA7Q07Q$_$1,T,1,16,19,0.19676018383337654,2,am i and who,17,20
372,MoQmPA7Q07Q$_$1,T,2,3,5,0.18654855895964362,3,about the courage,4,6
372,MoQmPA7Q07Q$_$1,T,3,15,15,0.046621262891117565,1,who,16,16
373,MoQmPA7Q07Q$_$2,T,1,11,17,0.3992246262777884,1,can make really great decisions about what,12,18
373,MoQmPA7Q07Q$_$2,T,2,19,21,0.11084584589818397,2,s important to,20,22
373,MoQmPA7Q07Q$_$2,T,3,14,14,0.09671876379529956,peak,great,15,15
374,N1X63d_jgmw$_$5,T,1,28,34,0.27602616835307003,3,"moderate pace : not too slow ,",29,35
374,N1X63d_jgmw$_$5,T,2,27,29,0.09867817239090498,2,a moderate pace,28,30
374,N1X63d_jgmw$_$5,T,3,0,2,0.09642365334416184,2,we tend to,1,3
375,N5xfBtD6rLY$_$7,T,1,5,7,0.47069523144222747,1,now ubiquitous in,6,8
375,N5xfBtD6rLY$_$7,T,2,2,4,0.36163687314060877,3,branded promotions are,3,5
376,NoZsdSGnNpI$_$7,T,1,16,19,0.18463523034942692,2,"re a woman ,",17,20
376,NoZsdSGnNpI$_$7,T,2,11,13,0.13897968286486673,1,"feel , if",12,14
376,NoZsdSGnNpI$_$7,T,3,25,27,0.09551507180372143,3,", make sure",26,28
377,Nrurc5sMUOE$_$5,T,1,29,32,0.16565831000611897,3,"is meaningless , but",30,33
377,Nrurc5sMUOE$_$5,T,2,17,20,0.09774209396194138,3,absurd this could be,18,21
377,Nrurc5sMUOE$_$5,T,3,43,45,0.09253380117008582,2,a bad play,44,46
378,Nrurc5sMUOE$_$7,T,1,7,10,0.5813952607641037,2,and nothing is really,8,11
378,Nrurc5sMUOE$_$7,T,2,8,8,0.22542202115914212,peak,nothing,9,9
378,Nrurc5sMUOE$_$7,T,3,0,0,0.03296966375582162,1,if,1,1
379,Nrurc5sMUOE$_$8,T,1,16,18,0.3717794492859844,3,seem like a,18,20
379,Nrurc5sMUOE$_$8,T,2,25,27,0.12443293825015744,3,playwright did not,28,30
379,Nrurc5sMUOE$_$8,T,3,1,3,0.07744136765697036,2,", dialogue written",2,4
380,NzvNW7vP-Co$_$5,T,1,1,5,0.13308692156833418,1,' m definitely seeing early,2,6
380,NzvNW7vP-Co$_$5,T,2,27,30,0.09906018004440673,1,see the next six,28,31
380,NzvNW7vP-Co$_$5,T,3,40,42,0.07220266811773632,3,more positive environments,41,43
381,NzvNW7vP-Co$_$4,T,1,11,12,0.18182779856841338,2,bridge is,12,13
381,NzvNW7vP-Co$_$4,T,2,7,9,0.16719709958799855,3,other half of,8,10
381,NzvNW7vP-Co$_$4,T,3,4,4,0.10839673533867919,1,only,5,5
382,NzvNW7vP-Co$_$7,T,1,9,14,0.3612598052479334,2,the moment same as - -,10,15
382,NzvNW7vP-Co$_$7,T,2,32,35,0.14779642956868289,3,look forward to better,33,36
382,NzvNW7vP-Co$_$7,T,3,11,11,0.07839356939119425,peak,same,12,12
383,OLP0nCKwU6k$_$6,T,1,19,23,0.30817295883094575,2,company ' s are now,20,24
383,OLP0nCKwU6k$_$6,T,2,22,22,0.09416365418914865,peak,are,23,23
383,OLP0nCKwU6k$_$6,T,3,0,1,0.07969560325030492,2,you have,1,2
384,OrYBtyO0aPI$_$1,T,1,6,9,0.6002893289724008,2,apple is undercutting the,7,12
384,OrYBtyO0aPI$_$1,T,2,8,8,0.1938176287043214,peak,undercutting,9,11
384,OrYBtyO0aPI$_$1,T,3,12,12,0.06646068196672145,1,4k,15,16
385,OrYBtyO0aPI$_$4,T,1,1,2,0.477705930249896,1,there you,2,3
386,PboaYD5hlG8$_$10,T,1,12,16,0.710040942448782,2,their own self driving car,13,17
386,PboaYD5hlG8$_$10,T,2,15,15,0.22211569500689093,peak,driving,16,16
386,PboaYD5hlG8$_$10,T,3,7,7,0.03465664728926814,1,open,8,8
387,PboaYD5hlG8$_$3,T,1,3,7,0.4689285813451427,3,“ i believe in being,4,8
387,PboaYD5hlG8$_$3,T,2,11,12,0.16132737481991272,2,possible without,12,13
387,PboaYD5hlG8$_$3,T,3,6,6,0.11710033151726448,peak,in,7,7
388,PboaYD5hlG8$_$2,T,1,9,12,0.434655876972493,3,now with his startup,10,13
388,PboaYD5hlG8$_$2,T,2,10,10,0.13313322725668586,peak,with,11,11
388,PboaYD5hlG8$_$2,T,3,6,6,0.07658405210407045,1,where,7,7
389,PboaYD5hlG8$_$7,T,1,15,19,0.22801881210246241,3,it in a safe closed,16,20
389,PboaYD5hlG8$_$7,T,2,24,27,0.16705691828585478,2,to regular driving but,25,28
389,PboaYD5hlG8$_$7,T,3,19,20,0.07950262262078255,1,closed course,20,21
390,PboaYD5hlG8$_$9,T,1,16,19,0.21873784600056356,2,the car in the,18,21
390,PboaYD5hlG8$_$9,T,2,3,5,0.13358178163799772,3,requires a driver,4,6
390,PboaYD5hlG8$_$9,T,3,2,3,0.08835823095097628,2,still requires,3,4
391,PboaYD5hlG8$_$8,T,1,19,25,0.4230099439057585,3,", it ’ s sad and it",20,26
391,PboaYD5hlG8$_$8,T,2,23,24,0.19335560380335726,1,sad and,24,25
391,PboaYD5hlG8$_$8,T,3,15,16,0.07560552494096733,2,recent autonomous,16,17
392,Pt-D0LUHDSc$_$2,T,1,19,22,0.2991199538016009,3,the hilarious moments that,20,23
392,Pt-D0LUHDSc$_$2,T,2,10,13,0.20750421233019145,2,and their journey in,11,14
392,Pt-D0LUHDSc$_$2,T,3,0,3,0.1474401345258346,1,this film is about,1,4
393,PwapK9d8IGk$_$4,T,1,2,6,0.24686763283251156,2,", if you take a",3,7
393,PwapK9d8IGk$_$4,T,2,18,21,0.11640533861172171,3,receive an income stream,19,22
393,PwapK9d8IGk$_$4,T,3,5,5,0.0733625323883897,1,take,6,6
394,PyQrAYl1bFs$_$0,T,1,2,3,0.32728620734587693,2,my project,3,4
394,PyQrAYl1bFs$_$0,T,2,7,8,0.27352464684559363,1,marathon .,8,9
394,PyQrAYl1bFs$_$0,T,3,6,6,0.11657430482666187,3,dance,7,7
395,PyQrAYl1bFs$_$3,T,1,1,4,0.4776887246588927,3,and all we raise,2,5
395,PyQrAYl1bFs$_$3,T,2,11,13,0.1939428154162833,1,the hospitals .,12,14
395,PyQrAYl1bFs$_$3,T,3,3,3,0.15855446158349085,1,we,4,4
396,PyQrAYl1bFs$_$4,T,1,13,16,0.3075056299043684,1,", eating , photo",14,17
396,PyQrAYl1bFs$_$4,T,2,8,9,0.14074687186734036,3,hours of,9,10
396,PyQrAYl1bFs$_$4,T,3,0,0,0.032204494346371765,1,it,1,1
397,Q4WzApjaCNI$_$0,T,1,4,6,0.34327685939631236,2,into building a,5,7
397,Q4WzApjaCNI$_$0,T,2,9,10,0.20821052372785295,1,just for,10,11
397,Q4WzApjaCNI$_$0,T,3,7,7,0.10712809915805921,1,special,8,8
398,Q7S0tX4FUNA$_$4,T,1,8,11,0.44100089034692325,1,found inducing anger in,9,12
398,Q7S0tX4FUNA$_$4,T,2,9,9,0.1294940387650242,peak,inducing,10,10
398,Q7S0tX4FUNA$_$4,T,3,7,7,0.06773320126222288,2,barbara,8,8
399,Q7S0tX4FUNA$_$7,T,1,2,4,0.6691696132516851,2,the problem we,3,5
399,Q7S0tX4FUNA$_$7,T,2,0,1,0.21456562270546975,1,this is,1,2
400,Q7S0tX4FUNA$_$8,T,1,10,13,0.4431367504051955,3,' re difficult to,11,14
400,Q7S0tX4FUNA$_$8,T,2,12,12,0.15003219648528815,1,difficult,13,13
400,Q7S0tX4FUNA$_$8,T,3,4,4,0.11148308988356022,1,fleeting,5,5
401,Qa6Yz62V-Yc$_$0,T,1,23,25,0.116950741656337,3,' t need,25,27
401,Qa6Yz62V-Yc$_$0,T,2,12,13,0.11470419834005514,1,will guard,14,15
401,Qa6Yz62V-Yc$_$0,T,3,2,3,0.1009477757657905,1,will soon,3,4
402,QjcQx8_PQfw$_$10,T,1,13,16,0.28189757667286724,2,and i hope this,16,19
402,QjcQx8_PQfw$_$10,T,2,5,6,0.13390650143471494,2,", i",8,9
402,QjcQx8_PQfw$_$10,T,3,15,15,0.09050728433409211,1,hope,18,18
403,QjcQx8_PQfw$_$7,T,1,6,10,0.44421708720766984,3,", for example , two",7,11
403,QjcQx8_PQfw$_$7,T,2,8,8,0.1658683338324511,peak,example,9,9
403,QjcQx8_PQfw$_$7,T,3,16,17,0.08819162969537722,2,send them,17,18
404,QpchvHpGFc8$_$3,T,1,3,7,0.36704978549064166,3,very easy for gentlemen to,4,8
404,QpchvHpGFc8$_$3,T,2,4,4,0.13236856690733168,1,easy,5,5
404,QpchvHpGFc8$_$3,T,3,15,16,0.10661427974542054,2,without being,16,17
405,RArhIHk4Qs4$_$13,T,1,7,8,0.24273590751756532,2,with searching,8,9
405,RArhIHk4Qs4$_$13,T,2,5,5,0.11469223953473626,1,nothing,6,6
405,RArhIHk4Qs4$_$13,T,3,2,2,0.09661015748781857,1,there,3,3
406,RArhIHk4Qs4$_$17,T,1,2,3,0.5980630463342308,2,nothing wrong,3,4
407,RArhIHk4Qs4$_$16,T,1,9,12,0.30265413001434,2,and looking at information,10,13
407,RArhIHk4Qs4$_$16,T,2,2,3,0.13812022027441706,3,of itself,3,4
407,RArhIHk4Qs4$_$16,T,3,11,11,0.08505084690476566,peak,at,12,12
408,RArhIHk4Qs4$_$19,T,1,7,9,0.5325896469100049,3,actual behavior is,8,10
408,RArhIHk4Qs4$_$19,T,2,3,3,0.13173724517493404,1,depends,4,4
409,RArhIHk4Qs4$_$1,T,1,12,16,0.4255061832466001,2,it legal to surf the,13,17
409,RArhIHk4Qs4$_$1,T,2,13,13,0.2560350178631064,1,legal,14,14
409,RArhIHk4Qs4$_$1,T,3,31,33,0.15616401646952496,3,understand what deep,32,34
410,RArhIHk4Qs4$_$2,T,1,10,14,0.20100393659525112,3,research and you ' re,11,15
410,RArhIHk4Qs4$_$2,T,2,16,19,0.1659915037333763,2,for information you ',17,20
410,RArhIHk4Qs4$_$2,T,3,24,24,0.042590272253270445,1,shallow,25,25
411,RArhIHk4Qs4$_$7,T,1,6,9,0.6973414688783015,3,of information online is,7,10
411,RArhIHk4Qs4$_$7,T,2,8,8,0.2774906987349217,peak,online,9,9
411,RArhIHk4Qs4$_$7,T,3,13,13,0.027856964611681995,1,web,14,14
412,RArhIHk4Qs4$_$6,T,1,20,25,0.5775741881021847,2,or other search engines cannot see,21,26
412,RArhIHk4Qs4$_$6,T,2,24,24,0.17619195172289986,peak,cannot,25,25
412,RArhIHk4Qs4$_$6,T,3,21,21,0.07749165344378288,1,other,22,22
413,RArhIHk4Qs4$_$8,T,1,2,3,0.32746070686811,2,lot of,3,4
413,RArhIHk4Qs4$_$8,T,2,7,7,0.07919326375817079,1,benign,8,8
414,RArhIHk4Qs4$_$21,T,1,2,3,0.3978328257669292,3,", we",3,4
414,RArhIHk4Qs4$_$21,T,2,4,4,0.22128785767631234,2,earn,5,5
415,ROcTx5VEn7o$_$11,T,1,27,31,0.3038101931746978,1,the multi - step format,30,34
415,ROcTx5VEn7o$_$11,T,2,4,6,0.13319012441955808,2,we subtract fixed,5,9
415,ROcTx5VEn7o$_$11,T,3,30,30,0.07792022990312908,peak,step,33,33
416,ROcTx5VEn7o$_$1,T,1,5,7,0.3921129783010408,2,of reporting income,6,8
416,ROcTx5VEn7o$_$1,T,2,9,9,0.11215840826872038,1,external,10,10
417,ROcTx5VEn7o$_$5,T,1,7,11,0.34052797551711556,3,"reporting , but it is",8,12
417,ROcTx5VEn7o$_$5,T,2,17,21,0.29236934727589636,1,reporting and decision - making,18,22
417,ROcTx5VEn7o$_$5,T,3,9,9,0.09715141722482529,1,but,10,10
418,ROcTx5VEn7o$_$9,T,1,1,4,0.4533755216976992,3,contribution margin is the,2,5
418,ROcTx5VEn7o$_$9,T,2,0,1,0.1807155748337146,1,thus contribution,1,2
418,ROcTx5VEn7o$_$9,T,3,3,3,0.14630540179304352,1,is,4,4
419,RrGpzInAwCg$_$0,T,1,11,13,0.28432161467490275,3,has been created,14,16
419,RrGpzInAwCg$_$0,T,2,6,8,0.24887847271019065,1,", sponsored by",7,9
420,RzOFxDk26p0$_$1,T,1,24,35,0.7329326636386366,3,"and it has been such an amazing experience , not only to",25,36
420,RzOFxDk26p0$_$1,T,2,30,30,0.14677238821874755,peak,amazing,31,31
420,RzOFxDk26p0$_$1,T,3,25,25,0.037669723841784866,1,it,26,26
421,RzOFxDk26p0$_$0,T,1,13,18,0.49086701520850456,2,senior director for human rights at,14,19
421,RzOFxDk26p0$_$0,T,2,17,17,0.12103668986839225,peak,rights,18,18
421,RzOFxDk26p0$_$0,T,3,4,4,0.04445726780586407,1,name,5,5
422,SHa756SwGJQ$_$0,T,1,5,7,0.46865096495796754,2,a hegemonic structure,6,11
422,SHa756SwGJQ$_$0,T,2,1,2,0.21155301655919206,1,of why,2,3
422,SHa756SwGJQ$_$0,T,3,12,12,0.06097880712677471,1,rights,16,16
423,SHa756SwGJQ$_$2,T,1,8,13,0.3013453527274472,3,constructing and deconstructing points of argument,9,17
423,SHa756SwGJQ$_$2,T,2,14,15,0.0846455197297186,2,it was,18,19
423,SHa756SwGJQ$_$2,T,3,11,11,0.08300317475875121,peak,points,15,15
424,SHa756SwGJQ$_$4,T,1,9,12,0.6913979066581032,2,welcomes the decline of,10,14
424,SHa756SwGJQ$_$4,T,2,11,11,0.28428776449515925,peak,decline,13,13
424,SHa756SwGJQ$_$4,T,3,2,2,0.035454271191056194,1,response,3,3
425,SHa756SwGJQ$_$7,T,1,8,11,0.5466210412151906,2,that ryerson has successfully,9,13
425,SHa756SwGJQ$_$7,T,2,10,10,0.19284474907107507,peak,has,12,12
425,SHa756SwGJQ$_$7,T,3,8,8,0.09702315523221358,1,that,9,9
426,SHa756SwGJQ$_$6,T,1,0,1,0.40797287683263705,2,"hegemony """,1,4
426,SHa756SwGJQ$_$6,T,2,2,4,0.19405034932406093,3,we believe ryerson,5,8
426,SHa756SwGJQ$_$6,T,3,7,7,0.16106401415163243,1,defended,11,11
427,TH32jop4FiI$_$15,T,1,4,9,0.506810233596555,3,charlie crist has apologized for his,5,11
427,TH32jop4FiI$_$15,T,2,7,7,0.12190882594551516,peak,apologized,9,9
427,TH32jop4FiI$_$15,T,3,5,5,0.10230006790900592,1,crist,6,7
428,TH32jop4FiI$_$17,T,1,21,26,0.33398016698577393,3,lesbian couples got married in the,22,27
428,TH32jop4FiI$_$17,T,2,25,27,0.1367443895254746,2,in the state,26,28
428,TH32jop4FiI$_$17,T,3,17,18,0.07483123645288842,3,", 500",18,19
429,TWszOxkOV0w$_$1,T,1,12,17,0.22892353196932375,3,feels very strongly about the notion,13,18
429,TWszOxkOV0w$_$1,T,2,11,13,0.13324377480431676,1,who feels very,12,14
429,TWszOxkOV0w$_$1,T,3,28,30,0.11337115498646735,2,pay packages because,30,32
430,TXCXFYIc3Yo$_$16,T,1,22,25,0.32460393688752215,1,ask of him .,23,26
430,TXCXFYIc3Yo$_$16,T,2,11,13,0.2451095426865811,2,. i ',12,14
430,TXCXFYIc3Yo$_$16,T,3,3,3,0.03262929784405734,3,knowledge,4,4
431,TXCXFYIc3Yo$_$2,T,1,1,3,0.22019326097057346,2,the lord reminded,2,4
431,TXCXFYIc3Yo$_$2,T,2,17,18,0.15856130018093018,2,out shopping,18,19
431,TXCXFYIc3Yo$_$2,T,3,16,16,0.06805897799122693,1,went,17,17
432,TXCXFYIc3Yo$_$7,T,1,4,10,0.2623892158919201,3,my hand and all the fear and,5,11
432,TXCXFYIc3Yo$_$7,T,2,34,36,0.10172427746897042,3,had her dad,35,37
432,TXCXFYIc3Yo$_$7,T,3,6,7,0.09156603599334637,1,and all,7,8
433,TXCXFYIc3Yo$_$6,T,1,7,11,0.3693773690085861,3,"t be afraid , just",8,12
433,TXCXFYIc3Yo$_$6,T,2,9,9,0.11713486553334654,peak,afraid,10,10
433,TXCXFYIc3Yo$_$6,T,3,14,14,0.050749346291199426,3,hold,15,15
434,TYJzg5IJN8o$_$11,T,1,38,45,0.37435124884206583,2,that you worked on in the course of,40,47
434,TYJzg5IJN8o$_$11,T,2,44,46,0.10311202257691715,1,course of the,46,48
434,TYJzg5IJN8o$_$11,T,3,4,6,0.08232097955449116,3,"a lobbyist ,",5,8
435,TYJzg5IJN8o$_$10,T,1,5,9,0.5261652092780983,3,anyone who has lobbied on,6,10
435,TYJzg5IJN8o$_$10,T,2,0,3,0.1309138561501728,1,what we will prohibit,1,4
435,TYJzg5IJN8o$_$10,T,3,7,7,0.1287235573880747,peak,has,8,8
436,TYJzg5IJN8o$_$14,T,1,5,11,0.5078204582503821,3,who have the best interests of you,6,12
436,TYJzg5IJN8o$_$14,T,2,7,8,0.24872442640927672,1,the best,8,9
436,TYJzg5IJN8o$_$14,T,3,27,28,0.06712947659497717,2,forward .,28,29
437,TYJzg5IJN8o$_$0,T,1,0,3,0.3856269983409631,1,"hello everyone , my",1,4
437,TYJzg5IJN8o$_$0,T,2,20,22,0.1597595894829546,2,of president -,21,23
437,TYJzg5IJN8o$_$0,T,3,1,1,0.12914441920294606,peak,everyone,2,2
438,TYJzg5IJN8o$_$4,T,1,13,16,0.20684049966007798,3,of staff and this,15,18
438,TYJzg5IJN8o$_$4,T,2,3,4,0.08927326373384373,2,obama also,4,5
438,TYJzg5IJN8o$_$4,T,3,8,9,0.08444965458525791,1,emmanuel will,10,11
439,TYJzg5IJN8o$_$7,T,1,10,13,0.1938493883032566,3,", competent , well",11,14
439,TYJzg5IJN8o$_$7,T,2,8,10,0.16482968683496219,1,"an efficient ,",9,11
439,TYJzg5IJN8o$_$7,T,3,4,6,0.1515709439069843,2,is committed to,5,7
440,Uc_6d-fkZEc$_$3,T,1,4,6,0.3065603091465903,3,many thanks to,5,7
440,Uc_6d-fkZEc$_$3,T,2,8,8,0.08472927404933656,1,pupils,9,9
440,Uc_6d-fkZEc$_$3,T,3,12,12,0.07800272712848617,3,this,13,13
441,UlTJmndbGHM$_$1,T,1,6,9,0.40914648553207866,3,with a smile on,7,10
441,UlTJmndbGHM$_$1,T,2,8,8,0.13829756364117587,1,smile,9,9
441,UlTJmndbGHM$_$1,T,3,6,6,0.07979571064940245,1,with,7,7
442,UlTJmndbGHM$_$4,T,1,4,8,0.5047500626945925,2,failing to take notice of,5,9
442,UlTJmndbGHM$_$4,T,2,3,4,0.19308964000491421,1,keep failing,4,5
442,UlTJmndbGHM$_$4,T,3,7,7,0.1358810669770633,peak,notice,8,8
443,VbV9S4svrTg$_$13,T,1,5,6,0.3491972132669855,2,and a,6,7
443,VbV9S4svrTg$_$13,T,2,7,7,0.19905078871928455,1,place,8,8
443,VbV9S4svrTg$_$13,T,3,2,2,0.15259842946167795,1,have,3,3
444,VbV9S4svrTg$_$3,T,1,5,8,0.3988356529616588,2,we want to partner,6,9
444,VbV9S4svrTg$_$3,T,2,6,6,0.10268187246116622,peak,want,7,7
444,VbV9S4svrTg$_$3,T,3,14,14,0.05808733938033832,1,community,15,15
445,VbV9S4svrTg$_$7,T,1,3,4,0.3444317884762251,2,the future,4,5
445,VbV9S4svrTg$_$7,T,2,1,2,0.3164030425117652,1,kids are,2,3
446,VbV9S4svrTg$_$8,T,1,8,11,0.4427944281886743,3,that their voices are,9,12
446,VbV9S4svrTg$_$8,T,2,11,11,0.1338820478775783,peak,are,12,12
446,VbV9S4svrTg$_$8,T,3,8,8,0.09568605162998764,1,that,9,9
447,VinxKpWioTo$_$1,T,1,38,42,0.1572568892446843,3,and i thank you for,40,44
447,VinxKpWioTo$_$1,T,2,5,8,0.09714408409316155,1,for school leadership ’,6,9
447,VinxKpWioTo$_$1,T,3,31,33,0.06834025705065444,3,been doing on,33,35
448,VinxKpWioTo$_$0,T,1,5,7,0.47244248113052645,3,secretary of education,6,8
448,VinxKpWioTo$_$0,T,2,8,8,0.18082037638484788,1,pedro,9,9
448,VinxKpWioTo$_$0,T,3,1,1,0.09073814468772554,2,",",2,2
449,VinxKpWioTo$_$3,T,1,16,22,0.5242025719267496,2,"career , students under your leadership will",17,23
449,VinxKpWioTo$_$3,T,2,20,20,0.10497675765599387,peak,your,21,21
449,VinxKpWioTo$_$3,T,3,14,14,0.03604622253137194,1,-,15,15
450,VinxKpWioTo$_$5,T,1,11,13,0.24029823766537622,3,for all students,12,14
450,VinxKpWioTo$_$5,T,2,3,4,0.14487233905482463,3,a place,4,5
450,VinxKpWioTo$_$5,T,3,5,5,0.065515392129772,1,in,6,6
451,ViyQVpGW05w$_$1,T,1,14,15,0.26546982884515447,2,university .,16,17
451,ViyQVpGW05w$_$1,T,2,4,6,0.25779208218103195,3,faculty member in,5,7
451,ViyQVpGW05w$_$1,T,3,0,1,0.1436687823300445,1,i ',1,2
452,ViyQVpGW05w$_$4,T,1,1,4,0.3941161501988537,3,legal session will focus,2,5
452,ViyQVpGW05w$_$4,T,2,6,8,0.3562040026729282,2,illegal discrimination in,7,9
452,ViyQVpGW05w$_$4,T,3,2,2,0.12560462082411356,2,session,3,3
453,ViyQVpGW05w$_$6,T,1,0,2,0.2876653845401994,3,noncompliance with these,1,6
453,ViyQVpGW05w$_$6,T,2,3,5,0.284932241779614,2,laws can result,7,9
453,ViyQVpGW05w$_$6,T,3,19,20,0.06630918242278908,1,are employed,23,24
454,Vuay0mVKkik$_$3,T,1,7,12,0.8201600021230403,3,it was really difficult for me,8,13
454,Vuay0mVKkik$_$3,T,2,10,10,0.38780647034149196,peak,difficult,11,11
454,Vuay0mVKkik$_$3,T,3,20,20,0.01491886466941547,1,able,21,21
455,WmQF5RmbsVQ$_$6,T,1,17,22,0.20271119865640475,3,so my suggestion is to go,19,24
455,WmQF5RmbsVQ$_$6,T,2,25,26,0.06368325702466283,1,local bank,27,28
455,WmQF5RmbsVQ$_$6,T,3,1,2,0.06149117444177608,2,", there",2,3
456,Wrcf2xtqbkQ$_$9,T,1,20,25,0.32489307096219266,2,"will take place , exchanging evidence",22,27
456,Wrcf2xtqbkQ$_$9,T,2,1,4,0.19263406640046066,1,mladic trial is in,2,6
456,Wrcf2xtqbkQ$_$9,T,3,24,24,0.06980065607711772,peak,exchanging,26,26
457,Wrcf2xtqbkQ$_$8,T,1,14,16,0.19835272291233186,3,of the trials,15,17
457,Wrcf2xtqbkQ$_$8,T,2,7,9,0.19827044305366548,1,"to , to",8,10
457,Wrcf2xtqbkQ$_$8,T,3,4,5,0.1811739876476835,2,' m,5,6
458,WxajvjGKz7Y$_$0,T,1,1,3,0.39374322460069633,3,second suggestion is,2,4
458,WxajvjGKz7Y$_$0,T,2,7,7,0.18121852352456622,1,"""",8,8
459,WxajvjGKz7Y$_$3,T,1,13,15,0.2193184379078309,2,would say we,14,16
459,WxajvjGKz7Y$_$3,T,2,6,8,0.17140935636895238,3,number fact like,7,9
459,WxajvjGKz7Y$_$3,T,3,17,19,0.14625610118287186,1,count on 3,18,20
460,WxajvjGKz7Y$_$6,T,1,26,30,0.2101603216399624,2,goal that they just recall,27,31
460,WxajvjGKz7Y$_$6,T,2,17,19,0.11945913994669499,3,the strategy and,18,20
460,WxajvjGKz7Y$_$6,T,3,13,15,0.0913910547623937,3,don ' t,14,16
461,XIGpuL-Kkyk$_$12,T,1,21,25,0.4209973689290416,2,actually competitive and viable in,22,26
461,XIGpuL-Kkyk$_$12,T,2,23,23,0.1333860251757698,peak,and,24,24
461,XIGpuL-Kkyk$_$12,T,3,25,26,0.10411682213596547,1,in this,26,27
462,XIGpuL-Kkyk$_$0,T,1,1,3,0.30949746659743266,2,a poor transaction,2,4
462,XIGpuL-Kkyk$_$0,T,2,6,7,0.20014063653993786,1,mechanisms that,7,8
462,XIGpuL-Kkyk$_$0,T,3,11,11,0.08084543283755127,1,to,12,12
463,XIGpuL-Kkyk$_$4,T,1,14,19,0.6334499948558993,3,is an excellent tool to get,15,20
463,XIGpuL-Kkyk$_$4,T,2,16,16,0.20031430942045697,peak,excellent,17,17
463,XIGpuL-Kkyk$_$4,T,3,19,20,0.10377657843930749,1,get there,20,21
464,XIGpuL-Kkyk$_$7,T,1,4,5,0.478286836971195,2,that the,5,6
464,XIGpuL-Kkyk$_$7,T,2,2,3,0.2277638916977689,3,the things,3,4
464,XIGpuL-Kkyk$_$7,T,3,0,0,0.1941368145772735,1,one,1,1
465,XaVYxIW0FDg$_$2,T,1,20,23,0.2330968233755525,3,who accept and obey,21,24
465,XaVYxIW0FDg$_$2,T,2,3,5,0.17388538421324948,3,prophecy in the,4,6
465,XaVYxIW0FDg$_$2,T,3,11,13,0.11782716982101693,1,one piece was,12,14
466,XyP8bVmGX6M$_$4,T,1,1,3,0.28896603423907274,3,thought leadership from,2,4
466,XyP8bVmGX6M$_$4,T,2,6,7,0.1681340296089378,2,will be,7,8
466,XyP8bVmGX6M$_$4,T,3,13,14,0.1430635432366904,1,said in,14,15
467,XzVapdEr_GY$_$3,T,1,23,30,0.4392058587507791,3,you bring a level of diversity to the,24,31
467,XzVapdEr_GY$_$3,T,2,24,25,0.12754196463865897,1,bring a,25,26
467,XzVapdEr_GY$_$3,T,3,30,32,0.09581809007050913,1,the class .,31,33
468,XzVapdEr_GY$_$4,T,1,24,30,0.3974898634667438,3,will be wonderful to have as part,25,31
468,XzVapdEr_GY$_$4,T,2,26,26,0.11754679897446728,peak,wonderful,27,27
468,XzVapdEr_GY$_$4,T,3,12,14,0.08268775358299965,2,and creativity as,13,15
469,Y7h-S3cJ52o$_$0,T,1,1,3,0.413613862219696,3,link is a,2,4
469,Y7h-S3cJ52o$_$0,T,2,6,6,0.12394436120811181,1,transit,7,7
469,Y7h-S3cJ52o$_$0,T,3,10,10,0.06836078703807073,1,.,11,11
470,Y7qkyMyanjU$_$2,T,1,1,3,0.34637768938561214,3,solve the problem,2,4
470,Y7qkyMyanjU$_$2,T,2,10,10,0.1059518799606167,1,modeling,11,11
470,Y7qkyMyanjU$_$2,T,3,9,9,0.0923201997949411,2,by,10,10
471,Y7qkyMyanjU$_$4,T,1,1,3,0.3534391216168453,3,order to add,2,4
471,Y7qkyMyanjU$_$4,T,2,10,11,0.2301820701889502,1,a combine,11,12
471,Y7qkyMyanjU$_$4,T,3,7,7,0.07884146642630266,1,',8,8
472,YbuG8xyUO-o$_$3,T,1,0,2,0.38248261653340804,3,our underwriters have,1,5
472,YbuG8xyUO-o$_$3,T,2,4,5,0.21797114537884615,1,final say,7,8
472,YbuG8xyUO-o$_$3,T,3,9,9,0.12734184868145335,2,application,12,12
473,YbuG8xyUO-o$_$2,T,1,8,10,0.31863905752761545,3,now with our,9,11
473,YbuG8xyUO-o$_$2,T,2,3,4,0.26047720927594364,1,out of,4,5
473,YbuG8xyUO-o$_$2,T,3,5,5,0.10441610813013802,3,processing,6,6
474,Z7L3V5bwzI0$_$2,T,1,8,14,0.4080672032585429,2,to get rid of the federal government,9,15
474,Z7L3V5bwzI0$_$2,T,2,12,12,0.07175123806374176,peak,the,13,13
474,Z7L3V5bwzI0$_$2,T,3,8,8,0.05877518690414446,1,to,9,9
475,ZaoFHcbRM9g$_$3,T,1,17,21,0.31943200260119914,3,"is a miracle , thank",18,22
475,ZaoFHcbRM9g$_$3,T,2,24,26,0.3019795578119406,2,is not a,25,27
475,ZaoFHcbRM9g$_$3,T,3,19,19,0.1391275828299124,1,miracle,20,20
476,ZaoFHcbRM9g$_$2,T,1,6,8,0.8267049560259698,2,a secret anymore,7,9
477,ZaoFHcbRM9g$_$5,T,1,9,12,0.41326126068753494,2,out your husband was,10,13
477,ZaoFHcbRM9g$_$5,T,2,0,1,0.13205884682242744,1,and you,1,2
477,ZaoFHcbRM9g$_$5,T,3,9,9,0.11001870011040189,1,out,10,10
478,ZaoFHcbRM9g$_$9,T,1,2,3,0.5444702731532545,1,less than,3,4
479,ZaoFHcbRM9g$_$8,T,1,1,2,0.49272441802153044,2,never thought,2,3
479,ZaoFHcbRM9g$_$8,T,2,0,0,0.20405210693755663,1,i,1,1
479,ZaoFHcbRM9g$_$8,T,3,3,3,0.1629253649716462,1,i,4,4
480,Zvisaa77Cng$_$1,T,1,10,14,0.5025232479050545,3,ethics has been a big,12,16
480,Zvisaa77Cng$_$1,T,2,14,15,0.18788542316005913,2,big issue,16,17
480,Zvisaa77Cng$_$1,T,3,10,10,0.07666326090115626,1,ethics,12,12
481,Zvisaa77Cng$_$5,T,1,2,3,0.2778080279588539,2,best ceos,3,5
481,Zvisaa77Cng$_$5,T,2,12,13,0.26411745561006617,1,need boards,14,15
482,_7HVhnSYX1Y$_$26,T,1,10,11,0.18201299212277167,2,your event,11,12
482,_7HVhnSYX1Y$_$26,T,2,1,2,0.17144855210435261,2,"everything ,",2,3
482,_7HVhnSYX1Y$_$26,T,3,6,6,0.06571433923711475,1,with,7,7
483,_7HVhnSYX1Y$_$12,T,1,1,3,0.28519353343240184,3,you ' re,2,4
483,_7HVhnSYX1Y$_$12,T,2,8,9,0.1922425343356018,1,", team",9,10
483,_7HVhnSYX1Y$_$12,T,3,6,6,0.07929104329371471,1,fashion,7,7
484,_7HVhnSYX1Y$_$14,T,1,1,2,0.3024044850525336,2,not overlook,2,3
484,_7HVhnSYX1Y$_$14,T,2,4,4,0.2141984617141735,1,advertising,5,5
484,_7HVhnSYX1Y$_$14,T,3,0,0,0.12488990734299946,1,do,1,1
485,_7HVhnSYX1Y$_$19,T,1,5,6,0.2545190823730514,2,elaborate stunt,6,7
485,_7HVhnSYX1Y$_$19,T,2,9,10,0.16086246446458646,3,news media,10,11
485,_7HVhnSYX1Y$_$19,T,3,11,11,0.10952579653069489,1,attention,12,12
486,_7HVhnSYX1Y$_$31,T,1,7,10,0.49445983954480865,3,better the experience and,8,11
486,_7HVhnSYX1Y$_$31,T,2,9,9,0.21079095978823484,1,experience,10,10
486,_7HVhnSYX1Y$_$31,T,3,3,4,0.2048259113554139,1,you are,4,5
487,_7HVhnSYX1Y$_$3,T,1,3,8,0.6915186886567354,3,synergies such as media partnerships with,4,11
487,_7HVhnSYX1Y$_$3,T,2,4,4,0.2298456596673316,1,such,7,7
487,_7HVhnSYX1Y$_$3,T,3,6,6,0.13722246038780714,1,media,9,9
488,_BvNNdEkhZA$_$14,T,1,5,8,0.506748226662703,3,thought it was a,6,9
488,_BvNNdEkhZA$_$14,T,2,6,6,0.17191346312326555,peak,it,7,7
488,_BvNNdEkhZA$_$14,T,3,10,10,0.1066376158712191,1,guitar,11,11
489,_BvNNdEkhZA$_$19,T,1,4,9,0.2540885119977758,3,to have all the information tomorrow,5,10
489,_BvNNdEkhZA$_$19,T,2,27,28,0.07929242074826366,2,we know,28,29
489,_BvNNdEkhZA$_$19,T,3,6,6,0.045907546796937516,peak,all,7,7
490,_BvNNdEkhZA$_$7,T,1,4,6,0.271086489408074,3,something similar with,5,7
490,_BvNNdEkhZA$_$7,T,2,13,15,0.19638844788552348,1,rocksmith with allowing,14,17
490,_BvNNdEkhZA$_$7,T,3,15,16,0.12457807389823314,2,allowing people,17,18
491,_BvNNdEkhZA$_$6,T,1,4,10,0.416100169933469,3,heard rumours in the past that the,5,11
491,_BvNNdEkhZA$_$6,T,2,5,5,0.10258596161717223,1,rumours,6,6
491,_BvNNdEkhZA$_$6,T,3,8,9,0.10171952744971366,1,past that,9,10
492,_BvNNdEkhZA$_$9,T,1,4,5,0.20742986819329584,2,drum kit,5,6
492,_BvNNdEkhZA$_$9,T,2,10,11,0.19944133667733455,1,and towards,11,12
492,_BvNNdEkhZA$_$9,T,3,14,14,0.13407886566783597,1,end,15,15
493,_aZDaIfGfPo$_$1,T,1,13,17,0.1356535425465289,2,"a range of benefits ,",14,18
493,_aZDaIfGfPo$_$1,T,2,25,29,0.1255961832503433,3,- of - pocket costs,27,31
493,_aZDaIfGfPo$_$1,T,3,20,23,0.10583834779932996,1,preventive services with no,21,25
494,_aZDaIfGfPo$_$0,T,1,11,13,0.21913764013991127,3,white house initiative,12,14
494,_aZDaIfGfPo$_$0,T,2,1,3,0.21267262851237723,3,", i '",2,4
494,_aZDaIfGfPo$_$0,T,3,15,16,0.18225506643986117,2,asian americans,16,17
495,_gr7o5ynhnw$_$13,T,1,23,27,0.38765200840661834,3,useful for reasoning about the,25,29
495,_gr7o5ynhnw$_$13,T,2,25,25,0.1469206917386827,peak,reasoning,27,27
495,_gr7o5ynhnw$_$13,T,3,11,13,0.14049964856637692,2,like for example,12,14
496,_gr7o5ynhnw$_$12,T,1,8,11,0.4072477296911582,3,timeless ideas and key,9,12
496,_gr7o5ynhnw$_$12,T,2,10,10,0.12906921310595332,1,and,11,11
496,_gr7o5ynhnw$_$12,T,3,8,8,0.10821342288000116,1,timeless,9,9
497,_gr7o5ynhnw$_$15,T,1,19,26,0.21920827883603172,2,up learning a lot of the greatest hits,20,27
497,_gr7o5ynhnw$_$15,T,2,14,16,0.08915626772537538,2,of fun because,15,17
497,_gr7o5ynhnw$_$15,T,3,19,20,0.05396425252679423,3,up learning,20,21
498,_gzYkdjNvPc$_$12,T,1,4,6,0.46428407693310797,3,that social media,5,7
498,_gzYkdjNvPc$_$12,T,2,1,1,0.24330617823589348,1,third,2,2
498,_gzYkdjNvPc$_$12,T,3,8,8,0.05517253082342491,1,diversity,9,9
499,_gzYkdjNvPc$_$17,T,1,12,14,0.31002284612058434,2,at least not,13,15
499,_gzYkdjNvPc$_$17,T,2,5,6,0.22846828783546225,1,just really,6,7
499,_gzYkdjNvPc$_$17,T,3,10,10,0.028066045074744042,1,utilize,11,11
500,_gzYkdjNvPc$_$1,T,1,13,18,0.49531491303642,2,filed bankruptcy twice within the period,14,19
500,_gzYkdjNvPc$_$1,T,2,14,14,0.1426328925102635,peak,bankruptcy,15,15
500,_gzYkdjNvPc$_$1,T,3,22,23,0.08444213680139823,1,bit over,23,24
501,_gzYkdjNvPc$_$3,T,1,8,10,0.35564298709790787,3,"wet seal ,",10,12
501,_gzYkdjNvPc$_$3,T,2,3,3,0.08408394593113229,1,pacific,4,4
501,_gzYkdjNvPc$_$3,T,3,2,2,0.08323019012615394,3,include,3,3
502,_gzYkdjNvPc$_$2,T,1,4,5,0.46165921197494825,2,of crazy,5,6
502,_gzYkdjNvPc$_$2,T,2,1,1,0.18292925253370218,1,',2,2
503,_gzYkdjNvPc$_$5,T,1,7,10,0.5014150112668923,2,specific or sort of,8,11
503,_gzYkdjNvPc$_$5,T,2,9,9,0.1450439080791302,peak,sort,10,10
503,_gzYkdjNvPc$_$5,T,3,12,12,0.07932918786315446,1,on,13,13
504,_gzYkdjNvPc$_$4,T,1,9,13,0.3798994295186561,3,of these brands you might,10,14
504,_gzYkdjNvPc$_$4,T,2,20,21,0.1428565758728832,2,a pattern,21,22
504,_gzYkdjNvPc$_$4,T,3,11,11,0.12341333573968857,1,brands,12,12
505,_gzYkdjNvPc$_$6,T,1,8,10,0.21288872619883692,2,big reasons why,9,11
505,_gzYkdjNvPc$_$6,T,2,2,3,0.13993349798901666,3,there ',3,4
505,_gzYkdjNvPc$_$6,T,3,10,11,0.13850756685279375,1,why these,11,12
506,_gzYkdjNvPc$_$9,T,1,3,5,0.3805713729601058,3,is that teen,4,6
506,_gzYkdjNvPc$_$9,T,2,12,13,0.23863289437477261,1,more segregated,13,14
507,a-WihYDk6vc$_$8,T,1,21,25,0.33829937693923473,2,any achievements that they have,22,26
507,a-WihYDk6vc$_$8,T,2,22,22,0.11673252904733425,peak,achievements,23,23
507,a-WihYDk6vc$_$8,T,3,29,30,0.07111303134882753,2,their work,30,31
508,a-WihYDk6vc$_$0,T,1,10,12,0.27940499710119837,2,in this birthday,11,13
508,a-WihYDk6vc$_$0,T,2,2,3,0.19221920689839062,1,have talked,3,4
508,a-WihYDk6vc$_$0,T,3,7,7,0.0721887650318259,1,and,8,8
509,aFhc2ddipoM$_$14,T,1,14,17,0.19532399470761752,3,"usa , get a",15,18
509,aFhc2ddipoM$_$14,T,2,29,31,0.15935600111450623,2,of entrepreneurship .,30,32
509,aFhc2ddipoM$_$14,T,3,5,6,0.08597416658838661,3,that experience,6,7
510,aK5tRCXjUvU$_$0,T,1,11,14,0.3892478226495806,3,you about this product,12,15
510,aK5tRCXjUvU$_$0,T,2,13,13,0.14521674219328295,peak,this,14,14
510,aK5tRCXjUvU$_$0,T,3,10,10,0.08329781113919105,1,to,11,11
511,b-FX9NOVQOM$_$1,T,1,2,5,0.22463401670153044,3,can ' t because,3,6
511,b-FX9NOVQOM$_$1,T,2,13,15,0.1459455184453134,3,system wants to,14,16
511,b-FX9NOVQOM$_$1,T,3,16,17,0.12042232982385778,1,divide and,17,18
512,b-FX9NOVQOM$_$4,T,1,8,12,0.2235671584175164,3,"' s not us ,",9,13
512,b-FX9NOVQOM$_$4,T,2,27,29,0.17008722611875324,3,- - no,28,30
512,b-FX9NOVQOM$_$4,T,3,14,16,0.12426910270282782,2,", us ,",15,17
513,b1LEcg6z66g$_$0,T,1,2,7,0.450880114816359,2,"too long , the greatest predictor",3,9
513,b1LEcg6z66g$_$0,T,2,3,3,0.09433711710858708,peak,long,4,4
513,b1LEcg6z66g$_$0,T,3,17,18,0.09150980918527593,3,been your,19,20
514,b1LEcg6z66g$_$4,T,1,0,5,0.38572082373027516,1,not only is it increasing to,1,6
514,b1LEcg6z66g$_$4,T,2,24,25,0.1116088944602067,3,that extra,27,28
514,b1LEcg6z66g$_$4,T,3,1,1,0.07456049254578255,peak,only,2,2
515,b1LEcg6z66g$_$8,T,1,2,6,0.39721428599167224,3,s simply not good enough,3,7
515,b1LEcg6z66g$_$8,T,2,4,4,0.13676603664393305,peak,not,5,5
515,b1LEcg6z66g$_$8,T,3,11,12,0.09177199747980178,1,should do,12,13
516,bAkUEnPoucg$_$3,T,1,28,32,0.6097003665386451,3,that which is great !,29,33
516,bAkUEnPoucg$_$3,T,2,31,31,0.24872277437476978,peak,great,32,32
516,bAkUEnPoucg$_$3,T,3,9,12,0.16739354407158852,2,have to invest too,10,13
517,bNQkb4K5DX0$_$3,T,1,7,11,0.3059419549292456,2,"10 hours , including scheduled",8,12
517,bNQkb4K5DX0$_$3,T,2,10,13,0.24673773703835913,1,"including scheduled breaks ,",11,14
517,bNQkb4K5DX0$_$3,T,3,22,24,0.2187592512506824,3,about 14 hours,23,25
518,bNQkb4K5DX0$_$7,T,1,2,7,0.38142667554979603,3,"provides the best study guides ,",3,8
518,bNQkb4K5DX0$_$7,T,2,18,19,0.12243118644737852,2,it out,19,20
518,bNQkb4K5DX0$_$7,T,3,4,4,0.08767467469102827,1,best,5,5
519,bWunvAd96zI$_$1,T,1,12,15,0.35604841670568754,3,", making their relationship",13,16
519,bWunvAd96zI$_$1,T,2,15,17,0.2626547953774783,2,relationship super awkward,16,18
519,bWunvAd96zI$_$1,T,3,13,13,0.1318297157852189,peak,making,14,14
520,bWunvAd96zI$_$2,T,1,21,26,0.4780660755614833,2,"twins , low ticket sales ,",24,29
520,bWunvAd96zI$_$2,T,2,23,23,0.10765154180266717,peak,low,26,26
520,bWunvAd96zI$_$2,T,3,7,8,0.06398607645886814,3,on theater,8,9
521,bWunvAd96zI$_$5,T,1,4,5,0.521454173801072,2,obstacles as,5,6
521,bWunvAd96zI$_$5,T,2,1,2,0.2914594760494383,3,other characters,2,3
522,bWunvAd96zI$_$4,T,1,11,14,0.3886923408664837,1,less consumed by her,12,15
522,bWunvAd96zI$_$4,T,2,12,12,0.1333944333382605,peak,consumed,13,13
522,bWunvAd96zI$_$4,T,3,1,1,0.06562026831800917,2,the,2,2
523,bj9e8w4vNxo$_$12,T,1,34,40,0.27206889986862903,2,' re probably going to be nervous,35,41
523,bj9e8w4vNxo$_$12,T,2,28,30,0.09051501695784936,2,' re nervous,29,31
523,bj9e8w4vNxo$_$12,T,3,19,21,0.06842204031298982,3,just a fact,20,22
524,bpvYdXVlgvc$_$1,T,1,5,7,0.40634391725645147,3,see the democrats,6,8
524,bpvYdXVlgvc$_$1,T,2,4,5,0.29766831071950284,2,to see,5,6
524,bpvYdXVlgvc$_$1,T,3,1,1,0.11012938891881899,2,we,2,2
525,bpvYdXVlgvc$_$3,T,1,13,17,0.5828737820375978,3,is donald trump ' s,14,18
525,bpvYdXVlgvc$_$3,T,2,15,15,0.1801731476283165,peak,trump,16,16
525,bpvYdXVlgvc$_$3,T,3,11,12,0.10697950126472108,1,but that,12,13
526,bpvYdXVlgvc$_$4,T,1,3,6,0.6493899064140805,3,direct violation of this,4,7
526,bpvYdXVlgvc$_$4,T,2,4,4,0.3096071663093336,1,violation,5,5
526,bpvYdXVlgvc$_$4,T,3,2,2,0.07795211819130435,1,in,3,3
527,bpvYdXVlgvc$_$6,T,1,17,20,0.29601281469027596,3,that donald trump is,18,21
527,bpvYdXVlgvc$_$6,T,2,12,13,0.11838745781582485,1,at all,13,14
527,bpvYdXVlgvc$_$6,T,3,19,19,0.11265228069701921,1,trump,20,20
528,c1a1y9ytHH0$_$0,T,1,8,12,0.3036593573775618,3,"method , and these exchanges",9,13
528,c1a1y9ytHH0$_$0,T,2,14,16,0.17689327545587294,2,"similar , as",15,17
528,c1a1y9ytHH0$_$0,T,3,11,11,0.08225742072118575,peak,these,12,12
529,c1a1y9ytHH0$_$3,T,1,5,9,0.533178051303961,3,the beads needs to occur,6,10
529,c1a1y9ytHH0$_$3,T,2,7,7,0.1930926037910427,peak,needs,8,8
529,c1a1y9ytHH0$_$3,T,3,1,2,0.05840122546675998,2,possible the,2,3
530,c1a1y9ytHH0$_$7,T,1,2,6,0.43751466626046004,3,’ s really important for,3,7
530,c1a1y9ytHH0$_$7,T,2,4,4,0.14850108277496843,peak,really,5,5
530,c1a1y9ytHH0$_$7,T,3,16,17,0.13214738564540768,1,anywhere on,17,18
531,c5cB7AfVgcE$_$12,T,1,20,23,0.16292643638230245,1,face what is going,21,24
531,c5cB7AfVgcE$_$12,T,2,27,29,0.14451488712186786,3,you feel comfortable,28,30
531,c5cB7AfVgcE$_$12,T,3,9,11,0.11899948839981239,3,"sitting , you",10,12
532,c5cB7AfVgcE$_$5,T,1,29,36,0.7059218171010924,3,"sitting , is not a great thing .",30,37
532,c5cB7AfVgcE$_$5,T,2,31,32,0.4368951976402382,1,is not,32,33
532,c5cB7AfVgcE$_$5,T,3,35,35,0.049096052842104956,1,thing,36,36
533,d8BR6hsvzoY$_$1,T,1,8,11,0.25534381843367127,3,' re looking for,9,12
533,d8BR6hsvzoY$_$1,T,2,0,1,0.1127513891148529,1,""" if",1,2
533,d8BR6hsvzoY$_$1,T,3,5,6,0.10876972661311077,3,the clothing,6,7
534,d8BR6hsvzoY$_$0,T,1,1,2,0.455092614253189,2,do you,2,3
535,d8BR6hsvzoY$_$2,T,1,5,9,0.6053575376680225,2,clothing in the changing room,6,10
535,d8BR6hsvzoY$_$2,T,2,8,8,0.18193285693601258,peak,changing,9,9
535,d8BR6hsvzoY$_$2,T,3,4,5,0.12630846002892443,1,the clothing,5,6
536,d8BR6hsvzoY$_$5,T,1,4,6,0.32650319515141624,3,have this in,5,7
536,d8BR6hsvzoY$_$5,T,2,2,3,0.257777324646202,2,do you,3,4
536,d8BR6hsvzoY$_$5,T,3,7,7,0.12836911537356868,1,a,8,8
537,d8BR6hsvzoY$_$6,T,1,1,3,0.5297888435675812,2,""" do you",2,4
537,d8BR6hsvzoY$_$6,T,2,4,4,0.13918474460462227,1,have,5,5
538,d8BR6hsvzoY$_$9,T,1,11,15,0.4486457077905458,3,", "" how much is",12,16
538,d8BR6hsvzoY$_$9,T,2,14,14,0.1456599120477406,peak,much,15,15
538,d8BR6hsvzoY$_$9,T,3,5,6,0.11025359300994327,2,one item,6,7
539,d8BR6hsvzoY$_$8,T,1,19,23,0.20578949690117496,2,", now you want to",20,24
539,d8BR6hsvzoY$_$8,T,2,12,14,0.13750536901315225,1,the right size,13,15
539,d8BR6hsvzoY$_$8,T,3,25,26,0.07325788703466012,3,how much,26,27
540,dBWvtPeHpWM$_$4,T,1,3,4,0.5228244770731758,2,are ok,4,5
540,dBWvtPeHpWM$_$4,T,2,2,2,0.22705137980632273,1,them,3,3
541,dEDbm2ubVRQ$_$0,T,1,6,8,0.6619515596349331,2,dealing with late,7,9
541,dEDbm2ubVRQ$_$0,T,2,0,0,0.033021244044721364,1,here,1,1
542,dEDbm2ubVRQ$_$3,T,1,0,3,0.19919575140196033,1,"heck , i '",1,4
542,dEDbm2ubVRQ$_$3,T,2,9,11,0.17221736163409698,2,the bane of,10,12
542,dEDbm2ubVRQ$_$3,T,3,13,15,0.1202333285561801,1,"businesses existence ,",14,16
543,dEDbm2ubVRQ$_$8,T,1,11,14,0.4767167902332854,2,originally secured your services,12,15
543,dEDbm2ubVRQ$_$8,T,2,13,13,0.19552476536369007,1,your,14,14
543,dEDbm2ubVRQ$_$8,T,3,7,8,0.14938057085443182,1,for the,8,9
544,dt641WxonBI$_$1,T,1,0,1,0.32421920085262534,2,i attended,1,2
544,dt641WxonBI$_$1,T,2,7,8,0.22032343656918674,1,currently actually,8,9
544,dt641WxonBI$_$1,T,3,4,5,0.16698799126176941,3,from 2009,5,6
545,dt641WxonBI$_$3,T,1,16,21,0.40644568403998027,3,to do a two - year,17,22
545,dt641WxonBI$_$3,T,2,20,22,0.22211862503514984,2,- year program,21,23
545,dt641WxonBI$_$3,T,3,3,4,0.13795054348090874,2,mostly for,4,5
546,eOiC1kb17P4$_$0,T,1,17,22,0.23859744244283895,2,italy ! but i want to,19,24
546,eOiC1kb17P4$_$0,T,2,6,7,0.06246464996493434,1,no i,8,9
546,eOiC1kb17P4$_$0,T,3,12,13,0.06232297141909757,2,toronto i,14,15
547,erNDEjQeox8$_$12,T,1,2,7,0.20043508781663052,3,people that you appreciate say something,3,8
547,erNDEjQeox8$_$12,T,2,34,37,0.12506585948903506,2,do it for some,35,38
547,erNDEjQeox8$_$12,T,3,7,8,0.06109009897597302,1,something like,8,9
548,ewBrNsyY82Q$_$4,T,1,11,14,0.19044777617080597,2,", i ' m",12,15
548,ewBrNsyY82Q$_$4,T,2,17,20,0.1768210938908863,2,culture within the united,18,21
548,ewBrNsyY82Q$_$4,T,3,23,26,0.14289373150901946,3,texas vs new york,24,27
549,fWOIAxzBQFY$_$12,T,1,7,11,0.2777074867191538,3,incoming connections requests receiving data,8,12
549,fWOIAxzBQFY$_$12,T,2,4,5,0.09787490918966549,1,like listening,5,6
549,fWOIAxzBQFY$_$12,T,3,9,9,0.07040416899268723,1,requests,10,10
550,fWOIAxzBQFY$_$5,T,1,1,3,0.34154253121183187,2,am a programmer,2,4
550,fWOIAxzBQFY$_$5,T,2,14,14,0.10182029864103784,1,trenches,15,15
550,fWOIAxzBQFY$_$5,T,3,9,9,0.0841908483052074,1,lot,10,10
551,fWOIAxzBQFY$_$7,T,1,1,3,0.21236422592550383,2,course you ',2,4
551,fWOIAxzBQFY$_$7,T,2,10,11,0.11043316572344515,3,p my,11,12
551,fWOIAxzBQFY$_$7,T,3,4,4,0.06042542243745904,1,ll,5,5
552,f_ZJ7L14oYQ$_$11,T,1,31,37,0.3054240942237446,1,i ' m going in to work,33,39
552,f_ZJ7L14oYQ$_$11,T,2,2,4,0.11497329215283209,2,could see i,3,5
552,f_ZJ7L14oYQ$_$11,T,3,26,27,0.05462312364715741,3,them with,27,28
553,f_ZJ7L14oYQ$_$27,T,1,16,21,0.5732909536523925,3,don ' t have to worry,17,22
553,f_ZJ7L14oYQ$_$27,T,2,19,19,0.14963154227343398,peak,have,20,20
553,f_ZJ7L14oYQ$_$27,T,3,4,6,0.11494967988200677,2,is that i,5,7
554,f_ZJ7L14oYQ$_$21,T,1,16,20,0.37072525473325313,3,just aren ' t comfortable,17,21
554,f_ZJ7L14oYQ$_$21,T,2,11,13,0.15708921645380897,1,forever to put,12,14
554,f_ZJ7L14oYQ$_$21,T,3,7,8,0.11023921644887559,2,stupid boots,8,9
555,f_ZJ7L14oYQ$_$17,T,1,10,14,0.541428730838685,2,throw them in the sink,11,15
555,f_ZJ7L14oYQ$_$17,T,2,13,13,0.1410185351282685,peak,the,14,14
555,f_ZJ7L14oYQ$_$17,T,3,17,18,0.07829498347431817,1,it off,19,20
556,f_ZJ7L14oYQ$_$9,T,1,4,11,0.5381046849943971,3,", you kind of take it , and",5,12
556,f_ZJ7L14oYQ$_$9,T,2,5,6,0.16196532333445887,1,you kind,6,7
556,f_ZJ7L14oYQ$_$9,T,3,10,10,0.09293572806359614,peak,",",11,11
557,f_ZJ7L14oYQ$_$8,T,1,16,19,0.485853943652469,2,keeps you from slipping,17,20
557,f_ZJ7L14oYQ$_$8,T,2,17,17,0.21142133556460918,peak,you,18,18
557,f_ZJ7L14oYQ$_$8,T,3,1,3,0.14011699542980532,3,think you can,2,4
558,ffrJ91swyq0$_$1,T,1,24,34,0.6914324757449495,3,sentiment analysis and all these wonderful terms that they really can,25,35
558,ffrJ91swyq0$_$1,T,2,29,29,0.21774776167185717,peak,wonderful,30,30
558,ffrJ91swyq0$_$1,T,3,32,32,0.02596972717437868,1,they,33,33
559,g8Cl74tS3oY$_$2,T,1,13,17,0.5302189628550464,3,threat of defunding the corporation,14,20
559,g8Cl74tS3oY$_$2,T,2,15,15,0.1657639314377559,peak,defunding,16,18
559,g8Cl74tS3oY$_$2,T,3,19,22,0.13787266528509817,2,public broadcasting has never,22,25
560,g8Cl74tS3oY$_$6,T,1,8,14,0.26446449900547064,3,"for you , your family , and",9,15
560,g8Cl74tS3oY$_$6,T,2,13,14,0.0733696275760368,2,", and",14,15
560,g8Cl74tS3oY$_$6,T,3,26,27,0.06963844389998827,3,and respect,33,34
561,gR4gM_WXesQ$_$10,T,1,14,16,0.25059751888327797,2,father discovers her,15,17
561,gR4gM_WXesQ$_$10,T,2,6,8,0.21984439046725596,2,"physical , but",7,9
561,gR4gM_WXesQ$_$10,T,3,18,18,0.06267963131378115,1,with,19,19
562,gR4gM_WXesQ$_$26,T,1,4,8,0.6606657628656334,3,and lack of femininity ;,5,11
562,gR4gM_WXesQ$_$26,T,2,5,5,0.23752101236889614,peak,lack,6,6
562,gR4gM_WXesQ$_$26,T,3,8,9,0.10110840884571988,1,; park,11,12
563,gR4gM_WXesQ$_$20,T,1,27,31,0.5420486578628635,3,"or comic relief , not",28,32
563,gR4gM_WXesQ$_$20,T,2,24,28,0.4818859219940545,2,viewed as weapons or comic,25,29
563,gR4gM_WXesQ$_$20,T,3,27,27,0.24125368306015887,peak,or,28,28
564,gR4gM_WXesQ$_$24,T,1,0,0,0.5172382074589841,1,there,1,1
564,gR4gM_WXesQ$_$24,T,2,3,5,0.15727964954726162,2,imperfect people trying,4,6
564,gR4gM_WXesQ$_$24,T,3,5,7,0.15645648279522906,3,trying to make,6,8
565,gR4gM_WXesQ$_$18,T,1,18,20,0.5192302794318563,3,lack of asian,22,24
565,gR4gM_WXesQ$_$18,T,2,24,26,0.07790747089981453,2,media as desirable,28,30
565,gR4gM_WXesQ$_$18,T,3,5,7,0.07002566160653323,3,"a way ,",9,11
566,gR4gM_WXesQ$_$3,T,1,9,12,0.229745157947785,3,no place to sit,10,13
566,gR4gM_WXesQ$_$3,T,2,17,19,0.16485256888483546,2,but park eventually,18,20
566,gR4gM_WXesQ$_$3,T,3,6,7,0.12328722509480858,1,", eleanor",7,8
567,gR4gM_WXesQ$_$4,T,1,13,17,0.4674018122376683,3,their love of music and,14,18
567,gR4gM_WXesQ$_$4,T,2,14,14,0.1316366664915659,peak,love,15,15
567,gR4gM_WXesQ$_$4,T,3,17,17,0.08853635068239418,1,and,18,18
568,gR4gM_WXesQ$_$8,T,1,17,21,0.44953158406759974,3,to his house every day,18,22
568,gR4gM_WXesQ$_$8,T,2,1,2,0.12378922839401307,2,the holiday,2,3
568,gR4gM_WXesQ$_$8,T,3,17,17,0.11652384835004202,1,to,18,18
569,gVqs4TzqySw$_$1,T,1,15,18,0.1742237462472562,2,"more , i think",19,22
569,gVqs4TzqySw$_$1,T,2,4,6,0.08590286564905492,3,anata to aitakatta,5,10
569,gVqs4TzqySw$_$1,T,3,35,36,0.07942724305364635,2,been wanting,39,40
570,gVqs4TzqySw$_$3,T,1,15,18,0.2894440857290721,2,' t use to,20,23
570,gVqs4TzqySw$_$3,T,2,1,3,0.28412081209381523,3,the causative form,2,6
570,gVqs4TzqySw$_$3,T,3,18,19,0.09920988702598407,1,to at,23,24
571,gVqs4TzqySw$_$2,T,1,7,11,0.291728953237266,2,"of a mutual idea ,",8,12
571,gVqs4TzqySw$_$2,T,2,17,19,0.15048621949773455,3,is activity going,18,20
571,gVqs4TzqySw$_$2,T,3,20,21,0.09269517046070715,1,on on,21,22
572,gVqs4TzqySw$_$4,T,1,5,6,0.4760437327724237,2,wo or,6,7
572,gVqs4TzqySw$_$4,T,2,1,2,0.1581889677083756,3,can only,2,3
572,gVqs4TzqySw$_$4,T,3,3,3,0.10296104391049223,1,use,4,4
573,goMtnNHQ_z4$_$1,T,1,7,8,0.24092442405745854,1,to you,8,9
573,goMtnNHQ_z4$_$1,T,2,3,4,0.16936616820918088,2,d like,4,5
573,goMtnNHQ_z4$_$1,T,3,6,6,0.08653185169618301,3,talk,7,7
574,goMtnNHQ_z4$_$2,T,1,12,15,0.4288622371784763,2,build your dream home,13,16
574,goMtnNHQ_z4$_$2,T,2,2,3,0.17197872779264997,3,your perfect,3,4
574,goMtnNHQ_z4$_$2,T,3,14,14,0.1449876212941541,1,dream,15,15
575,goMtnNHQ_z4$_$13,T,1,16,19,0.26395579525482504,3,help you even more,17,20
575,goMtnNHQ_z4$_$13,T,2,1,3,0.1681199058978835,1,good contractor will,2,4
575,goMtnNHQ_z4$_$13,T,3,8,9,0.12580047173299974,2,", a",9,10
576,goMtnNHQ_z4$_$12,T,1,10,14,0.4107626188864796,3,indicate how far along that,11,15
576,goMtnNHQ_z4$_$12,T,2,14,15,0.17252132403535064,1,that construction,15,16
576,goMtnNHQ_z4$_$12,T,3,12,12,0.11741999516568763,1,far,13,13
577,hqzF4IDaIYE$_$0,T,1,8,12,0.27908514681765856,2,", because if you don",9,13
577,hqzF4IDaIYE$_$0,T,2,18,20,0.1621754134015918,3,", then your",19,21
577,hqzF4IDaIYE$_$0,T,3,11,11,0.060552919603354155,peak,you,12,12
578,hqzF4IDaIYE$_$3,T,1,5,14,0.3786502125741864,2,in a — let ’ s say — new phase,6,15
578,hqzF4IDaIYE$_$3,T,2,5,6,0.07749034933798987,1,in a,6,7
578,hqzF4IDaIYE$_$3,T,3,10,11,0.07710682077739245,1,s say,11,12
579,hqzF4IDaIYE$_$2,T,1,25,27,0.1841056032894896,1,point bring better,26,28
579,hqzF4IDaIYE$_$2,T,2,17,19,0.1578817129943323,2,and working internationally,18,20
579,hqzF4IDaIYE$_$2,T,3,22,23,0.11137858573472767,1,will at,23,24
580,hqzF4IDaIYE$_$4,T,1,3,6,0.6564222500865445,3,"convention , governments have",4,7
580,hqzF4IDaIYE$_$4,T,2,5,5,0.3228978481726743,1,governments,6,6
580,hqzF4IDaIYE$_$4,T,3,10,12,0.16650159376589996,1,about disability issues,11,13
581,hqzF4IDaIYE$_$6,T,1,2,4,0.681664368113114,3,’ t always,3,5
581,hqzF4IDaIYE$_$6,T,2,6,6,0.05817694855720674,1,what,7,7
581,hqzF4IDaIYE$_$6,T,3,0,0,0.04960486886859664,1,they,1,1
582,hvfaYsv7p8E$_$0,T,1,13,17,0.5462981556155887,2,don ' t want to,14,18
582,hvfaYsv7p8E$_$0,T,2,14,14,0.13949755272364828,peak,',15,15
582,hvfaYsv7p8E$_$0,T,3,16,16,0.09988063589122652,1,want,17,17
583,iUXqlrui25c$_$10,T,1,18,23,0.4628988849992404,3,either very bad in the way,19,24
583,iUXqlrui25c$_$10,T,2,20,20,0.16418487029394951,peak,bad,21,21
583,iUXqlrui25c$_$10,T,3,14,16,0.13460643022829882,2,are those that,15,17
584,iUXqlrui25c$_$21,T,1,12,14,0.291732340305329,1,removing the ones,13,15
584,iUXqlrui25c$_$21,T,2,7,8,0.141536507312915,2,to insist,8,9
584,iUXqlrui25c$_$21,T,3,1,1,0.09002140223092646,1,these,2,2
585,iUXqlrui25c$_$23,T,1,3,5,0.22311016184111424,3,investor due diligence,4,8
585,iUXqlrui25c$_$23,T,2,10,12,0.18850818447525464,3,need to due,13,15
585,iUXqlrui25c$_$23,T,3,12,13,0.13175354800351977,1,due diligence,15,18
586,icbUzboLcDQ$_$0,T,1,1,5,0.5273239626530788,3,: i love you ~,2,6
586,icbUzboLcDQ$_$0,T,2,3,3,0.1731388295493939,peak,love,4,4
586,icbUzboLcDQ$_$0,T,3,17,18,0.13592743234619478,1,thank you,20,21
587,ioupaiAuRr0$_$5,T,1,22,25,0.312204769047408,2,the best insurance companies,23,26
587,ioupaiAuRr0$_$5,T,2,3,6,0.26104799202880447,2,an insurance professional and,4,7
587,ioupaiAuRr0$_$5,T,3,23,23,0.11488441494267289,peak,best,24,24
588,ioupaiAuRr0$_$4,T,1,7,9,0.3400646961587156,3,"agency , just",8,10
588,ioupaiAuRr0$_$4,T,2,18,20,0.12987688966617822,2,s moody ',19,21
588,ioupaiAuRr0$_$4,T,3,32,34,0.11502996592474733,3,i - t,33,35
589,jICmfLeFymA$_$16,T,1,1,4,0.3243461985339712,3,friendly and knowledgeable staff,2,6
589,jICmfLeFymA$_$16,T,2,15,17,0.18439927644190737,1,and weekends .,17,19
589,jICmfLeFymA$_$16,T,3,2,2,0.09948491312964161,peak,and,3,3
590,jPrEKz1rAno$_$11,T,1,7,9,0.5918718372370829,3,components will vary,8,10
590,jPrEKz1rAno$_$11,T,2,9,10,0.4095990788322577,1,vary greatly,10,11
590,jPrEKz1rAno$_$11,T,3,11,12,0.10627727470473142,2,by school,12,13
591,jPrEKz1rAno$_$7,T,1,30,33,0.41184214872285635,3,your file as well,31,34
591,jPrEKz1rAno$_$7,T,2,31,31,0.16391790389208127,peak,file,32,32
591,jPrEKz1rAno$_$7,T,3,5,7,0.10378090532260328,3,kind of standardized,6,8
592,jPrEKz1rAno$_$6,T,1,19,24,0.36164846329326195,3,possibly be in the file as,20,25
592,jPrEKz1rAno$_$6,T,2,16,17,0.09225555092540824,1,so that,17,18
592,jPrEKz1rAno$_$6,T,3,23,23,0.07752012731969717,1,file,24,24
593,k5ZOshC2LP4$_$1,T,1,2,5,0.2837442921717562,3,", kleppers host is",3,9
593,k5ZOshC2LP4$_$1,T,2,15,16,0.12295836180538552,1,just conservative,22,23
593,k5ZOshC2LP4$_$1,T,3,4,4,0.10296960003272883,1,host,8,8
594,kbGhEJ4W44o$_$0,T,1,11,15,0.40119828494982634,2,anarchic and anti - organisational,13,20
594,kbGhEJ4W44o$_$0,T,2,3,5,0.13892367601626365,2,", not the",4,6
594,kbGhEJ4W44o$_$0,T,3,13,13,0.13363675551592857,peak,anti,17,17
595,kfsO4c0Ekes$_$7,T,1,9,12,0.2079474312765447,2,strong ; a lot,10,13
595,kfsO4c0Ekes$_$7,T,2,14,17,0.17714338651680628,3,people love you and,15,18
595,kfsO4c0Ekes$_$7,T,3,3,4,0.0969046072468901,1,message to,4,5
596,kvUb78Rdzdc$_$3,T,1,36,42,0.18690882756691155,3,help they will make sure that everything,37,43
596,kvUb78Rdzdc$_$3,T,2,21,24,0.12395440852192725,2,"amazing support , amazing",22,25
596,kvUb78Rdzdc$_$3,T,3,42,45,0.09665494763406922,1,everything works out the,43,46
597,lO87-4Kf0cQ$_$2,T,1,8,11,0.4742301331757235,3,chair for committee chair,9,12
597,lO87-4Kf0cQ$_$2,T,2,12,13,0.1485643631141213,1,leaders .,13,14
597,lO87-4Kf0cQ$_$2,T,3,10,10,0.14721700205263974,peak,committee,11,11
598,lO87-4Kf0cQ$_$5,T,1,12,15,0.3070635315193045,3,as well as for,13,16
598,lO87-4Kf0cQ$_$5,T,2,16,17,0.16428563867106913,1,committees .,17,18
598,lO87-4Kf0cQ$_$5,T,3,11,12,0.15888917180385412,2,board as,12,13
599,lWf5hHRHIDs$_$11,T,1,2,5,0.48063516404263273,3,your main values that,3,6
599,lWf5hHRHIDs$_$11,T,2,4,4,0.15238061288768695,peak,values,5,5
599,lWf5hHRHIDs$_$11,T,3,8,8,0.09327841961304005,1,bring,9,9
600,lawHYX5eB20$_$1,T,1,4,6,0.4707311028264279,3,s why they,5,7
600,lawHYX5eB20$_$1,T,2,9,9,0.13030828734401761,1,and,10,10
601,lawHYX5eB20$_$2,T,1,17,20,0.5492521899849253,3,speaker on a level,18,21
601,lawHYX5eB20$_$2,T,2,19,19,0.18066647221273852,peak,a,20,20
601,lawHYX5eB20$_$2,T,3,3,7,0.16846894600653248,1,next time you ' re,4,8
602,mHGaQ_nv9UY$_$13,T,1,34,38,0.3060052580061774,2,"beyond words to describe ,",39,43
602,mHGaQ_nv9UY$_$13,T,2,20,25,0.20266260636996075,3,four gigabytes into the petabyte range,21,30
602,mHGaQ_nv9UY$_$13,T,3,35,35,0.1475841541661188,peak,words,40,40
603,mHGaQ_nv9UY$_$14,T,1,18,20,0.1853372348036631,3,filling that four,19,21
603,mHGaQ_nv9UY$_$14,T,2,11,12,0.12949171027444759,1,"memory """,12,13
603,mHGaQ_nv9UY$_$14,T,3,2,2,0.06001791068478919,1,reason,3,3
604,mHGaQ_nv9UY$_$17,T,1,4,9,0.34114868756710914,3,this problem is to get rid,5,10
604,mHGaQ_nv9UY$_$17,T,2,15,16,0.0931603809872798,2,and get,16,17
604,mHGaQ_nv9UY$_$17,T,3,8,8,0.07200438080765961,peak,get,9,9
605,mHGaQ_nv9UY$_$22,T,1,24,30,0.2959873057693925,2,"is , it starts to become unstable",27,33
605,mHGaQ_nv9UY$_$22,T,2,3,7,0.13194698524177867,3,file goes over a hundred,4,8
605,mHGaQ_nv9UY$_$22,T,3,7,9,0.08589156523255799,2,"hundred megabytes ,",8,12
606,mHGaQ_nv9UY$_$5,T,1,19,21,0.21897955850691053,2,""" phew ,",20,23
606,mHGaQ_nv9UY$_$5,T,2,28,30,0.1486874459596159,3,lot of responsibility,30,32
606,mHGaQ_nv9UY$_$5,T,3,0,1,0.12350800936350421,1,my life,1,2
607,mHGaQ_nv9UY$_$4,T,1,1,4,0.27143757401006235,3,is especially frustrating when,2,5
607,mHGaQ_nv9UY$_$4,T,2,3,3,0.11274486293003004,1,frustrating,4,4
607,mHGaQ_nv9UY$_$4,T,3,24,25,0.11101785449687293,1,failed response,25,26
608,mLW-jn67gRE$_$20,T,1,33,38,0.5562072639825476,2,your ads like a pro .,35,40
608,mLW-jn67gRE$_$20,T,2,35,35,0.14639695902336963,peak,like,37,37
608,mLW-jn67gRE$_$20,T,3,0,1,0.062355555439570796,1,stay tuned,1,2
609,mLW-jn67gRE$_$17,T,1,26,36,0.501555347606319,3,incredibly budget intensive and especially if you are in a large,27,37
609,mLW-jn67gRE$_$17,T,2,30,30,0.07295311943604876,peak,especially,31,31
609,mLW-jn67gRE$_$17,T,3,38,39,0.0703181197364893,2,volume industry,39,40
610,mLW-jn67gRE$_$1,T,1,6,9,0.5026698042303449,3,you may not be,7,10
610,mLW-jn67gRE$_$1,T,2,7,7,0.1836002644841896,peak,may,8,8
610,mLW-jn67gRE$_$1,T,3,6,6,0.13574732536018413,1,you,7,7
611,mLW-jn67gRE$_$3,T,1,1,4,0.40240877205078607,3,second is a budgetary,2,6
611,mLW-jn67gRE$_$3,T,2,4,5,0.24026207592816076,1,budgetary and,5,7
611,mLW-jn67gRE$_$3,T,3,13,15,0.16109906885497266,1,your actual selection,15,17
612,mLW-jn67gRE$_$5,T,1,0,3,0.32941135573764285,1,"in adwords , daily",1,5
612,mLW-jn67gRE$_$5,T,2,5,7,0.22731277147340517,3,monthly budgets are,7,9
612,mLW-jn67gRE$_$5,T,3,2,2,0.0947277683769924,peak,",",4,4
613,mLW-jn67gRE$_$6,T,1,20,25,0.2711909042176573,2,a factor of the click costs,21,26
613,mLW-jn67gRE$_$6,T,2,12,14,0.12661495156945585,3,no longer show,13,15
613,mLW-jn67gRE$_$6,T,3,30,31,0.05911222297613971,1,your budget,33,34
614,mLW-jn67gRE$_$9,T,1,7,10,0.6099044322783327,2,ads will not be,8,11
614,mLW-jn67gRE$_$9,T,2,2,3,0.21416271551277935,1,a definite,3,4
614,mLW-jn67gRE$_$9,T,3,8,8,0.19222952317639805,peak,will,9,9
615,mjpCK2Edsv8$_$0,T,1,6,11,0.15906942662428059,2,jones and i want to just,7,12
615,mjpCK2Edsv8$_$0,T,2,24,26,0.0780307134729796,3,good life with,28,30
615,mjpCK2Edsv8$_$0,T,3,40,42,0.07728458906188357,3,s absolutely phenomenal,44,47
616,nUZYqTRSGDw$_$4,T,1,8,11,0.2672924943019206,3,all your money and,9,12
616,nUZYqTRSGDw$_$4,T,2,13,15,0.20888833741725282,3,debt and have,14,16
616,nUZYqTRSGDw$_$4,T,3,1,3,0.18874130903935193,2,the alternative to,2,4
617,nyzIL6YAonY$_$5,T,1,10,11,0.21653552428890266,1,to better,11,12
617,nyzIL6YAonY$_$5,T,2,5,6,0.173123499528201,2,free copy,6,7
617,nyzIL6YAonY$_$5,T,3,1,1,0.06785024914073673,1,download,2,2
618,nyzIL6YAonY$_$6,T,1,23,26,0.12310803429613917,3,your unique needs and,24,27
618,nyzIL6YAonY$_$6,T,2,31,33,0.10578065917867802,3,solution that meets,32,34
618,nyzIL6YAonY$_$6,T,3,16,18,0.1036064591048606,2,- obligation appointment,17,19
619,ooAF6I-fmTg$_$3,T,1,12,14,0.5466742321929767,3,is not just,13,15
619,ooAF6I-fmTg$_$3,T,2,8,9,0.07806085225934634,2,their head,9,10
619,ooAF6I-fmTg$_$3,T,3,2,3,0.05487943114004071,1,not just,3,4
620,ooAF6I-fmTg$_$5,T,1,1,4,0.5285437540489124,2,you honestly say that,2,5
620,ooAF6I-fmTg$_$5,T,2,2,2,0.1982677826953066,1,honestly,3,3
620,ooAF6I-fmTg$_$5,T,3,4,4,0.10850111670524756,1,that,5,5
621,ooAF6I-fmTg$_$7,T,1,8,12,0.5960095688754298,3,is an utter hypocrite because,9,16
621,ooAF6I-fmTg$_$7,T,2,11,11,0.1926455420600451,peak,hypocrite,12,15
621,ooAF6I-fmTg$_$7,T,3,14,14,0.037418532176251074,1,believe,18,18
622,pOrk7fl1AYo$_$1,T,1,9,11,0.1899497847090083,2,what ' s,10,12
622,pOrk7fl1AYo$_$1,T,2,19,21,0.18017799380037092,1,of the woman,20,22
622,pOrk7fl1AYo$_$1,T,3,8,9,0.12135282097221556,3,that what,9,10
623,pOrk7fl1AYo$_$3,T,1,10,14,0.2935538661341687,2,that through the eye of,11,15
623,pOrk7fl1AYo$_$3,T,2,4,7,0.25222932865564435,3,the most important thing,5,8
623,pOrk7fl1AYo$_$3,T,3,6,6,0.0830836541092008,peak,important,7,7
624,pOrk7fl1AYo$_$2,T,1,2,3,0.2780688041524495,3,s not,3,4
624,pOrk7fl1AYo$_$2,T,2,8,8,0.18737922628433495,1,the,9,9
624,pOrk7fl1AYo$_$2,T,3,5,6,0.18328361807987636,1,actual image,6,7
625,pOrk7fl1AYo$_$4,T,1,9,11,0.1933061181816035,3,' m the,10,12
625,pOrk7fl1AYo$_$4,T,2,2,2,0.06189255947449125,1,i,3,3
625,pOrk7fl1AYo$_$4,T,3,16,16,0.061849290958023787,3,out,17,17
626,q9yDL81QppI$_$1,T,1,11,14,0.2893683224999508,3,which we use as,14,17
626,q9yDL81QppI$_$1,T,2,6,7,0.23741740471689246,2,about latency,7,9
626,q9yDL81QppI$_$1,T,3,19,20,0.05692043123778302,1,performance .,22,23
627,q9yDL81QppI$_$0,T,1,19,22,0.3605278926623646,2,do we measure that,20,23
627,q9yDL81QppI$_$0,T,2,8,9,0.14890729010632206,2,we need,9,10
627,q9yDL81QppI$_$0,T,3,21,21,0.12017816419810198,1,measure,22,22
628,q9yDL81QppI$_$2,T,1,6,8,0.30312450427550397,2,to measure performance,7,9
628,q9yDL81QppI$_$2,T,2,11,13,0.24507825383872842,2,computers using benchmarks,12,15
628,q9yDL81QppI$_$2,T,3,10,10,0.058305117764443984,1,real,11,11
629,qK77ZmbqmOM$_$9,T,1,11,14,0.29754171093025206,3,that is not even,12,15
629,qK77ZmbqmOM$_$9,T,2,7,8,0.16363697790354734,1,that utilize,8,9
629,qK77ZmbqmOM$_$9,T,3,13,13,0.11295384176714279,1,not,14,14
630,qK77ZmbqmOM$_$0,T,1,6,11,0.6138361652237211,3,in a debate over it ',7,12
630,qK77ZmbqmOM$_$0,T,2,8,8,0.1921731801952065,peak,debate,9,9
630,qK77ZmbqmOM$_$0,T,3,1,2,0.06632234019355585,1,city of,2,3
631,qY1sXq-YCHs$_$8,T,1,1,4,0.5452464634817399,2,you refuse the breath,2,5
631,qY1sXq-YCHs$_$8,T,2,2,2,0.20932529727389615,1,refuse,3,3
631,qY1sXq-YCHs$_$8,T,3,4,5,0.1736860152990719,1,breath test,5,6
632,qmMSumMloAs$_$1,T,1,24,27,0.31533641053455513,3,' s amazing !,27,30
632,qmMSumMloAs$_$1,T,2,26,26,0.13215946933209266,peak,amazing,29,29
632,qmMSumMloAs$_$1,T,3,8,9,0.0786337633386588,3,we are,9,10
633,qmMSumMloAs$_$3,T,1,11,14,0.5253897852919784,1,make this goal !,12,15
633,qmMSumMloAs$_$3,T,2,13,13,0.152581348393258,peak,goal,14,14
633,qmMSumMloAs$_$3,T,3,5,6,0.11626184568108451,3,and very,6,7
634,qmMSumMloAs$_$2,T,1,18,22,0.4437356018294344,1,can ' t wait .,19,23
634,qmMSumMloAs$_$2,T,2,21,21,0.20085489729740474,peak,wait,22,22
634,qmMSumMloAs$_$2,T,3,11,13,0.08146325488121252,3,an amazing journey,12,14
635,r13W4H8ZhqI$_$12,T,1,14,16,0.3580074178748665,1,back up along,15,17
635,r13W4H8ZhqI$_$12,T,2,5,6,0.17429730242201263,2,we sort,6,7
635,r13W4H8ZhqI$_$12,T,3,18,18,0.07024980859654162,1,way,19,19
636,r13W4H8ZhqI$_$1,T,1,19,24,0.34908309280572875,3,"lot of very important structures ,",20,25
636,r13W4H8ZhqI$_$1,T,2,22,22,0.10789105749255075,peak,important,23,23
636,r13W4H8ZhqI$_$1,T,3,29,31,0.09304335477517417,2,"muscles , nerves",30,32
637,r13W4H8ZhqI$_$5,T,1,5,8,0.5393326086302974,3,re precise to within,6,9
637,r13W4H8ZhqI$_$5,T,2,6,6,0.22843013115875382,1,precise,7,7
637,r13W4H8ZhqI$_$5,T,3,11,12,0.22291311468142783,2,of millimeters,12,14
638,r13W4H8ZhqI$_$8,T,1,17,21,0.32904214397397485,3,", be up front about",18,22
638,r13W4H8ZhqI$_$8,T,2,14,16,0.13386188421137407,1,", you know",15,17
638,r13W4H8ZhqI$_$8,T,3,12,13,0.11640749523489914,2,and to,13,14
639,r5ijC2W9ddk$_$8,T,1,11,15,0.22561565594240762,3,us at 1 - 800,12,16
639,r5ijC2W9ddk$_$8,T,2,1,4,0.17466595604868018,2,learn more about our,2,5
639,r5ijC2W9ddk$_$8,T,3,13,13,0.047860751953521026,peak,1,14,14
640,r5ijC2W9ddk$_$0,T,1,11,14,0.4375258832185046,1,snow or wind ?,12,15
640,r5ijC2W9ddk$_$0,T,2,8,10,0.2427310928547753,3,weather protection from,9,11
640,r5ijC2W9ddk$_$0,T,3,11,11,0.13909731948001702,peak,snow,12,12
641,r9tgDqXEcuc$_$4,T,1,11,16,0.6433244625400663,2,build three fires in fairly close,12,17
641,r9tgDqXEcuc$_$4,T,2,12,12,0.15402607407910918,peak,three,13,13
641,r9tgDqXEcuc$_$4,T,3,6,6,0.045386775008396996,1,are,7,7
642,rf0yDSeVEUA$_$1,T,1,33,39,0.21798417582656626,3,into you and your business and set,38,44
642,rf0yDSeVEUA$_$1,T,2,23,24,0.0606803687722242,2,next 30,28,29
642,rf0yDSeVEUA$_$1,T,3,3,4,0.05349565043542189,1,are ready,4,5
643,rf0yDSeVEUA$_$0,T,1,8,14,0.7154393081358613,1,super sweet and awesome promotion for anybody,10,16
643,rf0yDSeVEUA$_$0,T,2,11,11,0.16280941294326962,peak,awesome,13,13
644,rf0yDSeVEUA$_$3,T,1,36,41,0.33435388121220166,2,"took me from struggling , overwhelmed",37,42
644,rf0yDSeVEUA$_$3,T,2,22,26,0.17802553310337924,3,to take place is you,23,27
644,rf0yDSeVEUA$_$3,T,3,38,38,0.09456550786736234,peak,from,39,39
645,rojyUp4FPSg$_$26,T,1,6,11,0.24271432896216089,3,ll be able to go to,7,12
645,rojyUp4FPSg$_$26,T,2,16,19,0.10381346593118737,3,the link is going,17,20
645,rojyUp4FPSg$_$26,T,3,8,8,0.06839052248891579,peak,able,9,9
646,rojyUp4FPSg$_$20,T,1,3,6,0.21691538350330347,1,not an overly sweaty,4,7
646,rojyUp4FPSg$_$20,T,2,26,27,0.10301661986546601,2,other fragrances,27,29
646,rojyUp4FPSg$_$20,T,3,22,23,0.09899230345478438,2,did not,23,24
647,rojyUp4FPSg$_$21,T,1,6,8,0.4456864936166962,2,good compliments actually,7,10
647,rojyUp4FPSg$_$21,T,2,9,9,0.08305595111840512,1,from,11,11
647,rojyUp4FPSg$_$21,T,3,2,2,0.07845267998161312,1,got,3,3
648,rojyUp4FPSg$_$23,T,1,4,5,0.564633282621673,1,something good,5,6
649,rojyUp4FPSg$_$5,T,1,6,10,0.32730828476048407,3,the first thing we did,7,11
649,rojyUp4FPSg$_$5,T,2,11,13,0.20294866284178587,2,was we looked,12,14
649,rojyUp4FPSg$_$5,T,3,13,14,0.12902684270948772,1,looked at,14,15
650,rojyUp4FPSg$_$7,T,1,23,28,0.29901218220082826,3,we are big fans of subtle,24,29
650,rojyUp4FPSg$_$7,T,2,2,5,0.12158430849593158,3,you ' ve seen,3,6
650,rojyUp4FPSg$_$7,T,3,26,26,0.09085959432372584,1,fans,27,27
651,rojyUp4FPSg$_$9,T,1,18,23,0.6889103202715653,3,s really not what we wanted,20,25
651,rojyUp4FPSg$_$9,T,2,20,20,0.26557468554400865,peak,not,22,22
651,rojyUp4FPSg$_$9,T,3,5,6,0.07415883099930126,2,really overpowering,6,8
652,rojyUp4FPSg$_$10,T,1,2,5,0.5557410267346399,2,we liked is it,3,6
652,rojyUp4FPSg$_$10,T,2,3,3,0.195207317676576,1,liked,4,4
652,rojyUp4FPSg$_$10,T,3,5,5,0.11645916732869299,1,it,6,6
653,rojyUp4FPSg$_$12,T,1,3,4,0.5068154862621659,2,very well,5,6
653,rojyUp4FPSg$_$12,T,2,0,0,0.09324891241226627,1,and,1,1
654,rojyUp4FPSg$_$16,T,1,2,4,0.28838626791281174,3,s the fresh,3,5
654,rojyUp4FPSg$_$16,T,2,8,8,0.1169807046806115,1,is,9,9
654,rojyUp4FPSg$_$16,T,3,10,10,0.1148826726436835,1,stronger,11,11
655,rojyUp4FPSg$_$18,T,1,3,7,0.5194837959126293,2,your primary scent to wear,4,8
655,rojyUp4FPSg$_$18,T,2,5,5,0.12046556930465838,peak,scent,6,6
655,rojyUp4FPSg$_$18,T,3,13,13,0.06140437267517872,1,gym,14,14
656,rojyUp4FPSg$_$37,T,1,1,2,0.15675754203493386,2,remember to,2,3
656,rojyUp4FPSg$_$37,T,2,11,12,0.15490705089106105,1,and visit,13,14
656,rojyUp4FPSg$_$37,T,3,15,16,0.13718853180709684,1,com .,20,21
657,rojyUp4FPSg$_$36,T,1,1,2,0.5431646372906631,3,thanks again,2,3
658,rojyUp4FPSg$_$34,T,1,16,20,0.2583495448826343,3,depth written review and the,20,24
658,rojyUp4FPSg$_$34,T,2,1,2,0.08146279936756118,2,we will,2,3
658,rojyUp4FPSg$_$34,T,3,18,18,0.08066751798299415,peak,review,22,22
659,rojyUp4FPSg$_$32,T,1,3,4,0.5612646881894845,1,is really,4,5
660,rwNlqh0k1j4$_$15,T,1,28,33,0.3407961731243939,2,"and defeating daesh more rapidly ,",31,37
660,rwNlqh0k1j4$_$15,T,2,35,38,0.12253472468691115,3,"completely , and permanently",39,42
660,rwNlqh0k1j4$_$15,T,3,30,30,0.0959562919731372,peak,daesh,33,34
661,rwNlqh0k1j4$_$3,T,1,0,3,0.7136083223682351,3,loathing towards assad drove,1,6
661,rwNlqh0k1j4$_$3,T,2,0,0,0.29358862322089835,peak,loathing,1,2
661,rwNlqh0k1j4$_$3,T,3,6,6,0.07468710623552613,1,syrians,9,10
662,rwNlqh0k1j4$_$2,T,1,6,9,0.2550363634089992,3,there are many in,7,10
662,rwNlqh0k1j4$_$2,T,2,9,10,0.1350190199619411,1,in history,10,11
662,rwNlqh0k1j4$_$2,T,3,2,3,0.11982249507897513,2,a case,3,4
663,rwNlqh0k1j4$_$7,T,1,10,16,0.36509341748106827,3,apparent peculiarities of this conflict – that,15,22
663,rwNlqh0k1j4$_$7,T,2,19,20,0.09499479356731116,1,extremes have,25,26
663,rwNlqh0k1j4$_$7,T,3,14,14,0.07097982112987032,1,conflict,20,20
664,sC16n1k66io$_$2,T,1,11,13,0.21274932434880367,2,it means to,12,14
664,sC16n1k66io$_$2,T,2,26,29,0.2116742485823974,1,the leaders who are,27,30
664,sC16n1k66io$_$2,T,3,23,24,0.08919305192525115,3,best identify,24,25
665,sC16n1k66io$_$16,T,1,6,8,0.4167296640387694,2,and soul of,7,9
666,sPremsknoLM$_$1,T,1,1,2,0.5059961103614099,2,why do,2,3
666,sPremsknoLM$_$1,T,2,3,4,0.36250622546201944,1,i say,4,5
667,ssqiwP19JhM$_$10,T,1,26,29,0.31957418541550836,3,really nor is it,28,31
667,ssqiwP19JhM$_$10,T,2,13,16,0.16317908688042632,3,is not a vehicle,15,18
667,ssqiwP19JhM$_$10,T,3,27,27,0.14556496192840204,1,nor,29,29
668,ssqiwP19JhM$_$2,T,1,3,7,0.6164285044590321,3,want all financial aid forms,4,8
668,ssqiwP19JhM$_$2,T,2,5,5,0.19509147812920524,peak,financial,6,6
668,ssqiwP19JhM$_$2,T,3,14,16,0.10082049752867817,1,time that the,15,17
669,szic2IB9HB4$_$5,T,1,2,4,0.47227961305937627,3,did very little,3,5
669,szic2IB9HB4$_$5,T,2,1,2,0.29395110741081387,1,earnings did,2,3
670,tQ-CIfgj-Js$_$3,T,1,36,40,0.22638069410413797,1,countries can get access to,44,48
670,tQ-CIfgj-Js$_$3,T,2,26,27,0.07766047116542786,1,of carcinogens,29,32
670,tQ-CIfgj-Js$_$3,T,3,1,2,0.07656821413352713,1,my group,2,3
671,tXQpm-nKxNA$_$5,T,1,12,16,0.45202872642334846,3,very grateful and wish you,13,17
671,tXQpm-nKxNA$_$5,T,2,13,13,0.11000836449181654,peak,grateful,14,14
671,tXQpm-nKxNA$_$5,T,3,2,2,0.07184137144753641,1,of,3,3
672,tXQpm-nKxNA$_$7,T,1,9,13,0.2821313198373927,3,abroad i urge you to,10,14
672,tXQpm-nKxNA$_$7,T,2,18,19,0.08573144985290515,3,your imaginations,19,21
672,tXQpm-nKxNA$_$7,T,3,10,10,0.0694890592670092,peak,i,11,11
673,uacdDoBtT1k$_$0,T,1,30,35,0.3115757610643215,2,this decline is mainly related to,31,36
673,uacdDoBtT1k$_$0,T,2,3,6,0.14880550005705703,3,the youth unemployment rate,4,7
673,uacdDoBtT1k$_$0,T,3,31,31,0.12254778558052103,1,decline,32,32
674,uacdDoBtT1k$_$6,T,1,14,20,0.6047321224085457,3,not counting them anymore as job seekers,15,21
674,uacdDoBtT1k$_$6,T,2,17,17,0.2099006147814958,1,anymore,18,18
674,uacdDoBtT1k$_$6,T,3,25,26,0.06080356179457922,2,dropped out,26,27
675,unNY4zIk8MM$_$1,T,1,22,25,0.24327877788505603,3,been an incredible fit,23,26
675,unNY4zIk8MM$_$1,T,2,17,21,0.22635510057923983,2,"team , it ’ s",18,22
675,unNY4zIk8MM$_$1,T,3,21,22,0.09481368389870405,1,s been,22,23
676,unNY4zIk8MM$_$3,T,1,6,8,0.29165735933020065,2,re here 30,7,9
676,unNY4zIk8MM$_$3,T,2,8,9,0.19471673440429094,1,30 minutes,9,10
676,unNY4zIk8MM$_$3,T,3,0,1,0.15695788366180535,2,whenever the,1,2
677,unNY4zIk8MM$_$5,T,1,1,5,0.419369561187117,2,the rockets certified athletic trainer,2,6
677,unNY4zIk8MM$_$5,T,2,3,3,0.09427671321913868,peak,certified,4,4
677,unNY4zIk8MM$_$5,T,3,18,18,0.06256903085089033,1,the,20,20
678,unNY4zIk8MM$_$8,T,1,9,11,0.60117688974701,2,the process started,10,12
678,unNY4zIk8MM$_$8,T,2,2,2,0.1071871534151664,1,you,3,3
679,uooIiW6dEyg$_$1,T,1,1,2,0.5105821731200019,2,this waste,2,3
679,uooIiW6dEyg$_$1,T,2,6,6,0.10234074689726197,1,for,7,7
680,uooIiW6dEyg$_$5,T,1,3,8,0.3408205309082126,2,"an economic asset , it means",4,9
680,uooIiW6dEyg$_$5,T,2,2,3,0.10385500357481782,1,is an,3,4
680,uooIiW6dEyg$_$5,T,3,29,30,0.10233578807813756,1,begin their,32,33
681,v2Rr-EsJda8$_$0,T,1,5,7,0.3138639691942308,3,is actually the,6,8
681,v2Rr-EsJda8$_$0,T,2,8,9,0.25886370599052455,2,underlying one,9,10
681,v2Rr-EsJda8$_$0,T,3,1,1,0.12588053921261502,1,",",2,2
682,v2Rr-EsJda8$_$6,T,1,7,9,0.4776798954317509,3,a really adjusting,8,10
682,v2Rr-EsJda8$_$6,T,2,10,10,0.10776409117838595,2,story,11,11
682,v2Rr-EsJda8$_$6,T,3,3,3,0.08456375345990427,1,is,4,4
683,v9gjg7TDlTA$_$0,T,1,7,10,0.5063565048285109,3,do not use those,10,13
683,v9gjg7TDlTA$_$0,T,2,11,12,0.2305336545065446,1,loans efficiently,14,15
683,v9gjg7TDlTA$_$0,T,3,8,8,0.17574748707254167,peak,not,11,11
684,v9gjg7TDlTA$_$4,T,1,10,12,0.39557438712368664,2,which is really,11,13
684,v9gjg7TDlTA$_$4,T,2,6,7,0.13949611630179948,2,bad than,7,8
684,v9gjg7TDlTA$_$4,T,3,1,1,0.04936139131855172,1,seems,2,2
685,vHzbn_YW76s$_$3,T,1,5,7,0.293942222234607,2,to be rude,6,8
685,vHzbn_YW76s$_$3,T,2,14,16,0.19155302626187057,3,to we will,15,17
685,vHzbn_YW76s$_$3,T,3,10,11,0.13622681781847973,2,but if,11,12
686,vU0a4F36Ksw$_$13,T,1,8,10,0.41891021192440353,2,technology or information,9,11
686,vU0a4F36Ksw$_$13,T,2,12,16,0.14561496705553242,3,and how that impacts how,13,17
686,vU0a4F36Ksw$_$13,T,3,21,22,0.07612270765227001,2,how we,22,23
687,vU0a4F36Ksw$_$12,T,1,1,3,0.2171277095106984,3,also deal in,2,4
687,vU0a4F36Ksw$_$12,T,2,20,21,0.16333136640379187,2,social entrepreneurship,21,22
687,vU0a4F36Ksw$_$12,T,3,3,4,0.1483774993948368,1,in the,4,5
688,vU0a4F36Ksw$_$17,T,1,2,5,0.5404548112467091,3,two papers actually resulted,3,6
688,vU0a4F36Ksw$_$17,T,2,3,3,0.19243940673648677,1,papers,4,4
688,vU0a4F36Ksw$_$17,T,3,14,15,0.08377754652757169,1,the university,15,16
689,vU0a4F36Ksw$_$0,T,1,0,3,0.09851831198574121,1,[ music ] jamie,1,4
689,vU0a4F36Ksw$_$0,T,2,15,17,0.08554658498077555,2,that it can,17,19
689,vU0a4F36Ksw$_$0,T,3,28,30,0.08145603430339438,3,you finish the,30,32
690,vU0a4F36Ksw$_$3,T,1,3,4,0.45368011035638955,2,is very,4,5
690,vU0a4F36Ksw$_$3,T,2,2,2,0.18125808667785726,1,culture,3,3
690,vU0a4F36Ksw$_$3,T,3,5,5,0.17768021730811545,1,supportive,6,6
691,vU0a4F36Ksw$_$5,T,1,16,21,0.2721086053772279,3,it ' s always questioning the,17,22
691,vU0a4F36Ksw$_$5,T,2,8,10,0.14964690056671587,2,", or when",9,11
691,vU0a4F36Ksw$_$5,T,3,14,15,0.11198420129022915,2,", and",15,16
692,vU0a4F36Ksw$_$7,T,1,10,13,0.3248078934531371,3,wide variety of issues,12,15
692,vU0a4F36Ksw$_$7,T,2,15,16,0.1179696655260576,2,in the,17,18
692,vU0a4F36Ksw$_$7,T,3,11,11,0.09573025141249053,peak,variety,13,13
693,vU0a4F36Ksw$_$20,T,1,3,3,0.5172856057815549,1,learn,4,4
693,vU0a4F36Ksw$_$20,T,2,1,2,0.2564941128774716,3,want to,2,3
694,vbr3EA8cJTI$_$0,T,1,14,17,0.34471874244161327,2,to do snacks right,15,18
694,vbr3EA8cJTI$_$0,T,2,1,2,0.14516073381897804,3,you so,2,3
694,vbr3EA8cJTI$_$0,T,3,17,18,0.12186239106729733,1,right .,18,19
695,vbr3EA8cJTI$_$2,T,1,13,18,0.5529108136641152,3,s a very small amount because,15,20
695,vbr3EA8cJTI$_$2,T,2,20,22,0.19159338441654272,1,keep eating them,22,24
695,vbr3EA8cJTI$_$2,T,3,16,16,0.17903516839326172,peak,small,18,18
696,vbr3EA8cJTI$_$7,T,1,2,4,0.29706964944568043,1,even if it,3,5
696,vbr3EA8cJTI$_$7,T,2,16,18,0.2906074962695376,3,go buy some,19,21
697,vbr3EA8cJTI$_$6,T,1,5,10,0.42193831512212604,3,that i really encourage you to,6,11
697,vbr3EA8cJTI$_$6,T,2,7,7,0.107773368052686,peak,really,8,8
697,vbr3EA8cJTI$_$6,T,3,14,15,0.08268760947629564,1,in :,15,16
698,wF8980oGklk$_$24,T,1,8,11,0.29265978220457767,2,use the ipads or,9,13
698,wF8980oGklk$_$24,T,2,1,2,0.1283858194439522,2,children when,2,3
698,wF8980oGklk$_$24,T,3,10,10,0.0892457241470019,peak,ipads,11,12
699,wF8980oGklk$_$25,T,1,4,6,0.44043504474762113,1,what makes teaching,5,7
699,wF8980oGklk$_$25,T,2,7,7,0.11735145277715789,2,so,8,8
700,wF8980oGklk$_$1,T,1,4,5,0.3860858260056284,2,the time,5,6
700,wF8980oGklk$_$1,T,2,1,1,0.18345730005513747,1,gentleman,2,2
701,wF8980oGklk$_$0,T,1,9,12,0.3605217082329088,3,a local firm that,12,15
701,wF8980oGklk$_$0,T,2,11,11,0.11619104226602123,peak,firm,14,14
701,wF8980oGklk$_$0,T,3,0,0,0.08719517962056636,1,before,1,1
702,wF8980oGklk$_$3,T,1,12,16,0.47367204804618696,2,and what the requirements were,13,17
702,wF8980oGklk$_$3,T,2,9,12,0.32513967070177074,3,the ceo worked and,10,13
702,wF8980oGklk$_$3,T,3,12,12,0.11094086921958857,peak,and,13,13
703,wF8980oGklk$_$2,T,1,2,3,0.39186515258285415,3,a little,3,4
703,wF8980oGklk$_$2,T,2,0,0,0.20838347829703163,1,it,1,1
703,wF8980oGklk$_$2,T,3,4,4,0.205871868712037,1,limiting,5,5
704,wF8980oGklk$_$6,T,1,5,9,0.5876128584692767,2,well and had good reports,8,12
704,wF8980oGklk$_$6,T,2,8,8,0.1827262681289385,peak,good,11,11
704,wF8980oGklk$_$6,T,3,18,18,0.06338366673916687,1,d,21,21
705,wF8980oGklk$_$17,T,1,16,20,0.34303120974588114,3,has been a real bonus,17,21
705,wF8980oGklk$_$17,T,2,7,9,0.15321877521487015,1,mac school and,8,10
705,wF8980oGklk$_$17,T,3,18,18,0.09219584951827475,1,a,19,19
706,wosolsrH3sM$_$6,T,1,35,39,0.1421025946854509,2,iraq as they work to,41,45
706,wosolsrH3sM$_$6,T,2,12,15,0.11290163334793037,1,and all those affected,15,18
706,wosolsrH3sM$_$6,T,3,31,33,0.0804984237161008,3,and the government,37,39
707,x-zGBp7axao$_$3,T,1,18,23,0.5302857115319085,3,don ' t think it matters,19,24
707,x-zGBp7axao$_$3,T,2,22,22,0.1576236553567686,peak,it,23,23
707,x-zGBp7axao$_$3,T,3,10,13,0.07443937497452506,2,a big day in,11,14
708,x2lOwQaAn4g$_$4,T,1,5,9,0.31560239543997054,3,jean friendly and guarantee getting,6,10
708,x2lOwQaAn4g$_$4,T,2,9,10,0.13571129805107784,2,getting in,10,11
708,x2lOwQaAn4g$_$4,T,3,14,15,0.1278464569604451,1,even on,15,16
709,xUgAP84vsg4$_$15,T,1,4,9,0.7283285497367618,1,you will make great friends with,5,10
709,xUgAP84vsg4$_$15,T,2,7,7,0.19423804184988724,peak,great,8,8
710,xUgAP84vsg4$_$4,T,1,1,6,0.38428349411965823,3,"are joining the over 25 ,",2,7
710,xUgAP84vsg4$_$4,T,2,0,2,0.23116482175325764,1,you are joining,1,3
710,xUgAP84vsg4$_$4,T,3,4,4,0.05439267616864292,1,over,5,5
711,xUgAP84vsg4$_$8,T,1,2,4,0.5107709023573351,2,many student engagement,3,5
711,xUgAP84vsg4$_$8,T,2,1,2,0.34222537049321655,1,are many,2,3
712,xivYoEUQ5sk$_$5,T,1,1,8,0.4912450087902688,3,of the best things about it is that,2,9
712,xivYoEUQ5sk$_$5,T,2,4,4,0.10036565528855801,peak,things,5,5
712,xivYoEUQ5sk$_$5,T,3,14,15,0.04994732137469155,1,seem like,17,18
713,xivYoEUQ5sk$_$4,T,1,20,24,0.33358287347168303,3,been a fantastic experience so,21,25
713,xivYoEUQ5sk$_$4,T,2,1,4,0.17834661725007034,2,want this program to,2,5
713,xivYoEUQ5sk$_$4,T,3,22,22,0.11685370820215665,1,fantastic,23,23
714,xjsaS-LeZ14$_$20,T,1,10,13,0.4999472699562293,3,would file the card,11,14
714,xjsaS-LeZ14$_$20,T,2,16,17,0.17918841481735198,2,for flowers,17,18
714,xjsaS-LeZ14$_$20,T,3,12,12,0.176451153308857,peak,the,13,13
715,xjsaS-LeZ14$_$14,T,1,8,11,0.4099692520461225,3,business card sheets that,9,12
715,xjsaS-LeZ14$_$14,T,2,15,16,0.16072224271531288,2,available at,16,17
715,xjsaS-LeZ14$_$14,T,3,9,9,0.12674988793315817,1,card,10,10
716,xjsaS-LeZ14$_$6,T,1,17,23,0.2534706566053855,1,places where they ' re currently at,18,24
716,xjsaS-LeZ14$_$6,T,2,32,34,0.06956488978716795,3,going to be,33,35
716,xjsaS-LeZ14$_$6,T,3,9,10,0.053983952936491254,2,cards that,10,11
717,y8HXGm1-Ecw$_$7,T,1,12,17,0.6479465597990866,3,it can be dangerous for your,15,20
717,y8HXGm1-Ecw$_$7,T,2,15,15,0.2220902811218496,peak,dangerous,18,18
717,y8HXGm1-Ecw$_$7,T,3,9,9,0.033501890339614426,1,absorbs,11,12
718,y9FyTEyGy5Y$_$1,T,1,3,5,0.30628283857666494,2,students - -,4,6
718,y9FyTEyGy5Y$_$1,T,2,10,11,0.19498486677144372,3,grows every,11,12
718,y9FyTEyGy5Y$_$1,T,3,6,6,0.0718160115344213,1,foreign,7,7
719,zhE_68GMJIk$_$8,T,1,16,20,0.497911329705117,3,we were only the 14th,17,21
719,zhE_68GMJIk$_$8,T,2,18,18,0.18082661518356036,1,only,19,19
719,zhE_68GMJIk$_$8,T,3,2,4,0.16950175501284298,1,been the 4th,3,5
720,zhE_68GMJIk$_$5,T,1,18,21,0.29589647005605013,3,taxes were lower in,19,22
720,zhE_68GMJIk$_$5,T,2,14,16,0.14835176777946038,2,", and back",15,17
720,zhE_68GMJIk$_$5,T,3,5,8,0.14675461000576617,1,already one of the,6,9
721,zjYEBwXGD8I$_$13,T,1,12,20,0.3457633257317604,3,were mystery shopping frontpoint - making sure that we,13,22
721,zjYEBwXGD8I$_$13,T,2,3,4,0.07082243786843172,2,ve actually,4,5
721,zjYEBwXGD8I$_$13,T,3,31,32,0.0672351040980912,2,tough issues,33,34
722,zjYEBwXGD8I$_$15,T,1,16,18,0.328122010613501,1,or an extra,17,19
722,zjYEBwXGD8I$_$15,T,2,12,13,0.177948707619127,2,sell us,13,14
722,zjYEBwXGD8I$_$15,T,3,0,0,0.026929820770708653,1,it,1,1
723,zjYEBwXGD8I$_$0,T,1,6,8,0.6767560352244636,2,over at a,7,9
723,zjYEBwXGD8I$_$0,T,2,9,9,0.07602049958943605,1,secure,10,10
724,zjYEBwXGD8I$_$2,T,1,4,5,0.3109303070082935,1,our #,6,7
724,zjYEBwXGD8I$_$2,T,2,10,10,0.12274884076295879,1,years,12,12
724,zjYEBwXGD8I$_$2,T,3,9,9,0.09187195685539432,3,9,11,11
725,zjYEBwXGD8I$_$4,T,1,6,10,0.1821190013782566,1,a deep dive and go,7,11
725,zjYEBwXGD8I$_$4,T,2,10,12,0.09859938633120921,2,go into what,11,13
725,zjYEBwXGD8I$_$4,T,3,14,16,0.08894421698115561,3,sets frontpoint apart,15,18
726,zjYEBwXGD8I$_$9,T,1,18,21,0.21361517095439875,2,the sensors and the,19,22
726,zjYEBwXGD8I$_$9,T,2,17,18,0.09315862138994667,1,out the,18,19
726,zjYEBwXGD8I$_$9,T,3,12,13,0.09134511714923352,2,will allow,13,14
727,zk2jTlAtvSU$_$3,T,1,19,25,0.3200927094289551,3,' s office in the state in,20,26
727,zk2jTlAtvSU$_$3,T,2,22,23,0.1091718643030434,1,in the,23,24
727,zk2jTlAtvSU$_$3,T,3,18,19,0.08916221034534388,2,state ',19,20
