sample_index,sample_id,modality,rank,start_index,end_index,score,source_scale
0,-UacrmKiTn4$_$7,V,1,19,25,0.6535892228232144,3
0,-UacrmKiTn4$_$7,V,2,21,22,0.3035691695299696,1
0,-UacrmKiTn4$_$7,V,3,25,26,0.1212138208071987,1
1,-qDkUB0GgYY$_$5,V,1,15,24,0.4611796765657995,5
1,-qDkUB0GgYY$_$5,V,2,19,19,0.0723734511942654,peak
1,-qDkUB0GgYY$_$5,V,3,37,39,0.0658460667798528,3
2,0utROiKxejc$_$1,V,1,9,12,0.17581660470879779,5
2,0utROiKxejc$_$1,V,2,9,9,0.046631970260223,1
2,0utROiKxejc$_$1,V,3,11,11,0.0441387856257744,1
3,0utROiKxejc$_$4,V,1,5,9,0.1767401418113679,5
3,0utROiKxejc$_$4,V,2,28,30,0.1012401485431312,3
3,0utROiKxejc$_$4,V,3,27,28,0.06924541572999099,1
4,0y022OlZ3W0$_$3,V,1,9,13,0.6564740030601651,3
4,0y022OlZ3W0$_$3,V,2,10,10,0.1725237296807416,peak
4,0y022OlZ3W0$_$3,V,3,14,15,0.1220139192482151,1
5,0y022OlZ3W0$_$5,V,1,8,11,0.2248109618601299,5
5,0y022OlZ3W0$_$5,V,2,19,22,0.1725314205297965,1
5,0y022OlZ3W0$_$5,V,3,17,18,0.112476039497884,5
6,0y022OlZ3W0$_$8,V,1,9,12,0.6204681027394681,3
6,0y022OlZ3W0$_$8,V,2,11,11,0.1751175911312799,peak
7,101787$_$11,V,1,21,28,0.3362722097075626,5
7,101787$_$11,V,2,28,31,0.14336259369590282,1
7,101787$_$11,V,3,20,22,0.127881549250212,1
8,101787$_$13,V,1,9,11,0.2274370123214358,1
8,101787$_$13,V,2,15,16,0.15337024749689682,1
9,101787$_$1,V,1,5,8,0.3392140345767285,5
9,101787$_$1,V,2,4,5,0.1779461438670698,1
9,101787$_$1,V,3,9,9,0.0785629684880743,1
10,101787$_$5,V,1,5,9,0.5668903464057701,3
10,101787$_$5,V,2,9,10,0.1889791622026121,1
10,101787$_$5,V,3,6,6,0.1187352535116491,peak
11,101787$_$7,V,1,6,7,0.2461111111111105,3
11,101787$_$7,V,2,4,5,0.12888888888888939,5
12,101787$_$9,V,1,11,15,0.1838115742974867,5
12,101787$_$9,V,2,15,19,0.14106561738248122,1
12,101787$_$9,V,3,13,13,0.0406585248153235,1
13,102408$_$2,V,1,3,5,0.293306769340974,5
14,102408$_$5,V,1,2,5,0.2319355308880851,3
14,102408$_$5,V,2,15,18,0.1862777999864132,5
14,102408$_$5,V,3,23,25,0.1499182363218077,5
15,102408$_$9,V,1,4,10,0.36127811383371156,5
15,102408$_$9,V,2,5,6,0.11971507242444071,1
15,102408$_$9,V,3,26,27,0.0820462157875968,3
16,102858$_$20,V,1,19,22,0.19453858028898302,3
16,102858$_$20,V,2,13,14,0.09206733505548939,3
16,102858$_$20,V,3,20,20,0.0516037201040065,peak
17,102858$_$21,V,1,19,25,0.3490678899164099,3
17,102858$_$21,V,2,23,23,0.0557265521505498,peak
17,102858$_$21,V,3,21,21,0.0498497859806566,1
18,102858$_$1,V,1,14,19,0.5649568598498348,3
18,102858$_$1,V,2,17,17,0.1100005786794104,peak
18,102858$_$1,V,3,21,22,0.0445645673331369,1
19,102858$_$0,V,1,1,3,0.49999999999999994,3
20,102858$_$4,V,1,27,38,0.4952282183853008,3
20,102858$_$4,V,2,31,33,0.1127497212493771,1
20,102858$_$4,V,3,37,38,0.1024833924977753,1
21,102858$_$6,V,1,5,9,0.22670387495522548,5
21,102858$_$6,V,2,23,26,0.125808667631009,1
21,102858$_$6,V,3,21,22,0.08528981160590479,5
22,102858$_$10,V,1,2,4,0.4473565422769361,3
22,102858$_$10,V,2,4,6,0.3206803282941475,5
22,102858$_$10,V,3,9,9,0.0908361970217636,1
23,102858$_$17,V,1,4,6,0.49277096644364576,5
23,102858$_$17,V,2,1,1,0.0511516581102082,1
24,102858$_$19,V,1,3,5,0.40315142665260795,3
24,102858$_$19,V,2,1,3,0.28340410187996756,1
25,112433$_$10,V,1,1,1,1.0,1
26,112433$_$3,V,1,22,29,0.38391723396352395,3
26,112433$_$3,V,2,25,25,0.0542484646775759,peak
26,112433$_$3,V,3,16,16,0.0321846748343542,1
27,112433$_$7,V,1,4,6,0.4612649215113931,5
27,112433$_$7,V,2,2,3,0.2335433520931925,1
28,112433$_$6,V,1,7,12,0.35315202663424317,3
28,112433$_$6,V,2,10,10,0.0627373724293227,peak
28,112433$_$6,V,3,13,13,0.0541736963776718,1
29,117tQqLjza4$_$6,V,1,3,6,0.530295793615195,5
29,117tQqLjza4$_$6,V,2,4,4,0.1451473317691146,peak
29,117tQqLjza4$_$6,V,3,3,3,0.139486990624882,1
30,11j7EfglCAs$_$2,V,1,6,11,0.5444653455557584,5
30,11j7EfglCAs$_$2,V,2,9,9,0.1038590329821448,peak
30,11j7EfglCAs$_$2,V,3,18,18,0.0401006620550428,1
31,121128$_$10,V,1,7,10,0.1776532137518681,5
31,121128$_$10,V,2,1,3,0.1231689088191332,1
31,121128$_$10,V,3,8,8,0.0568011958146486,1
32,121128$_$1,V,1,24,24,0.5165984715637245,1
32,121128$_$1,V,2,14,20,0.1592301530601195,5
32,121128$_$1,V,3,18,19,0.0483903790781753,1
33,121128$_$0,V,1,8,10,0.44922033428663566,1
33,121128$_$0,V,2,6,8,0.3505598597896838,5
34,121128$_$5,V,1,1,2,0.453248806153156,1
34,121128$_$5,V,2,3,5,0.43246547956113,5
35,125344$_$0,V,1,33,40,0.5364033510717454,5
35,125344$_$0,V,2,39,40,0.1555542145921525,1
35,125344$_$0,V,3,37,37,0.0816316375073867,1
36,125676$_$0,V,1,4,7,0.5710734056535026,3
36,125676$_$0,V,2,7,8,0.26384878323198613,1
36,125676$_$0,V,3,3,4,0.2326213893304525,1
37,125676$_$4,V,1,20,24,0.46897035149007016,5
37,125676$_$4,V,2,23,26,0.39322137970638277,1
37,125676$_$4,V,3,24,24,0.1718578467340711,peak
38,128059$_$11,V,1,19,27,0.3035512248184133,5
38,128059$_$11,V,2,16,18,0.0863077484229124,3
38,128059$_$11,V,3,33,34,0.057621818066542596,3
39,128059$_$12,V,1,4,7,0.3924117184653413,5
39,128059$_$12,V,2,5,5,0.1169451376255228,peak
39,128059$_$12,V,3,1,1,0.0398350663873394,1
40,128059$_$2,V,1,5,8,0.3631021865255259,3
40,128059$_$2,V,2,6,6,0.0933340512389507,peak
40,128059$_$2,V,3,10,10,0.0877320175369494,5
41,128059$_$7,V,1,26,32,0.0821721275202232,5
41,128059$_$7,V,2,10,13,0.047815658577168706,5
41,128059$_$7,V,3,36,38,0.0345529534632608,1
42,128059$_$6,V,1,39,44,0.1460403514387729,5
42,128059$_$6,V,2,18,21,0.09826166450186641,1
42,128059$_$6,V,3,36,38,0.07328778349906889,3
43,128059$_$9,V,1,7,12,0.3515190377114295,5
43,128059$_$9,V,2,16,18,0.16617210617717829,1
43,128059$_$9,V,3,8,8,0.0623054152837537,peak
44,128763$_$12,V,1,5,9,0.3661298844969316,5
44,128763$_$12,V,2,9,10,0.1451429182829016,3
44,128763$_$12,V,3,16,17,0.0896809892537114,1
45,128763$_$3,V,1,14,19,0.35180684165696496,5
45,128763$_$3,V,2,11,12,0.1107726903481592,3
45,128763$_$3,V,3,16,16,0.0639671548197459,peak
46,128763$_$2,V,1,1,3,0.10300796067745879,1
46,128763$_$2,V,2,5,6,0.10208099588609279,5
46,128763$_$2,V,3,9,10,0.0927766201848585,3
47,128763$_$5,V,1,4,6,0.20250417283443461,5
47,128763$_$5,V,2,3,4,0.1197805336978513,3
47,128763$_$5,V,3,7,7,0.0620837494363427,3
48,128763$_$7,V,1,12,14,0.2223660717660916,3
48,128763$_$7,V,2,14,16,0.1601319169105061,1
48,128763$_$7,V,3,11,12,0.1492475361301285,5
49,128763$_$8,V,1,4,5,0.3235008771815412,5
49,128763$_$8,V,2,7,8,0.20138401056387562,1
49,128763$_$8,V,3,6,6,0.1578608616195616,3
50,130456$_$11,V,1,10,15,0.3055875615953812,1
50,130456$_$11,V,2,5,7,0.1416706965553038,5
50,130456$_$11,V,3,13,13,0.0534649606800542,peak
51,130456$_$3,V,1,9,13,0.4183221792288361,3
51,130456$_$3,V,2,13,14,0.1527843177405107,1
51,130456$_$3,V,3,10,10,0.0929668110743666,peak
52,130456$_$5,V,1,8,10,0.5933485817428461,3
52,130456$_$5,V,2,11,11,0.1181525267320969,1
53,130456$_$4,V,1,3,7,0.13628396397901257,3
53,130456$_$4,V,2,15,17,0.078883896929771,5
53,130456$_$4,V,3,2,3,0.0411663784013279,1
54,130456$_$7,V,1,4,5,0.3676227667793811,3
54,130456$_$7,V,2,3,3,0.1581820266037843,1
54,130456$_$7,V,3,7,7,0.1144097009674705,1
55,130456$_$6,V,1,3,9,0.2895441136419595,3
55,130456$_$6,V,2,28,29,0.07068283396657879,5
55,130456$_$6,V,3,30,31,0.061210037414746704,1
56,188343$_$13,V,1,8,18,0.1613357026506731,5
56,188343$_$13,V,2,11,12,0.0318056172565278,1
56,188343$_$13,V,3,15,16,0.0291870279875609,1
57,188343$_$12,V,1,22,27,0.47396672835710274,5
57,188343$_$12,V,2,9,11,0.15709751392067361,3
57,188343$_$12,V,3,25,25,0.1010326370934521,peak
58,188343$_$5,V,1,13,17,0.3599365271857211,5
58,188343$_$5,V,2,17,18,0.12310975510435782,3
58,188343$_$5,V,3,15,15,0.0767413374105002,peak
59,188343$_$9,V,1,5,11,0.33152397646602383,5
59,188343$_$9,V,2,3,4,0.0750580652775287,1
59,188343$_$9,V,3,10,10,0.0535328004232469,peak
60,188343$_$8,V,1,5,9,0.2897975804801644,5
60,188343$_$8,V,2,15,16,0.11703107198854851,1
60,188343$_$8,V,3,7,7,0.0606777893734327,peak
61,1HK7Nea0PFo$_$1,V,1,8,12,0.5294760235453405,1
61,1HK7Nea0PFo$_$1,V,2,9,9,0.1265571743456544,peak
62,216097$_$1,V,1,3,4,0.4617036181325886,3
63,216097$_$2,V,1,3,8,0.2199082244969995,5
63,216097$_$2,V,2,5,5,0.0450523591010707,peak
63,216097$_$2,V,3,13,13,0.0278385692434403,1
64,216097$_$5,V,1,4,11,0.2201637053304049,5
64,216097$_$5,V,2,6,6,0.0335662474213083,peak
64,216097$_$5,V,3,8,8,0.027037998269781,1
65,216097$_$4,V,1,39,44,0.18963313685716118,3
65,216097$_$4,V,2,24,27,0.1058229192695322,5
65,216097$_$4,V,3,17,19,0.07942710065592751,5
66,216097$_$7,V,1,27,33,0.09531249999999959,5
66,216097$_$7,V,2,15,20,0.0858915441176465,5
66,216097$_$7,V,3,29,30,0.031219362745097998,1
67,216097$_$8,V,1,9,11,0.7047619047619047,3
68,223431$_$11,V,1,5,10,0.2682553619186841,5
68,223431$_$11,V,2,3,6,0.1784622353334179,3
68,223431$_$11,V,3,25,27,0.0940234345363701,1
69,223431$_$10,V,1,1,3,0.4425775738859815,3
69,223431$_$10,V,2,6,7,0.16369751797726761,1
70,223431$_$13,V,1,17,22,0.383779949149048,3
70,223431$_$13,V,2,21,21,0.0741214752664671,1
70,223431$_$13,V,3,12,12,0.0463585512988029,1
71,223431$_$0,V,1,2,2,0.5449459591885406,1
72,223431$_$5,V,1,5,9,0.23954285426274521,3
72,223431$_$5,V,2,7,7,0.0549784531639827,peak
72,223431$_$5,V,3,10,10,0.0370303167762909,1
73,225770$_$3,V,1,30,41,0.3075302592265436,5
73,225770$_$3,V,2,39,42,0.09584155679460919,3
73,225770$_$3,V,3,8,9,0.0423172665698142,1
74,225770$_$5,V,1,2,5,0.782809757958518,5
74,225770$_$5,V,2,4,4,0.2136757202845258,1
74,225770$_$5,V,3,6,6,0.1055364947065986,1
75,225770$_$4,V,1,20,28,0.18905692627823978,1
75,225770$_$4,V,2,24,24,0.0225531361474435,peak
75,225770$_$4,V,3,30,30,0.0152503220372572,1
76,225770$_$6,V,1,17,25,0.3283387095244309,5
76,225770$_$6,V,2,25,26,0.0720229279625325,1
76,225770$_$6,V,3,19,19,0.0388481389829636,peak
77,236021$_$12,V,1,6,8,0.3334967001812956,5
77,236021$_$12,V,2,9,9,0.100375271961197,1
77,236021$_$12,V,3,10,10,0.0881235612483566,3
78,236021$_$1,V,1,20,26,0.5475722881570723,3
78,236021$_$1,V,2,25,25,0.0844675452145763,peak
79,236021$_$3,V,1,3,5,0.5582389135869679,5
79,236021$_$3,V,2,1,1,0.0913864171057524,1
79,236021$_$3,V,3,7,7,0.089703253000259,1
80,236021$_$2,V,1,21,27,0.23387674090475763,5
80,236021$_$2,V,2,32,37,0.19597875901313522,3
80,236021$_$2,V,3,23,23,0.0382346709327123,peak
81,236021$_$5,V,1,8,11,0.3388193823269734,5
81,236021$_$5,V,2,11,12,0.1737287593231319,1
81,236021$_$5,V,3,6,6,0.0822626257046331,1
82,236021$_$4,V,1,18,23,0.17710753788456962,3
82,236021$_$4,V,2,31,34,0.11657950819747351,5
82,236021$_$4,V,3,44,46,0.0865669269657233,3
83,237009$_$11,V,1,5,7,0.4661064975012656,3
83,237009$_$11,V,2,9,9,0.063270902243952,1
84,237009$_$12,V,1,22,32,0.3479334037931199,5
84,237009$_$12,V,2,11,14,0.1250403887805433,1
84,237009$_$12,V,3,30,32,0.09227310693285251,1
85,237009$_$4,V,1,5,7,0.2010893980233602,5
85,237009$_$4,V,2,3,4,0.12150718778077249,3
85,237009$_$4,V,3,1,2,0.0737870619946091,1
86,237009$_$7,V,1,4,5,0.3445546140904221,5
86,237009$_$7,V,2,6,6,0.1530066727143693,3
86,237009$_$7,V,3,7,7,0.1224655825330572,1
87,237009$_$9,V,1,3,5,0.3663622740296114,3
87,237009$_$9,V,2,1,1,0.0539028435329691,1
87,237009$_$9,V,3,12,12,0.0461036973067877,1
88,241629$_$10,V,1,12,16,0.6546513006549214,3
88,241629$_$10,V,2,14,14,0.1494613069901708,peak
88,241629$_$10,V,3,11,11,0.0931508316980024,1
89,241629$_$0,V,1,4,7,0.5458386861882866,3
89,241629$_$0,V,2,6,6,0.1770204637995026,peak
89,241629$_$0,V,3,1,1,0.0335958653240219,1
90,241629$_$3,V,1,18,24,0.1820417055711171,5
90,241629$_$3,V,2,23,25,0.0741752256458138,3
90,241629$_$3,V,3,20,20,0.0264239028944911,peak
91,241629$_$5,V,1,17,23,0.3841345396816918,5
91,241629$_$5,V,2,23,25,0.150479902677431,3
91,241629$_$5,V,3,13,14,0.0949616665640945,1
92,241629$_$8,V,1,10,21,0.3131371086663464,5
92,241629$_$8,V,2,9,12,0.10193418176077401,3
92,241629$_$8,V,3,18,19,0.0559992961611217,1
93,243646$_$11,V,1,13,17,0.6045873006050748,3
93,243646$_$11,V,2,15,15,0.1317633180573789,peak
94,243646$_$12,V,1,24,25,0.3059238688870741,1
94,243646$_$12,V,2,29,29,0.201111753049555,1
94,243646$_$12,V,3,37,44,0.1231368916676311,5
95,243646$_$9,V,1,1,1,1.0,1
96,243646$_$8,V,1,9,11,0.3122333895349825,1
96,243646$_$8,V,2,7,8,0.19277576499878563,5
96,243646$_$8,V,3,5,5,0.0935144768034477,5
97,247318$_$12,V,1,13,13,0.519948717948718,1
97,247318$_$12,V,2,6,9,0.2306666666666666,5
97,247318$_$12,V,3,9,9,0.0616923076923078,1
98,247318$_$1,V,1,5,8,0.3623862431337389,5
98,247318$_$1,V,2,4,5,0.1867004078400073,1
98,247318$_$1,V,3,7,7,0.0918023122602944,1
99,247318$_$3,V,1,1,5,1.0,5
99,247318$_$3,V,2,3,3,0.251111674369608,peak
100,247318$_$2,V,1,8,12,0.3833988352381727,5
100,247318$_$2,V,2,7,8,0.1530500521071079,3
100,247318$_$2,V,3,12,12,0.0779368412502444,peak
101,247318$_$5,V,1,13,15,0.214559267956215,5
101,247318$_$5,V,2,5,7,0.2051754628181819,3
101,247318$_$5,V,3,10,10,0.0621302973154636,1
102,247318$_$7,V,1,2,5,0.8614042378697042,5
102,247318$_$7,V,2,3,3,0.347943287951333,peak
103,247318$_$6,V,1,1,5,0.9999999999999998,5
103,247318$_$6,V,2,4,4,0.2630756658426109,peak
104,252998$_$1,V,1,9,11,0.0999385606756169,5
104,252998$_$1,V,2,14,16,0.09331117560286989,3
104,252998$_$1,V,3,13,14,0.0667166107776694,5
105,252998$_$0,V,1,3,5,0.1228855721393033,3
105,252998$_$0,V,2,5,6,0.0887506909894969,5
105,252998$_$0,V,3,8,9,0.0860775487641158,1
106,252998$_$5,V,1,33,38,0.19966581798143662,3
106,252998$_$5,V,2,18,22,0.1741089138698704,5
106,252998$_$5,V,3,9,10,0.0592550313965123,1
107,252998$_$4,V,1,28,34,0.2241516040600302,5
107,252998$_$4,V,2,5,9,0.15166556869689052,5
107,252998$_$4,V,3,31,32,0.0679211397101591,1
108,252998$_$7,V,1,17,18,0.28239263387366287,1
108,252998$_$7,V,2,20,21,0.2756067044982229,1
108,252998$_$7,V,3,25,33,0.16749115708578222,5
109,252998$_$8,V,1,5,7,0.3738896052943723,5
109,252998$_$8,V,2,7,9,0.3460019961458846,3
109,252998$_$8,V,3,11,11,0.043336804231619,1
110,257247$_$10,V,1,4,5,0.34244471611520877,5
110,257247$_$10,V,2,6,6,0.1524644918129535,3
110,257247$_$10,V,3,3,3,0.1482182047774686,3
111,257247$_$12,V,1,13,16,0.2715583774442406,3
111,257247$_$12,V,2,5,6,0.1280297073934824,5
111,257247$_$12,V,3,2,3,0.09229526460937379,1
112,257247$_$2,V,1,9,12,0.2943294485543384,5
112,257247$_$2,V,2,15,16,0.12544710284508082,1
112,257247$_$2,V,3,10,10,0.0775854648459053,1
113,258654$_$1,V,1,32,42,0.2844319400848825,3
113,258654$_$1,V,2,32,34,0.0797322726053272,1
113,258654$_$1,V,3,20,21,0.0476958846810215,5
114,258654$_$3,V,1,31,42,0.3617991163199371,5
114,258654$_$3,V,2,38,38,0.0339280809069986,peak
114,258654$_$3,V,3,42,42,0.0276256654801715,1
115,258654$_$4,V,1,10,13,0.675956350028261,3
115,258654$_$4,V,2,11,11,0.2584250188598042,peak
115,258654$_$4,V,3,15,15,0.0852364201072291,1
116,266791$_$24,V,1,9,12,0.3582093364957164,3
116,266791$_$24,V,2,9,9,0.0934057970481735,peak
116,266791$_$24,V,3,13,13,0.0739962384088178,1
117,266791$_$20,V,1,27,32,0.0993658569776143,5
117,266791$_$20,V,2,3,7,0.0787725386133223,3
117,266791$_$20,V,3,31,33,0.0516983057766889,1
118,266791$_$21,V,1,20,28,0.21242469202408348,5
118,266791$_$21,V,2,44,46,0.0658219842536742,3
118,266791$_$21,V,3,8,9,0.0471141288861483,3
119,266791$_$23,V,1,16,24,0.32363747339661986,5
119,266791$_$23,V,2,15,18,0.1416854949781391,3
119,266791$_$23,V,3,22,23,0.0749936799601817,1
120,266791$_$29,V,1,1,3,1.0,3
121,266791$_$3,V,1,2,6,0.35452651884308756,1
121,266791$_$3,V,2,5,5,0.0836510914358232,peak
121,266791$_$3,V,3,15,15,0.0608213122685597,5
122,266791$_$5,V,1,7,14,0.3391920857353718,5
122,266791$_$5,V,2,26,27,0.07782451398324239,1
122,266791$_$5,V,3,12,12,0.0456345861549848,peak
123,266791$_$4,V,1,7,10,0.4675505138628645,3
123,266791$_$4,V,2,8,8,0.1316641852085453,peak
123,266791$_$4,V,3,4,4,0.0758306592821419,1
124,266791$_$6,V,1,5,10,0.1005913709811759,5
124,266791$_$6,V,2,30,34,0.0866261313787548,3
124,266791$_$6,V,3,33,36,0.0532344938641789,1
125,266791$_$8,V,1,5,7,0.3430929502825813,5
125,266791$_$8,V,2,7,9,0.3430527467959738,3
125,266791$_$8,V,3,9,11,0.2639720412426119,1
126,266791$_$11,V,1,5,7,0.1855229854611806,5
126,266791$_$11,V,2,7,9,0.1701512743539937,3
127,266791$_$14,V,1,5,11,0.185450380146582,5
127,266791$_$14,V,2,6,6,0.031510637715287,peak
127,266791$_$14,V,3,15,15,0.0221940801182881,1
128,270254$_$23,V,1,9,13,0.364269718177675,5
128,270254$_$23,V,2,12,12,0.0774198740604081,1
128,270254$_$23,V,3,10,10,0.0741064712061907,1
129,270254$_$0,V,1,7,11,0.1746102607709748,5
129,270254$_$0,V,2,9,9,0.0355229591836734,peak
129,270254$_$0,V,3,14,14,0.0315334467120181,1
130,270254$_$6,V,1,30,31,0.3424716216831447,1
130,270254$_$6,V,2,24,25,0.2009391334529202,1
130,270254$_$6,V,3,4,9,0.12177455887528772,3
131,270254$_$8,V,1,3,6,0.237571465543187,3
131,270254$_$8,V,2,19,20,0.0983742146604438,5
131,270254$_$8,V,3,21,22,0.0904376936525394,3
132,270254$_$11,V,1,2,5,0.3901910828025476,5
132,270254$_$11,V,2,3,3,0.1078980891719745,peak
132,270254$_$11,V,3,4,4,0.1059872611464967,1
133,270254$_$14,V,1,4,6,0.4118842404970097,3
133,270254$_$14,V,2,8,8,0.1133789894553059,1
133,270254$_$14,V,3,10,10,0.0489287168092718,1
134,270254$_$16,V,1,13,15,0.5207618220001446,3
134,270254$_$16,V,2,3,6,0.2676823086392932,5
134,270254$_$16,V,3,3,3,0.0682236222753277,3
135,272624$_$10,V,1,32,38,0.17180319765352997,5
135,272624$_$10,V,2,40,44,0.12272765895924549,5
135,272624$_$10,V,3,31,33,0.07302357062458831,3
136,272624$_$13,V,1,1,12,0.21073883161511964,1
136,272624$_$13,V,2,25,26,0.0272050400916379,1
136,272624$_$13,V,3,35,37,0.025658648339060598,1
137,272624$_$12,V,1,3,7,0.2664048606502954,3
137,272624$_$12,V,2,16,18,0.1602530732242633,5
137,272624$_$12,V,3,6,6,0.0579205090257826,peak
138,272624$_$16,V,1,30,40,0.299014996964576,5
138,272624$_$16,V,2,43,45,0.0704641975482351,1
138,272624$_$16,V,3,31,32,0.0596961293966398,1
139,272624$_$18,V,1,21,29,0.42438358159263245,3
139,272624$_$18,V,2,19,22,0.1656886315681979,1
139,272624$_$18,V,3,26,26,0.0500393581083807,peak
140,272624$_$2,V,1,19,28,0.35519228394708274,3
140,272624$_$2,V,2,5,7,0.0835166107180636,5
140,272624$_$2,V,3,7,8,0.0564582542816849,3
141,272624$_$6,V,1,10,16,0.1485135477779473,5
141,272624$_$6,V,2,6,7,0.0406439905248276,1
141,272624$_$6,V,3,20,21,0.0377970387856027,1
142,272624$_$9,V,1,25,34,0.255306358597405,5
142,272624$_$9,V,2,16,18,0.07218512622387929,1
142,272624$_$9,V,3,22,24,0.0717169512317348,3
143,272624$_$8,V,1,30,39,0.2773644236095007,5
143,272624$_$8,V,2,40,42,0.0635863964985974,1
143,272624$_$8,V,3,17,18,0.0506692897917642,3
144,273539$_$3,V,1,16,22,0.317856363655453,3
144,273539$_$3,V,2,5,6,0.0830767746169572,3
144,273539$_$3,V,3,19,19,0.0481640483111078,peak
145,273539$_$2,V,1,1,3,0.9999999999999998,3
146,273539$_$9,V,1,38,44,0.3027625193947326,5
146,273539$_$9,V,2,23,27,0.12334718941302761,5
146,273539$_$9,V,3,41,41,0.061131964016495,peak
147,290546$_$3,V,1,14,19,0.340664172170109,3
147,290546$_$3,V,2,18,18,0.0593926463790476,peak
147,290546$_$3,V,3,14,14,0.0550283855189511,1
148,290546$_$5,V,1,13,21,0.3685484032252311,5
148,290546$_$5,V,2,17,17,0.0453690991324011,peak
148,290546$_$5,V,3,6,6,0.0331841162440123,3
149,290546$_$7,V,1,27,34,0.2015669200007137,3
149,290546$_$7,V,2,19,24,0.15390311441291882,5
149,290546$_$7,V,3,30,31,0.0526736644821214,1
150,290546$_$6,V,1,4,5,0.338177035697255,5
150,290546$_$6,V,2,7,8,0.1951166562646411,1
151,2S00zYaVrtc$_$10,V,1,5,8,0.2696008933889549,5
151,2S00zYaVrtc$_$10,V,2,4,5,0.1387721003501761,1
151,2S00zYaVrtc$_$10,V,3,10,10,0.066459182958074,1
152,2S00zYaVrtc$_$12,V,1,9,13,0.1950235725510736,5
152,2S00zYaVrtc$_$12,V,2,13,13,0.0427448926139339,peak
152,2S00zYaVrtc$_$12,V,3,16,16,0.0203335079448227,1
153,2S00zYaVrtc$_$20,V,1,13,16,0.6044932636562099,1
153,2S00zYaVrtc$_$20,V,2,14,14,0.1792904109423193,peak
154,2S00zYaVrtc$_$17,V,1,8,12,0.43384934043744694,3
154,2S00zYaVrtc$_$17,V,2,11,11,0.0952587915527055,peak
154,2S00zYaVrtc$_$17,V,3,14,14,0.0666408069064537,1
155,2S00zYaVrtc$_$5,V,1,2,8,0.7746844708877939,3
155,2S00zYaVrtc$_$5,V,2,5,5,0.1912928995830327,peak
155,2S00zYaVrtc$_$5,V,3,1,1,0.058198233253137,1
156,2S00zYaVrtc$_$4,V,1,1,1,0.4260142411303199,1
156,2S00zYaVrtc$_$4,V,2,12,16,0.1840826873385012,5
156,2S00zYaVrtc$_$4,V,3,15,18,0.1571403962101635,3
157,2Xt31_d0XEE$_$2,V,1,16,21,0.4012376249902498,5
157,2Xt31_d0XEE$_$2,V,2,8,10,0.1472695056228547,1
157,2Xt31_d0XEE$_$2,V,3,19,19,0.0741737607807293,1
158,31474$_$11,V,1,3,5,0.5651500382038325,5
158,31474$_$11,V,2,1,2,0.280193990651315,1
159,31474$_$14,V,1,4,7,0.4164527208463844,5
159,31474$_$14,V,2,2,4,0.3038648406001575,1
159,31474$_$14,V,3,9,9,0.083582605669773,1
160,31474$_$0,V,1,17,22,0.5023125025631593,3
160,31474$_$0,V,2,21,21,0.0977135178109289,peak
160,31474$_$0,V,3,7,7,0.0478489030010565,1
161,31474$_$3,V,1,7,12,0.3151055377582054,5
161,31474$_$3,V,2,19,20,0.1218736716314905,3
161,31474$_$3,V,3,6,7,0.0996720260112415,1
162,31474$_$6,V,1,9,12,0.3866759307913284,5
162,31474$_$6,V,2,12,12,0.099578863974569,peak
162,31474$_$6,V,3,6,6,0.078673893306841,1
163,31474$_$9,V,1,4,5,0.3824703641789367,1
164,31474$_$8,V,1,6,7,0.3210724651594587,3
164,31474$_$8,V,2,4,5,0.3026458270071049,5
165,32681$_$1,V,1,5,9,0.2906155082374738,5
165,32681$_$1,V,2,19,21,0.10037140743918359,1
165,32681$_$1,V,3,7,7,0.0617483751392619,1
166,32681$_$3,V,1,25,31,0.2534666381705736,3
166,32681$_$3,V,2,5,8,0.13769753491804532,5
166,32681$_$3,V,3,1,3,0.0542003608676279,1
167,32681$_$5,V,1,12,16,0.1540580598354619,5
167,32681$_$5,V,2,34,37,0.1374292977131783,3
167,32681$_$5,V,3,25,26,0.06249799201588681,3
168,32681$_$6,V,1,11,17,0.3436692336685121,3
168,32681$_$6,V,2,11,12,0.0980238393463259,1
168,32681$_$6,V,3,16,16,0.0513018176825799,1
169,33170$_$1,V,1,18,28,0.255480276413541,5
169,33170$_$1,V,2,22,24,0.07248810526020541,3
169,33170$_$1,V,3,16,18,0.070631300415006,3
170,33170$_$3,V,1,25,31,0.2796760712911759,5
170,33170$_$3,V,2,13,15,0.1081343717603567,3
170,33170$_$3,V,3,29,29,0.0493017945014733,peak
171,33170$_$4,V,1,25,29,0.21801261533833094,1
171,33170$_$4,V,2,14,17,0.1456746589722442,5
171,33170$_$4,V,3,12,13,0.0713745848761307,3
172,3MFNIag0wNE$_$12,V,1,18,27,0.2698831745354947,3
172,3MFNIag0wNE$_$12,V,2,26,27,0.048834653550833496,1
172,3MFNIag0wNE$_$12,V,3,5,6,0.048002817639995796,3
173,3MFNIag0wNE$_$14,V,1,12,20,0.3869415607352592,3
173,3MFNIag0wNE$_$14,V,2,19,21,0.1187584581344038,1
173,3MFNIag0wNE$_$14,V,3,13,13,0.0455697069072463,peak
174,3MFNIag0wNE$_$16,V,1,5,10,0.44007294333274877,5
174,3MFNIag0wNE$_$16,V,2,18,19,0.1296682547588159,1
174,3MFNIag0wNE$_$16,V,3,7,7,0.0838847403473176,peak
175,3MFNIag0wNE$_$7,V,1,8,12,0.33919064826858414,3
175,3MFNIag0wNE$_$7,V,2,10,10,0.0696021051534186,peak
175,3MFNIag0wNE$_$7,V,3,12,12,0.0664797796472852,1
176,3V2qm0rw920$_$11,V,1,13,17,0.5286706751868657,3
176,3V2qm0rw920$_$11,V,2,15,15,0.135771876147757,peak
176,3V2qm0rw920$_$11,V,3,3,5,0.1206063146130202,1
177,3V2qm0rw920$_$13,V,1,1,5,0.49993269014857905,5
177,3V2qm0rw920$_$13,V,2,1,1,0.1667452889748546,peak
177,3V2qm0rw920$_$13,V,3,20,24,0.13012700395586052,1
178,3V2qm0rw920$_$3,V,1,5,8,0.3373934643333233,5
178,3V2qm0rw920$_$3,V,2,3,5,0.2324096976190181,3
178,3V2qm0rw920$_$3,V,3,7,7,0.0853357712093512,1
179,3j94B0pzSVs$_$12,V,1,2,2,0.5187592867756315,1
179,3j94B0pzSVs$_$12,V,2,6,8,0.1971892025755323,3
179,3j94B0pzSVs$_$12,V,3,4,4,0.0513620604259534,1
180,3j94B0pzSVs$_$17,V,1,5,7,0.16840501004249261,3
180,3j94B0pzSVs$_$17,V,2,16,18,0.1605662632019212,5
180,3j94B0pzSVs$_$17,V,3,4,5,0.103338976312955,1
181,3j94B0pzSVs$_$1,V,1,8,16,0.3688011008104344,5
181,3j94B0pzSVs$_$1,V,2,9,10,0.0813680747508092,1
181,3j94B0pzSVs$_$1,V,3,13,13,0.0437217062188295,peak
182,3j94B0pzSVs$_$0,V,1,2,9,0.6410135738665914,3
182,3j94B0pzSVs$_$0,V,2,6,7,0.1910948763326091,1
182,3j94B0pzSVs$_$0,V,3,3,4,0.180331884068123,1
183,4cFeG2ydm9A$_$8,V,1,6,9,0.40186736937036527,5
183,4cFeG2ydm9A$_$8,V,2,7,7,0.1074965298139629,peak
183,4cFeG2ydm9A$_$8,V,3,6,6,0.1074383021573027,1
184,4dV3slGSc60$_$10,V,1,14,19,0.6099176403835717,3
184,4dV3slGSc60$_$10,V,2,16,16,0.1164779423581594,peak
184,4dV3slGSc60$_$10,V,3,22,22,0.0239630902060425,1
185,4dV3slGSc60$_$12,V,1,6,10,0.5460836535456082,3
185,4dV3slGSc60$_$12,V,2,8,8,0.1356609565230021,peak
186,4dV3slGSc60$_$22,V,1,1,48,0.9999999999999998,1
186,4dV3slGSc60$_$22,V,2,1,1,0.5110851373393546,peak
187,4dV3slGSc60$_$9,V,1,16,20,0.6771153003068828,5
187,4dV3slGSc60$_$9,V,2,20,20,0.1604134728136654,1
187,4dV3slGSc60$_$9,V,3,18,18,0.159173013946994,1
188,4dV3slGSc60$_$8,V,1,17,22,0.4213554346541779,5
188,4dV3slGSc60$_$8,V,2,22,24,0.1899483752392897,1
188,4dV3slGSc60$_$8,V,3,20,20,0.085423770376023,peak
189,50103$_$3,V,1,37,43,0.2020078756968466,3
189,50103$_$3,V,2,24,29,0.1722235833293036,5
189,50103$_$3,V,3,14,15,0.052491973374151,1
190,5B0PQx3Ep3k$_$5,V,1,23,28,0.599088412959912,3
190,5B0PQx3Ep3k$_$5,V,2,28,28,0.2117487465921213,peak
190,5B0PQx3Ep3k$_$5,V,3,20,24,0.11926414058209749,5
191,5O1W39o56gg$_$1,V,1,5,8,0.4658219957490688,3
191,5O1W39o56gg$_$1,V,2,5,5,0.1229733681935489,1
191,5O1W39o56gg$_$1,V,3,13,13,0.042063294293546,1
192,5O1W39o56gg$_$2,V,1,3,5,0.3224613583865831,3
192,5O1W39o56gg$_$2,V,2,13,13,0.0887078172614603,1
192,5O1W39o56gg$_$2,V,3,14,14,0.0841830159294946,3
193,5O1W39o56gg$_$9,V,1,9,12,0.5442197868182861,3
193,5O1W39o56gg$_$9,V,2,10,10,0.1569466042275684,peak
193,5O1W39o56gg$_$9,V,3,5,5,0.0643786020273715,1
194,5i6AgQSjXO4$_$3,V,1,4,8,0.5030993528233724,3
194,5i6AgQSjXO4$_$3,V,2,7,7,0.1191709291049357,peak
194,5i6AgQSjXO4$_$3,V,3,3,3,0.075050097794528,1
195,5i6AgQSjXO4$_$2,V,1,21,27,0.4642579659732933,5
195,5i6AgQSjXO4$_$2,V,2,24,24,0.0920479703437261,peak
195,5i6AgQSjXO4$_$2,V,3,3,3,0.0326534418539563,3
196,5i6AgQSjXO4$_$6,V,1,6,8,0.47550710668780294,1
196,5i6AgQSjXO4$_$6,V,2,4,6,0.44648759010778827,5
197,5kaCGzjYukM$_$0,V,1,3,10,0.5258300688440621,5
197,5kaCGzjYukM$_$0,V,2,28,29,0.09014475356163301,1
197,5kaCGzjYukM$_$0,V,3,5,5,0.0898438964039907,peak
198,5kaCGzjYukM$_$3,V,1,11,17,0.32461953797854237,5
198,5kaCGzjYukM$_$3,V,2,13,13,0.0505541158157672,peak
198,5kaCGzjYukM$_$3,V,3,20,20,0.0422319106524987,1
199,5kaCGzjYukM$_$2,V,1,17,22,0.19073979433803662,5
199,5kaCGzjYukM$_$2,V,2,3,6,0.12671399407238348,3
199,5kaCGzjYukM$_$2,V,3,10,11,0.059578389286782205,1
200,5kaCGzjYukM$_$5,V,1,19,26,0.3317500873278676,5
200,5kaCGzjYukM$_$5,V,2,17,18,0.0759501510417454,3
200,5kaCGzjYukM$_$5,V,3,23,23,0.0451175182500633,peak
201,5kaCGzjYukM$_$7,V,1,43,47,0.2655047636218328,5
201,5kaCGzjYukM$_$7,V,2,31,34,0.1738153238168715,5
201,5kaCGzjYukM$_$7,V,3,3,7,0.16716458081011998,3
202,6KvG5VbLalY$_$9,V,1,6,15,0.5089347019679692,3
202,6KvG5VbLalY$_$9,V,2,12,12,0.0854399322951994,peak
202,6KvG5VbLalY$_$9,V,3,7,8,0.0853946164856848,1
203,6ZA8I83x-oY$_$0,V,1,14,19,0.576438667241904,5
203,6ZA8I83x-oY$_$0,V,2,18,18,0.1438778425223459,peak
203,6ZA8I83x-oY$_$0,V,3,3,3,0.026055900621118,1
204,6ZA8I83x-oY$_$2,V,1,39,48,0.580014504414961,5
204,6ZA8I83x-oY$_$2,V,2,20,23,0.1339946295178428,3
204,6ZA8I83x-oY$_$2,V,3,43,43,0.0937207427866084,peak
205,6hFiTU77Sm0$_$1,V,1,1,4,0.5784513127615081,3
205,6hFiTU77Sm0$_$1,V,2,3,3,0.183085616336323,peak
205,6hFiTU77Sm0$_$1,V,3,13,13,0.0298853173761657,1
206,6hFiTU77Sm0$_$2,V,1,14,16,0.3891339380221762,3
206,6hFiTU77Sm0$_$2,V,2,10,13,0.31941444907459765,5
206,6hFiTU77Sm0$_$2,V,3,10,10,0.0759854637482405,3
207,6uPGcKTpC4I$_$1,V,1,24,27,0.306938749843358,3
207,6uPGcKTpC4I$_$1,V,2,9,11,0.1584067891872874,5
207,6uPGcKTpC4I$_$1,V,3,25,25,0.1158521856215757,peak
208,6uPGcKTpC4I$_$2,V,1,19,26,0.6769264878817056,5
208,6uPGcKTpC4I$_$2,V,2,23,23,0.1444951653648264,peak
208,6uPGcKTpC4I$_$2,V,3,9,10,0.0623806740697447,1
209,6uPGcKTpC4I$_$6,V,1,6,9,0.4454042892274884,3
209,6uPGcKTpC4I$_$6,V,2,8,8,0.1234164263235642,peak
209,6uPGcKTpC4I$_$6,V,3,16,16,0.0400107469411043,1
210,70280$_$11,V,1,14,19,0.3265562044659754,5
210,70280$_$11,V,2,21,23,0.1113381443264296,1
210,70280$_$11,V,3,18,18,0.0574551653422416,1
211,70280$_$3,V,1,16,20,0.22735394905344375,5
211,70280$_$3,V,2,3,5,0.1404456870156198,1
211,70280$_$3,V,3,5,6,0.0955661960253708,5
212,70280$_$4,V,1,16,21,0.5849480886772183,3
212,70280$_$4,V,2,19,19,0.1218770751405142,peak
212,70280$_$4,V,3,15,15,0.0586655292298846,1
213,70280$_$6,V,1,18,23,0.2938006958475467,5
213,70280$_$6,V,2,3,4,0.0817370474596632,3
213,70280$_$6,V,3,22,22,0.0584062604444674,peak
214,75RGHaxmUK8$_$3,V,1,11,15,0.501866779209764,5
214,75RGHaxmUK8$_$3,V,2,12,12,0.1068647842933553,peak
215,75RGHaxmUK8$_$5,V,1,6,9,0.43473646259316157,5
215,75RGHaxmUK8$_$5,V,2,8,8,0.1178877153604197,1
215,75RGHaxmUK8$_$5,V,3,4,4,0.0824124387173624,1
216,7_K3F-lAv1k$_$2,V,1,34,41,0.5009653146388947,5
216,7_K3F-lAv1k$_$2,V,2,37,37,0.095451956557629,peak
216,7_K3F-lAv1k$_$2,V,3,20,22,0.060838911200356796,3
217,7r4vRxKLFCA$_$6,V,1,16,23,0.5355956285876124,5
217,7r4vRxKLFCA$_$6,V,2,20,20,0.1119520510586802,peak
217,7r4vRxKLFCA$_$6,V,3,5,7,0.10562756160311479,3
218,80566$_$1,V,1,3,6,0.562279574779894,5
218,80566$_$1,V,2,4,4,0.1739596800532657,peak
218,80566$_$1,V,3,11,11,0.0913592470626072,1
219,80566$_$0,V,1,5,7,0.3451568776692356,5
219,80566$_$0,V,2,1,3,0.2487717542347347,1
220,80566$_$3,V,1,5,9,0.4094856725983648,3
220,80566$_$3,V,2,2,3,0.1003702388381513,1
220,80566$_$3,V,3,7,7,0.0880570391172987,peak
221,80566$_$2,V,1,5,8,0.41890416784140505,5
221,80566$_$2,V,2,3,4,0.1719772327714788,1
221,80566$_$2,V,3,6,6,0.1100134892068885,peak
222,80566$_$4,V,1,3,5,0.5647427948380608,5
222,80566$_$4,V,2,6,7,0.27268249616802276,1
223,80566$_$6,V,1,5,9,0.36700570670322447,5
223,80566$_$6,V,2,5,5,0.0808182086443456,peak
223,80566$_$6,V,3,1,2,0.0773445874141181,1
224,80855$_$11,V,1,8,11,0.3460573998441296,5
224,80855$_$11,V,2,11,11,0.0909530221026817,peak
224,80855$_$11,V,3,5,5,0.0820895442642684,1
225,80855$_$10,V,1,9,13,0.18495613677720707,5
225,80855$_$10,V,2,12,12,0.038258779434531,peak
225,80855$_$10,V,3,7,7,0.0348474972161112,1
226,80855$_$12,V,1,13,17,0.2856174423803763,3
226,80855$_$12,V,2,15,15,0.0582151505106761,1
226,80855$_$12,V,3,17,17,0.0566623693115998,1
228,80855$_$17,V,1,10,14,0.48361018038483655,5
228,80855$_$17,V,2,13,13,0.1037073668299733,peak
228,80855$_$17,V,3,10,10,0.0885851028880196,1
229,80855$_$0,V,1,1,1,1.0,1
230,80855$_$3,V,1,1,3,1.0,3
231,80855$_$2,V,1,1,5,0.4999999999999998,5
231,80855$_$2,V,2,3,3,0.1337436709620137,peak
232,80855$_$7,V,1,3,5,0.28546649321191486,5
232,80855$_$7,V,2,1,1,0.0420292121151472,1
233,80855$_$20,V,1,7,10,0.1594165154026253,5
233,80855$_$20,V,2,5,6,0.0793702154526082,3
233,80855$_$20,V,3,14,15,0.0506510930471153,1
234,830KzUc6CbU$_$0,V,1,8,12,0.35107137312764486,5
234,830KzUc6CbU$_$0,V,2,9,9,0.0729983157283669,peak
234,830KzUc6CbU$_$0,V,3,6,6,0.0689471248537055,1
235,830KzUc6CbU$_$13,V,1,25,36,0.34766888084517916,5
235,830KzUc6CbU$_$13,V,2,34,37,0.1155116763406914,1
235,830KzUc6CbU$_$13,V,3,1,3,0.051507430300821895,1
236,84140$_$0,V,1,3,8,0.18909137659499198,3
236,84140$_$0,V,2,1,4,0.1009867258059329,1
236,84140$_$0,V,3,5,5,0.0331179892649374,peak
237,84140$_$5,V,1,4,12,0.2966601024837416,3
237,84140$_$5,V,2,41,43,0.0809828005829699,3
237,84140$_$5,V,3,8,8,0.0391319651036043,peak
238,89835$_$1,V,1,4,8,0.5082704368494344,3
238,89835$_$1,V,2,6,6,0.1159491992630536,peak
238,89835$_$1,V,3,13,13,0.050078997084482,1
239,89835$_$0,V,1,4,7,0.5651865266728683,3
239,89835$_$0,V,2,8,9,0.1953486225260362,1
239,89835$_$0,V,3,6,6,0.1533303893798855,1
240,89835$_$4,V,1,4,8,0.13267873356141008,1
240,89835$_$4,V,2,34,37,0.0924756621267759,3
240,89835$_$4,V,3,21,23,0.0693965912788901,3
241,89835$_$7,V,1,12,21,0.35581936968573363,5
241,89835$_$7,V,2,12,14,0.1067374342465681,1
241,89835$_$7,V,3,4,6,0.0929295917470075,1
242,8eaYvALnJ0o$_$1,V,1,5,10,0.5227176859748864,3
242,8eaYvALnJ0o$_$1,V,2,7,7,0.1002799755361877,peak
242,8eaYvALnJ0o$_$1,V,3,13,13,0.0522626209468898,1
243,8eaYvALnJ0o$_$0,V,1,7,10,0.4352462552999302,5
243,8eaYvALnJ0o$_$0,V,2,10,10,0.113164819533464,peak
243,8eaYvALnJ0o$_$0,V,3,7,7,0.1033942183030278,1
244,8x_nCOh6Wmc$_$6,V,1,3,14,0.7226584939967454,5
244,8x_nCOh6Wmc$_$6,V,2,9,9,0.1067376285060239,peak
244,8x_nCOh6Wmc$_$6,V,3,13,13,0.0363063272650047,1
245,96642$_$1,V,1,8,14,0.3802089408738368,5
245,96642$_$1,V,2,4,5,0.0926355095217253,1
245,96642$_$1,V,3,10,10,0.0602865519202134,peak
246,96642$_$3,V,1,1,17,0.9999999999999994,1
246,96642$_$3,V,2,7,11,0.8384735060648768,3
246,96642$_$3,V,3,8,8,0.2255330512740111,peak
247,96642$_$2,V,1,8,12,0.3909990261208168,5
247,96642$_$2,V,2,7,8,0.1464167094053856,1
247,96642$_$2,V,3,11,11,0.0917340336562671,1
248,96642$_$4,V,1,4,12,0.32731589214198586,5
248,96642$_$4,V,2,3,5,0.0978946701501217,3
248,96642$_$4,V,3,1,3,0.07127663920168581,1
249,99501$_$10,V,1,5,10,0.4803005377563489,5
249,99501$_$10,V,2,18,20,0.1542377824041437,1
249,99501$_$10,V,3,6,6,0.0904681455014942,peak
250,99501$_$13,V,1,11,19,0.3060554970224778,5
250,99501$_$13,V,2,8,10,0.1009528465028049,3
250,99501$_$13,V,3,18,19,0.0686435087550782,1
251,99501$_$1,V,1,4,8,0.5127364171397469,3
251,99501$_$1,V,2,6,6,0.1140280811391115,peak
252,99501$_$0,V,1,1,1,1.0,1
253,99501$_$5,V,1,26,33,0.2684591762702876,3
253,99501$_$5,V,2,26,27,0.0643120594480345,1
253,99501$_$5,V,3,5,6,0.0629346931469185,1
254,99501$_$7,V,1,11,15,0.20316722972972942,5
254,99501$_$7,V,2,14,14,0.0429898648648648,peak
254,99501$_$7,V,3,12,12,0.042384572072072,1
255,9QI-9w_VdB4$_$0,V,1,12,17,0.4872246172452457,5
255,9QI-9w_VdB4$_$0,V,2,11,13,0.23362518616235112,3
255,9QI-9w_VdB4$_$0,V,3,17,17,0.0845956394388627,peak
256,AG5EY8ZaFj4$_$3,V,1,7,11,0.42633115026988744,3
256,AG5EY8ZaFj4$_$3,V,2,10,10,0.086117805982909,peak
257,AG5EY8ZaFj4$_$15,V,1,16,22,0.4023415663458354,5
257,AG5EY8ZaFj4$_$15,V,2,21,23,0.1717089887170798,3
257,AG5EY8ZaFj4$_$15,V,3,15,16,0.1220676284799807,1
258,Arh2TKRi_mg$_$15,V,1,11,15,0.6470852647843796,5
258,Arh2TKRi_mg$_$15,V,2,11,11,0.5227279112234864,peak
258,Arh2TKRi_mg$_$15,V,3,6,8,0.0818935243714002,1
259,Arh2TKRi_mg$_$14,V,1,18,22,0.5327521016058215,5
259,Arh2TKRi_mg$_$14,V,2,19,19,0.3044396247107672,peak
259,Arh2TKRi_mg$_$14,V,3,3,4,0.0610245679299387,3
260,Arh2TKRi_mg$_$16,V,1,28,31,0.2446442759277432,1
260,Arh2TKRi_mg$_$16,V,2,16,20,0.23519516457031708,5
260,Arh2TKRi_mg$_$16,V,3,29,29,0.0694704159949573,peak
261,Arh2TKRi_mg$_$19,V,1,17,21,0.5616373631366133,5
261,Arh2TKRi_mg$_$19,V,2,21,21,0.1704673956571551,peak
261,Arh2TKRi_mg$_$19,V,3,5,7,0.1223524601335696,1
262,Arh2TKRi_mg$_$32,V,1,17,23,0.5684543141987213,3
262,Arh2TKRi_mg$_$32,V,2,19,19,0.0933011984537682,peak
262,Arh2TKRi_mg$_$32,V,3,16,16,0.0583224149376439,1
263,Arh2TKRi_mg$_$28,V,1,5,8,0.37149396944637003,3
263,Arh2TKRi_mg$_$28,V,2,7,7,0.0974863794269068,1
263,Arh2TKRi_mg$_$28,V,3,5,5,0.0916048088496599,1
264,Arh2TKRi_mg$_$3,V,1,4,11,0.6449673170191783,5
264,Arh2TKRi_mg$_$3,V,2,7,7,0.1399535861670065,peak
264,Arh2TKRi_mg$_$3,V,3,29,30,0.048059682778509,1
265,AxNy9TeTLq8$_$0,V,1,7,16,0.3389445747890725,5
265,AxNy9TeTLq8$_$0,V,2,15,16,0.06266733647806741,1
265,AxNy9TeTLq8$_$0,V,3,26,27,0.061311014390263804,3
266,BSKAHXFYF_I$_$1,V,1,9,11,0.5984324215491701,1
266,BSKAHXFYF_I$_$1,V,2,4,7,0.2292259901630855,5
266,BSKAHXFYF_I$_$1,V,3,5,5,0.0650645727270112,1
267,BSKAHXFYF_I$_$3,V,1,18,20,0.6304526766139313,5
268,BSKAHXFYF_I$_$7,V,1,1,14,0.9999999999999994,1
268,BSKAHXFYF_I$_$7,V,2,4,7,0.6121124334932544,5
268,BSKAHXFYF_I$_$7,V,3,5,5,0.1891758404305762,peak
269,BSKAHXFYF_I$_$8,V,1,9,12,0.3318807746369252,5
269,BSKAHXFYF_I$_$8,V,2,11,11,0.0848097568553992,1
269,BSKAHXFYF_I$_$8,V,3,8,8,0.08203491960212,1
270,Baz0VVQ-E9E$_$10,V,1,4,6,0.4632903863173927,5
270,Baz0VVQ-E9E$_$10,V,2,1,2,0.1564308402824447,1
271,Baz0VVQ-E9E$_$1,V,1,8,10,0.3692564940414196,3
271,Baz0VVQ-E9E$_$1,V,2,10,12,0.26134244276757146,1
272,Baz0VVQ-E9E$_$5,V,1,3,5,0.5929477358123401,5
273,Baz0VVQ-E9E$_$7,V,1,8,10,0.1093814860938147,5
273,Baz0VVQ-E9E$_$7,V,2,15,17,0.1076241870762418,3
273,Baz0VVQ-E9E$_$7,V,3,13,14,0.06562889165628889,5
274,CJGuudyvA0Y$_$4,V,1,27,39,0.4346365662094259,1
274,CJGuudyvA0Y$_$4,V,2,20,23,0.1022691135644103,1
274,CJGuudyvA0Y$_$4,V,3,31,31,0.0384615384615384,peak
275,CPjbogfLHR4$_$2,V,1,13,16,0.43420279486547797,3
275,CPjbogfLHR4$_$2,V,2,14,14,0.140993853747546,peak
275,CPjbogfLHR4$_$2,V,3,12,12,0.1015890669775868,1
276,CPjbogfLHR4$_$5,V,1,23,27,0.5083539179633055,5
276,CPjbogfLHR4$_$5,V,2,26,26,0.1717647834570274,1
276,CPjbogfLHR4$_$5,V,3,1,5,0.1162875816993459,1
277,DdUJojoFU_c$_$11,V,1,11,14,0.22462746357671579,5
277,DdUJojoFU_c$_$11,V,2,21,23,0.1576110135902135,3
277,DdUJojoFU_c$_$11,V,3,14,15,0.10167270096853459,1
278,DdUJojoFU_c$_$15,V,1,3,6,0.5057470048100178,5
278,DdUJojoFU_c$_$15,V,2,4,4,0.1480624256048082,peak
278,DdUJojoFU_c$_$15,V,3,6,6,0.0991674838463705,1
279,DdUJojoFU_c$_$14,V,1,11,16,0.4212684054118596,3
279,DdUJojoFU_c$_$14,V,2,1,3,0.1144883839978222,1
279,DdUJojoFU_c$_$14,V,3,14,14,0.0756981721786747,peak
280,DdUJojoFU_c$_$17,V,1,3,7,0.3055629927115866,5
280,DdUJojoFU_c$_$17,V,2,6,6,0.0739550795775695,peak
280,DdUJojoFU_c$_$17,V,3,1,1,0.0248995983935742,1
281,DdUJojoFU_c$_$16,V,1,19,28,0.42372779370850017,3
281,DdUJojoFU_c$_$16,V,2,23,23,0.0442693771315409,peak
282,DdUJojoFU_c$_$2,V,1,22,32,0.5137585851320536,3
282,DdUJojoFU_c$_$2,V,2,25,25,0.0552220821621099,peak
282,DdUJojoFU_c$_$2,V,3,39,39,0.0250539072309641,1
283,DdUJojoFU_c$_$6,V,1,5,12,0.7375089895208895,5
283,DdUJojoFU_c$_$6,V,2,9,9,0.1733376203218674,peak
283,DdUJojoFU_c$_$6,V,3,6,6,0.0469796756740561,1
284,DdUJojoFU_c$_$8,V,1,11,17,0.414121603911221,3
284,DdUJojoFU_c$_$8,V,2,14,14,0.0680020666860704,peak
284,DdUJojoFU_c$_$8,V,3,17,17,0.054194094931899,1
285,DlbYiwOnTyk$_$1,V,1,4,8,0.45700448391667353,3
285,DlbYiwOnTyk$_$1,V,2,7,7,0.097835068305518,peak
285,DlbYiwOnTyk$_$1,V,3,4,4,0.0819140820377125,1
286,E8MuzHUhUHk$_$15,V,1,9,12,0.3762416782979985,5
286,E8MuzHUhUHk$_$15,V,2,3,4,0.1020076187726855,1
286,E8MuzHUhUHk$_$15,V,3,11,11,0.0984628388907371,1
287,E8MuzHUhUHk$_$14,V,1,7,11,0.5349115230179075,3
287,E8MuzHUhUHk$_$14,V,2,9,9,0.1096434648875782,peak
288,E8MuzHUhUHk$_$16,V,1,22,29,0.5438295832048128,3
288,E8MuzHUhUHk$_$16,V,2,28,28,0.0818086435635904,peak
288,E8MuzHUhUHk$_$16,V,3,23,23,0.0576680270288987,1
289,E8MuzHUhUHk$_$2,V,1,18,22,0.1370835426084043,5
289,E8MuzHUhUHk$_$2,V,2,6,8,0.0733969529549639,1
289,E8MuzHUhUHk$_$2,V,3,19,19,0.0302595010882304,peak
290,E8MuzHUhUHk$_$9,V,1,10,16,0.188087992899708,5
290,E8MuzHUhUHk$_$9,V,2,4,5,0.043343476607074896,1
290,E8MuzHUhUHk$_$9,V,3,12,12,0.0340813997717763,peak
291,EEjCkc82oyk$_$7,V,1,12,17,0.3548016935382211,3
291,EEjCkc82oyk$_$7,V,2,14,14,0.0611515285825804,peak
291,EEjCkc82oyk$_$7,V,3,12,12,0.0585349843768112,1
292,EEjCkc82oyk$_$9,V,1,6,11,0.41696077184438873,5
292,EEjCkc82oyk$_$9,V,2,19,21,0.1805899103912416,1
292,EEjCkc82oyk$_$9,V,3,8,8,0.0797574342021245,1
293,EQxkXiWAm08$_$8,V,1,7,9,0.148304860771786,5
293,EQxkXiWAm08$_$8,V,2,10,11,0.0835369282823346,3
293,EQxkXiWAm08$_$8,V,3,5,5,0.0473377463498882,5
294,ET1cU5_A2YM$_$1,V,1,16,20,0.2543978802535024,5
294,ET1cU5_A2YM$_$1,V,2,22,24,0.0992764739739312,1
294,ET1cU5_A2YM$_$1,V,3,18,18,0.055086086040377,1
295,ET1cU5_A2YM$_$3,V,1,7,10,0.44978566772164863,1
295,ET1cU5_A2YM$_$3,V,2,8,8,0.1230918022351785,peak
296,ET1cU5_A2YM$_$6,V,1,15,18,0.2598055946979741,3
296,ET1cU5_A2YM$_$6,V,2,16,16,0.0704270736048587,peak
296,ET1cU5_A2YM$_$6,V,3,9,9,0.0609964272793469,1
297,EmmuWoCUgXs$_$22,V,1,4,7,0.3092723278517374,5
297,EmmuWoCUgXs$_$22,V,2,7,8,0.1936633428224381,3
297,EmmuWoCUgXs$_$22,V,3,13,14,0.1357231932232722,3
298,EmmuWoCUgXs$_$7,V,1,15,19,0.1827553418462783,3
298,EmmuWoCUgXs$_$7,V,2,1,5,0.1489726542069193,1
298,EmmuWoCUgXs$_$7,V,3,5,7,0.1068950628932514,5
299,Es9MkKsMsjU$_$10,V,1,13,17,0.5071828366075608,3
299,Es9MkKsMsjU$_$10,V,2,15,15,0.1165295607147186,peak
299,Es9MkKsMsjU$_$10,V,3,13,13,0.0921596602948453,1
300,Es9MkKsMsjU$_$12,V,1,14,19,0.22201276953607318,5
300,Es9MkKsMsjU$_$12,V,2,4,7,0.1469818514577596,1
300,Es9MkKsMsjU$_$12,V,3,5,5,0.0391433910682849,peak
301,Es9MkKsMsjU$_$2,V,1,36,41,0.2024227102038515,3
301,Es9MkKsMsjU$_$2,V,2,13,17,0.1722145059840245,5
301,Es9MkKsMsjU$_$2,V,3,5,7,0.08962524092071719,1
302,Es9MkKsMsjU$_$7,V,1,5,10,0.20032426976144918,5
302,Es9MkKsMsjU$_$7,V,2,17,19,0.1026550552680176,5
302,Es9MkKsMsjU$_$7,V,3,27,28,0.0661842350992985,3
303,Ezn3p5FWF_U$_$4,V,1,3,9,0.43746019664884683,5
303,Ezn3p5FWF_U$_$4,V,2,27,29,0.1388764659330639,1
303,Ezn3p5FWF_U$_$4,V,3,6,6,0.0922754429015388,peak
304,F1U26PLiXjM$_$1,V,1,7,12,0.5180164746724325,3
304,F1U26PLiXjM$_$1,V,2,10,10,0.1214091406666622,peak
304,F1U26PLiXjM$_$1,V,3,17,17,0.0407997544578443,1
305,F6JV-K840EY$_$2,V,1,9,13,0.3881914353964502,3
305,F6JV-K840EY$_$2,V,2,10,10,0.081341603802966,peak
306,FB_b1dm0SRY$_$10,V,1,16,20,0.2372334721907897,5
306,FB_b1dm0SRY$_$10,V,2,8,10,0.1384716020585767,1
306,FB_b1dm0SRY$_$10,V,3,18,18,0.0500044466239292,peak
307,FB_b1dm0SRY$_$0,V,1,12,18,0.38876852087991226,5
307,FB_b1dm0SRY$_$0,V,2,10,12,0.1587800596752768,3
307,FB_b1dm0SRY$_$0,V,3,17,17,0.0580683190975708,peak
308,FB_b1dm0SRY$_$6,V,1,6,9,0.38502306088193594,5
308,FB_b1dm0SRY$_$6,V,2,9,11,0.3119176976647915,3
308,FB_b1dm0SRY$_$6,V,3,5,5,0.0947916462989603,1
309,FB_b1dm0SRY$_$9,V,1,11,17,0.3484422765504756,5
309,FB_b1dm0SRY$_$9,V,2,10,11,0.0977167015056682,1
309,FB_b1dm0SRY$_$9,V,3,18,19,0.09323746443379949,1
310,FB_b1dm0SRY$_$8,V,1,4,8,0.4152921526588356,5
310,FB_b1dm0SRY$_$8,V,2,17,18,0.1566228804584272,1
310,FB_b1dm0SRY$_$8,V,3,6,6,0.0989175598943943,peak
311,FxxJB8hBpyQ$_$1,V,1,5,10,0.3773884128871196,3
311,FxxJB8hBpyQ$_$1,V,2,4,5,0.11168828338133491,1
311,FxxJB8hBpyQ$_$1,V,3,9,9,0.0661294186396899,1
312,Fy0Uid9afM8$_$0,V,1,10,14,0.18168014427536522,3
312,Fy0Uid9afM8$_$0,V,2,12,12,0.0394416433751667,peak
312,Fy0Uid9afM8$_$0,V,3,10,10,0.0348604742738024,1
313,Fy0Uid9afM8$_$3,V,1,11,15,0.3447018806541849,3
313,Fy0Uid9afM8$_$3,V,2,13,13,0.0724867659275303,peak
313,Fy0Uid9afM8$_$3,V,3,19,19,0.0224845398231243,1
315,Fy0Uid9afM8$_$4,V,1,5,7,0.4497748319394028,3
315,Fy0Uid9afM8$_$4,V,2,7,8,0.2356430766601309,1
315,Fy0Uid9afM8$_$4,V,3,1,1,0.0546077330957964,1
317,HGicRLwgtkM$_$1,V,1,1,35,0.9999999999999976,1
317,HGicRLwgtkM$_$1,V,2,35,35,0.4154257059005036,peak
318,HGicRLwgtkM$_$3,V,1,2,8,0.7255713662136907,3
318,HGicRLwgtkM$_$3,V,2,5,5,0.137284106082679,peak
318,HGicRLwgtkM$_$3,V,3,1,2,0.1169758270307779,1
319,HGicRLwgtkM$_$2,V,1,1,4,0.29421275301095107,1
319,HGicRLwgtkM$_$2,V,2,15,17,0.2217552493581058,3
319,HGicRLwgtkM$_$2,V,3,3,3,0.0879269870821639,peak
320,HGicRLwgtkM$_$6,V,1,16,18,0.6478462993110032,5
320,HGicRLwgtkM$_$6,V,2,21,21,0.0274166649811079,1
321,HmXXW45eZL4$_$1,V,1,11,22,0.4373032321224053,3
321,HmXXW45eZL4$_$1,V,2,10,11,0.0602173605469609,1
321,HmXXW45eZL4$_$1,V,3,19,19,0.0444669541794312,peak
322,HmXXW45eZL4$_$4,V,1,3,7,0.41152998317733347,3
322,HmXXW45eZL4$_$4,V,2,1,3,0.17449660884706258,1
322,HmXXW45eZL4$_$4,V,3,5,5,0.0905840005906119,peak
323,IM6HW1HwHhM$_$11,V,1,5,10,0.3418918341530091,5
323,IM6HW1HwHhM$_$11,V,2,23,25,0.10763335203311561,1
323,IM6HW1HwHhM$_$11,V,3,22,23,0.1001454532438206,3
324,IM6HW1HwHhM$_$15,V,1,14,16,0.2037533753465916,3
324,IM6HW1HwHhM$_$15,V,2,5,7,0.1892829576331663,5
324,IM6HW1HwHhM$_$15,V,3,8,9,0.1290089967017541,1
325,IM6HW1HwHhM$_$17,V,1,16,22,0.567660257346155,5
325,IM6HW1HwHhM$_$17,V,2,21,25,0.3140450066391319,1
325,IM6HW1HwHhM$_$17,V,3,17,18,0.1670875843455425,1
326,IUmxJNs2zaY$_$3,V,1,21,26,0.238601943257128,5
326,IUmxJNs2zaY$_$3,V,2,1,4,0.1170727828924534,1
326,IUmxJNs2zaY$_$3,V,3,5,6,0.0713452461974304,5
327,IUmxJNs2zaY$_$2,V,1,12,16,0.3792489948971584,5
327,IUmxJNs2zaY$_$2,V,2,14,14,0.080472826077924,peak
327,IUmxJNs2zaY$_$2,V,3,18,19,0.0745474123517562,1
328,JAnRCQ9A0vI$_$1,V,1,1,48,0.9999999999999964,1
328,JAnRCQ9A0vI$_$1,V,2,47,47,0.1967413561054762,peak
329,JAnRCQ9A0vI$_$0,V,1,6,8,0.486913155635448,3
329,JAnRCQ9A0vI$_$0,V,2,9,10,0.1892501186102378,1
330,JAnRCQ9A0vI$_$3,V,1,5,10,0.22546417424497614,5
330,JAnRCQ9A0vI$_$3,V,2,14,19,0.19359809563920738,5
330,JAnRCQ9A0vI$_$3,V,3,31,32,0.0562686837994831,3
331,JAnRCQ9A0vI$_$2,V,1,12,23,0.49800674347823154,3
331,JAnRCQ9A0vI$_$2,V,2,16,16,0.0483012227839526,peak
331,JAnRCQ9A0vI$_$2,V,3,34,34,0.0189406972330392,1
333,JAnRCQ9A0vI$_$4,V,1,9,12,0.43778466510524705,5
333,JAnRCQ9A0vI$_$4,V,2,3,5,0.2138299911184781,1
333,JAnRCQ9A0vI$_$4,V,3,12,12,0.1665313927230406,1
334,JAnRCQ9A0vI$_$8,V,1,27,29,0.5082552981764414,3
334,JAnRCQ9A0vI$_$8,V,2,15,23,0.16905700673566562,5
334,JAnRCQ9A0vI$_$8,V,3,34,36,0.0422950550353209,5
335,JOK1SSmPtFw$_$10,V,1,6,9,0.33009191004414923,3
335,JOK1SSmPtFw$_$10,V,2,7,7,0.0948438591276105,peak
335,JOK1SSmPtFw$_$10,V,3,13,13,0.0723156686480406,5
336,JOK1SSmPtFw$_$13,V,1,7,11,0.5636191226344476,3
336,JOK1SSmPtFw$_$13,V,2,10,10,0.1382971471693542,peak
337,JOK1SSmPtFw$_$14,V,1,6,9,0.4355468691875531,3
337,JOK1SSmPtFw$_$14,V,2,6,6,0.1113824631561832,1
337,JOK1SSmPtFw$_$14,V,3,14,14,0.0536043472281212,1
338,JOK1SSmPtFw$_$16,V,1,9,12,0.5335256971766524,3
338,JOK1SSmPtFw$_$16,V,2,11,11,0.15333366132555,peak
338,JOK1SSmPtFw$_$16,V,3,9,9,0.1222372248320532,1
339,JOK1SSmPtFw$_$0,V,1,29,35,0.1941857951189292,5
339,JOK1SSmPtFw$_$0,V,2,14,17,0.10985355185428419,5
339,JOK1SSmPtFw$_$0,V,3,35,37,0.07832487523036111,1
340,JOK1SSmPtFw$_$5,V,1,17,23,0.2505691494129243,5
340,JOK1SSmPtFw$_$5,V,2,5,7,0.0507484090705384,1
340,JOK1SSmPtFw$_$5,V,3,18,18,0.043049206776015,1
341,JOK1SSmPtFw$_$4,V,1,8,10,0.4030708494636221,3
341,JOK1SSmPtFw$_$4,V,2,11,12,0.1630074292883416,1
342,JOK1SSmPtFw$_$8,V,1,10,13,0.4715987109372592,5
342,JOK1SSmPtFw$_$8,V,2,5,6,0.13749327595481442,1
342,JOK1SSmPtFw$_$8,V,3,12,12,0.1229742769881279,peak
343,JPT38CA3sGI$_$1,V,1,10,14,0.383888849808463,5
343,JPT38CA3sGI$_$1,V,2,14,15,0.13448642382707449,1
343,JPT38CA3sGI$_$1,V,3,2,3,0.1187394857790056,3
344,JPT38CA3sGI$_$0,V,1,5,8,0.47493044001866025,1
344,JPT38CA3sGI$_$0,V,2,7,7,0.1310806832566329,peak
345,JPT38CA3sGI$_$5,V,1,2,5,0.3266123717164108,5
345,JPT38CA3sGI$_$5,V,2,7,8,0.1344961240310077,1
345,JPT38CA3sGI$_$5,V,3,3,3,0.0889605498540627,peak
346,JVpF99zuQhA$_$0,V,1,15,17,0.1938273013439018,1
346,JVpF99zuQhA$_$0,V,2,5,7,0.188123062644066,5
346,JVpF99zuQhA$_$0,V,3,3,5,0.1791394545827098,3
347,JVpF99zuQhA$_$2,V,1,8,14,0.3843309375893312,5
347,JVpF99zuQhA$_$2,V,2,22,23,0.0893578749224733,1
347,JVpF99zuQhA$_$2,V,3,9,9,0.0616798121293927,peak
348,JVpF99zuQhA$_$4,V,1,8,11,0.413521432843567,3
348,JVpF99zuQhA$_$4,V,2,10,10,0.1125299144214042,peak
348,JVpF99zuQhA$_$4,V,3,14,14,0.0409545479459478,1
349,K0m1tO3Ybyc$_$15,V,1,1,4,0.5187529209721415,3
349,K0m1tO3Ybyc$_$15,V,2,1,1,0.1502301675374978,1
349,K0m1tO3Ybyc$_$15,V,3,13,14,0.1246405514638972,1
350,K0m1tO3Ybyc$_$8,V,1,14,18,0.3330332757361377,5
350,K0m1tO3Ybyc$_$8,V,2,22,24,0.1560991078198669,1
350,K0m1tO3Ybyc$_$8,V,3,4,6,0.1450708297195719,5
351,K8gp7ncdUl8$_$5,V,1,13,18,0.1967843832888959,5
351,K8gp7ncdUl8$_$5,V,2,6,9,0.1299449532084588,3
351,K8gp7ncdUl8$_$5,V,3,25,26,0.06438900184003929,3
352,KDjl2exStlI$_$10,V,1,5,8,0.1737059758605874,5
352,KDjl2exStlI$_$10,V,2,9,11,0.12490215758122841,1
352,KDjl2exStlI$_$10,V,3,3,4,0.0748290108463047,3
353,KDjl2exStlI$_$13,V,1,5,8,0.187000935548307,5
353,KDjl2exStlI$_$13,V,2,5,5,0.0510430099370401,peak
353,KDjl2exStlI$_$13,V,3,1,2,0.050927541362192005,1
354,KDjl2exStlI$_$5,V,1,9,12,0.33288136737287555,5
354,KDjl2exStlI$_$5,V,2,12,14,0.2468314348411413,1
354,KDjl2exStlI$_$5,V,3,3,3,0.0564761203472841,1
355,KDjl2exStlI$_$4,V,1,10,15,0.40983245890708814,3
355,KDjl2exStlI$_$4,V,2,13,13,0.0708412633685918,peak
355,KDjl2exStlI$_$4,V,3,10,10,0.0651288930416616,1
356,KkKWFZZmmCM$_$1,V,1,26,28,0.38679433644938427,3
356,KkKWFZZmmCM$_$1,V,2,4,10,0.1950044603033001,5
356,KkKWFZZmmCM$_$1,V,3,13,15,0.1692099440568131,3
357,KpMCvUyQCXg$_$1,V,1,12,17,0.7061916032101652,3
357,KpMCvUyQCXg$_$1,V,2,15,15,0.1587431994276846,peak
357,KpMCvUyQCXg$_$1,V,3,1,1,0.0121655560355326,1
358,KpMCvUyQCXg$_$3,V,1,6,9,0.20042683503594377,5
358,KpMCvUyQCXg$_$3,V,2,5,6,0.1069233588724933,1
358,KpMCvUyQCXg$_$3,V,3,12,13,0.0617823023079833,1
359,KpMCvUyQCXg$_$5,V,1,9,13,0.501138860941018,3
359,KpMCvUyQCXg$_$5,V,2,11,11,0.1123608955136893,peak
359,KpMCvUyQCXg$_$5,V,3,7,7,0.0637710583516095,1
360,L1eFHRQGFeg$_$2,V,1,20,23,0.15468553227207232,3
360,L1eFHRQGFeg$_$2,V,2,36,39,0.1342607887379855,1
360,L1eFHRQGFeg$_$2,V,3,6,9,0.12712140216340218,5
361,MCsvw5-7lVE$_$1,V,1,20,27,0.3393720825970079,5
361,MCsvw5-7lVE$_$1,V,2,4,6,0.1457441171597409,1
361,MCsvw5-7lVE$_$1,V,3,20,21,0.0846512016393076,1
362,MCsvw5-7lVE$_$2,V,1,15,20,0.5418090850511396,3
362,MCsvw5-7lVE$_$2,V,2,18,18,0.1082909091368738,peak
362,MCsvw5-7lVE$_$2,V,3,15,15,0.0678514889877386,1
363,MCsvw5-7lVE$_$4,V,1,7,10,0.5340791584037797,3
363,MCsvw5-7lVE$_$4,V,2,8,8,0.1496634318861925,peak
363,MCsvw5-7lVE$_$4,V,3,11,11,0.0905363901880828,1
364,MMpo2bDk-DU$_$10,V,1,5,9,0.39892123750697345,5
364,MMpo2bDk-DU$_$10,V,2,6,6,0.0874399774861298,peak
364,MMpo2bDk-DU$_$10,V,3,9,9,0.0695154739419414,1
365,MMpo2bDk-DU$_$17,V,1,21,28,0.335766222129457,5
365,MMpo2bDk-DU$_$17,V,2,24,24,0.0451851140157391,peak
365,MMpo2bDk-DU$_$17,V,3,14,14,0.0327332526398158,1
366,MMpo2bDk-DU$_$16,V,1,5,9,0.16116932163443762,5
366,MMpo2bDk-DU$_$16,V,2,6,6,0.0328187217274873,peak
366,MMpo2bDk-DU$_$16,V,3,12,12,0.0294966810172534,1
367,MMpo2bDk-DU$_$19,V,1,2,8,0.8151095636080378,3
367,MMpo2bDk-DU$_$19,V,2,4,5,0.2801939270729048,1
367,MMpo2bDk-DU$_$19,V,3,7,8,0.23321256349470298,1
368,MjaaudUc5-4$_$1,V,1,8,12,0.3962610142872383,3
368,MjaaudUc5-4$_$1,V,2,10,10,0.083225953128236,peak
368,MjaaudUc5-4$_$1,V,3,17,17,0.0244209501659191,1
369,MjaaudUc5-4$_$0,V,1,2,5,0.7286298804240634,5
369,MjaaudUc5-4$_$0,V,2,3,3,0.1868802053291842,peak
369,MjaaudUc5-4$_$0,V,3,1,1,0.1413582231350831,1
370,MjaaudUc5-4$_$3,V,1,8,11,0.4225756974109837,1
370,MjaaudUc5-4$_$3,V,2,10,10,0.1142031018316415,peak
371,MjaaudUc5-4$_$6,V,1,5,7,0.3976107857109892,5
371,MjaaudUc5-4$_$6,V,2,7,8,0.2392964536656742,3
371,MjaaudUc5-4$_$6,V,3,9,10,0.1460150545810818,1
372,MoQmPA7Q07Q$_$1,V,1,21,25,0.2964250417249319,5
372,MoQmPA7Q07Q$_$1,V,2,8,9,0.0814903311075782,1
372,MoQmPA7Q07Q$_$1,V,3,25,25,0.078741273934532,peak
373,MoQmPA7Q07Q$_$2,V,1,19,26,0.4143376046387489,3
373,MoQmPA7Q07Q$_$2,V,2,18,20,0.1424508626079995,1
373,MoQmPA7Q07Q$_$2,V,3,24,24,0.0570221824962327,peak
374,N1X63d_jgmw$_$5,V,1,40,44,0.2221799668637897,3
374,N1X63d_jgmw$_$5,V,2,23,26,0.13933894630622318,5
374,N1X63d_jgmw$_$5,V,3,13,15,0.0950740984508444,3
376,NoZsdSGnNpI$_$7,V,1,20,28,0.43397392916054844,5
376,NoZsdSGnNpI$_$7,V,2,9,11,0.1083161506464301,3
376,NoZsdSGnNpI$_$7,V,3,24,24,0.0581574723897316,peak
377,Nrurc5sMUOE$_$5,V,1,19,23,0.1253848000321516,5
377,Nrurc5sMUOE$_$5,V,2,34,37,0.1019134166277655,3
377,Nrurc5sMUOE$_$5,V,3,1,3,0.0488713170874953,1
378,Nrurc5sMUOE$_$7,V,1,5,8,0.3380212054596917,5
378,Nrurc5sMUOE$_$7,V,2,7,7,0.0857066858083523,1
378,Nrurc5sMUOE$_$7,V,3,9,9,0.0826796065310764,1
379,Nrurc5sMUOE$_$8,V,1,5,14,0.35899754215716706,5
379,Nrurc5sMUOE$_$8,V,2,9,11,0.12262333207341551,1
379,Nrurc5sMUOE$_$8,V,3,24,26,0.09811761336626999,1
380,NzvNW7vP-Co$_$5,V,1,5,15,0.17935779816513947,5
380,NzvNW7vP-Co$_$5,V,2,34,40,0.060244648318041494,1
380,NzvNW7vP-Co$_$5,V,3,22,24,0.0487767584097871,3
381,NzvNW7vP-Co$_$4,V,1,9,12,0.1573850632740978,5
381,NzvNW7vP-Co$_$4,V,2,12,12,0.0403464929994615,peak
381,NzvNW7vP-Co$_$4,V,3,7,7,0.0381226440495422,1
382,NzvNW7vP-Co$_$7,V,1,21,30,0.15852165725047032,5
382,NzvNW7vP-Co$_$7,V,2,21,23,0.048046139359698495,1
382,NzvNW7vP-Co$_$7,V,3,3,4,0.025386064030131703,3
383,OLP0nCKwU6k$_$6,V,1,10,18,0.2231959275293799,5
383,OLP0nCKwU6k$_$6,V,2,3,5,0.0662878745052051,3
383,OLP0nCKwU6k$_$6,V,3,14,15,0.054006724113059,1
384,OrYBtyO0aPI$_$1,V,1,13,17,0.8248922114643712,1
384,OrYBtyO0aPI$_$1,V,2,15,15,0.2022855624556656,peak
385,OrYBtyO0aPI$_$4,V,1,2,5,0.843534642802182,5
385,OrYBtyO0aPI$_$4,V,2,3,3,0.2827362186354317,peak
386,PboaYD5hlG8$_$10,V,1,3,7,0.3520455788276483,3
386,PboaYD5hlG8$_$10,V,2,5,5,0.0792114926581453,peak
386,PboaYD5hlG8$_$10,V,3,14,14,0.0602632190580738,5
387,PboaYD5hlG8$_$3,V,1,11,13,0.3206628962743785,3
387,PboaYD5hlG8$_$3,V,2,4,5,0.16645686252677688,3
387,PboaYD5hlG8$_$3,V,3,6,6,0.0744284537916303,1
388,PboaYD5hlG8$_$2,V,1,4,7,0.36116335137618577,5
388,PboaYD5hlG8$_$2,V,2,1,4,0.26840902882097273,1
388,PboaYD5hlG8$_$2,V,3,7,8,0.1764652862496538,3
389,PboaYD5hlG8$_$7,V,1,9,17,0.6419643261169431,5
389,PboaYD5hlG8$_$7,V,2,13,13,0.1136045359324002,peak
389,PboaYD5hlG8$_$7,V,3,10,10,0.0771402365700714,1
390,PboaYD5hlG8$_$9,V,1,5,8,0.08284379923475099,5
390,PboaYD5hlG8$_$9,V,2,13,16,0.0825005626828717,5
390,PboaYD5hlG8$_$9,V,3,9,10,0.0399898717083051,1
391,PboaYD5hlG8$_$8,V,1,12,19,0.2942244830170365,5
391,PboaYD5hlG8$_$8,V,2,14,15,0.0744748749320938,1
391,PboaYD5hlG8$_$8,V,3,8,9,0.0715690423496297,3
392,Pt-D0LUHDSc$_$2,V,1,20,25,0.5503126461873589,3
392,Pt-D0LUHDSc$_$2,V,2,22,22,0.1166870307191202,peak
392,Pt-D0LUHDSc$_$2,V,3,20,20,0.0937367669218603,1
393,PwapK9d8IGk$_$4,V,1,16,24,0.2659944656955811,5
393,PwapK9d8IGk$_$4,V,2,6,9,0.1037431853856122,1
393,PwapK9d8IGk$_$4,V,3,36,37,0.0519270441599605,1
394,PyQrAYl1bFs$_$0,V,1,2,4,0.5952203243122426,3
395,PyQrAYl1bFs$_$3,V,1,9,12,0.4785209823842443,5
395,PyQrAYl1bFs$_$3,V,2,13,14,0.1982743306028794,1
395,PyQrAYl1bFs$_$3,V,3,9,9,0.1329433583310622,1
396,PyQrAYl1bFs$_$4,V,1,17,19,0.5135482511588704,3
396,PyQrAYl1bFs$_$4,V,2,7,11,0.2040033712600083,5
396,PyQrAYl1bFs$_$4,V,3,12,12,0.0396755162241887,1
398,Q7S0tX4FUNA$_$4,V,1,10,14,0.5775121818827605,3
398,Q7S0tX4FUNA$_$4,V,2,12,12,0.1594937148252364,peak
398,Q7S0tX4FUNA$_$4,V,3,5,5,0.0590755381412325,1
400,Q7S0tX4FUNA$_$8,V,1,2,4,0.26862152802579253,3
400,Q7S0tX4FUNA$_$8,V,2,14,15,0.1431608837356337,1
400,Q7S0tX4FUNA$_$8,V,3,1,2,0.1373445749144001,1
401,Qa6Yz62V-Yc$_$0,V,1,7,13,0.1326514027277221,5
401,Qa6Yz62V-Yc$_$0,V,2,22,23,0.0365910536357854,3
401,Qa6Yz62V-Yc$_$0,V,3,9,9,0.0196393658869808,peak
402,QjcQx8_PQfw$_$10,V,1,19,24,0.558413719185423,5
402,QjcQx8_PQfw$_$10,V,2,6,13,0.2597427652733116,1
402,QjcQx8_PQfw$_$10,V,3,22,22,0.1428107559115864,1
403,QjcQx8_PQfw$_$7,V,1,13,18,0.1674407189246335,5
403,QjcQx8_PQfw$_$7,V,2,16,16,0.0295971152393898,peak
403,QjcQx8_PQfw$_$7,V,3,1,2,0.0288759250868448,1
404,QpchvHpGFc8$_$3,V,1,1,6,0.7240630455830082,3
404,QpchvHpGFc8$_$3,V,2,3,3,0.1526673652412164,peak
404,QpchvHpGFc8$_$3,V,3,5,5,0.1276035340649802,1
405,RArhIHk4Qs4$_$13,V,1,6,8,0.1629304841581829,5
405,RArhIHk4Qs4$_$13,V,2,8,10,0.1606121694721633,3
405,RArhIHk4Qs4$_$13,V,3,11,12,0.0632295131539159,1
406,RArhIHk4Qs4$_$17,V,1,2,5,0.7901920343750239,5
406,RArhIHk4Qs4$_$17,V,2,3,3,0.2212083766403229,peak
407,RArhIHk4Qs4$_$16,V,1,12,16,0.3147756687749863,5
407,RArhIHk4Qs4$_$16,V,2,16,16,0.0648577213494997,1
407,RArhIHk4Qs4$_$16,V,3,19,20,0.0641601666321969,1
408,RArhIHk4Qs4$_$19,V,1,3,5,0.2067696835908755,3
408,RArhIHk4Qs4$_$19,V,2,6,7,0.1249724061810154,1
408,RArhIHk4Qs4$_$19,V,3,2,3,0.1153807947019866,1
409,RArhIHk4Qs4$_$1,V,1,8,14,0.3432161053002729,5
409,RArhIHk4Qs4$_$1,V,2,33,35,0.0985377887148752,3
409,RArhIHk4Qs4$_$1,V,3,24,25,0.06765350291959779,5
410,RArhIHk4Qs4$_$2,V,1,15,19,0.2355155857399347,5
410,RArhIHk4Qs4$_$2,V,2,7,10,0.17372131823988451,3
410,RArhIHk4Qs4$_$2,V,3,17,17,0.0523536024325192,peak
411,RArhIHk4Qs4$_$7,V,1,6,9,0.40506791988235114,3
411,RArhIHk4Qs4$_$7,V,2,9,10,0.19342544923421529,1
411,RArhIHk4Qs4$_$7,V,3,5,5,0.1007678046962077,1
412,RArhIHk4Qs4$_$6,V,1,8,14,0.3772667708688139,3
412,RArhIHk4Qs4$_$6,V,2,9,9,0.056884381982074,peak
413,RArhIHk4Qs4$_$8,V,1,4,5,0.3340592435848509,5
413,RArhIHk4Qs4$_$8,V,2,7,8,0.21569045444256751,1
414,RArhIHk4Qs4$_$21,V,1,3,5,0.6025775770602115,5
415,ROcTx5VEn7o$_$11,V,1,2,8,0.6007808136103848,5
415,ROcTx5VEn7o$_$11,V,2,5,5,0.1522053208576215,peak
415,ROcTx5VEn7o$_$11,V,3,24,26,0.052694536934270404,3
416,ROcTx5VEn7o$_$1,V,1,6,8,0.4173998255317949,3
416,ROcTx5VEn7o$_$1,V,2,8,9,0.239882661675612,1
417,ROcTx5VEn7o$_$5,V,1,14,17,0.09761108479968891,5
417,ROcTx5VEn7o$_$5,V,2,20,22,0.0666088624965085,1
417,ROcTx5VEn7o$_$5,V,3,19,20,0.0489283155427641,5
418,ROcTx5VEn7o$_$9,V,1,5,8,0.18192525099131,3
418,ROcTx5VEn7o$_$9,V,2,7,7,0.0470429427149244,peak
418,ROcTx5VEn7o$_$9,V,3,9,9,0.0433308023285244,1
419,RrGpzInAwCg$_$0,V,1,9,13,0.35183199093812284,5
419,RrGpzInAwCg$_$0,V,2,13,15,0.198424853564065,3
419,RrGpzInAwCg$_$0,V,3,15,17,0.1329073953234512,1
420,RzOFxDk26p0$_$1,V,1,24,32,0.25166998174391697,5
420,RzOFxDk26p0$_$1,V,2,13,16,0.1036800482919607,3
420,RzOFxDk26p0$_$1,V,3,34,35,0.0485486377931921,3
421,RzOFxDk26p0$_$0,V,1,17,20,0.2007496790173658,5
421,RzOFxDk26p0$_$0,V,2,20,23,0.1916027111004524,3
421,RzOFxDk26p0$_$0,V,3,5,6,0.09979176820400859,3
422,SHa756SwGJQ$_$0,V,1,1,16,0.9999999999999993,1
422,SHa756SwGJQ$_$0,V,2,10,13,0.7027134217403093,5
422,SHa756SwGJQ$_$0,V,3,12,12,0.3005962061047784,peak
423,SHa756SwGJQ$_$2,V,1,22,29,0.7055080746547631,3
423,SHa756SwGJQ$_$2,V,2,26,26,0.1080734039354676,peak
423,SHa756SwGJQ$_$2,V,3,30,30,0.032671110978356,1
424,SHa756SwGJQ$_$4,V,1,5,8,0.3562056327280401,5
424,SHa756SwGJQ$_$4,V,2,2,3,0.12409736952269039,1
424,SHa756SwGJQ$_$4,V,3,6,6,0.0945468198229313,peak
425,SHa756SwGJQ$_$7,V,1,5,8,0.1729946093812855,5
425,SHa756SwGJQ$_$7,V,2,14,15,0.05712124869257369,1
425,SHa756SwGJQ$_$7,V,3,8,8,0.0474800868935553,1
426,SHa756SwGJQ$_$6,V,1,5,8,0.4395822954119477,3
426,SHa756SwGJQ$_$6,V,2,6,6,0.1137248458581557,peak
426,SHa756SwGJQ$_$6,V,3,11,11,0.0684601743168049,1
427,TH32jop4FiI$_$15,V,1,10,14,0.2915560725696717,3
427,TH32jop4FiI$_$15,V,2,12,12,0.0598753276070358,peak
427,TH32jop4FiI$_$15,V,3,6,6,0.0561772584339732,1
428,TH32jop4FiI$_$17,V,1,22,27,0.2814448536042835,3
428,TH32jop4FiI$_$17,V,2,15,17,0.1359035964141066,5
428,TH32jop4FiI$_$17,V,3,3,4,0.0616802720259975,1
429,TWszOxkOV0w$_$1,V,1,26,34,0.36856474787550014,5
429,TWszOxkOV0w$_$1,V,2,33,35,0.12339846844556439,1
429,TWszOxkOV0w$_$1,V,3,22,23,0.0719546037538946,3
430,TXCXFYIc3Yo$_$16,V,1,13,19,0.1691837896907848,3
430,TXCXFYIc3Yo$_$16,V,2,15,15,0.0253602376444875,peak
430,TXCXFYIc3Yo$_$16,V,3,9,9,0.0227293715657755,1
431,TXCXFYIc3Yo$_$2,V,1,7,9,0.0945613489513146,5
431,TXCXFYIc3Yo$_$2,V,2,16,18,0.09250889741197599,1
431,TXCXFYIc3Yo$_$2,V,3,15,16,0.0646729553228982,5
432,TXCXFYIc3Yo$_$7,V,1,16,24,0.31079119518573695,3
432,TXCXFYIc3Yo$_$7,V,2,7,9,0.09615334282555899,5
432,TXCXFYIc3Yo$_$7,V,3,21,21,0.0370329326183503,peak
433,TXCXFYIc3Yo$_$6,V,1,3,6,0.11292485549132919,3
433,TXCXFYIc3Yo$_$6,V,2,10,12,0.0907437379576107,3
433,TXCXFYIc3Yo$_$6,V,3,6,6,0.0298728323699421,1
434,TYJzg5IJN8o$_$11,V,1,40,44,0.0600995325847606,5
434,TYJzg5IJN8o$_$11,V,2,30,33,0.0489427549098608,3
434,TYJzg5IJN8o$_$11,V,3,18,20,0.036285753648386404,3
435,TYJzg5IJN8o$_$10,V,1,18,24,0.1573261278195484,5
435,TYJzg5IJN8o$_$10,V,2,7,8,0.0419924812030075,3
435,TYJzg5IJN8o$_$10,V,3,20,20,0.024251253132832,peak
436,TYJzg5IJN8o$_$14,V,1,12,18,0.18824712643678132,5
436,TYJzg5IJN8o$_$14,V,2,18,19,0.0526149425287354,1
436,TYJzg5IJN8o$_$14,V,3,3,4,0.0477298850574712,3
437,TYJzg5IJN8o$_$0,V,1,14,21,0.5077202147158442,1
437,TYJzg5IJN8o$_$0,V,2,17,17,0.0735063135725118,peak
438,TYJzg5IJN8o$_$4,V,1,7,13,0.5241358426922897,5
438,TYJzg5IJN8o$_$4,V,2,20,24,0.1967000270489586,1
438,TYJzg5IJN8o$_$4,V,3,10,10,0.1245340870639488,peak
439,TYJzg5IJN8o$_$7,V,1,18,24,0.3138810198300273,1
439,TYJzg5IJN8o$_$7,V,2,20,20,0.0592067988668553,peak
440,Uc_6d-fkZEc$_$3,V,1,8,11,0.1872703412073489,5
440,Uc_6d-fkZEc$_$3,V,2,11,14,0.18392388451443548,3
440,Uc_6d-fkZEc$_$3,V,3,11,11,0.049015748031496,peak
441,UlTJmndbGHM$_$1,V,1,12,15,0.3025784722615091,1
441,UlTJmndbGHM$_$1,V,2,10,12,0.25065637586897593,5
441,UlTJmndbGHM$_$1,V,3,8,8,0.0846434985990172,5
443,VbV9S4svrTg$_$13,V,1,4,5,0.3721683189276168,1
443,VbV9S4svrTg$_$13,V,2,6,6,0.1437463693282006,3
444,VbV9S4svrTg$_$3,V,1,3,6,0.3678821010794234,3
444,VbV9S4svrTg$_$3,V,2,5,5,0.1127114633030844,peak
444,VbV9S4svrTg$_$3,V,3,12,12,0.0859100458225449,1
445,VbV9S4svrTg$_$7,V,1,2,3,0.3228509979985136,3
445,VbV9S4svrTg$_$7,V,2,4,5,0.3022309950448202,5
445,VbV9S4svrTg$_$7,V,3,8,8,0.1107005101561792,1
446,VbV9S4svrTg$_$8,V,1,6,9,0.37865269817971464,5
446,VbV9S4svrTg$_$8,V,2,11,13,0.2549594579983233,1
446,VbV9S4svrTg$_$8,V,3,5,6,0.1928121868811189,3
447,VinxKpWioTo$_$1,V,1,15,20,0.20178078265686783,3
447,VinxKpWioTo$_$1,V,2,42,45,0.1365578048723676,1
447,VinxKpWioTo$_$1,V,3,35,36,0.0647515933383488,1
448,VinxKpWioTo$_$0,V,1,3,5,0.4315544332667115,3
448,VinxKpWioTo$_$0,V,2,1,1,0.0602797055341782,1
449,VinxKpWioTo$_$3,V,1,9,15,0.571163587445109,5
449,VinxKpWioTo$_$3,V,2,11,11,0.0999192758419296,peak
449,VinxKpWioTo$_$3,V,3,18,18,0.0376362131533092,1
450,VinxKpWioTo$_$5,V,1,3,7,0.5184835499462074,5
450,VinxKpWioTo$_$5,V,2,1,4,0.340932571488942,1
450,VinxKpWioTo$_$5,V,3,4,4,0.1134000296529933,peak
451,ViyQVpGW05w$_$1,V,1,9,13,0.35447529872993894,5
451,ViyQVpGW05w$_$1,V,2,13,14,0.13988907569224118,1
451,ViyQVpGW05w$_$1,V,3,10,10,0.0703724619829064,1
452,ViyQVpGW05w$_$4,V,1,3,6,0.1976303944929837,3
452,ViyQVpGW05w$_$4,V,2,1,2,0.061828170505692295,1
452,ViyQVpGW05w$_$4,V,3,5,5,0.0529653163886682,1
453,ViyQVpGW05w$_$6,V,1,5,11,0.3460236444132017,5
453,ViyQVpGW05w$_$6,V,2,3,4,0.08617932420839,1
453,ViyQVpGW05w$_$6,V,3,6,6,0.0511201626214799,peak
454,Vuay0mVKkik$_$3,V,1,15,21,0.3334721682934134,5
454,Vuay0mVKkik$_$3,V,2,18,19,0.0976806353033956,1
454,Vuay0mVKkik$_$3,V,3,23,24,0.0779913486018083,1
455,WmQF5RmbsVQ$_$6,V,1,17,28,0.4666757047310513,3
455,WmQF5RmbsVQ$_$6,V,2,19,19,0.0431153469263615,peak
456,Wrcf2xtqbkQ$_$9,V,1,5,10,0.12933535241661032,5
456,Wrcf2xtqbkQ$_$9,V,2,3,6,0.08216345753309161,3
456,Wrcf2xtqbkQ$_$9,V,3,5,5,0.0220405156176744,peak
457,Wrcf2xtqbkQ$_$8,V,1,10,14,0.3320511226705012,5
457,Wrcf2xtqbkQ$_$8,V,2,14,16,0.18792075358320118,3
457,Wrcf2xtqbkQ$_$8,V,3,6,7,0.13494840725580098,1
458,WxajvjGKz7Y$_$0,V,1,7,9,0.3720318825022585,3
458,WxajvjGKz7Y$_$0,V,2,5,7,0.33818397042317017,5
458,WxajvjGKz7Y$_$0,V,3,4,4,0.1080151993018138,1
459,WxajvjGKz7Y$_$3,V,1,14,19,0.4526077827662167,5
459,WxajvjGKz7Y$_$3,V,2,20,22,0.1404352791098933,1
459,WxajvjGKz7Y$_$3,V,3,19,20,0.133057150288005,3
460,WxajvjGKz7Y$_$6,V,1,5,11,0.3744067126650288,5
460,WxajvjGKz7Y$_$6,V,2,3,4,0.0868189739164566,1
460,WxajvjGKz7Y$_$6,V,3,8,8,0.0622921666498288,peak
461,XIGpuL-Kkyk$_$12,V,1,15,21,0.20872641509433928,5
461,XIGpuL-Kkyk$_$12,V,2,11,12,0.0517470300489167,3
461,XIGpuL-Kkyk$_$12,V,3,18,18,0.0378494060097834,peak
463,XIGpuL-Kkyk$_$4,V,1,10,15,0.3887061539983425,3
463,XIGpuL-Kkyk$_$4,V,2,15,16,0.1289089525059188,1
463,XIGpuL-Kkyk$_$4,V,3,8,8,0.0578928788295308,1
465,XaVYxIW0FDg$_$2,V,1,9,13,0.2847624218280235,1
465,XaVYxIW0FDg$_$2,V,2,30,33,0.1707486096339015,3
465,XaVYxIW0FDg$_$2,V,3,11,11,0.0680942433529836,peak
466,XyP8bVmGX6M$_$4,V,1,5,9,0.3512721770714671,5
466,XyP8bVmGX6M$_$4,V,2,3,5,0.19986068968489518,1
466,XyP8bVmGX6M$_$4,V,3,9,9,0.0680729013503121,1
467,XzVapdEr_GY$_$3,V,1,7,13,0.42558003972747027,5
467,XzVapdEr_GY$_$3,V,2,31,33,0.11932235359668059,3
467,XzVapdEr_GY$_$3,V,3,9,9,0.095299378239553,peak
468,XzVapdEr_GY$_$4,V,1,30,36,0.3876226507432417,3
468,XzVapdEr_GY$_$4,V,2,8,10,0.13894541840229951,3
468,XzVapdEr_GY$_$4,V,3,36,37,0.0990406912927275,1
469,Y7h-S3cJ52o$_$0,V,1,7,9,0.5078268832875553,3
469,Y7h-S3cJ52o$_$0,V,2,6,6,0.0911891816534225,1
469,Y7h-S3cJ52o$_$0,V,3,2,2,0.0736700914142089,1
472,YbuG8xyUO-o$_$3,V,1,3,6,0.6208991853271464,5
472,YbuG8xyUO-o$_$3,V,2,5,5,0.1791708209420565,peak
472,YbuG8xyUO-o$_$3,V,3,3,3,0.1237655107458977,1
473,YbuG8xyUO-o$_$2,V,1,9,12,0.4089998191765971,3
473,YbuG8xyUO-o$_$2,V,2,11,11,0.112433911756997,peak
474,Z7L3V5bwzI0$_$2,V,1,17,23,0.5519346951869666,5
474,Z7L3V5bwzI0$_$2,V,2,23,25,0.19511130371910437,1
474,Z7L3V5bwzI0$_$2,V,3,20,21,0.1651947597090137,1
475,ZaoFHcbRM9g$_$3,V,1,2,9,0.6301843719468407,3
475,ZaoFHcbRM9g$_$3,V,2,6,6,0.0949510787299711,peak
475,ZaoFHcbRM9g$_$3,V,3,10,10,0.041240979983237,1
476,ZaoFHcbRM9g$_$2,V,1,4,6,0.23490338164251187,5
476,ZaoFHcbRM9g$_$2,V,2,7,7,0.0727166364734299,1
476,ZaoFHcbRM9g$_$2,V,3,3,3,0.0616772342995169,1
477,ZaoFHcbRM9g$_$5,V,1,3,6,0.5676636168602571,3
477,ZaoFHcbRM9g$_$5,V,2,5,5,0.1634324112288903,peak
477,ZaoFHcbRM9g$_$5,V,3,1,1,0.0573383634773421,1
478,ZaoFHcbRM9g$_$9,V,1,2,5,0.7881487973510541,5
478,ZaoFHcbRM9g$_$9,V,2,4,4,0.2193863577113407,1
478,ZaoFHcbRM9g$_$9,V,3,6,6,0.1109902293172658,1
479,ZaoFHcbRM9g$_$8,V,1,4,5,0.3518569843744881,5
479,ZaoFHcbRM9g$_$8,V,2,6,6,0.1535772562358079,1
479,ZaoFHcbRM9g$_$8,V,3,2,2,0.1122158219027666,1
480,Zvisaa77Cng$_$1,V,1,12,16,0.33991807467728963,3
480,Zvisaa77Cng$_$1,V,2,5,7,0.1855686737820634,5
480,Zvisaa77Cng$_$1,V,3,14,14,0.0741377060570875,peak
481,Zvisaa77Cng$_$5,V,1,11,14,0.18403950302644137,3
481,Zvisaa77Cng$_$5,V,2,15,16,0.050461930551130796,1
481,Zvisaa77Cng$_$5,V,3,12,12,0.0501061909312944,peak
482,_7HVhnSYX1Y$_$26,V,1,4,4,0.5205322098592057,1
482,_7HVhnSYX1Y$_$26,V,2,10,13,0.1893882107234163,5
482,_7HVhnSYX1Y$_$26,V,3,13,13,0.0445068596737603,1
483,_7HVhnSYX1Y$_$12,V,1,11,15,0.5677481501623398,3
483,_7HVhnSYX1Y$_$12,V,2,13,13,0.1733234480202448,peak
483,_7HVhnSYX1Y$_$12,V,3,15,15,0.1021241985026372,1
484,_7HVhnSYX1Y$_$14,V,1,4,6,0.4494964193210449,3
484,_7HVhnSYX1Y$_$14,V,2,8,8,0.1225955051139826,1
485,_7HVhnSYX1Y$_$19,V,1,8,11,0.2258092573795788,3
485,_7HVhnSYX1Y$_$19,V,2,9,9,0.059856905899537,peak
485,_7HVhnSYX1Y$_$19,V,3,13,13,0.023789930598536,1
486,_7HVhnSYX1Y$_$31,V,1,4,7,0.465653574307543,5
486,_7HVhnSYX1Y$_$31,V,2,5,5,0.1429122400893043,peak
486,_7HVhnSYX1Y$_$31,V,3,11,11,0.0857363752851351,1
487,_7HVhnSYX1Y$_$3,V,1,17,20,0.28628566868440897,5
487,_7HVhnSYX1Y$_$3,V,2,5,6,0.1309920197857454,5
487,_7HVhnSYX1Y$_$3,V,3,19,19,0.0783474852966527,peak
488,_BvNNdEkhZA$_$14,V,1,8,11,0.37185233808643614,5
488,_BvNNdEkhZA$_$14,V,2,14,15,0.100876370412501,1
488,_BvNNdEkhZA$_$14,V,3,11,11,0.1007184953009346,peak
489,_BvNNdEkhZA$_$19,V,1,1,6,0.555334870526618,5
489,_BvNNdEkhZA$_$19,V,2,3,3,0.1566155127299635,peak
489,_BvNNdEkhZA$_$19,V,3,8,10,0.0858411327093831,3
490,_BvNNdEkhZA$_$7,V,1,16,19,0.20891047869183801,5
490,_BvNNdEkhZA$_$7,V,2,5,6,0.0960835136478512,5
490,_BvNNdEkhZA$_$7,V,3,3,4,0.0904893750326569,3
491,_BvNNdEkhZA$_$6,V,1,15,21,0.3894621770171609,3
491,_BvNNdEkhZA$_$6,V,2,15,16,0.1048506568019491,1
491,_BvNNdEkhZA$_$6,V,3,19,19,0.0630998702775358,peak
492,_BvNNdEkhZA$_$9,V,1,9,12,0.1638666433505882,5
492,_BvNNdEkhZA$_$9,V,2,14,16,0.0788047227508897,1
492,_BvNNdEkhZA$_$9,V,3,12,12,0.0441942682062069,1
493,_aZDaIfGfPo$_$1,V,1,20,27,0.33670563979577117,3
493,_aZDaIfGfPo$_$1,V,2,11,14,0.1829954373014818,3
493,_aZDaIfGfPo$_$1,V,3,27,29,0.11361167007067852,1
494,_aZDaIfGfPo$_$0,V,1,11,16,0.347032832849847,5
494,_aZDaIfGfPo$_$0,V,2,4,5,0.1079047778244535,3
494,_aZDaIfGfPo$_$0,V,3,13,13,0.0598546641073458,peak
495,_gr7o5ynhnw$_$13,V,1,11,18,0.3051344659412242,5
495,_gr7o5ynhnw$_$13,V,2,30,33,0.123711087158272,1
495,_gr7o5ynhnw$_$13,V,3,12,13,0.0811209143295884,1
496,_gr7o5ynhnw$_$12,V,1,6,9,0.2307497467071932,3
496,_gr7o5ynhnw$_$12,V,2,8,8,0.0626545086119553,peak
496,_gr7o5ynhnw$_$12,V,3,11,11,0.0374062816616008,1
497,_gr7o5ynhnw$_$15,V,1,1,9,0.7244437434097812,5
497,_gr7o5ynhnw$_$15,V,2,4,4,0.1283313641655626,peak
497,_gr7o5ynhnw$_$15,V,3,19,20,0.0259999263169171,3
498,_gzYkdjNvPc$_$12,V,1,4,6,0.46444954429423224,5
498,_gzYkdjNvPc$_$12,V,2,1,2,0.1552709259309789,1
499,_gzYkdjNvPc$_$17,V,1,5,9,0.3954677505241873,5
499,_gzYkdjNvPc$_$17,V,2,9,9,0.0831677629590034,1
499,_gzYkdjNvPc$_$17,V,3,5,5,0.0777424784909259,1
500,_gzYkdjNvPc$_$1,V,1,13,19,0.3704853496681338,5
500,_gzYkdjNvPc$_$1,V,2,16,16,0.0612402446805564,peak
500,_gzYkdjNvPc$_$1,V,3,20,20,0.0465721097354932,1
501,_gzYkdjNvPc$_$3,V,1,8,11,0.3262482605909032,5
501,_gzYkdjNvPc$_$3,V,2,13,14,0.1357628856762523,3
501,_gzYkdjNvPc$_$3,V,3,9,9,0.0847723818108883,peak
502,_gzYkdjNvPc$_$2,V,1,2,5,0.7548865146433392,5
502,_gzYkdjNvPc$_$2,V,2,4,4,0.2059282488762898,peak
502,_gzYkdjNvPc$_$2,V,3,6,6,0.131115719387842,1
503,_gzYkdjNvPc$_$5,V,1,5,8,0.3286056843882576,5
503,_gzYkdjNvPc$_$5,V,2,5,5,0.086308292066732,peak
503,_gzYkdjNvPc$_$5,V,3,1,2,0.07528691098113041,1
504,_gzYkdjNvPc$_$4,V,1,7,11,0.3768934089655684,5
504,_gzYkdjNvPc$_$4,V,2,2,4,0.1816317387188789,3
504,_gzYkdjNvPc$_$4,V,3,9,9,0.0906354107082134,peak
505,_gzYkdjNvPc$_$6,V,1,5,9,0.4009342410304636,3
505,_gzYkdjNvPc$_$6,V,2,7,7,0.0838955271484146,peak
505,_gzYkdjNvPc$_$6,V,3,5,5,0.0786631169236851,1
506,_gzYkdjNvPc$_$9,V,1,8,11,0.3306929193827015,5
506,_gzYkdjNvPc$_$9,V,2,11,11,0.0844836155777823,peak
506,_gzYkdjNvPc$_$9,V,3,8,8,0.0815124350634798,1
507,a-WihYDk6vc$_$8,V,1,5,10,0.42228372427311767,5
507,a-WihYDk6vc$_$8,V,2,7,7,0.1348747450649832,peak
507,a-WihYDk6vc$_$8,V,3,20,21,0.07676655567887519,3
508,a-WihYDk6vc$_$0,V,1,4,7,0.2049240440020952,5
508,a-WihYDk6vc$_$0,V,2,4,4,0.0551423083638903,peak
508,a-WihYDk6vc$_$0,V,3,7,7,0.0461498166579361,1
509,aFhc2ddipoM$_$14,V,1,4,11,0.36239499542964404,5
509,aFhc2ddipoM$_$14,V,2,20,22,0.1486984673530006,3
509,aFhc2ddipoM$_$14,V,3,7,7,0.0605176096366897,peak
510,aK5tRCXjUvU$_$0,V,1,8,10,0.31394059636646543,3
510,aK5tRCXjUvU$_$0,V,2,1,2,0.1166770670043146,1
510,aK5tRCXjUvU$_$0,V,3,5,5,0.078917862981052,5
511,b-FX9NOVQOM$_$1,V,1,12,15,0.28020005968925304,3
511,b-FX9NOVQOM$_$1,V,2,22,24,0.2405405788300239,3
511,b-FX9NOVQOM$_$1,V,3,15,15,0.0677706507192095,1
512,b-FX9NOVQOM$_$4,V,1,8,11,0.3366305543776685,5
512,b-FX9NOVQOM$_$4,V,2,22,24,0.21011178220319193,1
512,b-FX9NOVQOM$_$4,V,3,9,9,0.0984554982613221,peak
513,b1LEcg6z66g$_$0,V,1,12,17,0.3812571818958827,3
513,b1LEcg6z66g$_$0,V,2,11,12,0.1153334430449445,1
513,b1LEcg6z66g$_$0,V,3,15,15,0.0692522349256139,peak
514,b1LEcg6z66g$_$4,V,1,1,6,0.5458337702371245,5
514,b1LEcg6z66g$_$4,V,2,4,4,0.1473158022943532,peak
514,b1LEcg6z66g$_$4,V,3,17,19,0.08031307020071049,3
515,b1LEcg6z66g$_$8,V,1,5,10,0.3275921929456153,5
515,b1LEcg6z66g$_$8,V,2,1,3,0.1200403919352876,1
515,b1LEcg6z66g$_$8,V,3,3,4,0.10892050183147,3
516,bAkUEnPoucg$_$3,V,1,3,9,0.4195014962559444,1
516,bAkUEnPoucg$_$3,V,2,30,31,0.0721744092274757,3
516,bAkUEnPoucg$_$3,V,3,28,29,0.0717913321545315,5
517,bNQkb4K5DX0$_$3,V,1,8,14,0.45921024957774603,5
517,bNQkb4K5DX0$_$3,V,2,11,12,0.1555171059790308,1
517,bNQkb4K5DX0$_$3,V,3,14,14,0.05871872552193,1
518,bNQkb4K5DX0$_$7,V,1,2,7,0.5237530212841061,5
518,bNQkb4K5DX0$_$7,V,2,4,4,0.1217947117924167,peak
518,bNQkb4K5DX0$_$7,V,3,19,20,0.0898209147284198,3
519,bWunvAd96zI$_$1,V,1,5,9,0.35215765785302267,5
519,bWunvAd96zI$_$1,V,2,15,16,0.1209814026537429,3
519,bWunvAd96zI$_$1,V,3,7,7,0.0765519642950244,1
520,bWunvAd96zI$_$2,V,1,21,29,0.36761854507188474,5
520,bWunvAd96zI$_$2,V,2,29,31,0.1111219431243675,1
520,bWunvAd96zI$_$2,V,3,24,25,0.0824939657474795,1
521,bWunvAd96zI$_$5,V,1,3,5,0.5674746508873858,5
521,bWunvAd96zI$_$5,V,2,6,6,0.1547202204034589,1
521,bWunvAd96zI$_$5,V,3,2,2,0.1389133085800105,1
522,bWunvAd96zI$_$4,V,1,4,8,0.4604822280176889,3
522,bWunvAd96zI$_$4,V,2,6,6,0.1174649530423714,1
522,bWunvAd96zI$_$4,V,3,4,4,0.0938555302125404,1
523,bj9e8w4vNxo$_$12,V,1,1,2,0.5024783481674607,1
523,bj9e8w4vNxo$_$12,V,2,31,41,0.2568491713866154,3
523,bj9e8w4vNxo$_$12,V,3,33,33,0.0214150858581317,1
524,bpvYdXVlgvc$_$1,V,1,2,4,0.657269313220981,1
525,bpvYdXVlgvc$_$3,V,1,5,10,0.37443635415731796,5
525,bpvYdXVlgvc$_$3,V,2,3,6,0.23842764865997323,1
525,bpvYdXVlgvc$_$3,V,3,10,11,0.118028471279143,1
526,bpvYdXVlgvc$_$4,V,1,1,3,0.18555621194022182,1
526,bpvYdXVlgvc$_$4,V,2,9,10,0.175991029453214,5
526,bpvYdXVlgvc$_$4,V,3,3,4,0.1652600738419373,3
527,bpvYdXVlgvc$_$6,V,1,15,19,0.20526206597674868,5
527,bpvYdXVlgvc$_$6,V,2,23,25,0.1196998549651742,5
527,bpvYdXVlgvc$_$6,V,3,9,10,0.08078167164262509,1
528,c1a1y9ytHH0$_$0,V,1,3,7,0.3989699840727712,3
528,c1a1y9ytHH0$_$0,V,2,18,19,0.1365455445265489,1
528,c1a1y9ytHH0$_$0,V,3,5,5,0.092544598816263,peak
529,c1a1y9ytHH0$_$3,V,1,8,13,0.3669485621274513,5
529,c1a1y9ytHH0$_$3,V,2,3,5,0.18696807332476612,3
529,c1a1y9ytHH0$_$3,V,3,11,11,0.1055199600506643,1
530,c1a1y9ytHH0$_$7,V,1,9,14,0.5566964334905279,5
530,c1a1y9ytHH0$_$7,V,2,13,13,0.2339241458018858,1
530,c1a1y9ytHH0$_$7,V,3,6,7,0.0851788756388414,3
531,c5cB7AfVgcE$_$12,V,1,5,10,0.5598060333832571,5
531,c5cB7AfVgcE$_$12,V,2,8,8,0.1546175548685769,peak
531,c5cB7AfVgcE$_$12,V,3,22,23,0.055529715762273904,1
532,c5cB7AfVgcE$_$5,V,1,18,27,0.38322187070937563,5
532,c5cB7AfVgcE$_$5,V,2,34,35,0.06248675357273689,3
532,c5cB7AfVgcE$_$5,V,3,22,22,0.0415130320910056,peak
533,d8BR6hsvzoY$_$1,V,1,17,20,0.1999041463378256,5
533,d8BR6hsvzoY$_$1,V,2,3,5,0.1463747705162625,3
533,d8BR6hsvzoY$_$1,V,3,20,22,0.1452113671900459,3
534,d8BR6hsvzoY$_$0,V,1,3,5,0.5778846845658964,5
535,d8BR6hsvzoY$_$2,V,1,10,14,0.37351050546723025,5
535,d8BR6hsvzoY$_$2,V,2,2,4,0.1933073079647848,3
535,d8BR6hsvzoY$_$2,V,3,11,11,0.0860561513137999,1
536,d8BR6hsvzoY$_$5,V,1,4,6,0.4967613376220381,3
537,d8BR6hsvzoY$_$6,V,1,6,8,0.43644602149958744,3
537,d8BR6hsvzoY$_$6,V,2,4,6,0.3860357026094057,5
537,d8BR6hsvzoY$_$6,V,3,8,9,0.22923472084442342,1
538,d8BR6hsvzoY$_$9,V,1,7,11,0.6532701328901759,5
538,d8BR6hsvzoY$_$9,V,2,4,8,0.3537714330870402,3
538,d8BR6hsvzoY$_$9,V,3,11,12,0.1855683552241972,1
539,d8BR6hsvzoY$_$8,V,1,4,9,0.30804545997143384,3
539,d8BR6hsvzoY$_$8,V,2,24,25,0.0882120444620734,1
539,d8BR6hsvzoY$_$8,V,3,8,8,0.058700696498688,peak
540,dBWvtPeHpWM$_$4,V,1,1,5,0.9999999999999999,5
540,dBWvtPeHpWM$_$4,V,2,3,3,0.238005847759429,peak
541,dEDbm2ubVRQ$_$0,V,1,6,8,0.680388680979581,3
541,dEDbm2ubVRQ$_$0,V,2,1,1,0.0453023439038802,1
541,dEDbm2ubVRQ$_$0,V,3,5,5,0.0409099862123301,5
542,dEDbm2ubVRQ$_$3,V,1,18,26,0.3544776901045496,5
542,dEDbm2ubVRQ$_$3,V,2,16,18,0.1140120559702607,1
542,dEDbm2ubVRQ$_$3,V,3,20,21,0.07804778345851851,1
543,dEDbm2ubVRQ$_$8,V,1,10,13,0.6544113218428822,1
543,dEDbm2ubVRQ$_$8,V,2,12,12,0.1902578519075949,peak
544,dt641WxonBI$_$1,V,1,4,6,0.4355952875654998,3
544,dt641WxonBI$_$1,V,2,3,3,0.1157946610870779,1
545,dt641WxonBI$_$3,V,1,14,18,0.18075595635715846,5
545,dt641WxonBI$_$3,V,2,7,8,0.0543642841238031,3
545,dt641WxonBI$_$3,V,3,16,16,0.0407314629258517,peak
546,eOiC1kb17P4$_$0,V,1,19,27,0.33863682163975667,5
546,eOiC1kb17P4$_$0,V,2,31,34,0.1469594788639228,1
546,eOiC1kb17P4$_$0,V,3,21,21,0.0396973124658561,peak
547,erNDEjQeox8$_$12,V,1,11,19,0.1326542236242546,3
547,erNDEjQeox8$_$12,V,2,24,26,0.043660182264283004,3
547,erNDEjQeox8$_$12,V,3,10,11,0.0268927444794951,1
548,ewBrNsyY82Q$_$4,V,1,9,16,0.3708260282481544,5
548,ewBrNsyY82Q$_$4,V,2,21,22,0.0794578482007133,1
548,ewBrNsyY82Q$_$4,V,3,12,12,0.0566715317621557,peak
549,fWOIAxzBQFY$_$12,V,1,3,8,0.5667370301262755,5
549,fWOIAxzBQFY$_$12,V,2,5,5,0.1648406140240846,peak
549,fWOIAxzBQFY$_$12,V,3,13,15,0.120321123933768,1
550,fWOIAxzBQFY$_$5,V,1,3,4,0.1561365015031807,1
550,fWOIAxzBQFY$_$5,V,2,11,12,0.1446668886861055,5
550,fWOIAxzBQFY$_$5,V,3,13,14,0.1414476234201282,3
551,fWOIAxzBQFY$_$7,V,1,3,7,0.516033993275669,3
551,fWOIAxzBQFY$_$7,V,2,1,3,0.209224890871121,1
551,fWOIAxzBQFY$_$7,V,3,5,5,0.1156893970221351,1
552,f_ZJ7L14oYQ$_$11,V,1,34,40,0.46839366415189043,5
552,f_ZJ7L14oYQ$_$11,V,2,39,39,0.1124984577764718,peak
552,f_ZJ7L14oYQ$_$11,V,3,32,35,0.1059135043800507,1
553,f_ZJ7L14oYQ$_$27,V,1,16,22,0.22439763381907318,3
553,f_ZJ7L14oYQ$_$27,V,2,18,18,0.0359544077333717,peak
553,f_ZJ7L14oYQ$_$27,V,3,3,3,0.0197326023180878,1
554,f_ZJ7L14oYQ$_$21,V,1,16,21,0.4647702332227565,3
554,f_ZJ7L14oYQ$_$21,V,2,18,18,0.0866400606561664,peak
554,f_ZJ7L14oYQ$_$21,V,3,6,6,0.0408025456679428,1
555,f_ZJ7L14oYQ$_$17,V,1,10,14,0.3048428556028722,5
555,f_ZJ7L14oYQ$_$17,V,2,12,12,0.0689553849292423,peak
555,f_ZJ7L14oYQ$_$17,V,3,17,17,0.0547450966082753,5
556,f_ZJ7L14oYQ$_$9,V,1,23,28,0.3053799198817395,3
556,f_ZJ7L14oYQ$_$9,V,2,4,5,0.0752407424783892,1
556,f_ZJ7L14oYQ$_$9,V,3,13,14,0.0720679730007418,5
557,f_ZJ7L14oYQ$_$8,V,1,3,8,0.2248505127490161,5
557,f_ZJ7L14oYQ$_$8,V,2,1,4,0.12342534931994911,1
557,f_ZJ7L14oYQ$_$8,V,3,6,6,0.0427580010533816,peak
558,ffrJ91swyq0$_$1,V,1,2,12,0.6505993747073251,3
558,ffrJ91swyq0$_$1,V,2,9,9,0.0783217849324053,peak
559,g8Cl74tS3oY$_$2,V,1,4,10,0.29891664081554836,3
559,g8Cl74tS3oY$_$2,V,2,26,28,0.1190477648276796,5
559,g8Cl74tS3oY$_$2,V,3,9,10,0.080050800759028,1
560,g8Cl74tS3oY$_$6,V,1,11,17,0.11873234463276801,5
560,g8Cl74tS3oY$_$6,V,2,36,39,0.0662076271186438,3
560,g8Cl74tS3oY$_$6,V,3,22,23,0.0284074858757061,1
561,gR4gM_WXesQ$_$10,V,1,21,23,0.4685318664037685,3
561,gR4gM_WXesQ$_$10,V,2,7,12,0.2202008191306643,5
561,gR4gM_WXesQ$_$10,V,3,24,24,0.0614430312048983,1
562,gR4gM_WXesQ$_$26,V,1,7,11,0.33374980174672464,5
562,gR4gM_WXesQ$_$26,V,2,3,4,0.11287650554227871,3
562,gR4gM_WXesQ$_$26,V,3,11,11,0.0720344229126692,1
563,gR4gM_WXesQ$_$20,V,1,3,7,0.2260010044189158,3
563,gR4gM_WXesQ$_$20,V,2,29,31,0.1223623647631227,3
563,gR4gM_WXesQ$_$20,V,3,22,24,0.1206426902930875,5
564,gR4gM_WXesQ$_$24,V,1,6,8,0.2023214857508804,3
564,gR4gM_WXesQ$_$24,V,2,8,9,0.1209253922510406,1
565,gR4gM_WXesQ$_$18,V,1,19,25,0.2692949151381695,5
565,gR4gM_WXesQ$_$18,V,2,17,18,0.0730456060492447,3
565,gR4gM_WXesQ$_$18,V,3,23,23,0.043423214949009,peak
566,gR4gM_WXesQ$_$3,V,1,5,11,0.39883769871757807,5
566,gR4gM_WXesQ$_$3,V,2,3,4,0.10371439387547479,1
566,gR4gM_WXesQ$_$3,V,3,25,27,0.09847659363778749,1
567,gR4gM_WXesQ$_$4,V,1,2,5,0.3000773611212707,3
567,gR4gM_WXesQ$_$4,V,2,14,15,0.12373622826068179,1
567,gR4gM_WXesQ$_$4,V,3,1,2,0.11536761086864869,1
568,gR4gM_WXesQ$_$8,V,1,17,22,0.617068061164091,5
568,gR4gM_WXesQ$_$8,V,2,20,20,0.1924923121123046,peak
568,gR4gM_WXesQ$_$8,V,3,8,8,0.0317880049995818,1
569,gVqs4TzqySw$_$1,V,1,5,13,0.147191280392861,5
569,gVqs4TzqySw$_$1,V,2,22,23,0.0300994131033656,1
569,gVqs4TzqySw$_$1,V,3,9,9,0.0177865612648221,peak
570,gVqs4TzqySw$_$3,V,1,10,15,0.4815966354483942,1
570,gVqs4TzqySw$_$3,V,2,12,12,0.0898064593239452,peak
570,gVqs4TzqySw$_$3,V,3,21,21,0.0584747257755796,5
571,gVqs4TzqySw$_$2,V,1,24,24,0.5187657719660473,1
571,gVqs4TzqySw$_$2,V,2,5,8,0.1126863959623769,5
571,gVqs4TzqySw$_$2,V,3,18,19,0.0591878871300755,3
572,gVqs4TzqySw$_$4,V,1,4,5,0.34731009241812083,5
572,gVqs4TzqySw$_$4,V,2,2,3,0.27897616784531476,1
573,goMtnNHQ_z4$_$1,V,1,3,6,0.4634412993868528,3
573,goMtnNHQ_z4$_$1,V,2,5,5,0.1301782206471817,peak
574,goMtnNHQ_z4$_$2,V,1,12,16,0.5222115789171801,5
574,goMtnNHQ_z4$_$2,V,2,15,15,0.1124401965814567,1
574,goMtnNHQ_z4$_$2,V,3,17,17,0.090636487228966,1
575,goMtnNHQ_z4$_$13,V,1,17,21,0.5828282828282827,5
575,goMtnNHQ_z4$_$13,V,2,20,20,0.1878162122624313,peak
575,goMtnNHQ_z4$_$13,V,3,1,2,0.0349747474747473,1
576,goMtnNHQ_z4$_$12,V,1,1,5,0.7764941800371529,1
576,goMtnNHQ_z4$_$12,V,2,3,3,0.2060824239492379,peak
577,hqzF4IDaIYE$_$0,V,1,18,24,0.5807183566274955,5
577,hqzF4IDaIYE$_$0,V,2,21,21,0.1103715893695824,peak
577,hqzF4IDaIYE$_$0,V,3,14,14,0.0458812170989854,1
578,hqzF4IDaIYE$_$3,V,1,34,35,0.5228965361360682,1
578,hqzF4IDaIYE$_$3,V,2,24,29,0.0862406057523873,5
578,hqzF4IDaIYE$_$3,V,3,13,15,0.0419336610724981,5
579,hqzF4IDaIYE$_$2,V,1,4,11,0.5956440739637496,5
579,hqzF4IDaIYE$_$2,V,2,5,5,0.1038585559787909,peak
579,hqzF4IDaIYE$_$2,V,3,27,28,0.0918744930892249,3
580,hqzF4IDaIYE$_$4,V,1,2,5,0.5759239382934171,1
580,hqzF4IDaIYE$_$4,V,2,3,3,0.1675018117720194,peak
581,hqzF4IDaIYE$_$6,V,1,6,8,0.5171812170782393,3
582,hvfaYsv7p8E$_$0,V,1,8,12,0.48592116384032336,3
582,hvfaYsv7p8E$_$0,V,2,10,10,0.124366415458772,peak
582,hvfaYsv7p8E$_$0,V,3,2,2,0.03075006640906,1
583,iUXqlrui25c$_$10,V,1,15,22,0.3412600217551648,3
583,iUXqlrui25c$_$10,V,2,19,19,0.0481632576599415,peak
583,iUXqlrui25c$_$10,V,3,7,7,0.0332944101817063,1
584,iUXqlrui25c$_$21,V,1,4,8,0.5993990866741641,3
584,iUXqlrui25c$_$21,V,2,2,3,0.145507847130152,1
584,iUXqlrui25c$_$21,V,3,6,6,0.1389979457552334,peak
585,iUXqlrui25c$_$23,V,1,14,18,0.1577919772807945,3
585,iUXqlrui25c$_$23,V,2,4,5,0.06895633652822139,1
585,iUXqlrui25c$_$23,V,3,1,1,0.0121938232161874,1
586,icbUzboLcDQ$_$0,V,1,7,12,0.6971476092843799,3
586,icbUzboLcDQ$_$0,V,2,9,9,0.2045282482286073,peak
586,icbUzboLcDQ$_$0,V,3,12,12,0.0684081712997008,1
587,ioupaiAuRr0$_$5,V,1,8,15,0.5154977841285142,5
587,ioupaiAuRr0$_$5,V,2,12,12,0.0911436373914366,peak
587,ioupaiAuRr0$_$5,V,3,17,17,0.0338132772044624,1
588,ioupaiAuRr0$_$4,V,1,20,29,0.5229266390239251,5
588,ioupaiAuRr0$_$4,V,2,11,13,0.1427490417722287,3
588,ioupaiAuRr0$_$4,V,3,20,22,0.1251629426132845,3
589,jICmfLeFymA$_$16,V,1,5,9,0.4855727715295069,5
589,jICmfLeFymA$_$16,V,2,2,3,0.1305235926735346,1
589,jICmfLeFymA$_$16,V,3,7,7,0.1089079355202592,peak
590,jPrEKz1rAno$_$11,V,1,9,10,0.1757305651025418,5
590,jPrEKz1rAno$_$11,V,2,5,6,0.1751751558403733,5
590,jPrEKz1rAno$_$11,V,3,11,12,0.15514287871351412,3
591,jPrEKz1rAno$_$7,V,1,19,27,0.4004853519363049,3
591,jPrEKz1rAno$_$7,V,2,22,22,0.050037359131898,peak
591,jPrEKz1rAno$_$7,V,3,17,17,0.0330777156361123,1
592,jPrEKz1rAno$_$6,V,1,16,20,0.21858187786223243,5
592,jPrEKz1rAno$_$6,V,2,3,6,0.16088177723404778,3
592,jPrEKz1rAno$_$6,V,3,19,19,0.0455572277948945,peak
593,k5ZOshC2LP4$_$1,V,1,3,9,0.1333712684933901,3
593,k5ZOshC2LP4$_$1,V,2,1,4,0.057066153082961105,1
593,k5ZOshC2LP4$_$1,V,3,21,22,0.0385888120458723,3
594,kbGhEJ4W44o$_$0,V,1,3,12,0.5446795191088482,3
594,kbGhEJ4W44o$_$0,V,2,5,5,0.0620207947752972,peak
594,kbGhEJ4W44o$_$0,V,3,12,12,0.0469817787875417,1
595,kfsO4c0Ekes$_$7,V,1,17,23,0.2338069863824746,3
595,kfsO4c0Ekes$_$7,V,2,23,24,0.061545293072824095,1
595,kfsO4c0Ekes$_$7,V,3,21,21,0.0354647720544701,1
596,kvUb78Rdzdc$_$3,V,1,36,42,0.11894621894621842,5
596,kvUb78Rdzdc$_$3,V,2,29,34,0.10278460278460229,1
596,kvUb78Rdzdc$_$3,V,3,42,45,0.0624351624351621,1
597,lO87-4Kf0cQ$_$2,V,1,9,11,0.2958894970009347,3
597,lO87-4Kf0cQ$_$2,V,2,3,4,0.16179614580462898,1
597,lO87-4Kf0cQ$_$2,V,3,5,5,0.0818073085707571,5
598,lO87-4Kf0cQ$_$5,V,1,10,14,0.17834620746488672,5
598,lO87-4Kf0cQ$_$5,V,2,16,17,0.0496031972222597,1
598,lO87-4Kf0cQ$_$5,V,3,13,13,0.0375493558023197,peak
599,lWf5hHRHIDs$_$11,V,1,9,12,0.5209961871073415,3
599,lWf5hHRHIDs$_$11,V,2,11,11,0.1465064484530534,peak
600,lawHYX5eB20$_$1,V,1,5,7,0.3300181150347291,3
600,lawHYX5eB20$_$1,V,2,3,3,0.0864204542741022,1
600,lawHYX5eB20$_$1,V,3,12,12,0.0404798703413213,1
601,lawHYX5eB20$_$2,V,1,7,12,0.3397246590136415,5
601,lawHYX5eB20$_$2,V,2,20,21,0.0872061269648586,1
601,lawHYX5eB20$_$2,V,3,10,10,0.0584556599461353,1
602,mHGaQ_nv9UY$_$13,V,1,35,40,0.14362370021783602,5
602,mHGaQ_nv9UY$_$13,V,2,20,23,0.0954073692350833,3
602,mHGaQ_nv9UY$_$13,V,3,30,32,0.0706900472460376,3
603,mHGaQ_nv9UY$_$14,V,1,15,19,0.5636645815603549,1
603,mHGaQ_nv9UY$_$14,V,2,19,21,0.49939664319733323,3
603,mHGaQ_nv9UY$_$14,V,3,13,16,0.113793218864009,3
604,mHGaQ_nv9UY$_$17,V,1,13,20,0.1980126525656588,5
604,mHGaQ_nv9UY$_$17,V,2,21,23,0.0672801243955949,1
604,mHGaQ_nv9UY$_$17,V,3,17,18,0.0527381941338104,1
605,mHGaQ_nv9UY$_$22,V,1,3,10,0.20471786569510408,3
605,mHGaQ_nv9UY$_$22,V,2,19,24,0.1434151470815418,5
605,mHGaQ_nv9UY$_$22,V,3,18,19,0.046871194845451,1
606,mHGaQ_nv9UY$_$5,V,1,19,27,0.3849555043363127,5
606,mHGaQ_nv9UY$_$5,V,2,18,21,0.1781496091292751,1
606,mHGaQ_nv9UY$_$5,V,3,27,29,0.1259738136828569,1
607,mHGaQ_nv9UY$_$4,V,1,8,14,0.35309423304462806,3
607,mHGaQ_nv9UY$_$4,V,2,10,10,0.0542360083032035,peak
607,mHGaQ_nv9UY$_$4,V,3,15,15,0.0444499694650336,1
608,mLW-jn67gRE$_$20,V,1,17,23,0.52719446253745,5
608,mLW-jn67gRE$_$20,V,2,22,23,0.19771814218403488,1
608,mLW-jn67gRE$_$20,V,3,20,20,0.0931283722403776,1
609,mLW-jn67gRE$_$17,V,1,9,11,0.4700411145597573,3
609,mLW-jn67gRE$_$17,V,2,28,34,0.1417336907953528,5
609,mLW-jn67gRE$_$17,V,3,17,20,0.0681411974977653,5
610,mLW-jn67gRE$_$1,V,1,3,6,0.1870918319430673,3
610,mLW-jn67gRE$_$1,V,2,5,5,0.0488863968441199,peak
611,mLW-jn67gRE$_$3,V,1,10,15,0.40585350387805463,3
611,mLW-jn67gRE$_$3,V,2,13,13,0.0759885393786286,peak
611,mLW-jn67gRE$_$3,V,3,1,2,0.0556458435270491,1
612,mLW-jn67gRE$_$5,V,1,15,20,0.39553354023077375,5
612,mLW-jn67gRE$_$5,V,2,1,4,0.20908532083123013,1
612,mLW-jn67gRE$_$5,V,3,17,17,0.0761727328191125,peak
613,mLW-jn67gRE$_$6,V,1,17,24,0.2689062665728264,5
613,mLW-jn67gRE$_$6,V,2,32,34,0.0769701189269448,1
613,mLW-jn67gRE$_$6,V,3,19,19,0.0349209576411115,peak
614,mLW-jn67gRE$_$9,V,1,5,7,0.1423864231219702,5
614,mLW-jn67gRE$_$9,V,2,3,5,0.1391039139843527,3
614,mLW-jn67gRE$_$9,V,3,1,2,0.046713820171099,1
615,mjpCK2Edsv8$_$0,V,1,11,15,0.5212477396021697,5
615,mjpCK2Edsv8$_$0,V,2,15,20,0.3676620950524998,1
615,mjpCK2Edsv8$_$0,V,3,15,15,0.3054258081326685,peak
616,nUZYqTRSGDw$_$4,V,1,17,23,0.4745192461483031,5
616,nUZYqTRSGDw$_$4,V,2,21,21,0.0856835645856116,peak
616,nUZYqTRSGDw$_$4,V,3,24,25,0.0838425952009203,1
617,nyzIL6YAonY$_$5,V,1,2,5,0.5667360595289943,3
617,nyzIL6YAonY$_$5,V,2,3,3,0.1677414760227795,peak
618,nyzIL6YAonY$_$6,V,1,28,37,0.6515395287680542,3
618,nyzIL6YAonY$_$6,V,2,33,33,0.0900541355039743,peak
619,ooAF6I-fmTg$_$3,V,1,5,9,0.3330920618198906,5
619,ooAF6I-fmTg$_$3,V,2,10,11,0.1342569682653436,3
619,ooAF6I-fmTg$_$3,V,3,6,6,0.0690760539518774,1
620,ooAF6I-fmTg$_$5,V,1,5,8,0.3217276897015069,5
620,ooAF6I-fmTg$_$5,V,2,5,5,0.0874099321550088,peak
620,ooAF6I-fmTg$_$5,V,3,1,1,0.033627922220346,1
621,ooAF6I-fmTg$_$7,V,1,6,11,0.3548035745396506,5
621,ooAF6I-fmTg$_$7,V,2,14,15,0.1076783074886028,1
621,ooAF6I-fmTg$_$7,V,3,8,8,0.0660379005475029,peak
622,pOrk7fl1AYo$_$1,V,1,8,13,0.6391669625819089,5
622,pOrk7fl1AYo$_$1,V,2,11,11,0.1417870566471759,peak
622,pOrk7fl1AYo$_$1,V,3,7,8,0.10878622395614129,1
623,pOrk7fl1AYo$_$3,V,1,12,14,0.2839372808280913,1
623,pOrk7fl1AYo$_$3,V,2,25,25,0.2022742643185733,1
623,pOrk7fl1AYo$_$3,V,3,2,5,0.1374229479322725,3
624,pOrk7fl1AYo$_$2,V,1,5,7,0.4002775449995637,5
624,pOrk7fl1AYo$_$2,V,2,7,8,0.24017282180808952,3
624,pOrk7fl1AYo$_$2,V,3,3,3,0.1071945420728719,3
625,pOrk7fl1AYo$_$4,V,1,1,19,0.999999999999999,1
625,pOrk7fl1AYo$_$4,V,2,3,7,0.8579099470248425,3
625,pOrk7fl1AYo$_$4,V,3,5,5,0.2697460150179562,peak
626,q9yDL81QppI$_$1,V,1,17,21,0.3171978334631257,3
626,q9yDL81QppI$_$1,V,2,19,19,0.0708314554731869,peak
626,q9yDL81QppI$_$1,V,3,5,5,0.0538670829462556,5
627,q9yDL81QppI$_$0,V,1,20,24,0.33324028583612775,1
627,q9yDL81QppI$_$0,V,2,4,5,0.1269092369859262,3
627,q9yDL81QppI$_$0,V,3,20,20,0.0859497208503243,peak
628,q9yDL81QppI$_$2,V,1,4,10,0.3812751279895458,5
628,q9yDL81QppI$_$2,V,2,1,6,0.2817048611980539,1
628,q9yDL81QppI$_$2,V,3,6,6,0.0632677679651127,peak
629,qK77ZmbqmOM$_$9,V,1,5,10,0.2101936839601132,5
629,qK77ZmbqmOM$_$9,V,2,3,6,0.13542711575441568,3
629,qK77ZmbqmOM$_$9,V,3,5,5,0.0360776850438448,peak
630,qK77ZmbqmOM$_$0,V,1,16,20,0.1048244673446428,5
630,qK77ZmbqmOM$_$0,V,2,28,32,0.1016050204860208,1
630,qK77ZmbqmOM$_$0,V,3,15,16,0.0426952003641958,1
631,qY1sXq-YCHs$_$8,V,1,8,11,0.34711559458887276,5
631,qY1sXq-YCHs$_$8,V,2,11,11,0.0904660708426255,peak
632,qmMSumMloAs$_$1,V,1,12,14,0.4575581712385951,3
632,qmMSumMloAs$_$1,V,2,20,27,0.2306144643828165,5
632,qmMSumMloAs$_$1,V,3,16,16,0.0625069038388166,1
633,qmMSumMloAs$_$3,V,1,10,10,0.5188492063492064,1
633,qmMSumMloAs$_$3,V,2,4,7,0.2197222222222222,5
633,qmMSumMloAs$_$3,V,3,4,4,0.0550793650793651,1
634,qmMSumMloAs$_$2,V,1,17,22,0.085924050632911,5
634,qmMSumMloAs$_$2,V,2,33,37,0.0716540084388183,5
634,qmMSumMloAs$_$2,V,3,36,41,0.0715949367088604,1
635,r13W4H8ZhqI$_$12,V,1,12,16,0.16944291307973908,5
635,r13W4H8ZhqI$_$12,V,2,16,16,0.0347610364276324,1
635,r13W4H8ZhqI$_$12,V,3,18,18,0.0271263587916825,1
636,r13W4H8ZhqI$_$1,V,1,26,33,0.2929527978014419,5
636,r13W4H8ZhqI$_$1,V,2,6,9,0.15516538914405328,3
636,r13W4H8ZhqI$_$1,V,3,30,31,0.0770174310406096,1
637,r13W4H8ZhqI$_$5,V,1,10,13,0.2167018466154232,3
637,r13W4H8ZhqI$_$5,V,2,11,11,0.0616328806404078,peak
637,r13W4H8ZhqI$_$5,V,3,15,15,0.0197360840070625,1
638,r13W4H8ZhqI$_$8,V,1,20,26,0.5887787995851598,5
638,r13W4H8ZhqI$_$8,V,2,25,25,0.1194270307381032,peak
638,r13W4H8ZhqI$_$8,V,3,19,19,0.0462462042497734,1
639,r5ijC2W9ddk$_$8,V,1,21,29,0.3834001629785614,5
639,r5ijC2W9ddk$_$8,V,2,26,26,0.0465162546178063,peak
639,r5ijC2W9ddk$_$8,V,3,33,33,0.0148621523740832,1
640,r5ijC2W9ddk$_$0,V,1,3,5,0.1256352684788451,3
640,r5ijC2W9ddk$_$0,V,2,5,7,0.1171219890103567,5
640,r5ijC2W9ddk$_$0,V,3,9,10,0.0848005123088149,1
641,r9tgDqXEcuc$_$4,V,1,12,17,0.5436588275601141,5
641,r9tgDqXEcuc$_$4,V,2,15,15,0.1246083084814722,1
641,r9tgDqXEcuc$_$4,V,3,13,13,0.117326344271342,1
642,rf0yDSeVEUA$_$1,V,1,41,46,0.1731146208444767,3
642,rf0yDSeVEUA$_$1,V,2,8,13,0.1634916130716407,3
642,rf0yDSeVEUA$_$1,V,3,45,48,0.0910948473504298,1
643,rf0yDSeVEUA$_$0,V,1,14,20,0.3503386403138045,5
643,rf0yDSeVEUA$_$0,V,2,20,22,0.1414373178122193,3
643,rf0yDSeVEUA$_$0,V,3,8,9,0.0853419111229326,1
644,rf0yDSeVEUA$_$3,V,1,4,15,0.379736075836712,5
644,rf0yDSeVEUA$_$3,V,2,13,16,0.12283834713833341,3
644,rf0yDSeVEUA$_$3,V,3,16,17,0.0558861597530067,1
645,rojyUp4FPSg$_$26,V,1,37,45,0.3835068622560028,3
645,rojyUp4FPSg$_$26,V,2,6,8,0.0848653594806681,3
645,rojyUp4FPSg$_$26,V,3,5,6,0.0520426036440365,1
646,rojyUp4FPSg$_$20,V,1,5,12,0.6702903166521652,3
646,rojyUp4FPSg$_$20,V,2,8,8,0.1095272626107525,peak
647,rojyUp4FPSg$_$21,V,1,10,13,0.6227855981263959,3
647,rojyUp4FPSg$_$21,V,2,11,11,0.1865321935960829,peak
647,rojyUp4FPSg$_$21,V,3,13,13,0.1354678613276863,1
648,rojyUp4FPSg$_$23,V,1,3,5,0.7278896144869328,5
648,rojyUp4FPSg$_$23,V,2,2,3,0.6082382855043368,3
648,rojyUp4FPSg$_$23,V,3,6,6,0.1092391304347816,1
649,rojyUp4FPSg$_$5,V,1,3,8,0.5399705744994807,5
649,rojyUp4FPSg$_$5,V,2,5,5,0.1430399663260778,peak
649,rojyUp4FPSg$_$5,V,3,13,14,0.0825174825174824,1
650,rojyUp4FPSg$_$7,V,1,3,14,0.5027067530053574,3
650,rojyUp4FPSg$_$7,V,2,11,13,0.12123211215344071,1
650,rojyUp4FPSg$_$7,V,3,8,8,0.047167540797452,peak
651,rojyUp4FPSg$_$9,V,1,12,18,0.5445182785007792,3
651,rojyUp4FPSg$_$9,V,2,13,13,0.0864101319078384,peak
651,rojyUp4FPSg$_$9,V,3,2,2,0.0225844143623172,1
652,rojyUp4FPSg$_$10,V,1,8,11,0.49125022359246173,3
652,rojyUp4FPSg$_$10,V,2,9,9,0.1307252692654562,peak
652,rojyUp4FPSg$_$10,V,3,14,14,0.041846567401785,1
653,rojyUp4FPSg$_$12,V,1,7,7,0.4123155543959467,1
653,rojyUp4FPSg$_$12,V,2,5,6,0.33864265700075813,3
653,rojyUp4FPSg$_$12,V,3,3,5,0.3141440277157358,5
654,rojyUp4FPSg$_$16,V,1,10,11,0.200206809454468,3
654,rojyUp4FPSg$_$16,V,2,8,9,0.1831617821367874,5
654,rojyUp4FPSg$_$16,V,3,5,5,0.0935455449029898,5
655,rojyUp4FPSg$_$18,V,1,8,12,0.4874075441667231,3
655,rojyUp4FPSg$_$18,V,2,9,9,0.1135280964752677,peak
655,rojyUp4FPSg$_$18,V,3,5,5,0.0614459111476591,1
656,rojyUp4FPSg$_$37,V,1,5,10,0.4298737360468946,3
656,rojyUp4FPSg$_$37,V,2,8,8,0.078638805801077,peak
656,rojyUp4FPSg$_$37,V,3,21,21,0.0195548517557919,1
657,rojyUp4FPSg$_$36,V,1,2,5,0.6801290431523788,5
657,rojyUp4FPSg$_$36,V,2,6,6,0.302014903421904,1
657,rojyUp4FPSg$_$36,V,3,4,4,0.2466884008236101,1
658,rojyUp4FPSg$_$34,V,1,17,21,0.24611909364877813,5
658,rojyUp4FPSg$_$34,V,2,8,11,0.1662697919953981,5
658,rojyUp4FPSg$_$34,V,3,29,30,0.0756844461633239,1
659,rojyUp4FPSg$_$32,V,1,3,5,0.5444014218720687,5
659,rojyUp4FPSg$_$32,V,2,7,7,0.1210639737091334,1
660,rwNlqh0k1j4$_$15,V,1,5,11,0.2700337612989689,5
660,rwNlqh0k1j4$_$15,V,2,27,30,0.1317249694440557,3
660,rwNlqh0k1j4$_$15,V,3,15,16,0.0577898443391492,3
661,rwNlqh0k1j4$_$3,V,1,8,11,0.2894398612932661,5
661,rwNlqh0k1j4$_$3,V,2,4,5,0.1378362042456842,1
661,rwNlqh0k1j4$_$3,V,3,11,11,0.0729953467314526,1
662,rwNlqh0k1j4$_$2,V,1,8,13,0.38763840068142713,3
662,rwNlqh0k1j4$_$2,V,2,10,10,0.0739226106047372,peak
662,rwNlqh0k1j4$_$2,V,3,13,13,0.0569155403097502,1
663,rwNlqh0k1j4$_$7,V,1,8,12,0.19664181953648238,5
663,rwNlqh0k1j4$_$7,V,2,27,30,0.1426528253545455,3
663,rwNlqh0k1j4$_$7,V,3,15,16,0.06735036475656389,1
664,sC16n1k66io$_$2,V,1,25,29,0.42465856577975314,5
664,sC16n1k66io$_$2,V,2,7,10,0.2559658212259488,1
664,sC16n1k66io$_$2,V,3,27,27,0.1272573177978049,peak
665,sC16n1k66io$_$16,V,1,5,6,0.6326945412311265,1
665,sC16n1k66io$_$16,V,2,6,8,0.2488385598141693,3
667,ssqiwP19JhM$_$10,V,1,5,10,0.2376434889100376,5
667,ssqiwP19JhM$_$10,V,2,17,20,0.1502694539781283,5
667,ssqiwP19JhM$_$10,V,3,2,4,0.08620133243458741,1
668,ssqiwP19JhM$_$2,V,1,12,17,0.21499369482976,3
668,ssqiwP19JhM$_$2,V,2,14,14,0.0408196721311475,peak
668,ssqiwP19JhM$_$2,V,3,22,22,0.0092770071458596,1
669,szic2IB9HB4$_$5,V,1,6,9,0.4063354774324456,5
669,szic2IB9HB4$_$5,V,2,9,9,0.1068343615094989,peak
669,szic2IB9HB4$_$5,V,3,2,2,0.052178212187514,1
671,tXQpm-nKxNA$_$5,V,1,6,10,0.4781939275898323,3
671,tXQpm-nKxNA$_$5,V,2,8,8,0.1046334348287573,peak
671,tXQpm-nKxNA$_$5,V,3,6,6,0.0927649722671151,1
672,tXQpm-nKxNA$_$7,V,1,11,17,0.3316873435934764,5
672,tXQpm-nKxNA$_$7,V,2,26,28,0.14275179502648522,3
672,tXQpm-nKxNA$_$7,V,3,15,15,0.0513028925676492,1
673,uacdDoBtT1k$_$0,V,1,19,27,0.2517259121108284,3
673,uacdDoBtT1k$_$0,V,2,34,36,0.083962683891944,3
673,uacdDoBtT1k$_$0,V,3,30,30,0.0259241486380115,1
674,uacdDoBtT1k$_$6,V,1,11,14,0.1925160891931397,3
674,uacdDoBtT1k$_$6,V,2,22,24,0.1320548945289472,5
674,uacdDoBtT1k$_$6,V,3,24,25,0.09147004924882929,3
675,unNY4zIk8MM$_$1,V,1,10,13,0.40108641610207674,5
675,unNY4zIk8MM$_$1,V,2,9,10,0.22325874742025498,3
675,unNY4zIk8MM$_$1,V,3,15,15,0.1191270732956447,1
676,unNY4zIk8MM$_$3,V,1,1,17,0.999999999999999,1
676,unNY4zIk8MM$_$3,V,2,8,12,0.7641025641025861,3
676,unNY4zIk8MM$_$3,V,3,10,10,0.2820512820512932,peak
677,unNY4zIk8MM$_$5,V,1,1,21,0.9999999999999989,1
677,unNY4zIk8MM$_$5,V,2,1,1,0.4835662009314717,peak
678,unNY4zIk8MM$_$8,V,1,8,10,0.5167172233080439,1
679,uooIiW6dEyg$_$1,V,1,4,5,0.3602989855857297,5
679,uooIiW6dEyg$_$1,V,2,6,6,0.1661311969468144,1
679,uooIiW6dEyg$_$1,V,3,8,8,0.0699318599096922,1
680,uooIiW6dEyg$_$5,V,1,2,6,0.3251182708653475,3
680,uooIiW6dEyg$_$5,V,2,10,14,0.2805490883930266,5
680,uooIiW6dEyg$_$5,V,3,3,3,0.0756981073995055,peak
681,v2Rr-EsJda8$_$0,V,1,1,2,0.3459544822017635,1
681,v2Rr-EsJda8$_$0,V,2,4,6,0.21791266530455844,5
681,v2Rr-EsJda8$_$0,V,3,8,8,0.1518930786096555,1
682,v2Rr-EsJda8$_$6,V,1,9,11,0.6106069982927985,3
682,v2Rr-EsJda8$_$6,V,2,8,9,0.39001764889420976,1
683,v9gjg7TDlTA$_$0,V,1,5,8,0.3021822395391934,5
683,v9gjg7TDlTA$_$0,V,2,3,5,0.2175649146379245,3
683,v9gjg7TDlTA$_$0,V,3,9,9,0.0761797057520585,1
684,v9gjg7TDlTA$_$4,V,1,4,8,0.389483710037348,5
684,v9gjg7TDlTA$_$4,V,2,5,5,0.0885683380825385,peak
684,v9gjg7TDlTA$_$4,V,3,1,1,0.0287531670338076,1
685,vHzbn_YW76s$_$3,V,1,11,14,0.2506972201219072,5
685,vHzbn_YW76s$_$3,V,2,1,3,0.11347546868700739,1
685,vHzbn_YW76s$_$3,V,3,3,4,0.11073814955140479,3
686,vU0a4F36Ksw$_$13,V,1,16,22,0.3223825717523905,5
686,vU0a4F36Ksw$_$13,V,2,28,29,0.082540145400869,1
686,vU0a4F36Ksw$_$13,V,3,10,11,0.0816143412892595,1
687,vU0a4F36Ksw$_$12,V,1,15,18,0.5763195435092727,3
687,vU0a4F36Ksw$_$12,V,2,17,17,0.244492344561027,peak
687,vU0a4F36Ksw$_$12,V,3,4,9,0.20252020922491618,5
688,vU0a4F36Ksw$_$17,V,1,10,12,0.2485661055210192,5
688,vU0a4F36Ksw$_$17,V,2,3,4,0.1738247125798543,1
688,vU0a4F36Ksw$_$17,V,3,13,13,0.0872713154914268,1
689,vU0a4F36Ksw$_$0,V,1,31,37,0.20598775910718112,5
689,vU0a4F36Ksw$_$0,V,2,22,25,0.1038134523548241,5
689,vU0a4F36Ksw$_$0,V,3,26,28,0.0813668544548498,1
690,vU0a4F36Ksw$_$3,V,1,2,5,0.37431457431457427,5
690,vU0a4F36Ksw$_$3,V,2,2,2,0.1011544011544013,1
690,vU0a4F36Ksw$_$3,V,3,6,6,0.0782106782106782,1
691,vU0a4F36Ksw$_$5,V,1,8,14,0.3095006414077656,5
691,vU0a4F36Ksw$_$5,V,2,7,8,0.0888914399988109,3
691,vU0a4F36Ksw$_$5,V,3,12,12,0.0449460404993125,peak
692,vU0a4F36Ksw$_$7,V,1,12,16,0.429212843844249,3
692,vU0a4F36Ksw$_$7,V,2,14,14,0.096170764932917,peak
692,vU0a4F36Ksw$_$7,V,3,16,16,0.0826186968458472,1
693,vU0a4F36Ksw$_$20,V,1,2,3,0.28720252167060667,3
693,vU0a4F36Ksw$_$20,V,2,1,1,0.1139479905437352,1
694,vbr3EA8cJTI$_$0,V,1,11,15,0.4703299728620988,5
694,vbr3EA8cJTI$_$0,V,2,12,12,0.1061973225709765,peak
694,vbr3EA8cJTI$_$0,V,3,16,16,0.0760130468343696,1
695,vbr3EA8cJTI$_$2,V,1,4,10,0.41663069069621345,5
695,vbr3EA8cJTI$_$2,V,2,6,6,0.0740544604324497,peak
695,vbr3EA8cJTI$_$2,V,3,10,10,0.0475790388235567,1
696,vbr3EA8cJTI$_$7,V,1,7,12,0.41427656205828467,5
696,vbr3EA8cJTI$_$7,V,2,5,7,0.2031020931134102,1
696,vbr3EA8cJTI$_$7,V,3,12,12,0.0875373366366933,peak
697,vbr3EA8cJTI$_$6,V,1,2,5,0.2848238317578581,3
697,vbr3EA8cJTI$_$6,V,2,21,24,0.2777013190248386,5
697,vbr3EA8cJTI$_$6,V,3,1,2,0.09923594378494241,1
698,wF8980oGklk$_$24,V,1,17,20,0.23844205042839398,3
698,wF8980oGklk$_$24,V,2,11,12,0.1103376676087144,3
698,wF8980oGklk$_$24,V,3,18,18,0.0621045339922829,peak
699,wF8980oGklk$_$25,V,1,4,6,0.45494968370367994,5
699,wF8980oGklk$_$25,V,2,1,1,0.0630074727816763,1
699,wF8980oGklk$_$25,V,3,10,10,0.040841323244371,1
700,wF8980oGklk$_$1,V,1,3,5,0.27859489200952603,5
700,wF8980oGklk$_$1,V,2,1,1,0.0464317976513098,1
700,wF8980oGklk$_$1,V,3,7,7,0.0410158495524349,1
701,wF8980oGklk$_$0,V,1,10,14,0.5161938278944821,5
701,wF8980oGklk$_$0,V,2,11,11,0.1994907422449889,1
701,wF8980oGklk$_$0,V,3,16,17,0.1606747457700965,3
702,wF8980oGklk$_$3,V,1,5,9,0.1820977283069059,5
702,wF8980oGklk$_$3,V,2,2,4,0.08623017956526291,1
702,wF8980oGklk$_$3,V,3,5,5,0.037318072036123,peak
703,wF8980oGklk$_$2,V,1,1,5,0.9999999999999999,5
703,wF8980oGklk$_$2,V,2,3,3,0.2646782131308323,peak
703,wF8980oGklk$_$2,V,3,4,4,0.2117415678862252,1
704,wF8980oGklk$_$6,V,1,7,12,0.4429912526423806,5
704,wF8980oGklk$_$6,V,2,11,13,0.23885564280314991,3
704,wF8980oGklk$_$6,V,3,5,7,0.2243501002492146,3
705,wF8980oGklk$_$17,V,1,16,20,0.5989768838272508,5
705,wF8980oGklk$_$17,V,2,18,18,0.1402642939036139,peak
705,wF8980oGklk$_$17,V,3,22,22,0.062510991389937,1
706,wosolsrH3sM$_$6,V,1,47,48,0.3320742372754829,1
706,wosolsrH3sM$_$6,V,2,25,33,0.18526200873362392,5
706,wosolsrH3sM$_$6,V,3,36,36,0.1446631896348673,1
707,x-zGBp7axao$_$3,V,1,38,44,0.1881662691598096,5
707,x-zGBp7axao$_$3,V,2,21,25,0.11987919635872339,5
707,x-zGBp7axao$_$3,V,3,42,43,0.057490319984673896,1
708,x2lOwQaAn4g$_$4,V,1,10,14,0.41053654289216823,5
708,x2lOwQaAn4g$_$4,V,2,13,16,0.3110684790548099,3
708,x2lOwQaAn4g$_$4,V,3,6,7,0.1339230102359084,1
709,xUgAP84vsg4$_$15,V,1,10,14,0.4573978739384438,5
709,xUgAP84vsg4$_$15,V,2,2,3,0.1987833741992115,3
709,xUgAP84vsg4$_$15,V,3,13,13,0.1117241158171643,1
710,xUgAP84vsg4$_$4,V,1,14,19,0.49533138940036975,5
710,xUgAP84vsg4$_$4,V,2,18,18,0.0891225004299075,peak
710,xUgAP84vsg4$_$4,V,3,21,21,0.0483097234159286,1
711,xUgAP84vsg4$_$8,V,1,6,8,0.5246107794187707,3
711,xUgAP84vsg4$_$8,V,2,4,6,0.3678662637603336,5
711,xUgAP84vsg4$_$8,V,3,9,9,0.1212076429576089,1
712,xivYoEUQ5sk$_$5,V,1,37,45,0.5826868870145459,1
712,xivYoEUQ5sk$_$5,V,2,23,26,0.1194516971279379,5
712,xivYoEUQ5sk$_$5,V,3,41,41,0.0942572068609311,peak
713,xivYoEUQ5sk$_$4,V,1,12,17,0.5632798573975037,5
713,xivYoEUQ5sk$_$4,V,2,5,9,0.1607843137254904,1
713,xivYoEUQ5sk$_$4,V,3,22,26,0.11265597147950099,1
714,xjsaS-LeZ14$_$20,V,1,11,15,0.47051480463098727,5
714,xjsaS-LeZ14$_$20,V,2,4,5,0.13132592775592788,1
714,xjsaS-LeZ14$_$20,V,3,13,13,0.123960924096025,peak
715,xjsaS-LeZ14$_$14,V,1,12,16,0.49897703897634443,5
715,xjsaS-LeZ14$_$14,V,2,15,18,0.3491990029288091,1
715,xjsaS-LeZ14$_$14,V,3,15,15,0.105460088814818,peak
716,xjsaS-LeZ14$_$6,V,1,6,16,0.42745744538633806,5
716,xjsaS-LeZ14$_$6,V,2,26,28,0.0843476883839179,1
716,xjsaS-LeZ14$_$6,V,3,9,9,0.05423932863042,peak
717,y8HXGm1-Ecw$_$7,V,1,4,9,0.4202552115649048,1
717,y8HXGm1-Ecw$_$7,V,2,5,5,0.0788437381590922,peak
718,y9FyTEyGy5Y$_$1,V,1,5,8,0.58476676193331,5
718,y9FyTEyGy5Y$_$1,V,2,6,6,0.1588296282621648,peak
718,y9FyTEyGy5Y$_$1,V,3,8,8,0.1263183486780302,1
719,zhE_68GMJIk$_$8,V,1,5,7,0.16827810696151418,5
719,zhE_68GMJIk$_$8,V,2,17,19,0.16392836649112272,5
719,zhE_68GMJIk$_$8,V,3,19,21,0.1529423238158683,3
720,zhE_68GMJIk$_$5,V,1,14,19,0.2374487096725902,5
720,zhE_68GMJIk$_$5,V,2,13,15,0.1192800377137221,3
720,zhE_68GMJIk$_$5,V,3,26,27,0.0706812169861056,1
721,zjYEBwXGD8I$_$13,V,1,2,8,0.2057560745458841,3
721,zjYEBwXGD8I$_$13,V,2,35,37,0.057631516867185706,3
721,zjYEBwXGD8I$_$13,V,3,33,35,0.0537626798773295,5
722,zjYEBwXGD8I$_$15,V,1,1,20,0.9999999999999989,1
722,zjYEBwXGD8I$_$15,V,2,1,5,0.5882352941176467,5
722,zjYEBwXGD8I$_$15,V,3,1,1,0.2555555555555555,peak
723,zjYEBwXGD8I$_$0,V,1,7,9,0.5169568258023652,3
723,zjYEBwXGD8I$_$0,V,2,4,4,0.0550012679298467,1
724,zjYEBwXGD8I$_$2,V,1,3,6,0.5005082951236999,3
724,zjYEBwXGD8I$_$2,V,2,4,4,0.1591070250972869,peak
724,zjYEBwXGD8I$_$2,V,3,9,10,0.1442259203227431,1
726,zjYEBwXGD8I$_$9,V,1,21,24,0.2993093842512631,3
726,zjYEBwXGD8I$_$9,V,2,8,10,0.2200285692707819,3
726,zjYEBwXGD8I$_$9,V,3,24,25,0.1273886805952612,1
727,zk2jTlAtvSU$_$3,V,1,13,14,0.5236747910812949,1
727,zk2jTlAtvSU$_$3,V,2,3,9,0.1452720757377537,3
727,zk2jTlAtvSU$_$3,V,3,20,22,0.0537321443001626,5
