sample_index,sample_id,baseline,main_modality,ratio,k,RandomComp_cls_mean,RandomComp_reg_mean,RandomSuff_cls_mean,RandomSuff_reg_mean
0,-UacrmKiTn4$_$7,missing,T,0.1,3,-0.22780764218749985,0.0600830078125,1.5320307027954096,0.197711181640625
0,-UacrmKiTn4$_$7,missing,T,0.2,6,-0.33088381406249995,0.0716650390625,1.3266906988281246,0.1803279113769531
0,-UacrmKiTn4$_$7,missing,T,0.3,8,-0.50504152890625,0.10299316406249999,1.1246155035156247,0.16447937011718747
1,-qDkUB0GgYY$_$5,missing,T,0.1,5,0.19494630156250006,0.04381835937500001,1.1907211428710938,0.61418212890625
1,-qDkUB0GgYY$_$5,missing,T,0.2,10,0.23208009062500007,0.05044921875000001,1.1327407961914062,0.41211486816406256
1,-qDkUB0GgYY$_$5,missing,T,0.3,15,0.36479493437500005,0.06844726562500003,1.0497924929687499,0.17873046875000004
2,0utROiKxejc$_$1,missing,T,0.1,2,0.1228668181640625,0.08280517578125005,2.4764709441406247,0.52930419921875
2,0utROiKxejc$_$1,missing,T,0.2,4,0.5117050139648437,0.20002990722656255,1.8824277846557613,0.4312322998046875
2,0utROiKxejc$_$1,missing,T,0.3,5,0.8862131325942993,0.3039746093750001,1.3317474333984378,0.32499206542968756
3,0utROiKxejc$_$4,missing,T,0.1,4,0.020849621875000147,0.040898437499999996,0.9675354116406251,0.24648437500000003
3,0utROiKxejc$_$4,missing,T,0.2,7,0.06147462187500015,0.05722656250000002,0.6223938050781251,0.19134765625
3,0utROiKxejc$_$4,missing,T,0.3,10,0.18540040312500014,0.12488281250000004,0.29549560546875,0.13054687500000006
4,0y022OlZ3W0$_$3,missing,T,0.1,2,0.15874631320312496,0.05830078125,2.2280029049999994,0.4022265625
4,0y022OlZ3W0$_$3,missing,T,0.2,4,0.3609817258007812,0.09341796875,1.6307983151562495,0.28849609375
4,0y022OlZ3W0$_$3,missing,T,0.3,6,0.5417114010937499,0.1409375,1.2442199460156247,0.228818359375
5,0y022OlZ3W0$_$5,missing,T,0.1,3,0.11409915234374993,0.03671875000000002,1.4607452705078123,0.22862548828125004
5,0y022OlZ3W0$_$5,missing,T,0.2,5,0.14797366406249993,0.043320312500000006,1.3163910224609374,0.23214843750000003
5,0y022OlZ3W0$_$5,missing,T,0.3,7,0.18221438671874993,0.06318359375,0.801373322265625,0.16913574218750002
6,0y022OlZ3W0$_$8,missing,T,0.1,2,0.020629876562500038,0.018896484374999998,0.16296387031249998,0.039052734374999995
6,0y022OlZ3W0$_$8,missing,T,0.2,3,0.11051024765625002,0.0373046875,0.2169677740625,0.05027832031249999
6,0y022OlZ3W0$_$8,missing,T,0.3,4,0.15498046250000003,0.051943359374999984,0.21746826484374995,0.03903320312499999
7,101787$_$11,missing,T,0.1,4,-0.015814174296875018,0.09212890624999999,1.7078979839062498,0.1211328125
7,101787$_$11,missing,T,0.2,7,0.6680557597851561,0.22545898437500003,1.5423630038242186,0.26484375
7,101787$_$11,missing,T,0.3,10,0.6727814067578123,0.218935546875,1.6659958128554688,0.2790771484375001
8,101787$_$13,missing,A,0.1,2,0.006677246718750052,0.0112109375,0.33514404359375016,0.216875
8,101787$_$13,missing,A,0.2,4,0.022570801406250052,0.022343750000000006,0.26317749085937514,0.17161132812500002
8,101787$_$13,missing,A,0.3,6,0.057598877578125054,0.048398437500000016,0.15800170960937504,0.11060546875000002
9,101787$_$1,missing,A,0.1,2,0.04189455874999994,0.010908203125000038,0.48315432437500005,0.11206542968750004
9,101787$_$1,missing,A,0.2,4,0.09038088687499997,0.02323242187500003,0.37009280093749986,0.08095703125000002
9,101787$_$1,missing,A,0.3,5,0.11804201968749997,0.029257812500000046,0.3231201446874999,0.07050781250000006
10,101787$_$5,missing,T,0.1,2,0.3152527230468746,0.11537109374999995,4.737339820214844,1.1860565185546874
10,101787$_$5,missing,T,0.2,4,0.30249027187499955,0.07765624999999993,4.2549637215820315,1.11969970703125
10,101787$_$5,missing,T,0.3,6,0.6497925179687496,0.16876953124999994,3.390065039941406,0.984901123046875
11,101787$_$7,missing,T,0.1,1,0.3924560234375001,0.15261718749999983,3.631909148437501,1.1699169921874997
11,101787$_$7,missing,T,0.2,2,0.5749145195312501,0.2189453124999999,3.285281340820313,1.0944439697265624
11,101787$_$7,missing,T,0.3,3,1.0931335136718752,0.419296875,2.265156523925782,0.7901904296875
12,101787$_$9,missing,A,0.1,2,-0.04611823906249999,0.015263671874999996,0.6001953874999998,0.13118652343749998
12,101787$_$9,missing,A,0.2,4,-0.09582527031249999,0.027851562499999993,0.4982910906249998,0.11606445312499998
12,101787$_$9,missing,A,0.3,6,-0.14841316093749998,0.040634765625,0.42304695,0.1059228515625
13,102408$_$2,missing,T,0.1,1,-0.4176574363281251,0.012399239540100098,0.16975095937500004,0.0777972412109375
13,102408$_$2,missing,T,0.2,2,-0.6257964744140624,0.016465015411376953,0.3534850730468751,0.0522149658203125
13,102408$_$2,missing,T,0.3,3,-0.7484725608398437,0.024961242675781252,0.5663634910156249,0.03936912536621094
14,102408$_$5,missing,T,0.1,3,-0.10788573468750026,0.0551171875,1.4228118971484371,0.5244824218749999
14,102408$_$5,missing,T,0.2,6,-0.23127440656250026,0.06964843750000001,0.9895324767031246,0.4162646484375
14,102408$_$5,missing,T,0.3,9,-0.17382811750000027,0.07609375,0.5320632949570312,0.23580078125000004
15,102408$_$9,missing,A,0.1,3,-0.03446049015625006,0.006874999999999999,0.9193848065625001,0.350625
15,102408$_$9,missing,A,0.2,6,-0.08931278507812505,0.019062499999999993,0.6935425214062502,0.23998046875000006
15,102408$_$9,missing,A,0.3,9,-0.13723758976562506,0.029384765625000003,0.5118774823437502,0.16497070312500003
16,102858$_$20,missing,T,0.1,3,0.3028076546874999,0.12820312499999997,3.2519989388671875,0.921435546875
16,102858$_$20,missing,T,0.2,5,0.4312500374999999,0.1770703125,2.6463638680664063,0.7822128295898437
16,102858$_$20,missing,T,0.3,8,0.9006897347656251,0.32599609375,1.9688263314453127,0.625185546875
17,102858$_$21,missing,T,0.1,3,0.29407351007812466,0.09007812499999993,3.129174828437499,0.8188085937499998
17,102858$_$21,missing,T,0.2,6,0.6073486565624997,0.18464843749999993,2.5676956414257806,0.66521484375
17,102858$_$21,missing,T,0.3,9,0.8381347893749999,0.22414062499999998,2.30683138361328,0.62861328125
18,102858$_$1,missing,A,0.1,3,-0.060803258281250064,0.009792480468749998,0.470214879375,0.11485839843750001
18,102858$_$1,missing,A,0.2,5,-0.12553714500000002,0.026628417968749995,0.428814732890625,0.09834312438964843
18,102858$_$1,missing,A,0.3,7,-0.17200931296875002,0.035075683593750004,0.39953006492187504,0.09189817428588867
19,102858$_$0,missing,T,0.1,1,0.487841765625,0.09299804687499999,0.925097625,0.15130859375
19,102858$_$0,missing,T,0.2,1,0.531396453125,0.09922851562499999,0.8845214531250001,0.145927734375
19,102858$_$0,missing,T,0.3,1,0.44472653125,0.08666015625,0.9613280937500001,0.15626953125
20,102858$_$4,missing,T,0.1,5,0.2655517265625001,0.08979980468750003,3.7568847343750007,1.5814453125
20,102858$_$4,missing,T,0.2,10,0.5502563164062501,0.16785156250000005,2.9320556328125007,1.242861328125
20,102858$_$4,missing,T,0.3,15,0.9069335625000001,0.26348632812500006,2.241619841796876,0.7495166015625
21,102858$_$6,missing,V,0.1,3,0.010241692656250013,0.01853515625000001,0.4710342341601563,0.37215332031250004
21,102858$_$6,missing,V,0.2,6,0.013824456328125012,0.02998046875,0.32781371414062505,0.267296142578125
21,102858$_$6,missing,V,0.3,8,0.025164788359375013,0.04415039062500001,0.24315184890625002,0.2058600997924805
22,102858$_$10,missing,T,0.1,1,0.23726806015625002,0.09050781249999998,4.624066155859374,1.3601550292968754
22,102858$_$10,missing,T,0.2,2,0.789239495703125,0.306240234375,3.595330804296875,1.1318625259399413
22,102858$_$10,missing,T,0.3,3,1.0304809507812496,0.38990234374999994,3.1298339781250006,1.024842071533203
23,102858$_$17,missing,T,0.1,1,0.43115077849609384,0.11000000000000001,3.2369277560351555,0.42428466796875003
23,102858$_$17,missing,T,0.2,2,0.8055816256640627,0.16601074218750003,3.096617087089843,0.45972412109375005
23,102858$_$17,missing,T,0.3,3,0.7384978854296878,0.22014648437500006,3.0514113986132805,0.46197998046875
24,102858$_$19,missing,T,0.1,2,-0.1183090291210938,0.09626281738281252,0.6747634968945311,0.22184692382812501
24,102858$_$19,missing,T,0.2,3,-0.1494217000195313,0.13098194122314455,0.5746292195507812,0.22143066406249998
24,102858$_$19,missing,T,0.3,4,-0.21919384815185552,0.16275175094604494,0.5384124837109374,0.2052999877929688
25,112433$_$10,missing,A,0.1,1,-0.08459850377500011,0.03330078125000001,0.0002441031402344862,0.0001953124999999993
25,112433$_$10,missing,A,0.2,1,-0.08459850377500011,0.03330078125000001,0.0002441031402344862,0.0001953124999999993
25,112433$_$10,missing,A,0.3,1,-0.08459850377500011,0.03330078125000001,0.0002441031402344862,0.0001953124999999993
26,112433$_$3,missing,T,0.1,4,0.1322784273828126,0.10260848999023438,1.745787033339844,0.19852905273437502
26,112433$_$3,missing,T,0.2,7,0.2747634737695314,0.11120544433593751,1.5147354005976559,0.19201660156250003
26,112433$_$3,missing,T,0.3,10,0.4871627657617189,0.10229915142059327,1.1617980852031249,0.15829589843749997
27,112433$_$7,missing,T,0.1,1,0.19310910335937495,0.12310546875000006,3.835768099941407,0.7390432739257813
27,112433$_$7,missing,T,0.2,2,0.3961030685083006,0.19851562500000003,3.483763095058594,0.6978381347656251
27,112433$_$7,missing,T,0.3,3,1.246522494472656,0.38200683593750007,2.266539903797302,0.5366744995117188
28,112433$_$6,missing,T,0.1,3,0.2170898687500003,0.1049609374999999,4.368421961035158,1.4168676757812502
28,112433$_$6,missing,T,0.2,5,0.2841064703125003,0.1341406249999999,3.8770935308593764,1.2683691406250002
28,112433$_$6,missing,T,0.3,8,0.7702270757812503,0.29383789062499993,2.4410599004882814,0.8382934570312498
29,117tQqLjza4$_$6,missing,T,0.1,2,0.12390135468749994,0.02796874999999998,1.0269775265625,0.17640624999999993
29,117tQqLjza4$_$6,missing,T,0.2,3,0.20190428437499994,0.04193359374999998,0.9443603390625,0.16520019531249996
29,117tQqLjza4$_$6,missing,T,0.3,5,0.37385252656249995,0.06889648437499996,0.7321044796875,0.13098632812499997
30,11j7EfglCAs$_$2,missing,T,0.1,3,-0.22746584531249994,0.04343261718750001,1.6079176199096676,0.20044845581054688
30,11j7EfglCAs$_$2,missing,T,0.2,5,-0.33791506406249994,0.06053710937500001,1.450237680639648,0.16799832344055177
30,11j7EfglCAs$_$2,missing,T,0.3,8,-0.5720703374999999,0.08910400390625002,1.217532373632812,0.14154785156250005
31,121128$_$10,missing,T,0.1,2,-0.020495567968750007,0.04929687500000001,3.408642615625,1.019649658203125
31,121128$_$10,missing,T,0.2,3,-0.11907802646484375,0.10349609375000006,2.3583679574218754,0.7892449951171876
31,121128$_$10,missing,T,0.3,5,0.06533969814453125,0.20365234375000002,1.3421051400390627,0.5330621337890624
32,121128$_$1,missing,T,0.1,3,0.15960079268749996,0.023544921875,1.096379051964844,0.257684326171875
32,121128$_$1,missing,T,0.2,6,0.236920128625,0.031328125,0.6873214347773435,0.17114746093750002
32,121128$_$1,missing,T,0.3,9,0.405474816125,0.0742122459411621,0.4431579402890625,0.09785232543945313
33,121128$_$0,missing,A,0.1,2,-0.08939204828124989,0.011932373046875,0.4887816967187497,0.019671173095703126
33,121128$_$0,missing,A,0.2,3,-0.12434688226562489,0.021709899902343753,0.4455016674218749,0.024289932250976566
33,121128$_$0,missing,A,0.3,4,-0.19828487054687488,0.016100997924804687,0.3672484935937499,0.01775703430175781
34,121128$_$5,missing,T,0.1,1,0.37272949843749964,0.1482421875000001,2.983647162011718,0.8818066406250002
34,121128$_$5,missing,T,0.2,2,0.7971984925781246,0.30954101562500014,2.193145758203124,0.7093945312500002
34,121128$_$5,missing,T,0.3,3,0.7124877992187496,0.2796484375,2.152166754296874,0.749775390625
35,125344$_$0,missing,V,0.1,5,-0.06889652187499999,0.03816406250000003,0.5415039437499999,0.3677734375
35,125344$_$0,missing,V,0.2,10,-0.148095740625,0.08595703125000005,0.4734863656249999,0.31035156250000007
35,125344$_$0,missing,V,0.3,15,-0.21137699062499998,0.12445312500000005,0.4226074593749999,0.26820312500000004
36,125676$_$0,missing,T,0.1,2,-0.12890625999999994,0.07167938232421875,0.6593719582421876,0.14745727539062498
36,125676$_$0,missing,T,0.2,3,-0.10954285667968744,0.12436553955078125,0.7005783171054688,0.15751129150390625
36,125676$_$0,missing,T,0.3,4,-0.03606415794921869,0.10622589111328125,0.7499755959375001,0.17565917968750003
37,125676$_$4,missing,T,0.1,3,0.13484497476562513,0.02843750000000001,3.134258274326172,0.670771484375
37,125676$_$4,missing,T,0.2,6,0.379614261875,0.07257812499999997,2.280706791171875,0.49710937499999996
37,125676$_$4,missing,T,0.3,9,0.631683353671875,0.12738281249999997,1.7046844523046876,0.373671875
38,128059$_$11,missing,T,0.1,4,0.18901368437500016,0.04933593749999998,2.115840161425782,0.4846875
38,128059$_$11,missing,T,0.2,8,0.2928711062500001,0.0773828125,1.4458496218749999,0.32917968750000004
38,128059$_$11,missing,T,0.3,12,0.39282227812500015,0.1043359375,1.18548585234375,0.30677734375000004
39,128059$_$12,missing,T,0.1,2,0.8864380251562501,0.256953125,4.3281006228124985,1.11384765625
39,128059$_$12,missing,T,0.2,4,1.7915039431250002,0.4948925781250001,4.055870093027343,1.0327270507812503
39,128059$_$12,missing,T,0.3,5,2.245684851328125,0.6138677978515624,3.77650913111328,0.9409320068359376
40,128059$_$2,missing,T,0.1,2,0.051651004101562537,0.14627929687500002,2.2058174164550786,0.47034759521484376
40,128059$_$2,missing,T,0.2,3,0.14684925391845707,0.2486138916015625,1.8673606903808597,0.38157287597656253
40,128059$_$2,missing,T,0.3,5,0.22619476630859375,0.27711425781250004,1.2678566004003904,0.34306396484375007
41,128059$_$7,missing,T,0.1,5,0.137646520625,0.0965869140625,1.719622838984375,0.9246875000000001
41,128059$_$7,missing,T,0.2,10,0.20540775109375004,0.12746337890625,1.4902099971875,0.78943359375
41,128059$_$7,missing,T,0.3,15,0.4943909053906251,0.22599121093750002,0.9742279378984374,0.5287890624999999
42,128059$_$6,missing,T,0.1,5,-0.16152346249999985,0.10044921874999999,0.23038331828124994,0.6181640624999999
42,128059$_$6,missing,T,0.2,10,-0.33510744687499994,0.21273437499999992,0.36203614781249993,0.601640625
42,128059$_$6,missing,T,0.3,15,-0.5227539312499999,0.3412109374999999,0.4214843974999999,0.58140625
43,128059$_$9,missing,T,0.1,3,-0.02499083597656244,0.212314453125,0.8422050546074218,0.3157128906250001
43,128059$_$9,missing,T,0.2,5,0.021583565878906308,0.3239453125000001,0.806121828796875,0.37118164062500003
43,128059$_$9,missing,T,0.3,7,0.338519295859375,0.26317626953125006,0.6425476091718749,0.4053710937500001
44,128763$_$12,missing,A,0.1,2,0.03181151781249998,0.007143554687500003,0.348114008046875,0.07344757080078126
44,128763$_$12,missing,A,0.2,4,0.02408446703124998,0.009401855468750003,0.33754882249999996,0.06262207031249999
44,128763$_$12,missing,A,0.3,6,0.09039306078124998,0.015305175781250003,0.21140136156249997,0.03968505859375001
45,128763$_$3,missing,T,0.1,3,0.19931641875000014,0.05914062500000008,3.645770276171875,0.982177734375
45,128763$_$3,missing,T,0.2,5,0.39692384062500013,0.11398437500000007,2.3323913699218757,0.6322265625000002
45,128763$_$3,missing,T,0.3,8,0.48779298125,0.1295312500000001,1.8728027468750006,0.5182617187500002
46,128763$_$2,missing,A,0.1,2,-0.04550778750000015,0.007207031250000018,0.31644284609375006,0.03150878906250002
46,128763$_$2,missing,A,0.2,3,-0.07812497500000015,0.010664062500000024,0.2751708734375001,0.03163085937500003
46,128763$_$2,missing,A,0.3,4,-0.11076657656250015,0.01722656250000002,0.21552731875000014,0.02201171875000002
47,128763$_$5,missing,A,0.1,1,-0.016558837578124975,0.006030273437500002,0.24518890349609368,0.023438720703125006
47,128763$_$5,missing,A,0.2,2,-0.035772704765624976,0.012327880859375005,0.20938568083984369,0.020276489257812502
47,128763$_$5,missing,A,0.3,3,-0.054235839531249976,0.010776367187500004,0.18074035613281242,0.027263793945312503
48,128763$_$7,missing,T,0.1,2,0.19804692749999991,0.049335937500000024,4.77801518921875,1.0414709472656252
48,128763$_$7,missing,T,0.2,4,0.5747925329687498,0.14599609375,3.893434195566406,0.819854736328125
48,128763$_$7,missing,T,0.3,5,0.761134390878906,0.16085937500000005,3.450813345957031,0.7511181640625002
49,128763$_$8,missing,T,0.1,1,0.0814514297656248,0.04988281250000001,3.9122314590624994,0.7541699218750001
49,128763$_$8,missing,T,0.2,2,0.3101562637499999,0.10707031250000001,2.7631714004687495,0.55203125
49,128763$_$8,missing,T,0.3,3,0.5024429458789061,0.12578125000000004,2.022877513441405,0.45050781250000005
50,130456$_$11,missing,T,0.1,4,-0.08304140246093765,0.15781250000000002,0.4419143697382813,0.3180859375
50,130456$_$11,missing,T,0.2,7,-0.19516069567382832,0.23779296875000006,0.535748295140625,0.33007812499999994
50,130456$_$11,missing,T,0.3,11,-0.5034332481640627,0.338729248046875,0.9136856182226565,0.468134765625
51,130456$_$3,missing,T,0.1,2,0.2678130112341311,0.12816955566406252,2.6505859337499995,0.4615869140625001
51,130456$_$3,missing,T,0.2,4,0.7068374596289064,0.288402099609375,2.2635009728124995,0.49526855468750003
51,130456$_$3,missing,T,0.3,6,0.8286516152075197,0.31940063476562497,2.0002746544531247,0.5226025390625
52,130456$_$5,missing,T,0.1,2,0.41735833593750016,0.1291015625,4.554969725097658,1.1266487121582032
52,130456$_$5,missing,T,0.2,3,0.9144347519531252,0.30149902343749996,3.813990721191408,1.0147451782226562
52,130456$_$5,missing,T,0.3,4,1.1023375839843752,0.332587890625,3.5120498032226566,0.9353713989257812
53,130456$_$4,missing,T,0.1,3,0.1430465571210938,0.011434679031372049,0.21633909989531253,0.03098434448242183
53,130456$_$4,missing,T,0.2,5,0.3552383295820313,0.0499280738830566,0.2492568918914063,0.035177917480468744
53,130456$_$4,missing,T,0.3,7,0.23424986522656255,0.02972640991210937,0.29474486288437507,0.03211189270019529
54,130456$_$7,missing,T,0.1,1,0.5236877816406249,0.20664062500000005,4.465374793359375,1.135439453125
54,130456$_$7,missing,T,0.2,2,1.0408508675781252,0.38885742187500005,4.070901526757813,1.0630712890625003
54,130456$_$7,missing,T,0.3,3,1.641886939355469,0.5834054565429688,3.3296142953125,0.9615377807617186
55,130456$_$6,missing,V,0.1,4,-0.020056164843749925,0.00872070312500003,0.15628663359374997,0.06898437500000003
55,130456$_$6,missing,V,0.2,7,-0.035742199999999925,0.01573242187500003,0.12623292265624997,0.059140625000000016
55,130456$_$6,missing,V,0.3,10,-0.05626221953124992,0.02723632812500002,0.10054322539062492,0.04730468750000001
56,188343$_$13,missing,T,0.1,5,0.9276809943789062,0.4527294921875001,3.890393091546874,1.854658203125
56,188343$_$13,missing,T,0.2,9,1.4962356818789062,0.720870361328125,3.629779077874999,1.7004443359375006
56,188343$_$13,missing,T,0.3,13,2.0998611701601555,1.0257516479492188,3.5757293952578117,1.70707763671875
57,188343$_$12,missing,T,0.1,3,0.022998034374999855,0.016953124999999947,0.6460937375,0.27484374999999994
57,188343$_$12,missing,T,0.2,6,0.10302733124999985,0.04714843749999993,0.38359373749999987,0.17800781249999995
57,188343$_$12,missing,T,0.3,9,0.13212889374999987,0.06296874999999993,0.25903319187499985,0.12976562499999994
58,188343$_$5,missing,T,0.1,2,0.19884034328125005,0.12880859375000003,1.7309890859570316,0.40929199218750006
58,188343$_$5,missing,T,0.2,4,0.33182374171875006,0.15154296875,1.5942031972851567,0.3589404296875
58,188343$_$5,missing,T,0.3,6,0.5918533437695312,0.188447265625,1.3723983877148442,0.29994140625000015
59,188343$_$9,missing,T,0.1,3,-0.6828050641528322,0.29224456787109376,1.5960968037265624,0.9891699218750001
59,188343$_$9,missing,T,0.2,6,-0.9509613065234372,0.45905364990234376,1.1504425071328122,0.8174267578125001
59,188343$_$9,missing,T,0.3,9,-0.7100814847460939,0.430218505859375,1.3309570337812497,0.8881249999999999
60,188343$_$8,missing,T,0.1,3,0.039208959374999706,0.03738281250000003,1.5697234857421876,0.4890429687500002
60,188343$_$8,missing,T,0.2,5,0.1323241937499997,0.06984374999999998,0.6100585687499998,0.2098046875
60,188343$_$8,missing,T,0.3,7,0.05786130312499971,0.051875000000000025,0.8374084222656247,0.267265625
61,1HK7Nea0PFo$_$1,missing,T,0.1,2,0.1602783740625,0.07406250000000003,3.1095535815820314,0.4315188598632812
61,1HK7Nea0PFo$_$1,missing,T,0.2,4,0.308252006875,0.08469726562500002,2.51678472171875,0.39041839599609374
61,1HK7Nea0PFo$_$1,missing,T,0.3,6,0.5399506152734375,0.13132812500000005,1.8073380054101562,0.29222412109375007
62,216097$_$1,missing,T,0.1,2,0.5852050768749997,0.20371093750000005,4.467945860566406,0.9459082031250003
62,216097$_$1,missing,T,0.2,3,1.0417602526562497,0.3159875488281251,3.9023284899609374,0.8561694335937501
62,216097$_$1,missing,T,0.3,4,1.6319152819531246,0.4546203613281251,2.942532347382812,0.6754595947265626
63,216097$_$2,missing,T,0.1,3,0.28231357666015616,0.0715283203125,0.4102806481933593,0.24635162353515624
63,216097$_$2,missing,T,0.2,5,0.2307037744140624,0.0565191650390625,0.4679912957763669,0.25699920654296876
63,216097$_$2,missing,T,0.3,8,0.2605867776489257,0.09497749328613282,0.34432319732666006,0.1916740417480469
64,216097$_$5,missing,T,0.1,4,0.13022765769531247,0.0994847869873047,0.3624557501992188,0.27440795898437503
64,216097$_$5,missing,T,0.2,7,0.10736999167968748,0.09471801757812501,0.29599897964605715,0.19589233398437503
64,216097$_$5,missing,T,0.3,10,0.03475951804687498,0.09885986328125,0.2298320787451172,0.14339111328125
65,216097$_$4,missing,T,0.1,5,0.16362300937499957,0.061015625000000004,0.2627074932812497,0.27507812500000006
65,216097$_$4,missing,T,0.2,10,0.24443355624999957,0.08531250000000003,0.2930541729687497,0.24285156250000012
65,216097$_$4,missing,T,0.3,14,0.19543453281249956,0.08593750000000007,0.3184203839062497,0.20378906250000012
66,216097$_$7,missing,T,0.1,5,0.020410108750000065,0.0745703125,4.734521436875001,2.126328125
66,216097$_$7,missing,T,0.2,10,0.19562373179687506,0.17699218749999998,3.773118543808594,1.7676171875000002
66,216097$_$7,missing,T,0.3,15,0.336956739609375,0.21961914062499996,2.645420789902343,1.2745994567871093
67,216097$_$8,missing,T,0.1,2,0.456884765625,0.17785156250000012,4.748390197753906,1.1266047668457033
67,216097$_$8,missing,T,0.2,3,0.65577392578125,0.2543945312500001,4.149653625488281,1.0231396484375002
67,216097$_$8,missing,T,0.3,4,0.923956298828125,0.32742187500000003,3.091314697265625,0.8736987304687499
68,223431$_$11,missing,T,0.1,3,0.2740479265625,0.09542968749999997,2.5210694109375007,0.49255859375
68,223431$_$11,missing,T,0.2,6,0.501655653613281,0.15453124999999995,1.9540116106445318,0.40392578125
68,223431$_$11,missing,T,0.3,9,0.8094727312499999,0.21210937499999996,1.5691376407421873,0.370498046875
69,223431$_$10,missing,T,0.1,2,0.5156158704296875,0.16596679687499996,2.5637573499218744,0.527080078125
69,223431$_$10,missing,T,0.2,3,0.6822448987499999,0.19011718749999998,2.447918726875,0.5179833984375
69,223431$_$10,missing,T,0.3,4,0.7807480115429687,0.20139648437500002,2.4289551038281245,0.5289892578125
70,223431$_$13,missing,T,0.1,3,0.2844970415625003,0.0858984374999999,3.6605529497656257,0.9989990234375001
70,223431$_$13,missing,T,0.2,5,0.4379272173437503,0.14386718749999994,2.867828340390625,0.7710546875
70,223431$_$13,missing,T,0.3,8,0.7025939653906252,0.18339843749999996,2.035896272519531,0.5929101562499999
71,223431$_$0,missing,T,0.1,1,-0.65548099453125,0.09864990234375001,0.70120853359375,0.10100830078125003
71,223431$_$0,missing,T,0.2,1,-0.74693607265625,0.10336669921875001,0.60975345546875,0.09629150390625003
71,223431$_$0,missing,T,0.3,1,-0.65548099453125,0.09864990234375003,0.70120853359375,0.10100830078125003
72,223431$_$5,missing,T,0.1,2,-0.02316895031249997,0.03099609374999999,1.9599456837109368,0.08252197265625001
72,223431$_$5,missing,T,0.2,4,-0.45148926281250007,0.044238281250000004,1.3957168629101564,0.06340576171875
72,223431$_$5,missing,T,0.3,6,-0.24985962414062496,0.06083740234375,1.4596511890820314,0.06268310546875001
73,225770$_$3,missing,A,0.1,5,-0.021705616425781393,0.010742187500000005,0.5065566906445312,0.2706445312500001
73,225770$_$3,missing,A,0.2,10,-0.058546436738281395,0.021523437500000027,0.4398589977734376,0.22140625000000008
73,225770$_$3,missing,A,0.3,15,-0.10652464718750014,0.044863281250000026,0.36143645138671887,0.17396484375000007
74,225770$_$5,missing,T,0.1,1,-0.029412851796874938,0.006020507812499997,0.12474976585937494,0.0504638671875
74,225770$_$5,missing,T,0.2,2,0.0038701911108399044,0.012351074218749999,0.1527664244570312,0.037556152343749996
74,225770$_$5,missing,T,0.3,2,0.022748746408691466,0.016184082031249998,0.1554336637851562,0.03673095703125
75,225770$_$4,missing,T,0.1,4,0.22844692326171873,0.032769775390625006,0.2617843404804687,0.05596191406250001
75,225770$_$4,missing,T,0.2,7,0.14785762882812498,0.028289794921875007,0.25147245826953124,0.046585693359375
75,225770$_$4,missing,T,0.3,10,0.16773830509765625,0.034043579101562506,0.2650131151210938,0.0423931884765625
76,225770$_$6,missing,T,0.1,4,0.24853664900390626,0.09375976562499999,2.2269302036914067,0.13195800781250006
76,225770$_$6,missing,T,0.2,7,1.0016845371874996,0.16896636962890627,1.800006070390625,0.20557495117187502
76,225770$_$6,missing,T,0.3,10,1.298623624101562,0.2050889587402344,1.7043761908906252,0.2971453857421875
77,236021$_$12,missing,V,0.1,2,0.1289062293749998,0.05208984375000003,0.932128885625,0.32500000000000007
77,236021$_$12,missing,V,0.2,3,0.1822509559374998,0.07302734375,0.7016845496874998,0.25904296875000005
77,236021$_$12,missing,V,0.3,4,0.2310668739062498,0.09238281250000005,0.5452636512499998,0.20908203125000005
78,236021$_$1,missing,T,0.1,3,0.07375488300000002,0.06656295776367187,0.4793373109785156,0.33753112792968754
78,236021$_$1,missing,T,0.2,6,0.11395111102734376,0.08775070190429687,0.2595779420632812,0.23429636001586912
78,236021$_$1,missing,T,0.3,9,0.10145301837597658,0.07153724670410155,0.22610626235703127,0.21947021484375004
79,236021$_$3,missing,T,0.1,1,0.14833983124999986,0.050781249999999986,3.713671862500001,1.0745532226562502
79,236021$_$3,missing,T,0.2,2,0.20781248749999987,0.05871093750000006,2.4506835812499994,0.7302148437500001
79,236021$_$3,missing,T,0.3,3,0.5280517453125,0.17117187500000006,1.0460632199218751,0.29781250000000004
80,236021$_$2,missing,T,0.1,5,0.25575559648437507,0.15957885742187503,1.5350097843750001,1.075703125
80,236021$_$2,missing,T,0.2,10,0.056256084765625006,0.19904785156250002,0.94083253453125,0.8396875000000001
80,236021$_$2,missing,T,0.3,15,0.3049247554199219,0.25610023498535156,0.9485839956250001,0.728115234375
81,236021$_$5,missing,T,0.1,2,0.2308334469335936,0.17282226562500003,2.1430976986425785,0.16021484375000003
81,236021$_$5,missing,T,0.2,3,0.3019073605078123,0.20628906250000006,2.0716873287695314,0.17087890625
81,236021$_$5,missing,T,0.3,5,0.7553695797460938,0.16813476562500002,1.7327385067480467,0.17458496093750003
82,236021$_$4,missing,A,0.1,5,-0.050390575000000305,0.020664062500000035,0.5538573718750002,0.1547265625
82,236021$_$4,missing,A,0.2,10,-0.0739257312500003,0.025000000000000033,0.5118163562500001,0.15261718750000003
82,236021$_$4,missing,A,0.3,15,-0.16533198125000031,0.05460937500000003,0.3951171375000003,0.11976562500000007
83,237009$_$11,missing,T,0.1,1,0.32495730664062494,0.11468750000000005,3.0998306586914053,0.7248144531250001
83,237009$_$11,missing,T,0.2,2,0.5105285957031249,0.14382812500000003,2.9112671210937493,0.7389501953125001
83,237009$_$11,missing,T,0.3,3,0.5689590766601562,0.16935546875000004,2.5807876899414053,0.6577490234375001
84,237009$_$12,missing,T,0.1,5,0.15307615937499985,0.03117187500000005,1.1960204953125,0.19679687500000007
84,237009$_$12,missing,T,0.2,9,0.2842773312499999,0.05742187500000005,1.11972655,0.19460937500000006
84,237009$_$12,missing,T,0.3,14,0.3687499874999999,0.06953125000000003,1.0513915890625,0.1905078125
85,237009$_$4,missing,T,0.1,2,0.35908053349609387,0.13364257812499997,2.6123441977416997,0.581397705078125
85,237009$_$4,missing,T,0.2,4,0.579954556933594,0.18815429687499993,2.4343689246093754,0.55797119140625
85,237009$_$4,missing,T,0.3,6,1.0486023230468753,0.33784240722656245,1.916540364733887,0.46723388671875005
86,237009$_$7,missing,T,0.1,1,0.12021490624999984,0.050234375,4.744119325195311,1.5989678955078124
86,237009$_$7,missing,T,0.2,2,0.26518560937499985,0.10148437499999999,3.756008973632812,1.2711065673828128
86,237009$_$7,missing,T,0.3,3,0.7241699843749998,0.31890625000000006,1.70430914453125,0.56837890625
87,237009$_$9,missing,T,0.1,2,1.0147705365625002,0.38099609374999993,3.5633926679101555,1.300234375
87,237009$_$9,missing,T,0.2,3,1.25410159125,0.47724609374999993,3.370478849550781,1.2242425537109374
87,237009$_$9,missing,T,0.3,4,1.6253662396875002,0.6254101562499998,2.929252653261719,1.0759582519531248
88,241629$_$10,missing,T,0.1,2,0.11020509062500014,0.04664062500000006,3.4398071414062508,1.1432353973388674
88,241629$_$10,missing,T,0.2,4,0.27094727812500013,0.11132812500000007,1.222119153125,0.4659057617187502
88,241629$_$10,missing,T,0.3,6,0.3680664187500001,0.14765625000000004,0.81142579375,0.35968750000000005
89,241629$_$0,missing,T,0.1,2,0.5866286959570314,0.20457031250000007,2.8928832735937506,0.7222998046875
89,241629$_$0,missing,T,0.2,3,0.9707641329687501,0.323203125,2.4428100314062506,0.65404296875
89,241629$_$0,missing,T,0.3,4,1.4069610323828126,0.4497265625000001,1.9706176485937508,0.5598144531249999
90,241629$_$3,missing,T,0.1,3,0.21470335664062484,0.1205468750000001,3.688134562390137,1.5511031341552735
90,241629$_$3,missing,T,0.2,6,0.5596084469726563,0.3182617187500001,2.9160278195312492,1.2700778198242189
90,241629$_$3,missing,T,0.3,9,0.742987048046875,0.41989257812500014,2.4235366696289056,1.0777392578125002
91,241629$_$5,missing,T,0.1,3,0.12238156679687515,0.07578125000000004,3.294451879296875,0.7773876953125002
91,241629$_$5,missing,T,0.2,6,0.660308812890625,0.23765625000000004,2.4982497918945312,0.604521484375
91,241629$_$5,missing,T,0.3,9,0.6039443719726563,0.19783203125,2.2478225458007817,0.5703515625000001
92,241629$_$8,missing,T,0.1,5,-0.06608889218749985,0.04304687500000002,0.20466309843749997,0.26949218750000004
92,241629$_$8,missing,T,0.2,10,-0.09335939999999984,0.07906249999999998,0.2940185771874999,0.27484375
92,241629$_$8,missing,T,0.3,15,-0.16376955624999984,0.10195312499999995,0.2834228740624999,0.26285156249999997
93,243646$_$11,missing,T,0.1,2,0.08669436093749985,0.05992187499999998,3.741304041113282,0.9651123046875
93,243646$_$11,missing,T,0.2,4,0.24792482968749993,0.0933203125,2.9768036138671876,0.7987939453125001
93,243646$_$11,missing,T,0.3,6,0.44051668759765616,0.16140625,2.1363083135742182,0.6137451171875001
94,243646$_$12,missing,V,0.1,5,-0.027539075000000145,0.016914062500000004,0.49555665312499997,0.37488281249999994
94,243646$_$12,missing,V,0.2,10,-0.06196290312500015,0.04394531249999999,0.3863769656250001,0.28179687500000006
94,243646$_$12,missing,V,0.3,15,-0.10024415312500015,0.067265625,0.29584962187500013,0.21617187499999999
95,243646$_$9,missing,V,0.1,1,0.21743776907812506,0.020983886718750004,2.4937500064936557e-08,0.0002197265625000014
95,243646$_$9,missing,V,0.2,1,0.21743776907812506,0.020983886718750004,2.4937500064936557e-08,0.0002197265625000014
95,243646$_$9,missing,V,0.3,1,0.21743776907812506,0.020983886718750004,2.4937500064936557e-08,0.0002197265625000014
96,243646$_$8,missing,A,0.1,2,0.006408718281249781,0.005283203124999998,0.032971218281249784,0.023647460937499996
96,243646$_$8,missing,A,0.2,3,-0.002148410625000219,0.006982421874999999,0.03265382740624985,0.019843749999999997
96,243646$_$8,missing,A,0.3,4,0.004028347187499781,0.007863769531249997,0.022534185062499955,0.019592285156249997
97,247318$_$12,missing,T,0.1,2,0.18713377656249985,0.09585937499999994,2.5540191525390616,0.7150244140625002
97,247318$_$12,missing,T,0.2,3,0.2651428097656249,0.11685546874999997,2.6491973751953117,0.7523553466796875
97,247318$_$12,missing,T,0.3,4,0.23261717499999984,0.10359374999999997,2.3484863156249993,0.7199139404296876
98,247318$_$1,missing,T,0.1,2,-0.29136958390625,0.051447753906250004,0.8634810951367188,0.15203804016113281
98,247318$_$1,missing,T,0.2,4,-0.398974564375,0.06439147949218751,0.9128142860546875,0.14140689849853513
98,247318$_$1,missing,T,0.3,5,-0.5829463985577392,0.08683105468749999,0.8811294105664063,0.1307795715332031
99,247318$_$3,missing,T,0.1,1,1.2158385977343749,0.28235107421875,3.2396697744921865,0.6436132812500002
99,247318$_$3,missing,T,0.2,1,0.94832761140625,0.23774658203124996,3.592237828691405,0.7235998535156251
99,247318$_$3,missing,T,0.3,2,2.363623021562499,0.48408142089843753,2.3550094351367177,0.47593139648437505
100,247318$_$2,missing,T,0.1,2,-0.3077878805151367,0.1287103271484375,1.020460495566406,0.24934402465820313
100,247318$_$2,missing,T,0.2,4,-0.36013945064453123,0.18540664672851564,1.0222625585546872,0.2503952026367187
100,247318$_$2,missing,T,0.3,6,-0.5872649999609376,0.22024795532226565,0.8741760107031249,0.271156234741211
101,247318$_$5,missing,T,0.1,2,0.3064941359375,0.10013488769531251,1.5291427570117186,0.16873264312744146
101,247318$_$5,missing,T,0.2,4,0.6102264357421875,0.150133056640625,1.4639205895117187,0.23025390625000003
101,247318$_$5,missing,T,0.3,6,0.7841186476562501,0.1757151794433594,1.3944168053320312,0.25072692871093755
102,247318$_$7,missing,T,0.1,1,0.26331790859374954,0.09863281249999997,3.387872351953125,0.9316625976562498
102,247318$_$7,missing,T,0.2,2,0.39514163906249955,0.1630859375,2.4308868745703123,0.703076171875
102,247318$_$7,missing,T,0.3,2,0.4004883187499996,0.15011718749999994,2.94853518625,0.8195996093750001
103,247318$_$6,missing,A,0.1,1,-0.01998295078125003,0.0102294921875,0.17939457187500008,0.057058105468749995
103,247318$_$6,missing,A,0.2,1,-0.02253422031250003,0.014067382812499998,0.17664798984375008,0.053354492187500005
103,247318$_$6,missing,A,0.3,2,-0.07185062656250003,0.02422119140625,0.11180423984375003,0.038220214843749996
104,252998$_$1,missing,T,0.1,2,0.20903929539062496,0.07040771484375001,0.22986449070312495,0.11891113281249999
104,252998$_$1,missing,T,0.2,4,0.26377562351562495,0.09477600097656251,0.19732054651562497,0.095693359375
104,252998$_$1,missing,T,0.3,6,0.19869383640624996,0.080565185546875,0.20318602503124997,0.09261962890625
105,252998$_$0,missing,T,0.1,2,0.04445796968749995,0.038539428710937504,0.17667850492187503,0.12486610412597657
105,252998$_$0,missing,T,0.2,3,-0.039062538125000046,0.061920928955078135,0.1662592553872681,0.1170758056640625
105,252998$_$0,missing,T,0.3,5,-0.03623661039062505,0.07205276489257814,0.2532341346542969,0.12277711868286134
106,252998$_$5,missing,T,0.1,5,0.11640626250000015,0.04710937499999997,1.601348889453125,0.5154296875
106,252998$_$5,missing,T,0.2,9,0.22426759062500015,0.08468749999999994,1.0109375125,0.36968749999999995
106,252998$_$5,missing,T,0.3,13,0.33945313750000017,0.12832031249999992,0.8511718875,0.31113281249999997
107,252998$_$4,missing,T,0.1,5,0.01835788638671878,0.039843750000000004,0.38219906314062496,0.33699218750000004
107,252998$_$4,missing,T,0.2,10,0.10235599429687503,0.06306640625,0.3280410543007812,0.279296875
107,252998$_$4,missing,T,0.3,15,0.01120914371093753,0.11853515625,0.2685363732265625,0.2101953125
108,252998$_$7,missing,T,0.1,4,0.444488529453125,0.291510009765625,2.92644043375,1.4600781250000001
108,252998$_$7,missing,T,0.2,8,1.02413330484375,0.546845703125,2.8025939973906246,1.373260192871094
108,252998$_$7,missing,T,0.3,12,1.8586700480078122,0.8996691894531249,2.1119979882773436,1.1068115234375002
109,252998$_$8,missing,T,0.1,2,1.2665771387500002,0.3491406250000001,3.386853017656251,0.8041567993164064
109,252998$_$8,missing,T,0.2,3,1.8719970606250005,0.5112580871582033,3.0497177027148448,0.7375936889648437
109,252998$_$8,missing,T,0.3,4,2.024615468828126,0.5319616699218751,2.993182363359376,0.7388893127441406
110,257247$_$10,missing,T,0.1,1,0.29487298437500015,0.13316406249999993,4.863641294921877,0.966784324645996
110,257247$_$10,missing,T,0.2,2,0.5359130234375001,0.21492187499999998,3.9959548325195327,0.8648435974121094
110,257247$_$10,missing,T,0.3,3,1.0290297836914064,0.35160278320312494,2.6919570297851565,0.6784326171874999
111,257247$_$12,missing,T,0.1,2,0.14282220312500016,0.04562499999999997,3.1485228867187502,0.80953125
111,257247$_$12,missing,T,0.2,4,0.29531243750000014,0.08374999999999994,2.591197142089844,0.720986328125
111,257247$_$12,missing,T,0.3,6,0.5176757187500002,0.1636328125,1.5490050644531252,0.47318359374999996
112,257247$_$2,missing,T,0.1,2,-0.08819581953125,0.020932922363281255,1.0115112492187501,0.03943539619445802
112,257247$_$2,missing,T,0.2,4,-0.26154787031249993,0.03936643600463868,0.8975464054687501,0.04795269012451171
112,257247$_$2,missing,T,0.3,6,-0.39009401289062495,0.04788467407226564,0.8584104725463868,0.05634567260742188
113,258654$_$1,missing,A,0.1,5,-0.008105406250000158,0.01425781249999999,0.26308587500000014,0.16003906249999997
113,258654$_$1,missing,A,0.2,10,-0.02519525000000016,0.025781249999999978,0.20991204687500015,0.13035156249999993
113,258654$_$1,missing,A,0.3,15,-0.03852532812500016,0.033046874999999955,0.16865228125000015,0.10253906249999996
114,258654$_$3,missing,A,0.1,5,-0.015478496875000225,0.009765625000000023,0.3973632625000002,0.18359375000000006
114,258654$_$3,missing,A,0.2,10,-0.03852537187500023,0.01937500000000001,0.3495605281250002,0.15480468750000007
114,258654$_$3,missing,A,0.3,15,-0.07131345781250023,0.02878906250000004,0.2862792781250002,0.12074218750000006
115,258654$_$4,missing,V,0.1,2,-0.04836426843749999,0.014449462890625,0.3722166167651366,0.041718025207519535
115,258654$_$4,missing,V,0.2,3,-0.07586670984374999,0.021587524414062503,0.2942199813281249,0.037101097106933593
115,258654$_$4,missing,V,0.3,5,-0.112786875859375,0.0320123291015625,0.22608643640624998,0.039307346343994146
116,266791$_$24,missing,T,0.1,2,0.07954100312499986,0.04316406250000001,3.53201903046875,0.9960327148437502
116,266791$_$24,missing,T,0.2,4,0.11245115937499986,0.042890625000000036,2.520162951367187,0.6761572265625
116,266791$_$24,missing,T,0.3,5,0.16284178437499985,0.05503906250000003,1.9008987301757805,0.5307617187500001
117,266791$_$20,missing,T,0.1,4,0.6270477349609375,0.29676025390625,3.3213012749999997,1.11818359375
117,266791$_$20,missing,T,0.2,8,1.2157012994140621,0.5336865234375,3.118225103125,1.00583984375
117,266791$_$20,missing,T,0.3,11,1.957899480566406,0.6904882812500002,2.8039794976562495,0.9855371093750002
118,266791$_$21,missing,V,0.1,5,0.00375980312499955,0.005976562500000027,0.06870113437500044,0.05824218750000004
118,266791$_$21,missing,V,0.2,10,-0.01577144687500045,0.004609375000000038,0.06562496250000045,0.05253906250000005
118,266791$_$21,missing,V,0.3,15,-0.03164058750000045,0.0068359375000000226,0.06997066562500046,0.04054687500000002
119,266791$_$23,missing,T,0.1,4,0.06623229042968752,0.1551339721679688,0.48032226375000003,0.465224609375
119,266791$_$23,missing,T,0.2,7,-0.06810532553710938,0.16196929931640627,0.34509277437499997,0.39289550781250004
119,266791$_$23,missing,T,0.3,11,-0.1661048982910156,0.18168792724609378,0.4047470083398438,0.36015869140625006
120,266791$_$29,missing,A,0.1,1,-0.059423840499999915,0.013359374999999996,0.10686036393749991,0.01171875
120,266791$_$29,missing,A,0.2,1,-0.050610363937499916,0.010527343749999992,0.11552735612499987,0.013222656250000003
120,266791$_$29,missing,A,0.3,1,-0.06074830339062491,0.012541503906249996,0.10597535417187491,0.012895507812500002
121,266791$_$3,missing,A,0.1,2,0.051245165312499986,0.017265625000000007,0.5788818840624999,0.21350585937500002
121,266791$_$3,missing,A,0.2,4,0.08706059499999999,0.027724609375000025,0.4822510246874998,0.1729052734375
121,266791$_$3,missing,A,0.3,6,0.12388920828124998,0.03905273437500002,0.3976318840625,0.1361767578125
122,266791$_$5,missing,T,0.1,4,0.29887701562499985,0.12636718749999995,1.7634293227539062,0.530322265625
122,266791$_$5,missing,T,0.2,7,0.6611389785156249,0.25664062499999996,1.033380189453125,0.31975585937499995
122,266791$_$5,missing,T,0.3,10,0.5848877578124998,0.21296874999999993,1.446406617675781,0.4780078125
123,266791$_$4,missing,T,0.1,2,1.464422607421875,0.5549023437499999,3.3213897705078126,0.9412847900390625
123,266791$_$4,missing,T,0.2,3,1.2331649780273437,0.44761718749999985,3.6250396728515626,1.0935821533203125
123,266791$_$4,missing,T,0.3,4,0.974627685546875,0.3596874999999999,4.244313049316406,1.2770605468749998
124,266791$_$6,missing,T,0.1,4,0.18338626914062503,0.0192578125,1.5546692281249999,0.3841748046875001
124,266791$_$6,missing,T,0.2,8,0.39531864218749996,0.04969970703125,1.01766971640625,0.20041427612304688
124,266791$_$6,missing,T,0.3,11,0.40259403281249995,0.051118774414062505,0.9475647359374999,0.18452400207519531
125,266791$_$8,missing,A,0.1,2,0.08095703999999992,0.041894531250000006,0.4876464931249999,0.2028369140625
125,266791$_$8,missing,A,0.2,3,0.09643555562499992,0.045195312499999994,0.4668457118749999,0.19456542968750004
125,266791$_$8,missing,A,0.3,4,0.15053711812499992,0.06538085937500002,0.37604981343749994,0.16038574218749999
126,266791$_$11,missing,T,0.1,2,0.2580169624609375,0.1611624908447265,1.9246734566015626,0.3711820220947265
126,266791$_$11,missing,T,0.2,3,0.31100291674560554,0.19387130737304686,1.503546137796875,0.335107421875
126,266791$_$11,missing,T,0.3,4,0.6988918489736938,0.29755859374999993,1.0760955768046876,0.27787475585937493
127,266791$_$14,missing,T,0.1,3,0.17003174140624994,0.0828369140625,0.366363523828125,0.08737396240234374
127,266791$_$14,missing,T,0.2,6,0.19082031562499996,0.14561035156250002,0.4746643041406249,0.10371826171875001
127,266791$_$14,missing,T,0.3,8,0.008770755078124984,0.12524322509765626,0.4087020858398437,0.108773193359375
128,270254$_$23,missing,T,0.1,2,0.11679683999999976,0.07007812499999999,3.55927730875,0.6440712308883667
128,270254$_$23,missing,T,0.2,4,0.24284664468749978,0.08371093749999996,2.8976836808203124,0.5381074142456056
128,270254$_$23,missing,T,0.3,6,0.5878142960546875,0.15970703125000002,1.8121474869726562,0.3631494140625
129,270254$_$0,missing,T,0.1,2,0.10590823687500003,0.04297851562499998,1.3679993013281249,0.250576171875
129,270254$_$0,missing,T,0.2,4,0.29606936968750003,0.07400390624999997,1.1861206392187498,0.238330078125
129,270254$_$0,missing,T,0.3,6,0.47358401812500006,0.11839843749999998,1.0420776704687498,0.21802734375
130,270254$_$6,missing,T,0.1,4,0.40668944875000007,0.09169876098632812,0.552935792328125,0.14253387451171878
130,270254$_$6,missing,T,0.2,7,0.2632324175000001,0.08662078857421876,0.675018310984375,0.1509625244140625
130,270254$_$6,missing,T,0.3,10,0.3029357866406251,0.08843643188476563,0.5839447043359375,0.10623414039611814
131,270254$_$8,missing,T,0.1,3,0.10722663749999999,0.046015625000000046,2.134822157519532,0.6250683593749999
131,270254$_$8,missing,T,0.2,5,0.187060621875,0.06917968750000006,1.181514052050781,0.3619335937500001
131,270254$_$8,missing,T,0.3,8,0.2294922625,0.07796875000000002,0.8493653093749998,0.2995703125000001
132,270254$_$11,missing,A,0.1,1,0.12551270781249996,0.050458984375,0.7862304812499998,0.24249511718750005
132,270254$_$11,missing,A,0.2,2,0.285400403125,0.10231445312500002,0.6028320437499998,0.20348144531250006
132,270254$_$11,missing,A,0.3,2,0.27675782499999996,0.10170898437500002,0.6151367312499998,0.20521972656250004
133,270254$_$14,missing,T,0.1,1,0.16949463140625004,0.0514501953125,1.2333869959082029,0.20446533203125
133,270254$_$14,missing,T,0.2,2,0.26688232671875,0.08822326660156252,1.149373629208984,0.18537017822265628
133,270254$_$14,missing,T,0.3,3,0.35126953375000003,0.09192260742187501,1.0356536890234371,0.1749012088775635
134,270254$_$16,missing,T,0.1,2,-0.133294690234375,0.0699786376953125,1.4327087527343747,0.074677734375
134,270254$_$16,missing,T,0.2,3,-0.36609803496093746,0.0681756591796875,1.3990051394531249,0.07405761718750001
134,270254$_$16,missing,T,0.3,5,-0.6078735476562498,0.07982666015625,1.3926466113159177,0.06033935546875
135,272624$_$10,missing,A,0.1,5,-0.03937981406249964,0.016874999999999963,0.5083007124999994,0.29359375000000004
135,272624$_$10,missing,A,0.2,10,-0.08591301718749964,0.032773437499999954,0.41025383749999966,0.22621093749999996
135,272624$_$10,missing,A,0.3,15,-0.12116692343749964,0.04757812499999996,0.3395018843749996,0.1715624999999999
136,272624$_$13,missing,T,0.1,4,-0.33181534032226556,0.08490234375000003,1.979466245371094,0.8173272705078125
136,272624$_$13,missing,T,0.2,8,-0.3565727255761718,0.10302734375,1.0453596099799807,0.3839224624633789
136,272624$_$13,missing,T,0.3,12,-0.30010833958984373,0.17085937499999998,0.9942672729492188,0.3724545288085938
137,272624$_$12,missing,T,0.1,3,1.1190582153515627,0.18331359863281252,3.704586779804688,0.4540696716308593
137,272624$_$12,missing,T,0.2,5,1.669432055683594,0.23922203063964836,3.325314318867188,0.4083303833007813
137,272624$_$12,missing,T,0.3,7,1.5913390991406253,0.2252386474609374,3.3772903320507814,0.39211593627929686
138,272624$_$16,missing,A,0.1,5,-0.02180173281250015,0.01876953124999998,0.5636962640625001,0.3553124999999999
138,272624$_$16,missing,A,0.2,10,-0.06765134218750016,0.04529296874999998,0.4502685296875001,0.28250000000000003
138,272624$_$16,missing,A,0.3,15,-0.11794431093750016,0.06910156249999996,0.3520751703125001,0.222890625
139,272624$_$18,missing,T,0.1,4,-0.08909298132812511,0.06796760559082034,0.7964553470507812,0.17775512695312504
139,272624$_$18,missing,T,0.2,8,-0.16944729041015635,0.08250976562500001,0.8311431522265625,0.14723747253417968
139,272624$_$18,missing,T,0.3,11,-0.22742611121093761,0.08966735839843752,0.7663360233203125,0.13693725585937502
140,272624$_$2,missing,T,0.1,5,-0.04823604960937504,0.052373046874999975,1.3172806095507812,0.574801025390625
140,272624$_$2,missing,T,0.2,10,-0.25494991679687506,0.08638916015624998,0.7784988609570312,0.44452270507812497
140,272624$_$2,missing,T,0.3,14,-0.3199782981445313,0.16458435058593748,0.5519775321875,0.28684326171874996
141,272624$_$6,missing,A,0.1,4,-0.018951416328125026,0.023511962890625,0.19645996062499993,0.26439453125
141,272624$_$6,missing,A,0.2,7,-0.013195801093750025,0.03533081054687501,0.09708251940624998,0.21272460937499998
141,272624$_$6,missing,A,0.3,11,-0.04069213898437503,0.05749389648437501,0.08035888668749999,0.16318359374999997
142,272624$_$9,missing,A,0.1,5,-0.06286009554687495,0.03367187499999998,0.902642810390625,0.55900390625
142,272624$_$9,missing,A,0.2,10,-0.12914732699218745,0.06884277343749999,0.6959747195703123,0.4236376953125001
142,272624$_$9,missing,A,0.3,15,-0.19493712191406246,0.10386718749999999,0.5580137134057616,0.33517822265625
143,272624$_$8,missing,T,0.1,5,0.33144529999999983,0.12140625000000005,3.0080688351562492,0.8198730468750002
143,272624$_$8,missing,T,0.2,9,0.61972655,0.22925781250000007,2.3385696286132807,0.6543164062500001
143,272624$_$8,missing,T,0.3,13,0.86954344453125,0.26742187500000003,2.330375658886718,0.7023291015625002
144,273539$_$3,missing,T,0.1,3,0.06584466406250016,0.036484375,1.941014036621094,0.38249999999999995
144,273539$_$3,missing,T,0.2,6,0.15097650000000015,0.09246093749999998,1.560430845703125,0.37494140624999994
144,273539$_$3,missing,T,0.3,9,0.3031981796875002,0.15441406249999998,0.9417296800781252,0.26091796875
145,273539$_$2,missing,T,0.1,1,0.10454099068749993,0.013944702148437502,0.18100583443749993,0.02260288238525391
145,273539$_$2,missing,T,0.2,1,0.10840451607812493,0.014483032226562501,0.20523526558984367,0.02368686676025391
145,273539$_$2,missing,T,0.3,1,0.09833371529687493,0.014650878906250001,0.15705716500390618,0.021418380737304687
146,273539$_$9,missing,T,0.1,5,0.14797357031250016,0.11382812500000003,0.20576173749999996,0.4438281249999999
146,273539$_$9,missing,T,0.2,10,0.06474603125000016,0.14142578125,0.3466553234374999,0.39972656249999994
146,273539$_$9,missing,T,0.3,14,0.07414544531250016,0.21378906250000002,0.37421877499999995,0.3174218749999999
147,290546$_$3,missing,T,0.1,3,0.21103057392578126,0.10558105468749998,2.0135528517578125,0.35582645416259767
147,290546$_$3,missing,T,0.2,5,0.5031341505859375,0.17836425781250004,1.7705917316210935,0.3407962036132813
147,290546$_$3,missing,T,0.3,7,0.7109542799804688,0.17107055664062498,1.573158259472656,0.2807951354980468
148,290546$_$5,missing,T,0.1,4,0.11022946718750015,0.04019531250000001,1.533486913476563,0.24132812499999998
148,290546$_$5,missing,T,0.2,7,0.18066403750000015,0.06710937499999999,1.1942489374023442,0.20595703125
148,290546$_$5,missing,T,0.3,10,0.22687985781250006,0.08390625000000006,1.128123449121094,0.20216796874999998
149,290546$_$7,missing,T,0.1,5,-0.26266936802734375,0.13733821868896484,1.8556152298437496,1.1182763671875002
149,290546$_$7,missing,T,0.2,10,-0.44686889195312496,0.2909857177734375,1.4817077600468749,0.9268896484375002
149,290546$_$7,missing,T,0.3,15,-0.5733932449804687,0.3816165161132813,1.2144073454609372,0.738333740234375
150,290546$_$6,missing,T,0.1,1,0.092431640625,0.027919921874999996,1.5534271240234374,0.2514791870117187
150,290546$_$6,missing,T,0.2,2,0.33565673828125,0.06071533203124998,1.3493392944335938,0.2228937721252442
150,290546$_$6,missing,T,0.3,3,0.7507827758789063,0.12615966796875,0.9918243408203125,0.1565972137451172
151,2S00zYaVrtc$_$10,missing,T,0.1,2,0.3290893304687497,0.12555175781250003,4.4904723871093735,0.9710812377929688
151,2S00zYaVrtc$_$10,missing,T,0.2,4,0.8670898187499997,0.30957763671875005,4.015283941064451,0.89728759765625
151,2S00zYaVrtc$_$10,missing,T,0.3,6,1.707897161279297,0.58901611328125,3.107292150292969,0.7738114929199219
152,2S00zYaVrtc$_$12,missing,T,0.1,2,0.2883117957031251,0.09212890624999995,3.8996704382812504,0.709388427734375
152,2S00zYaVrtc$_$12,missing,T,0.2,4,0.7563431067382815,0.23353515624999996,3.1491852087890626,0.6502880859375
152,2S00zYaVrtc$_$12,missing,T,0.3,6,1.1362259192382815,0.32401367187499996,2.601010159960938,0.5914062499999999
153,2S00zYaVrtc$_$20,missing,T,0.1,2,0.3165282578124998,0.11105468750000003,3.5954955429687496,0.9539453125000001
153,2S00zYaVrtc$_$20,missing,T,0.2,4,0.6179442734374998,0.19949218750000006,2.9479155869140623,0.8191601562499999
153,2S00zYaVrtc$_$20,missing,T,0.3,5,0.8740096420898436,0.2768945312500001,2.497535643066406,0.714296875
154,2S00zYaVrtc$_$17,missing,T,0.1,2,0.7237167502148438,0.15474609374999998,2.388676467011718,0.28651245117187496
154,2S00zYaVrtc$_$17,missing,T,0.2,4,1.0657638693554687,0.19386718749999995,2.339335646699218,0.31883129358291623
154,2S00zYaVrtc$_$17,missing,T,0.3,6,1.5066299582226563,0.2715336608886718,2.164982619355468,0.29152893066406255
155,2S00zYaVrtc$_$5,missing,T,0.1,3,0.20566404999999985,0.07496093750000005,3.86724225224762,1.032314453125
155,2S00zYaVrtc$_$5,missing,T,0.2,5,0.37362059296874983,0.1350781250000001,3.0642639035156245,0.8771386718750002
155,2S00zYaVrtc$_$5,missing,T,0.3,8,0.639361559765625,0.22082031250000006,2.2099365109374993,0.6889648437500002
156,2S00zYaVrtc$_$4,missing,T,0.1,2,0.34324494644140613,0.11210937499999998,3.2992523316953117,0.5339871978759766
156,2S00zYaVrtc$_$4,missing,T,0.2,4,0.4864761476132811,0.138466796875,2.970358288726562,0.520247802734375
156,2S00zYaVrtc$_$4,missing,T,0.3,6,0.9670333985898438,0.24287597656249998,2.264663708648437,0.4251513671874999
157,2Xt31_d0XEE$_$2,missing,T,0.1,3,0.07969968203125015,0.024609374999999944,1.5843551385742192,0.39367187499999995
157,2Xt31_d0XEE$_$2,missing,T,0.2,5,0.11773679140625015,0.029921874999999976,1.096781896386719,0.27671874999999996
157,2Xt31_d0XEE$_$2,missing,T,0.3,8,0.22382810000000014,0.053398437499999965,0.6872131097656251,0.17246093749999997
158,31474$_$11,missing,T,0.1,1,-0.22702025554687494,0.02547924041748047,1.507928458671875,0.07752685546875002
158,31474$_$11,missing,T,0.2,2,-0.5394103922656251,0.05194469928741456,1.2864314951708986,0.081781005859375
158,31474$_$11,missing,T,0.3,3,-0.8677184977343751,0.07290893554687503,0.9621398844531251,0.07230484008789062
159,31474$_$14,missing,T,0.1,2,0.254339602734375,0.13770385742187502,3.156744387890625,0.2744665527343751
159,31474$_$14,missing,T,0.2,4,0.7082368881958008,0.2360422515869141,2.567481997128907,0.4021691894531251
159,31474$_$14,missing,T,0.3,5,1.2426208527343747,0.3785491943359375,2.2492601419653324,0.368154296875
160,31474$_$0,missing,T,0.1,3,0.24567876093749996,0.07132812500000005,2.1507614635742183,0.4877621459960938
160,31474$_$0,missing,T,0.2,5,0.41660161250000005,0.12063476562500001,1.9730713390624994,0.4294482421875001
160,31474$_$0,missing,T,0.3,7,0.6958252453125001,0.1819921875,1.5891815685546877,0.36609375
161,31474$_$3,missing,T,0.1,3,-0.08041511287841793,0.034425048828125006,0.4036864828124999,0.09674285888671877
161,31474$_$3,missing,T,0.2,5,-0.09870277156982418,0.054597167968750006,0.39594418136718745,0.09664672851562502
161,31474$_$3,missing,T,0.3,8,-0.17183528652343744,0.08218666076660157,0.4454877685562133,0.05787536621093751
162,31474$_$6,missing,T,0.1,2,0.04306634375000016,0.015000000000000003,3.2730239243164063,0.8763867187499998
162,31474$_$6,missing,T,0.2,4,0.08671868750000016,0.028437499999999984,1.1849929184570314,0.31408203124999995
162,31474$_$6,missing,T,0.3,5,0.13173821875000016,0.034609375,0.7448729843750002,0.21371093749999992
163,31474$_$9,missing,T,0.1,1,0.527935791015625,0.16662109374999995,4.2778076171875,1.2171044921875
163,31474$_$9,missing,T,0.2,2,0.9995346069335938,0.30623046875,3.6526519775390627,1.0186039733886718
163,31474$_$9,missing,T,0.3,3,1.6440216064453126,0.4899658203125,2.7246170043945312,0.78947021484375
164,31474$_$8,missing,T,0.1,1,0.2072875601562501,0.074921875,4.339376793554687,0.9704785156249998
164,31474$_$8,missing,T,0.2,2,1.1161620718749998,0.354677734375,2.3044555289062503,0.5302514648437501
164,31474$_$8,missing,T,0.3,3,1.0904906851562497,0.296796875,2.455255089453125,0.5936206054687501
165,32681$_$1,missing,T,0.1,3,-0.3065795908593749,0.3125920104980469,1.1276031489062501,0.44920410156249996
165,32681$_$1,missing,T,0.2,5,-0.3806137095117187,0.413433837890625,1.3908599847421876,0.40903167724609385
165,32681$_$1,missing,T,0.3,7,0.15153198140625007,0.32787689208984383,0.9713150023398438,0.570601806640625
166,32681$_$3,missing,T,0.1,4,0.13457025000000017,0.03597656250000012,2.664366087402344,0.6206250000000001
166,32681$_$3,missing,T,0.2,8,0.27485345312500015,0.07175781250000006,1.5883483261718752,0.3458203125000001
166,32681$_$3,missing,T,0.3,12,0.4056151718750002,0.09640625000000011,1.3531447739257814,0.30101562500000006
167,32681$_$5,missing,T,0.1,4,0.07626958124999969,0.06390624999999998,1.684063770703125,0.20472656250000004
167,32681$_$5,missing,T,0.2,8,-0.006103465625000304,0.07425781249999996,1.1502151989257812,0.13886718749999996
167,32681$_$5,missing,T,0.3,12,0.0528320812499997,0.08722656249999997,0.6258179210937499,0.08855468749999997
168,32681$_$6,missing,T,0.1,3,0.3005615546874999,0.09789062499999995,3.120837433593749,0.7991992187499999
168,32681$_$6,missing,T,0.2,6,0.54902346875,0.15937499999999996,2.6640945747070304,0.7115087890624998
168,32681$_$6,missing,T,0.3,9,0.8285126044921874,0.24576171874999994,2.1941650703124993,0.5766601562499999
169,33170$_$1,missing,T,0.1,5,0.19500430214843759,0.14796875000000004,0.6521423042968749,0.23902343749999994
169,33170$_$1,missing,T,0.2,10,0.25812533486328126,0.17123046875,0.5361785710546874,0.19253906249999997
169,33170$_$1,missing,T,0.3,15,0.2408111869140626,0.14808593750000004,0.48631285136718744,0.16583984375
170,33170$_$3,missing,T,0.1,4,0.7214904410156251,0.4027630615234375,1.3321121028320309,0.58210205078125
170,33170$_$3,missing,T,0.2,7,0.7284850699218751,0.40113281250000005,1.5310088886328124,0.79132080078125
170,33170$_$3,missing,T,0.3,11,1.4174132925781247,0.7691455078125,1.6369170992578124,0.8916259765625
171,33170$_$4,missing,T,0.1,4,0.25498046875,0.13531250000000003,2.8342864990234373,0.7568359375000002
171,33170$_$4,missing,T,0.2,7,0.4678955078125,0.19777343750000007,2.10533447265625,0.5630273437500002
171,33170$_$4,missing,T,0.3,10,0.4755615234375,0.1527343750000001,2.0404434204101562,0.5859619140625001
172,3MFNIag0wNE$_$12,missing,V,0.1,5,-0.006494078125000158,0.007109375000000029,0.039355406250000155,0.04156250000000006
172,3MFNIag0wNE$_$12,missing,V,0.2,10,-0.01987298437500016,0.004843750000000013,0.04868157812500016,0.03363281250000004
172,3MFNIag0wNE$_$12,missing,V,0.3,15,-0.03974603125000016,0.006640624999999978,0.05600579687500016,0.01972656250000008
173,3MFNIag0wNE$_$14,missing,T,0.1,4,0.0858886218750003,0.009492187500000004,1.860946605273438,0.30802734375
173,3MFNIag0wNE$_$14,missing,T,0.2,7,0.2081542468750003,0.056914062499999994,1.106780955859375,0.16093750000000004
173,3MFNIag0wNE$_$14,missing,T,0.3,10,0.2764159656250003,0.0640625,0.9664306140625001,0.16921875000000006
174,3MFNIag0wNE$_$16,missing,T,0.1,3,-0.4822021109375001,0.108232421875,1.8629485708984372,0.3037212395668029
174,3MFNIag0wNE$_$16,missing,T,0.2,5,-0.8453673941406249,0.17180463790893555,1.8040221792968747,0.27533749580383293
174,3MFNIag0wNE$_$16,missing,T,0.3,7,-1.0908202749999998,0.20508300781250002,1.644953880957031,0.2543006896972656
175,3MFNIag0wNE$_$7,missing,A,0.1,2,-0.008023077507812514,0.009892578125000002,0.5814376768867188,0.12687500000000002
175,3MFNIag0wNE$_$7,missing,A,0.2,4,0.023239129523437485,0.010563964843750002,0.34265136096875,0.074794921875
175,3MFNIag0wNE$_$7,missing,A,0.3,6,0.021179192999999985,0.018503417968749998,0.2640350279609375,0.05311035156250001
176,3V2qm0rw920$_$11,missing,T,0.1,2,0.142822249375,0.05076660156249999,1.306109412155762,0.2706484985351562
176,3V2qm0rw920$_$11,missing,T,0.2,4,0.22285154624999998,0.06662597656249998,1.1252986745458986,0.22226531982421874
176,3V2qm0rw920$_$11,missing,T,0.3,6,0.3761108235937499,0.09508300781249998,0.9373779134375002,0.18958374023437502
177,3V2qm0rw920$_$13,missing,T,0.1,3,0.11076054429687528,0.03730468749999992,2.7339600071875005,0.7353784179687499
177,3V2qm0rw920$_$13,missing,T,0.2,6,0.25425419664062526,0.07511718749999993,1.821517990585938,0.542138671875
177,3V2qm0rw920$_$13,missing,T,0.3,9,0.3858398900000003,0.11808593749999992,1.3774704441992192,0.4333984374999999
178,3V2qm0rw920$_$3,missing,T,0.1,2,-0.21940918218750002,0.03453491210937502,1.1678558374609371,0.15307788848876952
178,3V2qm0rw920$_$3,missing,T,0.2,3,-0.25316162359375005,0.048295402526855484,1.1519613290991209,0.13489734649658205
178,3V2qm0rw920$_$3,missing,T,0.3,5,-0.51055908453125,0.07799430370330811,0.9224304224218749,0.11802154541015626
179,3j94B0pzSVs$_$12,missing,T,0.1,2,0.4819244637890622,0.14780273437500002,2.9703491464062504,0.6249710083007813
179,3j94B0pzSVs$_$12,missing,T,0.2,3,0.7511474862499995,0.21937499999999996,2.5511230721875,0.5673536682128908
179,3j94B0pzSVs$_$12,missing,T,0.3,4,1.0440002694531245,0.28666015625,2.1370605721875,0.5064038085937501
180,3j94B0pzSVs$_$17,missing,T,0.1,3,0.21213380156250014,0.1082421875,3.119282544238282,0.45071655273437494
180,3j94B0pzSVs$_$17,missing,T,0.2,5,0.5650650149414063,0.18168945312499998,2.381208811269532,0.39373046875000006
180,3j94B0pzSVs$_$17,missing,T,0.3,7,0.655963147265625,0.232373046875,2.444575510488282,0.4667358398437499
181,3j94B0pzSVs$_$1,missing,T,0.1,4,0.049859611640625,0.04345214843749999,1.2300659119687503,0.2566220092773438
181,3j94B0pzSVs$_$1,missing,T,0.2,7,0.28433379376953133,0.04229248046874999,1.3318496629101564,0.15215042114257815
181,3j94B0pzSVs$_$1,missing,T,0.3,11,0.5911773606640625,0.04804931640625,1.2984634324414064,0.09660766601562498
182,3j94B0pzSVs$_$0,missing,T,0.1,3,-0.1278075828125001,0.052196044921875004,0.6138061764062501,0.48021484374999995
182,3j94B0pzSVs$_$0,missing,T,0.2,6,-0.2382169379760743,0.06195415496826173,0.4396056991406249,0.2866015625000001
182,3j94B0pzSVs$_$0,missing,T,0.3,9,-0.2857482566406251,0.07736760139465332,0.39734495351562504,0.192225341796875
183,4cFeG2ydm9A$_$8,missing,T,0.1,2,0.13880619234374975,0.09230468750000007,2.0713013095312505,0.4529589843750002
183,4cFeG2ydm9A$_$8,missing,T,0.2,4,0.37789615816406225,0.14669921875000008,1.3628662509374998,0.3094921875000002
183,4cFeG2ydm9A$_$8,missing,T,0.3,5,0.3389686984472654,0.13343750000000004,1.3559265536718748,0.3221875000000002
184,4dV3slGSc60$_$10,missing,T,0.1,3,0.18996577656249994,0.0517578125,2.297442583203125,0.277705078125
184,4dV3slGSc60$_$10,missing,T,0.2,5,0.42216792499999994,0.09010742187500001,1.86855464375,0.251640625
184,4dV3slGSc60$_$10,missing,T,0.3,7,0.5996093312500002,0.10867187500000001,1.54732661640625,0.22823242187499998
185,4dV3slGSc60$_$12,missing,T,0.1,2,0.14366456578124992,0.061972656250000056,1.9234314114843745,0.47282958984375006
185,4dV3slGSc60$_$12,missing,T,0.2,4,0.2938720853124998,0.10470703125000005,1.58861085484375,0.42351074218750007
185,4dV3slGSc60$_$12,missing,T,0.3,6,0.4576416165624998,0.15600585937500003,1.3134277493750002,0.3770898437500001
186,4dV3slGSc60$_$22,missing,T,0.1,5,0.2092041390625,0.054765625,3.10762943203125,1.0404052734375
186,4dV3slGSc60$_$22,missing,T,0.2,10,0.4043457406249999,0.08726562499999996,2.704785003015137,0.711324462890625
186,4dV3slGSc60$_$22,missing,T,0.3,15,0.7474365609374999,0.14270507812499997,2.1184538500991823,0.31754989624023433
187,4dV3slGSc60$_$9,missing,T,0.1,2,0.22019041406250003,0.05921875000000001,2.1677827678833013,0.45864990234374997
187,4dV3slGSc60$_$9,missing,T,0.2,4,0.50384519921875,0.13301757812500004,1.7186767421875004,0.36412475585937504
187,4dV3slGSc60$_$9,missing,T,0.3,6,0.721942123046875,0.18472656250000002,1.4007812343750004,0.31591796875
188,4dV3slGSc60$_$8,missing,T,0.1,3,0.17853388929687472,0.07253906249999992,2.766055251601562,0.864287109375
188,4dV3slGSc60$_$8,missing,T,0.2,5,0.28392329359374974,0.10937499999999993,2.174940444472656,0.7272558593749999
188,4dV3slGSc60$_$8,missing,T,0.3,8,0.5288085474999995,0.21505859374999997,1.4475753321679683,0.5141601562499999
189,50103$_$3,missing,A,0.1,5,-0.009033140625000158,0.007109374999999918,0.09580071875000015,0.07781249999999992
189,50103$_$3,missing,A,0.2,9,-0.016259703125000156,0.012734374999999932,0.08984368750000016,0.0702343749999999
189,50103$_$3,missing,A,0.3,14,-0.028808531250000158,0.022421874999999914,0.07700189062500015,0.0587499999999999
190,5B0PQx3Ep3k$_$5,missing,T,0.1,3,0.11430049335937494,0.04041015625,2.704363969921875,0.5510989379882814
190,5B0PQx3Ep3k$_$5,missing,T,0.2,6,0.32487788593749994,0.08138671875,2.0646239796875,0.3872998046875
190,5B0PQx3Ep3k$_$5,missing,T,0.3,9,0.6379149953125001,0.146396484375,1.49180903828125,0.29123046874999997
191,5O1W39o56gg$_$1,missing,V,0.1,2,-0.008837953124999954,0.014101562500000015,0.26711432031249993,0.09644531250000003
191,5O1W39o56gg$_$1,missing,V,0.2,3,-0.026269593749999952,0.023574218750000014,0.20871588281249992,0.08428222656250003
191,5O1W39o56gg$_$1,missing,V,0.3,5,-0.03435064843749995,0.03390625000000002,0.14887700937499995,0.06778320312500004
192,5O1W39o56gg$_$2,missing,T,0.1,2,-0.18818361249999996,0.038911132812500006,1.1366867252929689,0.2401914978027344
192,5O1W39o56gg$_$2,missing,T,0.2,4,-0.40482179609374996,0.070537109375,1.0722593494995118,0.19936920166015626
192,5O1W39o56gg$_$2,missing,T,0.3,5,-0.5359375187500002,0.0950146484375,1.0127929875000001,0.17442352294921876
193,5O1W39o56gg$_$9,missing,T,0.1,2,0.23271784636718715,0.06617187499999999,2.4936339840625,0.68111328125
193,5O1W39o56gg$_$9,missing,T,0.2,3,0.26340021941406205,0.07906249999999997,2.39596552703125,0.6511914062499999
193,5O1W39o56gg$_$9,missing,T,0.3,5,0.6544448361132809,0.17556640624999997,1.80796503875,0.48902343749999994
194,5i6AgQSjXO4$_$3,missing,T,0.1,2,-0.07541502656250007,0.025624999999999988,0.27416993312499993,0.039765625000000034
194,5i6AgQSjXO4$_$3,missing,T,0.2,4,-0.08327635468750008,0.021484374999999965,0.27150880031249996,0.03575195312500002
194,5i6AgQSjXO4$_$3,missing,T,0.3,6,-0.03349608125000007,0.026162109374999992,0.21027832906249996,0.026250000000000023
195,5i6AgQSjXO4$_$2,missing,T,0.1,3,0.10726009902343744,0.060957031249999995,1.6404784828124999,0.49956787109375
195,5i6AgQSjXO4$_$2,missing,T,0.2,6,0.19800411757812492,0.08943359375000001,1.5151733070312496,0.41277832031250006
195,5i6AgQSjXO4$_$2,missing,T,0.3,9,0.4268005042968749,0.12884765625,1.1969298988281245,0.27420654296875
196,5i6AgQSjXO4$_$6,missing,A,0.1,1,-0.04495845865625001,0.012358398437500005,0.3843742949904785,0.09387512207031248
196,5i6AgQSjXO4$_$6,missing,A,0.2,2,-0.09118631910699464,0.025751953124999998,0.3530515296401367,0.085941162109375
196,5i6AgQSjXO4$_$6,missing,A,0.3,3,-0.14114986490624998,0.03867919921875,0.31752852033990475,0.0776904296875
197,5kaCGzjYukM$_$0,missing,T,0.1,4,-0.17335507753906237,0.059260253906250004,0.23524170671875005,0.6387988281250001
197,5kaCGzjYukM$_$0,missing,T,0.2,7,-0.30312726381835925,0.10193389892578124,0.3918090620312499,0.42601562500000006
197,5kaCGzjYukM$_$0,missing,T,0.3,11,-0.473761724267578,0.15275543212890627,0.5059936273437499,0.29935058593749997
198,5kaCGzjYukM$_$3,missing,V,0.1,3,0.048529095234374965,0.03189453124999999,0.6595947690624999,0.36222656250000007
198,5kaCGzjYukM$_$3,missing,V,0.2,6,0.10308842140624996,0.06330078125000002,0.5050598569531249,0.29255859375000004
198,5kaCGzjYukM$_$3,missing,V,0.3,9,0.15855106789062495,0.09839843750000003,0.38444218117187495,0.22916015625
199,5kaCGzjYukM$_$2,missing,T,0.1,4,-0.0045410531249999945,0.060078125000000024,0.8792419171093752,0.24966796875000002
199,5kaCGzjYukM$_$2,missing,T,0.2,8,-0.078076209375,0.08507812500000005,0.6887054180859377,0.25410156250000004
199,5kaCGzjYukM$_$2,missing,T,0.3,11,-0.04765628749999999,0.10976562500000009,0.38811035531249993,0.20085937500000006
200,5kaCGzjYukM$_$5,missing,T,0.1,4,0.10629886562499954,0.04140624999999999,1.3868851083007812,0.19375
200,5kaCGzjYukM$_$5,missing,T,0.2,7,0.24438480312499955,0.065859375,1.1455505708593747,0.19992187500000003
200,5kaCGzjYukM$_$5,missing,T,0.3,10,0.32978519374999954,0.11253906250000001,0.880738864316406,0.20558593750000004
201,5kaCGzjYukM$_$7,missing,T,0.1,5,0.37835696609375,0.16132812500000004,6.0291504231249995,2.486093750000001
201,5kaCGzjYukM$_$7,missing,T,0.2,10,0.8288925495898439,0.328583984375,4.7531494465624995,2.05658203125
201,5kaCGzjYukM$_$7,missing,T,0.3,15,1.2318359700000001,0.5027441406250002,3.039175280646057,1.2566632080078128
202,6KvG5VbLalY$_$9,missing,T,0.1,4,0.05937498749999996,0.02362304687499997,0.835858141796875,0.16595825195312494
202,6KvG5VbLalY$_$9,missing,T,0.2,8,0.06218260468749994,0.02083007812499999,0.81636961640625,0.11548828124999996
202,6KvG5VbLalY$_$9,missing,T,0.3,12,0.18344725312499993,0.03777343749999999,0.6319457882812501,0.0784326171875
203,6ZA8I83x-oY$_$0,missing,T,0.1,3,0.24659729128906252,0.0657421875,1.6043121350390628,0.23790756225585935
203,6ZA8I83x-oY$_$0,missing,T,0.2,5,0.365618897734375,0.11164916992187499,1.4980651867968753,0.22084259033203119
203,6ZA8I83x-oY$_$0,missing,T,0.3,7,0.6783599866015624,0.15233886718749995,1.1546325696093753,0.15048141479492189
204,6ZA8I83x-oY$_$2,missing,T,0.1,5,0.23470460234375015,0.09769531250000009,4.817648327929687,1.9935253906250003
204,6ZA8I83x-oY$_$2,missing,T,0.2,10,0.5003662234374999,0.1982812500000001,3.65770264921875,1.455625
204,6ZA8I83x-oY$_$2,missing,T,0.3,15,0.6810272341796875,0.2616015625000001,2.7106994753906255,0.9665228271484375
205,6hFiTU77Sm0$_$1,missing,V,0.1,2,0.07587891124999997,0.044272460937499994,0.7379211475781251,0.17946655273437498
205,6hFiTU77Sm0$_$1,missing,V,0.2,3,0.04580078624999997,0.037236328125,0.73070068859375,0.19068420410156245
205,6hFiTU77Sm0$_$1,missing,V,0.3,5,0.16193237804687496,0.07162109374999996,0.3727508589921875,0.10942016601562499
206,6hFiTU77Sm0$_$2,missing,A,0.1,2,-0.031692531757812614,0.012106323242187498,0.1323364042812499,0.08388374328613282
206,6hFiTU77Sm0$_$2,missing,A,0.2,4,-0.04594881837890637,0.025306453704833986,0.12980955956249995,0.06918598175048829
206,6hFiTU77Sm0$_$2,missing,A,0.3,5,-0.060980251484375116,0.025185546875,0.116717529296875,0.06593212127685547
207,6uPGcKTpC4I$_$1,missing,T,0.1,3,0.12149814259765623,0.04134765625000002,2.0466369975781253,0.5608984375
207,6uPGcKTpC4I$_$1,missing,T,0.2,6,0.3286163676953125,0.07935546875000002,1.7747803081250002,0.42707763671875004
207,6uPGcKTpC4I$_$1,missing,T,0.3,9,0.5207336772656248,0.11531250000000001,1.4979431499218747,0.33548217773437505
208,6uPGcKTpC4I$_$2,missing,T,0.1,4,0.19647370166015624,0.07246093749999999,2.2572385866088873,0.59655029296875
208,6uPGcKTpC4I$_$2,missing,T,0.2,7,0.3504974443359375,0.08732421874999999,1.8940307695312502,0.428125
208,6uPGcKTpC4I$_$2,missing,T,0.3,10,0.555036934082031,0.12839843750000002,1.5642059404296873,0.35666015624999997
209,6uPGcKTpC4I$_$6,missing,V,0.1,2,0.04086910312500001,0.026367187499999993,0.7154296500000001,0.15177734375
209,6uPGcKTpC4I$_$6,missing,V,0.2,4,0.1425780875,0.03792968749999999,0.6219237906250001,0.13310546874999996
209,6uPGcKTpC4I$_$6,missing,V,0.3,5,0.2373046500000001,0.05986328125,0.5266845328125,0.10587890624999999
210,70280$_$11,missing,T,0.1,3,0.06157227812500014,0.05917968750000001,3.4565094119140625,1.091698467731476
210,70280$_$11,missing,T,0.2,5,0.18999024687500016,0.09972656250000003,2.725685132128907,0.8481982421875
210,70280$_$11,missing,T,0.3,7,0.31779786406250016,0.17429687500000002,1.9953735476562506,0.6262109375
211,70280$_$3,missing,T,0.1,3,0.11033931796875,0.05251953124999999,3.9261703116210938,0.8303802490234375
211,70280$_$3,missing,T,0.2,5,0.27134853427734384,0.10695312499999998,3.31627193515625,0.7396305847167969
211,70280$_$3,missing,T,0.3,8,0.48074489658203134,0.16341796874999998,2.248173485449219,0.5510845947265626
212,70280$_$4,missing,T,0.1,3,0.41474604375,0.10333984374999998,2.7640563464843755,0.47811523437499986
212,70280$_$4,missing,T,0.2,5,0.7618651843749997,0.18562499999999998,2.2826110339843755,0.41576171874999995
212,70280$_$4,missing,T,0.3,7,0.9728087878906247,0.22802734374999994,2.1317565417968756,0.41657714843749993
213,70280$_$6,missing,T,0.1,3,-0.005039230244140635,0.19246398925781252,1.532427964875,0.19846069335937497
213,70280$_$6,missing,T,0.2,6,-0.5440048369335937,0.3618017578125,1.1843109055078125,0.2796881103515625
213,70280$_$6,missing,T,0.3,8,-0.3759351881909179,0.347633056640625,0.8873260422265625,0.30167846679687504
214,75RGHaxmUK8$_$3,missing,T,0.1,2,0.1356200796875,0.040234374999999975,1.5466064078124997,0.22925292968749997
214,75RGHaxmUK8$_$3,missing,T,0.2,4,0.2873290640625001,0.07408203124999997,1.2931884390624997,0.20172363281249997
214,75RGHaxmUK8$_$3,missing,T,0.3,6,0.4296142203125001,0.10402343749999998,1.0578002554687498,0.17564941406249995
215,75RGHaxmUK8$_$5,missing,A,0.1,2,-0.0098388671875,0.014789991378784137,0.0693603515625,0.03403869628906246
215,75RGHaxmUK8$_$5,missing,A,0.2,3,-0.02657470703125,0.0174037933349609,0.06207275390625,0.03662536621093746
215,75RGHaxmUK8$_$5,missing,A,0.3,4,-0.04412841796875,0.022211685180664024,0.06556396484375,0.03545166015624996
216,7_K3F-lAv1k$_$2,missing,T,0.1,5,0.27866668357421875,0.09666992187500002,2.7432128871875,0.9728857421875
216,7_K3F-lAv1k$_$2,missing,T,0.2,9,0.5655319179492189,0.18860656738281253,2.25008544578125,0.7205126953125001
216,7_K3F-lAv1k$_$2,missing,T,0.3,13,0.8106153453784181,0.24507080078125001,1.7482315029101563,0.44904052734375
217,7r4vRxKLFCA$_$6,missing,T,0.1,4,0.20494840904296874,0.09361328125000004,3.041799910507813,1.0242041015625
217,7r4vRxKLFCA$_$6,missing,T,0.2,8,0.43203581138671865,0.16843750000000002,2.4796844319921876,0.7492333984375
217,7r4vRxKLFCA$_$6,missing,T,0.3,12,0.6648605184179687,0.24646484375000002,1.9735320882421878,0.5919531250000001
218,80566$_$1,missing,T,0.1,2,0.4420196184765624,0.17299804687499998,3.0750610003124996,0.6688134765625
218,80566$_$1,missing,T,0.2,3,0.7042144426953122,0.250791015625,2.7758910784374997,0.6445263671875
218,80566$_$1,missing,T,0.3,4,0.8905791887890622,0.30037109375000004,2.5579101214062496,0.6262841796874999
219,80566$_$0,missing,A,0.1,2,-0.01814792272307102,0.0135693359375,0.05211565610624973,0.05632812499999999
219,80566$_$0,missing,A,0.2,3,-0.03476169225432102,0.017397460937500005,0.05853655454374973,0.051837158203125
219,80566$_$0,missing,A,0.3,4,-0.04272081968046848,0.024755859375,0.07702410337187474,0.04146484375000001
220,80566$_$3,missing,T,0.1,2,-0.2091553296874999,0.044960937500000006,1.69132085703125,0.15249927520751952
220,80566$_$3,missing,T,0.2,4,-0.5325972165893553,0.08457305908203125,1.4816162671874995,0.14107200622558594
220,80566$_$3,missing,T,0.3,6,-0.6599854078124998,0.10352511882781983,1.401528986914062,0.15147796630859373
221,80566$_$2,missing,T,0.1,2,-0.2938842373437501,0.040469551086425776,1.4234159069604493,0.048309326171874986
221,80566$_$2,missing,T,0.2,3,-0.4127074795312501,0.04875152587890626,1.3481748180932618,0.05708602905273437
221,80566$_$2,missing,T,0.3,5,-0.696844442421875,0.06549095153808594,1.13489986234375,0.07046080827713011
222,80566$_$4,missing,V,0.1,1,0.06240234062499996,0.049384765625,0.384771725390625,0.2927099609375
222,80566$_$4,missing,V,0.2,2,0.06022948906249996,0.05987792968750001,0.256402584765625,0.21563011169433594
222,80566$_$4,missing,V,0.3,3,0.08658446953124996,0.09089599609375001,0.17655028984375,0.15916564941406253
223,80566$_$6,missing,T,0.1,2,0.22979886728515622,0.0627734375,2.8710082789062494,0.5826367187500001
223,80566$_$6,missing,T,0.2,4,0.5004318018554688,0.135,2.4341613550781243,0.45306152343750006
223,80566$_$6,missing,T,0.3,6,0.6594619532226563,0.16105468750000002,2.3610290308593744,0.4440576171875
224,80855$_$11,missing,T,0.1,2,-0.09899295398437494,0.02433929443359375,0.2513779027148438,0.0722686767578125
224,80855$_$11,missing,T,0.2,3,-0.09283431598388665,0.024004821777343754,0.248297153203125,0.07254344940185546
224,80855$_$11,missing,T,0.3,5,-0.20370486804687493,0.03554779052734376,0.23999942371093744,0.06994029998779297
225,80855$_$10,missing,A,0.1,2,-0.02795413937500002,0.0097705078125,0.4562576672070312,0.06628662109375
225,80855$_$10,missing,A,0.2,4,-0.06609348263671877,0.0178369140625,0.3524872204296875,0.06226074218750001
225,80855$_$10,missing,A,0.3,6,-0.11510929074218752,0.030397949218750005,0.25297397580078124,0.05189208984375
226,80855$_$12,missing,T,0.1,3,0.26987305687499996,0.07628906250000002,0.9912597756250001,0.09310546875000002
226,80855$_$12,missing,T,0.2,5,0.27857667015624993,0.09230468750000001,0.9579834084375001,0.123447265625
226,80855$_$12,missing,T,0.3,7,0.4377685646874999,0.15726562500000002,0.7992675851250001,0.165712890625
227,80855$_$15,missing,T,0.1,2,0.38639831074218733,0.13501953124999994,4.0481929732177715,0.9824728393554688
227,80855$_$15,missing,T,0.2,4,1.004499812207031,0.3359960937499999,3.0606811476562497,0.7988525390625
227,80855$_$15,missing,T,0.3,6,0.9774719191406248,0.3141650390624999,3.3908508253906247,0.8779345703124999
228,80855$_$17,missing,T,0.1,3,0.32446287812499985,0.14429687500000005,2.278237902539062,0.33933593750000013
228,80855$_$17,missing,T,0.2,6,0.48033446015624987,0.18242187500000004,1.6024597042968751,0.31469482421875
228,80855$_$17,missing,T,0.3,9,0.694561755078125,0.2563671875000001,1.3598708981445313,0.322119140625
229,80855$_$0,missing,A,0.1,1,-0.05236818593749981,0.0030883789062500014,2.187499981154417e-08,0.0001770019531249986
229,80855$_$0,missing,A,0.2,1,-0.05236818593749981,0.0030883789062500014,2.187499981154417e-08,0.0001770019531249986
229,80855$_$0,missing,A,0.3,1,-0.05236818593749981,0.0030883789062500014,2.187499981154417e-08,0.0001770019531249986
230,80855$_$3,missing,T,0.1,1,-0.5247679976562502,0.0720166015625,0.9482594756225584,0.1066064453125
230,80855$_$3,missing,T,0.2,1,-0.4268431929687502,0.0615966796875,1.0293992308715818,0.11313964843750002
230,80855$_$3,missing,T,0.3,1,-0.4268431929687502,0.0615966796875,1.0293992308715818,0.11313964843750002
231,80855$_$2,missing,T,0.1,1,-0.5702468684570311,0.09026855468750003,1.558216839160156,0.23794677734374997
231,80855$_$2,missing,T,0.2,1,-0.6470550349609374,0.09313476562500003,1.5171920588867187,0.23718261718749994
231,80855$_$2,missing,T,0.3,2,-0.7990676692382811,0.10102539062500002,1.5290359309570312,0.24476562500000004
232,80855$_$7,missing,T,0.1,1,-0.23242184124999996,0.028710937499999985,1.0374206205468752,0.09303710937499995
232,80855$_$7,missing,T,0.2,2,-0.49774166546875,0.051435546874999946,0.9186401029687501,0.08586425781249994
232,80855$_$7,missing,T,0.3,3,-0.63272701703125,0.058222656249999935,0.7765014310937499,0.07564453124999995
233,80855$_$20,missing,T,0.1,2,0.283026125546875,0.09621093750000001,2.2970764185156254,0.49851623535156264
233,80855$_$20,missing,T,0.2,4,0.63568115484375,0.19297119140625002,2.0498962427343757,0.4544454956054687
233,80855$_$20,missing,T,0.3,5,0.722430422421875,0.20816528320312497,1.9292907739843757,0.4492855834960937
234,830KzUc6CbU$_$0,missing,T,0.1,2,0.0002885320981446338,0.03938892364501954,0.6167907217343751,0.2510205078125
234,830KzUc6CbU$_$0,missing,T,0.2,4,-0.007046558539062398,0.07138408660888673,0.4217551687558595,0.19131835937500002
234,830KzUc6CbU$_$0,missing,T,0.3,6,0.1173446157773439,0.09308532714843751,0.39100565703710954,0.17289794921875
235,830KzUc6CbU$_$13,missing,T,0.1,5,-0.33471979238281246,0.11254882812500004,1.5637725267578129,0.9589453125
235,830KzUc6CbU$_$13,missing,T,0.2,10,-0.2473464403320312,0.14999023437500003,1.3635924730468754,0.7940234375
235,830KzUc6CbU$_$13,missing,T,0.3,15,-0.2554580125976562,0.174365234375,1.2309432420898438,0.6708203125
236,84140$_$0,missing,T,0.1,3,-0.10938415277343752,0.26599609375,0.9955108662578123,0.37433349609374994
236,84140$_$0,missing,T,0.2,5,-0.08040466058593748,0.36716796875,1.03984375125,0.39970214843749996
236,84140$_$0,missing,T,0.3,7,-0.47860107171875,0.3775048828125001,0.8990554822070311,0.36639404296874994
237,84140$_$5,missing,V,0.1,5,-0.01669925624999955,0.00828124999999994,0.16313480312499956,0.06484374999999991
237,84140$_$5,missing,V,0.2,10,-0.03222659999999955,0.012382812499999929,0.13437503749999954,0.05117187499999992
237,84140$_$5,missing,V,0.3,15,-0.04448245937499955,0.016132812499999937,0.11005863124999955,0.03749999999999991
238,89835$_$1,missing,T,0.1,2,0.19410399265625006,0.09188476562500003,0.7264902240786743,0.27693149566650394
238,89835$_$1,missing,T,0.2,4,0.22441405125000005,0.10052734375000005,0.618218982890625,0.21881347656250005
238,89835$_$1,missing,T,0.3,6,0.20517577000000004,0.1052490234375,0.5632278352382812,0.2053678894042969
239,89835$_$0,missing,T,0.1,2,-0.14140626249999996,0.031455078124999994,0.953333294970703,0.23523544311523437
239,89835$_$0,missing,T,0.2,3,-0.32457276640625,0.05540527343749999,0.9652050143310544,0.18930471420288086
239,89835$_$0,missing,T,0.3,4,-0.4881591921874998,0.07256347656250002,0.8210174685546873,0.15585205078125
240,89835$_$4,missing,T,0.1,5,-0.0009582553906250623,0.06072265625000002,1.3469970737499999,0.8218750000000001
240,89835$_$4,missing,T,0.2,10,0.06799316062499994,0.10648437500000003,1.1272460971874998,0.7142968750000002
240,89835$_$4,missing,T,0.3,15,-0.12316284523437507,0.20632812500000003,0.7965347310664063,0.5327343750000001
241,89835$_$7,missing,T,0.1,5,0.042724571875000006,0.06085937499999998,0.917500275175781,0.30665039062499994
241,89835$_$7,missing,T,0.2,9,-0.012011756249999995,0.07863281250000001,0.48519896335937507,0.19298583984375
241,89835$_$7,missing,T,0.3,13,0.11420894687500001,0.09128906249999999,0.32941895656250003,0.1092578125
242,8eaYvALnJ0o$_$1,missing,T,0.1,3,0.175170873578125,0.05316406249999996,3.237719701703125,0.7278295898437499
242,8eaYvALnJ0o$_$1,missing,T,0.2,5,0.3063689936953125,0.08363281249999996,2.4738952388125,0.60328125
242,8eaYvALnJ0o$_$1,missing,T,0.3,8,0.6090438594179688,0.16982421874999998,1.62520139115625,0.42190429687500003
243,8eaYvALnJ0o$_$0,missing,T,0.1,2,0.14928586367187516,0.05429687500000002,2.8733154046875002,0.771162109375
243,8eaYvALnJ0o$_$0,missing,T,0.2,3,0.38269650820312506,0.13003906250000002,1.968363927636719,0.5542773437500002
243,8eaYvALnJ0o$_$0,missing,T,0.3,5,0.5825332391601563,0.20207031250000007,1.3198974359375004,0.3852734375000001
244,8x_nCOh6Wmc$_$6,missing,T,0.1,5,0.3709228828124999,0.1409179687500001,4.909986908691406,1.8402734375
244,8x_nCOh6Wmc$_$6,missing,T,0.2,10,0.8060486152343749,0.2870703125000001,4.031994660156249,1.4163964843750003
244,8x_nCOh6Wmc$_$6,missing,T,0.3,15,1.278070099609375,0.42680175781250007,2.9225250556640616,0.9585729980468752
245,96642$_$1,missing,T,0.1,3,0.272991970234375,0.09904296874999999,2.678887966328125,0.7285156250000001
245,96642$_$1,missing,T,0.2,5,0.6727371484570313,0.21015625,2.1642730981640623,0.585478515625
245,96642$_$1,missing,T,0.3,8,0.6437408716015625,0.18392578125000003,2.281538417988281,0.6442187500000001
246,96642$_$3,missing,T,0.1,2,0.3673782892382814,0.13386718749999993,3.416632134453125,0.9225097656249999
246,96642$_$3,missing,T,0.2,4,1.055406243339844,0.3854589843749999,2.7358948297656256,0.7969213867187499
246,96642$_$3,missing,T,0.3,6,1.0790772028125002,0.3724414062499999,2.638421685234375,0.8126269531249999
247,96642$_$2,missing,A,0.1,2,-0.05742188125000007,0.007135009765625,0.2977783265625,0.00875244140625
247,96642$_$2,missing,A,0.2,4,-0.11030274062500008,0.008209228515624997,0.2868164125,0.01601318359375
247,96642$_$2,missing,A,0.3,6,-0.15197754531250007,0.01191162109375,0.2598632875,0.013727416992187502
248,96642$_$4,missing,T,0.1,4,0.02431633125000001,0.009453124999999974,1.1601683820312503,0.10980468749999991
248,96642$_$4,missing,T,0.2,7,0.04433586250000001,0.008515625000000016,0.7424071515625001,0.06117187499999995
248,96642$_$4,missing,T,0.3,11,0.08881828437500001,0.014218750000000035,0.4521239484375002,0.052304687500000016
249,99501$_$10,missing,T,0.1,3,0.18190002597656246,0.24075744628906254,1.4656646739453127,0.4607401275634766
249,99501$_$10,missing,T,0.2,5,-0.06420745693359382,0.4662487792968751,1.1645172128515626,0.4793585205078125
249,99501$_$10,missing,T,0.3,7,-0.0030639632812499984,0.42411621093750007,1.2670333871679689,0.3784521484375
250,99501$_$13,missing,T,0.1,4,0.026611303124999708,0.025195312499999976,2.0625854242187502,0.23371093750000008
250,99501$_$13,missing,T,0.2,8,0.1310546624999997,0.06839843749999998,1.1227370965820314,0.17953125
250,99501$_$13,missing,T,0.3,12,0.2008788812499997,0.11832031250000004,0.6809509052343747,0.18203124999999998
251,99501$_$1,missing,T,0.1,2,-0.2526001214062501,0.06467285156249998,1.151504540351563,0.26824035644531247
251,99501$_$1,missing,T,0.2,4,-0.3402954339062501,0.09526123046874994,1.1438171624218754,0.24595153808593753
251,99501$_$1,missing,T,0.3,6,-0.4770996331249999,0.12109619140624997,1.0445369957958988,0.2269351768493652
252,99501$_$0,missing,A,0.1,1,0.029785122499999872,0.02255859375,3.375000012795226e-08,9.76562500000222e-05
252,99501$_$0,missing,A,0.2,1,0.029785122499999872,0.02255859375,3.375000012795226e-08,9.76562500000222e-05
252,99501$_$0,missing,A,0.3,1,0.029785122499999872,0.02255859375,3.375000012795226e-08,9.76562500000222e-05
253,99501$_$5,missing,T,0.1,4,0.060876483593749996,0.08699218750000004,1.0661148258789062,0.34892578125
253,99501$_$5,missing,T,0.2,8,0.035218829785156246,0.15470703125000002,1.0729644925390625,0.31722656250000003
253,99501$_$5,missing,T,0.3,12,0.2485916325195312,0.13902343750000004,0.8705902230859375,0.284814453125
254,99501$_$7,missing,T,0.1,2,0.33203129375000007,0.14011718749999996,3.883346601367189,0.7654156494140625
254,99501$_$7,missing,T,0.2,4,0.6707886179687499,0.262109375,3.0509672602416993,0.6785813903808593
254,99501$_$7,missing,T,0.3,6,0.9592209299804686,0.346953125,2.4288849314453125,0.5935385131835937
255,9QI-9w_VdB4$_$0,missing,V,0.1,3,0.04611817968749996,0.025878906250000007,0.424902359375,0.20623046874999998
255,9QI-9w_VdB4$_$0,missing,V,0.2,5,0.06221925390624996,0.038613281250000006,0.40424806249999995,0.192451171875
255,9QI-9w_VdB4$_$0,missing,V,0.3,8,0.11550294531249997,0.06898437499999999,0.33525392187499997,0.15873046875
256,AG5EY8ZaFj4$_$3,missing,T,0.1,2,-0.14936517187500015,0.05496582031249999,1.2625304550781251,0.36021484375
256,AG5EY8ZaFj4$_$3,missing,T,0.2,4,-0.3119872421875002,0.10618652343750001,1.0512786240234377,0.30927490234374994
256,AG5EY8ZaFj4$_$3,missing,T,0.3,6,-0.47990716406250017,0.1543707275390625,0.8767577500000001,0.2680541229248047
257,AG5EY8ZaFj4$_$15,missing,T,0.1,3,-0.23405763343750002,0.042680664062500005,1.108363358535156,0.13520957946777343
257,AG5EY8ZaFj4$_$15,missing,T,0.2,6,-0.4591797037500001,0.05567138671875001,1.136268631972656,0.11408790588378907
257,AG5EY8ZaFj4$_$15,missing,T,0.3,8,-0.6054779215234376,0.07594482421875001,1.0709028406518553,0.096104736328125
258,Arh2TKRi_mg$_$15,missing,T,0.1,3,0.2994384890625,0.06692382812499997,2.8380188113281255,0.44714477539062497
258,Arh2TKRi_mg$_$15,missing,T,0.2,5,0.49949952421874977,0.11655273437499998,2.4717102175781256,0.41892456054687494
258,Arh2TKRi_mg$_$15,missing,T,0.3,7,0.7958252078124998,0.17669921875,1.9471069460937507,0.35767578125
259,Arh2TKRi_mg$_$14,missing,T,0.1,3,0.27883299531249994,0.05580078125000003,2.263692652600097,0.2867822265625001
259,Arh2TKRi_mg$_$14,missing,T,0.2,5,0.43796385468750004,0.07864257812500004,1.9560821408203117,0.267674560546875
259,Arh2TKRi_mg$_$14,missing,T,0.3,7,0.5916992062500002,0.09938476562500005,1.6847411984375,0.24474121093750006
260,Arh2TKRi_mg$_$16,missing,A,0.1,4,-0.004150340625000082,0.005039062500000013,0.053539999062500065,0.05785156250000003
260,Arh2TKRi_mg$_$16,missing,A,0.2,7,-0.0007812000000000819,0.005800781249999993,0.07729487187500009,0.056035156250000016
260,Arh2TKRi_mg$_$16,missing,A,0.3,10,-0.01723627812500008,0.012558593749999996,0.08837887625000004,0.04214843750000002
261,Arh2TKRi_mg$_$19,missing,T,0.1,3,0.36336060882812493,0.09203507423400883,2.6009643685937505,0.30236915588378904
261,Arh2TKRi_mg$_$19,missing,T,0.2,5,0.555902112734375,0.10897186279296882,2.3019714486718756,0.27809921264648446
261,Arh2TKRi_mg$_$19,missing,T,0.3,7,0.78841554046875,0.1480033874511719,1.9499630344033818,0.24705932617187504
262,Arh2TKRi_mg$_$32,missing,T,0.1,3,0.10313720703125,0.03246093749999999,2.3464309692382814,0.6041015625
262,Arh2TKRi_mg$_$32,missing,T,0.2,6,0.18505859375,0.049101562499999994,1.7486602783203125,0.43488281250000005
262,Arh2TKRi_mg$_$32,missing,T,0.3,9,0.406890869140625,0.08765624999999996,0.9686904907226562,0.2194140625
263,Arh2TKRi_mg$_$28,missing,T,0.1,2,0.7998718108593751,0.168994140625,3.3829040374218757,0.5226760864257812
263,Arh2TKRi_mg$_$28,missing,T,0.2,4,1.2569778289257811,0.23146362304687504,2.961285385078125,0.44895141601562505
263,Arh2TKRi_mg$_$28,missing,T,0.3,5,1.1716705169140624,0.23070068359375,3.0854644622265623,0.48235244750976564
264,Arh2TKRi_mg$_$3,missing,T,0.1,4,0.17211914062500008,0.042421874999999956,1.8394285202026368,0.31825073242187496
264,Arh2TKRi_mg$_$3,missing,T,0.2,7,0.3031250000000001,0.06984374999999995,1.5195068359375,0.2550732421875
264,Arh2TKRi_mg$_$3,missing,T,0.3,10,0.4521240234375001,0.09459960937499996,1.22957763671875,0.21807128906249998
265,AxNy9TeTLq8$_$0,missing,T,0.1,4,0.06501462781250007,0.023632812500000034,2.4220275672656246,0.6844726562500001
265,AxNy9TeTLq8$_$0,missing,T,0.2,8,0.15285642468750008,0.042148437500000045,1.764910868046875,0.5038867187500001
265,AxNy9TeTLq8$_$0,missing,T,0.3,12,0.318457010625,0.10042968750000007,1.0660735877734377,0.3131640625
266,BSKAHXFYF_I$_$1,missing,V,0.1,2,-0.03749960512213137,0.007456054687500002,0.2627679452329101,0.007812499999999997
266,BSKAHXFYF_I$_$1,missing,V,0.2,3,-0.057073770466369654,0.009875488281249997,0.2327996835141602,0.006660156250000002
266,BSKAHXFYF_I$_$1,missing,V,0.3,4,-0.07321680635504153,0.009697265625000001,0.20624958128027346,0.00769287109375
267,BSKAHXFYF_I$_$3,missing,T,0.1,4,-0.03134766624999994,0.018593749999999992,1.099761782155762,0.2165185546875
267,BSKAHXFYF_I$_$3,missing,T,0.2,7,-0.14440918968749994,0.03045898437499997,0.8311828713281251,0.11911132812499999
267,BSKAHXFYF_I$_$3,missing,T,0.3,10,-0.23449708031249994,0.038486328124999976,0.6322876076562501,0.08378906249999998
268,BSKAHXFYF_I$_$7,missing,A,0.1,2,-0.023913547343749997,0.006049804687499998,0.20836178953125,0.020832519531249996
268,BSKAHXFYF_I$_$7,missing,A,0.2,3,-0.032556125468749995,0.0074462890625,0.1945556371875,0.018664550781249994
268,BSKAHXFYF_I$_$7,missing,A,0.3,5,-0.07108151609374999,0.008676757812500002,0.15063473875,0.014785156249999997
269,BSKAHXFYF_I$_$8,missing,T,0.1,2,-0.09525738981201162,0.014433593750000001,0.39356538083984366,0.062943115234375
269,BSKAHXFYF_I$_$8,missing,T,0.2,4,-0.2167823913378905,0.02166015625,0.3860641601367186,0.0455810546875
269,BSKAHXFYF_I$_$8,missing,T,0.3,5,-0.26742097166015616,0.025852050781250004,0.4079300048632811,0.03687744140625
270,Baz0VVQ-E9E$_$10,missing,T,0.1,1,0.24125969062500002,0.08462890625000005,4.14022209296875,1.019501953125
270,Baz0VVQ-E9E$_$10,missing,T,0.2,2,0.4710692609375,0.16693359375000005,3.2700255597656245,0.8017825317382814
270,Baz0VVQ-E9E$_$10,missing,T,0.3,3,0.8017089093750002,0.2570605468750001,2.0367247785156244,0.5328149414062501
271,Baz0VVQ-E9E$_$1,missing,A,0.1,2,-0.09556236423339834,0.0160247802734375,0.504488946569824,0.05908569335937501
271,Baz0VVQ-E9E$_$1,missing,A,0.2,3,-0.14015445865478507,0.021588022708892825,0.45640545047607406,0.0593328857421875
271,Baz0VVQ-E9E$_$1,missing,A,0.3,4,-0.17950725711669913,0.027729630470275886,0.3794904724487303,0.05313796997070312
272,Baz0VVQ-E9E$_$5,missing,T,0.1,1,0.10239103951171886,0.03917968749999998,2.571984850546875,0.49199462890625006
272,Baz0VVQ-E9E$_$5,missing,T,0.2,2,0.1978423944921876,0.08552734375,1.7746307245703126,0.3242382812500001
272,Baz0VVQ-E9E$_$5,missing,T,0.3,3,0.5863128534765625,0.13126953125000002,1.0534088032890625,0.207421875
273,Baz0VVQ-E9E$_$7,missing,T,0.1,2,0.18312991406249993,0.07630859375000001,2.321215851562499,0.43712402343750006
273,Baz0VVQ-E9E$_$7,missing,T,0.2,4,0.3055115058593749,0.10037109375000004,1.613232453125,0.32624023437500005
273,Baz0VVQ-E9E$_$7,missing,T,0.3,6,0.4271240546874999,0.12189453125000002,1.22237551953125,0.27228515625000005
274,CJGuudyvA0Y$_$4,missing,T,0.1,4,0.5012287133642577,0.18098876953125,2.1758056634375,0.5736903381347657
274,CJGuudyvA0Y$_$4,missing,T,0.2,8,0.4196159356542967,0.11873291015625002,1.6887969964453124,0.3879891967773438
274,CJGuudyvA0Y$_$4,missing,T,0.3,12,0.34376068052734376,0.10335205078125001,1.5496368401953124,0.3614541625976563
275,CPjbogfLHR4$_$2,missing,T,0.1,2,0.18950193937499993,0.05372070312500001,1.2959350448437499,0.16085937500000005
275,CPjbogfLHR4$_$2,missing,T,0.2,4,0.3748901229687499,0.07496582031250003,1.1453550201245117,0.15215576171875
275,CPjbogfLHR4$_$2,missing,T,0.3,5,0.48234861906249993,0.09698730468750003,1.0581601959057616,0.14394561767578132
276,CPjbogfLHR4$_$5,missing,T,0.1,3,0.3255859625000001,0.05281249999999997,2.5810150396484373,0.371706314086914
276,CPjbogfLHR4$_$5,missing,T,0.2,6,0.5000244390625002,0.07615234374999998,2.3903717291015623,0.2979876708984375
276,CPjbogfLHR4$_$5,missing,T,0.3,9,0.8431885015624999,0.13255859375,1.9453430425781248,0.25636962890625
277,DdUJojoFU_c$_$11,missing,T,0.1,3,0.10266114531250006,0.02255859375,0.8800354128906249,0.14025390625
277,DdUJojoFU_c$_$11,missing,T,0.2,5,0.22153321562500006,0.05386718749999999,0.8273681765625,0.133720703125
277,DdUJojoFU_c$_$11,missing,T,0.3,8,0.33525391875000005,0.06040039062499999,0.7445373660156249,0.13017578125
278,DdUJojoFU_c$_$15,missing,A,0.1,2,0.04423826874999985,0.022812500000000003,0.22929686249999987,0.156357421875
278,DdUJojoFU_c$_$15,missing,A,0.2,4,0.06010740937499985,0.037978515625,0.20581053562499987,0.13084960937499995
278,DdUJojoFU_c$_$15,missing,A,0.3,5,0.09619139374999985,0.050927734375,0.15585936374999987,0.11152343749999998
279,DdUJojoFU_c$_$14,missing,V,0.1,3,0.06565554289062465,0.02898437499999995,0.8307983651562495,0.33794921874999995
279,DdUJojoFU_c$_$14,missing,V,0.2,5,0.11921694425781215,0.0501562499999999,0.6677490487499995,0.2717773437499999
279,DdUJojoFU_c$_$14,missing,V,0.3,7,0.18861086515624964,0.07683593749999992,0.5065552010937495,0.20222656249999987
280,DdUJojoFU_c$_$17,missing,V,0.1,2,0.007910168499999903,0.0073876953124999934,0.25274659428124996,0.11835937499999998
280,DdUJojoFU_c$_$17,missing,V,0.2,4,-0.0013473388242188466,0.01787109374999999,0.1173828247499999,0.07408203124999999
280,DdUJojoFU_c$_$17,missing,V,0.3,6,0.011337292523437403,0.019506835937499988,0.0721862915468749,0.057841796875
281,DdUJojoFU_c$_$16,missing,V,0.1,4,0.06969451887109379,0.024140625000000037,1.0092468260000005,0.39490234375
281,DdUJojoFU_c$_$16,missing,V,0.2,8,0.14230346662500004,0.04964843750000005,0.74685668928125,0.28798828125000003
281,DdUJojoFU_c$_$16,missing,V,0.3,12,0.18760375959375003,0.06519531250000005,0.6138366697500001,0.23417968750000004
282,DdUJojoFU_c$_$2,missing,T,0.1,5,0.14121700320312497,0.045917968749999996,1.700497017241211,0.6639529180526733
282,DdUJojoFU_c$_$2,missing,T,0.2,9,0.271112022734375,0.0689453125,1.5684966662890623,0.522119140625
282,DdUJojoFU_c$_$2,missing,T,0.3,14,0.3697402575976563,0.0850390625,1.4331512073046873,0.40327636718750004
283,DdUJojoFU_c$_$6,missing,T,0.1,4,0.047009272968750085,0.031259765625000005,0.18642730275390634,0.07311035156250001
283,DdUJojoFU_c$_$6,missing,T,0.2,7,0.13608398000000008,0.04667968750000004,0.11104602594970707,0.0723388671875
283,DdUJojoFU_c$_$6,missing,T,0.3,10,0.058491511738281335,0.053679199218750015,0.20207519268750004,0.08808593750000004
284,DdUJojoFU_c$_$8,missing,V,0.1,3,0.07216800999999995,0.022675781250000027,0.8383057053125,0.25513671875
284,DdUJojoFU_c$_$8,missing,V,0.2,6,0.15766605687499996,0.04675781250000002,0.7124756271875001,0.21129882812499998
284,DdUJojoFU_c$_$8,missing,V,0.3,9,0.24267582249999994,0.07160156250000001,0.6141846115625001,0.17814453125
285,DlbYiwOnTyk$_$1,missing,T,0.1,2,-0.1827209378906251,0.034189453125000005,0.7675155545898438,0.059926757812499995
285,DlbYiwOnTyk$_$1,missing,T,0.2,4,-0.351165762109375,0.055079345703125004,0.8041122342773438,0.061857910156249994
285,DlbYiwOnTyk$_$1,missing,T,0.3,6,-0.4436368848510742,0.06701171875,0.817773428125,0.0614208984375
286,E8MuzHUhUHk$_$15,missing,T,0.1,2,0.2868102805468752,0.0798046875,1.8588744895312501,0.33656249999999993
286,E8MuzHUhUHk$_$15,missing,T,0.2,4,0.3778457419726564,0.07314453124999995,1.5820800559375001,0.30017578124999994
286,E8MuzHUhUHk$_$15,missing,T,0.3,5,0.35986173318359393,0.06609374999999999,1.5506469504687501,0.31458984375
287,E8MuzHUhUHk$_$14,missing,T,0.1,2,0.16080016714843737,0.03699218750000001,1.4124267540625,0.27693359375000004
287,E8MuzHUhUHk$_$14,missing,T,0.2,4,0.3061889610937499,0.05804687500000003,1.08829345328125,0.22025390625000005
287,E8MuzHUhUHk$_$14,missing,T,0.3,6,0.40800170523437485,0.08111328125000002,0.8820068321875001,0.17455078125000004
288,E8MuzHUhUHk$_$16,missing,T,0.1,3,0.12356419888671874,0.028398437500000012,2.7528992208593754,0.8789291381835938
288,E8MuzHUhUHk$_$16,missing,T,0.2,6,0.21689000455078125,0.0391015625,2.3637787374609376,0.61317626953125
288,E8MuzHUhUHk$_$16,missing,T,0.3,9,0.4877502950781249,0.09054687500000003,1.5909561666601566,0.3483593750000001
289,E8MuzHUhUHk$_$2,missing,T,0.1,3,0.20167233828125006,0.04906250000000004,1.9537597406250005,0.35399505615234383
289,E8MuzHUhUHk$_$2,missing,T,0.2,6,0.451995824609375,0.10620117187500004,1.6331664789062503,0.3071337890625001
289,E8MuzHUhUHk$_$2,missing,T,0.3,8,0.579510473046875,0.13646484375000006,1.4913818109375003,0.28864501953125
290,E8MuzHUhUHk$_$9,missing,T,0.1,3,0.42200393333007824,0.12982421875000003,2.32542724265625,0.45343673706054705
290,E8MuzHUhUHk$_$9,missing,T,0.2,5,0.3835723842578124,0.12279052734375002,2.165191646953125,0.44292060852050785
290,E8MuzHUhUHk$_$9,missing,T,0.3,8,0.7147003139453126,0.21174316406250004,1.666961475749512,0.3901447296142579
291,EEjCkc82oyk$_$7,missing,T,0.1,3,-0.041192661328124956,0.03928222656249999,2.426499904589844,0.21647796630859378
291,EEjCkc82oyk$_$7,missing,T,0.2,5,0.3532714500000001,0.05962890625,1.5202331233593753,0.14204803466796873
291,EEjCkc82oyk$_$7,missing,T,0.3,7,0.5370010032226562,0.082880859375,1.436180090683594,0.15980468750000001
292,EEjCkc82oyk$_$9,missing,T,0.1,3,0.5967254597421876,0.09730133056640626,2.215457149195313,0.15047821044921875
292,EEjCkc82oyk$_$9,missing,T,0.2,5,0.7633666950937499,0.09988451957702636,2.2009490929671878,0.19140106201171878
292,EEjCkc82oyk$_$9,missing,T,0.3,7,0.73861083571875,0.09331878662109375,2.117977901148438,0.17926147460937503
293,EQxkXiWAm08$_$8,missing,V,0.1,2,-0.10938726328125,0.03511230468750002,0.597564753515625,0.12137145996093752
293,EQxkXiWAm08$_$8,missing,V,0.2,3,-0.14293218515625003,0.043479003906250015,0.51905523203125,0.11275756835937498
293,EQxkXiWAm08$_$8,missing,V,0.3,4,-0.19584966562500003,0.05771972656250002,0.44548345468750006,0.10188842773437504
294,ET1cU5_A2YM$_$1,missing,T,0.1,3,-0.018652303750000244,0.06765625000000003,2.5850235385351565,0.30927734375
294,ET1cU5_A2YM$_$1,missing,T,0.2,5,0.03479007906249976,0.091015625,1.876960794394531,0.28735351562499994
294,ET1cU5_A2YM$_$1,missing,T,0.3,8,0.06616214937499976,0.11689453125000002,1.339161714128906,0.24481445312500005
295,ET1cU5_A2YM$_$3,missing,T,0.1,2,-0.006027033444824204,0.07535095214843748,1.2872467016015627,0.31283996582031254
295,ET1cU5_A2YM$_$3,missing,T,0.2,3,0.015699765566406267,0.10644317626953126,1.2008605932031253,0.255802001953125
295,ET1cU5_A2YM$_$3,missing,T,0.3,4,0.022663876894531264,0.140418701171875,1.1238479589257815,0.17881088256835936
296,ET1cU5_A2YM$_$6,missing,T,0.1,2,-0.11653288763671879,0.09169921875000002,0.9295013510234374,0.34058593750000005
296,ET1cU5_A2YM$_$6,missing,T,0.2,4,-0.10499571722656253,0.12894531250000005,0.9268066457812502,0.2870117187500001
296,ET1cU5_A2YM$_$6,missing,T,0.3,6,-0.07918394964843753,0.15677734375000002,0.5618454020742186,0.30947265625
297,EmmuWoCUgXs$_$22,missing,T,0.1,2,0.06718753375000004,0.038193359375,0.5677184754843749,0.148170166015625
297,EmmuWoCUgXs$_$22,missing,T,0.2,3,-0.04836422406249998,0.050292968750000014,0.5404113567031249,0.12202678680419925
297,EmmuWoCUgXs$_$22,missing,T,0.3,5,-0.12252193890624996,0.06304687500000002,0.47100828390624994,0.11147827148437502
298,EmmuWoCUgXs$_$7,missing,T,0.1,4,0.14283449765625028,0.110400390625,1.5232559404101562,0.26404296875000005
298,EmmuWoCUgXs$_$7,missing,T,0.2,7,0.5284729253906253,0.28823730468750003,1.2451675490039062,0.4425976562500001
298,EmmuWoCUgXs$_$7,missing,T,0.3,11,0.6930908453125003,0.3337841796875,0.830157468203125,0.35207031250000004
299,Es9MkKsMsjU$_$10,missing,T,0.1,2,-0.09708556191406252,0.05465820312499996,0.85384520546875,0.045771484375
299,Es9MkKsMsjU$_$10,missing,T,0.2,4,-0.229901113671875,0.07448242187499998,0.761199941796875,0.053837890624999996
299,Es9MkKsMsjU$_$10,missing,T,0.3,6,-0.3316116239257812,0.06629394531249999,0.6924426948095703,0.06142578124999999
300,Es9MkKsMsjU$_$12,missing,T,0.1,4,0.22172850312499987,0.0974218750000001,1.6844802731445312,0.31435546875000003
300,Es9MkKsMsjU$_$12,missing,T,0.2,8,0.2859863156249999,0.09292968750000012,1.2670562619140626,0.27902343750000014
300,Es9MkKsMsjU$_$12,missing,T,0.3,11,0.33818358124999987,0.09601562500000013,1.046099841015625,0.29023437500000016
301,Es9MkKsMsjU$_$2,missing,T,0.1,5,0.13583990624999984,0.03718749999999993,1.7112930922851561,0.3217773437499999
301,Es9MkKsMsjU$_$2,missing,T,0.2,9,0.28466803124999984,0.09324218749999992,1.5260834365234373,0.3535253906249999
301,Es9MkKsMsjU$_$2,missing,T,0.3,13,0.47868658593749985,0.16851562499999995,0.8546936660156248,0.19796874999999994
302,Es9MkKsMsjU$_$7,missing,T,0.1,4,0.09873049374999984,0.019101562500000023,1.7523453008789058,0.26488281250000006
302,Es9MkKsMsjU$_$7,missing,T,0.2,8,0.22612307187499986,0.05499999999999999,0.8694580328124998,0.10718750000000003
302,Es9MkKsMsjU$_$7,missing,T,0.3,11,0.28198244687499996,0.07363281250000002,0.9058655035156246,0.18792968750000005
303,Ezn3p5FWF_U$_$4,missing,T,0.1,5,0.1605041272656253,0.06656249999999997,3.6200591809765634,1.4026855468750004
303,Ezn3p5FWF_U$_$4,missing,T,0.2,9,0.2597945935742191,0.09914062499999995,2.3490936048046884,0.7495166015624999
303,Ezn3p5FWF_U$_$4,missing,T,0.3,14,0.39909970832031283,0.14453124999999994,1.429106117011719,0.4304077148437499
304,F1U26PLiXjM$_$1,missing,T,0.1,3,0.10626220359375002,0.06945312499999999,1.927465816875,0.3786935424804687
304,F1U26PLiXjM$_$1,missing,T,0.2,5,0.2895843471484375,0.08440917968749997,1.584502979655762,0.27575576782226563
304,F1U26PLiXjM$_$1,missing,T,0.3,7,0.41126556052734375,0.10347900390624995,1.3537778819995119,0.23477722167968745
305,F6JV-K840EY$_$2,missing,T,0.1,2,0.17968596443359383,0.051287841796875,1.8570770166796884,0.13826065063476564
305,F6JV-K840EY$_$2,missing,T,0.2,4,0.5954971216601562,0.09908416748046876,1.7226684473437506,0.14341064453125002
305,F6JV-K840EY$_$2,missing,T,0.3,6,0.48740233406249994,0.07672912597656249,1.952827443925782,0.161275634765625
306,FB_b1dm0SRY$_$10,missing,T,0.1,3,0.1027419920351564,0.028398437500000002,1.253723132171875,0.16884765625
306,FB_b1dm0SRY$_$10,missing,T,0.2,6,-0.0727645997617186,0.097802734375,1.5712570066835938,0.160010986328125
306,FB_b1dm0SRY$_$10,missing,T,0.3,8,0.0990829344179689,0.094365234375,0.9807067772218752,0.17584960937500002
307,FB_b1dm0SRY$_$0,missing,T,0.1,3,-0.112164325390625,0.030366630554199227,0.8423889347656252,0.13111572265625
307,FB_b1dm0SRY$_$0,missing,T,0.2,6,-0.27482912031249995,0.06839111328125001,0.9071655460937501,0.12162109375
307,FB_b1dm0SRY$_$0,missing,T,0.3,8,-0.31675416914062493,0.06939697265625001,0.8167249867065431,0.12730102539062502
308,FB_b1dm0SRY$_$6,missing,T,0.1,2,0.3569435138789062,0.07997070312500001,2.312264253625,0.3423046875
308,FB_b1dm0SRY$_$6,missing,T,0.2,3,0.3492668171015625,0.07483398437500002,2.19001083565625,0.33650390625
308,FB_b1dm0SRY$_$6,missing,T,0.3,4,0.5188455600825195,0.10152343750000004,1.906447603234375,0.30251953125000003
309,FB_b1dm0SRY$_$9,missing,A,0.1,3,-0.010997033027343717,0.017055664062499993,0.270172142890625,0.118681640625
309,FB_b1dm0SRY$_$9,missing,A,0.2,6,-0.024089074042968717,0.026628417968749995,0.210113546765625,0.0949462890625
309,FB_b1dm0SRY$_$9,missing,A,0.3,9,-0.027540612128906218,0.032939453125,0.190948507703125,0.08697265625
310,FB_b1dm0SRY$_$8,missing,T,0.1,2,0.2857910031250004,0.1060156250000001,2.752070605175781,0.7811132812500002
310,FB_b1dm0SRY$_$8,missing,T,0.2,4,0.2465148800781253,0.07972656250000007,2.629177843945312,0.7743066406250001
310,FB_b1dm0SRY$_$8,missing,T,0.3,6,0.5157791012695316,0.1663281250000001,2.3285339230468747,0.7090332031250002
311,FxxJB8hBpyQ$_$1,missing,T,0.1,3,0.20461421406249994,0.07305175781250003,2.2656005421875003,0.42336669921875
311,FxxJB8hBpyQ$_$1,missing,T,0.2,5,0.3191161671874999,0.11633544921875005,1.675498918652344,0.28274566650390626
311,FxxJB8hBpyQ$_$1,missing,T,0.3,7,0.32319941914062494,0.11446365356445318,1.55058589375,0.2869995117187501
312,Fy0Uid9afM8$_$0,missing,A,0.1,2,-0.0442627028125,0.016539306640624994,0.0735107459375,0.07976562499999998
312,Fy0Uid9afM8$_$0,missing,A,0.2,4,-0.053222663749999996,0.026652832031250007,0.07910156625,0.07163818359375002
312,Fy0Uid9afM8$_$0,missing,A,0.3,6,-0.06434326921875,0.03666748046875,0.09921875375,0.065556640625
313,Fy0Uid9afM8$_$3,missing,T,0.1,2,0.3288650715820314,0.0844189453125,2.02808839921875,0.40399414062499994
313,Fy0Uid9afM8$_$3,missing,T,0.2,4,0.46101686601562514,0.09727355957031251,1.8268188679687498,0.35175384521484376
313,Fy0Uid9afM8$_$3,missing,T,0.3,6,0.7191772664062501,0.13941040039062502,1.552619954394531,0.2918634033203126
314,Fy0Uid9afM8$_$5,missing,V,0.1,3,0.05054931828124998,0.019257812500000006,0.5287597674999999,0.1255864715576172
314,Fy0Uid9afM8$_$5,missing,V,0.2,5,0.11949463078125003,0.03480224609375,0.4578369159375,0.11013574600219729
314,Fy0Uid9afM8$_$5,missing,V,0.3,7,0.18135986515625002,0.05025146484375,0.3953491229687499,0.0952325439453125
315,Fy0Uid9afM8$_$4,missing,T,0.1,1,0.16552734124999996,0.029169921874999994,1.9753112767968743,0.25234619140625003
315,Fy0Uid9afM8$_$4,missing,T,0.2,2,0.33144531,0.049936523437500005,1.7710632299218747,0.219688720703125
315,Fy0Uid9afM8$_$4,missing,T,0.3,3,0.640533444765625,0.08528198242187499,1.455416867617188,0.1815027046203614
316,H1DpVwktfDQ$_$0,missing,T,0.1,2,0.632598901640625,0.1879034423828126,2.840664697539063,0.5630517578125
316,H1DpVwktfDQ$_$0,missing,T,0.2,3,1.0122436770312504,0.2720761108398438,2.6791931399218756,0.5359912109375
316,H1DpVwktfDQ$_$0,missing,T,0.3,4,1.1985840090625004,0.28641845703125013,2.546853662382813,0.5164575195312501
317,HGicRLwgtkM$_$1,missing,A,0.1,4,0.10676269781249999,0.025332031249999987,1.0252441431249997,0.18921875
317,HGicRLwgtkM$_$1,missing,A,0.2,7,0.16166992437500002,0.034296875,0.9281494165624998,0.17364257812500003
317,HGicRLwgtkM$_$1,missing,A,0.3,11,0.30192871343750005,0.063427734375,0.7491455103125,0.14213867187500004
318,HGicRLwgtkM$_$3,missing,A,0.1,3,-0.06291506406249994,0.016210937499999994,0.5149536382812501,0.1065380859375
318,HGicRLwgtkM$_$3,missing,A,0.2,6,-0.12812502499999995,0.026699218750000003,0.43355715390625005,0.0907861328125
318,HGicRLwgtkM$_$3,missing,A,0.3,8,-0.18525393124999995,0.037197265625,0.3831299078125,0.08124511718750001
319,HGicRLwgtkM$_$2,missing,V,0.1,3,0.028637707812499923,0.016249999999999976,0.3131103640625,0.07482421874999994
319,HGicRLwgtkM$_$2,missing,V,0.2,5,0.011157239062499925,0.025234374999999993,0.23454590843749998,0.060488281249999956
319,HGicRLwgtkM$_$2,missing,V,0.3,7,0.029858410937499923,0.023925781249999993,0.13527833156249996,0.03730468749999997
320,HGicRLwgtkM$_$6,missing,T,0.1,3,0.11232909531249993,0.019394531250000003,0.8849609312499999,0.03095703125
320,HGicRLwgtkM$_$6,missing,T,0.2,5,0.10371093124999993,0.024531250000000004,0.7750244078125,0.04075195312499999
320,HGicRLwgtkM$_$6,missing,T,0.3,7,0.21911620468749993,0.033330078125,0.5434814390625,0.033896484374999994
321,HmXXW45eZL4$_$1,missing,T,0.1,5,0.2501583105615236,0.10824462890625001,0.4264495848359375,0.4231005859375
321,HmXXW45eZL4$_$1,missing,T,0.2,10,0.5525512701562502,0.13973876953125003,0.7141235354687501,0.28261383056640627
321,HmXXW45eZL4$_$1,missing,T,0.3,14,0.7547515875390627,0.16324470520019532,0.7993881227460938,0.26726318359375006
322,HmXXW45eZL4$_$4,missing,T,0.1,2,0.050585962499999845,0.04214843749999998,3.282403589453125,0.6517285156250001
322,HmXXW45eZL4$_$4,missing,T,0.2,4,0.10725100156249985,0.04191406250000003,1.2393188726562496,0.22386718750000015
322,HmXXW45eZL4$_$4,missing,T,0.3,6,0.13662111874999985,0.058671874999999984,0.899024988378906,0.21343750000000009
323,IM6HW1HwHhM$_$11,missing,T,0.1,3,0.20294036677734387,0.06129974365234374,2.192243955644531,0.16104878664016722
323,IM6HW1HwHhM$_$11,missing,T,0.2,5,0.2598785381640626,0.08697195053100586,1.9065856914843748,0.11548217773437501
323,IM6HW1HwHhM$_$11,missing,T,0.3,8,0.5265670757617189,0.10079406738281252,1.2260360699023436,0.11497209072113038
324,IM6HW1HwHhM$_$15,missing,T,0.1,2,0.09265133781250023,0.0412109375,1.8198486034375,0.32044921875
324,IM6HW1HwHhM$_$15,missing,T,0.2,4,0.30514828605468763,0.09017578124999998,1.3111510936718755,0.21742187500000001
324,IM6HW1HwHhM$_$15,missing,T,0.3,6,0.4167174999218751,0.10759765624999999,1.110391205976563,0.19951171875
325,IM6HW1HwHhM$_$17,missing,T,0.1,3,0.14072567332031252,0.046933593750000016,2.0220092426562495,0.43271972656250013
325,IM6HW1HwHhM$_$17,missing,T,0.2,5,0.2415740619921875,0.06328125000000001,1.5355468403125,0.33243164062499997
325,IM6HW1HwHhM$_$17,missing,T,0.3,8,0.41046749460937504,0.10458984375000002,1.1563110004687502,0.261953125
326,IUmxJNs2zaY$_$3,missing,T,0.1,4,-0.14636228593750022,0.018037109375,0.7828033259765625,0.015598144531250005
326,IUmxJNs2zaY$_$3,missing,T,0.2,7,-0.2358520320312502,0.0219189453125,0.733734112109375,0.015969238281249996
326,IUmxJNs2zaY$_$3,missing,T,0.3,10,-0.29611814531250025,0.019775390625,0.6686277202026367,0.018210449218749997
327,IUmxJNs2zaY$_$2,missing,T,0.1,2,-0.0018386468945312817,0.012708892822265625,0.2986968622265625,0.089239501953125
327,IUmxJNs2zaY$_$2,missing,T,0.2,4,0.02826255702392575,0.021088943481445313,0.257263150125,0.0590509033203125
327,IUmxJNs2zaY$_$2,missing,T,0.3,6,-0.04570594883544925,0.026004943847656246,0.24892117386328122,0.04593505859375
328,JAnRCQ9A0vI$_$1,missing,T,0.1,5,-0.10947259375000015,0.019941406250000033,0.49407496845703136,0.49597908020019527
328,JAnRCQ9A0vI$_$1,missing,T,0.2,10,-0.2989257187500002,0.04533203125000004,1.4153029770507815,0.26360351562500006
328,JAnRCQ9A0vI$_$1,missing,T,0.3,15,-0.42792962500000015,0.05943359375000005,1.2493132919921877,0.13962402343750005
329,JAnRCQ9A0vI$_$0,missing,A,0.1,1,-0.08686517812500001,0.018847656250000032,1.3322875414062503,0.22527832031250003
329,JAnRCQ9A0vI$_$0,missing,A,0.2,2,-0.21669916249999996,0.049863281250000044,1.1752196703125004,0.20543457031250006
329,JAnRCQ9A0vI$_$0,missing,A,0.3,3,-0.34288324453124996,0.07413085937500005,1.0157897386718753,0.18741210937500008
330,JAnRCQ9A0vI$_$3,missing,T,0.1,5,0.15855708015624997,0.04539062500000001,2.4344565857714837,0.7917044830322265
330,JAnRCQ9A0vI$_$3,missing,T,0.2,9,0.2711181153125001,0.05394531250000002,2.243839978105468,0.5206933593749999
330,JAnRCQ9A0vI$_$3,missing,T,0.3,14,0.40509638679687504,0.07828125000000004,1.7591918457812497,0.30431640625
331,JAnRCQ9A0vI$_$2,missing,T,0.1,5,0.050384474609374896,0.018007812500000032,2.092379523132324,0.9438259887695313
331,JAnRCQ9A0vI$_$2,missing,T,0.2,10,0.13317256054687493,0.030156249999999975,1.4071670063476558,0.4812451171874999
331,JAnRCQ9A0vI$_$2,missing,T,0.3,15,0.17652583203124994,0.031015624999999974,1.0906615742187495,0.24167968749999993
332,JAnRCQ9A0vI$_$5,missing,T,0.1,3,0.1927978203125001,0.03990234374999996,1.9080444023437508,0.28669433593750004
332,JAnRCQ9A0vI$_$5,missing,T,0.2,5,0.34772946093750007,0.06990234374999996,1.7031982109375001,0.265966796875
332,JAnRCQ9A0vI$_$5,missing,T,0.3,8,0.5775390312500001,0.11247070312499996,1.2885253593750001,0.22205078124999994
333,JAnRCQ9A0vI$_$4,missing,V,0.1,2,-0.030126965625000036,0.016318359375000015,0.35083009062500004,0.128271484375
333,JAnRCQ9A0vI$_$4,missing,V,0.2,3,-0.046728528125000036,0.029003906250000017,0.2905395632812501,0.10597167968750001
333,JAnRCQ9A0vI$_$4,missing,V,0.3,5,-0.08125001250000005,0.04135742187500003,0.20478516875000005,0.08277343750000002
334,JAnRCQ9A0vI$_$8,missing,T,0.1,5,0.1052490609375,0.025156249999999974,2.335498084375,0.8847344970703125
334,JAnRCQ9A0vI$_$8,missing,T,0.2,10,0.20537113125,0.031738281249999965,2.0011017220703127,0.3771527099609374
334,JAnRCQ9A0vI$_$8,missing,T,0.3,15,0.4125000374999999,0.056992187499999944,1.4999267953125002,0.16970703124999995
335,JOK1SSmPtFw$_$10,missing,T,0.1,2,0.2601073718750001,0.044619140625,1.8207519031250006,0.10873931884765627
335,JOK1SSmPtFw$_$10,missing,T,0.2,4,0.44306635625,0.055384521484375004,1.5310056186401366,0.10962326049804687
335,JOK1SSmPtFw$_$10,missing,T,0.3,6,0.5855590320312499,0.06589004516601563,1.3985471225463866,0.11866569519042969
336,JOK1SSmPtFw$_$13,missing,T,0.1,2,0.13066707332031244,0.04617187499999999,2.630743367265625,0.41576171874999995
336,JOK1SSmPtFw$_$13,missing,T,0.2,4,0.33957515437499985,0.07562499999999994,2.0150634356249997,0.334453125
336,JOK1SSmPtFw$_$13,missing,T,0.3,6,0.5367370196093748,0.12161132812499997,1.5388427324999998,0.2752832031249999
337,JOK1SSmPtFw$_$14,missing,T,0.1,2,-0.2592162710937501,0.0631298828125,1.4910335165771482,0.16757812499999997
337,JOK1SSmPtFw$_$14,missing,T,0.2,3,-0.2277953726562501,0.046906738281249985,1.4726440054687497,0.17724609375
337,JOK1SSmPtFw$_$14,missing,T,0.3,5,-0.5096129996093751,0.08543243408203122,1.3101680380615233,0.17266601562499997
338,JOK1SSmPtFw$_$16,missing,T,0.1,2,-0.07495110937500007,0.0255419921875,0.6750365585937501,0.04529296875000001
338,JOK1SSmPtFw$_$16,missing,T,0.2,3,-0.10268548437500007,0.030270996093750002,0.5863707933593751,0.04383544921875
338,JOK1SSmPtFw$_$16,missing,T,0.3,5,-0.30156243750000006,0.043444824218750004,0.39808954960937504,0.03771240234375002
339,JOK1SSmPtFw$_$0,missing,T,0.1,5,0.10964354218749986,0.036601562499999886,2.5480728024414057,0.8945849609375
339,JOK1SSmPtFw$_$0,missing,T,0.2,10,0.26350096406249984,0.08859374999999992,1.309381091015625,0.3391601562499999
339,JOK1SSmPtFw$_$0,missing,T,0.3,15,0.38332518281249983,0.12972656249999992,0.87935789765625,0.2258593749999999
340,JOK1SSmPtFw$_$5,missing,T,0.1,3,0.280279554765625,0.08803878784179689,0.9672225814648439,0.16952331542968752
340,JOK1SSmPtFw$_$5,missing,T,0.2,6,0.1213440078906249,0.06401275634765627,0.8235961776562502,0.13316818237304687
340,JOK1SSmPtFw$_$5,missing,T,0.3,8,-0.0027129989453125837,0.08791406631469727,0.6892362484604493,0.1263299560546875
341,JOK1SSmPtFw$_$4,missing,T,0.1,2,-0.16232916406250003,0.03544921875,1.3245299010620117,0.14701087951660158
341,JOK1SSmPtFw$_$4,missing,T,0.2,3,-0.3452881484375,0.055021972656249994,1.09775396875,0.126549072265625
341,JOK1SSmPtFw$_$4,missing,T,0.3,4,-0.37982183984375,0.06374755859375,1.050763001953125,0.122200927734375
342,JOK1SSmPtFw$_$8,missing,T,0.1,2,-0.17375490781249986,0.042268066406250006,1.1928100835937496,0.15456868171691893
342,JOK1SSmPtFw$_$8,missing,T,0.2,3,-0.11281740781249985,0.0445263671875,1.2915954839843746,0.17453163146972656
342,JOK1SSmPtFw$_$8,missing,T,0.3,5,-0.6390625249999999,0.10343399047851562,0.6974060308593749,0.11357818603515628
343,JPT38CA3sGI$_$1,missing,V,0.1,2,-0.06634788122558595,0.017910156250000003,0.4765685996093751,0.2876953125
343,JPT38CA3sGI$_$1,missing,V,0.2,4,-0.11191329565429689,0.0321435546875,0.3665954550781251,0.2199795913696289
343,JPT38CA3sGI$_$1,missing,V,0.3,6,-0.12597961035156252,0.04573730468750001,0.2925964316406251,0.1637591552734375
344,JPT38CA3sGI$_$0,missing,V,0.1,2,0.03906246375,0.020019531249999955,0.6376220340625,0.22264648437499995
344,JPT38CA3sGI$_$0,missing,V,0.2,4,0.09462887000000002,0.04471679687499996,0.5126464481249999,0.18328124999999995
344,JPT38CA3sGI$_$0,missing,V,0.3,5,0.136767541875,0.05932617187499996,0.4364989871874999,0.15962890624999998
345,JPT38CA3sGI$_$5,missing,T,0.1,2,0.28168946187499994,0.05804687500000001,1.829522713828125,0.18928710937500007
345,JPT38CA3sGI$_$5,missing,T,0.2,4,0.6988281337499999,0.12262695312500002,1.3711242763281248,0.15348632812500002
345,JPT38CA3sGI$_$5,missing,T,0.3,5,0.6548706142187498,0.10871093750000002,1.3873413173437499,0.16791503906250005
346,JVpF99zuQhA$_$0,missing,T,0.1,3,-0.25959467656249985,0.07910156249999997,1.3567866779052733,0.3155010986328125
346,JVpF99zuQhA$_$0,missing,T,0.2,5,-0.36950678593749975,0.1120556640625,1.2183225131713864,0.2912442016601563
346,JVpF99zuQhA$_$0,missing,T,0.3,7,-0.5638427234374997,0.15734130859375,0.9830199695312498,0.2597485065460205
347,JVpF99zuQhA$_$2,missing,T,0.1,3,-0.11283563898437517,0.019162559509277345,0.5543136052929688,0.0747283935546875
347,JVpF99zuQhA$_$2,missing,T,0.2,6,-0.20801386164062521,0.033093128204345706,0.5078425817333985,0.06140869140624999
347,JVpF99zuQhA$_$2,missing,T,0.3,9,-0.21371454523437522,0.03647354125976563,0.49359087274902347,0.060760498046875
348,JVpF99zuQhA$_$4,missing,T,0.1,2,-0.02138668499999987,0.02278226852416992,0.3404477735620116,0.07657455444335938
348,JVpF99zuQhA$_$4,missing,T,0.2,3,-0.04357906781249987,0.030879821777343754,0.39018515549713123,0.07968147277832031
348,JVpF99zuQhA$_$4,missing,T,0.3,5,-0.11019283734374988,0.048986892700195316,0.32601925335937487,0.07936401367187498
349,K0m1tO3Ybyc$_$15,missing,V,0.1,2,0.08216556296875006,0.04363281249999995,0.4240478871875,0.2071289062499999
349,K0m1tO3Ybyc$_$15,missing,V,0.2,3,0.09011234031250007,0.05320312499999994,0.3570068715625,0.18675781249999993
349,K0m1tO3Ybyc$_$15,missing,V,0.3,5,0.09141849265625006,0.07017578124999994,0.2876709340625,0.15923828124999995
350,K0m1tO3Ybyc$_$8,missing,V,0.1,4,-0.04065550039062502,0.012656250000000025,0.4613662891601562,0.20321289062499998
350,K0m1tO3Ybyc$_$8,missing,V,0.2,7,-0.06560667226562504,0.01824218750000004,0.2372940235351563,0.11691406249999994
350,K0m1tO3Ybyc$_$8,missing,V,0.3,10,-0.07091673085937504,0.01984375000000004,0.08089600812499997,0.051152343749999926
351,K8gp7ncdUl8$_$5,missing,T,0.1,4,0.48477936072265637,0.119158935546875,1.1353637714999998,0.26091796875
351,K8gp7ncdUl8$_$5,missing,T,0.2,7,0.6787521390429688,0.16381195068359378,1.54476318528125,0.261279296875
351,K8gp7ncdUl8$_$5,missing,T,0.3,11,0.8606552152148439,0.24577392578125004,1.736613466042969,0.33709472656250006
352,KDjl2exStlI$_$10,missing,T,0.1,2,-0.2161056331054688,0.015419921875000003,1.2588546565429686,0.005668945312499999
352,KDjl2exStlI$_$10,missing,T,0.2,3,-0.2470474055664063,0.0148779296875,1.1974593928710937,0.007958984375000002
352,KDjl2exStlI$_$10,missing,T,0.3,5,-0.4311477473632812,0.018571777343750005,1.1086150935546875,0.008425292968750001
353,KDjl2exStlI$_$13,missing,A,0.1,2,-0.047320529765625216,0.0112158203125,0.24322507078125016,0.035129394531250004
353,KDjl2exStlI$_$13,missing,A,0.2,3,-0.06081540281250022,0.013874511718750001,0.23161618406250017,0.03400390625000001
353,KDjl2exStlI$_$13,missing,A,0.3,5,-0.09118039304687522,0.019494628906250006,0.19479367429687516,0.028979492187500004
354,KDjl2exStlI$_$5,missing,A,0.1,2,-0.026352715867248567,0.006535644531250004,0.2054313663417969,0.05257881164550782
354,KDjl2exStlI$_$5,missing,A,0.2,4,-0.06750392951318362,0.014100341796875008,0.17104418315240483,0.0417901611328125
354,KDjl2exStlI$_$5,missing,A,0.3,5,-0.07231960334130863,0.015522460937500007,0.1694818500454102,0.0397235107421875
355,KDjl2exStlI$_$4,missing,A,0.1,3,-0.019030721093749748,0.007639160156250002,0.013720699062499975,0.036141357421875006
355,KDjl2exStlI$_$4,missing,A,0.2,5,-0.02402339687499975,0.014705810546875003,0.030444307499999823,0.030471191406250004
355,KDjl2exStlI$_$4,missing,A,0.3,7,-0.030517537499999747,0.0213482666015625,0.040478479062499774,0.02793334960937501
356,KkKWFZZmmCM$_$1,missing,T,0.1,3,0.382428011640625,0.133828125,3.8746826503125007,1.0034228515624999
356,KkKWFZZmmCM$_$1,missing,T,0.2,6,0.46594089005859374,0.16525390625,3.235406527265625,0.7693684387207032
356,KkKWFZZmmCM$_$1,missing,T,0.3,9,0.71483157609375,0.23400390625000003,2.3171448085156245,0.5481903076171876
357,KpMCvUyQCXg$_$1,missing,A,0.1,3,-0.07198484953124998,0.015322265625000008,0.6317626815624999,0.1444291687011719
357,KpMCvUyQCXg$_$1,missing,A,0.2,5,-0.13756102140624993,0.024077148437500008,0.6454755645581054,0.123095703125
357,KpMCvUyQCXg$_$1,missing,A,0.3,8,-0.22572630460937493,0.03598632812500001,0.5618314605541992,0.09832092285156252
358,KpMCvUyQCXg$_$3,missing,T,0.1,2,0.03401493226562495,0.04030761718749999,0.4139770190312501,0.087642822265625
358,KpMCvUyQCXg$_$3,missing,T,0.2,3,1.0720839843703089e-05,0.0333447265625,0.31342771453125007,0.10690185546875
358,KpMCvUyQCXg$_$3,missing,T,0.3,4,-0.009519728073730516,0.045780792236328124,0.2974944750859375,0.06962280273437502
359,KpMCvUyQCXg$_$5,missing,T,0.1,2,0.09394533749999985,0.029482421875000005,0.9838379156249996,0.07861816406250002
359,KpMCvUyQCXg$_$5,missing,T,0.2,4,0.20825197812499985,0.05127929687500001,0.81351320859375,0.08300781250000003
359,KpMCvUyQCXg$_$5,missing,T,0.3,6,0.3230468999999999,0.05514160156250002,0.5623413335937499,0.055400390625
360,L1eFHRQGFeg$_$2,missing,T,0.1,5,0.06470793912109378,0.0478936767578125,0.6773620590156251,0.33068115234375
360,L1eFHRQGFeg$_$2,missing,T,0.2,9,0.13433989712890632,0.06175628662109376,0.9031955665400391,0.2118853759765625
360,L1eFHRQGFeg$_$2,missing,T,0.3,13,0.3157272262304688,0.09152832031250001,0.8983749336054689,0.1721673583984375
361,MCsvw5-7lVE$_$1,missing,T,0.1,4,0.14036562277343734,0.03937499999999999,2.6811277611401367,0.6512524414062499
361,MCsvw5-7lVE$_$1,missing,T,0.2,8,0.42290041281249985,0.11152343749999998,1.9535034401562499,0.4195703125
361,MCsvw5-7lVE$_$1,missing,T,0.3,12,0.5916382057812498,0.14580078124999996,1.6195678932812498,0.36181640625
362,MCsvw5-7lVE$_$2,missing,T,0.1,3,0.1560531609960937,0.054843749999999955,2.360742186875,0.5546777343749999
362,MCsvw5-7lVE$_$2,missing,T,0.2,5,0.28249053892578113,0.08800781249999996,1.8063110345312499,0.4345312499999999
362,MCsvw5-7lVE$_$2,missing,T,0.3,7,0.3987258904882811,0.11757812499999995,1.4466308587499999,0.35509765624999995
363,MCsvw5-7lVE$_$4,missing,T,0.1,2,0.13256684412109374,0.05982421874999999,1.3812133895312502,0.29604492187500003
363,MCsvw5-7lVE$_$4,missing,T,0.2,3,0.20697785486328124,0.06732421875000003,1.2437378035937503,0.271904296875
363,MCsvw5-7lVE$_$4,missing,T,0.3,5,0.4442016707812499,0.10199218750000001,0.9364318953906251,0.20583984375000003
364,MMpo2bDk-DU$_$10,missing,A,0.1,2,0.07692871906249996,0.007958984375000002,1.132452400703125,0.06062255859375
364,MMpo2bDk-DU$_$10,missing,A,0.2,4,0.1374023518749999,0.009150390625000004,0.9668701253124998,0.05118896484375
364,MMpo2bDk-DU$_$10,missing,A,0.3,6,0.23200684406249997,0.013139648437500002,0.7664367757031249,0.03711181640625001
365,MMpo2bDk-DU$_$17,missing,T,0.1,4,0.24488524015625002,0.06312377929687499,0.838030997609375,0.23152343750000007
365,MMpo2bDk-DU$_$17,missing,T,0.2,7,0.3255737167187499,0.07393066406250001,0.8503677285664063,0.17198120117187504
365,MMpo2bDk-DU$_$17,missing,T,0.3,10,0.4854232650585937,0.10822998046875001,0.9762649453632811,0.17568359375000003
366,MMpo2bDk-DU$_$16,missing,T,0.1,2,0.36755371906250006,0.086630859375,0.6429443440624999,0.36173828125
366,MMpo2bDk-DU$_$16,missing,T,0.2,4,0.4694458089062499,0.122900390625,0.45030518309374995,0.265673828125
366,MMpo2bDk-DU$_$16,missing,T,0.3,6,0.5087036214062499,0.15873046875000002,0.42152100421874994,0.23219726562500004
367,MMpo2bDk-DU$_$19,missing,T,0.1,3,0.17333985000000007,0.04628906250000002,2.4618774476562497,0.521806640625
367,MMpo2bDk-DU$_$19,missing,T,0.2,5,0.27416992812499996,0.07443359375000003,2.15709229140625,0.4694335937500001
367,MMpo2bDk-DU$_$19,missing,T,0.3,8,0.4847900453125,0.12425781250000001,1.6755371156250003,0.390615234375
368,MjaaudUc5-4$_$1,missing,T,0.1,2,0.12543941562500044,0.04519531249999999,3.386572228125,0.6420654296875001
368,MjaaudUc5-4$_$1,missing,T,0.2,4,0.15217281406250044,0.05499999999999999,2.375749169042969,0.47174072265625
368,MjaaudUc5-4$_$1,missing,T,0.3,6,0.22628170078125046,0.07164062500000003,1.8263595243554689,0.40923828125000006
369,MjaaudUc5-4$_$0,missing,T,0.1,1,0.3022002830078122,0.07777343749999992,2.3403930320312503,0.3813085937499999
369,MjaaudUc5-4$_$0,missing,T,0.2,2,0.6752547874023435,0.12720703124999996,1.6140990867187501,0.3038623046875
369,MjaaudUc5-4$_$0,missing,T,0.3,2,0.7002669944335935,0.15052734374999993,1.55321041484375,0.27759277343749994
370,MjaaudUc5-4$_$3,missing,T,0.1,2,0.0949951465625,0.05998046875,2.3759582813281255,0.340400390625
370,MjaaudUc5-4$_$3,missing,T,0.2,4,0.32208254890625004,0.08208984374999997,1.5342407520312498,0.19572265624999996
370,MjaaudUc5-4$_$3,missing,T,0.3,5,0.315606718828125,0.08167968749999999,1.45255129890625,0.21935546874999998
371,MjaaudUc5-4$_$6,missing,T,0.1,1,0.016577198437499698,0.053710937500000014,3.727954151562499,0.6990625
371,MjaaudUc5-4$_$6,missing,T,0.2,2,0.1188232921874997,0.05769531250000002,2.740945484570312,0.48162109374999995
371,MjaaudUc5-4$_$6,missing,T,0.3,3,0.3913589977539059,0.11390625000000001,1.747670022910156,0.32174316406250003
372,MoQmPA7Q07Q$_$1,missing,T,0.1,3,0.24113156242187497,0.08358398437499998,1.8238250438671872,0.3277056884765625
372,MoQmPA7Q07Q$_$1,missing,T,0.2,6,0.543634003828125,0.17881347656249996,1.4821532909375004,0.2589706420898437
372,MoQmPA7Q07Q$_$1,missing,T,0.3,8,0.57084958,0.16209472656249996,1.4172546092968754,0.281766357421875
373,MoQmPA7Q07Q$_$2,missing,T,0.1,3,0.10825194062499985,0.04179687500000003,2.9144912594726557,0.9365478515625002
373,MoQmPA7Q07Q$_$2,missing,T,0.2,6,0.22551268281249987,0.08500000000000005,1.8682998532226556,0.61009765625
373,MoQmPA7Q07Q$_$2,missing,T,0.3,9,0.37983397187499984,0.14714843750000006,1.2290374630859375,0.41437500000000005
374,N1X63d_jgmw$_$5,missing,T,0.1,5,0.05978699480468745,0.05664306640625,0.6003753692109374,0.2852587890625001
374,N1X63d_jgmw$_$5,missing,T,0.2,9,0.1532592848437499,0.06284774780273437,0.6980636649179688,0.17655120849609374
374,N1X63d_jgmw$_$5,missing,T,0.3,14,0.2967712477343749,0.07190444946289062,0.81964111778125,0.13082489013671877
375,N5xfBtD6rLY$_$7,missing,T,0.1,1,-0.0567626953125,0.009267578124999985,0.9421630859375,0.08070312499999999
375,N5xfBtD6rLY$_$7,missing,T,0.2,2,-0.171826171875,0.023125000000000007,0.79361572265625,0.0695751953125
375,N5xfBtD6rLY$_$7,missing,T,0.3,3,-0.30615234375,0.0393359375,0.6601806640625,0.05898437500000002
376,NoZsdSGnNpI$_$7,missing,T,0.1,4,0.30318147064453116,0.104580078125,2.899661268007813,0.7665641021728516
376,NoZsdSGnNpI$_$7,missing,T,0.2,8,0.5317535531640625,0.17903320312500004,2.463905347597657,0.5288546752929688
376,NoZsdSGnNpI$_$7,missing,T,0.3,12,0.6712768685937499,0.21777832031250002,1.6507232797265623,0.3724334716796875
377,Nrurc5sMUOE$_$5,missing,A,0.1,5,0.00034185937500028627,0.013281250000000045,0.18154290624999972,0.10566406249999996
377,Nrurc5sMUOE$_$5,missing,A,0.2,10,0.0060547500000002865,0.017968750000000068,0.15786126562499972,0.08507812499999992
377,Nrurc5sMUOE$_$5,missing,A,0.3,15,-0.019482359374999713,0.01574218750000004,0.09233392187499971,0.04351562499999991
378,Nrurc5sMUOE$_$7,missing,T,0.1,2,0.4657470671874999,0.058310546875000036,2.8724060027343747,0.17710449218750007
378,Nrurc5sMUOE$_$7,missing,T,0.2,3,0.5280761687499999,0.051396484375000016,2.8035278289062497,0.18684814453125007
378,Nrurc5sMUOE$_$7,missing,T,0.3,5,1.25626220390625,0.11486816406250003,2.355953976367187,0.17862548828125005
379,Nrurc5sMUOE$_$8,missing,A,0.1,4,-0.0002227904296873362,0.013320312500000004,0.6467346312499999,0.2841992187500001
379,Nrurc5sMUOE$_$8,missing,A,0.2,8,-0.04877015371093733,0.02764648437500003,0.46655274648437484,0.20308593750000004
379,Nrurc5sMUOE$_$8,missing,A,0.3,12,-0.11475068349609359,0.05220703125000005,0.3162338377929686,0.13894531250000008
380,NzvNW7vP-Co$_$5,missing,T,0.1,5,0.21108398812499987,0.0823828125,6.296728519375,2.5528906250000003
380,NzvNW7vP-Co$_$5,missing,T,0.2,10,0.5423767127343748,0.19841796875,4.5065641440698245,1.7589672851562501
380,NzvNW7vP-Co$_$5,missing,T,0.3,15,0.7380645789453123,0.2672265625,3.2072959937402343,1.15228271484375
381,NzvNW7vP-Co$_$4,missing,A,0.1,2,-0.05100094531249997,0.016142578124999994,0.251415984375,0.049686279296875
381,NzvNW7vP-Co$_$4,missing,A,0.2,4,-0.0997314140625,0.031088867187499997,0.23646237734374997,0.04792297363281249
381,NzvNW7vP-Co$_$4,missing,A,0.3,5,-0.1166991875,0.030192871093749997,0.25561520312499997,0.059544067382812496
382,NzvNW7vP-Co$_$7,missing,T,0.1,4,0.20528106720703132,0.13470703125,3.0270385745312494,1.32419921875
382,NzvNW7vP-Co$_$7,missing,T,0.2,8,0.23468017609375008,0.1944091796875,2.197991943640625,0.9410487365722655
382,NzvNW7vP-Co$_$7,missing,T,0.3,12,0.25311355622070325,0.2656982421875,1.5251136782285157,0.692646484375
383,OLP0nCKwU6k$_$6,missing,T,0.1,5,-0.20280763593749995,0.085966796875,2.6005249210937498,1.3587890625
383,OLP0nCKwU6k$_$6,missing,T,0.2,10,-0.17536012617187496,0.14492187500000003,2.0759079166992187,1.1119140625
383,OLP0nCKwU6k$_$6,missing,T,0.3,15,-0.4007980534179687,0.2304101562500001,1.6960800339648436,0.90359375
384,OrYBtyO0aPI$_$1,missing,T,0.1,2,0.33984369375000006,0.06698364257812503,2.3045394334960934,0.35156005859375
384,OrYBtyO0aPI$_$1,missing,T,0.2,4,0.5320189867187501,0.10280822753906253,2.1899520311523437,0.3398110961914063
384,OrYBtyO0aPI$_$1,missing,T,0.3,6,1.0320067796875005,0.19063323974609378,1.8723647508789063,0.2982110595703125
385,OrYBtyO0aPI$_$4,missing,T,0.1,1,0.2908935146875001,0.07679687499999997,1.0938476162500002,0.17822265624999997
385,OrYBtyO0aPI$_$4,missing,T,0.2,2,0.5275146084375001,0.10353515624999998,0.8616942959375,0.14592773437499998
385,OrYBtyO0aPI$_$4,missing,T,0.3,2,0.35212398343750007,0.06993164062499999,1.0139892178125,0.17712890624999997
386,PboaYD5hlG8$_$10,missing,V,0.1,2,0.06071781093749991,0.019804687499999994,0.6223633187499998,0.15778320312500002
386,PboaYD5hlG8$_$10,missing,V,0.2,4,0.11040042812499991,0.03429687499999999,0.5131836312499998,0.13760742187500002
386,PboaYD5hlG8$_$10,missing,V,0.3,6,0.1845703499999999,0.058808593750000006,0.3856933968749998,0.108681640625
387,PboaYD5hlG8$_$3,missing,T,0.1,2,0.15332639289062486,0.05332031249999999,2.6877197034375007,0.5822607421875
387,PboaYD5hlG8$_$3,missing,T,0.2,4,0.2960006482617185,0.07859375000000002,2.0422973401562503,0.44986328125
387,PboaYD5hlG8$_$3,missing,T,0.3,6,0.5905547864453122,0.15330078125000002,1.450733161689453,0.31502929687500003
388,PboaYD5hlG8$_$2,missing,A,0.1,2,0.12773436249999987,0.04777343749999999,0.7760009640625001,0.30113769531250006
388,PboaYD5hlG8$_$2,missing,A,0.2,4,0.24833983124999987,0.09275390624999999,0.691455065625,0.2666357421875
388,PboaYD5hlG8$_$2,missing,A,0.3,5,0.33393553437499984,0.119755859375,0.6355224484375,0.24767578125000003
389,PboaYD5hlG8$_$7,missing,T,0.1,4,0.029605075976562523,0.0204541015625,0.6433380020703126,0.3659912109375
389,PboaYD5hlG8$_$7,missing,T,0.2,7,-0.07170412812499997,0.023806152343750005,0.6143814086914062,0.2442132568359375
389,PboaYD5hlG8$_$7,missing,T,0.3,11,-0.18066103730468744,0.03777343750000001,0.42407228156250004,0.15639251708984375
390,PboaYD5hlG8$_$9,missing,T,0.1,4,0.07053680951171874,0.0515771484375,0.31292724396875005,0.2647137451171875
390,PboaYD5hlG8$_$9,missing,T,0.2,7,0.06283875042968749,0.07958984375,0.5264663685664062,0.2658093261718751
390,PboaYD5hlG8$_$9,missing,T,0.3,10,0.033256536074218745,0.08632507324218751,0.38785838815185547,0.19108947753906252
391,PboaYD5hlG8$_$8,missing,T,0.1,4,0.12463385156249984,0.09363281250000002,2.4852249770507813,0.49782470703125015
391,PboaYD5hlG8$_$8,missing,T,0.2,7,0.5407227187499999,0.282822265625,1.4406891181640624,0.366318359375
391,PboaYD5hlG8$_$8,missing,T,0.3,10,0.4412476210937498,0.2558593750000001,1.5402817209960937,0.436181640625
392,Pt-D0LUHDSc$_$2,missing,T,0.1,3,0.11656488828125004,0.03031250000000001,1.7520263140625,0.3158203125
392,Pt-D0LUHDSc$_$2,missing,T,0.2,5,0.24873651914062506,0.051835937499999964,1.4022460406250001,0.26376953124999997
392,Pt-D0LUHDSc$_$2,missing,T,0.3,8,0.40371088437500013,0.08011718749999996,1.1096679156250002,0.21474609374999995
393,PwapK9d8IGk$_$4,missing,T,0.1,5,-0.27770995218750005,0.094239501953125,2.021720877480469,1.1421875000000001
393,PwapK9d8IGk$_$4,missing,T,0.2,9,-0.1725402744531251,0.128033447265625,1.7267043979882815,0.9691015625
393,PwapK9d8IGk$_$4,missing,T,0.3,14,-0.3888152988671876,0.2071533203125,0.7422775224804689,0.5125390625
394,PyQrAYl1bFs$_$0,missing,V,0.1,1,-0.01569824218750011,0.023808593750000006,0.5339355468749999,0.18066406249999994
394,PyQrAYl1bFs$_$0,missing,V,0.2,2,0.02365722656249989,0.0368359375,0.28144531249999993,0.10767578124999999
394,PyQrAYl1bFs$_$0,missing,V,0.3,3,0.0012451171874998889,0.04269531250000001,0.2099121093749999,0.08803710937499998
395,PyQrAYl1bFs$_$3,missing,T,0.1,2,0.16584469531250007,0.043320312499999944,1.7803481743164062,0.4632421875
395,PyQrAYl1bFs$_$3,missing,T,0.2,3,0.25069576953125006,0.06347656249999996,1.5179549858398438,0.39597656249999996
395,PyQrAYl1bFs$_$3,missing,T,0.3,5,0.4614013359375001,0.1177734375,1.0315795585937502,0.26617187500000006
396,PyQrAYl1bFs$_$4,missing,T,0.1,2,0.23768915585937514,0.08074218749999999,3.563908142370605,0.9304394531249999
396,PyQrAYl1bFs$_$4,missing,T,0.2,4,0.4887755816406251,0.1651171875,2.776510566992188,0.7594335937499999
396,PyQrAYl1bFs$_$4,missing,T,0.3,6,0.8137725298828127,0.26982421875000007,2.0301894610351563,0.5900000000000001
397,Q4WzApjaCNI$_$0,missing,A,0.1,2,-0.09638674374999985,0.017109374999999975,0.60458986875,0.06584960937499998
397,Q4WzApjaCNI$_$0,missing,A,0.2,3,-0.10366213437499985,0.017167968749999974,0.5671142828125,0.06430664062499998
397,Q4WzApjaCNI$_$0,missing,A,0.3,4,-0.19448244687499985,0.02828124999999998,0.43532717343749994,0.046445312499999974
398,Q7S0tX4FUNA$_$4,missing,T,0.1,2,-0.07710572539062506,0.020115966796875002,0.6397827273437499,0.0638848876953125
398,Q7S0tX4FUNA$_$4,missing,T,0.2,4,-0.16622315703125007,0.0294091796875,0.5092527514526366,0.05497589111328126
398,Q7S0tX4FUNA$_$4,missing,T,0.3,6,-0.23217145262451178,0.037066650390625,0.47086182890624995,0.05310012817382813
399,Q7S0tX4FUNA$_$7,missing,A,0.1,1,-0.027465845937500122,0.0045654296875000085,0.31973269164062507,0.03467285156250001
399,Q7S0tX4FUNA$_$7,missing,A,0.2,2,-0.009973170156250122,0.007778320312499998,0.3071777600000001,0.03453613281250001
399,Q7S0tX4FUNA$_$7,missing,A,0.3,3,-0.06400149046875012,0.010825195312500004,0.23624880492187508,0.02806640625000001
400,Q7S0tX4FUNA$_$8,missing,T,0.1,2,0.15653993980468767,0.05965744018554688,3.3606445540625005,0.56822265625
400,Q7S0tX4FUNA$_$8,missing,T,0.2,3,0.23981478111328142,0.07567330360412597,3.0809952010351567,0.4904541015624999
400,Q7S0tX4FUNA$_$8,missing,T,0.3,5,0.5701278914648439,0.13950210571289062,2.431694053574219,0.3813818359375
401,Qa6Yz62V-Yc$_$0,missing,T,0.1,4,0.013153085546875058,0.048808593750000004,0.5637756385156252,0.36012695312500004
401,Qa6Yz62V-Yc$_$0,missing,T,0.2,7,-0.05089720742187494,0.051569824218750004,0.3691879281835938,0.22327148437500002
401,Qa6Yz62V-Yc$_$0,missing,T,0.3,10,-0.041705312890624936,0.047694091796875004,0.37411040791015615,0.11183105468750003
402,QjcQx8_PQfw$_$10,missing,T,0.1,3,0.35390320261718744,0.11675781249999999,3.8720520063281243,1.0268769073486328
402,QjcQx8_PQfw$_$10,missing,T,0.2,5,0.5643112226367186,0.18882812499999999,3.289270023906249,0.9251440429687499
402,QjcQx8_PQfw$_$10,missing,T,0.3,8,1.0048751874804687,0.33779296875,2.4248779340624993,0.728974609375
403,QjcQx8_PQfw$_$7,missing,A,0.1,3,-0.057043463281250074,0.014741210937500002,0.49037018447265623,0.02939453125
403,QjcQx8_PQfw$_$7,missing,A,0.2,5,-0.11063233046875007,0.0143994140625,0.423895269921875,0.0281884765625
403,QjcQx8_PQfw$_$7,missing,A,0.3,7,-0.13673096328125006,0.0233154296875,0.4084228578125,0.02673339843750001
404,QpchvHpGFc8$_$3,missing,A,0.1,3,0.01608887656249989,0.015791015625000005,0.1507568453124999,0.12653320312500002
404,QpchvHpGFc8$_$3,missing,A,0.2,5,0.0047607515624998875,0.027319335937499994,0.10532227499999988,0.10705078125
404,QpchvHpGFc8$_$3,missing,A,0.3,7,0.0017822359374998875,0.03948242187500001,0.0682617281249999,0.0895556640625
405,RArhIHk4Qs4$_$13,missing,T,0.1,2,0.35968093904882814,0.07596557617187502,2.1248107913437506,0.13114753723144532
405,RArhIHk4Qs4$_$13,missing,T,0.2,3,0.4621488574448242,0.07838256835937502,1.8921752932968747,0.12427459716796876
405,RArhIHk4Qs4$_$13,missing,T,0.3,4,0.8360687259140626,0.10567962646484375,1.3355743411156251,0.10654169082641603
406,RArhIHk4Qs4$_$17,missing,T,0.1,1,0.19121095000000016,0.12421875,3.58599854765625,0.8337451171875001
406,RArhIHk4Qs4$_$17,missing,T,0.2,2,0.55556641875,0.22777343750000006,1.6566406375,0.43267822265625
406,RArhIHk4Qs4$_$17,missing,T,0.3,2,0.25236817656250016,0.18341796875000002,2.7239196889843753,0.72072998046875
407,RArhIHk4Qs4$_$16,missing,T,0.1,2,0.07092894421875004,0.02372070312500002,1.9893737684375004,0.3137646484375
407,RArhIHk4Qs4$_$16,missing,T,0.2,4,0.2636688123828126,0.06755859375,1.5520568739062504,0.2601342773437501
407,RArhIHk4Qs4$_$16,missing,T,0.3,6,0.40306700574218757,0.09777343750000003,1.1495941064375004,0.22413330078125004
408,RArhIHk4Qs4$_$19,missing,A,0.1,1,-0.013665795999999642,0.0024523925781250013,0.269654870707031,0.004638671874999999
408,RArhIHk4Qs4$_$19,missing,A,0.2,2,-0.04512636728906214,0.0027136230468750005,0.2214737183632809,0.006500244140624998
408,RArhIHk4Qs4$_$19,missing,A,0.3,3,-0.0741165406289059,0.004736328125000001,0.17897646494531214,0.008018798828125
409,RArhIHk4Qs4$_$1,missing,T,0.1,4,-0.23980101414062505,0.031665039062500004,0.5618484395820312,0.3671679687500001
409,RArhIHk4Qs4$_$1,missing,T,0.2,8,-0.526837146953125,0.067109375,1.0948547250781249,0.20580078125
409,RArhIHk4Qs4$_$1,missing,T,0.3,11,-0.750799549296875,0.08994384765624999,1.2069381601367186,0.16464981079101565
410,RArhIHk4Qs4$_$2,missing,T,0.1,3,0.13010865382812503,0.13165039062500003,1.431919872089844,0.24672485351562506
410,RArhIHk4Qs4$_$2,missing,T,0.2,6,0.7033310049023438,0.21449218750000004,1.680479441277344,0.28276611328125
410,RArhIHk4Qs4$_$2,missing,T,0.3,9,1.0135574453320313,0.27355224609375,1.7813148588535157,0.36835998535156256
411,RArhIHk4Qs4$_$7,missing,T,0.1,2,-0.2847655999999999,0.06231445312499998,1.5668395746093753,0.270482177734375
411,RArhIHk4Qs4$_$7,missing,T,0.2,3,-0.33753659609374986,0.07041992187499997,1.487334989343262,0.256474609375
411,RArhIHk4Qs4$_$7,missing,T,0.3,5,-0.5680663812499999,0.11621582031249995,1.2772273767333986,0.22746093749999993
412,RArhIHk4Qs4$_$6,missing,A,0.1,3,0.01879881531250005,0.011914062500000011,0.18312376648437506,0.10363281250000005
412,RArhIHk4Qs4$_$6,missing,A,0.2,6,0.02944334656250005,0.01992187500000004,0.12621001300390627,0.06640625000000003
412,RArhIHk4Qs4$_$6,missing,A,0.3,8,0.02178953796875005,0.01730468750000002,0.11918028888281254,0.059042968750000056
413,RArhIHk4Qs4$_$8,missing,T,0.1,1,0.5071898851562497,0.20500000000000002,4.399365178125,0.6150042724609375
413,RArhIHk4Qs4$_$8,missing,T,0.2,2,1.0779296312499995,0.38652343750000007,4.047039738671875,0.6591867065429688
413,RArhIHk4Qs4$_$8,missing,T,0.3,3,1.7513411913085932,0.5150732421875001,3.4282042894531246,0.7928903198242188
414,RArhIHk4Qs4$_$21,missing,T,0.1,1,0.16633299656249995,0.027363281250000003,1.6045654184374996,0.20376953125
414,RArhIHk4Qs4$_$21,missing,T,0.2,2,0.40400389499999995,0.06109375000000004,1.2193847543749996,0.15458984375
414,RArhIHk4Qs4$_$21,missing,T,0.3,3,0.7506103403125,0.10875000000000005,0.768994129375,0.09513671875000004
415,ROcTx5VEn7o$_$11,missing,T,0.1,4,-0.05205074062499997,0.04609619140625001,0.986912577246094,0.8334765625000001
415,ROcTx5VEn7o$_$11,missing,T,0.2,7,-0.11234126796874992,0.08231262207031251,0.5384918497265626,0.6304101562500001
415,ROcTx5VEn7o$_$11,missing,T,0.3,11,-0.12816005458984367,0.11758911132812502,0.3499969604296875,0.461962890625
416,ROcTx5VEn7o$_$1,missing,T,0.1,2,-0.03157962546875006,0.016123046875000012,0.33674300895263676,0.14680164337158205
416,ROcTx5VEn7o$_$1,missing,T,0.2,3,-0.15203860984375,0.03934570312500002,0.2082451461367798,0.10298706054687501
416,ROcTx5VEn7o$_$1,missing,T,0.3,4,-0.11793197379638673,0.042250976562500014,0.24632536159088136,0.09542236328125002
417,ROcTx5VEn7o$_$5,missing,V,0.1,3,-0.07729488812499996,0.027260742187499992,0.6338134428125,0.17235595703124998
417,ROcTx5VEn7o$_$5,missing,V,0.2,5,-0.11936031781249996,0.04173828124999999,0.54886471234375,0.16012451171875
417,ROcTx5VEn7o$_$5,missing,V,0.3,8,-0.20966793499999997,0.07088378906250001,0.41999508343749997,0.1339876675605774
418,ROcTx5VEn7o$_$9,missing,V,0.1,2,-0.10017391261718744,0.004249267578125003,0.30071350154541,0.006262207031249999
418,ROcTx5VEn7o$_$9,missing,V,0.2,3,-0.1340896230664062,0.003289794921875,0.29053226527832016,0.007185058593749997
418,ROcTx5VEn7o$_$9,missing,V,0.3,5,-0.2047408681835937,0.0029443359375000014,0.28380676326416,0.0058886718749999985
419,RrGpzInAwCg$_$0,missing,V,0.1,2,0.08442387437499992,0.022285156249999973,0.9072510228125001,0.18838867187499997
419,RrGpzInAwCg$_$0,missing,V,0.2,4,0.14885258531249992,0.036728515624999965,0.6100098118749998,0.12913085937499996
419,RrGpzInAwCg$_$0,missing,V,0.3,6,0.21166996812499997,0.04930664062499998,0.42285160874999994,0.09178710937499997
420,RzOFxDk26p0$_$1,missing,T,0.1,5,0.15856931093750015,0.04632812500000009,4.447079442773436,2.0268457031250002
420,RzOFxDk26p0$_$1,missing,T,0.2,10,0.39726560000000005,0.12503906250000013,2.153243993554688,0.7937353515625002
420,RzOFxDk26p0$_$1,missing,T,0.3,14,0.543603490625,0.16964843750000008,1.6584029901367192,0.5380078125000002
421,RzOFxDk26p0$_$0,missing,T,0.1,3,-0.06532443435546878,0.08431640625000002,0.20849607099999998,0.2877364921569824
421,RzOFxDk26p0$_$0,missing,T,0.2,5,-0.08615573318359378,0.08969848632812502,0.1316009488984375,0.2421350860595703
421,RzOFxDk26p0$_$0,missing,T,0.3,8,-0.06977237136718753,0.12461009979248047,0.1261322053984375,0.19502273559570313
422,SHa756SwGJQ$_$0,missing,A,0.1,2,-0.051123070937499994,0.010166015624999995,0.3510193111718749,0.043955078125000005
422,SHa756SwGJQ$_$0,missing,A,0.2,4,-0.098126244765625,0.017080078125,0.2989746334374999,0.0441064453125
422,SHa756SwGJQ$_$0,missing,A,0.3,5,-0.12684328578124998,0.022177734374999994,0.2687195064843749,0.04182128906249999
423,SHa756SwGJQ$_$2,missing,T,0.1,3,0.39282224687500006,0.110078125,1.4110837748901366,0.43302551269531253
423,SHa756SwGJQ$_$2,missing,T,0.2,6,0.5136840632812498,0.13400390625,1.3369262507812498,0.3163330078125
423,SHa756SwGJQ$_$2,missing,T,0.3,9,0.6236450007812498,0.15550781249999998,1.198321514453125,0.25830078125
424,SHa756SwGJQ$_$4,missing,T,0.1,2,0.3557067621093751,0.07634765624999998,4.43157498720703,0.7189845943450928
424,SHa756SwGJQ$_$4,missing,T,0.2,3,0.844413732324219,0.17509765624999996,4.080567907128905,0.6574688720703125
424,SHa756SwGJQ$_$4,missing,T,0.3,5,1.5938735711914067,0.27250488281249996,3.462757848535156,0.5894586181640624
425,SHa756SwGJQ$_$7,missing,T,0.1,2,-0.12103273109375001,0.036853027343750004,1.4020370645898435,0.3326513671875
425,SHa756SwGJQ$_$7,missing,T,0.2,4,-0.4447113199609376,0.07081611633300783,1.1885435266870115,0.28333686828613286
425,SHa756SwGJQ$_$7,missing,T,0.3,5,-0.45823518470703134,0.08878974914550782,1.1997802896874998,0.23989181518554686
426,SHa756SwGJQ$_$6,missing,A,0.1,2,-0.06999516093749998,0.03280273437500001,0.4718262156249998,0.19974609375000002
426,SHa756SwGJQ$_$6,missing,A,0.2,3,-0.11384281718749997,0.048144531250000025,0.399072309375,0.17607421875
426,SHa756SwGJQ$_$6,missing,A,0.3,4,-0.14775394999999997,0.06611328125,0.34802250468749996,0.15229492187500002
427,TH32jop4FiI$_$15,missing,T,0.1,3,-0.055470236503906326,0.071357421875,0.9265381253124998,0.10901428222656248
427,TH32jop4FiI$_$15,missing,T,0.2,5,0.12872318390624998,0.055698242187500004,0.8038757717968747,0.09044189453124998
427,TH32jop4FiI$_$15,missing,T,0.3,7,0.2868179715039062,0.06139648437499999,0.6197021799374999,0.09778472900390625
428,TH32jop4FiI$_$17,missing,T,0.1,3,0.1011855963476564,0.03552734374999998,1.953427112460938,0.620645751953125
428,TH32jop4FiI$_$17,missing,T,0.2,6,0.4081436041601563,0.11796874999999993,1.553567493320313,0.38903413772583006
428,TH32jop4FiI$_$17,missing,T,0.3,9,0.5877227667578125,0.16467285156249997,1.2478149298437504,0.30764892578124997
429,TWszOxkOV0w$_$1,missing,A,0.1,4,-0.035742168750000226,0.03039062500000001,0.6966796687500001,0.3600390625000001
429,TWszOxkOV0w$_$1,missing,A,0.2,8,-0.09162595781250023,0.05677734375000003,0.5986816218750001,0.3080078125
429,TWszOxkOV0w$_$1,missing,A,0.3,12,-0.2520751765625002,0.12968750000000004,0.3799560359375002,0.19216796875000006
430,TXCXFYIc3Yo$_$16,missing,T,0.1,3,-0.09830932804687498,0.03701904296875,1.1153808612500002,0.03772705078124999
430,TXCXFYIc3Yo$_$16,missing,T,0.2,6,-0.3275787372265624,0.045137939453125005,1.0868927020703127,0.025988769531250004
430,TXCXFYIc3Yo$_$16,missing,T,0.3,8,-0.49045868107421864,0.0316839599609375,1.0308990497265627,0.0206884765625
431,TXCXFYIc3Yo$_$2,missing,T,0.1,2,0.26541136445312496,0.06976562500000005,2.7163207882812492,0.4653515625000001
431,TXCXFYIc3Yo$_$2,missing,T,0.2,4,0.5615478390625,0.14515136718750005,2.4607360714843742,0.440362548828125
431,TXCXFYIc3Yo$_$2,missing,T,0.3,6,0.918817126171875,0.22151611328125004,2.1401000851562495,0.4050344848632813
432,TXCXFYIc3Yo$_$7,missing,T,0.1,5,-0.07138290686523438,0.11962646484374999,0.6747421261835937,0.3392919921875
432,TXCXFYIc3Yo$_$7,missing,T,0.2,9,-0.16033783240234376,0.07929565429687502,0.6777511596679687,0.19065673828125002
432,TXCXFYIc3Yo$_$7,missing,T,0.3,13,-0.2004852323046875,0.14756820678710936,0.8562486642934569,0.24182250976562494
433,TXCXFYIc3Yo$_$6,missing,T,0.1,3,0.3610990586791992,0.11284149169921873,2.3550415101562496,0.40385253906250007
433,TXCXFYIc3Yo$_$6,missing,T,0.2,5,0.5331306520019531,0.14820526123046876,2.0312744203124997,0.35943115234374995
433,TXCXFYIc3Yo$_$6,missing,T,0.3,7,0.6601541581665039,0.17716003417968754,1.8082456651245118,0.3353955078125
434,TYJzg5IJN8o$_$11,missing,T,0.1,5,0.08884888257812498,0.046812744140624994,1.7212844904882811,0.9061669921875
434,TYJzg5IJN8o$_$11,missing,T,0.2,10,0.018551641367187517,0.10081909179687501,1.3142181435859377,0.6380419921875001
434,TYJzg5IJN8o$_$11,missing,T,0.3,15,-0.02772826585937501,0.0973333740234375,0.7365768455117188,0.3763134765625001
435,TYJzg5IJN8o$_$10,missing,T,0.1,3,-0.07167968125000004,0.029453125000000004,0.6050781206250001,0.09456542968750001
435,TYJzg5IJN8o$_$10,missing,T,0.2,6,-0.3356689390625001,0.062685546875,0.6079925499609375,0.10170410156250001
435,TYJzg5IJN8o$_$10,missing,T,0.3,9,-0.3149475035156251,0.07730957031249999,0.78895263171875,0.10005126953125001
436,TYJzg5IJN8o$_$14,missing,T,0.1,3,0.19760739718749995,0.045742187499999976,3.1017925253994747,0.5593701171875
436,TYJzg5IJN8o$_$14,missing,T,0.2,6,0.5118896237499999,0.12453124999999998,2.2939391842968746,0.44929687500000004
436,TYJzg5IJN8o$_$14,missing,T,0.3,9,0.7338195553906249,0.17296874999999998,1.8247192135937496,0.38154296875
437,TYJzg5IJN8o$_$0,missing,T,0.1,3,0.06816407500000014,0.030664062500000026,1.1152343875,0.26687500000000003
437,TYJzg5IJN8o$_$0,missing,T,0.2,6,0.14488526640625016,0.03587890625000002,0.8107422,0.17318359375000003
437,TYJzg5IJN8o$_$0,missing,T,0.3,9,0.18856202421875015,0.0661328125,0.6426513796875,0.14072265625
438,TYJzg5IJN8o$_$4,missing,T,0.1,4,0.3902832125,0.10955078125000006,2.0239227388671877,0.4316748046875
438,TYJzg5IJN8o$_$4,missing,T,0.2,7,0.49638672812499995,0.14003906250000006,1.8629486177734376,0.41208984375000013
438,TYJzg5IJN8o$_$4,missing,T,0.3,10,0.69252930625,0.19746093750000004,1.5778076265625,0.3659960937500001
439,TYJzg5IJN8o$_$7,missing,T,0.1,3,0.2525757292187503,0.10562499999999994,3.2419327238476567,0.9120971679687498
439,TYJzg5IJN8o$_$7,missing,T,0.2,5,0.3231567839062503,0.12472656249999999,2.7757080534375005,0.8338281249999999
439,TYJzg5IJN8o$_$7,missing,T,0.3,8,0.6119202116406253,0.24001953124999992,1.8991669157421878,0.6134277343749999
440,Uc_6d-fkZEc$_$3,missing,T,0.1,2,0.25744776489453114,0.10726562499999999,2.395867869874999,0.6579541015624999
440,Uc_6d-fkZEc$_$3,missing,T,0.2,3,0.42537379028515615,0.17505859374999996,2.0346740222187494,0.5910156249999999
440,Uc_6d-fkZEc$_$3,missing,T,0.3,5,0.65720820190625,0.2560742187499999,1.6286193347187499,0.51509765625
441,UlTJmndbGHM$_$1,missing,T,0.1,2,0.10961907812499971,0.022890624999999977,1.892195066894531,0.353515625
441,UlTJmndbGHM$_$1,missing,T,0.2,4,0.2649413437499998,0.04097656249999996,1.2946837753906248,0.23191406249999993
441,UlTJmndbGHM$_$1,missing,T,0.3,5,0.3363280624999998,0.05058593749999994,1.1607787460937498,0.2097265625
442,UlTJmndbGHM$_$4,missing,T,0.1,2,0.30298613126953133,0.13198242187500003,3.2358642440625003,0.8275663566589356
442,UlTJmndbGHM$_$4,missing,T,0.2,4,0.38819578703125013,0.1607421875,2.8977081161328133,0.763059539794922
442,UlTJmndbGHM$_$4,missing,T,0.3,6,0.7389907699414063,0.28101562500000005,1.9558166366406258,0.5505784606933595
443,VbV9S4svrTg$_$13,missing,T,0.1,1,0.08728030468749992,0.02945312499999998,1.5671142890624998,0.25186523437499997
443,VbV9S4svrTg$_$13,missing,T,0.2,2,0.21594241406249992,0.048525390625,1.1363281562499998,0.19656249999999997
443,VbV9S4svrTg$_$13,missing,T,0.3,3,0.3521240546874999,0.06475585937499999,0.8698730781249999,0.16075195312499996
444,VbV9S4svrTg$_$3,missing,T,0.1,2,0.10051268156250011,0.04193359375000001,1.40247801359375,0.21634277343750002
444,VbV9S4svrTg$_$3,missing,T,0.2,3,0.1754882675000001,0.050742187500000015,1.2123901229687502,0.19437500000000002
444,VbV9S4svrTg$_$3,missing,T,0.3,5,0.321435533125,0.07219726562500002,1.02237547453125,0.17991943359375004
445,VbV9S4svrTg$_$7,missing,T,0.1,1,0.18469235781250015,0.07230468750000009,2.7934325921875005,0.899208984375
445,VbV9S4svrTg$_$7,missing,T,0.2,2,0.39679562929687506,0.15984375000000015,1.9627242791992192,0.6711914062500002
445,VbV9S4svrTg$_$7,missing,T,0.3,3,0.7478530633789063,0.2985156250000001,1.2308730829101566,0.42945312500000005
446,VbV9S4svrTg$_$8,missing,T,0.1,2,0.13906247687499987,0.05261718750000001,1.5251464612499999,0.24261474609375
446,VbV9S4svrTg$_$8,missing,T,0.2,3,0.17550046515624987,0.057490234375000025,1.4136230237499998,0.24569580078125003
446,VbV9S4svrTg$_$8,missing,T,0.3,4,0.3058593518749998,0.08752929687500002,1.1437499768749997,0.21214233398437501
447,VinxKpWioTo$_$1,missing,T,0.1,5,0.09606625574218759,0.027890624999999957,2.566719026738282,0.8690283203125
447,VinxKpWioTo$_$1,missing,T,0.2,10,0.25888669031250017,0.0708984375,1.8141662313281253,0.45007812499999994
447,VinxKpWioTo$_$1,missing,T,0.3,15,0.4206527425585939,0.11363281249999999,1.3285644246875,0.3175
448,VinxKpWioTo$_$0,missing,T,0.1,1,-0.29775390625,0.07379638671875001,2.2109909057617188,0.279840087890625
448,VinxKpWioTo$_$0,missing,T,0.2,2,-0.5590576171875,0.11526519775390627,2.1220638275146486,0.2732197570800781
448,VinxKpWioTo$_$0,missing,T,0.3,3,-0.9401123046875,0.1857733154296875,1.882708740234375,0.2601492691040039
449,VinxKpWioTo$_$3,missing,T,0.1,3,0.1606811429687501,0.05148437500000003,2.7484283353515626,0.4715234375
449,VinxKpWioTo$_$3,missing,T,0.2,6,0.39774168984375,0.10048828125,2.2369384671875,0.395
449,VinxKpWioTo$_$3,missing,T,0.3,9,0.6406738187500001,0.15236328125,1.7460693265625,0.3281298828125
450,VinxKpWioTo$_$5,missing,T,0.1,2,0.13627324331250018,0.04298828124999998,3.014517261867187,0.6601434326171874
450,VinxKpWioTo$_$5,missing,T,0.2,4,0.2903763316914064,0.08406249999999997,2.4126892589374997,0.5451855468750001
450,VinxKpWioTo$_$5,missing,T,0.3,6,0.48302006948437537,0.13458984374999997,1.8720642589374996,0.447333984375
451,ViyQVpGW05w$_$1,missing,V,0.1,2,0.2560546875,0.09466796875000001,1.65068359375,0.46182128906250003
451,ViyQVpGW05w$_$1,missing,V,0.2,4,0.4378662109375,0.16135742187500005,1.336083984375,0.404072265625
451,ViyQVpGW05w$_$1,missing,V,0.3,6,0.6076416015625,0.21432617187500003,1.0720947265625,0.3466796875000001
452,ViyQVpGW05w$_$4,missing,V,0.1,2,-0.19340818750000005,0.05958984374999998,0.8901077114257813,0.25291625976562504
452,ViyQVpGW05w$_$4,missing,V,0.2,3,-0.25756834375000004,0.08047851562500001,0.8882673107299806,0.23530029296875
452,ViyQVpGW05w$_$4,missing,V,0.3,4,-0.3149658046875,0.09695800781250001,0.8071655117187501,0.21588134765625
453,ViyQVpGW05w$_$6,missing,T,0.1,3,0.11460572039062496,0.06824218749999997,1.8865707472460933,0.3809619140625001
453,ViyQVpGW05w$_$6,missing,T,0.2,5,0.23645630632812492,0.11923828125,1.442501838554687,0.30066162109375005
453,ViyQVpGW05w$_$6,missing,T,0.3,8,0.3250793532031249,0.12168945312499999,1.2467224181093748,0.25453125
454,Vuay0mVKkik$_$3,missing,T,0.1,3,0.5702163446289064,0.23769775390625006,4.16421658876953,1.0500688934326172
454,Vuay0mVKkik$_$3,missing,T,0.2,6,1.258354162011719,0.5151495361328126,3.3225829828124986,0.8450619506835938
454,Vuay0mVKkik$_$3,missing,T,0.3,8,1.0753555047851566,0.4110058593749999,3.3459609735351563,0.975868835449219
455,WmQF5RmbsVQ$_$6,missing,T,0.1,5,-0.10908202250000007,0.02482910156249999,1.2988861171484374,0.651357421875
455,WmQF5RmbsVQ$_$6,missing,T,0.2,10,-0.21745604593750006,0.045048828125,0.6674056963085938,0.3068597412109375
455,WmQF5RmbsVQ$_$6,missing,T,0.3,15,-0.34660643656250006,0.0681103515625,0.9722259433984377,0.163035888671875
456,Wrcf2xtqbkQ$_$9,missing,T,0.1,3,0.37822264062500005,0.093642578125,1.6379882656250004,0.6124804687500001
456,Wrcf2xtqbkQ$_$9,missing,T,0.2,6,0.48872068750000003,0.13351074218750003,1.1942382656250004,0.43650390625000013
456,Wrcf2xtqbkQ$_$9,missing,T,0.3,9,0.6146362148437501,0.17776367187500003,1.0367675625000004,0.35500976562500003
457,Wrcf2xtqbkQ$_$8,missing,T,0.1,2,-0.10150151484374989,0.06319274902343751,1.3498779796875,0.4285058593750001
457,Wrcf2xtqbkQ$_$8,missing,T,0.2,4,-0.32061772578124986,0.11843597412109377,1.3143721126831056,0.37716796875
457,Wrcf2xtqbkQ$_$8,missing,T,0.3,6,-0.5344360851562501,0.1787025833129883,1.1503355526245118,0.31940063476562497
458,WxajvjGKz7Y$_$0,missing,A,0.1,2,-0.1663330315625001,0.04440917968750001,0.7753784417187499,0.17946044921874998
458,WxajvjGKz7Y$_$0,missing,A,0.2,3,-0.2402832268750001,0.06541992187500001,0.7000244378124999,0.16780273437499998
458,WxajvjGKz7Y$_$0,missing,A,0.3,4,-0.3397949456250001,0.09215332031250001,0.6153564690625,0.14812744140625
459,WxajvjGKz7Y$_$3,missing,T,0.1,3,-0.18537602031249997,0.059983520507812506,1.3228149851562498,0.14115661621093747
459,WxajvjGKz7Y$_$3,missing,T,0.2,5,-0.310833783984375,0.07121002197265623,1.2639954050781248,0.1271630859375
459,WxajvjGKz7Y$_$3,missing,T,0.3,7,-0.4363037546874999,0.07647705078124999,1.1387388905288696,0.13402587890625
460,WxajvjGKz7Y$_$6,missing,T,0.1,4,0.014115883886718717,0.02183277130126953,0.4466293509960937,0.1078855895996094
460,WxajvjGKz7Y$_$6,missing,T,0.2,7,0.03757322031249997,0.047254180908203124,0.44160768351562496,0.06292427062988282
460,WxajvjGKz7Y$_$6,missing,T,0.3,10,0.053887917578124965,0.03938779830932617,0.366949480390625,0.0653087615966797
461,XIGpuL-Kkyk$_$12,missing,T,0.1,3,0.2633055890625,0.047431640625000056,2.0487300122802727,0.2876989746093751
461,XIGpuL-Kkyk$_$12,missing,T,0.2,6,0.5194335187500002,0.08707031250000004,1.6409484113281252,0.22809570312500002
461,XIGpuL-Kkyk$_$12,missing,T,0.3,9,0.7821776593750002,0.12672363281250004,1.3280822003906252,0.19384765625000006
462,XIGpuL-Kkyk$_$0,missing,T,0.1,2,0.3095580867187501,0.08938720703125,2.09508055515625,0.278193359375
462,XIGpuL-Kkyk$_$0,missing,T,0.2,3,0.2984313777343751,0.06822875976562501,2.087591537734375,0.2552001953125
462,XIGpuL-Kkyk$_$0,missing,T,0.3,4,1.114398174609375,0.15296936035156253,1.4409927349414062,0.23932617187500002
463,XIGpuL-Kkyk$_$4,missing,T,0.1,3,0.17292180167968754,0.0425390625,1.2365982543164062,0.2117578125
463,XIGpuL-Kkyk$_$4,missing,T,0.2,5,0.24295659171874995,0.055664062499999986,0.9686264525585937,0.16062500000000002
463,XIGpuL-Kkyk$_$4,missing,T,0.3,7,0.23183598625000004,0.053867187500000024,0.913372851484375,0.17183593749999998
464,XIGpuL-Kkyk$_$7,missing,A,0.1,1,-0.012109416249999972,0.012421875000000021,0.29235843968749997,0.0821240234375
464,XIGpuL-Kkyk$_$7,missing,A,0.2,2,-0.036938517812499974,0.018056640625000026,0.19860843968749994,0.06770019531250002
464,XIGpuL-Kkyk$_$7,missing,A,0.3,3,-0.07036136937499995,0.03326171875000004,0.12587894749999995,0.04554687500000002
465,XaVYxIW0FDg$_$2,missing,T,0.1,4,0.17664487871093754,0.112972412109375,1.3231323054687498,0.7604394531250002
465,XaVYxIW0FDg$_$2,missing,T,0.2,7,0.2969131282226563,0.18089706420898438,1.1445571711914062,0.580634765625
465,XaVYxIW0FDg$_$2,missing,T,0.3,11,0.4451026729003906,0.22751564025878906,1.0137344172851563,0.45182983398437504
466,XyP8bVmGX6M$_$4,missing,V,0.1,2,0.06977538718749994,0.033359375,0.8828369106250001,0.37429687500000003
466,XyP8bVmGX6M$_$4,missing,V,0.2,4,0.12631225242187494,0.0590625,0.6065795864062501,0.26591796875000007
466,XyP8bVmGX6M$_$4,missing,V,0.3,6,0.18371581687499994,0.08498046874999998,0.42698974265624995,0.19160156250000002
467,XzVapdEr_GY$_$3,missing,T,0.1,4,0.19411618281250034,0.07941406250000008,4.211929293164063,1.01827880859375
467,XzVapdEr_GY$_$3,missing,T,0.2,7,0.4824691491210942,0.1886914062500001,2.9012511925781252,0.7328973388671876
467,XzVapdEr_GY$_$3,missing,T,0.3,10,0.5545928673828129,0.20863281250000004,2.4539977746093755,0.6673144531250002
468,XzVapdEr_GY$_$4,missing,T,0.1,4,0.3568602890624998,0.13531250000000009,4.891400083984375,1.458770446777344
468,XzVapdEr_GY$_$4,missing,T,0.2,8,0.6557128281249998,0.24667968750000008,4.092384085144043,1.1451220703125
468,XzVapdEr_GY$_$4,missing,T,0.3,12,0.9225463242187498,0.3341796875000001,3.4010741562499995,1.0194091796875002
469,Y7h-S3cJ52o$_$0,missing,T,0.1,2,-0.2687988531250001,0.040556640625000015,1.2336303960937498,0.14147460937500006
469,Y7h-S3cJ52o$_$0,missing,T,0.2,3,-0.36723635312500014,0.04663085937500004,1.1174133550781247,0.12778320312500005
469,Y7h-S3cJ52o$_$0,missing,T,0.3,4,-0.4327636968750001,0.05007812500000003,1.0322326910156248,0.12242675781250005
470,Y7qkyMyanjU$_$2,missing,A,0.1,2,-0.02226539657763671,0.012626953124999988,0.14291988418749996,0.0698583984375
470,Y7qkyMyanjU$_$2,missing,A,0.2,3,-0.04001461074999999,0.01979492187499999,0.11727291153124994,0.061259765624999976
470,Y7qkyMyanjU$_$2,missing,A,0.3,4,-0.05743385360888671,0.027167968749999983,0.10155025905000001,0.05338867187499998
471,Y7qkyMyanjU$_$4,missing,T,0.1,2,-0.03251951874999985,0.023330078124999997,0.897802721875,0.07806152343749999
471,Y7qkyMyanjU$_$4,missing,T,0.2,3,-0.16997069062499987,0.04375,0.801068102734375,0.0724560546875
471,Y7qkyMyanjU$_$4,missing,T,0.3,4,-0.27001951874999985,0.05154785156249999,0.6807861203125001,0.06895019531249998
472,YbuG8xyUO-o$_$3,missing,V,0.1,2,-0.05112308750000003,0.02137939453125,0.29116215000000006,0.048923339843750004
472,YbuG8xyUO-o$_$3,missing,V,0.2,3,-0.07359623203125003,0.026169433593750003,0.27147831210937506,0.046794433593750004
472,YbuG8xyUO-o$_$3,missing,V,0.3,4,-0.11392215976562503,0.0346142578125,0.2349548746093751,0.041799316406249995
473,YbuG8xyUO-o$_$2,missing,V,0.1,2,0.007189968281249781,0.013188476562499992,0.10126950437500022,0.06716552734375
473,YbuG8xyUO-o$_$2,missing,V,0.2,3,0.015039089374999782,0.01819335937499999,0.08861691648437522,0.06324707031250001
473,YbuG8xyUO-o$_$2,missing,V,0.3,5,0.003802517109374781,0.029833984374999994,0.055993633531250156,0.05523193359374999
474,Z7L3V5bwzI0$_$2,missing,T,0.1,3,0.15352780578125005,0.03906250000000002,2.541204807734375,0.6182690429687501
474,Z7L3V5bwzI0$_$2,missing,T,0.2,6,0.3603378033398439,0.09410156250000004,2.0266372418164065,0.4691992187499999
474,Z7L3V5bwzI0$_$2,missing,T,0.3,9,0.5744308209179689,0.1419921875,1.5000350689648438,0.35968750000000005
475,ZaoFHcbRM9g$_$3,missing,V,0.1,3,0.013641349296874994,0.02636718750000001,0.6169662394335939,0.2877099609375
475,ZaoFHcbRM9g$_$3,missing,V,0.2,6,0.029064933281249993,0.039101562500000006,0.36010741374999994,0.20173828124999998
475,ZaoFHcbRM9g$_$3,missing,V,0.3,9,0.027703849296874992,0.04900390624999999,0.25939941,0.15879882812499999
476,ZaoFHcbRM9g$_$2,missing,T,0.1,1,-0.31688234296874995,0.0166259765625,2.0407028385742185,0.08073455810546877
476,ZaoFHcbRM9g$_$2,missing,T,0.2,2,-0.7038086125000002,0.028813476562500006,1.8686081120117186,0.07087352752685548
476,ZaoFHcbRM9g$_$2,missing,T,0.3,3,-0.7688842960937501,0.029774169921875003,1.8567642399414062,0.07739501953125
477,ZaoFHcbRM9g$_$5,missing,T,0.1,2,0.1342378363208007,0.035511016845703125,0.3180297775625,0.1855224609375
477,ZaoFHcbRM9g$_$5,missing,T,0.2,3,0.08249661775390615,0.033095092773437494,0.24479979456249995,0.15282714843750003
477,ZaoFHcbRM9g$_$5,missing,T,0.3,5,0.0941619619921874,0.053385009765625005,0.201727294921875,0.11025878906250001
478,ZaoFHcbRM9g$_$9,missing,T,0.1,1,0.9672928212695313,0.23262695312500004,3.0590881703906248,0.42704833984374996
478,ZaoFHcbRM9g$_$9,missing,T,0.2,2,1.0642731069140623,0.21866821289062505,2.9416260121874998,0.45354700088500977
478,ZaoFHcbRM9g$_$9,missing,T,0.3,2,1.141401707988281,0.23195556640624995,2.866241490703125,0.4380126953125001
479,ZaoFHcbRM9g$_$8,missing,T,0.1,1,0.05205078125,0.056289062499999966,3.8622756958007813,0.6934986114501953
479,ZaoFHcbRM9g$_$8,missing,T,0.2,2,0.121533203125,0.08359374999999997,1.9536636352539063,0.38222412109375004
479,ZaoFHcbRM9g$_$8,missing,T,0.3,3,0.22666015625,0.13578125000000002,0.919921875,0.26548828125
480,Zvisaa77Cng$_$1,missing,T,0.1,2,0.24025575324218754,0.08504882812500003,1.8056656043164068,0.3857687759399414
480,Zvisaa77Cng$_$1,missing,T,0.2,4,0.436273209296875,0.11537597656250002,1.5544891484921874,0.36219238281250005
480,Zvisaa77Cng$_$1,missing,T,0.3,6,0.5488815466992187,0.15161743164062497,1.4040970008007814,0.29048950195312506
481,Zvisaa77Cng$_$5,missing,T,0.1,2,0.08583279024755859,0.06787109375000001,0.9951871908823243,0.09850250244140626
481,Zvisaa77Cng$_$5,missing,T,0.2,4,0.09142227541601562,0.10241149902343752,0.6754272494125001,0.10356567382812502
481,Zvisaa77Cng$_$5,missing,T,0.3,5,0.02876739870703125,0.11600341796875,0.5725311308796875,0.11008117675781251
482,_7HVhnSYX1Y$_$26,missing,T,0.1,2,0.36166995312499994,0.07021484375,1.7802795722656248,0.1976266860961914
482,_7HVhnSYX1Y$_$26,missing,T,0.2,4,0.58125003125,0.09354614257812502,1.526727326171875,0.18499930381774904
482,_7HVhnSYX1Y$_$26,missing,T,0.3,5,0.6249267890624999,0.088890380859375,1.403009064453125,0.18349976539611818
483,_7HVhnSYX1Y$_$12,missing,T,0.1,2,0.24223634062499996,0.041201171874999984,1.6340635424682617,0.19413408279418945
483,_7HVhnSYX1Y$_$12,missing,T,0.2,4,0.4537109499999999,0.07928955078124998,1.2687378054687497,0.17487106323242188
483,_7HVhnSYX1Y$_$12,missing,T,0.3,6,0.5890625124999997,0.09533203125000002,1.0791931277343747,0.1667327880859375
484,_7HVhnSYX1Y$_$14,missing,T,0.1,1,-0.07045898187500002,0.03742919921875,1.145083615664063,0.026403656005859377
484,_7HVhnSYX1Y$_$14,missing,T,0.2,2,-0.07545165765625002,0.05295532226562501,0.9965515111718753,0.03062744140625
484,_7HVhnSYX1Y$_$14,missing,T,0.3,3,-0.32407836664062495,0.039010009765625006,0.6598173118979492,0.034226989746093756
485,_7HVhnSYX1Y$_$19,missing,V,0.1,2,-0.08214719929687511,0.008845362663269043,0.3321222368716432,0.01456024169921875
485,_7HVhnSYX1Y$_$19,missing,V,0.2,3,-0.11733549275390635,0.008760223388671877,0.3154220406054689,0.011630630493164065
485,_7HVhnSYX1Y$_$19,missing,V,0.3,4,-0.15434263386718766,0.013214263916015625,0.31148470082275403,0.006995453834533693
486,_7HVhnSYX1Y$_$31,missing,T,0.1,2,0.26510006203125,0.06130859374999995,1.5991454721875002,0.256005859375
486,_7HVhnSYX1Y$_$31,missing,T,0.2,3,0.3697997690625,0.08514648437499996,1.3780517221875,0.228427734375
486,_7HVhnSYX1Y$_$31,missing,T,0.3,4,0.494158899921875,0.10543945312499996,1.128027308125,0.19312499999999994
487,_7HVhnSYX1Y$_$3,missing,T,0.1,3,-0.2760009390625001,0.02844970703125001,1.5190047842773435,0.15231697082519532
487,_7HVhnSYX1Y$_$3,missing,T,0.2,5,-0.3724853140625001,0.036520996093750015,1.4628126007827755,0.1354349517822266
487,_7HVhnSYX1Y$_$3,missing,T,0.3,7,-0.5685424429687501,0.05743041992187502,1.2937680823120115,0.1172515869140625
488,_BvNNdEkhZA$_$14,missing,T,0.1,2,0.25032961203125004,0.12406494140624999,2.7065521462109374,0.1750830078125
488,_BvNNdEkhZA$_$14,missing,T,0.2,3,0.540911887421875,0.09051269531250002,2.587556479707031,0.194114990234375
488,_BvNNdEkhZA$_$14,missing,T,0.3,5,1.0413330299999999,0.11377441406250002,2.293334983125,0.20708984375
489,_BvNNdEkhZA$_$19,missing,T,0.1,4,0.6394287296875003,0.1816650390625,2.88616945234375,0.6451171875
489,_BvNNdEkhZA$_$19,missing,T,0.2,7,0.9964721867187503,0.255146484375,2.633154315625,0.5162455749511718
489,_BvNNdEkhZA$_$19,missing,T,0.3,10,1.2741638371093753,0.3031689453125,2.360687274609375,0.45483337402343754
490,_BvNNdEkhZA$_$7,missing,T,0.1,3,-0.029328855957031295,0.0556005859375,1.0071730942382815,0.15641723632812504
490,_BvNNdEkhZA$_$7,missing,T,0.2,5,-0.14183953710937508,0.0475439453125,1.0110579819335939,0.11367919921875003
490,_BvNNdEkhZA$_$7,missing,T,0.3,7,-0.41592858740234384,0.09750976562500001,0.7007567734375002,0.06811767578125001
491,_BvNNdEkhZA$_$6,missing,T,0.1,3,-0.14420470253906262,0.07823242187500001,0.8976989811718749,0.31611328125000004
491,_BvNNdEkhZA$_$6,missing,T,0.2,6,-0.12334898964843762,0.10260742187500002,0.8413757408593749,0.23578125000000005
491,_BvNNdEkhZA$_$6,missing,T,0.3,9,0.022778329687499887,0.1203125,0.6474777287304688,0.17845703125000004
492,_BvNNdEkhZA$_$9,missing,V,0.1,2,-0.02620844609375008,0.0032800292968750014,0.24859614140625014,0.07625488281250001
492,_BvNNdEkhZA$_$9,missing,V,0.2,4,-0.05801996953125008,0.008853759765625002,0.21147455937500012,0.058884887695312506
492,_BvNNdEkhZA$_$9,missing,V,0.3,5,-0.07044672734375008,0.010726318359375,0.20164179570312513,0.05452301025390625
493,_aZDaIfGfPo$_$1,missing,T,0.1,5,0.13450317007812512,0.04148437500000006,3.0341735802343743,1.0391822433471682
493,_aZDaIfGfPo$_$1,missing,T,0.2,9,0.22280273062500014,0.05808593750000004,2.711647029941406,0.7468164062500001
493,_aZDaIfGfPo$_$1,missing,T,0.3,14,0.465287777011719,0.12656250000000008,1.8079482994726561,0.4492187500000001
494,_aZDaIfGfPo$_$0,missing,V,0.1,3,0.19079585843750008,0.06613281249999997,1.199853475625,0.37103515624999994
494,_aZDaIfGfPo$_$0,missing,V,0.2,5,0.3011962490625001,0.10255859374999994,0.9531737881250001,0.3034765625
494,_aZDaIfGfPo$_$0,missing,V,0.3,7,0.37753902250000004,0.12730468749999999,0.7689452725000001,0.24861328125
495,_gr7o5ynhnw$_$13,missing,T,0.1,4,-0.5092407476562502,0.10137207031249999,1.284510828222656,0.38993652343749996
495,_gr7o5ynhnw$_$13,missing,T,0.2,7,-0.6088379156250001,0.11223388671874998,1.5102096807617185,0.299835205078125
495,_gr7o5ynhnw$_$13,missing,T,0.3,11,-0.8993713628906249,0.1480670166015625,1.6215513479370116,0.22475372314453126
496,_gr7o5ynhnw$_$12,missing,T,0.1,2,0.3382324368749998,0.09349609374999994,2.0095703274999996,0.33101074218749993
496,_gr7o5ynhnw$_$12,missing,T,0.2,3,0.4037353665624998,0.10963867187499998,1.9352111966406245,0.32851699829101555
496,_gr7o5ynhnw$_$12,missing,T,0.3,5,0.7193115384374998,0.1765869140625,1.5296875150000002,0.2919299316406249
497,_gr7o5ynhnw$_$15,missing,T,0.1,5,0.17607427000000025,0.058750000000000094,6.227832082499999,2.6587890625000004
497,_gr7o5ynhnw$_$15,missing,T,0.2,10,0.3882568871875002,0.1296875000000001,3.2113281762499994,1.34659912109375
497,_gr7o5ynhnw$_$15,missing,T,0.3,15,0.6246704614062502,0.2129687500000001,1.835614064921875,0.6064453125000002
498,_gzYkdjNvPc$_$12,missing,T,0.1,1,-0.17180177656250012,0.04666625976562501,1.4148361393554691,0.23845458984374995
498,_gzYkdjNvPc$_$12,missing,T,0.2,2,-0.5174560734375003,0.08832260131835938,1.3612654158218387,0.20845458984375004
498,_gzYkdjNvPc$_$12,missing,T,0.3,3,-0.643054051075745,0.106087646484375,1.2748670765502932,0.19350952148437503
499,_gzYkdjNvPc$_$17,missing,T,0.1,2,0.002075180312500091,0.04605468749999998,4.011865219375001,0.7892068481445313
499,_gzYkdjNvPc$_$17,missing,T,0.2,4,0.01721189906250009,0.11517578125000001,2.1048522814218757,0.53218505859375
499,_gzYkdjNvPc$_$17,missing,T,0.3,6,0.1706176607812501,0.13697265625,1.0140212877695312,0.37276000976562507
500,_gzYkdjNvPc$_$1,missing,A,0.1,3,-0.052465837187500065,0.025449218749999985,0.7864929367968749,0.27802734375
500,_gzYkdjNvPc$_$1,missing,A,0.2,6,-0.11640016335937506,0.04328124999999998,0.5973755051562499,0.20211914062499997
500,_gzYkdjNvPc$_$1,missing,A,0.3,8,-0.13767091531250006,0.041298828125000006,0.5196045090624999,0.18676757812500006
501,_gzYkdjNvPc$_$3,missing,T,0.1,2,-0.14557499242187485,0.02943138122558594,0.6599579269921876,0.15604003906250002
501,_gzYkdjNvPc$_$3,missing,T,0.2,4,-0.3768124039208983,0.0664947509765625,0.6661301071679688,0.1362890625
501,_gzYkdjNvPc$_$3,missing,T,0.3,5,-0.3947996552026366,0.067548828125,0.6678375656640625,0.1337451171875
502,_gzYkdjNvPc$_$2,missing,T,0.1,1,0.3918335185937501,0.20455078124999998,4.734716819375,1.3201757812500001
502,_gzYkdjNvPc$_$2,missing,T,0.2,2,1.2995636211328125,0.49840942382812514,3.687225364296876,1.0814062500000001
502,_gzYkdjNvPc$_$2,missing,T,0.3,2,1.1437317119531252,0.438187255859375,3.8602981792382822,1.182431640625
503,_gzYkdjNvPc$_$5,missing,T,0.1,2,-0.05963133534375009,0.021092529296875002,0.6875182982343752,0.08625000000000001
503,_gzYkdjNvPc$_$5,missing,T,0.2,4,-0.12845457753125009,0.0320361328125,0.5622497435468752,0.08514648437500001
503,_gzYkdjNvPc$_$5,missing,T,0.3,5,-0.1922851439375001,0.04151123046875,0.5241821165937501,0.07913085937500001
504,_gzYkdjNvPc$_$4,missing,A,0.1,3,-0.0732055757812499,0.012451171875000003,0.48614502890625,0.05945213317871095
504,_gzYkdjNvPc$_$4,missing,A,0.2,5,-0.11024170859374989,0.017377929687500005,0.443035898046875,0.05468223571777344
504,_gzYkdjNvPc$_$4,missing,A,0.3,7,-0.1714965914062499,0.022696533203125004,0.36960450156249997,0.044936561584472665
505,_gzYkdjNvPc$_$6,missing,T,0.1,2,0.37710112150390634,0.09743652343749998,3.5909911971875004,0.4931619262695313
505,_gzYkdjNvPc$_$6,missing,T,0.2,4,0.7768707137890626,0.18223388671875,3.105206285078126,0.45206518173217775
505,_gzYkdjNvPc$_$6,missing,T,0.3,6,0.9402267318554689,0.21688476562499998,2.792739854414063,0.4447116088867188
506,_gzYkdjNvPc$_$9,missing,T,0.1,2,0.12641600312500006,0.02646484375,1.8732421749999997,0.11910156250000006
506,_gzYkdjNvPc$_$9,missing,T,0.2,3,0.21843260468750003,0.03427734375000002,1.70638426484375,0.11520507812500005
506,_gzYkdjNvPc$_$9,missing,T,0.3,5,0.49171141328125023,0.05736328125000002,1.3746520871093753,0.10423339843750004
507,a-WihYDk6vc$_$8,missing,T,0.1,4,0.22604981468749993,0.047675781250000035,1.2336578469140627,0.14628417968750002
507,a-WihYDk6vc$_$8,missing,T,0.2,7,0.41345215843749994,0.07258789062500004,1.0642517189843752,0.13194824218750006
507,a-WihYDk6vc$_$8,missing,T,0.3,10,0.42087403343749996,0.07022460937500004,0.9538574318750002,0.12568359375000004
508,a-WihYDk6vc$_$0,missing,T,0.1,2,0.13000492281249992,0.04041015625000003,1.4951904696875,0.22715820312500004
508,a-WihYDk6vc$_$0,missing,T,0.2,3,0.18076175874999995,0.045000000000000026,1.3830322665625,0.21274414062500005
508,a-WihYDk6vc$_$0,missing,T,0.3,5,0.4262085360937499,0.07810546875000003,1.0569580478125,0.16630859375
509,aFhc2ddipoM$_$14,missing,T,0.1,4,0.04499506718749986,0.04001953125000003,2.1319335437500007,0.5692473602294921
509,aFhc2ddipoM$_$14,missing,T,0.2,7,0.21428217656249987,0.08862304687500003,1.6814208484374997,0.45635780334472653
509,aFhc2ddipoM$_$14,missing,T,0.3,10,0.3954101062499998,0.14606445312500002,1.3065429187499997,0.36900634765625
510,aK5tRCXjUvU$_$0,missing,A,0.1,2,0.09965824375000003,0.04984374999999998,1.08540043125,0.38115234374999996
510,aK5tRCXjUvU$_$0,missing,A,0.2,4,0.19509281406250006,0.08833984374999997,0.8605469156250001,0.3168554687499999
510,aK5tRCXjUvU$_$0,missing,A,0.3,5,0.2788086343750001,0.12123046874999999,0.7450684000000001,0.28126953125
511,b-FX9NOVQOM$_$1,missing,A,0.1,3,0.0057952819609375485,0.00589599609375,0.40083007200000004,0.026883087158203128
511,b-FX9NOVQOM$_$1,missing,A,0.2,6,0.01959838254687505,0.009622192382812502,0.26594237668750004,0.015949211120605468
511,b-FX9NOVQOM$_$1,missing,A,0.3,9,0.020249932839843797,0.013626708984375,0.21046141965625004,0.018276367187499996
512,b-FX9NOVQOM$_$4,missing,T,0.1,3,0.50321043671875,0.18681640625000004,3.452227770703125,0.7431567382812501
512,b-FX9NOVQOM$_$4,missing,T,0.2,6,1.2123077267578126,0.42632812500000006,3.2372070187499995,0.744140625
512,b-FX9NOVQOM$_$4,missing,T,0.3,9,1.8349609249999996,0.5968603515625001,2.6858329647949213,0.7093994140625002
513,b1LEcg6z66g$_$0,missing,T,0.1,3,0.12926480904296866,0.06078613281250002,2.1385085834570305,0.07966491699218751
513,b1LEcg6z66g$_$0,missing,T,0.2,5,0.11443479195312492,0.06693481445312502,1.8761512531347655,0.11033340454101566
513,b1LEcg6z66g$_$0,missing,T,0.3,8,0.4286178363867187,0.07088134765625002,1.2964019572890624,0.10974365234375001
514,b1LEcg6z66g$_$4,missing,T,0.1,3,0.1950195700000001,0.04636718750000001,2.7184204489062505,0.574114990234375
514,b1LEcg6z66g$_$4,missing,T,0.2,6,0.4685181051562502,0.11076171875,2.3147034078906255,0.4912225341796875
514,b1LEcg6z66g$_$4,missing,T,0.3,9,0.7325317770312502,0.17619140625000002,1.8663879782031252,0.41266845703125005
515,b1LEcg6z66g$_$8,missing,T,0.1,3,0.26984868281250024,0.10921874999999996,2.822254993847656,0.587786865234375
515,b1LEcg6z66g$_$8,missing,T,0.2,5,0.28365483515625023,0.11166015624999996,2.3980316662109376,0.5509960937499999
515,b1LEcg6z66g$_$8,missing,T,0.3,8,0.5723450207031252,0.20776367187499994,1.4722900890625001,0.40540771484374993
516,bAkUEnPoucg$_$3,missing,T,0.1,4,0.3255920885156254,0.13958984374999997,2.262214708144532,0.7937489318847657
516,bAkUEnPoucg$_$3,missing,T,0.2,7,0.2673065660546879,0.1188671875,2.3262863634179696,0.7844140625
516,bAkUEnPoucg$_$3,missing,T,0.3,10,0.9478394029687507,0.338671875,1.394462623449219,0.4623046875
517,bNQkb4K5DX0$_$3,missing,T,0.1,3,0.018280060546875032,0.0357769775390625,0.15616605791015625,0.18497840881347655
517,bNQkb4K5DX0$_$3,missing,T,0.2,6,-0.06665188525390622,0.06894954681396484,0.21195370722656248,0.15710540771484374
517,bNQkb4K5DX0$_$3,missing,T,0.3,8,-0.08520046923828124,0.08015321731567382,0.19911954912109375,0.15285259246826174
518,bNQkb4K5DX0$_$7,missing,T,0.1,3,0.26243591683593726,0.05699218750000001,2.888469699794922,0.685908203125
518,bNQkb4K5DX0$_$7,missing,T,0.2,5,0.47940369027343727,0.10023437500000001,2.2878295935937505,0.5590136718750001
518,bNQkb4K5DX0$_$7,missing,T,0.3,7,0.8297027625390623,0.20115234375000002,1.6759338416406249,0.40836914062499996
519,bWunvAd96zI$_$1,missing,T,0.1,2,0.34217530223437487,0.12175781249999999,2.4736389252812505,0.08729370117187499
519,bWunvAd96zI$_$1,missing,T,0.2,4,0.8786621186406253,0.27187011718750004,2.247148141589844,0.20455810546875003
519,bWunvAd96zI$_$1,missing,T,0.3,6,1.2558288666875004,0.253651123046875,1.9810302827031254,0.19401611328125
520,bWunvAd96zI$_$2,missing,T,0.1,4,0.2934554656835939,0.07941406249999998,2.3817458709570314,0.38433105468749995
520,bWunvAd96zI$_$2,missing,T,0.2,7,0.47316890562500014,0.12316162109374998,2.2037734628164065,0.37044921875000003
520,bWunvAd96zI$_$2,missing,T,0.3,10,0.4600509246679689,0.10080078125,2.1486892382695313,0.386708984375
521,bWunvAd96zI$_$5,missing,A,0.1,1,-0.07204588968750007,0.021025390625000008,0.5260986240625001,0.11088897705078127
521,bWunvAd96zI$_$5,missing,A,0.2,2,-0.17180174906250006,0.043603515625000006,0.40581053812500006,0.09572242736816408
521,bWunvAd96zI$_$5,missing,A,0.3,3,-0.23066405375000007,0.061506347656249995,0.3455322178125001,0.08338653564453125
522,bWunvAd96zI$_$4,missing,T,0.1,2,-0.08663331078124994,0.05907226562500001,2.126299848093262,0.2709918212890626
522,bWunvAd96zI$_$4,missing,T,0.2,4,0.26607665015625004,0.09062500000000001,1.3961303610937499,0.19645568847656253
522,bWunvAd96zI$_$4,missing,T,0.3,6,0.5203369040624999,0.12540283203125002,1.075677480234375,0.17631713867187504
523,bj9e8w4vNxo$_$12,missing,T,0.1,5,0.20325317257812495,0.07831542968749998,1.6863281237499996,0.320441665649414
523,bj9e8w4vNxo$_$12,missing,T,0.2,9,0.3069946276562499,0.08928710937499995,1.4933042513745114,0.23158203124999996
523,bj9e8w4vNxo$_$12,missing,T,0.3,13,0.4133544909374999,0.08063476562499997,1.1762176501171873,0.18650878906249996
524,bpvYdXVlgvc$_$1,missing,V,0.1,1,-0.004870622343749842,0.014079589843749999,0.4478820969531248,0.01420166015625
524,bpvYdXVlgvc$_$1,missing,V,0.2,2,-0.028295915312499843,0.018607177734374997,0.3190551926562499,0.03593994140625
524,bpvYdXVlgvc$_$1,missing,V,0.3,3,-0.03161012429687484,0.032744140624999994,0.2051147629687499,0.0472412109375
525,bpvYdXVlgvc$_$3,missing,A,0.1,3,-0.021801750937500045,0.026162109375000003,0.7652236869726563,0.22913696289062502
525,bpvYdXVlgvc$_$3,missing,A,0.2,5,-0.03767089156250005,0.04625701904296875,0.6250823905859375,0.18472625732421874
525,bpvYdXVlgvc$_$3,missing,A,0.3,7,-0.12248534468750001,0.04640075683593751,0.44271849898437504,0.13698883056640626
526,bpvYdXVlgvc$_$4,missing,T,0.1,2,0.2661682253906251,0.08792968750000003,3.1369567996093757,0.651083984375
526,bpvYdXVlgvc$_$4,missing,T,0.2,3,0.6082733279296875,0.19466796875000006,2.4215225344726568,0.48858886718750005
526,bpvYdXVlgvc$_$4,missing,T,0.3,5,0.827191174609375,0.2273046875,2.120565808398438,0.4543310546875
527,bpvYdXVlgvc$_$6,missing,T,0.1,3,-0.03061524937499991,0.051289062499999996,0.6074172928632813,0.331171875
527,bpvYdXVlgvc$_$6,missing,T,0.2,6,0.028570541640625093,0.07181640624999999,0.663653562953125,0.307998046875
527,bpvYdXVlgvc$_$6,missing,T,0.3,9,0.06706541468750009,0.0904296875,0.5639907836914062,0.200390625
528,c1a1y9ytHH0$_$0,missing,T,0.1,3,-0.0503661746875,0.018784179687500003,0.4944991702929687,0.15184551239013672
528,c1a1y9ytHH0$_$0,missing,T,0.2,6,-0.10544429968750002,0.026640624999999994,0.5415692920581054,0.08750122070312501
528,c1a1y9ytHH0$_$0,missing,T,0.3,9,-0.146441614140625,0.039711914062500006,0.4437421436206054,0.08262647628784181
529,c1a1y9ytHH0$_$3,missing,T,0.1,3,-0.03964847375000001,0.01705078124999999,0.5210203497026369,0.15623233795166017
529,c1a1y9ytHH0$_$3,missing,T,0.2,6,-0.11230472374999997,0.014331054687499989,0.5960358028515625,0.10109375000000001
529,c1a1y9ytHH0$_$3,missing,T,0.3,9,-0.25170902062500006,0.03228515624999999,0.45078738976562505,0.05580566406249998
530,c1a1y9ytHH0$_$7,missing,T,0.1,3,0.28046876125000003,0.06041015624999999,1.6791137807812504,0.27542968749999996
530,c1a1y9ytHH0$_$7,missing,T,0.2,5,0.45197755031250003,0.08720703125,1.4495849721875005,0.24309570312499998
530,c1a1y9ytHH0$_$7,missing,T,0.3,7,0.5759521596875,0.1085546875,1.2826171987500004,0.2220703125
531,c5cB7AfVgcE$_$12,missing,T,0.1,4,0.18721923823437506,0.06490234375000001,2.163380241347168,0.37677734375
531,c5cB7AfVgcE$_$12,missing,T,0.2,7,0.3723937987812501,0.11153320312500004,1.7333251952656252,0.29463378906250004
531,c5cB7AfVgcE$_$12,missing,T,0.3,10,0.46025695796093763,0.12255859375000004,1.518566894484375,0.27846679687500003
532,c5cB7AfVgcE$_$5,missing,A,0.1,4,0.0005126578125000059,0.02636718750000001,0.4161865609374999,0.10109374999999998
532,c5cB7AfVgcE$_$5,missing,A,0.2,8,-0.003540076562499994,0.04117187500000001,0.3209228890624999,0.06597656249999999
532,c5cB7AfVgcE$_$5,missing,A,0.3,12,-0.04116214687499999,0.03896484375000001,0.21955570156249998,0.03541015625
533,d8BR6hsvzoY$_$1,missing,T,0.1,3,-0.2843628304687499,0.04217773437500001,1.3125519173828128,0.21451406478881835
533,d8BR6hsvzoY$_$1,missing,T,0.2,5,-0.4459106820312499,0.06048828125000001,1.3088102715698244,0.16459678649902346
533,d8BR6hsvzoY$_$1,missing,T,0.3,8,-0.5826660531249999,0.07672851562500002,1.201421965905762,0.13411010742187507
534,d8BR6hsvzoY$_$0,missing,A,0.1,1,-0.02764854449902323,0.0070507812500000015,0.22813663501415996,0.009697265624999996
534,d8BR6hsvzoY$_$0,missing,A,0.2,2,-0.06537971515332011,0.008481445312499994,0.20108623523388652,0.011367187499999997
534,d8BR6hsvzoY$_$0,missing,A,0.3,3,-0.09730205554638652,0.013632812499999994,0.1753540040937498,0.008955078124999996
535,d8BR6hsvzoY$_$2,missing,T,0.1,2,-0.29846188906250004,0.0336083984375,1.7545407998901372,0.15533203125
535,d8BR6hsvzoY$_$2,missing,T,0.2,4,-0.47319333437500005,0.048603515624999996,1.5568603265625005,0.135654296875
535,d8BR6hsvzoY$_$2,missing,T,0.3,6,-0.7922607171875,0.0780419921875,1.2219848382812504,0.11097656249999999
536,d8BR6hsvzoY$_$5,missing,T,0.1,1,-0.058923337968750066,0.0150634765625,0.8612060528125,0.1034478759765625
536,d8BR6hsvzoY$_$5,missing,T,0.2,2,-0.2097412090625001,0.032731933593750005,0.7688199978198244,0.08047973632812501
536,d8BR6hsvzoY$_$5,missing,T,0.3,3,-0.3044555645312501,0.04661376953125,0.6537979107226564,0.06086425781250001
537,d8BR6hsvzoY$_$6,missing,T,0.1,1,0.08675538353124992,0.006069335937500002,0.03744964599609375,0.018022460937500005
537,d8BR6hsvzoY$_$6,missing,T,0.2,2,0.030664074937499917,0.006437988281250001,0.035742189987499985,0.010166015625000002
537,d8BR6hsvzoY$_$6,missing,T,0.3,3,0.06360036186376945,0.008911132812500003,0.034698486328125,0.01443115234375
538,d8BR6hsvzoY$_$9,missing,A,0.1,2,-0.0742324863476563,0.008220214843749999,0.23908615456054694,0.043095703125
538,d8BR6hsvzoY$_$9,missing,A,0.2,4,-0.1069015537304688,0.011052856445312498,0.22634222851226812,0.043598632812499996
538,d8BR6hsvzoY$_$9,missing,A,0.3,6,-0.15698852882812506,0.021833496093749998,0.20047531471679694,0.032369384765625
539,d8BR6hsvzoY$_$8,missing,T,0.1,3,0.46923214398437485,0.11769531250000002,1.2745299955468752,0.34744140625000003
539,d8BR6hsvzoY$_$8,missing,T,0.2,6,0.4986343046289061,0.08722167968750003,2.0762450834375,0.11846328735351566
539,d8BR6hsvzoY$_$8,missing,T,0.3,9,1.0963439603906253,0.17649291992187507,1.9577636381250003,0.16798950195312504
540,dBWvtPeHpWM$_$4,missing,V,0.1,1,0.14107208598828117,0.05152343750000008,0.5103454624531251,0.20378906250000006
540,dBWvtPeHpWM$_$4,missing,V,0.2,1,0.15291900981640616,0.058378906250000064,0.452600101125,0.18216796875000005
540,dBWvtPeHpWM$_$4,missing,V,0.3,2,0.22989960063671866,0.08879882812500003,0.35813141216015615,0.14144531250000006
541,dEDbm2ubVRQ$_$0,missing,V,0.1,2,-0.14051512171875008,0.010361328125000015,0.7229308932031252,0.054267578125000014
541,dEDbm2ubVRQ$_$0,missing,V,0.2,3,-0.23461302210937518,0.01772949218750002,0.6563415377343752,0.049497070312500016
541,dEDbm2ubVRQ$_$0,missing,V,0.3,4,-0.3160217135156252,0.02334472656250002,0.5938354342187502,0.04183593750000002
542,dEDbm2ubVRQ$_$3,missing,T,0.1,4,0.44893953072265635,0.13321777343750002,1.3609954966484374,0.22008281707763672
542,dEDbm2ubVRQ$_$3,missing,T,0.2,7,0.855255143515625,0.227041015625,1.409564222234375,0.297144775390625
542,dEDbm2ubVRQ$_$3,missing,T,0.3,10,0.7335113691015626,0.14710937500000001,1.7630020290664064,0.3470159912109375
543,dEDbm2ubVRQ$_$8,missing,T,0.1,2,0.18881833437500015,0.052128906250000016,1.1762878167968753,0.21234375
543,dEDbm2ubVRQ$_$8,missing,T,0.2,4,0.41369626406250004,0.09879882812500003,0.8976928460937502,0.154716796875
543,dEDbm2ubVRQ$_$8,missing,T,0.3,5,0.3582275140625001,0.08319335937500003,0.9735107171875004,0.17322753906250002
544,dt641WxonBI$_$1,missing,V,0.1,1,0.03576662656249996,0.014804687499999959,0.7932129156250001,0.23740234375
544,dt641WxonBI$_$1,missing,V,0.2,2,0.06738283749999993,0.026347656249999945,0.43930666562500004,0.15102539062499995
544,dt641WxonBI$_$1,missing,V,0.3,3,0.07915041562499994,0.03328124999999996,0.257275415625,0.09821289062499997
545,dt641WxonBI$_$3,missing,T,0.1,3,-0.031823749218749996,0.0372607421875,0.6395508000000001,0.15827167510986329
545,dt641WxonBI$_$3,missing,T,0.2,5,-0.12995607343749996,0.074154052734375,0.5212417790039063,0.13135070800781248
545,dt641WxonBI$_$3,missing,T,0.3,8,-0.18090822187499994,0.08761474609375,0.4725952335937501,0.13082805633544922
546,eOiC1kb17P4$_$0,missing,T,0.1,5,0.23919373714843734,0.09341796875,4.272998058437501,2.0705859375
546,eOiC1kb17P4$_$0,missing,T,0.2,10,0.38946534359374996,0.14457031249999996,3.0985992547265626,1.5226094436645505
546,eOiC1kb17P4$_$0,missing,T,0.3,15,0.6159790154687499,0.22060546875,2.3062469598046875,1.0257887268066406
547,erNDEjQeox8$_$12,missing,T,0.1,5,0.41611938382812497,0.12903320312499997,4.066088866249999,1.5333203125
547,erNDEjQeox8$_$12,missing,T,0.2,10,0.5812332143945312,0.18565063476562504,3.3017517080468757,1.2303222656250001
547,erNDEjQeox8$_$12,missing,T,0.3,14,0.7463363638085937,0.22520507812499999,2.909405516640626,1.02845703125
548,ewBrNsyY82Q$_$4,missing,T,0.1,4,0.4221969975742187,0.09603591918945314,0.2712005578109375,0.21866943359375002
548,ewBrNsyY82Q$_$4,missing,T,0.2,7,0.1820572270664062,0.08984725952148438,0.23803863525390626,0.18889038085937498
548,ewBrNsyY82Q$_$4,missing,T,0.3,10,0.17924655812109372,0.10190216064453125,0.21281889755390626,0.14762451171875
549,fWOIAxzBQFY$_$12,missing,T,0.1,3,-0.07626953124999991,0.026416015624999983,0.45060405731201164,0.04513183593749996
549,fWOIAxzBQFY$_$12,missing,T,0.2,5,-0.09854736328124991,0.027099609374999965,0.40747663974761955,0.047563476562499964
549,fWOIAxzBQFY$_$12,missing,T,0.3,8,-0.21777343749999992,0.04415527343749997,0.3053344726562499,0.04653808593749996
550,fWOIAxzBQFY$_$5,missing,T,0.1,2,0.09631351093749974,0.04291015624999999,1.0056640968749995,0.14910156249999998
550,fWOIAxzBQFY$_$5,missing,T,0.2,4,0.23933108906249972,0.06457031249999998,0.6312134098437496,0.10173828124999999
550,fWOIAxzBQFY$_$5,missing,T,0.3,5,0.29826663593749975,0.07164062499999999,0.5535644874999995,0.0880859375
551,fWOIAxzBQFY$_$7,missing,T,0.1,2,0.04382325218749994,0.04222656249999998,1.6293457131250002,0.23581054687499994
551,fWOIAxzBQFY$_$7,missing,T,0.2,4,0.01655274437499994,0.046093749999999996,1.5278808693750001,0.24387695312499993
551,fWOIAxzBQFY$_$7,missing,T,0.3,6,0.7860107521875002,0.17847656249999994,0.6304443439375002,0.107763671875
552,f_ZJ7L14oYQ$_$11,missing,T,0.1,4,0.4150634934374999,0.13753173828125004,2.70828859109375,0.7200872802734375
552,f_ZJ7L14oYQ$_$11,missing,T,0.2,8,0.5128051926562497,0.15649291992187503,2.607147233671875,0.5486236572265625
552,f_ZJ7L14oYQ$_$11,missing,T,0.3,12,0.8402404953906247,0.22290771484375,2.161969011015625,0.4422779846191406
553,f_ZJ7L14oYQ$_$27,missing,T,0.1,3,0.2934905902734374,0.07499023437499996,2.0886840717187503,0.44285194396972666
553,f_ZJ7L14oYQ$_$27,missing,T,0.2,6,0.3049251453271483,0.11455078124999998,1.9142761127343753,0.4150482177734375
553,f_ZJ7L14oYQ$_$27,missing,T,0.3,8,0.6296369687905884,0.165001220703125,1.4518613712182613,0.29175018310546874
554,f_ZJ7L14oYQ$_$21,missing,T,0.1,3,0.03632806250000016,0.045312499999999964,1.5395644516601563,0.33771484375000005
554,f_ZJ7L14oYQ$_$21,missing,T,0.2,5,0.06259759375000015,0.05308593749999997,0.5289550281250002,0.12816406250000004
554,f_ZJ7L14oYQ$_$21,missing,T,0.3,7,0.025830015625000157,0.07781249999999998,0.4692504382812501,0.18217285156250007
555,f_ZJ7L14oYQ$_$17,missing,A,0.1,3,0.06235355281249997,0.023632812500000006,0.8326477422656249,0.18244140625000005
555,f_ZJ7L14oYQ$_$17,missing,A,0.2,5,0.11296390437499997,0.030468749999999996,0.7100098028124998,0.16191406250000004
555,f_ZJ7L14oYQ$_$17,missing,A,0.3,7,0.2392059698046875,0.06538085937500002,0.519245947832031,0.121298828125
556,f_ZJ7L14oYQ$_$9,missing,T,0.1,3,-0.3869674842910767,0.12590911865234375,0.6637313811523438,0.7740429687500001
556,f_ZJ7L14oYQ$_$9,missing,T,0.2,6,-0.378750221069336,0.1300047302246094,0.9260269125976563,0.6456860351562499
556,f_ZJ7L14oYQ$_$9,missing,T,0.3,9,-0.547434989746094,0.18530395507812503,0.636871339453125,0.37577405929565433
557,f_ZJ7L14oYQ$_$8,missing,T,0.1,3,0.3198440592382813,0.113076171875,1.72908935953125,0.33491814613342286
557,f_ZJ7L14oYQ$_$8,missing,T,0.2,5,0.31773510385498044,0.125731201171875,1.6186218302343751,0.30983154296875004
557,f_ZJ7L14oYQ$_$8,missing,T,0.3,7,0.5347747843359375,0.190794677734375,1.264300541171875,0.23854797363281252
558,ffrJ91swyq0$_$1,missing,T,0.1,5,0.3629760289062499,0.11177734375000006,3.862594559179686,0.9831170654296875
558,ffrJ91swyq0$_$1,missing,T,0.2,9,0.62354731796875,0.17972656250000005,3.2250396275390627,0.6719802856445314
558,ffrJ91swyq0$_$1,missing,T,0.3,13,0.851519730078125,0.23240234375000002,2.8345885777343756,0.6047387218475342
559,g8Cl74tS3oY$_$2,missing,V,0.1,4,0.021105932359375013,0.007778320312500006,0.12863156712499996,0.0735064697265625
559,g8Cl74tS3oY$_$2,missing,V,0.2,7,0.03500516331640626,0.014055175781250007,0.13638913548437498,0.07714843750000001
559,g8Cl74tS3oY$_$2,missing,V,0.3,10,0.05548856175390626,0.023730468750000004,0.11914670384374997,0.069600830078125
560,g8Cl74tS3oY$_$6,missing,T,0.1,5,0.23505246023437518,0.08632812499999995,3.0130431828906246,0.93645263671875
560,g8Cl74tS3oY$_$6,missing,T,0.2,9,0.4819228825976564,0.17568359374999995,2.2678588567187496,0.7022753906249999
560,g8Cl74tS3oY$_$6,missing,T,0.3,13,0.6326736150195316,0.22474609374999996,1.837457245390625,0.58740234375
561,gR4gM_WXesQ$_$10,missing,V,0.1,3,-0.07979886403515617,0.018100585937500004,0.31376035085156245,0.082021484375
561,gR4gM_WXesQ$_$10,missing,V,0.2,5,-0.12200643887951657,0.02732177734375001,0.28597714772656246,0.07891052246093751
561,gR4gM_WXesQ$_$10,missing,V,0.3,8,-0.1593208776994018,0.03472900390625001,0.2634612785859375,0.0700048828125
562,gR4gM_WXesQ$_$26,missing,T,0.1,2,0.19174190587500012,0.04839843750000001,2.6772262198398438,0.29182617187500004
562,gR4gM_WXesQ$_$26,missing,T,0.2,4,0.3492339713046876,0.06130859375000001,2.307229580521875,0.3039843749999999
562,gR4gM_WXesQ$_$26,missing,T,0.3,6,0.81216426915625,0.16649902343750003,1.9697143254812501,0.3224609375
563,gR4gM_WXesQ$_$20,missing,T,0.1,4,0.23087461816406246,0.07291015624999994,1.4903930507812502,0.35744750976562495
563,gR4gM_WXesQ$_$20,missing,T,0.2,8,0.28612058984374994,0.08701171874999997,1.2374814830932617,0.253096923828125
563,gR4gM_WXesQ$_$20,missing,T,0.3,12,0.22010496484374995,0.06541015624999999,1.2078548275146488,0.24470214843750004
564,gR4gM_WXesQ$_$24,missing,T,0.1,2,-0.18931880390625003,0.0342578125,1.6273025075195313,0.14788671493530273
564,gR4gM_WXesQ$_$24,missing,T,0.2,3,-0.31619868671874996,0.04883300781250001,1.40062251484375,0.13616795778274535
564,gR4gM_WXesQ$_$24,missing,T,0.3,4,-0.24553218281249997,0.035227050781250005,1.403570512890625,0.13986534118652344
565,gR4gM_WXesQ$_$18,missing,T,0.1,4,0.008361835156249775,0.070546875,1.1239990346875,0.28263671874999996
565,gR4gM_WXesQ$_$18,missing,T,0.2,7,0.08479616132812477,0.08878906249999999,0.7674835336328124,0.23515625
565,gR4gM_WXesQ$_$18,missing,T,0.3,10,-0.030554180468750226,0.11900390624999999,0.7443603665625,0.16268554687499998
566,gR4gM_WXesQ$_$3,missing,T,0.1,3,0.44958033486328136,0.11839691162109375,2.0271605960937498,0.21583740234375
566,gR4gM_WXesQ$_$3,missing,T,0.2,6,0.6654525272460938,0.13780517578125,1.762640337265625,0.19715209960937502
566,gR4gM_WXesQ$_$3,missing,T,0.3,9,0.6191207401367189,0.08830566406250002,1.929444836816406,0.16223909378051762
567,gR4gM_WXesQ$_$4,missing,T,0.1,2,0.10786890769140607,0.024882812499999973,2.1549865224375,0.438037109375
567,gR4gM_WXesQ$_$4,missing,T,0.2,4,0.25327296042578096,0.05660156249999996,1.5967956044687501,0.31255859374999995
567,gR4gM_WXesQ$_$4,missing,T,0.3,6,0.33360895896093723,0.06513671874999996,1.4109130361093751,0.2918359375
568,gR4gM_WXesQ$_$8,missing,T,0.1,3,0.4062179327929688,0.1085986328125,1.812124443146057,0.2333660888671875
568,gR4gM_WXesQ$_$8,missing,T,0.2,5,0.49966733464843766,0.12066894531250001,1.7351806403125,0.24770119428634646
568,gR4gM_WXesQ$_$8,missing,T,0.3,7,0.5985364676440431,0.12457031249999999,1.6023862839663692,0.24486938476562498
569,gVqs4TzqySw$_$1,missing,T,0.1,5,0.2697357080859376,0.11087890624999996,2.732331838457032,0.9627874755859374
569,gVqs4TzqySw$_$1,missing,T,0.2,9,0.45166014656250003,0.16033203124999995,2.3555091761035163,0.71895263671875
569,gVqs4TzqySw$_$1,missing,T,0.3,14,0.619256582109375,0.19763671874999997,2.0110671900195323,0.5812139892578125
570,gVqs4TzqySw$_$3,missing,T,0.1,3,-0.18381656707031252,0.03017333984375,0.8272581487963867,0.0323681640625
570,gVqs4TzqySw$_$3,missing,T,0.2,5,-0.19058384001953127,0.024912109374999998,0.8055662542651367,0.03740722656250001
570,gVqs4TzqySw$_$3,missing,T,0.3,8,-0.3546265035937499,0.029580078125,0.7090576559375001,0.03294433593749999
571,gVqs4TzqySw$_$2,missing,T,0.1,3,0.10822752781250004,0.030800781250000027,0.8139648325,0.059414062500000045
571,gVqs4TzqySw$_$2,missing,T,0.2,6,0.17172850437500004,0.03411132812500002,0.5831054575,0.04746093750000002
571,gVqs4TzqySw$_$2,missing,T,0.3,9,0.21298827000000004,0.02863281250000002,0.450244129375,0.04191406250000002
572,gVqs4TzqySw$_$4,missing,A,0.1,1,-0.179931671875,0.033232421875,1.391510041015625,0.200380859375
572,gVqs4TzqySw$_$4,missing,A,0.2,2,-0.35668948437500003,0.064638671875,1.21523440625,0.1830712890625
572,gVqs4TzqySw$_$4,missing,A,0.3,3,-0.5389404609375,0.09776367187500001,1.0223388984375,0.158837890625
573,goMtnNHQ_z4$_$1,missing,T,0.1,2,0.2554931765625,0.07872070312499997,1.1578426486083981,0.38493124961853026
573,goMtnNHQ_z4$_$1,missing,T,0.2,4,0.5658569460937498,0.15845703124999996,0.9997129565307615,0.3167649459838867
573,goMtnNHQ_z4$_$1,missing,T,0.3,5,0.4490112429687499,0.13694335937499996,1.142886174304199,0.34465560913085935
574,goMtnNHQ_z4$_$2,missing,T,0.1,2,0.21948240937500038,0.06984374999999995,2.308041369335937,0.637734375
574,goMtnNHQ_z4$_$2,missing,T,0.2,4,0.29191893281250036,0.05699218749999998,1.5874389523437504,0.4215625
574,goMtnNHQ_z4$_$2,missing,T,0.3,6,0.4508422726562504,0.12175781249999998,0.8268859788281253,0.263125
575,goMtnNHQ_z4$_$13,missing,T,0.1,3,0.41512448578124983,0.13337890624999998,3.399715969851074,0.7876034545898436
575,goMtnNHQ_z4$_$13,missing,T,0.2,5,0.6984954574609376,0.21923828125,2.764639256289062,0.66114990234375
575,goMtnNHQ_z4$_$13,missing,T,0.3,7,0.9112502792382813,0.269296875,2.354812596132812,0.5837969970703125
576,goMtnNHQ_z4$_$12,missing,T,0.1,2,0.11327816105468753,0.019990234375000006,0.4210601434765625,0.06115844726562499
576,goMtnNHQ_z4$_$12,missing,T,0.2,4,0.13711544132812498,0.022250976562500004,0.335870324140625,0.046160888671875
576,goMtnNHQ_z4$_$12,missing,T,0.3,6,0.15027919865234374,0.018679199218750005,0.25178390598876954,0.036892089843749996
577,hqzF4IDaIYE$_$0,missing,T,0.1,3,0.28427121398437505,0.13598144531250003,2.5348674511669924,0.8348925781250001
577,hqzF4IDaIYE$_$0,missing,T,0.2,5,0.5159820294140627,0.19054763793945317,2.1381942512773437,0.7226611328125001
577,hqzF4IDaIYE$_$0,missing,T,0.3,8,0.6638581967114259,0.2583612060546876,1.8325713848828127,0.5924786376953125
578,hqzF4IDaIYE$_$3,missing,T,0.1,4,0.1635817993945315,0.07337890624999996,2.260852002031251,0.7489965820312497
578,hqzF4IDaIYE$_$3,missing,T,0.2,8,0.21985468757812524,0.09353515624999996,2.034801815874024,0.5625987958908081
578,hqzF4IDaIYE$_$3,missing,T,0.3,12,0.5258376587695315,0.16698242187499995,1.5078216065234378,0.37366455078125
579,hqzF4IDaIYE$_$2,missing,T,0.1,3,0.1911864815625001,0.08148437500000003,2.8282691536816413,0.8364892578124999
579,hqzF4IDaIYE$_$2,missing,T,0.2,6,0.37077632531250015,0.13091796875000003,2.138381916132813,0.5208886718750001
579,hqzF4IDaIYE$_$2,missing,T,0.3,9,0.5606429634960939,0.17492187500000006,1.6316909371289061,0.39126953124999997
580,hqzF4IDaIYE$_$4,missing,A,0.1,2,-0.0619873046875,0.02918945312499997,0.755029296875,0.19835937499999998
580,hqzF4IDaIYE$_$4,missing,A,0.2,3,-0.1278076171875,0.051074218749999976,0.6529541015625,0.17988769531249998
580,hqzF4IDaIYE$_$4,missing,A,0.3,4,-0.20634765625,0.07740234374999996,0.5385498046875,0.1545458984375
581,hqzF4IDaIYE$_$6,missing,V,0.1,1,0.08208008624999996,0.016113281249999983,0.8836088261791991,0.16347656249999998
581,hqzF4IDaIYE$_$6,missing,V,0.2,2,0.16024170734374993,0.028291015625,0.7416717610546874,0.132470703125
581,hqzF4IDaIYE$_$6,missing,V,0.3,3,0.26108399250000003,0.049296875000000004,0.5806152424999999,0.0971484375
582,hvfaYsv7p8E$_$0,missing,T,0.1,2,0.31485601953124986,0.09695312499999997,3.3129685073242188,0.7410757446289064
582,hvfaYsv7p8E$_$0,missing,T,0.2,4,0.6522095351562498,0.184912109375,2.745301881347656,0.5811483764648437
582,hvfaYsv7p8E$_$0,missing,T,0.3,6,0.9913300185546874,0.24217773437499995,2.4784409194335937,0.52618408203125
583,iUXqlrui25c$_$10,missing,T,0.1,4,0.1779525753710937,0.03973144531249999,2.256632995292969,0.2573686218261719
583,iUXqlrui25c$_$10,missing,T,0.2,7,0.24651336638671867,0.050166015624999984,1.884146117851563,0.23936958312988282
583,iUXqlrui25c$_$10,missing,T,0.3,10,0.4225875851367187,0.07109374999999998,1.4468933102343748,0.17652038574218748
584,iUXqlrui25c$_$21,missing,T,0.1,2,0.09285281851562503,0.022502746582031254,0.8422240857812501,0.028267822265625003
584,iUXqlrui25c$_$21,missing,T,0.2,4,0.2567795152929687,0.06159912109375,0.6185973767968751,0.030654602050781254
584,iUXqlrui25c$_$21,missing,T,0.3,6,-0.06884266183105466,0.03466678619384766,0.5224119107007447,0.03918870925903321
585,iUXqlrui25c$_$23,missing,T,0.1,3,0.0280273599999999,0.0341015625,0.570367415390625,0.037880859375000034
585,iUXqlrui25c$_$23,missing,T,0.2,5,-0.0398925618750001,0.05580078125000002,0.4333740071875001,0.03751953125000002
585,iUXqlrui25c$_$23,missing,T,0.3,8,-0.07279051109375008,0.03699218750000001,0.35439451662500016,0.040996093750000025
586,icbUzboLcDQ$_$0,missing,T,0.1,3,0.2323119617187503,0.04312500000000001,3.008319041796876,0.5804101562499999
586,icbUzboLcDQ$_$0,missing,T,0.2,5,0.3792785144531253,0.0695703125,2.7506469226562507,0.54896484375
586,icbUzboLcDQ$_$0,missing,T,0.3,7,0.6680236316406252,0.12822265625,2.0264586902343757,0.41974609375000005
587,ioupaiAuRr0$_$5,missing,T,0.1,3,0.22846681937500007,0.07389648437500004,2.828186057656251,0.56455078125
587,ioupaiAuRr0$_$5,missing,T,0.2,6,0.5536377178125,0.14435058593750005,2.3855163799218757,0.4486169433593751
587,ioupaiAuRr0$_$5,missing,T,0.3,9,0.8416992412500001,0.20675048828125003,1.968080161660157,0.38212890625000007
588,ioupaiAuRr0$_$4,missing,T,0.1,4,-0.187371848671875,0.17683410644531247,0.5226806460625,1.0933203125000002
588,ioupaiAuRr0$_$4,missing,T,0.2,8,-0.18422243460937499,0.3063179016113281,0.33275146709375003,0.8817089843750001
588,ioupaiAuRr0$_$4,missing,T,0.3,12,-0.229834006875,0.39561157226562493,0.33828125675000004,0.72119140625
589,jICmfLeFymA$_$16,missing,T,0.1,2,0.04923706554687497,0.018593749999999985,0.7785110523632813,0.09394531250000003
589,jICmfLeFymA$_$16,missing,T,0.2,4,0.04262695812499997,0.029882812499999946,0.7044952442578125,0.10054687500000004
589,jICmfLeFymA$_$16,missing,T,0.3,6,0.21004639171874998,0.03867187499999999,0.44262085460937506,0.05523437500000002
590,jPrEKz1rAno$_$11,missing,A,0.1,2,-0.022058128593750136,0.005256347656250004,0.09123537468750013,0.018784179687500006
590,jPrEKz1rAno$_$11,missing,A,0.2,3,-0.04107668328125014,0.006665039062500005,0.09229738640625014,0.016440429687500008
590,jPrEKz1rAno$_$11,missing,A,0.3,5,-0.06403810906250014,0.010461425781250006,0.11679689812500013,0.012426757812500005
591,jPrEKz1rAno$_$7,missing,T,0.1,4,-0.08545532414062493,0.02178710937499998,0.30983276329687504,0.15613922119140622
591,jPrEKz1rAno$_$7,missing,T,0.2,7,-0.10409851261718743,0.02154785156249999,0.28035431020703117,0.0977813720703125
591,jPrEKz1rAno$_$7,missing,T,0.3,11,-0.19462855049713124,0.026899414062499988,0.4448684709257812,0.06004272460937499
592,jPrEKz1rAno$_$6,missing,T,0.1,3,0.10407585298095698,0.005507812500000001,0.3368851065195312,0.030983886718750003
592,jPrEKz1rAno$_$6,missing,T,0.2,6,0.1643145004418945,0.007900390625000003,0.19529269135546873,0.012580566406250002
592,jPrEKz1rAno$_$6,missing,T,0.3,9,0.14524387513671871,0.0080908203125,0.16156160828515623,0.010668945312500002
593,k5ZOshC2LP4$_$1,missing,A,0.1,4,0.011270141757812513,0.017626953124999994,0.40416870132812505,0.045083007812500006
593,k5ZOshC2LP4$_$1,missing,A,0.2,7,0.04879302994140626,0.0238427734375,0.256610107578125,0.042211914062499994
593,k5ZOshC2LP4$_$1,missing,A,0.3,10,0.033201599277343764,0.02302734375,0.24342803970703128,0.036552734375
594,kbGhEJ4W44o$_$0,missing,A,0.1,4,-0.028161626093749968,0.02431640625,0.8486572315625001,0.3351844787597657
594,kbGhEJ4W44o$_$0,missing,A,0.2,8,-0.11630249523437497,0.038837890625000024,0.7223449757031251,0.2753428649902344
594,kbGhEJ4W44o$_$0,missing,A,0.3,12,-0.19862366222656247,0.05647949218750002,0.62861328625,0.22809051513671882
595,kfsO4c0Ekes$_$7,missing,T,0.1,3,0.2433837828125,0.09832031250000005,3.514141839453125,1.0836938476562503
595,kfsO4c0Ekes$_$7,missing,T,0.2,6,0.5000732359375,0.20015625000000004,2.439945977636719,0.8203393554687501
595,kfsO4c0Ekes$_$7,missing,T,0.3,9,0.774169915625,0.29970703125000003,1.9322112974609378,0.683544921875
596,kvUb78Rdzdc$_$3,missing,T,0.1,5,0.1794433843750003,0.10730468749999997,5.848597742285158,2.3627856445312503
596,kvUb78Rdzdc$_$3,missing,T,0.2,10,0.3866943609375003,0.21253906250000001,3.05914309140625,1.25558837890625
596,kvUb78Rdzdc$_$3,missing,T,0.3,15,0.5739258062500003,0.31683593749999994,1.7574768316406248,0.7596411132812498
597,lO87-4Kf0cQ$_$2,missing,V,0.1,2,0.004238295867614772,0.010723876953125,0.024548339531249973,0.040253906250000006
597,lO87-4Kf0cQ$_$2,missing,V,0.2,3,-1.2206718749974144e-05,0.015895996093749996,0.04308471648437497,0.03455078125
597,lO87-4Kf0cQ$_$2,missing,V,0.3,5,-0.011938476249999974,0.02220703125,0.05266113249999997,0.028806152343750002
598,lO87-4Kf0cQ$_$5,missing,T,0.1,2,0.1767303606640625,0.025430297851562457,0.2354370257031249,0.11002399444580073
598,lO87-4Kf0cQ$_$5,missing,T,0.2,4,0.2703064104687499,0.037503223419189394,0.2603271624218749,0.09763141632080073
598,lO87-4Kf0cQ$_$5,missing,T,0.3,6,0.3243377825390624,0.05048053741455072,0.2527313372265624,0.07827716827392575
599,lWf5hHRHIDs$_$11,missing,T,0.1,2,0.1465560912617188,0.034257812500000005,1.7090759276875,0.24593750000000006
599,lWf5hHRHIDs$_$11,missing,T,0.2,3,0.3348403930195314,0.06880859375000001,1.3201828002460938,0.17921875000000004
599,lWf5hHRHIDs$_$11,missing,T,0.3,4,0.3582046508320314,0.06375,1.2416885375507813,0.17966796875000002
600,lawHYX5eB20$_$1,missing,T,0.1,2,0.2651610890625,0.03396484374999997,2.138079790234375,0.19105712890624998
600,lawHYX5eB20$_$1,missing,T,0.2,3,0.5352294484375001,0.06534179687499997,1.8177001515625002,0.16779785156249996
600,lawHYX5eB20$_$1,missing,T,0.3,4,0.5415404835937501,0.055207519531249985,1.7818419972656252,0.17095703124999995
601,lawHYX5eB20$_$2,missing,T,0.1,3,-0.19221185156250006,0.03925537109374999,0.8063765854492189,0.16380187988281253
601,lawHYX5eB20$_$2,missing,T,0.2,5,-0.25731194921875006,0.05062988281249999,0.7949324936523439,0.14981613159179685
601,lawHYX5eB20$_$2,missing,T,0.3,7,-0.46191400000000005,0.07550903320312499,0.8920832962646486,0.12022939682006835
602,mHGaQ_nv9UY$_$13,missing,T,0.1,5,-0.2944671693359374,0.10067718505859377,2.269766229101563,1.2874218750000002
602,mHGaQ_nv9UY$_$13,missing,T,0.2,10,-0.45840454726562496,0.17413711547851568,1.7562103221484375,1.0809765625000003
602,mHGaQ_nv9UY$_$13,missing,T,0.3,15,-0.47649689345703117,0.2387969970703125,1.2358489946484372,0.8647949218750002
603,mHGaQ_nv9UY$_$14,missing,T,0.1,3,0.21400144609375005,0.06226074218750003,1.7636825374023437,0.22400787353515628
603,mHGaQ_nv9UY$_$14,missing,T,0.2,6,0.43971555742187496,0.10371704101562504,1.4959287455932615,0.1985423278808594
603,mHGaQ_nv9UY$_$14,missing,T,0.3,8,0.5277557185546874,0.1087821960449219,1.3503951838867185,0.18454666137695316
604,mHGaQ_nv9UY$_$17,missing,T,0.1,3,-0.10726013527343756,0.02218963623046875,0.5964401265742186,0.09124290466308596
604,mHGaQ_nv9UY$_$17,missing,T,0.2,6,-0.1088089023632813,0.03556907653808594,0.6626693749648437,0.08006225585937501
604,mHGaQ_nv9UY$_$17,missing,T,0.3,9,-0.30849609718750004,0.028751373291015625,0.7046613724174804,0.04496902465820312
605,mHGaQ_nv9UY$_$22,missing,T,0.1,5,0.010009784374999775,0.03380859375000002,0.6102783034375001,0.6110156250000001
605,mHGaQ_nv9UY$_$22,missing,T,0.2,10,-0.040649395312500225,0.06580078125000002,0.5682617000000001,0.50828125
605,mHGaQ_nv9UY$_$22,missing,T,0.3,15,-0.029626446093750224,0.08374999999999999,0.5550536940625002,0.42855468750000003
606,mHGaQ_nv9UY$_$5,missing,T,0.1,4,-0.6319122341328125,0.29603393554687507,0.7754913338140625,0.918896484375
606,mHGaQ_nv9UY$_$5,missing,T,0.2,7,-0.616334345644043,0.44779418945312505,1.3127426155523438,0.85138671875
606,mHGaQ_nv9UY$_$5,missing,T,0.3,10,-1.0978668239765625,0.5537915039062499,1.0028656013921875,0.77469970703125
607,mHGaQ_nv9UY$_$4,missing,T,0.1,3,0.42332769921874985,0.15449218749999993,3.813450685058592,1.005101852416992
607,mHGaQ_nv9UY$_$4,missing,T,0.2,6,0.8568421035156248,0.3040722656249999,2.9166596083984375,0.791827392578125
607,mHGaQ_nv9UY$_$4,missing,T,0.3,9,1.7407333999023435,0.555804443359375,2.4018341689453124,0.6715405273437499
608,mLW-jn67gRE$_$20,missing,T,0.1,4,0.22028812406250003,0.05638671875000005,3.1152527236718752,0.5648910236358643
608,mLW-jn67gRE$_$20,missing,T,0.2,8,0.44805912015625005,0.10855468750000001,2.629266204812012,0.4703503417968752
608,mLW-jn67gRE$_$20,missing,T,0.3,12,0.79549564359375,0.18848632812500002,2.0303345107812505,0.40501953125000006
609,mLW-jn67gRE$_$17,missing,T,0.1,5,0.01789094080078124,0.09552734375000001,2.4527038680468753,0.5496524047851563
609,mLW-jn67gRE$_$17,missing,T,0.2,9,0.191705332890625,0.095751953125,2.1303222762500003,0.3674273681640625
609,mLW-jn67gRE$_$17,missing,T,0.3,13,0.3109588729296874,0.13729980468750003,1.6921539412890627,0.33594772338867196
610,mLW-jn67gRE$_$1,missing,T,0.1,2,-0.07722323681640617,0.016918945312500003,0.9621033027343749,0.051970710754394536
610,mLW-jn67gRE$_$1,missing,T,0.2,3,-0.23413241650390618,0.0139410400390625,1.0202591254882811,0.026581859588623045
610,mLW-jn67gRE$_$1,missing,T,0.3,5,-0.39264376904296866,0.016258544921875,0.8246687247924804,0.017154998779296875
611,mLW-jn67gRE$_$3,missing,A,0.1,3,-0.03375242578125004,0.008283691406250002,0.08049314843750004,0.06556594848632813
611,mLW-jn67gRE$_$3,missing,A,0.2,5,-0.04307859765625004,0.011547851562500006,0.10820310937500004,0.054017944335937505
611,mLW-jn67gRE$_$3,missing,A,0.3,7,-0.06855467187500004,0.017885742187500005,0.10456541406250004,0.04625244140625
612,mLW-jn67gRE$_$5,missing,T,0.1,3,-0.2169189203125,0.05125976562500002,1.3360427606445318,0.15312315940856935
612,mLW-jn67gRE$_$5,missing,T,0.2,5,-0.20527341250000006,0.05311035156250001,1.2041885125976566,0.14076255798339846
612,mLW-jn67gRE$_$5,missing,T,0.3,7,-0.36594235781249995,0.07281982421875002,0.9492187250000004,0.12234600543975829
613,mLW-jn67gRE$_$6,missing,T,0.1,4,0.12446742794921875,0.06103515625,1.4480834598125,0.20837890625000002
613,mLW-jn67gRE$_$6,missing,T,0.2,7,0.2435454919140625,0.07134765625,1.448394747171875,0.22234497070312503
613,mLW-jn67gRE$_$6,missing,T,0.3,11,0.39022060177734375,0.12199218750000003,1.0550735272070313,0.24777832031250005
614,mLW-jn67gRE$_$9,missing,T,0.1,2,-0.6237972798858642,0.022693405151367186,1.79095459609375,0.029930572509765628
614,mLW-jn67gRE$_$9,missing,T,0.2,3,-0.7599289002929688,0.022009544372558597,1.73964844375,0.02403507232666016
614,mLW-jn67gRE$_$9,missing,T,0.3,4,-0.9443450990234379,0.025008926391601564,1.7781906190429688,0.01977508544921875
615,mjpCK2Edsv8$_$0,missing,T,0.1,5,0.12209471406249986,0.04269531250000005,3.9379028195312507,1.344521484375
615,mjpCK2Edsv8$_$0,missing,T,0.2,10,0.30151365937499985,0.10382812500000002,2.362327563183593,0.6881274414062502
615,mjpCK2Edsv8$_$0,missing,T,0.3,15,0.41494139374999983,0.13855468750000005,1.703250109570312,0.45748046875000015
616,nUZYqTRSGDw$_$4,missing,T,0.1,3,0.2087890312500001,0.08820312500000005,3.234075896484376,0.877098846435547
616,nUZYqTRSGDw$_$4,missing,T,0.2,5,0.33186032031250007,0.14968750000000003,2.0758208916015635,0.6271093750000001
616,nUZYqTRSGDw$_$4,missing,T,0.3,8,0.5379394218750001,0.22080078125,1.3129821464843752,0.4694580078125
617,nyzIL6YAonY$_$5,missing,T,0.1,2,0.3142700182812499,0.09742187500000003,3.22198486203125,0.7972216796874999
617,nyzIL6YAonY$_$5,missing,T,0.2,3,0.5562896716015622,0.16970703125000003,2.67166747921875,0.6923364257812501
617,nyzIL6YAonY$_$5,missing,T,0.3,5,0.8704345690624997,0.2636914062500001,2.0123275744335936,0.5570117187500001
618,nyzIL6YAonY$_$6,missing,T,0.1,4,0.19627680546875012,0.05912109374999998,2.580221507617188,0.6509292602539063
618,nyzIL6YAonY$_$6,missing,T,0.2,8,0.32202143437500014,0.08876953125,2.2023375964843757,0.47430908203125
618,nyzIL6YAonY$_$6,missing,T,0.3,12,0.6679198718749999,0.16157226562499996,1.5157836414062502,0.31341796874999994
619,ooAF6I-fmTg$_$3,missing,T,0.1,2,-0.07778931757812499,0.07457504272460937,1.5109741101562497,0.18140319824218748
619,ooAF6I-fmTg$_$3,missing,T,0.2,4,0.2643020520507813,0.04560703277587891,1.0520263562499996,0.2240966796875
619,ooAF6I-fmTg$_$3,missing,T,0.3,6,0.3834121594726563,0.07820167541503907,0.9208129784374999,0.19128295898437503
620,ooAF6I-fmTg$_$5,missing,T,0.1,2,0.05992431640625,0.03586303710937501,1.920166015625,0.21296630859375001
620,ooAF6I-fmTg$_$5,missing,T,0.2,4,0.461651611328125,0.064312744140625,1.7457855224609375,0.1972265625
620,ooAF6I-fmTg$_$5,missing,T,0.3,5,0.7869110107421875,0.0917919921875,1.6175064086914062,0.17936492919921876
621,ooAF6I-fmTg$_$7,missing,T,0.1,3,0.1807861328125,0.06619140624999997,2.334523010253906,0.39652832031249996
621,ooAF6I-fmTg$_$7,missing,T,0.2,5,0.16416015625,0.07164062499999999,1.9825088500976562,0.340087890625
621,ooAF6I-fmTg$_$7,missing,T,0.3,7,0.467303466796875,0.16085937499999997,1.2319534301757813,0.26904296875
622,pOrk7fl1AYo$_$1,missing,V,0.1,3,-0.00853155818457041,0.011037597656249997,0.30927122798437506,0.023854980468750002
622,pOrk7fl1AYo$_$1,missing,V,0.2,5,-0.05084150996679697,0.013901367187499996,0.28023070064062505,0.022094726562499997
622,pOrk7fl1AYo$_$1,missing,V,0.3,7,-0.0837341186093751,0.015124511718749994,0.24852293696875005,0.021062011718749996
623,pOrk7fl1AYo$_$3,missing,T,0.1,3,0.12738346222656247,0.07347656250000004,2.2054382717968757,0.49554687500000005
623,pOrk7fl1AYo$_$3,missing,T,0.2,6,0.3406967556835937,0.1340234375,1.7266020214916995,0.4179772949218751
623,pOrk7fl1AYo$_$3,missing,T,0.3,8,0.32336124542968747,0.12093750000000006,1.7204651272656253,0.4189453125000001
624,pOrk7fl1AYo$_$2,missing,V,0.1,1,0.05368656156250005,0.02935546875000002,0.6671875381250001,0.256494140625
624,pOrk7fl1AYo$_$2,missing,V,0.2,2,0.11953128812500005,0.05997070312500001,0.5701416396875001,0.23061523437500003
624,pOrk7fl1AYo$_$2,missing,V,0.3,3,0.17797855375000005,0.08705078125000001,0.49958499906250003,0.20672363281250003
625,pOrk7fl1AYo$_$4,missing,T,0.1,2,0.25076292664062516,0.041508178710937496,2.8999359002734377,0.15939361572265626
625,pOrk7fl1AYo$_$4,missing,T,0.2,4,0.5856445184375001,0.08919815063476563,2.4501464715625003,0.14364318847656254
625,pOrk7fl1AYo$_$4,missing,T,0.3,6,0.7670898309375002,0.09619865417480469,2.0633361688281253,0.15041625976562503
626,q9yDL81QppI$_$1,missing,T,0.1,3,-0.17448119617187502,0.033558349609375,0.198321529203125,0.11430419921875001
626,q9yDL81QppI$_$1,missing,T,0.2,5,-0.2764890620776367,0.049014892578125,0.2621200511523437,0.086328125
626,q9yDL81QppI$_$1,missing,T,0.3,7,-0.39826201892578117,0.053156738281250004,0.32308959510937496,0.08416015625
627,q9yDL81QppI$_$0,missing,T,0.1,3,-0.2364044501953125,0.024428710937500007,1.099212677734375,0.025629882812499998
627,q9yDL81QppI$_$0,missing,T,0.2,5,-0.327490265625,0.019487304687500005,1.0212631538085937,0.0222607421875
627,q9yDL81QppI$_$0,missing,T,0.3,8,-0.4926025703125,0.02150878906250001,0.8772701814346313,0.016914062500000004
628,q9yDL81QppI$_$2,missing,T,0.1,3,-0.17917476093749993,0.012597656250000006,0.8227172414062501,0.024335937500000005
628,q9yDL81QppI$_$2,missing,T,0.2,5,-0.36411719715576163,0.01999511718750001,0.9236114064453126,0.017187499999999998
628,q9yDL81QppI$_$2,missing,T,0.3,8,-0.4779965916870118,0.018261718750000006,0.9662612477539063,0.020039062500000003
629,qK77ZmbqmOM$_$9,missing,A,0.1,3,-0.02230832414062489,0.009003906249999995,0.0891906534531249,0.14519977807998657
629,qK77ZmbqmOM$_$9,missing,A,0.2,5,-0.062496922773437366,0.025456542968749996,0.13561513261230457,0.10476608276367187
629,qK77ZmbqmOM$_$9,missing,A,0.3,7,-0.08592221574218736,0.03457031249999999,0.15477998093994128,0.08654449462890626
630,qK77ZmbqmOM$_$0,missing,T,0.1,4,-0.02202153,0.11871705532073977,1.4957839509570312,0.9387060546875
630,qK77ZmbqmOM$_$0,missing,T,0.2,7,0.0108367463671875,0.19189697265625,0.7649276322773436,0.6524462890625
630,qK77ZmbqmOM$_$0,missing,T,0.3,10,0.1346953889453125,0.2583174133300782,0.6412383805078125,0.5394726562500001
631,qY1sXq-YCHs$_$8,missing,V,0.1,2,0.0037109575000001003,0.021162109374999998,0.3445068559375001,0.22742675781250005
631,qY1sXq-YCHs$_$8,missing,V,0.2,3,0.0053100785937501005,0.031132812500000002,0.2549072465625001,0.18962890625
631,qY1sXq-YCHs$_$8,missing,V,0.3,5,0.0192871293750001,0.05326171875,0.12996828171875005,0.13385742187500002
632,qmMSumMloAs$_$1,missing,T,0.1,3,0.261669928125,0.09562499999999999,3.9966795030151374,1.5349462890625
632,qmMSumMloAs$_$1,missing,T,0.2,6,0.5377441468749999,0.20460937500000007,3.054817205957031,1.1562554931640627
632,qmMSumMloAs$_$1,missing,T,0.3,9,0.8855957093750002,0.33273437499999997,2.471409613183593,0.945167236328125
633,qmMSumMloAs$_$3,missing,T,0.1,2,0.3192871468749999,0.1291015625000001,4.140576209375,1.2308958959579468
633,qmMSumMloAs$_$3,missing,T,0.2,3,0.5630859749999999,0.22789062500000012,3.3796875374999997,1.0709130859375002
633,qmMSumMloAs$_$3,missing,T,0.3,5,0.9974182503906253,0.3908984375000001,2.5748550790039064,0.89140625
634,qmMSumMloAs$_$2,missing,T,0.1,5,0.2947021009375,0.14796874999999998,4.162228179161683,2.0870068359375002
634,qmMSumMloAs$_$2,missing,T,0.2,9,0.6031127454687499,0.30962890625000006,2.302603101914062,1.2401525878906252
634,qmMSumMloAs$_$2,missing,T,0.3,13,0.8850097181250002,0.4572265625,1.9363708021093746,1.0224743652343753
635,r13W4H8ZhqI$_$12,missing,T,0.1,2,0.23101195164062496,0.04694732666015626,0.5321121317070313,0.115303955078125
635,r13W4H8ZhqI$_$12,missing,T,0.2,4,0.1984908945117187,0.053776245117187496,0.5051315420117188,0.08596618652343752
635,r13W4H8ZhqI$_$12,missing,T,0.3,6,0.07883776493408198,0.05411499023437499,0.37339630914453126,0.10219970703125
636,r13W4H8ZhqI$_$1,missing,T,0.1,5,0.23386230218749998,0.07442382812500004,2.2845092748437494,0.7106591796875
636,r13W4H8ZhqI$_$1,missing,T,0.2,9,0.5774291967187499,0.16833007812500006,1.9734512304101557,0.4652270507812501
636,r13W4H8ZhqI$_$1,missing,T,0.3,13,0.72991943109375,0.20281738281250009,1.778511044863281,0.4131628036499023
637,r13W4H8ZhqI$_$5,missing,A,0.1,2,-0.015722708124999853,0.008804931640625,0.05268553131250005,0.09493988037109376
637,r13W4H8ZhqI$_$5,missing,A,0.2,3,-0.02020268859374985,0.013492431640625002,0.04473876953125,0.07604866027832032
637,r13W4H8ZhqI$_$5,missing,A,0.3,5,-0.005651907343749851,0.029803466796875004,0.08430180449999987,0.05278736114501954
638,r13W4H8ZhqI$_$8,missing,T,0.1,3,0.13608396812500007,0.05761718749999998,2.5967040853125,0.4654672241210938
638,r13W4H8ZhqI$_$8,missing,T,0.2,6,0.4706298665625,0.11706054687499998,2.052362044296875,0.35247222900390623
638,r13W4H8ZhqI$_$8,missing,T,0.3,9,0.7517333821874999,0.16964355468749995,1.6064636067968752,0.2961569213867187
639,r5ijC2W9ddk$_$8,missing,T,0.1,4,0.22469024669140641,0.04656250000000001,2.34999389659375,0.4941210937499999
639,r5ijC2W9ddk$_$8,missing,T,0.2,7,0.32335662852734404,0.057539062499999995,1.9632629395624999,0.398046875
639,r5ijC2W9ddk$_$8,missing,T,0.3,10,0.4997573853632815,0.089453125,1.5584289551875,0.31101562499999996
640,r5ijC2W9ddk$_$0,missing,T,0.1,2,0.029064977343750086,0.03547622680664063,0.22649534335937496,0.218916015625
640,r5ijC2W9ddk$_$0,missing,T,0.2,3,-0.0654185889404296,0.04227500915527345,0.3376708660937499,0.17427978515625
640,r5ijC2W9ddk$_$0,missing,T,0.3,5,-0.16699520332031242,0.05232177734375,0.34268795234374994,0.14025756835937497
641,r9tgDqXEcuc$_$4,missing,T,0.1,3,-0.22772208046875003,0.045576171874999995,1.100314243554688,0.051982421875
641,r9tgDqXEcuc$_$4,missing,T,0.2,5,-0.28264151406250004,0.050786132812499996,0.9713681299682622,0.054116210937500006
641,r9tgDqXEcuc$_$4,missing,T,0.3,7,-0.36900626015625004,0.06044921875000001,0.8669676859375002,0.061770019531249984
642,rf0yDSeVEUA$_$1,missing,T,0.1,5,0.049121092499999894,0.015195312500000025,3.344306944550781,1.2051202392578122
642,rf0yDSeVEUA$_$1,missing,T,0.2,10,0.1092529284374999,0.024765625000000013,1.7088714587109373,0.3808349609375
642,rf0yDSeVEUA$_$1,missing,T,0.3,15,0.2569213854687499,0.03890624999999999,0.7603942858593747,0.11144531250000003
643,rf0yDSeVEUA$_$0,missing,T,0.1,3,0.12955318515625,0.041601562499999946,3.2889892203125,0.9423828125
643,rf0yDSeVEUA$_$0,missing,T,0.2,6,0.3299438101562501,0.10265624999999994,2.153846703222656,0.646494140625
643,rf0yDSeVEUA$_$0,missing,T,0.3,8,0.4610473257812501,0.14523437499999997,1.7863021475585934,0.5389355468749998
644,rf0yDSeVEUA$_$3,missing,T,0.1,5,-0.6216155993359375,0.24995117187499996,1.4241455090625004,0.8482324218750001
644,rf0yDSeVEUA$_$3,missing,T,0.2,10,-0.7975158678906251,0.31617187499999994,0.8549377447656251,0.45958496093749995
644,rf0yDSeVEUA$_$3,missing,T,0.3,15,-1.0966857897656248,0.44535156249999996,0.9338165285703125,0.40746215820312504
645,rojyUp4FPSg$_$26,missing,T,0.1,5,0.14642339171875013,0.03863281249999998,3.182198957819824,1.428237152099609
645,rojyUp4FPSg$_$26,missing,T,0.2,10,0.2841309112500001,0.05890624999999998,2.327106336970215,0.7504467773437501
645,rojyUp4FPSg$_$26,missing,T,0.3,15,0.5114014190625001,0.10835937499999997,1.7978516143749999,0.41353515625000004
646,rojyUp4FPSg$_$20,missing,T,0.1,4,0.17894593347656243,0.10787109375,1.8874786483203128,0.7879595947265625
646,rojyUp4FPSg$_$20,missing,T,0.2,7,0.20168610681640625,0.14554687500000002,1.6801941024218752,0.6843768310546875
646,rojyUp4FPSg$_$20,missing,T,0.3,10,0.2343994246874999,0.16844726562500006,1.1812673664350588,0.46156158447265627
647,rojyUp4FPSg$_$21,missing,T,0.1,2,0.11337891875000014,0.05328124999999999,2.1699569827148446,0.6973242187500002
647,rojyUp4FPSg$_$21,missing,T,0.2,3,0.23256837187500015,0.096015625,1.5054550295898437,0.5150781249999999
647,rojyUp4FPSg$_$21,missing,T,0.3,4,0.28601075468750015,0.12578125,1.045361340625,0.3737109375
648,rojyUp4FPSg$_$23,missing,T,0.1,1,0.2681885015625003,0.10960937500000005,2.96289065,0.8267871093750003
648,rojyUp4FPSg$_$23,missing,T,0.2,2,0.742234827246094,0.2763671875000001,2.0543701421875,0.6023242187500002
648,rojyUp4FPSg$_$23,missing,T,0.3,3,1.1968994390624998,0.40394531250000015,1.541755701269531,0.4795507812500001
649,rojyUp4FPSg$_$5,missing,T,0.1,3,-0.11262203281250001,0.04606445312499998,0.6383391958984376,0.2436767578125
649,rojyUp4FPSg$_$5,missing,T,0.2,6,-0.2770812613281251,0.08292968749999999,0.7317794424804689,0.15698242187499994
649,rojyUp4FPSg$_$5,missing,T,0.3,9,-0.4612548453125001,0.11347167968750001,0.6283568960937501,0.09624999999999997
650,rojyUp4FPSg$_$7,missing,T,0.1,5,0.2914978499218751,0.07750000000000001,4.004748582343749,1.5857531738281252
650,rojyUp4FPSg$_$7,missing,T,0.2,9,0.3398575300976564,0.08386718750000002,2.99290776203125,0.9818359375
650,rojyUp4FPSg$_$7,missing,T,0.3,14,0.7347168440625002,0.19353515625,2.0696533675,0.5321874999999999
651,rojyUp4FPSg$_$9,missing,T,0.1,3,0.2590882222656251,0.11745605468749998,3.5716034810546873,1.20645751953125
651,rojyUp4FPSg$_$9,missing,T,0.2,6,0.5876709859375001,0.25617919921875,2.820863421035156,0.93369140625
651,rojyUp4FPSg$_$9,missing,T,0.3,8,0.8630249898437498,0.3633639526367188,2.338766566992187,0.8011083984375003
652,rojyUp4FPSg$_$10,missing,T,0.1,2,0.25890198003906273,0.07683593749999997,1.4935607935156257,0.35013671874999996
652,rojyUp4FPSg$_$10,missing,T,0.2,3,0.3071746851171877,0.08808593749999996,1.315274050351563,0.3080664062499999
652,rojyUp4FPSg$_$10,missing,T,0.3,5,0.5530777002539065,0.14738281249999996,1.0165451072304692,0.24777343749999997
653,rojyUp4FPSg$_$12,missing,T,0.1,1,0.17993165312500015,0.07132812499999999,3.451161206347656,0.9851660156250001
653,rojyUp4FPSg$_$12,missing,T,0.2,2,0.30686036406250017,0.10277343750000001,2.7138977175781256,0.8240429687499999
653,rojyUp4FPSg$_$12,missing,T,0.3,3,0.7799560671875,0.26216796875,1.510809338671875,0.4990429687500001
654,rojyUp4FPSg$_$16,missing,T,0.1,2,0.23630368968749993,0.09429687499999999,1.38802488109375,0.15684570312499996
654,rojyUp4FPSg$_$16,missing,T,0.2,3,0.17651365062499993,0.08616210937500002,1.4100555207421877,0.20027343749999998
654,rojyUp4FPSg$_$16,missing,T,0.3,4,0.49030759593749995,0.12703124999999998,0.9607360627343752,0.137421875
655,rojyUp4FPSg$_$18,missing,T,0.1,2,0.13512571367187504,0.058886718750000046,0.8272186091796874,0.30752441406250003
655,rojyUp4FPSg$_$18,missing,T,0.2,4,0.29969480546875005,0.10142578125000004,0.6809997371093749,0.23180664062500003
655,rojyUp4FPSg$_$18,missing,T,0.3,6,0.40117185625000007,0.12844726562500006,0.5618285945312499,0.17649414062500007
656,rojyUp4FPSg$_$37,missing,T,0.1,3,0.29157867386328107,0.058398437499999976,2.752938842320312,0.4856298828125
656,rojyUp4FPSg$_$37,missing,T,0.2,5,0.4594467158554686,0.10208984374999996,2.1545227046249993,0.38954101562500004
656,rojyUp4FPSg$_$37,missing,T,0.3,7,0.767732238316406,0.17144531249999997,1.5399597163437502,0.29582031249999996
657,rojyUp4FPSg$_$36,missing,T,0.1,1,0.2,0.07226562499999997,3.614801025390625,0.9835058593749999
657,rojyUp4FPSg$_$36,missing,T,0.2,2,0.57254638671875,0.2017578125,2.2816864013671876,0.68447265625
657,rojyUp4FPSg$_$36,missing,T,0.3,2,0.69188232421875,0.24296874999999996,2.156840515136719,0.6369921875
658,rojyUp4FPSg$_$34,missing,T,0.1,4,0.283056640625,0.06890624999999995,2.3098419189453123,0.4849359130859375
658,rojyUp4FPSg$_$34,missing,T,0.2,7,0.4106689453125,0.10539062499999996,1.89349365234375,0.358544921875
658,rojyUp4FPSg$_$34,missing,T,0.3,11,0.595556640625,0.14279296874999994,1.543603515625,0.304873046875
659,rojyUp4FPSg$_$32,missing,T,0.1,1,0.2547180300781246,0.08839843750000005,3.5449096804687485,1.0159570312500001
659,rojyUp4FPSg$_$32,missing,T,0.2,2,0.6235092288085934,0.2128320312500001,2.780244458300781,0.849501953125
659,rojyUp4FPSg$_$32,missing,T,0.3,3,1.165554822070312,0.39521484375000004,1.8975021487304686,0.6102343750000001
660,rwNlqh0k1j4$_$15,missing,T,0.1,5,0.2800293156249998,0.12449218749999998,3.9755859562499998,1.5618652343750001
660,rwNlqh0k1j4$_$15,missing,T,0.2,9,0.490869159375,0.1869921875,3.0880706974609375,1.04846435546875
660,rwNlqh0k1j4$_$15,missing,T,0.3,13,0.763507098828125,0.25488281250000006,2.2805618473632814,0.621142578125
661,rwNlqh0k1j4$_$3,missing,T,0.1,2,0.07749028437499969,0.02515624999999998,2.3218628429687493,0.505517578125
661,rwNlqh0k1j4$_$3,missing,T,0.2,4,0.1677734874999997,0.06312500000000001,1.233442737988281,0.29990234375
661,rwNlqh0k1j4$_$3,missing,T,0.3,6,0.1900879406249997,0.06921875000000001,0.8027664684570311,0.204296875
662,rwNlqh0k1j4$_$2,missing,T,0.1,3,0.169976769140625,0.05243164062500001,1.7008117300781247,0.161431884765625
662,rwNlqh0k1j4$_$2,missing,T,0.2,5,0.3390380484375001,0.0784228515625,1.4170257193359372,0.12128929138183595
662,rwNlqh0k1j4$_$2,missing,T,0.3,7,0.4666137320312501,0.08464111328125,1.1985869986328122,0.09765136718749999
663,rwNlqh0k1j4$_$7,missing,V,0.1,4,0.07897947718750009,0.06576171875000003,0.6107910006250001,0.3981445312500001
663,rwNlqh0k1j4$_$7,missing,V,0.2,7,0.1268920748437501,0.10484375000000004,0.5307250826562502,0.35447265625
663,rwNlqh0k1j4$_$7,missing,V,0.3,10,0.1850829928125001,0.144296875,0.4448852389062502,0.30654296875
664,sC16n1k66io$_$2,missing,T,0.1,4,0.3777588221875,0.12779296874999996,3.39276126359375,0.8924813842773437
664,sC16n1k66io$_$2,missing,T,0.2,7,0.5874756190625,0.17833984374999995,2.9759582850781245,0.6913861083984375
664,sC16n1k66io$_$2,missing,T,0.3,10,0.9020721766796876,0.26148437499999994,2.3722900721874995,0.5498730468749999
665,sC16n1k66io$_$16,missing,T,0.1,2,0.43834079682421867,0.14408203124999996,3.041613807078125,0.5735937499999999
665,sC16n1k66io$_$16,missing,T,0.2,3,0.5151413339335938,0.1532421875,2.926525916453125,0.5821435546875
665,sC16n1k66io$_$16,missing,T,0.3,4,1.037207068796875,0.296455078125,2.1805479663569947,0.4935107421874999
666,sPremsknoLM$_$1,missing,A,0.1,1,-0.09381108515624992,0.019321289062499997,0.5338135265625,0.099189453125
666,sPremsknoLM$_$1,missing,A,0.2,2,-0.15068974726562487,0.0314892578125,0.41755376093749985,0.07733886718750001
666,sPremsknoLM$_$1,missing,A,0.3,2,-0.15810551874999987,0.0371044921875,0.4075684093749999,0.07146484374999999
667,ssqiwP19JhM$_$10,missing,T,0.1,4,0.02381592359374997,0.04961334228515625,0.709405520953125,0.13317855834960937
667,ssqiwP19JhM$_$10,missing,T,0.2,8,0.153033452890625,0.06675140380859376,0.8126281783281252,0.115263671875
667,ssqiwP19JhM$_$10,missing,T,0.3,12,0.3303329524023438,0.09380203247070314,0.9384399453437501,0.15593322753906252
668,ssqiwP19JhM$_$2,missing,V,0.1,3,-0.14816890531250007,0.05382812500000002,0.8959472256250001,0.18483398437500004
668,ssqiwP19JhM$_$2,missing,V,0.2,5,-0.26301265531250007,0.08474609374999999,0.7976928310937501,0.17533203125
668,ssqiwP19JhM$_$2,missing,V,0.3,7,-0.35463863187500005,0.110927734375,0.70633540921875,0.16458007812500003
669,szic2IB9HB4$_$5,missing,T,0.1,2,0.4669814438476564,0.18610351562500002,2.0316680595703125,0.48135009765625003
669,szic2IB9HB4$_$5,missing,T,0.2,3,0.6780898422851565,0.24975341796875003,1.9267135432617188,0.49862792968749997
669,szic2IB9HB4$_$5,missing,T,0.3,4,0.26906579443359385,0.22927246093750003,1.8182052299804687,0.41291015625
670,tQ-CIfgj-Js$_$3,missing,T,0.1,5,0.19072116599609376,0.03701828002929687,2.614808690410156,0.8374218750000001
670,tQ-CIfgj-Js$_$3,missing,T,0.2,10,0.269964635234375,0.04743804931640625,2.1617081044726563,0.6800390625
670,tQ-CIfgj-Js$_$3,missing,T,0.3,15,0.53929446921875,0.11097717285156253,1.2668335245937499,0.388868408203125
671,tXQpm-nKxNA$_$5,missing,T,0.1,2,0.08974605625000046,0.03132812499999991,2.4469680411132813,0.73779296875
671,tXQpm-nKxNA$_$5,missing,T,0.2,4,0.20942379062500044,0.06671874999999992,1.4945998770507813,0.46068359375000006
671,tXQpm-nKxNA$_$5,missing,T,0.3,6,0.32641597812500045,0.10636718749999989,1.1449462515625002,0.3644726562499999
672,tXQpm-nKxNA$_$7,missing,T,0.1,3,0.140478515625,0.040273437500000044,2.4121353149414064,0.6208789062500001
672,tXQpm-nKxNA$_$7,missing,T,0.2,6,0.21368408203125,0.05496093750000003,1.6584625244140625,0.41548828125000004
672,tXQpm-nKxNA$_$7,missing,T,0.3,9,0.3014404296875,0.07921875000000003,1.0917373657226563,0.2640625000000001
673,uacdDoBtT1k$_$0,missing,V,0.1,5,-0.026171893749999776,0.011093750000000003,0.21694337812499978,0.08187499999999999
673,uacdDoBtT1k$_$0,missing,V,0.2,10,-0.04804689374999978,0.019140625,0.1880371281249998,0.07082031250000001
673,uacdDoBtT1k$_$0,missing,V,0.3,15,-0.07148439374999978,0.028398437499999995,0.15590822187499978,0.057499999999999996
674,uacdDoBtT1k$_$6,missing,V,0.1,3,-0.027648883906250088,0.004707031249999971,0.2771239815625002,0.049199218749999975
674,uacdDoBtT1k$_$6,missing,V,0.2,6,-0.05462642296875009,0.009687499999999977,0.23347163781250008,0.03537109374999999
674,uacdDoBtT1k$_$6,missing,V,0.3,9,-0.08947749718750009,0.017421874999999976,0.1825805245312501,0.021230468749999974
675,unNY4zIk8MM$_$1,missing,T,0.1,3,0.25596921328125005,0.1139453125000001,3.823295568261718,1.04859375
675,unNY4zIk8MM$_$1,missing,T,0.2,6,0.3243346917968751,0.13066406250000004,3.3972961175781244,1.0094140624999999
675,unNY4zIk8MM$_$1,missing,T,0.3,9,0.5865295160156251,0.24382812500000012,2.2911681878906256,0.7489746093750002
676,unNY4zIk8MM$_$3,missing,T,0.1,2,0.2627441031250001,0.05125976562499995,1.6302001578124998,0.17897460937499993
676,unNY4zIk8MM$_$3,missing,T,0.2,4,0.3642089468750001,0.06056640624999996,1.4491942984374997,0.17963378906249997
676,unNY4zIk8MM$_$3,missing,T,0.3,6,0.5709472281250001,0.08848632812499997,1.1556151968749997,0.15629394531249996
677,unNY4zIk8MM$_$5,missing,T,0.1,3,0.5174560296875,0.10889648437500002,2.37505473974762,0.41899658203124995
677,unNY4zIk8MM$_$5,missing,T,0.2,5,0.7171142328125001,0.17271484375000004,2.0990661371093755,0.38056152343750005
677,unNY4zIk8MM$_$5,missing,T,0.3,7,0.86513669375,0.19543945312500002,1.8664977777343754,0.35702148437500003
678,unNY4zIk8MM$_$8,missing,V,0.1,2,-0.02702640875000011,0.022724609374999996,0.1516724048437501,0.0343212890625
678,unNY4zIk8MM$_$8,missing,V,0.2,3,-0.039782756406250105,0.028388671875,0.1435669360937501,0.03688964843749999
678,unNY4zIk8MM$_$8,missing,V,0.3,4,-0.06605228765625011,0.03245849609375,0.1256592170937501,0.0411572265625
679,uooIiW6dEyg$_$1,missing,T,0.1,1,0.15908206874999956,0.06388671874999999,4.548236121484375,1.5375622558593751
679,uooIiW6dEyg$_$1,missing,T,0.2,2,0.6317993539062495,0.25251464843749993,3.4238068001953126,1.1327441406249998
679,uooIiW6dEyg$_$1,missing,T,0.3,3,1.052581824609375,0.42405517578124996,2.2237564461914063,0.7591503906249999
680,uooIiW6dEyg$_$5,missing,T,0.1,4,0.20212406343749995,0.05498046875,1.883902017539063,0.44207763671875
680,uooIiW6dEyg$_$5,missing,T,0.2,7,0.3144531649999999,0.07498046875,1.6481537265234372,0.3531982421875
680,uooIiW6dEyg$_$5,missing,T,0.3,11,0.47915043062499996,0.10804687499999999,1.2826172274999998,0.26310546875
681,v2Rr-EsJda8$_$0,missing,A,0.1,1,-0.06993411940624998,0.013437500000000008,0.14211124342968748,0.05394042968750001
681,v2Rr-EsJda8$_$0,missing,A,0.2,2,-0.0520811454682617,0.014262695312500007,0.11741793761484373,0.056130371093750006
681,v2Rr-EsJda8$_$0,missing,A,0.3,3,-0.08783992690136717,0.02386230468750002,0.10933840506874999,0.04262695312500002
682,v2Rr-EsJda8$_$6,missing,T,0.1,2,0.30890498179687464,0.12251953124999988,2.563696241562499,0.8031835937499998
682,v2Rr-EsJda8$_$6,missing,T,0.2,3,0.28235468882812464,0.10394531249999994,2.4365111829687494,0.7987402343750001
682,v2Rr-EsJda8$_$6,missing,T,0.3,4,0.5872375013281246,0.22425781249999996,1.8031997205664054,0.5970312499999999
683,v9gjg7TDlTA$_$0,missing,T,0.1,2,-0.03961796492187495,0.044902343750000046,2.0699218299999997,0.312509765625
683,v9gjg7TDlTA$_$0,missing,T,0.2,4,-0.041339156328124946,0.07666015625000003,1.4832305458203123,0.20509765624999998
683,v9gjg7TDlTA$_$0,missing,T,0.3,5,0.1710540321484375,0.09792968750000003,1.002149940878906,0.19200195312499999
684,v9gjg7TDlTA$_$4,missing,T,0.1,2,0.07226569999999999,0.044335937500000006,2.935818556445313,0.5908203124999999
684,v9gjg7TDlTA$_$4,missing,T,0.2,4,0.09172370781249999,0.06812499999999999,2.2804016863281253,0.4589550781250001
684,v9gjg7TDlTA$_$4,missing,T,0.3,6,0.1475830828125,0.0965234375,1.471315077441406,0.3067578125
685,vHzbn_YW76s$_$3,missing,T,0.1,2,-0.0038269286718750186,0.0594091796875,1.8164199585351568,0.16882324218749997
685,vHzbn_YW76s$_$3,missing,T,0.2,4,-0.09432375484375002,0.119981689453125,1.3650230237089844,0.23139831542968747
685,vHzbn_YW76s$_$3,missing,T,0.3,6,-0.20613253169921872,0.17258056640625002,1.2980499072578122,0.23451843261718755
686,vU0a4F36Ksw$_$13,missing,T,0.1,4,-0.3276733560937498,0.10553710937500002,0.3155838158945311,0.44837890625
686,vU0a4F36Ksw$_$13,missing,T,0.2,7,-0.40991517738281236,0.11803955078125002,0.5430587931054688,0.328289794921875
686,vU0a4F36Ksw$_$13,missing,T,0.3,10,-0.500874154128418,0.15373596191406252,0.6036789086679688,0.266640625
687,vU0a4F36Ksw$_$12,missing,T,0.1,3,0.24013673124999996,0.06204101562500004,1.1238855486938475,0.2912890625000001
687,vU0a4F36Ksw$_$12,missing,T,0.2,5,0.2955322390625,0.07347656250000004,1.0406128054687498,0.25660644531250004
687,vU0a4F36Ksw$_$12,missing,T,0.3,7,0.40712891874999996,0.09978515625000003,0.8955383425781248,0.21405273437500005
688,vU0a4F36Ksw$_$17,missing,T,0.1,2,-0.018676791562500017,0.014267578124999996,0.48446029223388676,0.09830078125
688,vU0a4F36Ksw$_$17,missing,T,0.2,4,-0.06401370562500001,0.018652343749999988,0.4464287618536377,0.08537109374999999
688,vU0a4F36Ksw$_$17,missing,T,0.3,5,-0.13185428179687503,0.029511718749999992,0.3863857845205689,0.0704443359375
689,vU0a4F36Ksw$_$0,missing,T,0.1,5,0.11071776093749985,0.04062500000000006,5.055960070507814,2.0144268798828127
689,vU0a4F36Ksw$_$0,missing,T,0.2,10,0.24666746796874986,0.08792968750000005,3.1411804074218743,1.10713623046875
689,vU0a4F36Ksw$_$0,missing,T,0.3,15,0.42517088593749985,0.1512109375000001,2.0838744992187492,0.6811914062500002
690,vU0a4F36Ksw$_$3,missing,T,0.1,1,0.2903564465625001,0.08828125000000005,2.5180175793750004,0.6821875000000001
690,vU0a4F36Ksw$_$3,missing,T,0.2,2,0.6036712658984378,0.18386718750000003,1.921427918730469,0.546640625
690,vU0a4F36Ksw$_$3,missing,T,0.3,2,0.617356873808594,0.1905078125,1.8321289075000002,0.5258007812500001
691,vU0a4F36Ksw$_$5,missing,T,0.1,3,0.07541504124999997,0.05951446533203125,0.47183837803125,0.35723876953124994
691,vU0a4F36Ksw$_$5,missing,T,0.2,6,0.07165222386718746,0.10499908447265624,0.62705077971875,0.21612371444702153
691,vU0a4F36Ksw$_$5,missing,T,0.3,9,0.10243377904296871,0.14915985107421875,0.7033691388750001,0.1314718627929687
692,vU0a4F36Ksw$_$7,missing,T,0.1,2,0.34035645781249996,0.07427612304687499,2.7125122195312508,0.35368408203125
692,vU0a4F36Ksw$_$7,missing,T,0.2,4,0.6847717410156248,0.12845947265625,2.4340545779296883,0.3279833984375
692,vU0a4F36Ksw$_$7,missing,T,0.3,6,1.0592773562499997,0.1971112060546875,2.065420544726563,0.2978028106689453
693,vU0a4F36Ksw$_$20,missing,T,0.1,1,-0.4162841853125,0.021636962890625,1.4592727717382814,0.044991455078125006
693,vU0a4F36Ksw$_$20,missing,T,0.2,1,-0.40065308179687503,0.0258544921875,1.435429387949219,0.04578125
693,vU0a4F36Ksw$_$20,missing,T,0.3,2,-0.7084106501562502,0.0558563232421875,0.9755493220312502,0.0465106201171875
694,vbr3EA8cJTI$_$0,missing,T,0.1,2,0.20123289765624985,0.06304687499999988,2.4999160641601557,0.7912792968750001
694,vbr3EA8cJTI$_$0,missing,T,0.2,4,0.36812132539062487,0.11406249999999991,2.107778918164062,0.6754296875000001
694,vbr3EA8cJTI$_$0,missing,T,0.3,6,0.640496813671875,0.20472656249999996,1.5464202755859375,0.49664062500000006
695,vbr3EA8cJTI$_$2,missing,T,0.1,3,0.9913193249023436,0.41302734375000005,3.5352722667968743,1.1880078125
695,vbr3EA8cJTI$_$2,missing,T,0.2,5,0.9915710949218749,0.3883398437499999,3.714300587109374,1.2782910156249998
695,vbr3EA8cJTI$_$2,missing,T,0.3,8,1.4392944835937498,0.5302539062499999,3.803021290234374,1.356181640625
696,vbr3EA8cJTI$_$7,missing,T,0.1,3,0.1228149432812499,0.05465820312499999,1.1403869647656253,0.32305892944335934
696,vbr3EA8cJTI$_$7,missing,T,0.2,5,0.2865966815624999,0.09825195312499997,1.0107604999218753,0.27125732421875
696,vbr3EA8cJTI$_$7,missing,T,0.3,7,0.4529479999218749,0.14128906249999998,0.8242736835156249,0.22468017578124994
697,vbr3EA8cJTI$_$6,missing,T,0.1,3,0.07839965382812508,0.027617187499999984,2.1424499467968756,0.634921875
697,vbr3EA8cJTI$_$6,missing,T,0.2,6,0.26638030568359383,0.0731249999999999,1.3585464433789063,0.3895703124999999
697,vbr3EA8cJTI$_$6,missing,T,0.3,9,0.36159972707031257,0.0946874999999999,1.1102081255078127,0.3300390624999999
698,wF8980oGklk$_$24,missing,T,0.1,3,0.2460906876171875,0.09845703125000002,2.9270568741406247,0.8762249755859376
698,wF8980oGklk$_$24,missing,T,0.2,5,0.589062489375,0.21213867187500002,2.38980711828125,0.7273294067382813
698,wF8980oGklk$_$24,missing,T,0.3,7,0.7665344132031251,0.270302734375,2.1439086807812497,0.6591192626953124
699,wF8980oGklk$_$25,missing,T,0.1,1,0.1408935271875004,0.060117187500000016,3.653552218593751,1.3163696289062499
699,wF8980oGklk$_$25,missing,T,0.2,2,0.3303344451562504,0.13292968750000003,3.2624877654687503,1.1855310058593749
699,wF8980oGklk$_$25,missing,T,0.3,3,0.6024596892968752,0.24679687500000003,2.385028048671875,0.9012841796875002
700,wF8980oGklk$_$1,missing,A,0.1,1,-0.061144977656250085,0.008144531249999998,0.41965327843750017,0.0650390625
700,wF8980oGklk$_$1,missing,A,0.2,2,-0.1329589425000001,0.013537597656250002,0.32697139367187517,0.04259277343750001
700,wF8980oGklk$_$1,missing,A,0.3,3,-0.1899291573437501,0.01858154296875,0.25877681359375015,0.0280517578125
701,wF8980oGklk$_$0,missing,A,0.1,2,-0.029882808750000024,0.010009765624999998,0.14851073843750004,0.0083837890625
701,wF8980oGklk$_$0,missing,A,0.2,4,-0.05141601187500002,0.012739257812500005,0.13671874625000005,0.010209960937500002
701,wF8980oGklk$_$0,missing,A,0.3,6,-0.06079101187500002,0.014677734375000001,0.15104980093750003,0.012285156250000002
702,wF8980oGklk$_$3,missing,V,0.1,2,-0.0428711328124999,0.028361816406250007,0.12774814697265616,0.15016723632812498
702,wF8980oGklk$_$3,missing,V,0.2,4,-0.06319736572265615,0.04438720703125001,0.1312012109374999,0.12442368984222414
702,wF8980oGklk$_$3,missing,V,0.3,6,-0.0911346826171874,0.06002197265625001,0.10788120361328116,0.1029901123046875
703,wF8980oGklk$_$2,missing,T,0.1,1,0.31010740937499987,0.1465625000000001,3.596734606640625,0.8308203125000002
703,wF8980oGklk$_$2,missing,T,0.2,1,0.11175535859374985,0.0675390625000001,3.9220626706054693,0.912841796875
703,wF8980oGklk$_$2,missing,T,0.3,2,0.63857420625,0.17593750000000008,2.3370422238281243,0.645078125
704,wF8980oGklk$_$6,missing,T,0.1,3,0.26331785859375,0.10041992187499997,2.3136962765624993,0.5348059082031249
704,wF8980oGklk$_$6,missing,T,0.2,5,0.5065185421875003,0.1589453125,1.8600767010620114,0.4423178863525391
704,wF8980oGklk$_$6,missing,T,0.3,8,0.7694457882812502,0.23055908203124997,1.477117907421875,0.3684301757812499
705,wF8980oGklk$_$17,missing,T,0.1,3,0.11091309843750015,0.04558593750000005,3.184582532031251,0.9427539062500001
705,wF8980oGklk$_$17,missing,T,0.2,5,0.24782716093750015,0.09292968750000004,2.2880111819335944,0.7061621093750001
705,wF8980oGklk$_$17,missing,T,0.3,7,0.46243897734374995,0.16515625000000006,1.5743057375976561,0.5098046875000001
706,wosolsrH3sM$_$6,missing,T,0.1,5,-0.08480834773437503,0.12284423828124999,4.198486329999999,2.1309375
706,wosolsrH3sM$_$6,missing,T,0.2,10,0.012092592207031206,0.28741271972656246,3.0324951190625002,1.7471484375
706,wosolsrH3sM$_$6,missing,T,0.3,15,0.2701169986401366,0.38660675048828125,2.037469483546875,1.1973095703125
707,x-zGBp7axao$_$3,missing,T,0.1,5,-0.16989078731103519,0.09623535156249999,1.30100097865625,0.7946093750000001
707,x-zGBp7axao$_$3,missing,T,0.2,10,-0.3275495550112305,0.15293113708496095,1.4533294696578125,0.7122900390625001
707,x-zGBp7axao$_$3,missing,T,0.3,15,-0.5032026311831054,0.21975830078124997,1.330664064384375,0.5287649536132812
708,x2lOwQaAn4g$_$4,missing,T,0.1,2,0.10480954718750031,0.024296874999999905,1.7359969861523443,0.4251171875
708,x2lOwQaAn4g$_$4,missing,T,0.2,4,0.2072753675000003,0.04546874999999991,1.2439773328320314,0.31273437499999995
708,x2lOwQaAn4g$_$4,missing,T,0.3,6,0.3525024182812503,0.08156249999999991,0.8481811292187501,0.20945312499999988
709,xUgAP84vsg4$_$15,missing,T,0.1,3,0.14660642406250002,0.04414062500000001,3.0967468049218745,0.851142578125
709,xUgAP84vsg4$_$15,missing,T,0.2,5,0.29294431468750004,0.08042968750000004,2.1718978669335933,0.6201171875
709,xUgAP84vsg4$_$15,missing,T,0.3,7,0.5274169709375002,0.16148437500000007,1.4604553010156252,0.42677734375000015
710,xUgAP84vsg4$_$4,missing,T,0.1,3,0.26273037802734367,0.05406249999999994,2.7241943062500003,0.6449218749999999
710,xUgAP84vsg4$_$4,missing,T,0.2,5,0.38971096884765616,0.08347656249999996,2.2815063179687503,0.5541308593750001
710,xUgAP84vsg4$_$4,missing,T,0.3,7,0.6373473824218749,0.15019531249999998,1.7156860054687502,0.42716796874999996
711,xUgAP84vsg4$_$8,missing,T,0.1,1,0.19956049687500013,0.04642578124999996,2.0421813464843757,0.29018981933593746
711,xUgAP84vsg4$_$8,missing,T,0.2,2,0.3652587390625001,0.07554687499999993,1.8021972156250006,0.2538272094726562
711,xUgAP84vsg4$_$8,missing,T,0.3,3,0.4794188953124999,0.08675292968749995,1.646319530078125,0.2413131713867187
712,xivYoEUQ5sk$_$5,missing,T,0.1,5,0.1433472204687499,0.04472656249999994,3.147358756113281,1.0968188476562502
712,xivYoEUQ5sk$_$5,missing,T,0.2,9,0.2814575720312499,0.08230468749999997,1.9391739416601559,0.5221435546875
712,xivYoEUQ5sk$_$5,missing,T,0.3,14,0.4466736364843749,0.13105468749999996,1.4011230993749997,0.36158203125000005
713,xivYoEUQ5sk$_$4,missing,T,0.1,3,0.1935303234374997,0.0830859375,2.683538868359374,0.9782421875
713,xivYoEUQ5sk$_$4,missing,T,0.2,6,0.3777588390624997,0.16218750000000004,1.758535816601562,0.69998046875
713,xivYoEUQ5sk$_$4,missing,T,0.3,8,0.5145020031249998,0.22250000000000006,1.3986420177734373,0.5732226562500001
714,xjsaS-LeZ14$_$20,missing,T,0.1,2,-0.04497659403076169,0.081298828125,0.39229200301757816,0.325667724609375
714,xjsaS-LeZ14$_$20,missing,T,0.2,4,-0.007594277441406216,0.13388671875,0.438416840612793,0.246009635925293
714,xjsaS-LeZ14$_$20,missing,T,0.3,6,-0.2523650904296876,0.11443161010742187,0.38730752664794926,0.2145338439941406
715,xjsaS-LeZ14$_$14,missing,T,0.1,2,-0.20910642031250015,0.0380859375,1.7195678460937505,0.20271484375
715,xjsaS-LeZ14$_$14,missing,T,0.2,4,-0.4139648187500001,0.06912109375,1.4390136468750003,0.171787109375
715,xjsaS-LeZ14$_$14,missing,T,0.3,6,-0.5859130609375001,0.09408203125,1.2111205804687504,0.15107421875000002
716,xjsaS-LeZ14$_$6,missing,T,0.1,5,0.25064010838867185,0.10708496093750001,3.846386720937501,1.5878515625000003
716,xjsaS-LeZ14$_$6,missing,T,0.2,10,0.17669067601562496,0.08697265625000002,3.5831420920312502,1.4085058593750002
716,xjsaS-LeZ14$_$6,missing,T,0.3,15,0.6174728415429687,0.17435791015625007,1.944380190175781,0.6450894546508791
717,y8HXGm1-Ecw$_$7,missing,T,0.1,3,0.023339837499999926,0.07725585937500001,2.4093948301757817,0.255301513671875
717,y8HXGm1-Ecw$_$7,missing,T,0.2,5,0.13681639999999992,0.13337158203125,1.916758721777344,0.265130615234375
717,y8HXGm1-Ecw$_$7,missing,T,0.3,7,0.4245849546875,0.15300659179687498,1.2982940611328122,0.15864421844482426
718,y9FyTEyGy5Y$_$1,missing,T,0.1,2,0.16920399897148447,0.060390624999999996,1.6229309582,0.43867187499999993
718,y9FyTEyGy5Y$_$1,missing,T,0.2,3,0.2755768322234376,0.0884765625,1.4361389660125,0.39513671875000006
718,y9FyTEyGy5Y$_$1,missing,T,0.3,4,0.4109772228484376,0.11675781249999999,1.2280090832,0.34814453125000006
719,zhE_68GMJIk$_$8,missing,A,0.1,3,0.033984363749999955,0.01141601562499998,0.5271728403125,0.21179931640624994
719,zhE_68GMJIk$_$8,missing,A,0.2,5,0.04554442234374996,0.014042968749999978,0.41572264499999995,0.16722534179687495
719,zhE_68GMJIk$_$8,missing,A,0.3,7,0.07185057468749996,0.025976562499999988,0.31448363132812496,0.11825927734375
720,zhE_68GMJIk$_$5,missing,T,0.1,3,0.04294429968750011,0.050332031250000006,0.6418441699960937,0.34652343750000003
720,zhE_68GMJIk$_$5,missing,T,0.2,6,0.06635738562500011,0.07320312500000001,0.8176956140507812,0.27742187500000004
720,zhE_68GMJIk$_$5,missing,T,0.3,9,0.30437618445312503,0.14445312500000002,0.8149352954843749,0.270625
721,zjYEBwXGD8I$_$13,missing,T,0.1,4,0.21853025093749992,0.04573242187500004,2.438165260703124,0.44574462890625
721,zjYEBwXGD8I$_$13,missing,T,0.2,8,0.44113767281249994,0.08394531250000004,2.091427589804687,0.3321844482421875
721,zjYEBwXGD8I$_$13,missing,T,0.3,12,0.6573486103124999,0.12289062500000007,1.7449401630468748,0.2802758789062501
722,zjYEBwXGD8I$_$15,missing,T,0.1,2,0.058959923437500006,0.020683593749999986,1.7376035553726195,0.2689013671875
722,zjYEBwXGD8I$_$15,missing,T,0.2,4,0.19390865390625,0.05329101562499996,1.4733153921874997,0.23477050781250003
722,zjYEBwXGD8I$_$15,missing,T,0.3,6,0.3692992789062501,0.08357421874999998,1.2009948355468747,0.20276367187500002
723,zjYEBwXGD8I$_$0,missing,T,0.1,2,0.03671879999999992,0.029726562499999987,0.7610351062499999,0.11305664062500001
723,zjYEBwXGD8I$_$0,missing,T,0.2,3,-0.07255854375000008,0.045732421875000026,0.54970698125,0.08117675781250001
723,zjYEBwXGD8I$_$0,missing,T,0.3,4,-0.06113276250000008,0.03380859375,0.5620360828125,0.09130859375
724,zjYEBwXGD8I$_$2,missing,T,0.1,2,0.11903835360390631,0.06853515624999999,2.69746700350625,0.6051590633392334
724,zjYEBwXGD8I$_$2,missing,T,0.2,3,0.4566817862210938,0.15400390625,2.145696983975,0.5110784912109375
724,zjYEBwXGD8I$_$2,missing,T,0.3,4,0.748876915615625,0.23381347656250004,1.6733459097562502,0.4226375579833985
725,zjYEBwXGD8I$_$4,missing,V,0.1,4,-0.0025390915624999622,0.017529296875,0.02165066673828129,0.11131347656250001
725,zjYEBwXGD8I$_$4,missing,V,0.2,8,0.005297822500000038,0.030898437499999997,0.0232633736010742,0.09830078125000002
725,zjYEBwXGD8I$_$4,missing,V,0.3,12,0.008550996328125038,0.042177734375,0.017169203984374982,0.0867431640625
726,zjYEBwXGD8I$_$9,missing,T,0.1,3,0.2071594772656252,0.048242187499999964,2.720843559296876,0.49596679687500006
726,zjYEBwXGD8I$_$9,missing,T,0.2,6,0.42927251437500014,0.09986328124999996,2.0965820846875007,0.41862304687499996
726,zjYEBwXGD8I$_$9,missing,T,0.3,8,0.6301392135937501,0.14984375,1.7629150925000006,0.36587890624999997
727,zk2jTlAtvSU$_$3,missing,T,0.1,4,0.2697403332226562,0.07709666490554809,1.4507873913281248,0.6007226562500001
727,zk2jTlAtvSU$_$3,missing,T,0.2,7,0.4641525646679687,0.11753234863281252,1.0668609997265626,0.42608398437500006
727,zk2jTlAtvSU$_$3,missing,T,0.3,10,0.44881919827392575,0.12590576171875,0.798028602265625,0.31045654296874997
