sample_index,sample_id,baseline,main_modality,TEXT_MISSING_OOD_CAUTION,ratio,n_candidates,k,M_full,y_attr_full,CompTopK_cls,CompTopK_reg,RandomComp_cls_mean,RandomComp_reg_mean,GainComp_cls,GainComp_reg,SuffTopK_cls,SuffTopK_reg,RandomSuff_cls_mean,RandomSuff_reg_mean,GainSuff_cls,GainSuff_reg,F_comp_cls,F_comp_reg,F_suff_cls,F_suff_reg,FaithfulnessScore_ratio
0,-UacrmKiTn4$_$7,zero,T,False,0.1,26,3,0.017578100000000152,0.22389323413372034,0.20800778750000015,0.04921875000000006,0.07597653750000015,0.02623046875000002,0.13203125,0.02298828125000004,0.04248049374999985,0.11152343750000002,0.14482421375000004,0.15788085937500004,0.1023437200000002,0.04635742187500003,7.5106945179217846,0.0038313802083333403,5.8218975943022855,0.007726236979166671,3.3360374323528923
0,-UacrmKiTn4$_$7,zero,T,False,0.2,26,6,0.017578100000000152,0.22389323413372034,0.34374997500000015,0.08906250000000002,0.10383298281250015,0.04279296875000001,0.2399169921875,0.04626953125000001,0.23730471249999985,0.06152343749999997,0.18940428437500006,0.13929687500000004,-0.04790042812499978,0.07777343750000007,13.64785411013635,0.007711588541666668,-2.7248509949314452,0.012962239583333346,2.735919235832476
0,-UacrmKiTn4$_$7,zero,T,False,0.3,26,8,0.017578100000000152,0.22389323413372034,0.48193356875000015,0.13046875,0.14909665468750016,0.061484375000000015,0.3328369140625,0.06898437499999999,0.39453127499999985,0.019140625000000022,0.1846435521875,0.12257812500000002,-0.20988772281249984,0.1034375,18.93367203454654,0.011497395833333332,-11.93961709146077,0.017239583333333332,1.7556979805631094
1,-qDkUB0GgYY$_$5,zero,T,False,0.1,48,5,0.42480470000000004,0.4766276091337204,0.17089845000000004,0.028906250000000022,-0.13024901093749994,0.03925781249999995,0.3011474609375,-0.010351562499999925,1.1829833859374999,0.476171875,0.88721922578125,0.39316406249999997,-0.29576416015624984,-0.08300781250000006,0.7089063563353787,-0.0017252604166666542,-0.6962339727462458,-0.013834635416666676,-0.0007218780610501025
1,-qDkUB0GgYY$_$5,zero,T,False,0.2,48,10,0.42480470000000004,0.4766276091337204,-0.003417956249999965,0.0234375,-0.25109862031249996,0.08275390624999997,0.2476806640625,-0.05931640624999997,1.1031494015624999,0.426171875,0.7482177609375,0.3308984375,-0.3549316406249998,-0.0952734375,0.5830445873548777,-0.009886067708333328,-0.8355152499719279,-0.01587890625,-0.06955890914384588
1,-qDkUB0GgYY$_$5,zero,T,False,0.3,48,15,0.42480470000000004,0.4766276091337204,-0.18359373749999996,0.09062499999999996,-0.33361815156249996,0.11884765624999996,0.1500244140625,-0.028222656250000006,0.885742175,0.335546875,0.6572875851562501,0.28501953124999996,-0.2284545898437499,-0.050527343750000064,0.35316007780145137,-0.004703776041666667,-0.5377860745365467,-0.008421223958333343,-0.04943774918377383
2,0utROiKxejc$_$1,zero,T,False,0.1,16,2,1.02075195,0.4723307341337204,1.1268310515625,0.4476684570312501,0.06602172539062497,0.08665161132812502,1.060809326171875,0.3610168457031251,0.24682617500000004,0.03750000000000009,0.8317382787499998,0.455279541015625,0.5849121037499998,0.4177795410156249,1.0392419891334872,0.060169474283854184,0.5730202432919737,0.06962992350260415,0.4355154075529798
2,0utROiKxejc$_$1,zero,T,False,0.2,16,4,1.02075195,0.4723307341337204,1.3463134734375,0.49479980468750007,0.24830321953125,0.17706420898437503,1.09801025390625,0.31773559570312504,0.13525390937500004,0.10000000000000009,0.6467252712573242,0.36967712402343755,0.5114713618823241,0.26967712402343746,1.0756865840125664,0.05295593261718751,0.5010726267137647,0.044946187337239575,0.4186653326701896
2,0utROiKxejc$_$1,zero,T,False,0.3,16,5,1.02075195,0.4723307341337204,1.40802001640625,0.562451171875,0.4748840300781249,0.27509948730468753,0.933135986328125,0.2873516845703125,0.38159180000000004,0.012109374999999978,0.5173095696875001,0.29679779052734373,0.13571776968750004,0.28468841552734375,0.9141643786854842,0.04789194742838542,0.1329584888170052,0.047448069254557294,0.285615721046358
3,0utROiKxejc$_$4,zero,T,False,0.1,33,4,4.1591797,-1.4347005158662798,0.6748047000000001,0.37656250000000013,-0.002148424999999854,0.0608984375,0.676953125,0.3156640625000001,2.04736329375,0.19062500000000004,3.332012951953126,0.8996972656250002,1.2846496582031257,0.7090722656250001,0.16276117192984665,0.052610677083333356,0.3088708452131271,0.11817871093750003,0.16060535129095177
3,0utROiKxejc$_$4,zero,T,False,0.2,33,7,4.1591797,-1.4347005158662798,0.7138672000000001,0.3515625,0.05258790312500015,0.07203125000000002,0.661279296875,0.27953125,1.2519531375000001,0.04453124999999991,2.2919494753906258,0.5061718750000002,1.0399963378906256,0.46164062500000025,0.1589926825913094,0.04658854166666667,0.2500483659896348,0.0769401041666667,0.1331424236035694
3,0utROiKxejc$_$4,zero,T,False,0.3,33,10,4.1591797,-1.4347005158662798,0.9091797000000001,0.32968750000000013,0.22119141875000015,0.118125,0.68798828125,0.21156250000000015,0.5468750125000001,0.15312499999999996,1.304718030078125,0.22964843750000002,0.7578430175781248,0.07652343750000007,0.1654143762616517,0.03526041666666669,0.1822096879748756,0.012753906250000011,0.0989095967882985
4,0y022OlZ3W0$_$3,zero,T,False,0.1,17,2,2.04479978,0.8699869841337203,0.16088864718749996,0.03671875000000002,0.008990453828124956,0.02550781250000001,0.151898193359375,0.01121093750000001,0.7453613034375,0.07460937499999998,1.0649413815624995,0.17386718749999996,0.31958007812499956,0.09925781249999999,0.07428508187451639,0.001868489583333335,0.15628910222002143,0.016542968749999998,0.06224641060696779
4,0y022OlZ3W0$_$3,zero,T,False,0.2,17,4,2.04479978,0.8699869841337203,0.30517575656249996,0.07265624999999998,0.09110410128906246,0.03484375000000001,0.2140716552734375,0.03781249999999997,0.46411130343749996,0.002343749999999978,0.7965865841992187,0.10884765625,0.33247528076171873,0.10650390625000002,0.10469071479591155,0.006302083333333329,0.16259543913207952,0.01775065104166667,0.07283472207574777
4,0y022OlZ3W0$_$3,zero,T,False,0.3,17,6,2.04479978,0.8699869841337203,0.585357641328125,0.17812499999999998,0.19623410617187495,0.05388671874999999,0.38912353515625,0.12423828124999999,0.21786496554687496,0.057812500000000044,0.6104644528515625,0.09404296875,0.3925994873046875,0.03623046874999995,0.1902989958543785,0.02070638020833333,0.19199889355709632,0.006038411458333326,0.10226067026953538
5,0y022OlZ3W0$_$5,zero,T,False,0.1,22,3,2.5268555,-0.8784505158662798,0.2756347968749999,0.07500000000000007,0.09980471874999992,0.026367187499999993,0.175830078125,0.048632812500000074,2.22949221875,0.4296875000000001,2.623165924804687,0.6824748229980468,0.3936737060546869,0.25278732299804674,0.069584512664253,0.008105468750000013,0.15579583013704454,0.04213122049967446,0.068904258012743
5,0y022OlZ3W0$_$5,zero,T,False,0.2,22,5,2.5268555,-0.8784505158662798,0.4401855781249999,0.08203125,0.1434448554687499,0.058789062499999975,0.29674072265625,0.023242187500000025,1.268798859375,0.017187500000000022,2.1951385810546866,0.44762207031250006,0.9263397216796867,0.43043457031250004,0.11743473468170829,0.0038736979166666707,0.3665976764726001,0.07173909505208334,0.1399113010307646
5,0y022OlZ3W0$_$5,zero,T,False,0.3,22,7,2.5268555,-0.8784505158662798,0.6514892890624999,0.12109375,0.19736331249999992,0.07980468749999996,0.4541259765625,0.04128906250000004,0.6105957343749999,0.22109374999999998,1.6210739448242186,0.23344482421875004,1.0104782104492187,0.012351074218750063,0.1797197334167967,0.006881510416666674,0.39989536819729127,0.002058512369791677,0.1471387811001366
6,0y022OlZ3W0$_$8,zero,T,False,0.1,13,2,0.6586914,0.2735026091337204,0.7944335875,0.15078124999999998,0.11340331406250001,0.023779296874999977,0.6810302734375,0.127001953125,0.34472655625000004,0.021484375,0.8575683531249998,0.16416992187499999,0.5128417968749998,0.14268554687499999,1.0339124505421649,0.0211669921875,0.7785755488829076,0.023780924479166663,0.46435897902293477
6,0y022OlZ3W0$_$8,zero,T,False,0.2,13,3,0.6586914,0.2735026091337204,0.8139648375,0.16054687499999998,0.2451171812500001,0.05137695312499997,0.56884765625,0.109169921875,0.26074218125000004,0.005468750000000022,0.7010864195312501,0.12861328125,0.44034423828125,0.12314453124999997,0.8636013657512975,0.018194986979166668,0.6685127052949905,0.020524088541666662,0.3927082866417803
6,0y022OlZ3W0$_$8,zero,T,False,0.3,13,4,0.6586914,0.2735026091337204,0.83398436875,0.169921875,0.4655273375000001,0.09173828124999997,0.36845703124999996,0.07818359375000003,0.16235350937500004,0.002539062500000022,0.4922485289062501,0.09354492187499999,0.32989501953125006,0.09100585937499997,0.5593764726145314,0.013030598958333339,0.5008331954813051,0.015167643229166661,0.27210197757083415
7,101787$_$11,zero,T,False,0.1,32,4,1.19348148,-0.5659505158662798,2.789917026875,0.4750000000000001,0.10360568654296873,0.029570312500000008,2.6863113403320313,0.44542968750000006,1.2081299175,0.13164062500000007,2.4163696635937506,0.513354263305664,1.2082397460937506,0.38171363830566396,2.2508175740728356,0.07423828125000001,1.0123648786983037,0.06361893971761066,0.8502599184346875
7,101787$_$11,zero,T,False,0.2,32,7,1.19348148,-0.5659505158662798,2.809478794453125,0.4726562500000001,1.011982761738281,0.16951660156250004,1.797496032714844,0.3031396484375001,1.0227051128125,0.041015625,2.1055160869335943,0.40231201171875003,1.0828109741210943,0.36129638671875003,1.506093355232868,0.050523274739583346,0.9072701043094444,0.060216064453125,0.6310256996837552
7,101787$_$11,zero,T,False,0.3,32,10,1.19348148,-0.5659505158662798,2.7159424175,0.4401367187500001,0.9419601787304686,0.14925048828125004,1.7739822387695314,0.29088623046875006,0.980346714375,0.11250000000000004,2.2222961772656253,0.3875869750976563,1.2419494628906254,0.2750869750976563,1.4863915210297276,0.048481038411458344,1.040609714598094,0.045847829182942716,0.6553325258055556
8,101787$_$13,zero,V,False,0.1,19,2,0.03100586000000005,0.12281901538372034,0.21374511781250005,0.14560546875,0.11070556703125005,0.08480957031250001,0.10303955078125,0.06079589843749998,1.18334961,0.78779296875,1.211700440078125,0.7959570312500001,0.028350830078125,0.008164062500000013,3.323121102273814,0.01013264973958333,0.9143405710260553,0.0013606770833333355,1.0622387500306965
8,101787$_$13,zero,V,False,0.2,19,4,0.03100586000000005,0.12281901538372034,0.39953613343750005,0.27587890625,0.22785034242187505,0.17453125,0.171685791015625,0.10134765625,1.036621094375,0.7127929687500001,1.128143311171875,0.75169921875,0.091522216796875,0.03890624999999992,5.537026032807731,0.016891276041666667,2.9516763966707638,0.006484374999999987,2.1280195201300405
8,101787$_$13,zero,V,False,0.3,19,6,0.03100586000000005,0.12281901538372034,0.615234375625,0.41591796875,0.4384033209375001,0.3205859375,0.17683105468749993,0.09533203125,0.8375244146875,0.6034179687500001,0.9691360479882813,0.663125,0.1316116333007813,0.059707031249999876,5.702965559476182,0.015888671875,4.244597269790655,0.009951171874999979,2.4933506682542093
9,101787$_$1,zero,T,False,0.1,16,2,0.043945339999999944,-0.3020833283662797,0.29443362124999994,0.024218750000000067,0.04548342593749995,0.047607421874999986,0.2489501953125,-0.02338867187499992,0.7666015899999999,0.1083984375,0.8572738922460938,0.07028320312499999,0.0906723022460939,-0.038115234375000015,5.664867547843582,-0.0038981119791666533,2.063250369566476,-0.0063525390625000025,1.9294668165920978
9,101787$_$1,zero,T,False,0.2,16,4,0.043945339999999944,-0.3020833283662797,0.29345705874999994,0.0439453125,0.21218264468749998,0.06693359375,0.08127441406249997,-0.022988281250000006,0.6098633087499999,0.12753906250000002,0.6209472931250001,0.12482421875000001,0.011083984375000133,-0.002714843750000015,1.8494012029784521,-0.003831380208333334,0.25221632506825703,-0.0004524739583333358,0.5243334184700107
9,101787$_$1,zero,T,False,0.3,16,5,0.043945339999999944,-0.3020833283662797,0.46044924624999994,0.03769531250000002,0.31112063296874987,0.07756835937499998,0.14932861328125008,-0.03987304687499996,0.33398440249999994,0.18339843749999996,0.5108520755312501,0.16529296875000002,0.17686767303125017,-0.018105468749999937,3.3979761063435605,-0.006645507812499993,4.024628058474276,-0.0030175781249999895,1.8532352697200842
10,101787$_$5,zero,T,False,0.1,17,2,3.9619140999999996,-1.5378255158662797,2.5244140999999996,1.01328125,0.23334964687499954,0.07988281250000004,2.291064453125,0.9333984374999998,1.4023437874999996,0.0234375,4.182968177148437,1.2055279541015624,2.7806243896484375,1.1820904541015624,0.5782719708266844,0.15556640624999998,0.701838459296727,0.19701507568359375,0.4081729780142513
10,101787$_$5,zero,T,False,0.2,17,4,3.9619140999999996,-1.5378255158662797,4.7663574593749996,1.92734375,0.24633792812499955,0.05250000000000005,4.52001953125,1.87484375,0.7871094124999996,0.0859375,3.68507083828125,1.06736328125,2.8979614257812503,0.98142578125,1.1408673374272964,0.3124739583333333,0.7314547012330603,0.16357096354166667,0.5870917401338391
10,101787$_$5,zero,T,False,0.3,17,6,3.9619140999999996,-1.5378255158662797,4.5657959359374996,1.7875,0.5064453499999996,0.10054687500000004,4.0593505859375,1.686953125,0.5234375374999996,0.09218750000000009,3.243096961328125,0.95625,2.7196594238281255,0.8640625,1.0245930272300636,0.2811588541666667,0.686450707595457,0.14401041666666667,0.5340532514147135
11,101787$_$7,zero,T,False,0.1,8,1,2.965332,1.3801432341337203,0.5893554375000001,0.2437499999999999,0.27480465625000006,0.09886718749999993,0.31455078125,0.14488281249999999,1.4122314140625,0.4671875,2.391708175880433,0.8813720703125,0.9794767618179328,0.4141845703125,0.10607603977361059,0.024147135416666663,0.3303091969158043,0.06903076171875,0.1323907834562079
11,101787$_$7,zero,T,False,0.2,8,2,2.965332,1.3801432341337203,1.163330046875,0.5070312499999999,0.3866943046875001,0.13214843749999988,0.7766357421875,0.37488281250000005,0.9401855156250001,0.2945312499999999,2.1087552950210577,0.7823046874999999,1.1685697793960577,0.4877734375,0.26190506839788313,0.06248046875000001,0.3940770832132707,0.08129557291666667,0.19993954831945512
11,101787$_$7,zero,T,False,0.3,8,3,2.965332,1.3801432341337203,2.5555419609375,1.03515625,0.7405151054687501,0.26960937499999993,1.81502685546875,0.7655468750000001,0.4916991875000001,0.14531249999999996,1.460527007324219,0.5390014648437498,0.9688278198242188,0.3936889648437498,0.6120819670063193,0.12759114583333334,0.3267180515052504,0.0656148274739583,0.28300149795471535
12,101787$_$9,zero,T,False,0.1,19,2,0.1464843,-0.28235676586627967,0.1884764875,0.07187500000000002,-0.077294996875,0.02900390625000001,0.265771484375,0.04287109375000001,0.8095703875,0.2781982421875,0.7574827944213866,0.172039794921875,-0.05208759307861344,-0.10615844726562501,1.814321876495457,0.007145182291666669,-0.3555823900324021,-0.017693074544270836,0.3620478985526126
12,101787$_$9,zero,T,False,0.2,19,4,0.1464843,-0.28235676586627967,0.33349601875,0.14882812499999998,-0.20478523124999998,0.04457031250000002,0.53828125,0.10425781249999996,1.076416090625,0.28663330078125,0.8452423845703123,0.10923583984375003,-0.23117370605468768,-0.17739746093749997,3.674643462518082,0.017376302083333326,-1.5781358679313737,-0.029566243489583328,0.5210794132951146
12,101787$_$9,zero,T,False,0.3,19,6,0.1464843,-0.28235676586627967,-0.02685554374999999,0.08984375,-0.2097657,0.059326171875,0.18291015625,0.030517578125,1.210357741015625,0.155859375,0.9519821916992186,0.11360595703124998,-0.2583755493164064,-0.04225341796875001,1.248658781802679,0.005086263020833333,-1.7638326119850003,-0.007042236328125002,-0.12928245087240323
13,102408$_$2,zero,T,False,0.1,7,1,0.90454105,0.011454269289970337,-0.15820309062500004,0.03951416015625,-0.2431945457031251,0.028589477539062498,0.08499145507812506,0.0109246826171875,0.46069339374999996,0.21947021484375,0.426922641796875,0.21289794921875002,-0.033770751953124956,-0.00657226562499999,0.09396075625022082,0.0018207804361979167,-0.03733464016750239,-0.001095377604166665,0.014337879728687422
13,102408$_$2,zero,T,False,0.2,7,2,0.90454105,0.011454269289970337,-0.32360836406250004,0.04884033203125,-0.3558713569213868,0.04788909912109376,0.032262992858886785,0.0009512329101562453,0.15161136249999996,0.13831787109375,0.16706543999999995,0.10952270507812503,0.015454077499999996,-0.028795166015624957,0.03566776454327003,0.00015853881835937422,0.01708497410374675,-0.004799194335937493,0.012028020782359665
13,102408$_$2,zero,T,False,0.3,7,3,0.90454105,0.011454269289970337,-0.628936733203125,0.05220947265625,-0.4586089744140624,0.054011840820312504,-0.17032775878906264,-0.0018023681640625053,0.26171871562500004,0.026354980468750004,0.4177337302734376,0.053226318359375004,0.15601501464843753,0.026871337890625,-0.1883027536299309,-0.00030039469401041755,0.1724795598484753,0.004478556315104167,-0.002911258040090464
14,102408$_$5,zero,A,False,0.1,29,3,2.0126953199999997,1.1254557341337204,0.16235352312499973,0.05703125000000009,0.12276612078124974,0.03703125,0.039587402343749994,0.020000000000000087,1.3413086012499997,0.45703125,1.3850158766406246,0.48296875000000006,0.04370727539062491,0.025937500000000058,0.019668840227098937,0.003333333333333348,0.02171578243389689,0.004322916666666676,0.012260218165248964
14,102408$_$5,zero,A,False,0.2,29,6,2.0126953199999997,1.1254557341337204,0.33984375749999973,0.11250000000000004,0.26475830828124974,0.07999999999999999,0.07508544921874999,0.03250000000000006,1.1386718824999997,0.365625,1.2275329664843746,0.41378906249999997,0.08886108398437487,0.04816406249999999,0.037305900782265054,0.005416666666666676,0.04415026902040287,0.008027343749999999,0.02372504505483365
14,102408$_$5,zero,A,False,0.3,29,9,2.0126953199999997,1.1254557341337204,0.5808105543749997,0.18125000000000002,0.41377564226562474,0.12703124999999998,0.167034912109375,0.05421875000000004,0.8632507399218747,0.27109375,1.065951545585937,0.347578125,0.20270080566406223,0.076484375,0.08299061833102322,0.009036458333333339,0.10071107282794765,0.012747395833333333,0.05137138633140939
15,102408$_$9,zero,T,False,0.1,29,3,1.62145992,-0.25013020336627967,0.7990722246874999,0.1240234375,0.14084468562499994,0.04474609374999999,0.6582275390625,0.07927734375,3.39440913875,0.8556640625,4.125878865312501,0.9271484375000002,0.731469726562501,0.07148437500000016,0.40594721151990515,0.013212890625000001,0.4511177035105484,0.011914062500000025,0.22054796703886342
15,102408$_$9,zero,T,False,0.2,29,6,1.62145992,-0.25013020336627967,0.6550292559374999,0.0517578125,0.4030623980273436,0.0660107421875,0.2519668579101563,-0.014252929687499999,2.90710445125,0.7212890625,3.327954060625,0.7471484375,0.42084960937500027,0.025859375000000018,0.1553949619150589,-0.0023754882812499997,0.25954964697823263,0.004309895833333337,0.10421975411134372
15,102408$_$9,zero,T,False,0.3,29,9,1.62145992,-0.25013020336627967,1.662475545,0.212548828125,0.9136703081835936,0.12369689941406252,0.7488052368164063,0.08885192871093749,1.73913570125,0.39189453125,2.5430099077929684,0.5380810546875,0.8038742065429685,0.1461865234375,0.4618089943335831,0.014808654785156248,0.49577155799904726,0.024364420572916667,0.24918840692267583
16,102858$_$20,zero,T,False,0.1,24,3,2.9931641,-1.3065755158662797,0.97802738125,0.4125,0.3887695687499999,0.11906249999999993,0.5892578125000001,0.2934375,3.8203125375,1.3641845703125002,4.392095984765625,1.6004315185546876,0.5717834472656249,0.2362469482421874,0.19686779473006685,0.048906250000000005,0.19102970539968706,0.0393744913736979,0.11904456037586296
16,102858$_$20,zero,T,False,0.2,24,5,2.9931641,-1.3065755158662797,1.27294925625,0.534375,0.6594238656249999,0.21437499999999998,0.6135253906250001,0.32000000000000006,3.2657471078125,1.126171875,4.047073401757812,1.4725866699218748,0.7813262939453121,0.34641479492187477,0.20497545913020304,0.053333333333333344,0.26103681816459506,0.057735799153645795,0.1442703524454443
16,102858$_$20,zero,T,False,0.3,24,8,2.9931641,-1.3065755158662797,2.0103760140625,0.741796875,1.3938249963012699,0.46605468750000006,0.6165510177612301,0.27574218749999996,2.5084228890625,0.8250000000000001,3.390092124291992,1.2293896484375002,0.8816692352294919,0.40438964843750014,0.20598630451799338,0.045957031249999995,0.2945608430452072,0.06739827473958336,0.15347561338819599
17,102858$_$21,zero,T,False,0.1,27,3,2.9946289299999997,-1.3425130158662797,1.2353515862499997,0.428125,0.38728945246093716,0.10833984374999991,0.8480621337890626,0.31978515625000004,3.4881592034374997,1.15732421875,3.9101715325390627,1.3477972412109376,0.42201232910156294,0.19047302246093767,0.28319430233874093,0.053297526041666675,0.14092303188246133,0.03174550374348961,0.12729009100158964
17,102858$_$21,zero,T,False,0.2,27,6,2.9946289299999997,-1.3425130158662797,2.2416992424999997,0.76328125,0.8097000359570309,0.2322265624999999,1.4319992065429688,0.5310546875000002,2.6630859612499997,0.788671875,3.609307885078125,1.1892340087890625,0.9462219238281251,0.40056213378906247,0.47818903838410803,0.08850911458333337,0.31597290681861484,0.0667603556315104,0.23735785385439168
17,102858$_$21,zero,T,False,0.3,27,9,2.9946289299999997,-1.3425130158662797,2.8369140862499997,0.919140625,1.12332766046875,0.28668945312499994,1.7135864257812496,0.6324511718750001,1.9820556878124997,0.5265624999999999,3.4019027947460936,1.092548828125,1.4198471069335938,0.565986328125,0.5722197619861663,0.10540852864583335,0.4741310746645726,0.09433105468750001,0.3115226049960181
18,102858$_$1,zero,T,False,0.1,22,3,1.27563473,0.09420573413372034,0.6701659799999999,0.1564453125,-0.19826625571777345,0.053475227355957035,0.8684322357177734,0.10297008514404296,0.44287105812499994,0.022900390625000003,1.121386683125,0.228603515625,0.678515625,0.205703125,0.6807838752821493,0.017161680857340492,0.5319039041027802,0.03428385416666666,0.31603332860223415
18,102858$_$1,zero,T,False,0.2,22,5,1.27563473,0.09420573413372034,0.6135253549999999,0.147265625,0.05330806984374994,0.04709381103515625,0.56021728515625,0.10017181396484376,0.32348629249999994,0.0072265625000000056,0.85987545265625,0.16725097656250001,0.53638916015625,0.1600244140625,0.43916713210616176,0.01669530232747396,0.42048772039040494,0.026670735677083335,0.225755222625281
18,102858$_$1,zero,T,False,0.3,22,7,1.27563473,0.09420573413372034,0.7199706674999999,0.16171875000000002,0.162383997578125,0.061475830078125,0.557586669921875,0.10024291992187502,0.13208004249999994,0.0002929687499999972,0.630792200703125,0.1308935546875,0.4987121582031251,0.1306005859375,0.4371049327082388,0.016707153320312505,0.3909518575519401,0.02176676432291667,0.21663267697585203
19,102858$_$0,zero,A,False,0.1,3,1,0.43408199999999997,0.37057292163372035,0.31982418749999997,0.09355468749999996,0.239501921875,0.07461914062499996,0.08032226562499997,0.018935546875,0.38818356249999997,0.1322265625,0.4592773125,0.1523583984375,0.07109375000000001,0.02013183593749998,0.18503895712340723,0.003155924479166667,0.16377916204965415,0.00335530598958333,0.08883233741045285
19,102858$_$0,zero,A,False,0.2,3,1,0.43408199999999997,0.37057292163372035,0.31982418749999997,0.09355468749999996,0.22221676562499998,0.07071289062499997,0.09760742187499999,0.022841796874999987,0.38818356249999997,0.1322265625,0.47617184375,0.1571533203125,0.08798828125000002,0.024926757812500006,0.22485889075361165,0.0038069661458333313,0.2026992101740912,0.004154459635416667,0.10887988167723821
19,102858$_$0,zero,A,False,0.3,3,1,0.43408199999999997,0.37057292163372035,0.31982418749999997,0.09355468749999996,0.25097653124999997,0.07732421874999997,0.06884765625,0.01623046874999999,0.38818356249999997,0.1322265625,0.4491210625,0.149482421875,0.06093750000000003,0.017255859374999988,0.15860482039149196,0.0027050781249999983,0.1403821388997036,0.002875976562499998,0.07614200349467388
20,102858$_$4,zero,T,False,0.1,48,5,0.5747070000000001,0.3975260466337204,0.7216796562500001,0.16425781250000002,0.10545651171875008,0.02875976562500001,0.61622314453125,0.135498046875,0.3237304375000001,0.023242187500000067,0.8416259453125001,0.18221679687500006,0.5178955078125,0.158974609375,1.072236935158811,0.0225830078125,0.9011454648491058,0.026495768229166664,0.5056152940123959
20,102858$_$4,zero,T,False,0.2,48,10,0.5747070000000001,0.3975260466337204,1.053955046875,0.23769531250000003,0.20673825000000007,0.048515625,0.847216796875,0.18917968750000003,0.09765621875000008,0.0654296875,0.7695922539062501,0.1448388671875,0.67193603515625,0.0794091796875,1.4741691378491335,0.03152994791666667,1.1691781481313117,0.01323486328125,0.6720280242945904
20,102858$_$4,zero,T,False,0.3,48,15,0.5747070000000001,0.3975260466337204,1.299072234375,0.27167968750000004,0.38886715625000007,0.07307617187500001,0.910205078125,0.19860351562500003,0.11132815624999992,0.13105468749999993,0.6059814140625001,0.09672363281250002,0.49465325781250014,-0.03433105468749992,1.5837696327961326,0.0331005859375,0.8607036230790246,-0.005721842447916653,0.6179629998411852
21,102858$_$6,zero,V,False,0.1,26,3,0.84240722,-0.21380207836627968,0.16662597,0.08183593750000001,0.13735350906250005,0.07137207031250001,0.029272460937499967,0.010463867187500003,1.0249938899218751,0.5035156250000001,1.0435394221484373,0.5064648437500001,0.01854553222656219,0.0029492187499999822,0.03474854618287078,0.0017439778645833338,0.02201489941131176,0.0004915364583333304,0.014749739979274801
21,102858$_$6,zero,V,False,0.2,26,6,0.84240722,-0.21380207836627968,0.3056640559375,0.15273437500000003,0.27119139968750006,0.14131347656249998,0.034472656249999956,0.011420898437500049,0.9008788996875,0.4462890625,0.9284515315234373,0.4525878906250001,0.027572631835937278,0.0062988281250001,0.040921557306266496,0.0019034830729166747,0.032730725058615025,0.0010498046875000167,0.019151392531324554
21,102858$_$6,zero,V,False,0.3,26,8,0.84240722,-0.21380207836627968,0.390594475859375,0.19416503906250002,0.36353759109375006,0.1886053466796875,0.027056884765624956,0.005559692382812509,0.8171386653125,0.41035156250000004,0.84556884109375,0.413232421875,0.028430175781249956,0.0028808593749999334,0.03211849566902962,0.0009266153971354182,0.033748692268517934,0.0004801432291666556,0.01681848664096241
22,102858$_$10,zero,T,False,0.1,10,1,3.3540039,1.4574869841337204,0.5615234312499999,0.24140625000000004,0.17224120468749993,0.06160156250000002,0.3892822265625,0.17980468750000003,1.45507811875,0.53046875,2.8321105894531255,0.9620996093750002,1.3770324707031256,0.4316308593750001,0.11606489500432751,0.02996744791666667,0.4105636430951921,0.07193847656250002,0.1571336156446716
22,102858$_$10,zero,T,False,0.2,10,2,3.3540039,1.4574869841337204,0.9195556578124999,0.3500000000000001,0.494744866796875,0.17810546874999997,0.4248107910156249,0.17189453125000012,0.9101562437499999,0.3296874999999999,2.3798599180664066,0.808876953125,1.4697036743164067,0.47918945312500005,0.1266577729256224,0.028649088541666687,0.43819365747390726,0.07986490885416668,0.16834135694884075
22,102858$_$10,zero,T,False,0.3,10,3,3.3540039,1.4574869841337204,3.434082025,1.1748046875,0.713482659765625,0.25519531250000005,2.720599365234375,0.919609375,0.4584960874999999,0.15937500000000004,1.9537185606445315,0.6804882812499999,1.4952224731445316,0.5211132812499999,0.8111494903404509,0.15326822916666666,0.4458021135104876,0.08685221354166665,0.374268011639818
23,102858$_$17,zero,T,False,0.1,9,1,1.58959957,-0.5807942658662797,0.9333495700000001,0.234375,0.3593581759570313,0.10562500000000001,0.5739913940429688,0.12874999999999998,1.5499267184375,0.37617187500000004,2.2965941989062495,0.594171142578125,0.7466674804687494,0.21799926757812493,0.36109158795971547,0.02145833333333333,0.46972018918485253,0.036333211263020825,0.22215083043523054
23,102858$_$17,zero,T,False,0.2,9,2,1.58959957,-0.5807942658662797,1.2839355075,0.32304687500000007,0.5972823702929689,0.13748779296875,0.6866531372070311,0.18555908203125007,1.2147216403125,0.18359375,2.0251464449999994,0.53447265625,0.8104248046874993,0.35087890624999996,0.4319658347927185,0.030926513671875013,0.5098292111756725,0.058479817708333326,0.2578003443371498
23,102858$_$17,zero,T,False,0.3,9,3,1.58959957,-0.5807942658662797,2.4656982028125,0.6157470703125001,0.5414077365039065,0.22992187500000005,1.9242904663085934,0.38582519531250004,0.2645263278125001,0.2445312500000001,2.1929351412890616,0.45156387329101555,1.9284088134765616,0.20703262329101546,1.210549683124858,0.06430419921875001,1.2131404894227997,0.03450543721516924,0.6306249522453942
24,102858$_$19,zero,V,False,0.1,12,2,1.44067382,0.11285807788372035,0.0861816325,0.03740234374999998,0.059997550468749994,0.029072265625,0.02618408203125,0.008330078124999984,0.407470695,0.15517578125,0.4641357340625,0.16682617187499998,0.05666503906250003,0.011650390624999979,0.01817487309957288,0.001388346354166664,0.03933228947702441,0.0019417317708333298,0.01520931017539932
24,102858$_$19,zero,V,False,0.2,12,3,1.44067382,0.11285807788372035,0.139160148125,0.05986328125000001,0.09780272625,0.043056640624999996,0.041357421874999994,0.016806640625000015,0.3322753825,0.13173828125,0.41245116374999996,0.151435546875,0.08017578124999997,0.019697265624999988,0.028706979049581777,0.002801106770833336,0.055651546162235256,0.0032828776041666646,0.022610627396704257
24,102858$_$19,zero,V,False,0.3,12,4,1.44067382,0.11285807788372035,0.19213866375,0.07685546874999999,0.14910887859374994,0.0614501953125,0.043029785156250056,0.015405273437499992,0.27905272625,0.11552734375000001,0.34409178874999996,0.131787109375,0.06503906249999997,0.016259765624999978,0.02986779845034708,0.002567545572916665,0.045144859615162826,0.0027099609374999964,0.020072541143981642
25,112433$_$10,zero,T,False,0.1,1,1,1.8585167305999999,-0.005769851803779664,0.7789268868499999,0.0852783203125,0.7789268868499999,0.08527832031250002,0.0,-1.3877787807814457e-17,0.0002441031402344862,0.0001953124999999993,0.0002441031402344862,0.0001953124999999993,0.0,0.0,0.0,-2.3129646346357427e-18,0.0,0.0,-5.782411586589357e-19
25,112433$_$10,zero,T,False,0.2,1,1,1.8585167305999999,-0.005769851803779664,0.7789268868499999,0.0852783203125,0.7789268868499999,0.08527832031250002,0.0,-1.3877787807814457e-17,0.0002441031402344862,0.0001953124999999993,0.0002441031402344862,0.0001953124999999993,0.0,0.0,0.0,-2.3129646346357427e-18,0.0,0.0,-5.782411586589357e-19
25,112433$_$10,zero,T,False,0.3,1,1,1.8585167305999999,-0.005769851803779664,0.7789268868499999,0.0852783203125,0.7789268868499999,0.08527832031250002,0.0,-1.3877787807814457e-17,0.0002441031402344862,0.0001953124999999993,0.0002441031402344862,0.0001953124999999993,0.0,0.0,0.0,-2.3129646346357427e-18,0.0,0.0,-5.782411586589357e-19
26,112433$_$3,zero,T,False,0.1,32,4,1.13085936,-0.17522785961627968,0.7905273287500001,0.0011718750000000167,0.27907560755859395,0.06326156616210939,0.5114517211914061,-0.06208969116210937,2.5048827975,0.5733398437500001,2.4660278170312506,0.3923120117187501,-0.03885498046874947,-0.18102783203125006,0.4522677947535504,-0.010348281860351562,-0.03435877836300626,-0.030171305338541676,0.09434735729791272
26,112433$_$3,zero,T,False,0.2,32,7,1.13085936,-0.17522785961627968,1.395751938125,0.10126953125000002,0.5542449801171877,0.0864691162109375,0.8415069580078124,0.014800415039062514,1.8759765475,0.33808593750000004,2.3052856295312507,0.33296188354492184,0.4293090820312506,-0.0051240539550782005,0.7441298570301044,0.0024667358398437526,0.3796304983501682,-0.0008540089925130334,0.28134327055690084
26,112433$_$3,zero,T,False,0.3,32,10,1.13085936,-0.17522785961627968,1.644287094375,0.1633544921875,0.8070482104028323,0.10450225830078126,0.8372388839721678,0.058852233886718744,1.403350815078125,0.16575927734375,2.144902023574219,0.3050634765625001,0.741551208496094,0.1393041992187501,0.7403556739509092,0.009808705647786457,0.6557407392864084,0.02321736653645835,0.3572806213553906
27,112433$_$7,zero,T,False,0.1,9,1,2.15136716,-0.5757161408662798,1.31787106625,0.5178710937500001,0.18779294124999996,0.0695068359375,1.130078125,0.44836425781250006,2.2005614959375,0.3421875000000001,3.359234591640625,0.925986328125,1.1586730957031253,0.583798828125,0.5252834665917897,0.07472737630208334,0.5385749948549602,0.09729980468749999,0.30897141060908334
27,112433$_$7,zero,T,False,0.2,9,2,2.15136716,-0.5757161408662798,1.857452365078125,0.5841003417968751,0.5317199432031249,0.11988159179687505,1.3257324218750002,0.46421875,2.038818331875,0.3226562500000001,3.063482638515625,0.7992285156250002,1.024664306640625,0.4765722656250001,0.6162275925265158,0.07736979166666667,0.4762849640019888,0.07942871093750002,0.3123277647831678
27,112433$_$7,zero,T,False,0.3,9,3,2.15136716,-0.5757161408662798,2.9769286834375,0.8541015625000001,1.3414848052636716,0.3224578094482422,1.6354438781738283,0.5316437530517579,1.31988522640625,0.01601562500000009,2.3359018050805664,0.5196130371093751,1.0160165786743165,0.503597412109375,0.7601878230706121,0.08860729217529299,0.4722653228605542,0.08393290201822917,0.3512483350311721
28,112433$_$6,zero,T,False,0.1,24,3,3.9121094000000003,-1.8347005158662797,3.0584717046875003,1.2640625,0.3684570562500003,0.10835937499999992,2.6900146484375,1.155703125,3.3624267828125003,1.0796875,4.740903688635255,1.865382537841797,1.3784769058227546,0.7856950378417971,0.687612151343556,0.1926171875,0.35236145325110313,0.13094917297363284,0.34088499126707306
28,112433$_$6,zero,T,False,0.2,24,5,3.9121094000000003,-1.8347005158662797,3.4045410406250003,1.3703125,0.6344238531250003,0.1855859374999999,2.7701171875,1.1847265625,2.7683105718750003,0.7945312499999999,4.457308984960939,1.7101286315917972,1.6889984130859386,0.9155973815917973,0.7080876826737813,0.19745442708333336,0.4317358766475349,0.1525995635986329,0.3724693875008206
28,112433$_$6,zero,T,False,0.3,24,8,3.9121094000000003,-1.8347005158662797,3.9098816167968753,1.67587890625,1.397137476171875,0.45804687499999996,2.512744140625,1.21783203125,1.9843750250000003,0.5093749999999999,3.5342924368041997,1.30086181640625,1.5499174118041994,0.7914868164062501,0.642298883136069,0.20297200520833333,0.3961844767479464,0.13191446940104168,0.3433424586233476
29,117tQqLjza4$_$6,zero,T,False,0.1,15,2,0.8408203,0.4231119841337203,0.10839842499999996,0.017578125,-0.029760754687500036,0.024199218750000008,0.1381591796875,-0.006621093750000008,0.37084962187500004,0.17421874999999998,0.16591797500000002,0.11066406250000005,-0.204931646875,-0.06355468749999993,0.16431455731140493,-0.0011035156250000014,-0.2437279441838593,-0.010592447916666655,-0.022777337603530252
29,117tQqLjza4$_$6,zero,T,False,0.2,15,3,0.8408203,0.4231119841337203,0.13818358124999996,0.02207031249999991,-0.05026856718750006,0.027207031250000034,0.18845214843750002,-0.005136718750000123,0.37402345000000004,0.16093750000000007,0.13588867937500002,0.09101562500000004,-0.23813477062500002,-0.06992187500000002,0.22412865663310388,-0.0008561197916666872,-0.2832168626377567,-0.011653645833333337,-0.01789949290741321
29,117tQqLjza4$_$6,zero,T,False,0.3,15,5,0.8408203,0.4231119841337203,0.21289061249999996,0.04296875,-0.024121106250000034,0.029384765625000024,0.23701171875,0.013583984374999976,0.35351563750000004,0.1484375,0.15520020156250003,0.07537109375000002,-0.1983154359375,-0.07306640624999998,0.28188120204614225,0.0022639973958333295,-0.235859196166296,-0.012177734374999997,0.009027067225169896
30,11j7EfglCAs$_$2,zero,T,False,0.1,24,3,0.09570310000000015,0.19869792163372035,0.16601560000000015,0.033789062499999994,0.022802709375000153,0.010791015624999994,0.143212890625,0.022998046875,0.20458986874999985,0.0035156249999999944,0.13762205031250013,0.066015625,-0.06696781843749972,0.0625,1.496413326336069,0.0038330078125000003,-0.6997382394014426,0.010416666666666666,0.20273119035344825
30,11j7EfglCAs$_$2,zero,T,False,0.2,24,5,0.09570310000000015,0.19869792163372035,0.11816403750000015,0.032617187500000006,0.016210912500000153,0.018549804687499998,0.101953125,0.014067382812500008,0.16455080624999985,0.013867187499999989,0.09365233125000008,0.06576171874999999,-0.07089847499999977,0.05189453125,1.065295269481661,0.0023445638020833347,-0.74080917118493,0.008649088541666667,0.0838699376601203
30,11j7EfglCAs$_$2,zero,T,False,0.3,24,8,0.09570310000000015,0.19869792163372035,0.28027341250000015,0.0693359375,0.03466794375000015,0.03160156249999999,0.24560546875,0.03773437500000001,0.34375002499999985,0.0017578124999999833,0.10522461687499995,0.04956054687499999,-0.2385254081249999,0.04780273437500001,2.5663003857723923,0.006289062500000001,-2.4923217304692225,0.007967122395833335,0.022058710049750803
31,121128$_$10,zero,T,False,0.1,15,2,1.96582035,1.1090494841337204,0.47509769375,0.15546875000000004,0.014251746484374994,0.05132812500000002,0.460845947265625,0.10414062500000001,1.258056678125,0.5531250000000001,2.109698523828125,0.7925048828125001,0.8516418457031252,0.2393798828125,0.23442921060228847,0.017356770833333337,0.43322443603693955,0.039896647135416664,0.18122676615199448
31,121128$_$10,zero,T,False,0.2,15,3,1.96582035,1.1090494841337204,1.0311279671875,0.3828125,-0.134832726171875,0.07929687500000004,1.165960693359375,0.30351562499999996,0.65380863125,0.34882812500000004,1.3412781136718752,0.5912451171875001,0.6874694824218752,0.2424169921875,0.5931163039608737,0.05058593749999999,0.34971106729605683,0.04040283203125,0.25845403519704513
31,121128$_$10,zero,T,False,0.3,15,5,1.96582035,1.1090494841337204,1.336395301171875,0.57578125,-0.069091759375,0.13132812500000007,1.405487060546875,0.44445312499999995,0.105712928125,0.19062500000000004,0.7720962899414061,0.40279296875000004,0.6663833618164061,0.21216796875,0.7149617438771204,0.07407552083333332,0.33898470062724984,0.035361328125,0.2908458233656759
32,121128$_$1,zero,T,False,0.1,29,3,1.598785363,0.09591471850872034,0.06896968917187496,0.012011718749999997,-0.0681930915898438,0.010124511718750003,0.13716278076171876,0.001887207031249994,0.957916222375,0.199462890625,1.0444823844843751,0.22054687499999998,0.08656616210937518,0.021083984374999976,0.08579181305020848,0.00031453450520833236,0.05414492149341355,0.0035139973958333293,0.035941316611165924
32,121128$_$1,zero,T,False,0.2,29,6,1.598785363,0.09591471850872034,0.09643550948437496,0.010595703125000008,-0.09035173817340092,0.015200195312500003,0.18678724765777588,-0.004604492187499995,0.65786739425,0.138916015625,0.8181579215937498,0.16956054687500002,0.16029052734374982,0.030644531250000023,0.11683064853473228,-0.0007674153645833324,0.10025762731862245,0.005107421875000004,0.05535707059094286
32,121128$_$1,zero,T,False,0.3,29,9,1.598785363,0.09591471850872034,0.06240840987499996,0.031005859375000014,-0.05727218552294926,0.019724121093749998,0.11968059539794922,0.011281738281250016,0.41238399581249996,0.08627929687500001,0.5688048942499998,0.1251806640625,0.15642089843749984,0.038901367187499994,0.07485715300534448,0.0018802897135416694,0.09783727335776622,0.006483561197916665,0.045264569318642256
33,121128$_$0,zero,T,False,0.1,11,2,1.55407719,0.02300212085247034,0.2166748462500001,0.005859375,0.07883915289062511,0.0182733154296875,0.137835693359375,-0.0124139404296875,0.7989502368750001,0.08057861328125002,1.0170776782812503,0.14205322265624998,0.21812744140625018,0.06147460937499996,0.08869289476314896,-0.0020689900716145833,0.14035808674867908,0.01024576822916666,0.059306939917345036
33,121128$_$0,zero,T,False,0.2,11,3,1.55407719,0.02300212085247034,0.3399658618750001,0.029553222656250003,0.1590393482031251,0.02484512329101562,0.180926513671875,0.004708099365234381,0.5869141040625001,0.031970214843750004,0.7959228931250003,0.09374023437500001,0.2090087890625002,0.061770019531250005,0.11642047024151018,0.0007846832275390635,0.13449052332592107,0.010295003255208334,0.06549767001254465
33,121128$_$0,zero,T,False,0.3,11,4,1.55407719,0.02300212085247034,0.4036865650000001,0.038195800781250004,0.3297302661718751,0.035811691284179686,0.07395629882812499,0.0023841094970703178,0.4511719165625001,0.013537597656250004,0.5408020435156253,0.04932754516601563,0.08963012695312522,0.03578994750976563,0.04758853145485877,0.000397351582845053,0.05767414247871609,0.005964991251627604,0.027906254192011884
34,121128$_$5,zero,T,False,0.1,7,1,2.9350585999999996,1.2762369841337204,1.5605468812499996,0.5769531250000001,0.32840576796874965,0.12826171875000006,1.23214111328125,0.44869140625000004,0.7098388734374996,0.2773437500000001,2.3014465394531243,0.7590917968750002,1.5916076660156246,0.48174804687500006,0.4198010538802177,0.07478190104166667,0.5422743940244432,0.08029134114583335,0.2792871725230402
34,121128$_$5,zero,T,False,0.2,7,2,2.9350585999999996,1.2762369841337204,1.6333007874999996,0.602734375,0.7013488832031246,0.2708203125000001,0.931951904296875,0.33191406249999994,0.6650390687499996,0.2601562500000001,1.7577713075195305,0.6070312500000001,1.0927322387695309,0.34687500000000004,0.31752401358285026,0.055319010416666654,0.3723032536611968,0.05781250000000001,0.20073969441517844
34,121128$_$5,zero,T,False,0.3,7,3,2.9350585999999996,1.2762369841337204,1.9165039124999996,0.6421875000000001,0.6011108460937497,0.23412109375000006,1.31539306640625,0.40806640625000007,0.38940430312499963,0.16953125000000013,1.7504089417968742,0.6375683593750001,1.3610046386718746,0.468037109375,0.4481657089369668,0.06801106770833334,0.4637059631333806,0.07800618489583333,0.2644722311686285
35,125344$_$0,zero,T,False,0.1,48,5,2.7099609,-0.5866536408662797,1.462158165625,0.522119140625,0.2963866812500001,0.104775390625,1.165771484375,0.41734374999999996,3.78466793125,1.0378906250000002,4.8331786734375,1.3628710937500002,1.0485107421874997,0.32498046875,0.430180027392636,0.06955729166666666,0.38690977249071273,0.05416341145833333,0.23520262575208717
35,125344$_$0,zero,T,False,0.2,48,10,2.7099609,-0.5866536408662797,2.340179405859375,0.8419921875,0.8581054312499999,0.26522216796875003,1.4820739746093752,0.57677001953125,2.815185509375,0.648193359375,4.23934322421875,1.1879492187500003,1.42415771484375,0.5397558593750003,0.5468984544060841,0.09612833658854165,0.5255268403750436,0.08995930989583338,0.3146282353163757
35,125344$_$0,zero,T,False,0.3,48,15,2.7099609,-0.5866536408662797,3.548095665625,1.11875,1.2286437613281247,0.350211181640625,2.3194519042968755,0.7685388183593749,1.7789306265625,0.3037109375,3.948988304785156,1.121357421875,2.170057678222656,0.817646484375,0.8558983446582313,0.1280898030598958,0.8007705489227196,0.1362744140625,0.48025827767583673
36,125676$_$0,zero,T,False,0.1,13,2,0.48046874000000006,0.14772135913372034,1.20166014625,0.312109375,-0.02561036156249994,0.06329345703124999,1.2272705078125,0.24881591796875002,0.06713868187499994,0.24375000000000002,0.7381835837499999,0.12610443115234377,0.671044901875,-0.11764556884765626,2.554313842558534,0.04146931966145834,1.3966434220706594,-0.01960759480794271,0.9932047473706773
36,125676$_$0,zero,T,False,0.2,13,3,0.48046874000000006,0.14772135913372034,1.4130859275,0.378515625,0.26458739234375006,0.11039276123046875,1.14849853515625,0.26812286376953126,0.41998292015624994,0.319921875,0.47894896760937494,0.12519653320312502,0.058966047453125,-0.194725341796875,2.3903660096393375,0.044687143961588544,0.12272582962898974,-0.0324542236328125,0.6313311898992758
36,125676$_$0,zero,T,False,0.3,13,4,0.48046874000000006,0.14772135913372034,1.2939453025,0.3324218750000001,0.42989500953125004,0.13350799560546875,0.86405029296875,0.19891387939453134,0.32556153343749994,0.2904296875,0.5204498261015624,0.15155715942382814,0.1948882926640625,-0.13887252807617184,1.798344871768095,0.03315231323242189,0.4056203261917441,-0.02314542134602864,0.5534930224615581
37,125676$_$4,zero,T,False,0.1,27,3,2.57653809,1.1184244841337203,0.5192871134375001,0.14765624999999993,0.057020572910156365,0.019062499999999993,0.46226654052734373,0.12859374999999995,0.8214111368750001,0.1734374999999999,1.5525283854101564,0.38177734374999994,0.7311172485351562,0.20833984375000003,0.17941375014315955,0.02143229166666666,0.28375942417204164,0.03472330729166667,0.12983219331838364
37,125676$_$4,zero,T,False,0.2,27,6,2.57653809,1.1184244841337203,0.8441162150000001,0.22343749999999996,0.18891449380859388,0.0458203125,0.6552017211914063,0.17761718749999994,0.3939209025000001,0.046875,1.2159469645117187,0.27947265624999995,0.8220260620117186,0.23259765624999995,0.2542952768441818,0.029602864583333322,0.3190427287527466,0.03876627604166666,0.1604267865554821
37,125676$_$4,zero,T,False,0.3,27,9,2.57653809,1.1184244841337203,0.8397216837500001,0.20703125,0.3474105875585938,0.0786328125,0.49231109619140634,0.12839843750000002,0.3634033243750001,0.050000000000000044,0.9538711588476563,0.21007812499999995,0.5904678344726562,0.1600781249999999,0.1910745690225124,0.021399739583333337,0.22917092031103478,0.026679687499999983,0.11708122910422013
38,128059$_$11,zero,T,False,0.1,38,4,4.0810547,-1.6534505158662798,1.3935547000000001,0.46640625000000013,0.18461915312500016,0.03722656250000002,1.208935546875,0.42917968750000013,2.831298840625,0.8265625000000001,4.179312146289062,1.5084222412109374,1.348013305664062,0.6818597412109373,0.2962310822846647,0.07152994791666668,0.3303099503552627,0.11364329020182289,0.20292856768960424
38,128059$_$11,zero,T,False,0.2,38,8,4.0810547,-1.6534505158662798,1.9238281375000001,0.665625,0.37421876250000013,0.06316406249999999,1.549609375,0.6024609375000001,2.04833985625,0.45781249999999996,3.65020753203125,1.2986499023437499,1.60186767578125,0.8408374023437499,0.37970796992552686,0.10041015625000001,0.39251306366175054,0.14013956705729166,0.25319268922364224
38,128059$_$11,zero,T,False,0.3,38,12,4.0810547,-1.6534505158662798,3.157958996875,1.2398437500000001,0.673388684375,0.1303125,2.4845703125000003,1.10953125,1.2587890750000001,0.1953125,2.9601928835937508,0.9816577148437501,1.7014038085937506,0.7863452148437501,0.6088057833908026,0.184921875,0.4169028637844248,0.13105753580729168,0.33542201449562975
39,128059$_$12,zero,T,False,0.1,16,2,2.18872074,-0.8893880158662797,2.9416504275,0.8504638671875,0.5578445803320313,0.11947265624999996,2.3838058471679684,0.7309912109375001,2.6221924196875,1.034375,3.5064209353124993,1.3576660156250002,0.8842285156249994,0.3232910156250002,1.089131525311193,0.12183186848958334,0.40399311592025366,0.05388183593750003,0.4172095864146325
39,128059$_$12,zero,T,False,0.2,16,4,2.18872074,-0.8893880158662797,4.00073245875,1.03671875,1.343878210703125,0.34283203125000006,2.6568542480468746,0.6938867187499999,1.8602295290625,0.5966796875,3.240313757578125,1.1749438476562502,1.3800842285156252,0.5782641601562502,1.2138839759716895,0.1156477864583333,0.6305434826610828,0.09637736002604169,0.5141131512792869
39,128059$_$12,zero,T,False,0.3,16,5,2.18872074,-0.8893880158662797,4.05151370875,1.09501953125,1.7682281862890625,0.49468627929687503,2.2832855224609374,0.6003332519531249,1.60620120875,0.43828124999999996,3.064138830820313,0.9893493652343752,1.4579376220703129,0.5510681152343753,1.0432050272689928,0.10005554199218748,0.666113739095182,0.09184468587239587,0.4753047485571895
40,128059$_$2,zero,V,False,0.1,14,2,1.0847168,-0.4378255158662797,0.32287597968750004,0.17890625000000004,0.293853762890625,0.16373046875000002,0.029022216796875056,0.01517578125000002,1.380859378125,0.7458984375000001,1.4042724640624997,0.7575000000000001,0.02341308593749969,0.011601562499999996,0.026755545817423718,0.0025292968750000033,0.021584495006442866,0.0019335937499999993,0.013200732862216647
40,128059$_$2,zero,V,False,0.2,14,3,1.0847168,-0.4378255158662797,0.44128418281250004,0.24707031250000003,0.41091614082031247,0.22821289062500005,0.030368041992187567,0.018857421874999974,1.2979736359375,0.6998046875,1.324761966015625,0.716455078125,0.026788330078124867,0.016650390624999956,0.027996260402648108,0.003142903645833329,0.024696128410656548,0.0027750651041666594,0.014652589390826162
40,128059$_$2,zero,V,False,0.3,14,5,1.0847168,-0.4378255158662797,0.6766357453125,0.37441406250000003,0.6795259506958009,0.3723974609375,-0.00289020538330087,0.0020166015625000533,1.110839846875,0.6023437500000001,1.1125610382812499,0.6067871093750001,0.0017211914062498224,0.004443359375000067,-0.0026644767729458022,0.00033610026041667557,0.0015867642314432587,0.0007405598958333445,-2.630963131309129e-07
41,128059$_$7,zero,V,False,0.1,48,5,0.15380863,-0.15091145336627967,-0.168456995,0.0529296875,-0.13212887,0.044121093750000014,-0.03632812499999999,0.00880859374999999,0.781982385625,0.19208984375000002,0.8045653934375,0.19837402343750002,0.0225830078125,0.006284179687500002,-0.2361888849222249,0.0014680989583333315,0.14682440762974333,0.0010473632812500004,-0.021712253763224557
41,128059$_$7,zero,V,False,0.2,48,10,0.15380863,-0.15091145336627967,-0.29882808875,0.08764648437500001,-0.24399410437499994,0.07527099609375,-0.05483398437500006,0.012375488281250013,0.69531246375,0.17606201171875002,0.73311763953125,0.18354431152343748,0.03780517578124998,0.007482299804687453,-0.3565055346339502,0.0020625813802083357,0.24579199482665667,0.001247049967447909,-0.02685097711490932
41,128059$_$7,zero,V,False,0.3,48,15,0.15380863,-0.15091145336627967,-0.40429683875,0.11274414062500002,-0.34748531531249993,0.10148193359375002,-0.05681152343750007,0.011262207031249999,0.61132808875,0.16019477844238283,0.6551025028124999,0.16780731201171875,0.04377441406249993,0.007612533569335916,-0.36936259086963585,0.0018770345052083331,0.28460125716770746,0.0012687555948893193,-0.02040388590045769
42,128059$_$6,zero,T,False,0.1,48,5,2.2988281,-0.6847005158662798,0.36181638125000015,0.11093750000000002,0.14462888125000015,0.077421875,0.2171875,0.03351562500000002,2.5264892328125,0.6915679931640626,2.586947606835938,0.5886563110351564,0.06045837402343768,-0.10291168212890622,0.09447744506105303,0.005585937500000003,0.026299638378267296,-0.01715194702148437,0.02730276847945899
42,128059$_$6,zero,T,False,0.2,48,10,2.2988281,-0.6847005158662798,1.0249023187500002,0.24101562500000007,0.35367429140625006,0.10433593750000003,0.6712280273437501,0.13667968750000004,2.15283200625,0.5021484375,2.353805516992188,0.4841931152343751,0.20097351074218794,-0.017955322265624962,0.29198691949033967,0.02277994791666667,0.08742429384689271,-0.0029925537109374936,0.09979965188574039
42,128059$_$6,zero,T,False,0.3,48,15,2.2988281,-0.6847005158662798,1.4459228265625002,0.33867187500000007,0.57244870546875,0.14475585937500007,0.8734741210937501,0.193916015625,1.4343261468750002,0.2031250000000001,1.844315313134766,0.3769116210937501,0.4099891662597659,0.17378662109374998,0.37996479211688683,0.0323193359375,0.17834695335106288,0.02896443684895833,0.15489887956360202
43,128059$_$9,zero,V,False,0.1,22,3,1.12158204,-0.45071614086627965,0.23120118062500006,0.142578125,0.15671387593750002,0.09641601562499995,0.07448730468750003,0.04616210937500005,0.8959961025000001,0.4765625,0.9973480312109375,0.518577880859375,0.10135192871093746,0.04201538085937495,0.06641265250186026,0.007693684895833342,0.0903650689216355,0.007002563476562492,0.0428684924489729
43,128059$_$9,zero,V,False,0.2,22,5,1.12158204,-0.45071614086627965,0.33801270406250006,0.21171874999999998,0.25921021382812504,0.16218749999999996,0.07880249023437502,0.04953125000000003,0.7488403407812501,0.4210205078125,0.8760740367651367,0.47209297180175785,0.12723369598388667,0.051072463989257855,0.07026005870628627,0.008255208333333338,0.11344117327584294,0.008512077331542975,0.05011712941175138
43,128059$_$9,zero,V,False,0.3,22,7,1.12158204,-0.45071614086627965,0.44421387593750006,0.27724609375,0.370391854453125,0.22704589843749995,0.07382202148437506,0.05020019531250003,0.6464843837500001,0.36826171874999997,0.7505407420874024,0.4247643661499024,0.10405635833740234,0.056502647399902406,0.06581948803752868,0.008366699218750004,0.09277633008555689,0.009417107899983734,0.04409490631045483
44,128763$_$12,zero,T,False,0.1,18,2,0.04907225999999998,-0.10891926586627967,1.33178710375,0.4185546875,0.2771194401757812,0.08546905517578125,1.0546676635742187,0.3330856323242188,1.246337885,0.3984375,1.8716064396875005,0.647587890625,0.6252685546875005,0.249150390625,21.49169758793728,0.055514272054036466,12.741532856946955,0.04152506510416667,8.58256744551061
44,128763$_$12,zero,T,False,0.2,18,4,0.04907225999999998,-0.10891926586627967,1.6281738225,0.50625,0.7400863591210936,0.22757812500000002,0.8880874633789064,0.27867187499999996,0.5433349553125,0.146044921875,1.56412352953125,0.5413330078124999,1.02078857421875,0.3952880859374999,18.097176820510942,0.046445312499999995,20.801319786351065,0.06588134765624999,9.752705816754565
44,128763$_$12,zero,T,False,0.3,18,6,0.04907225999999998,-0.10891926586627967,1.96850585375,0.478515625,0.8978912297265623,0.2707421875,1.0706146240234378,0.2077734375,0.18051146898437498,0.05815429687500001,1.3297714177148436,0.45157592773437505,1.1492599487304687,0.39342163085937504,21.816659908541602,0.03462890625,23.419270468896283,0.06557027180989584,11.334032388874446
45,128763$_$3,zero,T,False,0.1,24,3,4.1513672,-1.7847005158662799,0.6660156375000001,0.2093750000000001,0.13452149687500015,0.030859374999999956,0.531494140625,0.17851562500000012,2.72021485625,0.6312500000000001,4.532519543749999,1.2955371093749999,1.8123046874999993,0.6642871093749998,0.12802866790399367,0.029752604166666686,0.43655599797194555,0.11071451822916663,0.17626294706794315
45,128763$_$3,zero,T,False,0.2,24,5,4.1513672,-1.7847005158662799,2.3790283328125,0.721875,0.34568482695312513,0.0653125,2.033343505859375,0.6565625,1.3774414187500001,0.15312500000000018,3.2631881838867196,0.81302734375,1.8857467651367195,0.6599023437499998,0.4898008097328912,0.10942708333333334,0.4542470516435327,0.1099837239583333,0.2908646671670226
45,128763$_$3,zero,T,False,0.3,24,8,4.1513672,-1.7847005158662799,4.28369141875,1.209375,0.47956544218749997,0.05554687500000003,3.8041259765625,1.153828125,0.6513672000000001,0.004687499999999956,2.4626526003906255,0.5627734375000001,1.8112854003906254,0.5580859375000001,0.9163547518050795,0.1923046875,0.4363104675684092,0.09301432291666668,0.40949605744753886
46,128763$_$2,zero,T,False,0.1,12,2,1.1074218999999998,-0.2452473908662797,-0.6015624750000002,0.09921875000000002,-0.2832275140625001,0.03265625000000002,-0.3183349609375001,0.0665625,0.14038083437500015,0.09355468750000001,0.1704330194335939,0.11627929687500002,0.03005218505859375,0.02272460937500001,-0.28745564222800535,0.01109375,0.027137044988498754,0.003787434895833335,-0.06135935308591831
46,128763$_$2,zero,T,False,0.2,12,3,1.1074218999999998,-0.2452473908662797,-0.6834716546875002,0.10273437500000002,-0.39375607851562505,0.04929199218750001,-0.2897155761718751,0.05344238281250001,0.06933591250000015,0.06005859375000003,0.22977750685546888,0.08137451171875003,0.16044159435546873,0.02131591796875,-0.26161241217955233,0.008907063802083335,0.14487834264170332,0.003552652994791667,-0.0260685881852435
46,128763$_$2,zero,T,False,0.3,12,4,1.1074218999999998,-0.2452473908662797,-0.6713866937500002,0.09257812500000001,-0.37734982851562504,0.05120117187500002,-0.2940368652343751,0.04137695312499999,0.11328122500000015,0.05019531250000003,0.3403442132812501,0.07004882812500002,0.22706298828124993,0.019853515624999984,-0.26551452496997774,0.006896158854166665,0.20503728817712727,0.0033089192708333306,-0.012568039666962618
47,128763$_$5,zero,T,False,0.1,10,1,1.923706055,-0.04212239086627967,0.027343750312500026,0.01699218749999999,0.018914795234375024,0.015195312499999997,0.008428955078125001,0.0017968749999999947,0.5754394534375,0.12617187500000002,0.61102294953125,0.132744140625,0.03558349609375,0.00657226562499999,0.004381620921032075,0.0002994791666666658,0.018497356965689354,0.001095377604166665,0.00606845866438869
47,128763$_$5,zero,T,False,0.2,10,2,1.923706055,-0.04212239086627967,0.08630371125000003,0.041796875,0.04412536652343753,0.03709716796875,0.0421783447265625,0.00469970703125,0.38513183625,0.09599609375000001,0.4485961917187501,0.12005859375000001,0.06346435546875007,0.0240625,0.021925554941920458,0.0007832845052083334,0.03299065484206485,0.0040104166666666665,0.014927477738965078
47,128763$_$5,zero,T,False,0.3,10,3,1.923706055,-0.04212239086627967,0.07519531281250003,0.06357421875,0.08608398468750003,0.04669921875000001,-0.010888671875000006,0.016874999999999987,0.329193115546875,0.09033203125,0.3457824710156251,0.1264599609375,0.016589355468750067,0.036127929687500004,-0.005660254687270981,0.0028124999999999977,0.00862363914798351,0.006021321614583334,0.0029493015188239652
48,128763$_$7,zero,T,False,0.1,16,2,3.19824224,-1.1065755158662798,1.477783255625,0.540625,0.1697510290624999,0.04539062499999999,1.3080322265625,0.495234375,2.45068364625,0.43671875000000004,3.959564261484375,1.1412774658203124,1.508880615234375,0.7045587158203124,0.4089845982329036,0.0825390625,0.47178419588698167,0.11742645263671873,0.270183577314151
48,128763$_$7,zero,T,False,0.2,16,4,3.19824224,-1.1065755158662798,2.458252005625,0.6796875000000001,0.5979980993749997,0.14625000000000002,1.86025390625,0.5334375000000001,1.634521536875,0.2093750000000001,3.304200797128906,0.8373072814941407,1.669679260253906,0.6279322814941406,0.5816486635488051,0.08890625000000002,0.5220613739979033,0.10465538024902343,0.32431791694893297
48,128763$_$7,zero,T,False,0.3,16,5,3.19824224,-1.1065755158662798,2.61962895875,0.6824218750000001,0.7004944372656248,0.13785156250000002,1.9191345214843751,0.5445703125000001,1.388427786875,0.16953125000000002,3.0584869909765624,0.7954125976562499,1.6700592041015625,0.6258813476562499,0.600058962833726,0.09076171875000001,0.5221801716687322,0.10431355794270832,0.3293286027987916
49,128763$_$8,zero,T,False,0.1,8,1,2.66259767,-0.9643880158662798,0.4187011856249998,0.09296875000000004,0.030285658281249805,0.05453124999999996,0.38841552734375,0.03843750000000008,1.8784179824999998,0.32265625,2.8531448501757803,0.48708007812500015,0.9747268676757805,0.16442382812500017,0.14587836000975318,0.0064062500000000135,0.3660810315344222,0.027403971354166695,0.1364424032245855
49,128763$_$8,zero,T,False,0.2,8,2,2.66259767,-0.9643880158662798,0.8937072891406248,0.19140625,0.1905670303515623,0.10035156250000002,0.7031402587890625,0.09105468749999998,0.8837890762499998,0.022656250000000044,1.9924224991015618,0.2931835937500001,1.108633422851562,0.27052734375000004,0.26408045144447645,0.015175781249999997,0.4163727096173912,0.04508789062500001,0.1851792082342169
49,128763$_$8,zero,T,False,0.3,8,3,2.66259767,-0.9643880158662798,1.7912597793749998,0.3515625,0.40208894197265616,0.11720703125000001,1.3891708374023437,0.23435546875,0.027832044999999805,0.28984375000000007,1.4219711441210936,0.23140625000000004,1.3941390991210938,-0.05843750000000003,0.5217349700705528,0.03905924479166666,0.5236009147113011,-0.009739583333333338,0.2686638865600468
50,130456$_$11,zero,T,False,0.1,34,4,1.2580566199999998,-0.6167317658662798,1.1772460731249998,0.5897460937500001,0.11834314191162092,0.14480468750000003,1.0589029312133789,0.44494140625000006,1.1900634559374998,0.36835937500000004,1.841053751347656,0.6141802978515626,0.6509902954101561,0.24582092285156254,0.8416966873213478,0.07415690104166668,0.5174566610153803,0.04097015380859376,0.3685701007967472
50,130456$_$11,zero,T,False,0.2,34,7,1.2580566199999998,-0.6167317658662798,0.684528330205078,0.3076171875000001,0.21053693616210917,0.2175537109375,0.4739913940429688,0.0900634765625001,1.4223632606249998,0.44316406250000007,1.5748748573046873,0.5255921936035157,0.1525115966796875,0.08242813110351566,0.376764455385572,0.015010579427083351,0.12122783110656532,0.013738021850585943,0.13168522194245166
50,130456$_$11,zero,T,False,0.3,34,11,1.2580566199999998,-0.6167317658662798,0.7718810828906248,0.2617187500000001,0.2840751441699217,0.27356933593750005,0.48780593872070316,-0.011850585937499936,1.1320800574999998,0.3228515625,1.3192825111132813,0.4573864293098451,0.18720245361328147,0.13453486680984506,0.3877453075008625,-0.001975097656249989,0.14880276597607786,0.022422477801640844,0.13924886340558282
51,130456$_$3,zero,T,False,0.1,19,2,1.0854492150000001,-0.17962239086627968,0.6649169884375001,0.30859375,0.35984763724121116,0.14532882690429688,0.305069351196289,0.16326492309570312,2.288574215,0.596484375,2.5719848595312493,0.72775390625,0.2834106445312492,0.13126953125000007,0.28105328736453283,0.02721082051595052,0.26109962540405335,0.021878255208333346,0.1478104971232175
51,130456$_$3,zero,T,False,0.2,19,4,1.0854492150000001,-0.17962239086627968,1.3436279259375001,0.5302734375,0.7295284233740237,0.2564447379112244,0.6140995025634765,0.2738286995887756,1.9173583946875001,0.635546875,2.4498229942968743,0.7484375,0.5324645996093742,0.11289062500000002,0.5657555676687359,0.04563811659812927,0.4905472330754241,0.01881510416666667,0.28018900537723895
51,130456$_$3,zero,T,False,0.3,19,6,1.0854492150000001,-0.17962239086627968,1.7596435509375001,0.60234375,1.024546810214844,0.3635949707031251,0.7350967407226561,0.23874877929687488,1.5584716759375001,0.5328125000000001,2.183761592929687,0.6786035156250001,0.6252899169921871,0.14579101562499996,0.6772275048309387,0.039791463216145816,0.5760650358268039,0.02429850260416666,0.3293456266195138
52,130456$_$5,zero,T,False,0.1,11,2,3.290039,-1.2682942658662797,2.534912046875,0.892578125,0.4606688828125002,0.11332031249999992,2.0742431640625,0.7792578125,2.223876890625,0.568359375,4.298754820312501,1.1394139099121092,2.074877929687501,0.5710545349121092,0.6304613816435363,0.12987630208333334,0.630654317177755,0.09517575581868487,0.37154193918082734
52,130456$_$5,zero,T,False,0.2,11,3,3.290039,-1.2682942658662797,4.14794915625,1.17587890625,0.9967894882812501,0.2792724609374999,3.15115966796875,0.8966064453125,1.3637694687500002,0.24140625000000004,3.642546019042969,1.0233636474609376,2.2787765502929687,0.7819573974609375,0.9577876463413058,0.14943440755208334,0.6926288283099805,0.13032623291015624,0.48254427877838146
52,130456$_$5,zero,T,False,0.3,11,4,3.290039,-1.2682942658662797,4.343994078125,1.17763671875,1.1956969589843751,0.29630859374999996,3.148297119140625,0.8813281250000001,1.1259765000000002,0.1851562499999999,3.4676299423828127,0.939943542480469,2.3416534423828126,0.754787292480469,0.9569175812879553,0.14688802083333335,0.7117401133064681,0.12579788208007817,0.48533589937695876
53,130456$_$4,zero,T,False,0.1,23,3,1.757110583,0.012977096438407778,0.2577209345625,0.01540222167968744,0.053990160636718756,0.007932052612304633,0.20373077392578126,0.007470169067382808,0.8981017939375,0.050466918945312564,0.9820129267499998,0.05618713378906257,0.08391113281249984,0.005720214843750009,0.11594640653266997,0.0012450281778971348,0.047755153186819464,0.0009533691406250015,0.04147498925950289
53,130456$_$4,zero,T,False,0.2,23,5,1.757110583,0.012977096438407778,0.358428942375,0.025680541992187444,0.0527679316328125,0.011607322692871049,0.3056610107421875,0.014073219299316396,0.595001208,0.01877746582031256,0.6798709503934935,0.025729904174804703,0.08486974239349354,0.006952438354492142,0.17395651687658786,0.002345536549886066,0.04830071306489905,0.0011587397257486903,0.05644037655428042
53,130456$_$4,zero,T,False,0.3,23,7,1.757110583,0.012977096438407778,0.277465807609375,0.02648620605468744,0.060797106437500005,0.010380239486694288,0.216668701171875,0.016105966567993152,0.3028869501875,0.005966186523437441,0.49729021709423826,0.027886047363281246,0.19440326690673826,0.021919860839843805,0.1233095856109185,0.002684327761332192,0.1106379747237363,0.0036533101399739676,0.06007129955899024
54,130456$_$7,zero,T,False,0.1,8,1,2.8603516,-1.0323567658662798,1.4720459359375,0.6904296875000001,0.4001526253906249,0.14946289062500004,1.071893310546875,0.540966796875,2.74707035,0.8466796875000001,4.0222778695312496,1.158603515625,1.2752075195312496,0.31192382812499997,0.3747416701517411,0.0901611328125,0.4458217911775106,0.05198730468749999,0.24067797470731292
54,130456$_$7,zero,T,False,0.2,8,2,2.8603516,-1.0323567658662798,3.879150428125,0.9899902343750001,0.8538544076171876,0.2835424804687501,3.0252960205078123,0.70644775390625,1.5157471078125,0.51484375,3.7319260018554687,1.0482824707031253,2.2161788940429688,0.5334387207031253,1.0576654152735618,0.11774129231770834,0.7747922036055864,0.08890645345052088,0.5097763411618443
54,130456$_$7,zero,T,False,0.3,8,3,2.8603516,-1.0323567658662798,4.0716553109374996,1.0281250000000002,1.2819397347656252,0.44281250000000005,2.7897155761718744,0.5853125000000001,1.1663818734375,0.39765625000000004,3.053643836328125,0.9004726409912112,1.887261962890625,0.5028163909912111,0.9753047845121872,0.09755208333333336,0.6598004605763027,0.08380273183186852,0.45411501506342294
55,130456$_$6,zero,T,False,0.1,33,4,1.11035155,-0.35657551586627967,1.27490233125,0.2318359375,0.36082762421875003,0.06121093749999999,0.91407470703125,0.17062500000000003,1.7359619015625,0.5123046875,2.3833007687499994,0.52623291015625,0.6473388671874993,0.013928222656249933,0.8232292590594312,0.028437500000000004,0.5830029995315446,0.0023213704427083224,0.359247782258421
55,130456$_$6,zero,T,False,0.2,33,7,1.11035155,-0.35657551586627967,1.8486328,0.30986328125,0.6149536007812502,0.09415527343750002,1.23367919921875,0.2157080078125,1.369384753125,0.2939453125,2.247543322460937,0.433498077392578,0.8781585693359368,0.139552764892578,1.1110698122130218,0.035951334635416665,0.790882651943238,0.023258794148763,0.4902906482351098
55,130456$_$6,zero,T,False,0.3,33,10,1.11035155,-0.35657551586627967,2.01220701875,0.324755859375,0.9562011593750002,0.12626953125,1.0560058593749997,0.198486328125,1.164306628125,0.16787109375,2.0480178708007806,0.34057028770446773,0.8837112426757805,0.17269919395446773,0.9510545631430303,0.0330810546875,0.7958834720339774,0.028783198992411288,0.4522005722142297
56,188343$_$13,zero,T,False,0.1,42,5,0.8392029059999999,0.6856119841337204,3.1634216559999997,1.5093750000000001,0.5019592536562498,0.31097656250000005,2.6614624023437496,1.1983984375,0.22903439868750008,0.40800781250000007,0.7921051201375,0.8439111328125,0.5630707214499999,0.4359033203124999,3.171413268355009,0.19973307291666667,0.6709581752709335,0.07265055338541665,1.0286887674820067
56,188343$_$13,zero,T,False,0.2,42,9,0.8392029059999999,0.6856119841337204,3.2005310309999997,1.51171875,0.6169876350039061,0.39548828124999996,2.5835433959960934,1.11623046875,0.21328732837500008,0.3900390625,1.0155540667433594,0.8821264648437499,0.8022667383683593,0.4920874023437499,3.078564550909149,0.18603841145833333,0.9559854674560575,0.08201456705729165,1.0756507492202079
56,188343$_$13,zero,T,False,0.3,42,13,0.8392029059999999,0.6856119841337204,3.4510193122499997,1.64296875,0.7766479743593748,0.5293164062500002,2.6743713378906246,1.1136523437499999,0.4662170158750001,0.21953125000000007,1.0949665245564453,0.8678320312500002,0.6287495086814452,0.6483007812500001,3.186795627105464,0.1856087239583333,0.749221380151018,0.10805013020833336,1.0574189653557873
57,188343$_$12,zero,T,False,0.1,30,3,4.2626953,-1.6628255158662797,0.6650390499999999,0.2359374999999999,0.017529284374999853,0.023437500000000076,0.647509765625,0.21249999999999983,2.3964843625,0.5054687499999999,4.3156982296875,1.5726690673828123,1.9192138671875005,1.0672003173828124,0.15190145392835044,0.03541666666666664,0.4502347181495197,0.17786671956380207,0.20385488957708472
57,188343$_$12,zero,T,False,0.2,30,6,4.2626953,-1.6628255158662797,0.13964842499999985,0.10312499999999991,0.15048826874999985,0.04375,-0.010839843749999994,0.059374999999999914,1.9565429562499999,0.35234374999999996,2.853543841259765,0.8940624999999999,0.8970008850097653,0.5417187499999999,-0.0025429547373571966,0.009895833333333319,0.21043039941873534,0.09028645833333332,0.0770174340870112
57,188343$_$12,zero,T,False,0.3,30,9,4.2626953,-1.6628255158662797,0.6406249874999999,0.2164062499999999,0.2710937374999999,0.062421875000000016,0.36953125,0.1539843749999999,1.3095702999999999,0.16484374999999996,1.9178832882812498,0.5150585937500001,0.6083129882812499,0.3502148437500001,0.08668955609152826,0.025664062499999984,0.14270615250756896,0.05836914062500002,0.07835722793102431
58,188343$_$5,zero,T,False,0.1,20,2,2.19482423,-0.7690755158662798,0.58544923,0.27851562500000004,0.29740601710937503,0.09767578125000001,0.288043212890625,0.18083984375000003,2.561431896015625,0.8081542968750001,2.9435379140820315,0.9680615234375003,0.3821060180664064,0.15990722656250023,0.13123742562893037,0.03013997395833334,0.1740940521566751,0.02665120442708337,0.09053066404275553
58,188343$_$5,zero,T,False,0.2,20,4,2.19482423,-0.7690755158662798,1.937255870625,0.4931640625000001,0.559356700703125,0.18800781250000004,1.377899169921875,0.3051562500000001,2.19628907375,0.6986328125000001,2.5968628042187505,0.8586647033691406,0.40057373046875044,0.1600318908691405,0.6277944827169109,0.05085937500000001,0.18250825851348101,0.026671981811523415,0.22195852451047884
58,188343$_$5,zero,T,False,0.3,20,6,2.19482423,-0.7690755158662798,2.1254882925,0.5703125000000001,0.9492553823437504,0.3046972656250001,1.1762329101562496,0.265615234375,1.790527355,0.5392578125,2.3141250722851567,0.7430111694335938,0.5235977172851567,0.20375335693359375,0.5359118776651978,0.04426920572916667,0.2385600958692992,0.03395889282226563,0.2131750180214823
59,188343$_$9,zero,V,False,0.1,30,3,0.24719238000000002,0.15367839038372033,0.13488769250000002,0.04931640625000003,0.0829589815625,0.02995605468750001,0.05192871093750001,0.019360351562500017,0.714691159296875,0.20810546875000002,0.7169296236523437,0.203125,0.0022384643554687056,-0.004980468750000022,0.2100732266272665,0.0032267252604166693,0.009055519025099724,-0.0008300781250000037,0.05538134819694572
59,188343$_$9,zero,V,False,0.2,30,6,0.24719238000000002,0.15367839038372033,0.23400878625000002,0.08759765625000002,0.1641601534375,0.058100585937500025,0.0698486328125,0.02949707031249999,0.622924801875,0.17236328125,0.6251647921093749,0.17797851562500006,0.0022399902343749334,0.0056152343750000555,0.2825667613449033,0.004916178385416665,0.009061691839704338,0.0009358723958333426,0.07437012599146442
59,188343$_$9,zero,V,False,0.3,30,9,0.24719238000000002,0.15367839038372033,0.30139159875,0.11044921875000002,0.2442748995312501,0.08164062500000002,0.0571166992187499,0.02880859375,0.5333251925,0.14951171875000002,0.5540771456249999,0.162041015625,0.02075195312499989,0.012529296874999984,0.23106079628325765,0.004801432291666667,0.08395027862396594,0.0020882161458333306,0.0804751808361809
60,188343$_$8,zero,T,False,0.1,21,3,3.9628905999999997,-1.5050130158662798,0.4384765374999997,0.09140624999999991,0.05908200624999971,0.0390234375,0.37939453125,0.05238281249999991,2.5231933343749997,0.7421875,3.240287755761719,1.0758197021484377,0.7170944213867192,0.3336322021484377,0.09573679261123368,0.008730468749999986,0.18095231809689652,0.055605367024739616,0.08525623662071745
60,188343$_$8,zero,T,False,0.2,21,5,3.9628905999999997,-1.5050130158662798,1.0449218499999997,0.27812499999999996,0.2335937249999997,0.0609765625,0.811328125,0.21714843749999996,0.8300780999999997,0.05624999999999991,2.1227859247070313,0.5720703125000001,1.2927078247070316,0.5158203125000002,0.20473134440518131,0.036191406249999995,0.3262031756576515,0.08597005208333336,0.16327399459904152
60,188343$_$8,zero,T,False,0.3,21,7,3.9628905999999997,-1.5050130158662798,1.7822265374999997,0.46562499999999996,0.1747070062499997,0.07031250000000001,1.60751953125,0.39531249999999996,0.11621091249999971,0.1484375,2.100855993066406,0.5519921875,1.9846450805664064,0.4035546875,0.4056430741759376,0.06588541666666665,0.5008073096338054,0.06725911458333333,0.2598987287649357
61,1HK7Nea0PFo$_$1,zero,T,False,0.1,17,2,2.34619146,-0.5354817658662797,1.1038818896875,0.23554687500000004,0.1374023975,0.04796875000000001,0.9664794921875,0.18757812500000004,2.5340576709375,0.36250000000000004,2.6299820483789063,0.48331977844238283,0.09592437744140625,0.12081977844238279,0.4119352988575796,0.03126302083333334,0.04088512731875638,0.020136629740397132,0.1260550191875166
61,1HK7Nea0PFo$_$1,zero,T,False,0.2,17,4,2.34619146,-0.5354817658662797,1.1090088428125,0.14902343750000002,0.3565186084375,0.05248046874999999,0.752490234375,0.09654296875000004,2.05718999515625,0.24667968750000002,2.0816635669335937,0.3102441406250001,0.02447357177734366,0.06356445312500009,0.3207282638590527,0.016090494791666674,0.010431186782240217,0.010594075520833348,0.08946100523844823
61,1HK7Nea0PFo$_$1,zero,T,False,0.3,17,6,2.34619146,-0.5354817658662797,1.1268311084375,0.109375,0.693707329140625,0.07797851562500001,0.43312377929687496,0.03139648437499999,1.60253911625,0.13828125000000002,1.54447026859375,0.168779296875,-0.05806884765625009,0.03049804687499999,0.18460709710782847,0.005232747395833332,-0.02475024902954896,0.005083007812499998,0.042543150821653206
62,216097$_$1,zero,T,False,0.1,13,2,2.98876953,-0.9925130158662798,3.36230468625,0.8588867187500002,0.3882812487499999,0.12525390625000002,2.9740234375,0.7336328125000002,1.21582031125,0.034375000000000044,3.9471984850781245,0.9885156250000001,2.7313781738281246,0.9541406250000001,0.9950658331404252,0.1222721354166667,0.9138801879942668,0.1590234375,0.5475603985128397
62,216097$_$1,zero,T,False,0.2,13,3,2.98876953,-0.9925130158662798,3.738037108125,0.9250976562500002,0.8217041003124997,0.22914062499999996,2.9163330078125003,0.6959570312500002,0.9357910143749999,0.059374999999999956,3.517160032929687,0.8248437500000001,2.581369018554687,0.7654687500000001,0.9757634380222895,0.1159928385416667,0.8636892637437399,0.12757812500000001,0.520755916326924
62,216097$_$1,zero,T,False,0.3,13,4,2.98876953,-0.9925130158662798,4.059814451875,0.9214843750000001,1.4198974596874998,0.36299316406250004,2.6399169921875,0.5584912109375001,0.6274414049999999,0.07265624999999987,2.753759764375,0.5990490722656251,2.126318359375,0.5263928222656252,0.8832785808375526,0.09308186848958334,0.711435802123959,0.08773213704427087,0.44388209712384147
63,216097$_$2,zero,T,False,0.1,24,3,1.387085,0.10904948413372034,-0.0825500097656251,0.067138671875,0.1269379052734374,0.027498168945312502,-0.2094879150390625,0.0396405029296875,1.66101078125,0.09687500000000002,1.2679809960937498,0.08090423583984375,-0.3930297851562501,-0.01597076416015626,-0.1510273444033481,0.00660675048828125,-0.28334925531383787,-0.0026617940266927104,-0.10760791081389935
63,216097$_$2,zero,T,False,0.2,24,5,1.387085,0.10904948413372034,0.1005859765624999,0.11627197265625,0.20232395263671865,0.030819091796875003,-0.10173797607421875,0.085452880859375,1.46081546875,0.1,1.0322266015624997,0.07442676544189454,-0.4285888671875002,-0.025573234558105465,-0.07334655246626291,0.014242146809895833,-0.3089850717168945,-0.004262205759684244,-0.09308792078323645
63,216097$_$2,zero,T,False,0.3,24,8,1.387085,0.10904948413372034,0.2269287499999999,0.16201171875,0.28831028076171866,0.05742431640625001,-0.06138153076171876,0.10458740234375,1.15808109375,0.09101562500000002,0.8380005273437497,0.07960205078125,-0.32008056640625016,-0.011413574218750014,-0.044252144972783784,0.01743123372395833,-0.23075754957244915,-0.001902262369791669,-0.06487018079776657
64,216097$_$5,zero,T,False,0.1,32,4,0.39196777,0.24557292163372035,0.6737060512499999,0.15253906250000004,0.06997680320312498,0.05438964843750001,0.603729248046875,0.09814941406250004,0.7523193324999999,0.07402343749999996,1.397758480449219,0.323359375,0.645439147949219,0.24933593750000005,1.540248341843344,0.01635823567708334,1.646659625329893,0.04155598958333334,0.8112055481084134
64,216097$_$5,zero,T,False,0.2,32,7,0.39196777,0.24557292163372035,0.9586181606249999,0.2626953125,0.17150878562499997,0.08581054687499998,0.787109375,0.17688476562500002,0.283325191875,0.050195312500000006,1.1449218715625,0.26171875,0.8615966796875001,0.2115234375,2.008092060497575,0.029480794270833336,2.1981258345849852,0.03525390625,1.0677381489008484
64,216097$_$5,zero,T,False,0.3,32,10,0.39196777,0.24557292163372035,1.22399902,0.3310546875,0.17359008445312493,0.0940771484375,1.050408935546875,0.23697753906250002,0.12316894875,0.109375,1.070916744609375,0.269091796875,0.947747795859375,0.159716796875,2.6798281290289405,0.03949625651041667,2.4179166004969606,0.026619466145833336,1.2909651130455377
65,216097$_$4,zero,T,False,0.1,46,5,3.2021483999999996,-1.1979817658662797,1.4370116812499996,0.4156249999999999,0.24335933749999955,0.06027343750000003,1.19365234375,0.3553515624999999,2.4311523062499996,0.5773437499999999,3.562632713964843,1.0666186523437502,1.1314804077148435,0.48927490234375026,0.372765975175924,0.05922526041666665,0.3533502864403652,0.0815458170572917,0.21672183477256188
65,216097$_$4,zero,T,False,0.2,46,10,3.2021483999999996,-1.1979817658662797,2.1451720816406246,0.60234375,0.4150756460937496,0.09574218750000003,1.730096435546875,0.5066015624999999,1.3662108999999996,0.13749999999999996,3.045844994238281,0.8288134765624999,1.6796340942382812,0.6913134765625,0.5402922285721194,0.08443359374999998,0.5245333319670473,0.11521891276041667,0.31611951676239586
65,216097$_$4,zero,T,False,0.3,46,14,3.2021483999999996,-1.1979817658662797,2.7956542593749996,0.77265625,0.5641723257812494,0.08365234375000004,2.2314819335937504,0.68900390625,0.7695312124999996,0.08671875000000018,2.640304527929687,0.6437890625,1.8707733154296875,0.5570703124999998,0.6968700253628861,0.11483398437499999,0.5842242449492481,0.09284505208333331,0.37219332669261684
66,216097$_$7,zero,T,False,0.1,48,5,2.15917964,0.9949869841337203,1.3802489759375,0.6033203125,-0.15017094593749994,0.05375000000000002,1.530419921875,0.5495703125,0.22766108531250007,0.06406250000000002,0.8868987562109376,0.35048828125,0.6592376708984375,0.28642578124999996,0.708796611790202,0.09159505208333334,0.30531844287860854,0.047737630208333326,0.28836193424011924
66,216097$_$7,zero,T,False,0.2,48,10,2.15917964,0.9949869841337203,0.31347651500000007,0.25703124999999993,-0.11552739124999993,0.14009765624999998,0.42900390625,0.11693359374999995,0.18969721812500007,0.06171874999999993,0.6668334485937499,0.26568359374999995,0.47713623046874987,0.20396484375,0.19868828865101346,0.01948893229166666,0.22098022816134077,0.033994140625,0.11828789743225522
66,216097$_$7,zero,T,False,0.3,48,15,2.15917964,0.9949869841337203,0.6850585462500001,0.33359375,-0.029602098281249933,0.14697265624999994,0.71466064453125,0.18662109375000008,0.07788090687499993,0.025000000000000022,0.42345730317578123,0.19748046874999997,0.3455763963007813,0.17248046874999995,0.3309869638935119,0.031103515625000012,0.16004978457975672,0.028746744791666657,0.1377217522224838
67,216097$_$8,zero,T,False,0.1,12,2,4.0390625,-1.3550130158662799,0.3623046875,0.109375,0.3187744140625,0.07371093750000006,0.04353027343749999,0.03566406249999994,3.169189453125,0.6429687500000001,4.518991088867187,1.2119531250000002,1.3498016357421871,0.5689843750000001,0.010777318414899886,0.0059440104166666565,0.33418678259011947,0.09483072916666668,0.11143471014708817
67,216097$_$8,zero,T,False,0.2,12,3,4.0390625,-1.3550130158662799,1.34375,0.4906250000000001,0.5496337890625,0.12207031250000008,0.7941162109375,0.3685546875,1.9439697265625,0.2656250000000002,4.00709228515625,1.0038134765625002,2.06312255859375,0.7381884765625,0.19660899387630323,0.06142578125,0.5107923058386553,0.12303141276041667,0.2229646234313438
67,216097$_$8,zero,T,False,0.3,12,4,4.0390625,-1.3550130158662799,1.66162109375,0.5835937500000001,0.78861083984375,0.1508593750000001,0.87301025390625,0.432734375,1.693603515625,0.2367187500000001,3.256309390068054,0.8416455078125,1.5627058744430542,0.6049267578124999,0.21614175016219725,0.07212239583333334,0.3868980704173267,0.10082112630208333,0.19399583567873513
68,223431$_$11,zero,T,False,0.1,27,3,3.3144532,-1.1979817658662797,1.33544929375,0.43242187499999996,0.20002448906249998,0.04871093750000005,1.1354248046875,0.3837109374999999,3.022705153125,0.5953124999999999,3.9716187273437504,0.995977783203125,0.9489135742187504,0.4006652832031251,0.34256765553963603,0.06395182291666665,0.2862955759710755,0.06677754720052086,0.18989815040697475
68,223431$_$11,zero,T,False,0.2,27,6,3.3144532,-1.1979817658662797,1.917236403125,0.5640624999999999,0.5203430925781248,0.10037109375,1.3968933105468753,0.46369140624999994,2.2142334734375,0.29140625,3.402792433398438,0.7774707031249999,1.1885589599609379,0.4860644531249999,0.4214550047325666,0.07728190104166666,0.3585986977768279,0.08101074218749998,0.23458658643464025
68,223431$_$11,zero,T,False,0.3,27,9,3.3144532,-1.1979817658662797,2.345459059375,0.6296875,1.00565193046875,0.17921874999999998,1.33980712890625,0.45046875,1.541748121875,0.11640625000000004,2.613795546191407,0.5162499999999999,1.0720474243164069,0.39984374999999983,0.4042316013617717,0.075078125,0.3234461421480517,0.06664062499999997,0.21734912337745585
69,223431$_$10,zero,T,False,0.1,13,2,1.60226443,0.7746744841337203,1.39669802375,0.388671875,0.2842117566601562,0.1234375,1.1124862670898437,0.265234375,0.11352541632812496,0.07343749999999993,1.084516932441406,0.34825195312499996,0.9709915161132809,0.274814453125,0.6943208324040566,0.04420572916666667,0.6060116494638975,0.04580240885416667,0.3475851549721969
69,223431$_$10,zero,T,False,0.2,13,3,1.60226443,0.7746744841337203,1.10177614875,0.33046875,0.3695724744335937,0.13177734374999997,0.7322036743164062,0.19869140625,0.22705080695312496,0.09609374999999998,1.0530914563671872,0.329970703125,0.8260406494140622,0.233876953125,0.456980260952398,0.033115234375000004,0.5155454483056919,0.0389794921875,0.2611551089551475
69,223431$_$10,zero,T,False,0.3,13,4,1.60226443,0.7746744841337203,1.1989441175,0.35468749999999993,0.31194460578124994,0.11529296874999995,0.88699951171875,0.23939453125,0.11163332648437496,0.055468749999999956,1.1525543444218749,0.34680664062499994,1.0409210179375,0.291337890625,0.5535908689727832,0.03989908854166666,0.649655792634495,0.048556315104166664,0.32292551631327787
70,223431$_$13,zero,T,False,0.1,24,3,3.3627929400000003,-1.4089192658662797,0.4331054400000003,0.08984375,0.20002438531250027,0.03273437499999998,0.2330810546875,0.05710937500000002,3.6528320025000003,1.1412109375,4.324444551328126,1.3629013061523436,0.6716125488281257,0.2216903686523437,0.06931172675049485,0.00951822916666667,0.19971861517870038,0.036948394775390615,0.07887424146781313
70,223431$_$13,zero,T,False,0.2,24,5,3.3627929400000003,-1.4089192658662797,0.9714355181250003,0.21562499999999996,0.37587887750000026,0.06874999999999995,0.595556640625,0.146875,2.4538573931250003,0.6671874999999999,3.929476899960939,1.1780450439453125,1.4756195068359386,0.5108575439453126,0.17710173482262193,0.024479166666666666,0.43880759070118297,0.08514292399088542,0.18138285404533924
70,223431$_$13,zero,T,False,0.3,24,8,3.3627929400000003,-1.4089192658662797,1.7435607622656253,0.38359374999999996,0.8066055010351565,0.13722656249999993,0.9369552612304688,0.24636718750000003,1.5513915728125003,0.375,2.9060119341406248,0.8011914062499998,1.3546203613281245,0.42619140624999985,0.2786240483205072,0.041061197916666674,0.40282586013228167,0.07103190104166664,0.19838575185278057
71,223431$_$0,zero,T,False,0.1,2,1,0.8583983999999999,0.16344401538372036,0.028808556249999895,0.005273437499999978,-0.12631839687500007,0.022104492187499998,0.15512695312499997,-0.01683105468750002,0.3159180062500001,0.04267578125000002,0.18671875375,0.025844726562500003,-0.1291992525000001,-0.016831054687500013,0.1807165209167201,-0.0028051757812500035,-0.15051181594488547,-0.0028051757812500022,0.006148588352333659
71,223431$_$0,zero,T,False,0.2,2,1,0.8583983999999999,0.16344401538372036,0.028808556249999895,0.005273437499999978,-0.1952637093750001,0.029584960937500005,0.224072265625,-0.024311523437500027,0.3159180062500001,0.04267578125000002,0.12929686375,0.01836425781249999,-0.18662114250000011,-0.024311523437500027,0.26103497465748465,-0.004051920572916671,-0.2174059563648345,-0.004051920572916671,0.008881294286704207
71,223431$_$0,zero,T,False,0.3,2,1,0.8583983999999999,0.16344401538372036,0.028808556249999895,0.005273437499999978,-0.12631839687500007,0.022104492187499998,0.15512695312499997,-0.01683105468750002,0.3159180062500001,0.04267578125000002,0.18671875375,0.025844726562500003,-0.1291992525000001,-0.016831054687500013,0.1807165209167201,-0.0028051757812500035,-0.15051181594488547,-0.0028051757812500022,0.006148588352333659
72,223431$_$5,zero,A,False,0.1,17,2,0.16210937000000003,-0.16595051586627968,0.13281249500000003,0.012109375000000006,0.05937499500000003,0.006435546875000001,0.0734375,0.005673828125000005,0.51806640125,0.020312499999999983,0.5583984325,0.0265869140625,0.040332031249999956,0.006274414062500018,0.4530092676982971,0.0009456380208333341,0.24879365366941023,0.0010457356770833363,0.175948573766406
72,223431$_$5,zero,A,False,0.2,17,4,0.16210937000000003,-0.16595051586627968,0.21533202625000003,0.021093749999999994,0.13752440906250002,0.007167968749999998,0.07780761718750001,0.013925781249999996,0.42626952625000003,0.0057617187500000056,0.47963866687499995,0.01922851562499999,0.05336914062499992,0.013466796874999985,0.4799669335619923,0.002320963541666666,0.3292148468046795,0.0022444661458333307,0.20343680251354293
72,223431$_$5,zero,A,False,0.3,17,6,0.16210937000000003,-0.16595051586627968,0.28027343250000003,0.023242187499999983,0.20900878406250004,0.007236328124999999,0.0712646484375,0.016005859374999983,0.34814452625000003,0.0005859374999999944,0.41374511218749993,0.019155273437499988,0.0656005859374999,0.018569335937499994,0.43960573550908544,0.002667643229166664,0.4046661909259715,0.0030948893229166656,0.2125086147467851
73,225770$_$3,zero,T,False,0.1,48,5,1.3384704699999999,-0.46595051586627967,1.5508728137499999,0.26835937499999996,0.36134034304687485,0.05384765624999999,1.189532470703125,0.21451171874999997,2.596527110625,0.8972656250000001,2.9596374621874992,0.9903320312500001,0.3631103515624994,0.09306640625000007,0.8887245618340488,0.03575195312499999,0.2712873301382355,0.015511067708333345,0.30281872820140443
73,225770$_$3,zero,T,False,0.2,48,10,1.3384704699999999,-0.46595051586627967,2.3678894153125,0.433544921875,0.714636241484375,0.10727539062499998,1.6532531738281249,0.32626953125,1.6315918078906249,0.529541015625,2.5719421496874992,0.829833984375,0.9403503417968744,0.30029296875,1.2351799876826102,0.05437825520833334,0.702555387151341,0.050048828125,0.5105406145418212
73,225770$_$3,zero,T,False,0.3,48,15,1.3384704699999999,-0.46595051586627967,2.61727906375,0.5127197265625,1.2612732043750001,0.215234375,1.3560058593749997,0.2974853515625,1.4104919543749999,0.3392578125,2.1872421374804683,0.6317343139648438,0.7767501831054684,0.29247650146484383,1.013100308649089,0.049580891927083336,0.5803262904852716,0.048746083577473974,0.42293839365972946
74,225770$_$5,zero,T,False,0.1,6,1,1.83593749,0.09254557788372034,0.16967772437500006,0.0302734375,0.09603880835937506,0.015361328124999995,0.073638916015625,0.014912109375000005,0.5963134665625001,0.03154296875,0.8405273337499999,0.046527099609375,0.24421386718749982,0.014984130859375,0.04010968581830048,0.002485351562500001,0.13301854529314858,0.0024973551432291665,0.04452773445429455
74,225770$_$5,zero,T,False,0.2,6,2,1.83593749,0.09254557788372034,0.28308104468750006,0.047192382812499996,0.28163451148437507,0.0229248046875,0.001446533203124989,0.024267578124999994,0.40454100562500006,0.023974609374999997,0.5368957419531248,0.050019531250000006,0.13235473632812478,0.02604492187500001,0.0007878985113085073,0.004044596354166666,0.07209105155158263,0.004340820312500001,0.020316091682389452
74,225770$_$5,zero,T,False,0.3,6,2,1.83593749,0.09254557788372034,0.28308104468750006,0.047192382812499996,0.31094359351562506,0.024289550781250002,-0.027862548828125,0.022902832031249994,0.40454100562500006,0.023974609374999997,0.47973021460937487,0.042679443359375,0.07518920898437481,0.018704833984375002,-0.015176188624993096,0.003817138671874999,0.04095410025658039,0.003117472330729167,0.008178130658547866
75,225770$_$4,zero,T,False,0.1,32,4,1.50671383,-0.052815750241279665,0.009765587812500032,0.04194335937500001,-0.19178470515625,0.014233398437500003,0.20155029296875004,0.027709960937500007,1.39733883,0.29877929687500004,1.2408324823437498,0.2346923828125,-0.15650634765625027,-0.06408691406250006,0.13376804220394514,0.004618326822916668,-0.10387257398684413,-0.010681152343750009,0.005958160674066916
75,225770$_$4,zero,T,False,0.2,32,7,1.50671383,-0.052815750241279665,-0.13635257624999997,0.062158203125,-0.2727005376757813,0.021623535156250005,0.13634796142578132,0.04053466796874999,1.1756591425,0.237841796875,0.924340783125,0.15195068359375,-0.251318359375,-0.08589111328125001,0.09049354178440078,0.006755777994791666,-0.166798888795035,-0.014315185546875003,-0.020966188640679385
75,225770$_$4,zero,T,False,0.3,32,10,1.50671383,-0.052815750241279665,-0.32568363093749997,0.073486328125,-0.31234592341796874,0.029064941406250006,-0.013337707519531228,0.04442138671875,0.77673336125,0.144921875,0.5836974725781252,0.076329345703125,-0.19303588867187482,-0.06859252929687501,-0.008852177767130114,0.007403564453125,-0.1281170695531515,-0.011432088216145836,-0.03524944277082561
76,225770$_$6,zero,T,False,0.1,33,4,1.51293942,-0.28958332836627965,1.6043700840625,0.48056640625,0.26596676375,0.04156249999999999,1.3384033203124999,0.43900390625,2.0631103184375,0.37021484374999997,2.64106442,0.4939062499999999,0.5779541015625003,0.12369140624999991,0.884637162587341,0.07316731770833333,0.38200717881706164,0.020615234374999986,0.340106723371934
76,225770$_$6,zero,T,False,0.2,33,7,1.51293942,-0.28958332836627965,2.57788082625,0.5908203125,1.131977811113281,0.244384765625,1.445903015136719,0.346435546875,1.5965575840625,0.23227539062499997,2.3725097325,0.42883178710937503,0.7759521484375003,0.19655639648437506,0.9556906511472005,0.0577392578125,0.5128768708800181,0.03275939941406251,0.38976654481344525
76,225770$_$6,zero,T,False,0.3,33,10,1.51293942,-0.28958332836627965,2.855468716875,0.5529296875,1.4805022862109372,0.28488037109375003,1.3749664306640628,0.26804931640625,1.183685269609375,0.10078124999999996,2.199217190996094,0.3743262481689453,1.015531921386719,0.2735449981689453,0.9088040827569819,0.044674886067708336,0.6712306102488287,0.04559083302815755,0.4175751030254191
77,236021$_$12,zero,V,False,0.1,12,2,1.1018066199999998,0.7813151091337204,0.14135740124999985,0.06210937500000002,0.1229003699999998,0.05615234375000002,0.018457031250000047,0.005957031250000001,0.5266113074999998,0.24101562500000007,0.5492675574999998,0.24826171875000003,0.022656249999999933,0.00724609374999996,0.016751591580025604,0.0009928385416666668,0.020562800246380523,0.00120768229166666,0.009878728164934862
77,236021$_$12,zero,V,False,0.2,12,3,1.1018066199999998,0.7813151091337204,0.18627927624999985,0.083984375,0.17563474499999981,0.08162109375000004,0.010644531250000033,0.00236328124999996,0.43969724499999985,0.21250000000000002,0.4529052528124998,0.21619140625000002,0.013208007812499978,0.003691406250000001,0.009660970805411598,0.00039388020833332665,0.011987580747081764,0.0006152343750000002,0.005664416533956672
77,236021$_$12,zero,V,False,0.3,12,4,1.1018066199999998,0.7813151091337204,0.22631833874999985,0.103515625,0.21634519421874981,0.10376953125000002,0.009973144531250033,-0.0002539062500000189,0.37475583874999985,0.18867187500000004,0.3875732215624998,0.18984375000000003,0.012817382812499944,0.001171874999999989,0.009051620582593208,-4.231770833333648e-05,0.011633049708351034,0.00019531249999999814,0.0052094162706527265
78,236021$_$1,zero,T,False,0.1,27,3,1.797973633,0.08180339038372034,0.2954101564375,0.04423828125000001,0.14794921893749996,0.015410156250000005,0.14746093750000006,0.028828125000000007,1.7559814455,0.24052734375000004,1.8799072267499999,0.306455078125,0.12392578124999987,0.06592773437499996,0.0820150266825261,0.004804687500000001,0.068925211165646,0.01098795572916666,0.041683220269334686
78,236021$_$1,zero,T,False,0.2,27,6,1.797973633,0.08180339038372034,0.494018554875,0.07197265625000002,0.321405029484375,0.027677001953125002,0.17261352539062502,0.044295654296875014,1.362670898625,0.14912109375000002,1.5355224611250002,0.23169921875000005,0.17285156250000022,0.08257812500000003,0.09600442755002152,0.007382609049479169,0.09613681935633862,0.013763020833333339,0.053321719197293165
78,236021$_$1,zero,T,False,0.3,27,9,1.797973633,0.08180339038372034,0.766479492375,0.11445312500000002,0.50120849628125,0.048195800781250006,0.26527099609375004,0.06625732421875001,0.956420898625,0.0638671875,1.2313964845625003,0.16752441406250002,0.27497558593750027,0.10365722656250001,0.1475387868243356,0.011042887369791669,0.15293629892802846,0.017276204427083334,0.08219854438730977
79,236021$_$3,zero,T,False,0.1,7,1,4.1767578,-1.6175130158662798,-0.024414075000000146,0.012499999999999956,0.12543944062499984,0.05289062499999997,-0.149853515625,-0.04039062500000001,2.799591051953125,0.7195312500000001,2.9542877072265616,0.9659082031250004,0.1546966552734368,0.2463769531250003,-0.035877943352869694,-0.006731770833333335,0.03703748832071337,0.04106282552083338,0.00887264991383593
79,236021$_$3,zero,T,False,0.2,7,2,4.1767578,-1.6175130158662798,0.23925779999999985,0.014062500000000089,0.17045897187499987,0.05718749999999998,0.06879882812499999,-0.04312499999999989,1.0156249874999999,0.13359374999999996,1.741261279003906,0.4663671875000001,0.7256362915039061,0.33277343750000016,0.016471822151904004,-0.007187499999999982,0.17373191181255332,0.05546223958333336,0.059619618386947675
79,236021$_$3,zero,T,False,0.3,7,3,4.1767578,-1.6175130158662798,1.0717773312499999,0.3343750000000001,0.42253416718749987,0.10394531250000001,0.6492431640625,0.2304296875000001,0.25390623749999985,0.11250000000000004,0.8624877804687501,0.17160156250000003,0.6085815429687502,0.05910156249999998,0.15544186177628933,0.03840494791666668,0.1457066524810459,0.009850260416666664,0.08735093064766714
80,236021$_$2,zero,T,False,0.1,48,5,1.5698242,-0.4026692658662797,3.3696288875000002,1.13203125,0.2878173640625,0.09934570312500002,3.0818115234375,1.032685546875,1.14434812578125,0.028515624999999933,2.719117718066406,0.6995654296874999,1.5747695922851561,0.6710498046875,1.963155849095492,0.1721142578125,1.0031496451230086,0.11184163411458332,0.812565346536396
80,236021$_$2,zero,T,False,0.2,48,10,1.5698242,-0.4026692658662797,3.2187499812500002,1.0476562500000002,0.5489333918945312,0.2060638427734375,2.6698165893554693,0.8415924072265627,0.917724590625,0.05585937499999993,2.5232208064453125,0.6415869140625,1.6054962158203125,0.5857275390625001,1.7007094734849901,0.14026540120442713,1.0227229221573921,0.09762125651041668,0.7403297633393064
80,236021$_$2,zero,T,False,0.3,48,15,1.5698242,-0.4026692658662797,3.5048827937500002,1.07265625,0.8984206965820313,0.23505126953125002,2.606462097167969,0.8376049804687501,0.30761716875,0.25273437500000007,2.327885418261719,0.57693359375,2.0202682495117186,0.3241992187499999,1.660351800422091,0.13960083007812502,1.2869383479840422,0.054033203124999984,0.7852310454023146
81,236021$_$5,zero,T,False,0.1,15,2,1.4875488399999999,-0.4749348908662797,1.0244140743749999,0.42309570312500006,0.22554780240234357,0.12735839843750002,0.7988662719726562,0.29573730468750004,0.6275634884374999,0.16835937499999998,1.575949108554687,0.29707153320312507,0.9483856201171872,0.1287121582031251,0.5370349621177442,0.049289550781250004,0.6375488031494712,0.021452026367187516,0.31133133560391324
81,236021$_$5,zero,T,False,0.2,15,3,1.4875488399999999,-0.4749348908662797,0.6823730587499999,0.11093750000000002,0.14559937710937482,0.20581542968750002,0.536773681640625,-0.0948779296875,1.0855713009374999,0.111328125,1.6211563229101558,0.31402832031249994,0.5355850219726559,0.20270019531249994,0.3608441661629469,-0.01581298828125,0.360045094000115,0.03378336588541666,0.18471490944180713
81,236021$_$5,zero,T,False,0.3,15,5,1.4875488399999999,-0.4749348908662797,1.1804199337499999,0.07187500000000002,0.47134553189453127,0.19477539062500002,0.7090744018554687,-0.122900390625,1.0216980099218749,0.16015625,1.3248748898046872,0.2586641693115234,0.3031768798828123,0.09850791931152342,0.4766727021768015,-0.020483398437499998,0.20380956101801087,0.01641798655192057,0.16910421282730825
82,236021$_$4,zero,T,False,0.1,48,5,3.3632812999999997,-1.3222005158662797,0.4375000499999997,0.1859375000000001,0.2553223156249997,0.05308593749999996,0.182177734375,0.13285156250000013,4.6767578625,1.8265625,5.0032471203124995,1.9765234375000003,0.3264892578124998,0.14996093750000017,0.054166649756102844,0.022141927083333356,0.0970745922257254,0.02499348958333336,0.04959416466212374
82,236021$_$4,zero,T,False,0.2,48,10,3.3632812999999997,-1.3222005158662797,1.2553711437499997,0.5,0.6723877453124999,0.18281249999999996,0.5829833984374998,0.31718750000000007,3.7472229503906247,1.3457275390625,4.309436085156249,1.657763671875,0.5622131347656243,0.31203613281249987,0.17333763461886617,0.05286458333333335,0.1671620413087609,0.05200602213541664,0.11134257034909427
82,236021$_$4,zero,T,False,0.3,48,15,3.3632812999999997,-1.3222005158662797,2.3549805187499997,0.944921875,1.0692017101562499,0.28107421875,1.2857788085937498,0.66384765625,2.5955811046874997,0.7585937500000001,3.7539505504882804,1.3959521484375002,1.1583694458007807,0.6373583984375001,0.3822988063160056,0.11064127604166667,0.3444163595190272,0.10622639973958335,0.2358957104040707
83,237009$_$11,zero,T,False,0.1,9,1,2.659668,-1.1800130158662798,0.9508056953124999,0.3421875000000001,0.3026550605468749,0.10136718750000004,0.648150634765625,0.24082031250000005,1.5626221015625,0.23593750000000013,2.807244904296874,0.6479882812500002,1.2446228027343742,0.41205078125000005,0.24369597674207766,0.04013671875000001,0.4679615406031255,0.06867513020833334,0.20511734157588415
83,237009$_$11,zero,T,False,0.2,9,2,2.659668,-1.1800130158662798,2.7114258125,0.7304687500000001,0.5302002265624999,0.13339843750000008,2.1812255859375,0.5970703125000001,0.6333008124999999,0.06093749999999987,2.5077774360351555,0.5547265625,1.8744766235351555,0.4937890625000001,0.8201116702632921,0.09951171875000002,0.704778159814306,0.08229817708333335,0.4266749314777329
83,237009$_$11,zero,T,False,0.3,9,3,2.659668,-1.1800130158662798,2.7661133125,0.6972656250000001,0.6022583320312499,0.14312500000000003,2.16385498046875,0.554140625,0.4628906562499999,0.07187499999999991,2.3034210517578115,0.49213867187500016,1.8405303955078116,0.42026367187500024,0.8135805547490119,0.09235677083333334,0.692014831735758,0.07004394531250004,0.41699902565765085
84,237009$_$12,zero,T,False,0.1,45,5,4.3408203,-1.8597005158662798,0.8105468624999999,0.24375000000000013,0.13623045624999985,0.011093750000000024,0.67431640625,0.23265625000000012,2.91162108125,0.7898437500000002,4.195637499707032,1.4036328125000002,1.284016418457032,0.6137890625,0.15534304677550306,0.038776041666666684,0.29580034046944803,0.10229817708333333,0.14805440149873778
84,237009$_$12,zero,T,False,0.2,45,9,4.3408203,-1.8597005158662798,1.0815429562499999,0.30078125,0.33793944062499987,0.046484375000000064,0.743603515625,0.2542968749999999,2.315429675,0.5531250000000001,3.6872833126953126,1.1478417968749999,1.3718536376953128,0.5947167968749998,0.17130479792499176,0.042382812499999985,0.3160355017828798,0.0991194661458333,0.15721064458842623
84,237009$_$12,zero,T,False,0.3,45,14,4.3408203,-1.8597005158662798,2.166259753125,0.6359375,0.519873034375,0.06484375000000003,1.6463867187499999,0.57109375,1.6445312374999999,0.29374999999999996,3.020254504101562,0.8546093750000001,1.375723266601562,0.5608593750000002,0.3792800037057503,0.09518229166666665,0.3169269526486985,0.09347656250000003,0.2212164526302789
85,237009$_$4,zero,T,False,0.1,19,2,1.46166995,0.7293619841337203,1.3536377234375,0.47148437499999996,0.1269531531250001,0.07279296875,1.2266845703125,0.39869140624999994,0.1224364953124999,0.0703125,0.9484253210937503,0.26515625,0.8259888257812504,0.19484374999999998,0.8392344188769025,0.06644856770833332,0.5650990229923161,0.03247395833333333,0.3758139919777213
85,237009$_$4,zero,T,False,0.2,19,4,1.46166995,0.7293619841337203,1.56762698125,0.5125,0.1384338660156251,0.087109375,1.429193115234375,0.42539062499999997,0.2943114953124999,0.14531250000000007,1.0348663611328128,0.2894140625,0.7405548658203129,0.14410156249999995,0.9777803377937935,0.0708984375,0.50664950673085,0.024016927083333323,0.3948363022769942
85,237009$_$4,zero,T,False,0.3,19,6,1.46166995,0.7293619841337203,1.91479495,0.45820312499999993,0.37372897099609387,0.12892578125,1.5410659790039063,0.32927734374999995,0.1694335656249999,0.0625,0.8339157385742191,0.21885742187499999,0.6644821729492192,0.15635742187499999,1.0543179906557671,0.05487955729166666,0.4546044873842633,0.0260595703125,0.39746540141104925
86,237009$_$7,zero,T,False,0.1,8,1,4.038086,-1.7159505158662798,0.5830078749999998,0.2640625000000001,0.08706060937499985,0.020156249999999976,0.495947265625,0.2439062500000001,1.7880859999999998,0.4765625,4.224700990234373,1.5176098632812498,2.4366149902343732,1.0410473632812498,0.12281738001806301,0.040651041666666686,0.6034082451008047,0.1735078938802083,0.23509614016643568
86,237009$_$7,zero,T,False,0.2,8,2,4.038086,-1.7159505158662798,1.0781250624999998,0.40546875000000004,0.20966803124999983,0.034296875000000025,0.86845703125,0.37117187500000004,0.7636719374999998,0.11874999999999991,3.6377594619140625,1.2291210937500003,2.8740875244140627,1.1103710937500004,0.21506644885313267,0.06186197916666667,0.7117448248178068,0.1850618489583334,0.29343377544898486
86,237009$_$7,zero,T,False,0.3,8,3,4.038086,-1.7159505158662798,2.18994146875,0.68359375,0.9094238906249998,0.289375,1.280517578125,0.39421875,0.47753912499999984,0.08906250000000004,1.6414902358398435,0.46748046875,1.1639511108398437,0.37841796874999994,0.3171099528378165,0.065703125,0.28824319803903276,0.06306966145833333,0.18353148433379565
87,237009$_$9,zero,T,False,0.1,12,2,3.3559570599999997,-1.4089192658662797,2.3342285443749997,0.75234375,0.8182251264062497,0.24593749999999998,1.51600341796875,0.50640625,1.5158691693749997,0.44062499999999993,3.051593046328125,1.0842355346679688,1.5357238769531252,0.6436105346679689,0.45173491171959107,0.08440104166666666,0.4576111648287778,0.10726842244466149,0.2752538851649242
87,237009$_$9,zero,T,False,0.2,12,3,3.3559570599999997,-1.4089192658662797,2.4709472943749997,0.7886718749999999,1.0264404584375,0.29499999999999993,1.4445068359374997,0.493671875,1.2404785443749997,0.3125,2.9381836225,0.9907861328124999,1.6977050781250003,0.6782861328124999,0.43043053879448656,0.08227864583333333,0.5058779185473493,0.11304768880208332,0.2829086979943131
87,237009$_$9,zero,T,False,0.3,12,4,3.3559570599999997,-1.4089192658662797,2.7524414349999997,0.870703125,1.3268799115625,0.39214843749999995,1.4255615234374996,0.4785546875000001,0.8940429974999997,0.17578125,2.5020752240625,0.7966943359374999,1.6080322265625004,0.6209130859374999,0.4247852618985053,0.07975911458333335,0.4791574262291289,0.10348551432291665,0.2717968292584711
88,241629$_$10,zero,T,False,0.1,18,2,4.5107422,-1.7347005158662798,0.37109376250000015,0.109375,0.05966798125000015,0.024609375,0.31142578125,0.084765625,2.34423829375,0.42500000000000004,4.406182873828124,1.4478857421875002,2.0619445800781238,1.0228857421875002,0.06904090245039886,0.014127604166666667,0.45711859191587845,0.17048095703125002,0.1776920138910485
88,241629$_$10,zero,T,False,0.2,18,4,4.5107422,-1.7347005158662798,0.46093751250000015,0.09843749999999996,0.16132813750000013,0.04023437499999997,0.299609375,0.05820312499999999,1.4248047000000001,0.1484375,2.4238754397460944,0.5808691406250002,0.9990707397460943,0.43243164062500017,0.06642128840320592,0.009700520833333332,0.22148694692841175,0.07207194010416669,0.09242017406727943
88,241629$_$10,zero,T,False,0.3,18,6,4.5107422,-1.7347005158662798,0.5078125125000001,0.11093750000000013,0.2816406375000001,0.05015624999999997,0.22617187500000002,0.06078125000000016,1.0380859500000001,0.04843750000000013,1.4761474734375,0.2762304687500001,0.4380615234374998,0.22779296875,0.05014071184544489,0.01013020833333336,0.09711515464624539,0.037965494791666665,0.04883789240417258
89,241629$_$0,zero,T,False,0.1,13,2,2.36218259,0.9996744841337204,1.2108154025000002,0.3984375000000001,0.34952542447265633,0.12054687500000005,0.8612899780273439,0.27789062500000006,0.5903320040625002,0.21484375,1.4685363497656252,0.47884765625000003,0.878204345703125,0.26400390625000003,0.3646160195479741,0.046315104166666676,0.3717764992614841,0.04400065104166667,0.2066770685044479
89,241629$_$0,zero,T,False,0.2,13,3,2.36218259,0.9996744841337204,1.3021239962500002,0.41875000000000007,0.5791732516210939,0.19281250000000005,0.7229507446289063,0.2259375,0.4936523165625002,0.17343750000000002,1.2436050143164064,0.4086914062500001,0.7499526977539062,0.2352539062500001,0.30605188677519607,0.03765625,0.3174828158694922,0.03920898437500001,0.17509998425492204
89,241629$_$0,zero,T,False,0.3,13,4,2.36218259,0.9996744841337204,1.4578857150000002,0.46171875000000007,0.9318130221289064,0.30406250000000007,0.5260726928710938,0.15765625,0.3812255587500002,0.13359375000000007,0.9398009982031251,0.30926757812500005,0.5585754394531249,0.175673828125,0.22270609917796175,0.026276041666666666,0.23646571833695823,0.029278971354166666,0.12868170763393832
90,241629$_$3,zero,T,False,0.1,28,3,2.1376953,1.2637369841337205,0.6342773312499999,0.37656250000000013,0.051757799999999854,0.06078125000000008,0.58251953125,0.31578125000000007,0.22558592499999985,0.5515625000000002,1.9824706906249994,1.1992803955078126,1.7568847656249995,0.6477178955078124,0.2724987320462687,0.052630208333333345,0.8218589168278952,0.10795298258463541,0.31373520994803317
90,241629$_$3,zero,T,False,0.2,28,6,2.1376953,1.2637369841337205,2.974853503125,1.3840820312500002,0.28768919648437485,0.23732421875000015,2.687164306640625,1.1467578125,0.22216798125000015,0.3054687500000002,1.4284026987109375,0.9555442810058595,1.2062347174609374,0.6500755310058594,1.2570374503808726,0.19112630208333334,0.5642685153456725,0.1083459218343099,0.530194547411047
90,241629$_$3,zero,T,False,0.3,28,9,2.1376953,1.2637369841337205,3.027587878125,1.4685546875000002,0.22711180390624985,0.2653320312500001,2.80047607421875,1.2032226562500001,0.30615235625000015,0.18828125000000018,1.186541736796875,0.8448962402343753,0.8803893805468748,0.6566149902343751,1.3100439357165703,0.20053710937500002,0.4118402509032152,0.10943583170572918,0.5079642819251287
91,241629$_$5,zero,T,False,0.1,27,3,3.1503906,-1.2206380158662797,2.309051488671875,0.7484375000000001,0.1665511834960939,0.07050781250000002,2.142500305175781,0.6779296875,2.5966796625,0.5609375,3.7672851312499995,1.1120225524902343,1.1706054687499994,0.5510850524902343,0.6800742819323734,0.11298828125,0.3715745905207465,0.09184750874837239,0.31412116561287307
91,241629$_$5,zero,T,False,0.2,27,6,3.1503906,-1.2206380158662797,2.8505859125,0.8423828125,0.8037215936523439,0.27009765625000004,2.046864318847656,0.57228515625,1.7465820062500002,0.23359375000000004,3.162693761621094,0.8334155273437499,1.416111755371094,0.5998217773437499,0.6497174252393435,0.095380859375,0.44950340629751995,0.09997029622395831,0.3236429967839554
91,241629$_$5,zero,T,False,0.3,27,9,3.1503906,-1.2206380158662797,2.973876928125,0.890234375,0.8210143792968753,0.22013671875000002,2.152862548828125,0.6700976562500001,1.2863769281250002,0.06875000000000009,2.9126525628906252,0.7453564453125,1.626275634765625,0.6766064453124999,0.68336347418782,0.11168294270833334,0.5162138049014684,0.11276774088541665,0.3560069906707596
92,241629$_$8,zero,T,False,0.1,48,5,3.02929685,-1.1065755158662798,0.28808591250000015,0.03671875000000013,0.09108884218750016,0.03855468749999996,0.1969970703125,-0.001835937499999829,3.179443334375,0.9439453125000001,3.6342956292968744,1.150343017578125,0.4548522949218743,0.20639770507812494,0.06503060447241923,-0.00030598958333330484,0.1501510638585355,0.03439961751302082,0.06231882406516056
92,241629$_$8,zero,T,False,0.2,48,10,3.02929685,-1.1065755158662798,0.6074218500000002,0.1312500000000001,0.28906247500000004,0.05980468749999999,0.3183593750000001,0.07144531250000011,2.521087621484375,0.6042968750000001,3.0339584100585943,0.8850207519531251,0.5128707885742192,0.28072387695312506,0.10509345424716163,0.01190755208333335,0.1693035198153985,0.046787312825520844,0.08327295974285359
92,241629$_$8,zero,T,False,0.3,48,15,3.02929685,-1.1065755158662798,1.1027831781250002,0.20781250000000007,0.5078490960937501,0.06007812500000004,0.5949340820312501,0.14773437500000003,1.5712890375000002,0.25,2.4460204828125005,0.5786572265625,0.8747314453125004,0.32865722656249996,0.19639339262438324,0.024622395833333338,0.2887571604464382,0.05477620442708333,0.1411372883328095
93,243646$_$11,zero,T,False,0.1,19,2,3.10351565,-1.0956380158662797,0.29687502499999985,0.08749999999999991,0.09653322812499984,0.02914062500000002,0.200341796875,0.058359374999999894,3.4178467046875,1.0444824218750002,4.035708643164064,1.348638916015625,0.617861938476564,0.30415649414062473,0.06455315677942311,0.009726562499999982,0.19908446067997218,0.050692749023437456,0.08101423224570818
93,243646$_$11,zero,T,False,0.2,19,4,3.10351565,-1.0956380158662797,0.9681396734374998,0.259375,0.20113527890624985,0.027851562500000017,0.76700439453125,0.2315234375,2.1494140875,0.45390624999999996,3.6660827886718756,1.1524853515625002,1.5166687011718758,0.6985791015625002,0.2471404155448143,0.038587239583333335,0.4886935925321605,0.1164298502604167,0.2227127744801812
93,243646$_$11,zero,T,False,0.3,19,6,3.10351565,-1.0956380158662797,2.0753174078125,0.601171875,0.44995119687499996,0.0478515625,1.6253662109375,0.5533203125,1.4759826910156248,0.22734374999999996,2.9040375005859373,0.7973583984375001,1.4280548095703125,0.5700146484375002,0.5237175740421757,0.09222005208333334,0.4601408565249078,0.09500244140625003,0.2927702310141667
94,243646$_$12,zero,T,False,0.1,48,5,2.8876953,-0.7401692658662797,1.2180175656249999,0.5218750000000001,0.29863279999999987,0.0887890625,0.919384765625,0.4330859375000001,3.6529540890625,1.1011718750000001,4.524261462109376,1.38021484375,0.8713073730468759,0.2790429687499998,0.31838000610555894,0.07218098958333334,0.30173095870465183,0.0465071614583333,0.18469977896296938
94,243646$_$12,zero,T,False,0.2,48,10,2.8876953,-0.7401692658662797,2.72900389375,1.09609375,0.65699461640625,0.19470703125000002,2.0720092773437497,0.9013867187500001,2.3343505734375,0.5833984375000001,3.9622527951171884,1.2127246093750004,1.6279022216796886,0.6293261718750003,0.7175301908804432,0.15023111979166667,0.5637373368105533,0.10488769531250004,0.3840965856987908
94,243646$_$12,zero,T,False,0.3,48,15,2.8876953,-0.7401692658662797,3.3511962765625,1.2781250000000002,1.216265856640625,0.35184326171875,2.134930419921875,0.9262817382812502,1.6568603390624999,0.26640625000000007,3.2728042477539057,0.9962597656250001,1.6159439086914058,0.729853515625,0.7393195814677169,0.1543802897135417,0.5595962112398751,0.12164225260416667,0.39373458375632514
95,243646$_$9,zero,T,False,0.1,1,1,2.460571314,0.05211589038372034,0.5572510015000001,0.0028808593750000028,0.5572510014999998,0.0028808593750000028,2.220446049250313e-16,0.0,2.4937500064936557e-08,0.0002197265625000014,2.4937500064936557e-08,0.0002197265625000014,0.0,0.0,9.024104012780146e-17,0.0,0.0,0.0,2.2560260031950364e-17
95,243646$_$9,zero,T,False,0.2,1,1,2.460571314,0.05211589038372034,0.5572510015000001,0.0028808593750000028,0.5572510014999998,0.0028808593750000028,2.220446049250313e-16,0.0,2.4937500064936557e-08,0.0002197265625000014,2.4937500064936557e-08,0.0002197265625000014,0.0,0.0,9.024104012780146e-17,0.0,0.0,0.0,2.2560260031950364e-17
95,243646$_$9,zero,T,False,0.3,1,1,2.460571314,0.05211589038372034,0.5572510015000001,0.0028808593750000028,0.5572510014999998,0.0028808593750000028,2.220446049250313e-16,0.0,2.4937500064936557e-08,0.0002197265625000014,2.4937500064936557e-08,0.0002197265625000014,0.0,0.0,9.024104012780146e-17,0.0,0.0,0.0,2.2560260031950364e-17
96,243646$_$8,zero,T,False,0.1,12,2,1.7824707299999998,0.09117839038372035,0.16479494874999978,0.0029785156249999972,0.12310183351562483,0.005080566406250001,0.04169311523437495,-0.002102050781250004,0.6379394799999998,0.04042968749999999,0.7018432885937498,0.05352783203125,0.06390380859375,0.013098144531250008,0.023390617945101975,-0.0003503417968750007,0.035851232599212114,0.002183024088541668,0.01526863320899519
96,243646$_$8,zero,T,False,0.2,12,3,1.7824707299999998,0.09117839038372035,0.24780276124999978,0.007617187499999997,0.12515261476562484,0.010146484375000004,0.12265014648437494,-0.002529296875000007,0.4375000268749998,0.01601562499999999,0.6607788354687498,0.04806396484375001,0.22327880859375004,0.032048339843750016,0.06880902761042665,-0.0004215494791666678,0.1252635903480781,0.005341389973958336,0.0497481146133241
96,243646$_$8,zero,T,False,0.3,12,4,1.7824707299999998,0.09117839038372035,0.4411621362499998,0.019335937499999997,0.15278933351562482,0.009628906250000001,0.28837280273437493,0.009707031249999996,0.13208010499999978,0.01640625000000001,0.5834228784374998,0.04206787109375,0.45134277343750007,0.02566162109374999,0.16178253931375114,0.001617838541666666,0.25321174290797877,0.004276936848958332,0.10522226440308874
97,247318$_$12,zero,T,False,0.1,13,2,3.4970703,-1.3534505158662797,0.8566894406249999,0.36250000000000004,0.12564696015624985,0.05414062500000001,0.73104248046875,0.30835937500000005,1.0976562374999999,0.014843750000000044,2.7860534542968742,0.6675448608398438,1.6883972167968744,0.6527011108398437,0.20904420234976334,0.05139322916666667,0.4828032007230949,0.10878351847330729,0.21300603767820803
97,247318$_$12,zero,T,False,0.2,13,3,3.4970703,-1.3534505158662797,0.9645995968749999,0.35078125000000004,0.19275511445312485,0.10533203125000004,0.771844482421875,0.24544921875,0.8222656124999999,0.035937499999999956,2.6486831540039057,0.650240478515625,1.826417541503906,0.6143029785156251,0.22071168020562662,0.040908203125,0.5222706044065805,0.10238382975260418,0.2215685793724528
97,247318$_$12,zero,T,False,0.3,13,4,3.4970703,-1.3534505158662797,2.1251220578125,0.756640625,0.15783690156249985,0.0828515625,1.96728515625,0.6737890624999999,0.16210936249999985,0.21484375,2.411547839062499,0.6064599609375001,2.2494384765624993,0.3916162109375001,0.5625522008230144,0.11229817708333333,0.6432349482158112,0.06526936848958335,0.3458386736529356
98,247318$_$1,zero,V,False,0.1,16,2,1.22460942,0.17447917163372034,0.17333988874999995,0.002734375000000011,0.1146484825,0.002597656250000005,0.05869140624999995,0.0001367187500000062,0.6552734825,0.0703125,0.70498051375,0.07983398437500001,0.04970703125000009,0.009521484375000014,0.047926593871379895,2.2786458333334364e-05,0.040590077005877585,0.0015869140625000024,0.022531592849522705
98,247318$_$1,zero,V,False,0.2,16,4,1.22460942,0.17447917163372034,0.31396488874999995,0.007031250000000017,0.2311279746875,0.0028955078125000033,0.08283691406249996,0.004135742187500013,0.5380859825,0.046875,0.61123051375,0.058515625000000016,0.07314453125000009,0.011640625000000016,0.06764348294741765,0.0006892903645833356,0.05972881665501433,0.0019401041666666692,0.032500423533420496
98,247318$_$1,zero,V,False,0.3,16,5,1.22460942,0.17447917163372034,0.36132816999999995,0.014746093749999994,0.282861373125,0.006381835937500001,0.07846679687499997,0.008364257812499994,0.49560551374999995,0.036523437500000006,0.56826176375,0.049609375000000004,0.07265625000000009,0.013085937499999999,0.06407490545033903,0.0013940429687499991,0.05933009291232398,0.002180989583333333,0.03174500772868658
99,247318$_$3,zero,T,False,0.1,5,1,1.937622045,-0.8776692658662797,4.2358398184374995,0.841943359375,1.1479705557421873,0.2509155273437501,3.087869262695312,0.5910278320312499,0.3581847891406249,0.19296875000000013,2.8708389029101555,0.6320263671875,2.5126541137695306,0.4390576171874999,1.5936377669864639,0.09850463867187498,1.296771381953465,0.07317626953124999,0.7655225142857635
99,247318$_$3,zero,T,False,0.2,5,1,1.937622045,-0.8776692658662797,4.2358398184374995,0.841943359375,0.8015151724414059,0.16086181640625,3.4343246459960937,0.68108154296875,0.3581847891406249,0.19296875000000013,3.146018956621093,0.6917578125000001,2.7878341674804683,0.4987890625,1.772442093346435,0.11351359049479166,1.4387907775325146,0.08313151041666667,0.8519694929476019
99,247318$_$3,zero,T,False,0.3,5,2,1.937622045,-0.8776692658662797,4.1131591543749995,0.80859375,2.225616429765624,0.44181152343750013,1.8875427246093754,0.36678222656249987,0.2519836172656249,0.1898437500000001,2.1017257437304684,0.47068603515624996,1.8497421264648435,0.28084228515624987,0.9741537341229215,0.061130371093749976,0.9546449869277043,0.046807047526041645,0.5091840349176043
100,247318$_$2,zero,V,False,0.1,17,2,0.75598146,0.25045573413372035,0.087768569375,0.0390625,0.06948854007812502,0.025039062499999994,0.018280029296874972,0.014023437500000006,0.53479005375,0.201171875,0.5519775537499998,0.2116015625,0.0171874999999998,0.010429687500000007,0.02418049394542166,0.0023372395833333344,0.022735315843174193,0.0017382812500000011,0.012747832655482298
100,247318$_$2,zero,V,False,0.2,17,4,0.75598146,0.25045573413372035,0.174682631875,0.0703125,0.14743653812500002,0.05506835937500001,0.027246093749999978,0.015244140624999993,0.445434585,0.166015625,0.47170411624999986,0.17880859375,0.026269531249999867,0.012792968749999994,0.03604064272866857,0.0025406901041666653,0.03474886341939715,0.0021321614583333323,0.01886558942764143
100,247318$_$2,zero,V,False,0.3,17,6,0.75598146,0.25045573413372035,0.272338881875,0.10019531250000002,0.21942140140625002,0.07985351562500001,0.05291748046874997,0.020341796875000012,0.34240724125,0.1318359375,0.396850600625,0.15116210937500002,0.054443359375,0.01932617187500002,0.06999829132113723,0.003390299479166669,0.07201669649187363,0.003221028645833337,0.03715657898450272
101,247318$_$5,zero,T,False,0.1,19,2,0.23620605000000003,-0.09427082836627967,0.7966613722656251,0.16660156250000002,0.16972503193359376,0.07204376220703125,0.6269363403320313,0.09455780029296877,0.6010742140625001,0.065673828125,1.1995330763671874,0.2153875732421875,0.5984588623046874,0.1497137451171875,2.654181322411974,0.01575963338216146,2.53361981492376,0.024952290852864583,1.30712826539269
101,247318$_$5,zero,T,False,0.2,19,4,0.23620605000000003,-0.09427082836627967,0.9672851515625001,0.2734375,0.3276824904296875,0.1018304443359375,0.6396026611328125,0.17160705566406248,0.31213378437500006,0.17363281250000004,1.1154312086914062,0.21482727050781253,0.8032974243164062,0.04119445800781249,2.7078051274625903,0.028601175944010414,3.400819003143243,0.006865743001302081,1.5360227623877865
101,247318$_$5,zero,T,False,0.3,19,6,0.23620605000000003,-0.09427082836627967,1.376098628125,0.38847656249999996,0.44112090595703124,0.13338623046875003,0.9349777221679688,0.2550903320312499,0.37820435039062494,0.42207031250000004,0.9913543654296875,0.21870574951171876,0.6131500150390625,-0.2033645629882813,3.958297274226018,0.042515055338541656,2.5958158955842445,-0.033894093831380215,1.6406835328293559
102,247318$_$7,zero,T,False,0.1,6,1,3.6884765999999996,-1.4979817658662797,0.9199219124999996,0.19218749999999996,0.27314456874999954,0.0773046875,0.64677734375,0.11488281249999996,1.2006836312499996,0.20234375000000004,3.0354233163085937,0.7944873046875001,1.8347396850585942,0.5921435546875,0.17535075819628132,0.01914713541666666,0.49742465158486915,0.09869059244791667,0.19765328441143346
102,247318$_$7,zero,T,False,0.2,6,2,3.6884765999999996,-1.4979817658662797,1.1384277718749996,0.19140625,0.4641678231445308,0.12085937499999999,0.6742599487304688,0.07054687500000001,0.7548828499999996,0.04296875,2.181396521875,0.46832031249999995,1.4265136718750004,0.42535156249999995,0.1828016926903579,0.011757812500000001,0.3867486336029262,0.07089192708333332,0.16305001646915437
102,247318$_$7,zero,T,False,0.3,6,2,3.6884765999999996,-1.4979817658662797,1.1384277718749996,0.19140625,0.4569290536132808,0.10773437499999998,0.6814987182617187,0.08367187500000002,0.7548828499999996,0.04296875,2.3977844613281247,0.544921875,1.6429016113281252,0.501953125,0.18476422854288685,0.013945312500000003,0.44541455567688015,0.08365885416666667,0.1819457377216084
103,247318$_$6,zero,T,False,0.1,5,1,1.4221191,0.10182292163372034,0.31616206874999997,0.047753906250000006,0.06115718593749997,0.034259643554687504,0.2550048828125,0.013494262695312502,0.2264366556152344,0.084033203125,0.34044057563720703,0.08149276733398438,0.11400392002197263,-0.0025404357910156217,0.1793131837546632,0.0022490437825520835,0.08016476247116726,-0.00042340596516927026,0.06532589601080332
103,247318$_$6,zero,T,False,0.2,5,1,1.4221191,0.10182292163372034,0.31616206874999997,0.047753906250000006,-0.01677250156250003,0.04792449951171876,0.3329345703125,-0.00017059326171875444,0.2264366556152344,0.084033203125,0.411784565715332,0.1052886962890625,0.1853479101000976,0.0212554931640625,0.23411143004905144,-2.8432210286459075e-05,0.13033210774539902,0.0035425821940104165,0.09198942194454361
103,247318$_$6,zero,T,False,0.3,5,2,1.4221191,0.10182292163372034,0.65307613125,0.1015625,-0.02255253085937503,0.065380859375,0.675628662109375,0.036181640625,0.41165165195312503,0.1462890625,0.37568511962890627,0.08042312622070313,-0.03596653232421876,-0.06586593627929688,0.47508551641269614,0.0060302734375,-0.025290784037310745,-0.01097765604654948,0.11121183744158399
104,252998$_$1,zero,T,False,0.1,18,2,1.42626952,-0.04441731274127966,0.13598631687499996,0.060986328125,0.0061767465624999575,0.030744628906250005,0.1298095703125,0.030241699218749998,0.37841795749999996,0.094970703125,0.569395602420349,0.16175781250000001,0.19097764492034908,0.06678710937500001,0.09101328849768277,0.005040283203125,0.13390001562981832,0.011131184895833335,0.06027119305661486
104,252998$_$1,zero,T,False,0.2,18,4,1.42626952,-0.04441731274127966,0.15673826999999996,0.07915039062500001,0.0636886484179687,0.051003417968750006,0.09304962158203126,0.028146972656250005,0.31393431492187496,0.10434570312500002,0.43963621921874996,0.15739257812500002,0.125701904296875,0.05304687499999999,0.06523981269838716,0.004691162109375001,0.08813328364725298,0.008841145833333333,0.04172635107208712
104,252998$_$1,zero,T,False,0.3,18,6,1.42626952,-0.04441731274127966,0.28613280124999996,0.128955078125,0.14504698582031245,0.07874511718750002,0.1410858154296875,0.05020996093749999,0.16128538914062496,0.064892578125,0.31928709812499995,0.12320312500000001,0.158001708984375,0.05831054687500001,0.0989193939377556,0.008368326822916666,0.11077962193621936,0.009718424479166668,0.05694644179401458
105,252998$_$0,zero,T,False,0.1,14,2,1.17114254,0.10875651538372035,0.44458003999999995,0.06699218750000001,0.21933589937499995,0.026535644531250003,0.225244140625,0.04045654296875001,0.827636680625,0.046923828125000004,0.93690181734375,0.030429687500000004,0.10926513671875004,-0.016494140625,0.19232838070814107,0.006742757161458335,0.09329781789066613,-0.0027490234375,0.07240498308069139
105,252998$_$0,zero,T,False,0.2,14,3,1.17114254,0.10875651538372035,0.5178222275,0.06708984375,0.23885494234374996,0.02730712890625,0.27896728515625,0.039782714843750004,0.672363243125,0.05334472656250001,0.839843711875,0.043305664062500006,0.16748046875,-0.010039062500000001,0.23820076329520637,0.006630452473958334,0.14300592799239623,-0.0016731770833333336,0.0965409916695569
105,252998$_$0,zero,T,False,0.3,14,5,1.17114254,0.10875651538372035,0.65014644625,0.07080078125000001,0.40972896578124995,0.0225390625,0.24041748046875,0.048261718750000016,0.31298824312499995,0.08560791015625001,0.5643188095312499,0.028248291015625003,0.25133056640624996,-0.057359619140625005,0.20528438424272913,0.00804361979166667,0.21460270054194208,-0.009559936523437501,0.10459269201322509
106,252998$_$5,zero,T,False,0.1,41,5,4.5654297,-1.7284505158662797,0.11816407500000015,0.010937500000000044,0.03325196562500014,0.013515625000000054,0.084912109375,-0.0025781250000000092,3.80303956328125,1.11796875,4.612245190722655,1.5472119140625,0.809205627441405,0.42924316406250007,0.018598926356499068,-0.0004296875000000015,0.1772462842205457,0.07154052734375001,0.0667390126051987
106,252998$_$5,zero,T,False,0.2,41,9,4.5654297,-1.7284505158662797,0.29101563750000015,0.026562500000000044,0.10400391875000015,0.020234375000000027,0.18701171875,0.006328125000000018,2.0810547,0.38984375000000004,2.8918090945312507,0.7828515625,0.8107543945312505,0.39300781249999994,0.04096255776043211,0.0010546875000000029,0.17758552211322592,0.06550130208333332,0.07127601736424784
106,252998$_$5,zero,T,False,0.3,41,13,4.5654297,-1.7284505158662797,0.7656250125000001,0.11406249999999996,0.23125001250000016,0.01546875000000002,0.534375,0.09859374999999994,0.9667968875000001,0.07343750000000004,1.7815918093750003,0.35101562499999994,0.8147949218750001,0.2775781249999999,0.11704810238385614,0.016432291666666658,0.17847054865491663,0.046263020833333314,0.0895534908846932
107,252998$_$4,zero,T,False,0.1,48,5,1.79696659,-0.8518880158662797,1.20468143375,0.32421875,0.14534000308593759,0.032460937499999995,1.0593414306640625,0.2917578125,2.2278747931250003,0.452734375,3.095468176914062,0.7393482208251954,0.8675933837890617,0.28661384582519533,0.589516158532421,0.04862630208333333,0.48280970041817045,0.04776897430419922,0.292180283834531
107,252998$_$4,zero,T,False,0.2,48,10,1.79696659,-0.8518880158662797,2.1265564337500003,0.46796875000000004,0.4251709357031251,0.06005859375,1.7013854980468752,0.40791015625000004,1.52597049625,0.224609375,2.750166358066406,0.5719873046875,1.224195861816406,0.34737792968750003,0.946809228789082,0.06798502604166667,0.681256506032146,0.057896321614583336,0.4384867706193695
107,252998$_$4,zero,T,False,0.3,48,15,1.79696659,-0.8518880158662797,2.1812439337500003,0.457421875,0.635009802890625,0.08060546875,1.5462341308593752,0.37681640624999996,1.44589237125,0.22734374999999996,2.451242102695312,0.474208984375,1.005349731445312,0.24686523437500002,0.8604685690849746,0.06280273437499999,0.5594701524056491,0.04114420572916667,0.3809714153986976
108,252998$_$7,zero,V,False,0.1,37,4,0.14685059,0.36373698413372035,-0.1813964803125,0.10429687499999996,-0.17207030843749999,0.10078125,-0.009326171875000011,0.003515624999999953,1.0994873006249999,0.55234375,1.10621337484375,0.5654687500000001,0.006726074218750044,0.013125000000000053,-0.06350746270435349,0.0005859374999999922,0.04580184810222378,0.002187500000000009,-0.003733044275532428
108,252998$_$7,zero,V,False,0.2,37,8,0.14685059,0.36373698413372035,-0.435516353359375,0.25117187500000004,-0.3520034749414063,0.20033203124999996,-0.08351287841796867,0.050839843750000085,0.9848632771875,0.51484375,1.0237121541406249,0.5386328125,0.03884887695312489,0.023789062499999902,-0.5686889629044444,0.008473307291666681,0.2645451571421521,0.003964843749999984,-0.07292641368015639
108,252998$_$7,zero,V,False,0.3,37,12,0.14685059,0.36373698413372035,-0.609405513515625,0.351953125,-0.5000472981835938,0.28453125,-0.10935821533203116,0.06742187499999996,0.8521728475,0.44999999999999996,0.941607661953125,0.5029296875,0.08943481445312496,0.052929687500000044,-0.7446852657981514,0.01123697916666666,0.6090149548474413,0.00882161458333334,-0.028902929300177533
109,252998$_$8,zero,T,False,0.1,11,2,1.99206542,-0.8706380158662798,3.1761474512500003,0.7725585937500001,1.0727859400195314,0.2273608398437501,2.103361511230469,0.54519775390625,2.2701415918750003,0.39960937500000004,3.256146230546876,0.72693603515625,0.9860046386718757,0.32732666015625,1.0558691668676736,0.09086629231770833,0.4949657445015692,0.054554443359375,0.42406391176158154
109,252998$_$8,zero,T,False,0.2,11,3,1.99206542,-0.8706380158662798,3.3494872950000003,0.7668945312500001,1.8409301660937505,0.39306396484375006,1.5085571289062498,0.37383056640625,1.9559326075,0.30937500000000007,2.9781951807421883,0.616937255859375,1.0222625732421882,0.3075622558593749,0.7572825452809198,0.06230509440104167,0.5131669119959305,0.05126037597656249,0.34600373191361355
109,252998$_$8,zero,T,False,0.3,11,4,1.99206542,-0.8706380158662798,3.3984374903125003,0.7578125000000001,1.8661880396289068,0.36597656250000005,1.5322494506835935,0.39183593750000006,1.72497557625,0.24609375,2.945655813066407,0.5909887695312499,1.220680236816407,0.3448950195312499,0.7691758845488663,0.06530598958333335,0.6127708516949987,0.05748250325520832,0.37618380727060163
110,257247$_$10,zero,T,False,0.1,8,1,3.2978515,-1.0425130158662796,0.9208983750000002,0.37187499999999996,0.25544427343750015,0.0795703125,0.6654541015625,0.29230468749999994,2.593017515625,0.5765625,3.8576629013671893,1.0290640258789066,1.264645385742189,0.4525015258789066,0.2017840705618277,0.048717447916666656,0.38347542400461787,0.07541692097981777,0.1773484658657325
110,257247$_$10,zero,T,False,0.2,8,2,3.2978515,-1.0425130158662796,1.8093261093750002,0.625390625,0.49995110937500015,0.14187500000000003,1.309375,0.48351562499999995,1.6047362656250002,0.2499999999999999,3.1786467880859375,0.8446350097656248,1.5739105224609373,0.5946350097656249,0.39703867895850403,0.0805859375,0.4772531586724807,0.09910583496093749,0.26349590252298055
110,257247$_$10,zero,T,False,0.3,8,3,3.2978515,-1.0425130158662796,2.4468993515625,0.744140625,1.0037978500976563,0.23352539062499997,1.4431015014648438,0.510615234375,0.9179686875000002,0.0234375,2.2746672958984377,0.580443115234375,1.3566986083984376,0.557005615234375,0.43758824916058064,0.0851025390625,0.41138850460972326,0.09283426920572917,0.25672839050963325
111,257247$_$12,zero,T,False,0.1,19,2,3.5947265,-1.3847005158662797,0.6279296250000002,0.29218750000000004,0.07490228125000016,0.03386718750000001,0.55302734375,0.25832031250000004,2.7413329453125,0.7671875,4.115486082519533,1.4187176513671875,1.374153137207033,0.6515301513671875,0.15384402399069189,0.04305338541666667,0.3822690696880453,0.10858835856119792,0.17193870941415046
111,257247$_$12,zero,T,False,0.2,19,4,3.5947265,-1.3847005158662797,0.7783202500000002,0.29609375000000004,0.15014642187500016,0.04242187500000003,0.628173828125,0.253671875,1.9099120468750002,0.3851562500000001,3.682218870605469,1.224200439453125,1.7723068237304687,0.8390441894531249,0.17474866401556166,0.04227864583333333,0.4930295338743948,0.13984069824218748,0.21247438549136932
111,257247$_$12,zero,T,False,0.3,19,6,3.5947265,-1.3847005158662797,1.0654296250000002,0.3148437500000001,0.39301751562500015,0.08011718750000002,0.672412109375,0.23472656250000007,1.2607421250000002,0.2093750000000001,2.302004942382813,0.6500683593749998,1.0412628173828127,0.44069335937499976,0.18705509927386704,0.03912109375000001,0.28966390842777723,0.07344889322916663,0.14732224867020272
112,257247$_$2,zero,T,False,0.1,18,2,1.4213867,0.05021159350872034,0.32031248125,0.073779296875,0.14263914140625006,0.039365234374999995,0.17767333984374994,0.0344140625,0.5854492,0.20180664062500003,0.7743774226562499,0.258408203125,0.18892822265624987,0.05660156249999998,0.12499991370668956,0.005735677083333334,0.13291814939460211,0.009433593749999997,0.06827183348365626
112,257247$_$2,zero,T,False,0.2,18,4,1.4213867,0.05021159350872034,0.52539060625,0.121728515625,0.20476072343750004,0.06139892578125,0.32062988281249993,0.06032958984375,0.339111309375,0.148974609375,0.7084838679687498,0.23505859375,0.36937255859374984,0.08608398437499998,0.22557524791617373,0.010054931640625,0.25986756364484503,0.014347330729166663,0.12746126848270262
112,257247$_$2,zero,T,False,0.3,18,6,1.4213867,0.05021159350872034,0.63378904375,0.163330078125,0.36146238359375005,0.10250732421875,0.27232666015624996,0.06082275390625,0.18310545,0.103662109375,0.49520261796874987,0.178935546875,0.31209716796874987,0.07527343749999998,0.19159210407987207,0.010137125651041667,0.21957216033932886,0.012545572916666664,0.10846174074672732
113,258654$_$1,zero,T,False,0.1,48,5,3.5927735,-1.4456380158662798,1.0039063124999998,0.3421875000000001,0.16704107812499985,0.03933593750000003,0.836865234375,0.30285156250000006,4.1651611953125,1.5241210937500003,4.953375306640623,1.7874121093750006,0.7882141113281236,0.26329101562500035,0.23293007517588427,0.050475260416666674,0.21938869565237773,0.04388183593750006,0.13666896679560717
113,258654$_$1,zero,T,False,0.2,48,10,3.5927735,-1.4456380158662798,1.3574219374999998,0.47343750000000007,0.46518560937499986,0.10773437500000002,0.892236328125,0.365703125,3.108673158203125,1.0765625,4.222879090820311,1.5248449707031253,1.1142059326171863,0.4482824707031252,0.24834186730199737,0.060950520833333334,0.31012409284723724,0.07471374511718754,0.17353255652493887
113,258654$_$1,zero,T,False,0.3,48,15,3.5927735,-1.4456380158662798,2.208252015625,0.8464843750000001,0.8197998671874999,0.20707031250000005,1.3884521484375,0.6394140625,1.7592774062499998,0.44921875,3.3301897673950194,1.1666278457641601,1.5709123611450195,0.7174090957641601,0.38645680335281274,0.10656901041666667,0.43724212614652536,0.11956818262736002,0.2624590306358412
114,258654$_$3,zero,T,False,0.1,48,5,2.7661132999999998,-1.3065755158662797,1.5820312687499998,0.817578125,0.3686432072265623,0.1658579444885254,1.2133880615234376,0.6517201805114746,3.5612793156249998,1.36787109375,4.604150409375,1.84228515625,1.0428710937500005,0.47441406249999996,0.43866157718914134,0.10862003008524578,0.3770166307842017,0.07906901041666665,0.2508418121188139
114,258654$_$3,zero,T,False,0.2,48,10,2.7661132999999998,-1.3065755158662797,3.4937744328124998,1.8121093750000001,0.5925872990234374,0.22057617187499995,2.9011871337890622,1.5915332031250002,2.3737182804687498,0.77734375,4.204920978222656,1.7479638671875002,1.8312026977539064,0.9706201171875002,1.0488312553783705,0.2652555338541667,0.6620126643913111,0.16177001953125003,0.5344673682887746
114,258654$_$3,zero,T,False,0.3,48,15,2.7661132999999998,-1.3065755158662797,4.0864258,2.059375,1.2280304142578125,0.46729492187500005,2.8583953857421873,1.5920800781250002,1.3210449406249998,0.28125,3.465522784863281,1.4587231445312498,2.1444778442382812,1.1774731445312498,1.0333612699020382,0.26534667968750003,0.7752672563958334,0.19624552408854165,0.5675551825184784
115,258654$_$4,zero,T,False,0.1,15,2,1.55883788,0.04991862475872034,0.2941894425,0.062060546875000004,-0.007666026249999991,0.015539550781250003,0.30185546875,0.04652099609375,0.70092772375,0.241943359375,1.1559814346874997,0.376318359375,0.4550537109374997,0.13437500000000002,0.19364122400513903,0.007753499348958334,0.291918373845987,0.022395833333333337,0.12892723263335443
115,258654$_$4,zero,T,False,0.2,15,3,1.55883788,0.04991862475872034,0.32592772375,0.080810546875,0.11107176671875,0.046977539062500004,0.21485595703125,0.033833007812499996,0.437988270625,0.17514648437500002,0.8036254776562501,0.27803710937500004,0.36563720703125013,0.10289062500000001,0.13783076608356729,0.005638834635416666,0.23455740790302212,0.017148437500000002,0.09879386153050153
115,258654$_$4,zero,T,False,0.3,15,5,1.55883788,0.04991862475872034,0.53393553625,0.145654296875,0.14722899328125,0.07264404296875002,0.38670654296875,0.07301025390624999,0.09118651281250001,0.08686523437500002,0.5748168839062501,0.21449707031250004,0.48363037109375007,0.12763183593750002,0.248073452574361,0.012168375651041665,0.31025039040195745,0.021271972656250002,0.14794104782090253
116,266791$_$24,zero,T,False,0.1,16,2,3.7314453,-1.4378255158662798,0.12890623749999985,0.03750000000000009,0.05532225312499985,0.04507812499999999,0.073583984375,-0.007578124999999901,2.8421630734375,0.6062500000000001,2.9511886471679682,0.665234375,0.1090255737304684,0.05898437499999998,0.019719963375863132,-0.0012630208333333167,0.029218047096234077,0.009830729166666663,0.014376429701357638
116,266791$_$24,zero,T,False,0.2,16,4,3.7314453,-1.4378255158662798,0.11035154999999985,0.034375000000000044,0.08740233124999985,0.053593749999999954,0.02294921875,-0.01921874999999991,2.452392565625,0.534375,2.2276000851562494,0.4238671875000001,-0.22479248046875044,-0.11050781249999997,0.006150220827243313,-0.003203124999999985,-0.06024272156047119,-0.018417968749999996,-0.018928398620806964
116,266791$_$24,zero,T,False,0.3,16,5,3.7314453,-1.4378255158662798,0.11328123749999985,0.0625,0.20825194062499985,0.05179687499999998,-0.094970703125,0.010703125000000022,1.7646484249999999,0.2914062500000001,1.7091918820312497,0.28289062500000006,-0.05545654296875013,-0.008515625000000027,-0.025451445763804776,0.0017838541666666703,-0.014861943201152361,-0.0014192708333333377,-0.009987201407905951
117,266791$_$20,zero,V,False,0.1,36,4,0.28887939999999995,0.34615885913372035,-0.32550048281250005,0.154296875,-0.2476211493164063,0.12749999999999997,-0.07787933349609374,0.026796875000000026,1.41375731875,0.632421875,1.4459106390625003,0.6356640625,0.03215332031250018,0.003242187499999938,-0.26959023006093097,0.004466145833333338,0.11130322553035854,0.0005403645833333229,-0.03832012352847645
117,266791$_$20,zero,V,False,0.2,36,8,0.28887939999999995,0.34615885913372035,-0.6022338812500001,0.28515625,-0.4813354437499999,0.24156250000000004,-0.12089843750000018,0.04359374999999996,1.257751459375,0.578515625,1.3200561468750003,0.5894531250000001,0.06230468750000018,0.010937500000000155,-0.41850688901012395,0.0072656249999999934,0.2156764096837314,0.0018229166666666925,-0.048435484414931465
117,266791$_$20,zero,V,False,0.3,36,11,0.28887939999999995,0.34615885913372035,-0.7772827093750001,0.3578125,-0.6391723578125003,0.31376953125000007,-0.13811035156249984,0.04404296874999991,1.123962396875,0.532421875,1.2306030218750004,0.558515625,0.10664062500000027,0.026093749999999916,-0.4780883423122506,0.007340494791666652,0.3691514723740354,0.004348958333333319,-0.024311854203303812
118,266791$_$21,zero,T,False,0.1,48,5,3.5166015999999996,-1.2659505158662798,0.18066409999999955,0.03281250000000013,0.00947269374999955,0.038046874999999945,0.17119140625,-0.005234374999999812,2.2719726937499996,0.31562500000000004,2.969488562890625,0.5403320312500001,0.6975158691406254,0.22470703125000002,0.04868090760383332,-0.000872395833333302,0.19834935830981454,0.037451171875,0.07090226048882864
118,266791$_$21,zero,T,False,0.2,48,10,3.5166015999999996,-1.2659505158662798,0.41650394374999955,0.05312500000000009,0.10659183437499956,0.05300781249999995,0.309912109375,0.00011718750000013628,0.9414062874999996,0.11093749999999991,1.7935303109374998,0.17113281250000006,0.8521240234375003,0.06019531250000015,0.08812827169467487,1.9531250000022714e-05,0.24231456333379847,0.01003255208333336,0.08512372959045168
118,266791$_$21,zero,T,False,0.3,48,15,3.5166015999999996,-1.2659505158662798,0.6723633187499996,0.09921875000000013,0.10898441249999954,0.10863281249999997,0.56337890625,-0.009414062499999834,0.32226566249999955,0.2671874999999999,1.4020264046875,0.13210937500000006,1.0797607421875004,-0.13507812499999985,0.16020545120736704,-0.001569010416666639,0.30704656311961454,-0.02251302083333331,0.11079249576924541
119,266791$_$23,zero,V,False,0.1,34,4,0.1208496,0.06417643725872034,0.1608886625,0.08657226562499999,0.12131346718750002,0.0763330078125,0.03957519531249998,0.010239257812499986,0.64477538125,0.340185546875,0.6884277249999999,0.349677734375,0.04365234374999993,0.009492187499999971,0.32747206313001326,0.0017065429687499977,0.3612091603186077,0.0015820312499999951,0.17299244941684275
119,266791$_$23,zero,V,False,0.2,34,7,0.1208496,0.06417643725872034,0.26000975625,0.13315429687500002,0.20205077187500003,0.12035156250000001,0.05795898437499997,0.012802734375000013,0.5895996,0.317138671875,0.6543945218749999,0.32953125,0.06479492187499991,0.012392578124999998,0.47959202829774916,0.0021337890625000022,0.5361572211888059,0.0020654296874999998,0.2549871170591388
119,266791$_$23,zero,V,False,0.3,34,11,0.1208496,0.06417643725872034,0.3757324125,0.183544921875,0.3135009671874999,0.17456054687500003,0.06223144531250008,0.008984374999999961,0.52563475625,0.289404296875,0.5866943265625,0.29684570312499997,0.06105957031249998,0.007441406249999949,0.5149452738546608,0.001497395833333327,0.5052483836447645,0.0012402343749999916,0.2557328219269397
120,266791$_$29,zero,T,False,0.1,3,1,1.810302722,0.08307292163372033,0.5224609251250001,0.013525390624999994,0.057055651687500084,0.029106445312499996,0.4654052734375,-0.015581054687500002,0.07946776106250009,0.083294677734375,0.585870348953125,0.03986846923828125,0.5064025878906249,-0.04342620849609375,0.25708684558374895,-0.002596842447916667,0.27973349539996406,-0.007237701416015625,0.13174644927994517
120,266791$_$29,zero,T,False,0.2,3,1,1.810302722,0.08307292163372033,0.5224609251250001,0.013525390624999994,0.19230955793750013,0.024707031249999994,0.33015136718749993,-0.011181640625,0.07946776106250009,0.083294677734375,0.44008787825000006,0.0523193359375,0.3606201171875,-0.030975341796875,0.18237346759843867,-0.0018636067708333332,0.19920420689910065,-0.005162556966145833,0.09363787769014005
120,266791$_$29,zero,T,False,0.3,3,1,1.810302722,0.08307292163372033,0.5224609251250001,0.013525390624999994,0.06398314192187508,0.028327636718749993,0.458477783203125,-0.014802246093749999,0.07946776106250009,0.083294677734375,0.572442614578125,0.04123504638671875,0.49297485351562487,-0.04205963134765625,0.2532601450416313,-0.0024670410156249997,0.27231610227867875,-0.007009938557942709,0.12902481693668558
121,266791$_$3,zero,V,False,0.1,19,2,0.84448247,-0.3054036408662797,0.17749028249999999,0.06875,0.14512944265625,0.05207031250000003,0.03236083984374999,0.016679687499999978,0.86791997,0.24155273437500002,0.8758301262499998,0.24684814453125004,0.0079101562499998,0.005295410156250013,0.03832027623199065,0.0027799479166666628,0.00936685741166704,0.0008825683593750022,0.012837412479924839
121,266791$_$3,zero,V,False,0.2,19,4,0.84448247,-0.3054036408662797,0.35571293875,0.13251953125000002,0.26052250906249996,0.08797851562500002,0.09519042968750002,0.044541015625,0.7595215325,0.21904296875,0.8138672356249999,0.23926269531250005,0.05434570312499987,0.02021972656250004,0.1127202995311442,0.007423502604166667,0.0643537796246028,0.00336995442708334,0.04696688404674925
121,266791$_$3,zero,V,False,0.3,19,6,0.84448247,-0.3054036408662797,0.47290043875,0.16601562500000003,0.3798340325,0.1255712890625,0.09306640625000001,0.04044433593750002,0.666748095,0.19921875000000003,0.7343994621874999,0.22363525390625,0.06765136718749987,0.02441650390624997,0.11020512485578908,0.006740722656250003,0.08010975891274683,0.004069417317708328,0.05028125593562356
122,266791$_$5,zero,T,False,0.1,32,4,3.2021485,-1.2682942658662797,1.0615234999999998,0.38671875,0.21745611718749985,0.07320312500000002,0.8440673828125,0.31351562499999996,1.9497070937499998,0.50234375,3.0973068862304687,0.9330859375000001,1.1475997924804688,0.43074218750000015,0.2635939960993389,0.05225260416666666,0.3583842017621191,0.07179036458333336,0.1865052916528645
122,266791$_$5,zero,T,False,0.2,32,7,3.2021485,-1.2682942658662797,1.9870606093749998,0.60546875,0.48638922265624984,0.10964843749999997,1.50067138671875,0.4958203125,0.8574219374999998,0.09609374999999987,2.4481842666015625,0.6988769531249999,1.5907623291015627,0.602783203125,0.4686450107088223,0.08263671875,0.496779531718167,0.1004638671875,0.2871312820911224
122,266791$_$5,zero,T,False,0.3,32,10,3.2021485,-1.2682942658662797,2.450531068359375,0.767578125,0.5678726821289061,0.12484374999999999,1.8826583862304687,0.642734375,0.37988287499999984,0.05859375,2.1572678237304688,0.558818359375,1.777384948730469,0.500224609375,0.5879358181841505,0.10712239583333333,0.5550599523009369,0.08337076822916667,0.3333722336368969
123,266791$_$4,zero,T,False,0.1,13,2,3.7265625,-1.5143880158662797,2.991943359375,1.01015625,1.410333251953125,0.47976562500000003,1.581610107421875,0.5303906250000001,1.751953125,0.25,3.276814270019531,0.765771484375,1.524861145019531,0.515771484375,0.42441517699131515,0.08839843750000002,0.4091869479802319,0.08596191406249999,0.2519906191335118
123,266791$_$4,zero,T,False,0.2,13,3,3.7265625,-1.5143880158662797,4.72607421875,1.3265625,1.2223861694335938,0.34853515624999987,3.5036880493164064,0.9780273437500002,1.41650390625,0.20156249999999987,3.4271240234375,0.8608984374999998,2.0106201171875,0.6593359375,0.9401927672281464,0.1630045572916667,0.5395373290130437,0.10988932291666666,0.4381559941123808
123,266791$_$4,zero,T,False,0.3,13,4,3.7265625,-1.5143880158662797,4.76220703125,1.320703125,0.913934326171875,0.21093749999999994,3.848272705078125,1.109765625,1.1708984375,0.1171875,4.070314025878906,1.0878222656249998,2.899415588378906,0.9706347656249998,1.0326599037097113,0.1849609375,0.7780400329630518,0.16177246093749997,0.5393583337775658
124,266791$_$6,zero,T,False,0.1,36,4,1.5483704,0.13639323413372034,0.09475711875000004,0.03544921875,0.024015846777343787,0.010205078125,0.07074127197265626,0.025244140624999998,1.08792118125,0.0945556640625,0.9185287862304687,0.18834411621093752,-0.1693923950195313,0.09378845214843752,0.04568753463972291,0.004207356770833333,-0.10940036416297233,0.015631408691406255,-0.01096851601525246
124,266791$_$6,zero,T,False,0.2,36,8,1.5483704,0.13639323413372034,0.20596317343750004,0.068212890625,0.07788852744140629,0.029482421875000005,0.12807464599609375,0.03873046874999999,0.8424377828125,0.057666015625,0.7004623799804687,0.14380582809448242,-0.14197540283203136,0.08613981246948242,0.08271571406969526,0.006455078124999999,-0.09169337720396499,0.014356635411580403,0.002958512600577668
124,266791$_$6,zero,T,False,0.3,36,11,1.5483704,0.13639323413372034,0.29873661093750004,0.0875,0.12332004599609378,0.038840332031249994,0.17541656494140626,0.04865966796875,0.632354775,0.05454101562500001,0.5702057271484374,0.13090751647949223,-0.06214904785156261,0.07636650085449222,0.11329101334563933,0.008109944661458333,-0.040138333639824796,0.012727750142415369,0.023497593627422056
125,266791$_$8,zero,T,False,0.1,11,2,0.75439454,-0.3688802033662797,1.1196289149999998,0.1322265625,0.042102059531249944,0.0628125,1.0775268554687498,0.06941406250000001,0.06323243062499995,0.3267578125,1.3042724696874999,0.05020507812499999,1.2410400390624998,-0.27655273437500005,1.428331423418476,0.01156901041666667,1.6450787064071188,-0.046092122395833345,0.7597217544616071
125,266791$_$8,zero,T,False,0.2,11,3,0.75439454,-0.3688802033662797,1.4736328212499998,0.16953125000000002,0.4659057704687498,0.09507812500000001,1.00772705078125,0.07445312500000001,0.21020506937500005,0.3685546875000001,0.8656494210624999,0.1393359375,0.6554443516874998,-0.22921875000000008,1.335807275293873,0.012408854166666669,0.8688338105597759,-0.03820312500000001,0.5447117037550789
125,266791$_$8,zero,T,False,0.3,11,4,0.75439454,-0.3688802033662797,1.4638671962499998,0.12304687500000003,0.46080323140624985,0.10855468750000004,1.00306396484375,0.01449218749999999,0.12353514750000005,0.2822265625,0.9216674874687498,0.10979492187500002,0.7981323399687498,-0.172431640625,1.3296260537857236,0.0024153645833333314,1.057975952467521,-0.02873860677083333,0.5903196910164361
126,266791$_$11,zero,V,False,0.1,11,2,0.39660644,0.4524088591337203,-0.381622319765625,0.14882812499999998,-0.332879643984375,0.12673828125000006,-0.04874267578125002,0.02208984374999992,1.034301763125,0.376953125,1.11719971234375,0.40953125,0.08289794921875004,0.03257812500000001,-0.12289904541692416,0.003681640624999987,0.2090176352182149,0.005429687500000002,0.02380747948157268
126,266791$_$11,zero,V,False,0.2,11,3,0.39660644,0.4524088591337203,-0.4829101615625,0.19101562500000002,-0.4763336234765626,0.18451171875,-0.006576538085937389,0.006503906250000024,0.9989013725,0.362890625,1.0327026420312502,0.37777343750000003,0.03380126953125018,0.014882812500000009,-0.016581983650980903,0.001083984375000004,0.08522600970685315,0.0024804687500000013,0.018052119795218063
126,266791$_$11,zero,V,False,0.3,11,4,0.39660644,0.4524088591337203,-0.63220215375,0.2421875,-0.6258850150781251,0.23636718750000005,-0.006317138671874889,0.005820312499999952,0.909301763125,0.3359375,0.9229064994531251,0.34326171875,0.013604736328125089,0.00732421875,-0.015927937892125498,0.0009700520833333254,0.03430277638796965,0.001220703125,0.005141398426044369
127,266791$_$14,zero,T,False,0.1,26,3,0.2565918,-0.16165364086627967,0.879638675,0.3480468750000001,0.05659179999999999,0.07090942382812501,0.8230468750000001,0.27713745117187505,0.25268555,0.27460937500000004,0.20555114527343754,0.06579101562499999,-0.04713440472656244,-0.20881835937500004,3.207599258435935,0.046189575195312506,-0.18369340342582663,-0.03480305989583334,0.7588230925773969
127,266791$_$14,zero,T,False,0.2,26,6,0.2565918,-0.16165364086627967,0.981933596875,0.43281250000000004,0.045809939648437506,0.14807861328125,0.9361236572265625,0.28473388671875005,0.4050293,0.36640625000000004,0.22386932248046879,0.13739990234375002,-0.1811599775195312,-0.22900634765625003,3.6482849761433784,0.04745564778645834,-0.7060212816553357,-0.038167724609375,0.7378879044162816
127,266791$_$14,zero,T,False,0.3,26,8,0.2565918,-0.16165364086627967,0.16137695624999998,0.179296875,-0.041015621875000005,0.13447357177734376,0.202392578125,0.044823303222656236,0.17065429375000002,0.20405273437500002,0.17494506710937502,0.12815216064453125,0.004290773359375,-0.07590057373046877,0.7887695138951679,0.007470550537109373,0.01672211129608859,-0.012650095621744795,0.20007802002665526
128,270254$_$23,zero,T,False,0.1,17,2,2.5996093399999998,-0.7018880158662797,0.7495116837499998,0.22890624999999998,0.14567867593749978,0.06925781250000002,0.6038330078125,0.15964843749999996,1.7171630509374998,0.10781250000000009,2.852728999423828,0.36372558593750004,1.1355659484863283,0.25591308593749995,0.23227827590980427,0.02660807291666666,0.4368216001504011,0.04265218098958332,0.18459003249161385
128,270254$_$23,zero,T,False,0.2,17,4,2.5996093399999998,-0.7018880158662797,1.0139159806249998,0.23124999999999996,0.3545898087499998,0.06166015625000001,0.659326171875,0.16958984374999994,1.2499999649999998,0.16562500000000002,2.2632110245703125,0.25357910156249996,1.0132110595703128,0.08795410156249994,0.25362499976631114,0.028264973958333325,0.3897549736512868,0.014659016927083324,0.17157599107575366
128,270254$_$23,zero,T,False,0.3,17,6,2.5996093399999998,-0.7018880158662797,1.0554198868749998,0.138671875,0.684075892734375,0.13201171875,0.3713439941406248,0.006660156249999993,0.9426269181249998,0.12968750000000007,1.6619611390112303,0.201806640625,0.7193342208862306,0.07211914062499994,0.14284602135434837,0.0011100260416666656,0.27670847811992877,0.012019856770833323,0.10817109557169428
129,270254$_$0,zero,A,False,0.1,18,2,0.73681644,0.5281901091337203,0.22509769000000002,0.07929687499999993,0.17443851031250004,0.06273437499999997,0.05065917968749997,0.016562499999999966,1.0493164400000001,0.315625,1.0599609712499998,0.31953124999999993,0.010644531249999645,0.0039062499999999445,0.0687540453541653,0.002760416666666661,0.014446633144296428,0.0006510416666666574,0.021653034207948757
129,270254$_$0,zero,A,False,0.2,18,4,0.73681644,0.5281901091337203,0.40478519,0.142578125,0.33369144000000006,0.11825195312499996,0.07109374999999996,0.02432617187500004,0.926269565,0.286328125,0.9617187837499998,0.29908203125,0.035449218749999734,0.012753906250000002,0.0964876048536527,0.004054361979166673,0.048111264508070996,0.002125651041666667,0.03769472059563926
129,270254$_$0,zero,A,False,0.3,18,6,0.73681644,0.5281901091337203,0.53369144,0.18281249999999993,0.47951663531250005,0.16526367187499996,0.05417480468749997,0.01754882812499997,0.81103519,0.2572265625,0.850634799375,0.27275390624999996,0.039599609374999956,0.015527343749999978,0.07352541042934592,0.0029248046874999953,0.05374412605515954,0.0025878906249999964,0.033195557949251366
130,270254$_$6,zero,T,False,0.1,32,4,0.34545898,-0.018782547116279663,0.38598632375,0.09648437500000001,-0.07676392039062496,0.034554443359375006,0.462750244140625,0.061929931640625005,0.4089355425,0.15742187500000002,0.4236755327343751,0.08475402832031251,0.014739990234375056,-0.07266784667968751,1.3395191076564787,0.0103216552734375,0.04266772155308715,-0.012111307779947919,0.34509929417576385
130,270254$_$6,zero,T,False,0.2,32,7,0.34545898,-0.018782547116279663,-0.07360840281249997,0.021679687500000003,-0.10695648630859371,0.054859619140625,0.033348083496093736,-0.033179931640625,0.12304687062500003,0.0470947265625,0.29064330792187504,0.09195549011230471,0.167596437296875,0.04486076354980471,0.09653240730255856,-0.005529988606770834,0.4851399496314306,0.007476793924967451,0.14590479056304645
130,270254$_$6,zero,T,False,0.3,32,10,0.34545898,-0.018782547116279663,0.10168456593750003,0.07548828125000001,-0.0003616376757812234,0.08294281005859375,0.10204620361328125,-0.007454528808593736,0.07910155812500003,0.077783203125,0.25280151060937506,0.10286445617675781,0.17369995248437503,0.025081253051757804,0.29539225820971,-0.001242421468098956,0.5028077419687659,0.004180208841959634,0.20028444688808414
131,270254$_$8,zero,T,False,0.1,24,3,4.4238282,-1.7034505158662798,0.4873047625,0.1328125,0.08784187187499999,0.027578124999999988,0.399462890625,0.10523437500000002,2.00732429375,0.296875,3.518234327929688,1.0030371093750001,1.510910034179688,0.7061621093750001,0.09029799130242189,0.017539062500000004,0.34153896225914143,0.11769368489583336,0.14176742523934915
131,270254$_$8,zero,T,False,0.2,24,5,4.4238282,-1.7034505158662798,0.8837891375,0.2484375000000001,0.17597663749999998,0.03570312499999997,0.7078125,0.21273437500000011,1.2753907,0.06718749999999996,2.9085190569335944,0.74392578125,1.6331283569335944,0.67673828125,0.15999996111965623,0.035455729166666686,0.3691662320357202,0.11278971354166667,0.16935290896592745
131,270254$_$8,zero,T,False,0.3,24,8,4.4238282,-1.7034505158662798,0.9697266375,0.18281250000000004,0.300537184375,0.06031249999999999,0.669189453125,0.12250000000000005,0.9677735125,0.04062500000000013,2.2219116960937506,0.49851562500000013,1.2541381835937506,0.457890625,0.15126927891452047,0.020416666666666677,0.28349606797517196,0.07631510416666666,0.13287427943075644
132,270254$_$11,zero,A,False,0.1,6,1,0.3623046999999999,0.4219401091337204,0.16210938749999992,0.0703125,0.18247071562499997,0.07116210937500003,-0.02036132812500005,-0.0008496093750000322,0.7768554812499999,0.24101562500000004,0.7817627078124998,0.243359375,0.004907226562499867,0.00234374999999995,-0.0561993038613526,-0.00014160156250000536,0.013544436542124146,0.0003906249999999917,-0.010601460970432117
132,270254$_$11,zero,A,False,0.2,6,2,0.3623046999999999,0.4219401091337204,0.3281250124999999,0.13046875000000002,0.34238282499999995,0.12644531250000002,-0.014257812500000022,0.0040234375000000044,0.6562500124999999,0.21464843750000004,0.6547363406249997,0.21943359375000004,-0.0015136718750001776,0.0047851562500000056,-0.03935298975423248,0.0006705729166666674,-0.004177885898566261,0.0007975260416666676,-0.010515694173616351
132,270254$_$11,zero,A,False,0.3,6,2,0.3623046999999999,0.4219401091337204,0.3281250124999999,0.13046875000000002,0.33681641874999996,0.12851562500000005,-0.008691406250000033,0.0019531249999999722,0.6562500124999999,0.21464843750000004,0.6527832156249997,0.21681152343750001,-0.0034667968750001776,0.0021630859374999756,-0.023989151288539033,0.0003255208333333287,-0.009568706412844675,0.0003605143229166626,-0.00821795563628343
133,270254$_$14,zero,V,False,0.1,10,1,0.026367189999999985,-0.14993489086627967,0.15991211187499998,0.05136718750000001,0.14957275640625003,0.04687011718750002,0.01033935546874995,0.00449707031249999,0.908050539609375,0.2546875,0.9264068628515624,0.26933837890625006,0.01835632324218739,0.014650878906250053,0.392114721137475,0.0007495117187499983,0.6961540872614843,0.0024418131510416754,0.27286503331718776
133,270254$_$14,zero,V,False,0.2,10,2,0.026367189999999985,-0.14993489086627967,0.289794924375,0.09150390625,0.27271728765625003,0.08633056640625,0.017077636718749956,0.0051733398437499994,0.8355712915625,0.23530273437500002,0.8716522241796874,0.25169921875,0.03608093261718737,0.016396484374999992,0.6476605606509194,0.0008622233072916666,1.3683507520685867,0.002732747395833332,0.5049015708556577
133,270254$_$14,zero,V,False,0.3,10,3,0.026367189999999985,-0.14993489086627967,0.443115236875,0.1280517578125,0.40106201421875004,0.125552978515625,0.042053222656249944,0.0024987792968750033,0.7327880884375,0.22041015625000002,0.80577392828125,0.23460205078125,0.07298583984375007,0.014191894531249971,1.594846770151837,0.00041646321614583387,2.7679503160342103,0.0023653157552083284,1.0913947162893503
134,270254$_$16,zero,T,False,0.1,15,2,0.01660155000000002,0.05099284350872034,-0.22741700468749998,0.093798828125,-0.23713380156249997,0.046328125000000005,0.009716796874999989,0.04747070312499999,0.00048826875000002046,0.235595703125,0.16168213140624998,0.18721679687500004,0.16119386265624996,-0.048378906249999964,0.5852593050465125,0.007911783854166665,9.708982213952059,-0.00806315104166666,2.5735225379527678
134,270254$_$16,zero,T,False,0.2,15,3,0.01660155000000002,0.05099284350872034,-0.10913087187499998,0.134814453125,-0.45220948515624987,0.044001464843750004,0.3430786132812499,0.09081298828125,0.24609376249999998,0.17661132812500002,0.19436645257812502,0.1862255859375,-0.051727309921874964,0.009614257812499971,20.664212020517898,0.015135498046875001,-3.1156244023884825,0.0016023763020833286,4.391331373119593
134,270254$_$16,zero,T,False,0.3,15,5,0.01660155000000002,0.05099284350872034,-0.4179687625,0.10415039062499999,-0.34256898222656246,0.08776855468749999,-0.07539978027343752,0.016381835937500006,0.17504884062499998,0.14223632812500003,0.35672608421875,0.10947753906250002,0.18167724359375004,-0.032758789062500016,-4.5414578045804666,0.0027303059895833343,10.942731302947427,-0.005459798177083336,1.5996360015448652
135,272624$_$10,zero,T,False,0.1,48,5,2.9575196000000004,-0.9620442658662798,1.7396546097656254,0.6851562500000001,0.24301764687500035,0.058300781250000024,1.496636962890625,0.6268554687500001,3.6029053421875004,1.2824218750000003,4.5715943070312495,1.4377832031249997,0.9686889648437491,0.15536132812499948,0.5060444762043669,0.10447591145833335,0.3275341395234065,0.025893554687499914,0.24098702046840165
135,272624$_$10,zero,T,False,0.2,48,10,2.9575196000000004,-0.9620442658662798,2.3784180375000004,0.7900390625000001,0.5616150589843756,0.15208984375000004,1.8168029785156248,0.6379492187500001,2.7414856644531254,0.9449707031250001,4.195900032128906,1.2389282226562501,1.4544143676757804,0.29395751953125004,0.6142993487570719,0.10632486979166668,0.49176812755785376,0.04899291992187501,0.31534631650711686
135,272624$_$10,zero,T,False,0.3,48,15,2.9575196000000004,-0.9620442658662798,3.0412598343750004,0.8892578125000001,0.9735291214843755,0.2726171875,2.067730712890625,0.616640625,1.7658692093750004,0.49492187500000007,3.6326828690429687,1.033282470703125,1.8668136596679683,0.5383605957031249,0.6991433002666573,0.10277343750000001,0.631209013275501,0.08972676595052081,0.38071312924816975
136,272624$_$13,zero,A,False,0.1,37,4,1.05163574,0.8137369841337203,0.18817138453125004,0.07187499999999991,0.14105911036132818,0.04574218749999995,0.047112274169921864,0.026132812499999963,0.764526365,0.27421874999999996,0.7787231423437501,0.2909765624999999,0.014196777343750022,0.01675781249999997,0.04479899986179816,0.004355468749999994,0.013499696999697846,0.0027929687499999947,0.016361783590374
136,272624$_$13,zero,A,False,0.2,37,8,1.05163574,0.8137369841337203,0.38928222437500004,0.12890625,0.24704971094726566,0.08289062499999997,0.14223251342773438,0.04601562500000003,0.65368652125,0.234375,0.7409423806250001,0.2655078125,0.08725585937500002,0.031132812499999996,0.13524871090728,0.007669270833333339,0.08297148250545149,0.005188802083333333,0.05776956658234954
136,272624$_$13,zero,A,False,0.3,37,12,1.05163574,0.8137369841337203,0.5368652321875,0.18007812499999998,0.3754013039648438,0.12435546874999995,0.16146392822265626,0.05572265625000003,0.5444335915625,0.189453125,0.6684082009375001,0.23505859374999996,0.12397460937500004,0.04560546874999996,0.1535358380714773,0.009287109375000005,0.11788729383399067,0.007600911458333327,0.07207778818470031
137,272624$_$12,zero,T,False,0.1,22,3,1.62585448,-0.35305989086627965,3.435668933125,0.48027343749999996,0.8947540161328128,0.11356033325195311,2.5409149169921874,0.3667131042480468,2.431274401875,0.594921875,3.3652099487500005,0.7770019531249999,0.9339355468750004,0.18208007812499982,1.5628172050028626,0.0611188507080078,0.5744271605708771,0.03034667968749997,0.5571774739923119
137,272624$_$12,zero,T,False,0.2,22,5,1.62585448,-0.35305989086627965,3.8475341675,0.55810546875,1.4623443481640628,0.19584579467773439,2.3851898193359373,0.3622596740722656,1.84509276125,0.37440185546875,3.107077014179688,0.6337133789062499,1.2619842529296879,0.2593115234374999,1.4670367991968987,0.060376612345377605,0.7761970657623812,0.04321858723958332,0.5867072661360602
137,272624$_$12,zero,T,False,0.3,22,7,1.62585448,-0.35305989086627965,3.88806151125,0.5853515625,1.324961840839844,0.17087280273437497,2.563099670410156,0.414478759765625,1.46813963625,0.22988281249999998,3.2568359253125,0.6045977783203125,1.7886962890625,0.3747149658203125,1.5764621775670713,0.06907979329427083,1.1001570010776727,0.06245249430338542,0.7020378665606
138,272624$_$16,zero,T,False,0.1,48,5,2.1542969,-0.6245442658662798,2.682373071875,0.60902099609375,0.4910766851562499,0.13465332031250005,2.19129638671875,0.47436767578125,2.974853540625,1.12734375,3.7471802007812505,1.19552734375,0.7723266601562506,0.06818359374999994,1.0171742667152717,0.079061279296875,0.35850504248101,0.011363932291666656,0.36652613019620583
138,272624$_$16,zero,T,False,0.2,48,10,2.1542969,-0.6245442658662798,3.087188745703125,0.7040039062500001,0.7004165899414062,0.19138671875000007,2.3867721557617188,0.5126171875000001,2.559234644140625,0.8861328125000001,3.6978760015625007,1.1033300781250002,1.1386413574218759,0.21719726562500008,1.1079118425365957,0.08543619791666668,0.5285440594923645,0.03619954427083335,0.43952291105411506
138,272624$_$16,zero,T,False,0.3,48,15,2.1542969,-0.6245442658662798,3.643310571875,0.9083984375000002,1.2918350469726558,0.34203125000000006,2.351475524902344,0.5663671875,1.8308105718749998,0.5093750000000001,3.359443689550781,0.9948535156250001,1.5286331176757812,0.485478515625,1.0915275574944134,0.09439453125000001,0.7095736934412744,0.0809130859375,0.494102217030797
139,272624$_$18,zero,T,False,0.1,36,4,1.18505863,0.21666667163372036,0.2714844112499999,0.04687499999999997,0.06179202843749989,0.017636718749999992,0.2096923828125,0.02923828124999998,0.5258789424999999,0.29082031250000007,0.7816650753125,0.331171875,0.25578613281250007,0.04035156249999994,0.17694669323306544,0.004873046874999997,0.21584241529896694,0.006725260416666656,0.10109685395592477
139,272624$_$18,zero,T,False,0.2,36,8,1.18505863,0.21666667163372036,0.3950195674999999,0.08144531249999995,0.1399536495312499,0.03669921875,0.25506591796875,0.04474609374999995,0.3251953487499999,0.20878906250000004,0.604834020625,0.2659375,0.27963867187500013,0.057148437499999954,0.2152346696416872,0.007457682291666659,0.23597012740616283,0.009524739583333325,0.1170468047307125
139,272624$_$18,zero,T,False,0.3,36,11,1.18505863,0.21666667163372036,0.4804687862499999,0.1080078125,0.23879398156249998,0.07249023437499999,0.2416748046874999,0.035517578125000004,0.1357422237499999,0.15214843750000004,0.45957034874999997,0.2056640625,0.3238281250000001,0.053515624999999956,0.20393472072582539,0.005919596354166667,0.2732589287511213,0.008919270833333326,0.12300812916611167
140,272624$_$2,zero,T,False,0.1,46,5,1.27954105,0.2844401091337203,0.48852542499999996,0.130859375,0.11022952656249992,0.03846679687500003,0.37829589843750006,0.09239257812499997,0.83374026875,0.29296875,1.0607666359374996,0.3545312500000001,0.2270263671874997,0.061562500000000075,0.2956494461729492,0.01539876302083333,0.17742782832928367,0.01026041666666668,0.12468411354743321
140,272624$_$2,zero,T,False,0.2,46,10,1.27954105,0.2844401091337203,0.72729495625,0.1898437500000001,0.1772461281249999,0.06574218750000003,0.550048828125,0.12410156250000005,0.46875003437499996,0.19257812500000004,0.87768558125,0.29744140625000004,0.408935546875,0.10486328125,0.42987944641991255,0.02068359375000001,0.31959523868324613,0.017477213541666665,0.19690887309870633
140,272624$_$2,zero,T,False,0.3,46,14,1.27954105,0.2844401091337203,0.789306675,0.2054687500000001,0.21704715351562492,0.08527343750000005,0.5722595214843751,0.12019531250000004,0.34912112812499996,0.16093750000000007,0.784082065625,0.2651757812500001,0.4349609375000001,0.10423828125000001,0.44723776095078327,0.02003255208333334,0.3399348520824307,0.017373046875000003,0.2061445529978868
141,272624$_$6,zero,T,False,0.1,35,4,0.76184082,-0.016389968991279664,0.259155273125,0.125927734375,-0.20716552765625007,0.07025115966796877,0.46632080078125004,0.05567657470703122,0.95324707,0.725439453125,0.34501953093749993,0.585029296875,-0.6082275390625,-0.14041015624999997,0.6120966170920494,0.009279429117838536,-0.7983645989170036,-0.023401692708333328,-0.05009756135386225
141,272624$_$6,zero,T,False,0.2,35,7,0.76184082,-0.016389968991279664,-0.488067627265625,0.014306640625,-0.29279327423828133,0.10063552856445312,-0.1952743530273437,-0.08632888793945312,0.68029785125,0.618798828125,0.31337890606249996,0.5325097656250001,-0.3669189451875,-0.0862890624999999,-0.25631876316181185,-0.014388147989908853,-0.4816209028634054,-0.014381510416666651,-0.1916773311079482
141,272624$_$6,zero,T,False,0.3,35,11,0.76184082,-0.016389968991279664,-0.720825195625,0.17739257812500003,-0.35875854523437506,0.15966400146484375,-0.36206665039062497,0.017728576660156287,0.07507324187499997,0.394189453125,0.2650571823745117,0.4123828124999999,0.18998394049951173,0.01819335937499994,-0.475251739777983,0.0029547627766927146,0.24937452304667618,0.00303222656249999,-0.054972556848028535
142,272624$_$9,zero,T,False,0.1,47,5,0.43676759000000004,0.26256510913372033,0.8364257931250001,0.32734375000000004,0.25889741177734377,0.09570312499999999,0.5775283813476564,0.23164062500000004,2.53393555875,0.6121093750000001,2.4375976681250004,0.46156250000000004,-0.09633789062499964,-0.15054687500000002,1.3222754441835123,0.03860677083333334,-0.22056963992076362,-0.02509114583333334,0.2788053573156872
142,272624$_$9,zero,T,False,0.2,47,10,0.43676759000000004,0.26256510913372033,1.084625256015625,0.335546875,0.6276245235937502,0.18397460937500001,0.4570007324218749,0.151572265625,2.15405274625,0.5300781250000001,2.1872070431250004,0.45140625000000006,0.033154296875000266,-0.078671875,1.0463223383848983,0.025262044270833336,0.07590815281611772,-0.013111979166666668,0.28359513907629563
142,272624$_$9,zero,T,False,0.3,47,15,0.43676759000000004,0.26256510913372033,1.583984386875,0.43867187500000004,1.064942944003906,0.2957958984375,0.5190414428710941,0.14287597656250006,1.62573243375,0.37617187500000004,1.9312744259375005,0.43767578125,0.30554199218750044,0.06150390624999996,1.1883671462526508,0.023812662760416676,0.6995512021308593,0.010250651041666661,0.48049541554639835
143,272624$_$8,zero,T,False,0.1,43,5,3.6923828,-1.3909505158662798,1.0644531124999999,0.5265625,0.32182615937499987,0.09351562500000005,0.742626953125,0.433046875,4.2711181515625,1.5742187500000002,5.156237780468751,1.86333984375,0.8851196289062511,0.2891210937499997,0.20112398746982912,0.07217447916666667,0.23971495837086357,0.048186848958333285,0.14030006849142315
143,272624$_$8,zero,T,False,0.2,43,9,3.6923828,-1.3909505158662798,1.9741210812499999,0.8593750000000001,0.8164062375000001,0.2769531250000001,1.1577148437499998,0.5824218750000001,3.427978503125,1.1697265625000002,4.408822619335938,1.5521472167968753,0.980844116210938,0.3824206542968751,0.3135413073120946,0.09707031250000002,0.2656398059732951,0.06373677571614585,0.18499705037538391
143,272624$_$8,zero,T,False,0.3,43,13,3.6923828,-1.3909505158662798,2.68505858125,1.1525390625000003,1.0775634640625,0.29728515625000007,1.6074951171874998,0.8552539062500002,2.47998045625,0.735546875,4.241976916210938,1.5354467773437501,1.7619964599609386,0.7998999023437501,0.4353542871647037,0.14254231770833337,0.4771975383384952,0.133316650390625,0.2971026984005394
144,273539$_$3,zero,T,False,0.1,30,3,3.9384765,-1.4940755158662797,1.2036132187500002,0.6046875,0.13100579687500016,0.05421875000000005,1.072607421875,0.55046875,3.537811216796875,0.9734375000000001,4.822981199707033,1.6302880859375002,1.2851699829101575,0.6568505859375001,0.27234062448623864,0.09174479166666666,0.326311368519982,0.10947509765625002,0.19996797058228433
144,273539$_$3,zero,T,False,0.2,30,6,3.9384765,-1.4940755158662797,2.36669915625,1.1296875000000002,0.35161126562500017,0.12960937500000003,2.015087890625,1.0000781250000002,2.588134703125,0.48359375000000004,4.16969445654297,1.3642037963867186,1.5815597534179702,0.8806100463867186,0.511641336182573,0.16667968750000003,0.4015662786998199,0.1467683410644531,0.3066639108617115
144,273539$_$3,zero,T,False,0.3,30,9,3.9384765,-1.4940755158662797,3.1575927109375,1.250390625,0.7713378281250002,0.24318359375000007,2.3862548828125,1.00720703125,1.3847655625000002,0.1265624999999999,3.244122251953125,1.00149658203125,1.8593566894531248,0.8749340820312501,0.605882573357979,0.16786783854166668,0.4721003711340549,0.14582234700520835,0.34791828250972723
145,273539$_$2,zero,T,False,0.1,3,1,2.348022436,-0.007600906491279664,0.08813474068749994,0.06992187500000001,0.18248288521874995,0.045727539062499996,-0.09434814453125001,0.024194335937500012,0.6800536859999999,0.055908203125,0.47861459145654306,0.10178222656250002,-0.20143909454345688,0.04587402343750002,-0.04018194328246475,0.004032389322916669,-0.08579092161304001,0.00764567057291667,-0.028573701249917857
145,273539$_$2,zero,T,False,0.2,3,1,2.348022436,-0.007600906491279664,0.08813474068749994,0.06992187500000001,0.18909299264062493,0.04525146484374999,-0.100958251953125,0.024670410156250017,0.6800536859999999,0.055908203125,0.47105176339257804,0.10500488281250002,-0.2090019226074219,0.04909667968750002,-0.04299712277366085,0.00411173502604167,-0.08901185541975225,0.00818277994791667,-0.029928615804863695
145,273539$_$2,zero,T,False,0.3,3,1,2.348022436,-0.007600906491279664,0.08813474068749994,0.06992187500000001,0.17075803170312492,0.04773193359374999,-0.08262329101562499,0.022189941406250017,0.6800536859999999,0.055908203125,0.4982621897231446,0.09607421875000002,-0.1817914962768553,0.04016601562500002,-0.03518844392642808,0.0036983235677083364,-0.07742320348665178,0.006694335937500004,-0.02555474697696788
146,273539$_$9,zero,T,False,0.1,46,5,3.4384765,-1.2268880158662798,1.5283202500000002,0.5687500000000001,0.3676513046875002,0.13958984375,1.1606689453125,0.4291601562500001,3.582672056640625,0.7570312500000002,4.27352746435547,1.2099050903320312,0.690855407714845,0.45287384033203104,0.3375531598832623,0.07152669270833335,0.20091898455489238,0.07547897338867184,0.17136945263378994
146,273539$_$9,zero,T,False,0.2,46,10,3.4384765,-1.2268880158662798,2.8446993202819826,1.0632812500000002,0.6332946152343751,0.17775695800781252,2.2114047050476073,0.8855242919921876,2.3355712265625,0.2171875000000001,3.911463865722658,1.0920233154296877,1.5758926391601578,0.8748358154296876,0.6431348482133756,0.14758738199869795,0.45831116799809146,0.14580596923828126,0.3487098418621116
146,273539$_$9,zero,T,False,0.3,46,14,3.4384765,-1.2268880158662798,3.2352294296875,1.148828125,1.0324599594726565,0.289072265625,2.202769470214844,0.8597558593750001,1.7102050156250002,0.04921875000000009,3.535606321777344,0.9766055297851564,1.8254013061523438,0.9273867797851563,0.6406234940361959,0.14329264322916668,0.5308748730077029,0.15456446329752604,0.3673388683926479
147,290546$_$3,zero,T,False,0.1,23,3,1.0682373,-0.23138020336627968,1.6333007765625,0.43056640625000003,0.42688903339843753,0.09393981933593751,1.2064117431640624,0.33662658691406255,1.148284907421875,0.25422363281250004,1.782525630078125,0.5755664062500001,0.6342407226562499,0.32134277343750006,1.1293470222552986,0.05610443115234376,0.5937258780706982,0.05355712890625001,0.45818361509614763
147,290546$_$3,zero,T,False,0.2,23,5,1.0682373,-0.23138020336627968,1.800415034375,0.4625,0.66195067890625,0.16005737304687503,1.13846435546875,0.30244262695312496,0.8973083449218751,0.14667968750000002,1.7151855421874997,0.508035888671875,0.8178771972656247,0.36135620117187495,1.065740065179043,0.05040710449218749,0.7656317857781589,0.06022603352864583,0.48550124724450877
147,290546$_$3,zero,T,False,0.3,23,7,1.0682373,-0.23138020336627968,1.74450683125,0.41171875,0.8418991041992188,0.18461090087890625,0.9026077270507813,0.22710784912109377,0.9154357863281251,0.207763671875,1.5783492995117185,0.42475708007812496,0.6629135131835935,0.21699340820312496,0.8449497898088669,0.03785130818684896,0.6205670712083563,0.03616556803385416,0.3848834343094816
148,290546$_$5,zero,T,False,0.1,33,4,2.6738281,-1.0807942658662797,0.41845700625000015,0.10859374999999993,0.12160642031250016,0.037226562500000004,0.2968505859375,0.07136718749999993,2.1658935296875,0.566015625,2.8183471429687503,0.8925054931640626,0.6524536132812502,0.32648986816406256,0.11102077763216056,0.011894531249999988,0.24401470283992724,0.05441497802734376,0.10533624743735788
148,290546$_$5,zero,T,False,0.2,33,7,2.6738281,-1.0807942658662797,0.7200927484375002,0.19374999999999998,0.23968503359375007,0.05527343750000002,0.4804077148437501,0.13847656249999996,1.6684570062500002,0.2710937499999999,2.457504247460938,0.63397705078125,0.7890472412109379,0.3628833007812501,0.17967031432328642,0.023079427083333326,0.2951001024003134,0.060480550130208345,0.1395825984842854
148,290546$_$5,zero,T,False,0.3,33,10,2.6738281,-1.0807942658662797,1.0001220453125002,0.21406249999999993,0.4300781000000001,0.05351562500000001,0.5700439453125001,0.16054687499999992,1.1662597406250002,0.0625,2.0102523553710943,0.4060546875,0.8439926147460941,0.3435546875,0.21319385944019387,0.026757812499999988,0.3156494237967917,0.05725911458333333,0.1532150525800797
149,290546$_$7,zero,T,False,0.1,48,5,0.48846436,-0.023885086178779665,1.133239750625,0.42355957031249997,0.03494739985595702,0.06758270263671876,1.098292350769043,0.3559768676757812,0.66424561,0.0704345703125,1.3331298873437505,0.37241699218749996,0.6688842773437504,0.30198242187499996,2.2484549380718484,0.05932947794596353,1.3693586733432859,0.05033040364583333,0.9318683732517329
149,290546$_$7,zero,T,False,0.2,48,10,0.48846436,-0.023885086178779665,1.475036625625,0.5235595703125001,0.15135956263671874,0.12371826171874997,1.3236770629882812,0.3998413085937501,0.06430054164062499,0.3033935546875,1.198226933242188,0.30601806640625007,1.133926391601563,0.0026245117187500555,2.7098688492225556,0.06664021809895836,2.321405946987854,0.0004374186197916759,1.27458810823229
149,290546$_$7,zero,T,False,0.3,48,15,0.48846436,-0.023885086178779665,1.0942993209375,0.36770019531250003,0.3821182296289063,0.1972662353515625,0.7121810913085938,0.17043395996093752,0.370269779921875,0.05231933593750001,1.0427673385156253,0.2824078369140625,0.6724975585937503,0.2300885009765625,1.4579971265692082,0.028405659993489586,1.3767558841710912,0.03834808349609375,0.7253766885574706
150,290546$_$6,zero,T,False,0.1,8,1,0.1484375,-0.22141926586627966,0.497314453125,0.0708984375,-0.05484619140625,0.05358398437499999,0.55216064453125,0.017314453125000004,0.237060546875,0.07128906250000003,0.66158447265625,0.21344726562500002,0.42452392578125,0.142158203125,3.7197940192823964,0.0028857421875000005,2.859931390988524,0.023693033854166667,1.6515760465781466
150,290546$_$6,zero,T,False,0.2,8,2,0.1484375,-0.22141926586627966,0.68798828125,0.121875,0.051788330078125,0.09456298828125002,0.636199951171875,0.027312011718749973,0.0859375,0.21054687500000005,0.5535873413085938,0.17236968994140628,0.46764984130859377,-0.03817718505859377,4.285949744654352,0.0045520019531249956,3.150461917282873,-0.006362864176432295,1.8586501999284797
150,290546$_$6,zero,T,False,0.3,8,3,0.1484375,-0.22141926586627966,0.714385986328125,0.22252197265625,0.30289764404296876,0.0999102783203125,0.41148834228515624,0.12261169433593751,0.22607421875,0.28437500000000004,0.35614013671875,0.1429341506958008,0.13006591796875,-0.14144084930419926,2.772113314841879,0.020435282389322917,0.8762276496242551,-0.023573474884033208,0.911300692992856
151,2S00zYaVrtc$_$10,zero,T,False,0.1,18,2,3.3378905999999997,-1.0206380158662798,4.0150146234375,1.4109375000000002,0.2912780511718747,0.07935546875,3.723736572265625,1.3315820312500002,2.0065917718749997,0.140625,3.9220428216796863,0.9827203369140627,1.9154510498046866,0.8420953369140627,1.1155954172584948,0.2219303385416667,0.573850585742415,0.14034922281901044,0.5129313910903968
151,2S00zYaVrtc$_$10,zero,T,False,0.2,18,4,3.3378905999999997,-1.0206380158662798,3.7092284906249997,1.21328125,0.8709457147460935,0.26420410156249996,2.8382827758789064,0.9490771484375001,1.9609374749999997,0.25703125000000004,3.5583953607421868,0.9441734313964846,1.597457885742187,0.6871421813964845,0.850322034388087,0.15817952473958335,0.47858291316056734,0.11452369689941409,0.40040204229691295
151,2S00zYaVrtc$_$10,zero,T,False,0.3,18,6,3.3378905999999997,-1.0206380158662798,3.7821349847656247,1.1419921875,1.767168401513672,0.5563623046875001,2.0149665832519528,0.5856298828125,1.5952148187499997,0.19687500000000002,2.9882049310546877,0.7603076171875001,1.392990112304688,0.5634326171875,0.603664475878112,0.09760498046874999,0.41732634825669235,0.09390543619791668,0.30312531020036776
152,2S00zYaVrtc$_$12,zero,T,False,0.1,17,2,2.1374512,0.7902994841337203,0.2537842078125001,0.09296874999999993,0.029473905078125105,0.027695312499999996,0.224310302734375,0.06527343749999993,1.45513918828125,0.344140625,2.03350832890625,0.547470703125,0.578369140625,0.20333007812500004,0.10494283929922502,0.010878906249999988,0.27058810513984827,0.033888346354166675,0.10507454926080999
152,2S00zYaVrtc$_$12,zero,T,False,0.2,17,4,2.1374512,0.7902994841337203,0.4899902625000001,0.1382812499999999,0.1964050574218751,0.04855468749999998,0.293585205078125,0.08972656249999994,0.9490967078125001,0.21015624999999993,1.468985776416016,0.37765624999999997,0.5198890686035158,0.16750000000000004,0.13735287510903169,0.014954427083333324,0.24322839528458964,0.027916666666666673,0.10586309103590533
152,2S00zYaVrtc$_$12,zero,T,False,0.3,17,6,2.1374512,0.7902994841337203,0.6177978796875001,0.1640625,0.3602783484375001,0.08158203124999996,0.25751953125,0.08248046875000004,0.7149658484375001,0.14726562499999996,1.1095932288085941,0.27552734375,0.394627380371094,0.12826171875000003,0.12047966791959135,0.013746744791666673,0.1846251253577011,0.021376953125000004,0.08505712279848977
153,2S00zYaVrtc$_$20,zero,T,False,0.1,16,2,3.1337889999999997,1.2652994841337204,0.3427733749999997,0.13359374999999996,0.1377684921874997,0.049140625000000014,0.2050048828125,0.08445312499999993,1.5117186874999997,0.52890625,2.0667815537109373,0.7295117187500001,0.5550628662109376,0.20060546875000007,0.06541755599848746,0.014075520833333322,0.17712190868275718,0.03343424479166668,0.07251230757656116
153,2S00zYaVrtc$_$20,zero,T,False,0.2,16,4,3.1337889999999997,1.2652994841337204,0.5708007187499997,0.21640625000000013,0.2531249374999998,0.07886718750000002,0.3176757812499999,0.13753906250000011,0.9980468124999997,0.31015625,1.593220457519531,0.5387109375,0.5951736450195313,0.22855468749999996,0.10137111333241855,0.022923177083333354,0.18992135561717005,0.03809244791666666,0.08807702348739715
153,2S00zYaVrtc$_$20,zero,T,False,0.3,16,5,3.1337889999999997,1.2652994841337204,0.8234862656249997,0.30625,0.3868041367187498,0.1219140625,0.4366821289062499,0.18433593750000002,0.7207030624999997,0.21171874999999996,1.3036498398437497,0.43841796875000005,0.58294677734375,0.2266992187500001,0.13934632789888599,0.030722656250000004,0.18601973244657427,0.03778320312500002,0.09846797993011507
154,2S00zYaVrtc$_$17,zero,V,False,0.1,18,2,1.07641603,-0.2714192658662796,0.19641114718750008,0.09570312499999994,0.09801026828125008,0.05773437499999996,0.09840087890625,0.03796874999999998,1.0435791159375,0.42929687499999997,1.1700988913281252,0.46134765624999996,0.1265197753906251,0.03205078124999999,0.09141520076679761,0.006328124999999997,0.11753787971064067,0.005341796874999999,0.05515575058810957
154,2S00zYaVrtc$_$17,zero,V,False,0.2,18,4,1.07641603,-0.2714192658662796,0.3363037253125001,0.17109374999999996,0.20843507296875002,0.12027343749999994,0.12786865234375006,0.05082031250000002,0.8404541159375001,0.36640624999999993,1.0209777975781251,0.4124365234374999,0.18052368164062504,0.04603027343749999,0.11879099715075118,0.008470052083333337,0.16770793903235165,0.007671712239583332,0.07566017512650487
154,2S00zYaVrtc$_$17,zero,V,False,0.3,18,6,1.07641603,-0.2714192658662796,0.5281982565625001,0.23696289062499995,0.3265381003125,0.18514404296874995,0.20166015625000006,0.05181884765625,0.6309967184765626,0.30482177734374993,0.848033156464844,0.3564990234375,0.21703643798828143,0.05167724609375007,0.18734389240385768,0.008636474609375,0.2016285806889189,0.008612874348958346,0.10155545551277749
155,2S00zYaVrtc$_$5,zero,T,False,0.1,25,3,3.0439453,1.2762369841337204,0.47680662812499985,0.20234375000000004,0.11032713593749985,0.033125000000000036,0.3664794921875,0.16921875,1.2165527218749999,0.3226562500000001,2.109153735058593,0.6442968750000001,0.8926010131835933,0.321640625,0.12039617525036496,0.028203125,0.29323809463511014,0.05360677083333334,0.12386104142970211
155,2S00zYaVrtc$_$5,zero,T,False,0.2,25,5,3.0439453,1.2762369841337204,0.7192382687499999,0.2890625000000001,0.19074705781249984,0.05851562500000006,0.5284912109375,0.23054687500000004,0.8339843624999999,0.1898437500000001,1.6975616330078123,0.5098242187500002,0.8635772705078124,0.3199804687500001,0.17362041207412232,0.03842447916666667,0.28370318836039005,0.05333007812500001,0.13726953943154477
155,2S00zYaVrtc$_$5,zero,T,False,0.3,25,8,3.0439453,1.2762369841337204,0.9193115109374999,0.33906250000000004,0.31978758515624983,0.09019531250000007,0.59952392578125,0.24886718749999998,0.5600585812499999,0.10859375000000004,1.2497604245117189,0.3783007812500001,0.689701843261719,0.26970703125000006,0.19695614399677486,0.04147786458333333,0.22658147525852182,0.04495117187500001,0.1274916639284075
156,2S00zYaVrtc$_$4,zero,T,False,0.1,20,2,1.4195861939999999,0.5770182341337203,0.7392883424374999,0.21992187499999993,0.07591553970312485,0.05738281250000001,0.663372802734375,0.16253906249999991,0.49038697524999986,0.026562500000000044,1.4046783570859376,0.29683105468749993,0.9142913818359377,0.2702685546874999,0.4672997935865961,0.027089843749999985,0.6440544023644791,0.04504475911458331,0.2958721997039146
156,2S00zYaVrtc$_$4,zero,T,False,0.2,20,4,1.4195861939999999,0.5770182341337203,1.7462463502499999,0.513720703125,0.008030713042968606,0.08543945312500001,1.7382156372070312,0.42828124999999995,0.17538450912500014,0.16679687500000007,1.32391969009375,0.310689697265625,1.1485351809687498,0.14389282226562494,1.2244514775518829,0.07138020833333332,0.8090627936227706,0.023982137044270824,0.5322191541380644
156,2S00zYaVrtc$_$4,zero,T,False,0.3,20,6,1.4195861939999999,0.5770182341337203,2.277740490875,0.66923828125,0.23348084732031235,0.10659667968750001,2.0442596435546876,0.5626416015625,0.47128294662500014,0.23671874999999998,0.8924835316312499,0.2144140625,0.4212005850062498,-0.022304687499999976,1.4400380985366144,0.09377360026041666,0.29670638533968763,-0.0037174479166666627,0.456700159055013
157,2Xt31_d0XEE$_$2,zero,T,False,0.1,24,3,3.1816406,1.3996744841337203,0.16308591250000015,0.07187499999999991,0.04266354921875015,0.02234374999999995,0.12042236328125,0.04953124999999996,0.6008300531250002,0.13593749999999982,0.9465392816406253,0.26843749999999994,0.34570922851562513,0.13250000000000012,0.03784912897833936,0.008255208333333326,0.10865750200010746,0.022083333333333354,0.04421129316127837
157,2Xt31_d0XEE$_$2,zero,T,False,0.2,24,5,3.1816406,1.3996744841337203,0.32641599062500015,0.1343749999999999,0.06409909609375015,0.03015624999999993,0.26231689453125,0.10421874999999999,0.35986325625000015,0.0703125,0.7877929437500001,0.22789062499999996,0.42792968749999993,0.15757812499999996,0.0824470281414632,0.017369791666666665,0.13449965184639273,0.026263020833333327,0.06514487312196397
157,2Xt31_d0XEE$_$2,zero,T,False,0.3,24,8,3.1816406,1.3996744841337203,0.47583005312500015,0.18593749999999987,0.15593259218750016,0.05320312499999996,0.3198974609375,0.1327343749999999,0.16259763125000015,0.018749999999999822,0.538568090234375,0.16468749999999988,0.37597045898437487,0.14593750000000005,0.10054478195705636,0.02212239583333332,0.11816870227758364,0.024322916666666677,0.06628969918366
158,31474$_$11,zero,T,False,0.1,7,1,0.50854493,0.03548991382122034,0.235839851875,0.0009521484375000014,0.059899910468750005,0.017399291992187503,0.17593994140625,-0.0164471435546875,0.16186522625,0.0009033203124999972,0.19154052978125002,0.037548828125,0.02967530353125003,0.036645507812500006,0.3459666689422723,-0.002741190592447917,0.05835324162608091,0.006107584635416667,0.10192157615283048
158,31474$_$11,zero,T,False,0.2,7,2,0.50854493,0.03548991382122034,0.49829102375,0.0399658203125,0.011901863593750006,0.033810544013977054,0.48638916015625,0.006155276298522944,0.445312491875,0.0850341796875,0.17982177734375,0.0322137451171875,-0.26549071453125,-0.052820434570312505,0.9564311332827892,0.0010258793830871572,-0.5220584786338768,-0.00880340576171875,0.10664878206757021
158,31474$_$11,zero,T,False,0.3,7,3,0.50854493,0.03548991382122034,0.5661621175,0.0526611328125,-0.016033927421874993,0.03610523223876954,0.582196044921875,0.016555900573730457,0.553222648125,0.09831542968750001,0.17150268960937504,0.033730545043945306,-0.38171995851562496,-0.0645848846435547,1.1448249028792248,0.0027593167622884094,-0.7506105859811422,-0.010764147440592451,0.09655237155494463
159,31474$_$14,zero,T,False,0.1,16,2,1.3737793,-0.0065388947725296635,2.070709231640625,0.60465087890625,0.32215423896484374,0.13107025146484375,1.748554992675781,0.4735806274414063,2.142089846875,0.27027587890625004,2.98782959296875,0.53583740234375,0.8457397460937504,0.26556152343749995,1.2728054061306464,0.07893010457356771,0.6156295486940309,0.04426025390624999,0.5029063283261237
159,31474$_$14,zero,T,False,0.2,16,4,1.3737793,-0.0065388947725296635,2.4403076203125,0.57379150390625,0.6761627228515625,0.20361572265625,1.7641448974609373,0.37017578125,1.7224121125,0.26285400390625,2.812461856152344,0.5733264160156251,1.090049743652344,0.31047241210937504,1.2841535851554555,0.06169596354166667,0.7934672987029615,0.05174540201822917,0.5477655623545783
159,31474$_$14,zero,T,False,0.3,16,5,1.3737793,-0.0065388947725296635,2.504638675,0.58590087890625,1.2643936188476559,0.387099609375,1.240245056152344,0.19880126953125,1.564941409375,0.24019775390625,2.313265994335938,0.44705940246582027,0.7483245849609379,0.20686164855957026,0.902797234865243,0.033133544921875,0.5447192574831201,0.03447694142659504,0.37878174467420833
160,31474$_$0,zero,V,False,0.1,23,3,0.6367188,0.5703776091337204,0.05957036250000003,0.022656250000000044,-0.0007811999999999709,0.008359375000000002,0.0603515625,0.014296875000000042,0.21289057499999997,0.10898437500000002,0.2796142078125,0.11982421875,0.06672363281250004,0.01083984374999998,0.09478511976539758,0.002382812500000007,0.10479277197363744,0.0018066406249999968,0.05094183621600876
160,31474$_$0,zero,V,False,0.2,23,5,0.6367188,0.5703776091337204,0.06689458125000003,0.028515625000000044,-0.02795405156249997,0.012519531249999988,0.0948486328125,0.015996093750000058,0.21240229374999997,0.10820312499999996,0.28457026250000006,0.11572265624999997,0.07216796875000009,0.007519531250000017,0.14896447827207507,0.0026660156250000095,0.11334337136994968,0.001253255208333336,0.06655678011883953
160,31474$_$0,zero,V,False,0.3,23,7,0.6367188,0.5703776091337204,0.07910161250000003,0.028515625000000044,-0.07355952031249995,0.026386718749999975,0.1526611328125,0.002128906250000069,0.21093744999999997,0.10312500000000002,0.25725092656250004,0.10109374999999995,0.04631347656250007,-0.0020312500000000677,0.23976187455219702,0.00035481770833334483,0.07273761011122956,-0.00033854166666667795,0.07812894017627331
161,31474$_$3,zero,T,False,0.1,25,3,1.26928715,0.16451823413372035,0.46459965000000003,0.09257812499999996,0.028631632421875032,0.019999999999999997,0.435968017578125,0.07257812499999997,0.5319824625,0.06806640625000002,1.0077881265625002,0.11392089843750001,0.47580566406250013,0.0458544921875,0.343474425076863,0.012096354166666662,0.3748602427766305,0.007642415364583333,0.18451835934618588
161,31474$_$3,zero,T,False,0.2,25,5,1.26928715,0.16451823413372035,0.55834965,0.10624999999999996,0.12092899570312507,0.0442041015625,0.43742065429687493,0.062045898437499955,0.18945316562500003,0.125537109375,0.7068909097656251,0.07324172973632812,0.517437744140625,-0.052295379638671896,0.34461887499451954,0.010340983072916659,0.40765979272762065,-0.008715896606445317,0.1884759385471529
161,31474$_$3,zero,T,False,0.3,25,8,1.26928715,0.16451823413372035,0.28393558750000003,0.06640625,0.11750339755859378,0.03895263671875,0.16643218994140624,0.027453613281249997,0.23059086093750003,0.059960937500000006,0.46326298007812505,0.05742187500000001,0.23267211914062502,-0.0025390624999999944,0.13112246414764547,0.004575602213541666,0.18330913996213155,-0.0004231770833333324,0.07964600730999634
162,31474$_$6,zero,T,False,0.1,16,2,4.6259765,-1.8112630158662797,0.08203118750000016,0.04062499999999991,0.01909173437500016,0.021015625000000072,0.062939453125,0.01960937499999984,1.7705077500000002,0.20781249999999996,3.583488401855469,0.96104736328125,1.8129806518554688,0.75323486328125,0.01360565483187067,0.00326822916666664,0.3919129852783479,0.12553914388020834,0.13358150328927337
162,31474$_$6,zero,T,False,0.2,16,4,4.6259765,-1.8112630158662797,0.13671868750000016,0.035937499999999956,0.05747064062500016,0.034296875000000074,0.079248046875,0.0016406249999998818,0.8261718125000002,0.014062500000000089,2.1261473984375003,0.42742187499999984,1.2999755859375002,0.41335937499999975,0.017131092158360044,0.0002734374999999803,0.2810164091670355,0.06889322916666663,0.09182854199801554
162,31474$_$6,zero,T,False,0.3,16,5,4.6259765,-1.8112630158662797,0.18359368750000016,0.021874999999999867,0.11650384375000016,0.038906250000000066,0.06708984375,-0.0170312500000002,0.6123046250000002,0.03125,1.5339965195312502,0.2682812499999999,0.92169189453125,0.23703124999999992,0.014502846965857486,-0.0028385416666666997,0.1992426237549253,0.03950520833333332,0.06260303434686235
163,31474$_$9,zero,T,False,0.1,8,1,2.67578125,-0.9870442658662797,0.429931640625,0.09609374999999998,0.39530029296875,0.10570312499999998,0.03463134765624998,-0.009609375000000003,3.2713623046875,1.2412109375,3.388824462890625,1.198837890625,0.117462158203125,-0.0423730468750001,0.012942513411265053,-0.0016015625000000006,0.04389825001758831,-0.007062174479166683,0.01204425661242167
163,31474$_$9,zero,T,False,0.2,8,2,2.67578125,-0.9870442658662797,0.6651611328125,0.10703124999999991,0.774102783203125,0.185859375,-0.10894165039062498,-0.07882812500000008,2.7410888671875,1.081201171875,2.642169189453125,0.8470422363281249,-0.09891967773437482,-0.23415893554687517,-0.04071394463829221,-0.013138020833333347,-0.03696850808184217,-0.039026489257812526,-0.03246174070282006
163,31474$_$9,zero,T,False,0.3,8,3,2.67578125,-0.9870442658662797,1.508056640625,0.322265625,1.1520416259765625,0.27949218749999993,0.35601501464843754,0.04277343750000007,1.7220458984375,0.7296875,2.003337097167969,0.6177352905273438,0.2812911987304689,-0.11195220947265627,0.1330508170642202,0.007128906250000011,0.10512484666137123,-0.018658701578776044,0.05666146709920385
164,31474$_$8,zero,T,False,0.1,8,1,3.0068359,-1.1511067658662797,1.4268798453125,0.55703125,0.10933834140625001,0.09855468750000008,1.31754150390625,0.4584765624999999,0.59423824375,0.21171875000000018,3.831939659765625,0.9473071289062501,3.237701416015625,0.73558837890625,0.4381818993595063,0.07641276041666666,1.0767798599304221,0.12259806315104166,0.4284931457144092
164,31474$_$8,zero,T,False,0.2,8,2,3.0068359,-1.1511067658662797,1.708740196875,0.549609375,0.8751037222656249,0.35333984375000005,0.8336364746093751,0.1962695312499999,0.040527381249999994,0.2914062500000001,2.045132420039063,0.5921826171874999,2.004605038789063,0.3007763671874998,0.2772469882251927,0.03271158854166665,0.666682332782687,0.05012939453124996,0.25669257602019907
164,31474$_$8,zero,T,False,0.3,8,3,3.0068359,-1.1511067658662797,4.3295898062500004,1.0025390625,0.8130553824218749,0.3428515625000001,3.5165344238281255,0.6596874999999998,0.225585975,0.29609375000000004,2.1896148456640625,0.6034375000000001,1.9640288706640625,0.30734375,1.1695128604508362,0.10994791666666663,0.653187697232285,0.05122395833333334,0.4959681081707803
165,32681$_$1,zero,V,False,0.1,21,3,0.46231079,0.16686198413372036,0.23959350484375003,0.10371093750000002,0.21501464742187504,0.09591796874999999,0.02457885742187499,0.007792968750000032,0.9526367177343751,0.392578125,0.9877532948828126,0.40537109375,0.03511657714843752,0.012792968750000022,0.05316511054558005,0.0012988281250000053,0.07595864502706609,0.002132161458333337,0.03313868628899487
165,32681$_$1,zero,V,False,0.2,21,5,0.46231079,0.16686198413372036,0.3616027821875,0.15351562500000002,0.32919311421875,0.14541015625,0.03240966796875,0.008105468750000011,0.8503417958593751,0.357421875,0.8984771718359376,0.373203125,0.04813537597656248,0.015781250000000024,0.0701034857206432,0.0013509114583333353,0.1041188587826464,0.0026302083333333373,0.044550866073739065
165,32681$_$1,zero,V,False,0.3,21,7,0.46231079,0.16686198413372036,0.473785399375,0.20136718750000002,0.45104370015625,0.19680664062499997,0.022741699218750022,0.004560546875000043,0.7638244618750001,0.3265625,0.7892120351171876,0.33166015625,0.025387573242187544,0.005097656250000027,0.04919125947177341,0.0007600911458333406,0.054914397147837274,0.0008496093750000044,0.026428839285111007
166,32681$_$3,zero,T,False,0.1,39,4,4.0322265,-1.6597005158662799,0.9316405625000002,0.2890625,0.09980462500000016,0.01683593750000002,0.8318359375,0.2722265625,3.058349546875,0.8960937500000001,4.711524900878908,1.5974952697753908,1.653175354003908,0.7014015197753907,0.2062968762303218,0.04537109375,0.4099905955216832,0.11690025329589844,0.1946397046994759
166,32681$_$3,zero,T,False,0.2,39,8,4.0322265,-1.6597005158662799,1.2636718125000002,0.33750000000000013,0.2742675156250002,0.04804687500000003,0.989404296875,0.2894531250000001,2.10986321875,0.5101562500000001,3.658846983398438,1.139964599609375,1.5489837646484377,0.6298083496093749,0.24537412556087174,0.04824218750000001,0.3841508854965246,0.10496805826822915,0.19568381420640638
166,32681$_$3,zero,T,False,0.3,39,12,4.0322265,-1.6597005158662799,1.6599120468750002,0.40156250000000004,0.47558587500000016,0.06730468750000004,1.184326171875,0.3342578125,1.4374999375000002,0.31640625,2.8690200180664065,0.8426953125000003,1.4315200805664063,0.5262890625000003,0.2937151169855867,0.05570963541666666,0.35501967102957516,0.08771484375000005,0.19803981679545715
167,32681$_$5,zero,T,False,0.1,39,4,3.5117187999999997,-1.3987630158662798,0.7636719249999997,0.2054687500000001,0.2150879406249997,0.07011718750000002,0.548583984375,0.13535156250000008,3.1751709484374997,0.9937500000000001,3.981010487011718,1.2928947448730468,0.8058395385742183,0.29914474487304665,0.15621519244644747,0.022558593750000012,0.22947147963633613,0.049857457478841107,0.11452568082790619
167,32681$_$5,zero,T,False,0.2,39,8,3.5117187999999997,-1.3987630158662798,1.2846680187499997,0.40546875000000004,0.2973633312499997,0.093515625,0.9873046875,0.31195312500000005,2.0478516124999997,0.47968750000000004,3.3148804210937493,1.020439453125,1.2670288085937496,0.540751953125,0.2811456334016171,0.05199218750000001,0.36080008678190945,0.09012532552083334,0.19601580830108997
167,32681$_$5,zero,T,False,0.3,39,12,3.5117187999999997,-1.3987630158662798,0.8691406749999997,0.10234374999999996,0.6092041515624999,0.17761718750000002,0.25993652343749984,-0.07527343750000007,2.1201172374999997,0.6046875,2.5897736095703117,0.7595043945312501,0.46965637207031197,0.15481689453125003,0.07401972202836338,-0.012545572916666678,0.13373970556258843,0.025802815755208337,0.055254167607373374
168,32681$_$6,zero,T,False,0.1,28,3,2.753418,-1.1198567658662797,1.0352783515625,0.2734375,0.26444094921874994,0.05964843749999994,0.77083740234375,0.21378906250000007,3.100555451171875,1.183544921875,3.9688125922851554,1.377373046875,0.8682571411132805,0.19382812500000002,0.2799564477268988,0.03563151041666668,0.3153378185860127,0.032304687500000005,0.16580761605739455
168,32681$_$6,zero,T,False,0.2,28,6,2.753418,-1.1198567658662797,2.13085940625,0.628515625,0.5589371040039062,0.11515624999999996,1.5719223022460938,0.5133593750000001,2.2368164375,0.760546875,3.5256195380859365,1.1760772705078126,1.2888031005859366,0.4155303955078127,0.570898327586936,0.08555989583333334,0.4680737296379289,0.06925506591796877,0.29844675474404175
168,32681$_$6,zero,T,False,0.3,28,9,2.753418,-1.1198567658662797,3.768310578125,1.03974609375,0.9121383979492187,0.20964843749999992,2.8561721801757813,0.8300976562500001,1.3707275703125,0.36171875,3.0632110908203116,0.9688446044921875,1.6924835205078117,0.6071258544921875,1.0373183958474106,0.13834960937500002,0.6146843326452718,0.10118764241536458,0.47288499507076176
169,33170$_$1,zero,T,False,0.1,48,5,1.4376221,-0.8800130158662798,1.66857913125,0.5183593750000001,0.4188965140625001,0.13027343750000006,1.2496826171875,0.3880859375,2.2321777640625,0.9341796875000001,2.54093020546875,1.0344384765625,0.3087524414062499,0.10025878906249996,0.8692699896012384,0.06468098958333333,0.21476591563272038,0.01670979817708333,0.2913566732485939
169,33170$_$1,zero,T,False,0.2,48,10,1.4376221,-0.8800130158662798,2.3516846,0.72236328125,0.8928222953124999,0.25302734375,1.4588623046875,0.4693359375,1.7608642875,0.5894531250000001,2.4272201834960936,0.9062341308593751,0.6663558959960936,0.31678100585937496,1.0147738337590013,0.07822265625000001,0.463512234879986,0.052796834309895825,0.4023263897997208
169,33170$_$1,zero,T,False,0.3,48,15,1.4376221,-0.8800130158662798,2.659088164453125,0.8223632812500001,1.3651977835937497,0.394501953125,1.2938903808593754,0.4278613281250001,1.30529788125,0.35703125,2.2000900565429684,0.7498091125488282,0.8947921752929684,0.3927778625488282,0.900020583183016,0.07131022135416669,0.6224108219275055,0.06546297709147136,0.4148011508890399
170,33170$_$3,zero,T,False,0.1,34,4,2.3193359,-1.1034505158662797,2.317382775,1.20966796875,0.5833800894531251,0.3580383300781251,1.7340026855468749,0.8516296386718749,1.90533443515625,0.8011718750000001,3.2004211050781253,1.39166259765625,1.2950866699218753,0.5904907226562499,0.7476286371104063,0.14193827311197915,0.5583866103806977,0.09841512044270832,0.3865921602614479
170,33170$_$3,zero,T,False,0.2,34,7,2.3193359,-1.1034505158662797,3.336914025,1.7867187500000001,0.5669005972656251,0.30042968750000004,2.7700134277343746,1.4862890625,0.81005855625,0.20703125,3.029157982519531,1.336176300048828,2.219099426269531,1.129145050048828,1.1943126622675535,0.24771484375,0.956781839787713,0.18819084167480468,0.6467500468700178
170,33170$_$3,zero,T,False,0.3,34,11,2.3193359,-1.1034505158662797,3.952880821875,2.07421875,1.2990754706176755,0.6024755859375002,2.6538053512573248,1.4717431640624998,0.11376956875,0.2421875,2.5152846915039064,1.1112866210937502,2.4015151227539064,0.8690991210937502,1.144208653454927,0.24529052734374998,1.035431774811976,0.14484985351562504,0.6424452022815694
171,33170$_$4,zero,T,False,0.1,33,4,3.5546875,-1.4182942658662798,1.6953125,0.8523437500000001,0.351318359375,0.138515625,1.343994140625,0.713828125,2.9644775390625,0.9183593750000001,4.049560546875,1.4065051269531252,1.0850830078125,0.48814575195312515,0.37809055297672356,0.11897135416666667,0.3052540350054583,0.08135762532552086,0.22091839186859233
171,33170$_$4,zero,T,False,0.2,33,7,3.5546875,-1.4182942658662798,1.66552734375,0.633984375,0.6974609375,0.24402343750000005,0.96806640625,0.3899609375,2.538330078125,0.7992187500000001,3.590545654296875,1.2168864440917972,1.052215576171875,0.41766769409179716,0.2723350882222169,0.06499348958333333,0.29600781507912016,0.06961128234863286,0.17573691880832584
171,33170$_$4,zero,T,False,0.3,33,10,3.5546875,-1.4182942658662798,2.064208984375,0.7722656250000001,0.92236328125,0.2540429687500001,1.141845703125,0.51822265625,2.0908203125,0.6078125000000001,3.2191436767578123,1.0578372192382814,1.1283233642578123,0.45002471923828136,0.32122243710665505,0.08637044270833333,0.31741835163835375,0.07500411987304689,0.20000383783159725
172,3MFNIag0wNE$_$12,zero,T,False,0.1,48,5,3.803711,-1.2542317658662798,0.7382813124999998,0.2625000000000002,0.10502935937499984,0.017968749999999978,0.633251953125,0.2445312500000002,3.73211676171875,0.8406250000000002,4.421991029296874,1.0939043045043946,0.6898742675781238,0.2532793045043944,0.16648262358585508,0.04075520833333337,0.18136869131472724,0.042213217417399064,0.1077049351628287
172,3MFNIag0wNE$_$12,zero,T,False,0.2,48,10,3.803711,-1.2542317658662798,1.1533203749999998,0.29843750000000013,0.34379889062499985,0.06414062499999999,0.809521484375,0.23429687500000013,2.46923834375,0.38984375000000004,3.9619278579101547,0.9633947753906252,1.4926895141601548,0.5735510253906252,0.21282407405581708,0.039049479166666685,0.3924296881993576,0.0955918375651042,0.1849737697467364
172,3MFNIag0wNE$_$12,zero,T,False,0.3,48,15,3.803711,-1.2542317658662798,1.9865723281249998,0.46796875000000004,0.8141113906249998,0.18310546875000006,1.1724609375,0.28486328125,1.6420899062499998,0.16484375000000018,2.9708948760375975,0.6543688964843752,1.3288049697875977,0.48952514648437506,0.30824124894313765,0.04747721354166667,0.34934426417867537,0.08158752441406251,0.19666256276938554
173,3MFNIag0wNE$_$14,zero,T,False,0.1,33,4,4.3945312,-1.6018880158662798,0.2509765125000003,0.12265625000000013,0.031982371875000304,0.04015624999999996,0.218994140625,0.08250000000000017,2.1186522937500003,0.10859375000000004,3.5039229846679696,0.7003125000000001,1.3852706909179693,0.5917187500000001,0.0498333225604764,0.013750000000000028,0.3152259735218163,0.09861979166666668,0.11935727193723986
173,3MFNIag0wNE$_$14,zero,T,False,0.2,33,7,4.3945312,-1.6018880158662798,0.4794921375000003,0.1507812500000001,0.1454101062500003,0.07675781249999998,0.33408203125,0.07402343750000011,0.9775390125000003,0.13906249999999987,2.4230712390625007,0.3612109375000001,1.4455322265625004,0.22214843750000024,0.0760222057879107,0.012337239583333352,0.3289388177796263,0.037024739583333376,0.11358075068355093
173,3MFNIag0wNE$_$14,zero,T,False,0.3,33,10,4.3945312,-1.6018880158662798,0.5810546375000003,0.12968749999999996,0.2089354968750003,0.09113281249999998,0.372119140625,0.038554687499999976,0.7197265125000003,0.16249999999999987,1.8329650378906255,0.250703125,1.1132385253906252,0.08820312500000016,0.0846777594723279,0.006425781249999996,0.25332355634818765,0.01470052083333336,0.08978190447596222
174,3MFNIag0wNE$_$16,zero,V,False,0.1,22,3,0.0009765999999999941,0.29772135913372033,0.0898437875,0.03476562500000002,0.05107425624999999,0.02208007812500003,0.03876953125,0.012685546874999992,0.1757812875,0.0986328125,0.197998084375,0.10681640625000002,0.022216796875,0.008183593750000023,39.65786748158781,0.0021142578124999987,22.72585605053205,0.0013639322916666706,15.596800430556007
174,3MFNIag0wNE$_$16,zero,V,False,0.2,22,5,0.0009765999999999941,0.29772135913372033,0.1337891,0.059765625000000044,0.07763675625,0.03422851562500001,0.05615234375,0.025537109375000033,0.124023475,0.07148437500000004,0.19482425625,0.09854492187500001,0.07080078125,0.027060546874999966,57.43897683101508,0.004256184895833339,72.4230577434538,0.004510091145833328,32.46770021262764
174,3MFNIag0wNE$_$16,zero,V,False,0.3,22,7,0.0009765999999999941,0.29772135913372033,0.1933594125,0.08203125,0.096142615625,0.045898437500000014,0.097216796875,0.036132812499999986,0.061523474999999994,0.048046875000000044,0.185205115625,0.08773437500000003,0.123681640625,0.03968749999999999,99.44435032221828,0.006022135416666664,126.51558983735757,0.006614583333333331,56.49314421958147
175,3MFNIag0wNE$_$7,zero,V,False,0.1,19,2,0.23211669299999999,0.09181315600872034,0.22381591174999999,0.09506835937500002,0.17292479846875,0.0758935546875,0.05089111328124998,0.01917480468750002,1.02947997425,0.36723632812500007,1.0739746031562505,0.38278320312499997,0.044494628906250444,0.015546874999999905,0.21924702345395958,0.003195800781250003,0.19168994974566822,0.0025911458333333173,0.10418097995355277
175,3MFNIag0wNE$_$7,zero,V,False,0.2,19,4,0.23211669299999999,0.09181315600872034,0.4065551695625,0.16762695312500006,0.35949706409375,0.15208007812500002,0.04705810546875,0.015546875000000043,0.9534301695625,0.34770507812500007,1.0114746031562505,0.36602539062500006,0.058044433593750444,0.01832031249999999,0.20273381516311212,0.0025911458333333407,0.25006466695216745,0.003053385416666665,0.1146107533413199
175,3MFNIag0wNE$_$7,zero,V,False,0.3,19,6,0.23211669299999999,0.09181315600872034,0.594818109015625,0.23793945312500006,0.512567132453125,0.20714843750000003,0.08225097656250002,0.03079101562500003,0.843200677375,0.31391601562500004,0.92031249378125,0.3420800781250001,0.07711181640624998,0.02816406250000003,0.35435031039404663,0.005131835937500005,0.3322099897238337,0.004694010416666672,0.17409653661801172
176,3V2qm0rw920$_$11,zero,V,False,0.1,20,2,0.28759764,0.25084635913372033,0.010742171249999988,0.013085937499999978,-0.03005372718750001,0.02589843750000002,0.0407958984375,-0.012812500000000043,0.2446289225,0.18203124999999998,0.18776857093750002,0.16883789062500004,-0.056860351562499994,-0.013193359374999936,0.1418501090182485,-0.002135416666666674,-0.19770730335338166,-0.002198893229166656,-0.015047876057741624
176,3V2qm0rw920$_$11,zero,V,False,0.2,20,4,0.28759764,0.25084635913372033,0.022949202499999988,0.0244140625,-0.058569352187500014,0.04618164062500003,0.0815185546875,-0.021767578125000027,0.25927736,0.16523437500000004,0.1521728678125,0.14043945312500003,-0.10710449218750001,-0.024794921875000014,0.28344554997721827,-0.0036279296875000046,-0.3724095920185854,-0.004132486979166669,-0.024181114677008463
176,3V2qm0rw920$_$11,zero,V,False,0.3,20,6,0.28759764,0.25084635913372033,0.04345701499999999,0.028515625000000044,-0.0702881021875,0.05957031250000002,0.1137451171875,-0.031054687499999976,0.27246095375,0.15742187500000004,0.14018556312500002,0.12235351562500003,-0.132275390625,-0.03506835937500001,0.39549949605985624,-0.005175781249999996,-0.45993051505737303,-0.005844726562500002,-0.018862881702504202
177,3V2qm0rw920$_$13,zero,T,False,0.1,29,3,2.7163086400000003,1.0410807341337203,0.17810063218750027,0.07890624999999996,0.03643193101562527,0.018671874999999987,0.141668701171875,0.060234374999999965,0.7641602025000003,0.15859374999999987,1.3033096775976567,0.3634179687499999,0.5391494750976564,0.20482421875,0.05215484239560957,0.010039062499999994,0.19848601468632873,0.03413736979166667,0.07370432234340124
177,3V2qm0rw920$_$13,zero,T,False,0.2,29,6,2.7163086400000003,1.0410807341337203,0.4277344212500003,0.17109374999999993,0.09650273179687527,0.030820312499999954,0.331231689453125,0.1402734375,0.3342285618750003,0.0234375,0.8956711277929692,0.24199218749999987,0.5614425659179689,0.21855468749999987,0.12194180095503579,0.023378906249999998,0.20669313897438027,0.036425781249999976,0.097109906857354
177,3V2qm0rw920$_$13,zero,T,False,0.3,29,9,2.7163086400000003,1.0410807341337203,0.5400696263281253,0.20234374999999993,0.14005741929687526,0.04152343749999994,0.40001220703125,0.1608203125,0.16210942125000027,0.01953125,0.6856338963476567,0.18718749999999992,0.5235244750976564,0.16765624999999992,0.14726311063390032,0.02680338541666667,0.19273372497314273,0.02794270833333332,0.09868573233926076
178,3V2qm0rw920$_$3,zero,V,False,0.1,15,2,0.06738281000000002,0.09186198413372035,0.11474609125000002,0.060546875,0.09145507562500002,0.05405273437499999,0.023291015624999994,0.0064941406250000125,0.5039062475,0.2828125,0.49218749749999996,0.28126953125,-0.011718750000000056,-0.00154296875000004,0.34564705713434707,0.0010823567708333353,-0.1739104689984145,-0.00025716145833334,0.04314044586210814
178,3V2qm0rw920$_$3,zero,V,False,0.2,15,3,0.06738281000000002,0.09186198413372035,0.16015624750000002,0.08828125,0.12863769281249998,0.07496093749999999,0.03151855468750003,0.013320312500000014,0.463867185,0.25234375,0.47009277093749996,0.261044921875,0.0062255859374999445,0.008701171875000024,0.4677466989103173,0.0022200520833333356,0.09238993665540644,0.001450195312500004,0.14095172074038925
178,3V2qm0rw920$_$3,zero,V,False,0.3,15,5,0.06738281000000002,0.09186198413372035,0.23144531000000002,0.12089843750000001,0.20708007562499997,0.11736328124999999,0.024365234375000044,0.0035351562500000183,0.4003906225,0.21582031250000003,0.3876708959375,0.21315429687500004,-0.012719726562500033,-0.00266601562499999,0.3615888501258691,0.0005891927083333364,-0.18876532155869533,-0.00044433593749999833,0.04324209633450178
179,3j94B0pzSVs$_$12,zero,T,False,0.1,12,2,2.0623779549999997,0.6387369841337204,0.30419924406249965,0.11328125,0.1206314340039059,0.04304687500000002,0.18356781005859374,0.07023437499999999,1.0335693612499997,0.25312500000000004,1.6233642831249995,0.44138671875,0.5897949218749998,0.18826171874999997,0.08900779830668595,0.011705729166666665,0.2859779578554708,0.031376953124999996,0.10451710961345585
179,3j94B0pzSVs$_$12,zero,T,False,0.2,12,3,2.0623779549999997,0.6387369841337204,0.6265869393749997,0.21171875000000007,0.21817019132812465,0.06802734375000004,0.408416748046875,0.14369140625000004,0.6860351815624997,0.14609375000000002,1.2497436776562494,0.32383300781250013,0.5637084960937497,0.1777392578125001,0.1980318636673031,0.02394856770833334,0.27332925150690834,0.029623209635416686,0.13123322312949037
179,3j94B0pzSVs$_$12,zero,T,False,0.3,12,4,2.0623779549999997,0.6387369841337204,0.9632568612499997,0.30156250000000007,0.3576065316601559,0.09518554687500005,0.6056503295898438,0.206376953125,0.40942385343749965,0.05859375,0.977786280195312,0.252646484375,0.5683624267578123,0.19405273437499998,0.29366587945513817,0.03439615885416667,0.2755858351734453,0.03234212239583333,0.15899749896964588
180,3j94B0pzSVs$_$17,zero,T,False,0.1,22,3,3.1435547,-0.9651692658662797,0.9155273562500001,0.25390625,0.13154298125000013,0.0447265625,0.783984375,0.2091796875,2.902587903125,0.72421875,3.73616944609375,1.00266357421875,0.8335815429687496,0.27844482421874994,0.2493941414812532,0.034863281249999996,0.26517155174592566,0.04640747070312499,0.14895911129507597
180,3j94B0pzSVs$_$17,zero,T,False,0.2,22,5,3.1435547,-0.9651692658662797,0.9340820437500001,0.24375000000000002,0.46105347929687496,0.09046875,0.4730285644531252,0.15328125000000004,2.3634033328125,0.571875,3.0029106265136725,0.7833642578125001,0.6395072937011723,0.21148925781250005,0.1504756427421105,0.025546875000000007,0.20343437646139761,0.03524820963541667,0.10367627595973121
180,3j94B0pzSVs$_$17,zero,T,False,0.3,22,7,3.1435547,-0.9651692658662797,1.8358154421875001,0.48984375,0.7027969485351562,0.1342578125,1.133018493652344,0.3555859375,1.2148437625000001,0.15234375,2.5151962405273443,0.6250036621093751,1.300352478027344,0.4726599121093751,0.36042577316264635,0.05926432291666667,0.413656573041586,0.07877665201822918,0.22803083028478205
181,3j94B0pzSVs$_$1,zero,T,False,0.1,34,4,0.13183593,0.15856120288372033,2.22998046125,0.27080078125000007,0.0718048020703125,0.029606933593750006,2.1581756591796872,0.24119384765625007,0.698028556953125,0.03798828124999999,1.9187988206250002,0.19505859375000004,1.2207702636718751,0.15707031250000003,16.37003879853458,0.040198974609375014,9.259698808762273,0.026178385416666672,6.424028741830724
181,3j94B0pzSVs$_$1,zero,T,False,0.2,34,7,0.13183593,0.15856120288372033,2.6894531175,0.31611328125000004,0.34998625958984386,0.04550292968750001,2.339466857910156,0.2706103515625,0.238525398125,0.227587890625,1.6507934495312502,0.17715332031250003,1.4122680514062502,-0.05043457031249998,17.745155761061458,0.04510172526041667,10.71223405616507,-0.008405761718749996,7.123521445192049
181,3j94B0pzSVs$_$1,zero,T,False,0.3,34,11,0.13183593,0.15856120288372033,2.7343749925,0.32119140625,0.6725158616406249,0.07905273437499999,2.061859130859375,0.242138671875,0.456390388359375,0.228759765625,1.3915161057812502,0.14629150390625004,0.9351257174218752,-0.08246826171874996,15.63946559480242,0.040356445312499996,7.0930483395045325,-0.013744710286458328,5.689781417333249
182,3j94B0pzSVs$_$0,zero,T,False,0.1,30,3,1.14672855,0.08746745288372035,0.06494144062499996,0.012304687500000008,0.0008056984374999576,0.016567382812500007,0.0641357421875,-0.0042626953124999985,0.86108401875,0.06232910156250001,0.8495849953124999,0.08029624462127685,-0.011499023437500089,0.017967143058776842,0.05592926613559405,-0.0007104492187499997,-0.01002766819560906,0.0029945238431294736,0.012046418141091116
182,3j94B0pzSVs$_$0,zero,T,False,0.2,30,6,1.14672855,0.08746745288372035,0.11840823749999996,0.02490234375,0.034411655468749955,0.029953613281250006,0.08399658203125,-0.005051269531250006,0.52124026875,0.10688476562500002,0.5548096046875001,0.10728305816650392,0.03356933593750011,0.0003982925415039057,0.07324881619319046,-0.0008418782552083344,0.0292739782780518,6.638209025065095e-05,0.025436824576571142
182,3j94B0pzSVs$_$0,zero,T,False,0.3,30,9,1.14672855,0.08746745288372035,0.21850589374999996,0.026025390625000006,0.030468784374999957,0.05177856445312501,0.188037109375,-0.025753173828125003,0.21557620624999996,0.13603515625,0.4133545265625,0.09698833465576175,0.19777832031250003,-0.039046821594238265,0.16397685868913034,-0.004292195638020834,0.17247163493127046,-0.006507803599039711,0.08141212359583508
183,4cFeG2ydm9A$_$8,zero,T,False,0.1,16,2,2.2578125399999998,1.0020182341337205,0.18823246187499976,0.08046875000000009,-0.033483846718750244,0.047109374999999974,0.22171630859375,0.033359375000000115,0.6318054599218748,0.030468750000000155,0.8818725985937498,0.13919921875000013,0.250067138671875,0.10873046874999998,0.09819956549368111,0.0055598958333333524,0.11075632874089109,0.01812174479166666,0.058159383714893056
183,4cFeG2ydm9A$_$8,zero,T,False,0.2,16,4,2.2578125399999998,1.0020182341337205,0.42993168062499976,0.16328125000000016,0.029779092734374756,0.07617187500000001,0.400152587890625,0.08710937500000014,0.13610843843749976,0.07265624999999987,0.5219543817031248,0.10595703125000003,0.38584594326562505,0.03330078125000016,0.1772301303014708,0.01451822916666669,0.17089362625827156,0.0055501302083333605,0.0920480289836856
183,4cFeG2ydm9A$_$8,zero,T,False,0.3,16,5,2.2578125399999998,1.0020182341337205,0.5153808993749998,0.2015625000000001,-0.02431636625000024,0.10570312499999998,0.539697265625,0.09585937500000011,0.08435062593749976,0.08124999999999982,0.5715210280937498,0.13888671875000005,0.48717040215625007,0.05763671875000023,0.2390353570228833,0.015976562500000017,0.2157708745764055,0.009606119791666706,0.12009722847273888
184,4dV3slGSc60$_$10,zero,A,False,0.1,22,3,1.0170898,0.5274088591337204,0.19238276874999993,0.07265624999999998,0.10136714374999993,0.04912109375000002,0.091015625,0.02353515624999996,0.45947261249999993,0.197265625,0.5145995656250001,0.20178710937500005,0.055126953125000155,0.004521484375000051,0.0894862336774652,0.00392252604166666,0.05420062114906571,0.0007535807291666752,0.037090740399341064
184,4dV3slGSc60$_$10,zero,A,False,0.2,22,5,1.0170898,0.5274088591337204,0.28662104999999993,0.10781249999999998,0.16938472187499992,0.07630859375000003,0.11723632812500001,0.03150390624999995,0.36572261249999993,0.17031249999999998,0.4782470265625001,0.19205078125000002,0.11252441406250019,0.021738281250000047,0.11526633425943882,0.005250651041666658,0.11063359737645863,0.0036230468750000078,0.05869340738814103
184,4dV3slGSc60$_$10,zero,A,False,0.3,22,7,1.0170898,0.5274088591337204,0.36572261249999993,0.14531250000000007,0.22077632343749992,0.09910156250000005,0.1449462890625,0.04621093750000002,0.29833979999999993,0.13789062500000004,0.44755854999999994,0.18044921875000003,0.14921875,0.042558593749999984,0.14251066774225077,0.00770182291666667,0.1467113359003936,0.007093098958333331,0.07600423137941109
185,4dV3slGSc60$_$12,zero,A,False,0.1,20,2,1.18945314,0.6090494841337204,0.1337890774999999,0.04492187500000011,0.1146728665624999,0.03750000000000007,0.019116210937500003,0.007421875000000043,0.6875000149999999,0.1875,0.7081787259374999,0.19248046875,0.020678710937499956,0.0049804687499999944,0.016071414857154565,0.0012369791666666738,0.01738504263602795,0.0008300781249999991,0.008880878696212296
185,4dV3slGSc60$_$12,zero,A,False,0.2,20,4,1.18945314,0.6090494841337204,0.2636718899999999,0.07968750000000002,0.2068847806249999,0.06621093750000005,0.056787109375000006,0.01347656249999997,0.5986328274999999,0.169921875,0.6535400540624998,0.18091796875000005,0.05490722656249991,0.010996093750000047,0.04774215958843105,0.002246093749999995,0.046161701166973886,0.0018326822916666745,0.024495659199267904
185,4dV3slGSc60$_$12,zero,A,False,0.3,20,6,1.18945314,0.6090494841337204,0.3916015774999999,0.11445312500000004,0.2923339993749998,0.09277343750000004,0.09926757812500009,0.021679687500000003,0.5039062649999999,0.14804687500000002,0.5970947415624999,0.16668945312500003,0.09318847656249996,0.018642578125000003,0.08345641482655237,0.0036132812500000006,0.07834558174937284,0.003107096354166667,0.04213059354502297
186,4dV3slGSc60$_$22,zero,A,False,0.1,48,5,1.09082035,0.5633463591337203,0.2207031625,0.072265625,0.180419959375,0.06005859374999998,0.040283203125,0.01220703125000002,0.6777344125,0.19062499999999993,0.7250488656249999,0.20186523437499995,0.04731445312499993,0.011240234375000019,0.03692923971922625,0.002034505208333337,0.04337507065203659,0.0018733723958333365,0.02105304699385738
186,4dV3slGSc60$_$22,zero,A,False,0.2,48,10,1.09082035,0.5633463591337203,0.354492225,0.10976562499999998,0.2926514046874999,0.09306640624999998,0.0618408203125001,0.016699218749999994,0.5878906625,0.17050781250000002,0.6592773812499999,0.18796874999999996,0.07138671874999991,0.01746093749999994,0.05669197830836379,0.0027832031249999992,0.06544308905394997,0.00291015624999999,0.03195710668432844
186,4dV3slGSc60$_$22,zero,A,False,0.3,48,15,1.09082035,0.5633463591337203,0.444335975,0.13359374999999996,0.3772461312499999,0.11642578124999996,0.0670898437500001,0.01716796875,0.530273475,0.15742187499999993,0.5983887093749999,0.17345703124999995,0.06811523437499989,0.016035156250000016,0.061503970150565995,0.0028613281249999997,0.062443987161600656,0.0026725260416666694,0.032370452869708334
187,4dV3slGSc60$_$9,zero,A,False,0.1,20,2,1.263916,0.5981119841337204,0.16308592187500004,0.06210937500000002,0.10046385156250004,0.03515625000000002,0.0626220703125,0.026953125,0.67553709375,0.18632812499999996,0.7023437343750001,0.20235351562499998,0.026806640625000044,0.016025390625000024,0.04954603056411141,0.0044921875000000005,0.02120917799586527,0.002670898437500004,0.01947957362436917
187,4dV3slGSc60$_$9,zero,A,False,0.2,20,4,1.263916,0.5981119841337204,0.30688475000000004,0.111328125,0.18813475000000005,0.0664453125,0.11875,0.044882812499999994,0.5734863125,0.15625,0.6349609218750001,0.18916015625000002,0.061474609375000044,0.03291015625000002,0.09395395425490756,0.007480468749999999,0.048638169575217396,0.00548502604166667,0.03888940465544791
187,4dV3slGSc60$_$9,zero,A,False,0.3,20,6,1.263916,0.5981119841337204,0.42358396875000004,0.142578125,0.24418943750000005,0.08667968749999999,0.17939453125,0.05589843750000001,0.44067381250000004,0.12968749999999996,0.5877197109375001,0.17958984375,0.14704589843750004,0.04990234375000005,0.1419353733275207,0.009316406250000001,0.1163414199172098,0.008317057291666674,0.06897756419659928
188,4dV3slGSc60$_$8,zero,T,False,0.1,24,3,2.8618163599999997,1.3137369841337203,0.7121581568749997,0.2632812499999999,0.08361201429687473,0.04246093749999996,0.628546142578125,0.22082031249999995,0.5727538599999997,0.3078124999999998,1.3207824244531245,0.6054492187499999,0.7480285644531248,0.2976367187500001,0.2196318155600695,0.03680338541666666,0.26138235615885874,0.04960611979166668,0.1418559192318154
188,4dV3slGSc60$_$8,zero,T,False,0.2,24,5,2.8618163599999997,1.3137369841337203,1.1080932154687497,0.4312499999999999,0.11774897718749973,0.0535937499999999,0.99034423828125,0.37765625,0.2685546412499997,0.17812499999999987,1.0768310084374995,0.4951171875,0.8082763671874997,0.31699218750000013,0.34605431224347943,0.06294270833333333,0.28243464397305207,0.05283203125000002,0.1860659239499662
188,4dV3slGSc60$_$8,zero,T,False,0.3,24,8,2.8618163599999997,1.3137369841337203,1.4591063990624997,0.5617187499999999,0.3035506739648435,0.13703124999999988,1.1555557250976562,0.42468750000000005,0.058593703749999726,0.07968749999999991,0.7682555689843745,0.35166015625,0.7096618652343748,0.2719726562500001,0.4037838826645654,0.07078125,0.24797594533928427,0.045328776041666685,0.1919674635113791
189,50103$_$3,zero,T,False,0.1,45,5,4.3896485,-1.7143880158662799,0.37500006249999984,0.12031250000000004,0.010839906249999842,0.025859374999999917,0.36416015625,0.09445312500000012,2.100586,0.33906250000000004,3.8091049819335923,1.0283691406250002,1.7085189819335924,0.6893066406250001,0.08295882307915473,0.015742187500000022,0.3892153535113891,0.1148844401041667,0.15070020104867762
189,50103$_$3,zero,T,False,0.2,45,9,4.3896485,-1.7143880158662799,0.5488281874999998,0.140625,0.07871099999999984,0.03460937499999992,0.4701171875,0.10601562500000009,1.2968750624999998,0.07968750000000013,2.494026246582031,0.4981445312500002,1.1971511840820312,0.41845703125000006,0.10709674827113189,0.017669270833333348,0.27272136057378416,0.06974283854166667,0.11680755455497902
189,50103$_$3,zero,T,False,0.3,45,14,4.3896485,-1.7143880158662799,0.9296875624999998,0.17500000000000004,0.15214849999999985,0.05648437499999994,0.7775390625,0.1185156250000001,0.5986328749999998,0.05624999999999991,1.5545776992187499,0.22912109375000012,0.95594482421875,0.1728710937500002,0.17713010173135693,0.019752604166666684,0.21777247231669636,0.02881184895833337,0.11086675679326334
190,5B0PQx3Ep3k$_$5,zero,T,False,0.1,28,3,1.4233398,0.6336588591337203,0.22973628437499993,0.047656249999999956,-0.04877934062500007,0.037617187500000024,0.278515625,0.010039062499999932,0.47436519062499993,0.049609374999999956,0.8853026906250001,0.15552734375,0.4109375000000002,0.10591796875000004,0.19567739855416216,0.0016731770833333219,0.2887133566325087,0.01765299479166667,0.1259292317654177
190,5B0PQx3Ep3k$_$5,zero,T,False,0.2,28,6,1.4233398,0.6336588591337203,0.006591753124999933,0.023828124999999978,-0.05876774394531257,0.04394531250000001,0.0653594970703125,-0.02011718750000003,0.39428706562499993,0.018359374999999956,0.6369689503906251,0.08433593749999999,0.24268188476562513,0.06597656250000003,0.045919780470223645,-0.0033528645833333383,0.17050160071686637,0.010996093750000005,0.05601615258843917
190,5B0PQx3Ep3k$_$5,zero,T,False,0.3,28,9,1.4233398,0.6336588591337203,0.08251948749999993,0.019140625000000022,0.052465013623046806,0.05414062500000002,0.030054473876953126,-0.034999999999999996,0.21984858906249993,0.016015624999999978,0.3842147477148437,0.057949218749999996,0.16436615865234377,0.04193359375000002,0.021115444647517398,-0.005833333333333333,0.11547913096592453,0.00698893229166667,0.03443754364294382
191,5O1W39o56gg$_$1,zero,T,False,0.1,14,2,0.7509765,0.2725260466337204,0.32714837500000005,0.017382812499999956,0.21970208593750007,0.016875000000000008,0.10744628906249998,0.0005078124999999475,0.95947259375,0.05234375000000002,1.0741088242187502,0.08381835937499996,0.11463623046875016,0.031474609374999934,0.1430752440153,8.463541666665793e-05,0.15264935429989598,0.005245768229166656,0.07526375049025733
191,5O1W39o56gg$_$1,zero,T,False,0.2,14,3,0.7509765,0.2725260466337204,0.44726556250000005,0.0244140625,0.3521972031250001,0.022011718749999985,0.09506835937499997,0.0024023437500000147,0.76416009375,0.03515625,0.9124022812500001,0.05663085937499997,0.14824218750000007,0.021474609374999967,0.12659281985811818,0.00040039062500000247,0.19739897333808276,0.0035791015624999944,0.08199282134592524
191,5O1W39o56gg$_$1,zero,T,False,0.3,14,5,0.7509765,0.2725260466337204,1.0029296250000002,0.09453124999999996,0.4145751328125001,0.02526367187500001,0.5883544921875001,0.06926757812499995,0.25146478125000005,0.03183593750000002,0.8046874375000002,0.05719726562499998,0.5532226562500001,0.025361328124999957,0.783451557719772,0.011544596354166659,0.7366700816602363,0.004226888020833326,0.3839732809387521
192,5O1W39o56gg$_$2,zero,V,False,0.1,16,2,0.4838867,0.23287760913372035,0.091308575,0.0224609375,0.031933575000000006,0.014960937499999993,0.059375,0.007500000000000007,0.2338867,0.07382812500000002,0.34086912187500007,0.08832031249999998,0.10698242187500007,0.014492187499999962,0.12270409022589332,0.0012500000000000011,0.2210893599382668,0.002415364583333327,0.08686470368687337
192,5O1W39o56gg$_$2,zero,V,False,0.2,16,4,0.4838867,0.23287760913372035,0.1918945125,0.048828125,0.109716778125,0.03143554687500001,0.082177734375,0.01739257812499999,0.1684570125,0.0458984375,0.278662090625,0.069951171875,0.11020507812500002,0.024052734374999996,0.16982811171889678,0.0028987630208333315,0.22774928588802737,0.0040087890624999995,0.10112123742256438
192,5O1W39o56gg$_$2,zero,V,False,0.3,16,5,0.4838867,0.23287760913372035,0.2260742,0.057812500000000044,0.11762693437500005,0.034199218749999996,0.10844726562499996,0.02361328125000005,0.1635742,0.040820312499999956,0.28593748125000007,0.0715625,0.12236328125000007,0.030742187500000046,0.22411659900633962,0.003935546875000008,0.2528753701530336,0.005123697916666674,0.12151280348775997
193,5O1W39o56gg$_$9,zero,T,False,0.1,15,2,2.3717345699999997,1.0363932341337203,1.2579650387499997,0.35468749999999993,0.1177291378710934,0.038593749999999996,1.1402359008789062,0.31609374999999995,0.25564570281249965,0.010937500000000044,1.308630321953125,0.39023437499999997,1.0529846191406254,0.3792968749999999,0.48076012996630413,0.05268229166666666,0.44397218326519655,0.06321614583333332,0.26015768768287517
193,5O1W39o56gg$_$9,zero,T,False,0.2,15,3,2.3717345699999997,1.0363932341337203,1.3287658199999997,0.359375,0.1045424923632809,0.05810546875,1.2242233276367187,0.30126953125,0.23965449187499965,0.007031250000000044,1.358959911796875,0.38064453125,1.1193054199218753,0.37361328124999993,0.516171930430136,0.050211588541666664,0.4719351659940216,0.06226888020833332,0.27514689129353936
193,5O1W39o56gg$_$9,zero,T,False,0.3,15,5,2.3717345699999997,1.0363932341337203,1.5890197262499997,0.40742187499999993,0.3628219113085933,0.11570312499999998,1.2261978149414063,0.29171874999999997,0.10647578093749965,0.028906250000000133,1.0694350754023438,0.26978515624999994,0.9629592944648442,0.2408789062499998,0.5170044377845235,0.04861979166666666,0.40601461083827495,0.040146484374999965,0.25294633116611626
194,5i6AgQSjXO4$_$3,zero,T,False,0.1,19,2,0.002929699999999924,0.4254557341337204,-0.3212890500000001,0.05234374999999991,-0.25419920625000003,0.038378906249999935,-0.06708984375000004,0.013964843749999976,1.00537108125,0.20820312499999993,1.1266479367187503,0.24429687499999994,0.12127685546875022,0.03609375000000001,-22.892088494217006,0.0023274739583333294,41.381531875918164,0.006015625000000001,4.624446620164873
194,5i6AgQSjXO4$_$3,zero,T,False,0.2,19,4,0.002929699999999924,0.4254557341337204,-0.5527343625000001,0.09414062499999998,-0.4260986203125001,0.06914062499999996,-0.12663574218749996,0.025000000000000022,0.7475585812500001,0.14570312499999993,0.9792724484375002,0.19833984374999997,0.2317138671875001,0.05263671875000003,-43.2100666009838,0.00416666666666667,79.06434203006316,0.00877278645833334,8.96680372055109
194,5i6AgQSjXO4$_$3,zero,T,False,0.3,19,6,0.002929699999999924,0.4254557341337204,-0.6962890500000001,0.12343749999999998,-0.5543456906250002,0.09060546874999993,-0.1419433593749999,0.032832031250000046,0.6054687375000001,0.10820312499999996,0.8749999875000002,0.17216796874999996,0.2695312500000001,0.06396484375,-48.43326146483898,0.005472005208333341,91.96821578462725,0.010660807291666666,10.887771783072067
195,5i6AgQSjXO4$_$2,zero,V,False,0.1,28,3,1.38000485,0.8051432341337204,0.19470211562499995,0.07304687499999996,0.08488766249999995,0.027167968749999986,0.109814453125,0.04587890624999997,0.62561031875,0.1875,0.798364225,0.25386718750000004,0.1727539062500001,0.06636718750000004,0.07957535333998766,0.007646484374999995,0.12518345936721942,0.011061197916666673,0.05586662374971844
195,5i6AgQSjXO4$_$2,zero,V,False,0.2,28,6,1.38000485,0.8051432341337204,0.35290524062499995,0.13046875000000002,0.15988766249999992,0.051386718749999984,0.19301757812500003,0.07908203125000005,0.48107906874999995,0.13632812500000002,0.6822753578125,0.21046875000000004,0.2011962890625001,0.07414062500000002,0.13986721732012952,0.013180338541666675,0.1457937943252198,0.012356770833333336,0.07779953025508732
195,5i6AgQSjXO4$_$2,zero,V,False,0.3,28,9,1.38000485,0.8051432341337204,0.43444820937499995,0.15703124999999996,0.24350582656249992,0.07689453125,0.19094238281250003,0.08013671874999996,0.42199703749999995,0.1171875,0.5883788734375001,0.18298828125,0.1663818359375001,0.06580078125,0.13836345897555438,0.01335611979166666,0.12056603668564168,0.010966796874999999,0.07081310308196569
196,5i6AgQSjXO4$_$6,zero,T,False,0.1,9,1,1.717407264,0.12145182788372035,0.10119632649999999,0.026074218750000003,0.17896121907812504,0.013459472656250002,-0.07776489257812505,0.01261474609375,1.108276404625,0.030761718749999986,0.9909851448593747,0.018369140625000002,-0.11729125976562527,-0.012392578124999984,-0.04528037637189631,0.0021024576822916666,-0.06829550213788028,-0.002065429687499997,-0.02838471262874623
196,5i6AgQSjXO4$_$6,zero,T,False,0.2,9,2,1.717407264,0.12145182788372035,0.252807654625,0.01767578125000001,0.2681640999375,0.022883300781250008,-0.015356445312500022,-0.00520751953125,0.8374023811875,0.032861328125000006,0.80706790853125,0.03431884765625,-0.03033447265625,0.0014575195312499928,-0.008941639349477372,-0.0008679199218749999,-0.0176629362348579,0.0002429199218749988,-0.006807393896083819
196,5i6AgQSjXO4$_$6,zero,T,False,0.3,9,3,1.717407264,0.12145182788372035,0.352172889,0.025781250000000006,0.352227820640625,0.031333007812499994,-5.493164062503331e-05,-0.005551757812499988,0.6401367561875,0.05009765625,0.6317016975937501,0.04268432617187501,-0.008435058593749933,-0.007413330078124988,-3.198519640117052e-05,-0.0009252929687499981,-0.0049115046029322785,-0.0012355550130208313,-0.0017760844452760695
197,5kaCGzjYukM$_$0,zero,V,False,0.1,34,4,0.26367190000000007,0.15680339038372035,0.03417971250000007,0.02128906250000001,-0.00288083437499993,0.012758789062499998,0.037060546875,0.008530273437500013,0.22070315000000007,0.09013671875000001,0.22543947812500012,0.10399414062499998,0.00473632812500005,0.01385742187499997,0.14055500916097177,0.0014217122395833355,0.01796289313387932,0.002309570312499995,0.040562296211733614
197,5kaCGzjYukM$_$0,zero,V,False,0.2,34,7,0.26367190000000007,0.15680339038372035,0.07275393125000007,0.03759765625,0.01301272031250007,0.0248583984375,0.0597412109375,0.012739257812500002,0.17968752500000007,0.07646484375000001,0.20322268125000012,0.095478515625,0.02353515625000005,0.019013671874999985,0.2265731932917641,0.002123209635416667,0.08925891227350269,0.0031689453124999975,0.08028106512829586
197,5kaCGzjYukM$_$0,zero,V,False,0.3,34,11,0.26367190000000007,0.15680339038372035,0.12060549375000007,0.06181640625000001,0.01826174375000007,0.03668457031250001,0.10234375,0.0251318359375,0.09619143125000007,0.052636718750000006,0.16635744687500012,0.089052734375,0.07016601562500005,0.03641601562499999,0.3881466392640274,0.004188639322916667,0.26611007663282815,0.006069335937499999,0.16612867278931806
198,5kaCGzjYukM$_$3,zero,V,False,0.1,27,3,1.84277348,-0.6464192658662797,0.13293461281249996,0.07382812500000002,0.10510258156249996,0.05820312500000001,0.02783203125,0.015625000000000014,1.169677776875,0.4999023437500001,1.1957275815624997,0.5129736328125001,0.026049804687499734,0.013071289062499991,0.015103330088443596,0.002604166666666669,0.014136187021376449,0.0021785481770833317,0.00850555798839251
198,5kaCGzjYukM$_$3,zero,V,False,0.2,27,6,1.84277348,-0.6464192658662797,0.25317387062499996,0.13906249999999998,0.22346806007812497,0.11890624999999999,0.02970581054687499,0.020156249999999987,1.004150433125,0.4439453125,1.0234741635937497,0.4596484375000001,0.01932373046874969,0.015703125000000095,0.016120155162380474,0.0033593749999999978,0.01048621558333589,0.0026171875000000158,0.008145733311429095
198,5kaCGzjYukM$_$3,zero,V,False,0.3,27,9,1.84277348,-0.6464192658662797,0.40420536476562496,0.20859375000000002,0.3587753720898437,0.18708984375,0.04542999267578124,0.02150390625000001,0.7960205503125,0.37382812500000007,0.8461548276562499,0.39413085937500003,0.05013427734374998,0.020302734374999964,0.024653039842282405,0.0035839843750000017,0.027205866961946414,0.0033837890624999942,0.014706670060432204
199,5kaCGzjYukM$_$2,zero,T,False,0.1,36,4,3.4755859,-1.1315755158662797,0.22949215,0.10234374999999996,0.0742187125,0.05398437500000003,0.1552734375,0.04835937499999993,2.088623009375,0.3359375,2.7660132986816404,0.717939453125,0.6773902893066404,0.38200195312499996,0.044675458265768006,0.008059895833333322,0.19489954036443177,0.0636669921875,0.07782547166275827
199,5kaCGzjYukM$_$2,zero,T,False,0.2,36,8,3.4755859,-1.1315755158662797,0.7714843375,0.26249999999999996,0.12871090000000002,0.06382812500000004,0.6427734375,0.19867187499999991,1.0859374625,0.05703125000000009,2.1579093558105464,0.506689453125,1.0719718933105464,0.44965820312499993,0.18493953855678302,0.03311197916666665,0.30842902915491666,0.07494303385416666,0.15035589518313325
199,5kaCGzjYukM$_$2,zero,T,False,0.3,36,11,3.4755859,-1.1315755158662797,1.01513668125,0.29140625,0.3186034781250001,0.07093750000000001,0.6965332031249999,0.22046874999999996,0.85449215,0.04062500000000013,1.6540893179687497,0.3130078125,0.7995971679687497,0.27238281249999985,0.20040736231483663,0.03674479166666666,0.23006104896089627,0.045397135416666644,0.12815258458976655
200,5kaCGzjYukM$_$5,zero,T,False,0.1,32,4,3.6572265999999996,-1.3987630158662798,0.33593753749999955,0.15312499999999996,0.15000003749999954,0.035351562499999975,0.1859375,0.11777343749999998,2.2626953499999996,0.53046875,2.8047607796875,0.8443554687500001,0.5420654296875003,0.31388671875000007,0.05084110707247206,0.019628906249999998,0.1482175814509057,0.052314453125000014,0.06775051197459443
200,5kaCGzjYukM$_$5,zero,T,False,0.2,32,7,3.6572265999999996,-1.3987630158662798,0.8310547249999996,0.2625000000000002,0.3429932015624996,0.05683593749999997,0.4880615234375,0.20566406250000022,1.4843750374999996,0.21875,2.2765869515625,0.6138671875000001,0.7922119140625004,0.39511718750000013,0.13345123049970967,0.034277343750000036,0.21661542586589372,0.06585286458333335,0.11254921617473419
200,5kaCGzjYukM$_$5,zero,T,False,0.3,32,10,3.6572265999999996,-1.3987630158662798,1.1279297249999996,0.30078125,0.5114746468749996,0.09496093750000001,0.616455078125,0.2058203125,0.9990234749999996,0.0703125,1.77806400234375,0.4069531250000001,0.7790405273437504,0.3366406250000001,0.16855802961921212,0.034303385416666665,0.21301395826274264,0.05610677083333335,0.11799553603298871
201,5kaCGzjYukM$_$7,zero,T,False,0.1,48,5,2.07324222,0.7965494841337204,0.801666292265625,0.26250000000000007,0.11760257156250002,0.045527343750000025,0.684063720703125,0.21697265625000003,0.9185791340625,0.40742187500000004,1.5982971516406252,0.6842004394531251,0.6797180175781252,0.2767785644531251,0.3299486109994972,0.03616210937500001,0.32785252160531614,0.04612976074218752,0.18502325068050024
201,5kaCGzjYukM$_$7,zero,T,False,0.2,48,10,2.07324222,0.7965494841337204,1.377197298125,0.396484375,0.3233261433398438,0.09517578125000004,1.0538711547851562,0.30130859374999996,0.57324222,0.20234375000000004,1.328001436308594,0.5151318359375001,0.7547592163085939,0.31278808593750007,0.5083200777500462,0.050218098958333325,0.364047598963615,0.052131347656250014,0.2436792808320611
201,5kaCGzjYukM$_$7,zero,T,False,0.3,48,15,2.07324222,0.7965494841337204,1.70361331375,0.49921875000000004,0.47911532791015643,0.16158203125000004,1.2244979858398435,0.33763671875,0.283447298125,0.08085937500000007,1.1383575764453127,0.38408203125000007,0.8549102783203126,0.30322265625,0.590619553956551,0.056272786458333335,0.41235406925402246,0.050537109375,0.2774458797609767
202,6KvG5VbLalY$_$9,zero,T,False,0.1,37,4,0.22363279999999996,0.34654948413372033,0.09277342499999996,0.005468750000000022,-0.12973634062500006,0.027714843750000023,0.22250976562500002,-0.02224609375,0.8613281375,0.32929687500000004,0.6974609499999999,0.29525390625000003,-0.16386718750000018,-0.03404296875000001,0.9949737724127572,-0.003707682291666667,-0.7327478560933106,-0.005673828125000002,0.06321110147569499
202,6KvG5VbLalY$_$9,zero,T,False,0.2,37,8,0.22363279999999996,0.34654948413372033,-0.07275391875000004,0.03203125000000007,-0.22485352812500006,0.05976562500000001,0.15209960937500003,-0.027734374999999943,0.67724610625,0.257421875,0.5643310671874999,0.23484375000000007,-0.11291503906250011,-0.02257812499999995,0.680128001111639,-0.004622395833333324,-0.5049104342120919,-0.003763020833333325,0.04170803755822009
202,6KvG5VbLalY$_$9,zero,T,False,0.3,37,12,0.22363279999999996,0.34654948413372033,-0.28076173125000004,0.09140625000000002,-0.25632325468750006,0.07368164062500003,-0.024438476562499978,0.01772460937499999,0.52880860625,0.19296875000000002,0.5055664187499999,0.20511718750000002,-0.023242187500000178,0.012148437499999998,-0.10927899343703851,0.0029541015624999986,-0.10392967207998156,0.002024739583333333,-0.05205745609279669
203,6ZA8I83x-oY$_$0,zero,A,False,0.1,23,3,0.36279297,0.2805338591337203,0.2022705090625,0.05957031249999997,0.09137573367187501,0.02602539062499997,0.11089477539062498,0.033544921875,0.401611329375,0.060351562499999956,0.4937103283984373,0.09149414062499996,0.09209899902343732,0.031142578125,0.30566873917619136,0.0055908203125000005,0.2538603357256388,0.0051904296875,0.14257758122545755
203,6ZA8I83x-oY$_$0,zero,A,False,0.2,23,5,0.36279297,0.2805338591337203,0.3492431653125,0.09648437499999996,0.14607238894531252,0.037529296874999965,0.20317077636718747,0.05895507812499999,0.2655029309375,0.025781249999999978,0.4476715100390624,0.08517578124999996,0.18216857910156242,0.05939453124999998,0.5600169605001635,0.009825846354166666,0.5021268107117725,0.009899088541666663,0.2704671765269423
203,6ZA8I83x-oY$_$0,zero,A,False,0.3,23,7,0.36279297,0.2805338591337203,0.45312500125,0.11816406249999997,0.185528565703125,0.04188476562499996,0.26759643554687496,0.07627929687500001,0.161621095,0.005078124999999933,0.4174407971484375,0.08427734374999997,0.2558197021484375,0.07919921875000004,0.7375989064726599,0.012713216145833336,0.7051376905422038,0.013199869791666673,0.3671624207380909
204,6ZA8I83x-oY$_$2,zero,T,False,0.1,48,5,2.7607422,1.2293619841337204,0.8211670046875001,0.31406250000000013,0.09581300078125014,0.03488281250000006,0.72535400390625,0.27917968750000005,1.5482177859375001,0.43906250000000013,2.4239502078125006,0.7042578125000001,0.8757324218750004,0.26519531249999995,0.262738672653889,0.046529947916666675,0.31720893919977794,0.04419921874999999,0.1676691946300834
204,6ZA8I83x-oY$_$2,zero,T,False,0.2,48,10,2.7607422,1.2293619841337204,1.0493164187500001,0.38437500000000013,0.28726807890625017,0.09308593750000008,0.76204833984375,0.2912890625000001,1.0664367800781251,0.28984375000000007,1.8386169558593752,0.5359179687500001,0.7721801757812501,0.24607421875000002,0.2760301428411559,0.048548177083333345,0.2797001096593301,0.04101236979166667,0.16132269984387151
204,6ZA8I83x-oY$_$2,zero,T,False,0.3,48,15,2.7607422,1.2293619841337204,1.5322265750000001,0.5062500000000001,0.4262161379882814,0.1328515625000001,1.1060104370117188,0.3733984375,0.5822754031250001,0.15312500000000018,1.508221448046875,0.44478515625000015,0.9259460449218748,0.29166015624999997,0.4006205419655543,0.06223307291666667,0.3353973831835843,0.048610026041666664,0.21171525602686797
205,6hFiTU77Sm0$_$1,zero,T,False,0.1,14,2,0.06445312999999997,0.3117838591337203,0.26196289562499997,0.08730468749999995,-0.13796386218750004,0.06989257812500002,0.3999267578125,0.01741210937499993,1.1239013621875,0.404296875,0.7575988719531249,0.31193359375,-0.3663024902343751,-0.09236328124999998,6.204827492241384,0.002902018229166655,-5.6831500205553205,-0.01539388020833333,0.12729640242672424
205,6hFiTU77Sm0$_$1,zero,T,False,0.2,14,3,0.06445312999999997,0.3117838591337203,0.22900391124999997,0.0595703125,-0.27280272937499994,0.08413085937500003,0.5018066406249999,-0.024560546875000033,1.1119384715625,0.3910156250000001,0.5451110789843749,0.23576171875000002,-0.5668273925781251,-0.15525390625000007,7.785484663667016,-0.0040934244791666725,-8.794275752044522,-0.02587565104166668,-0.25969004097458476
205,6hFiTU77Sm0$_$1,zero,T,False,0.3,14,5,0.06445312999999997,0.3117838591337203,-0.00830077625000003,0.11406250000000007,-0.2505798289843749,0.15,0.2422790527343749,-0.03593749999999993,0.6776122996875,0.146484375,0.49265136218749994,0.20507812500000006,-0.1849609375000001,0.058593750000000056,3.7589376000323798,-0.005989583333333322,-2.869652223992476,0.009765625000000009,0.22326535442664264
206,6hFiTU77Sm0$_$2,zero,T,False,0.1,16,2,0.8894042699999999,0.07350260913372034,0.6892089574999999,0.0689453125,0.1421996801562499,0.012593994140625,0.54700927734375,0.05635131835937499,0.8781738012499999,0.07841796875000001,1.3391357153125,0.24811523437500008,0.4609619140625002,0.16969726562500007,0.615028149477628,0.009391886393229165,0.5182810689467808,0.028282877604166676,0.2927459956054511
206,6hFiTU77Sm0$_$2,zero,T,False,0.2,16,4,0.8894042699999999,0.07350260913372034,0.8767089574999999,0.1123046875,0.2813049047656249,0.024708251953125003,0.5954040527343749,0.08759643554687499,0.5432128637499999,0.053741455078125,1.0659423559375,0.16043457031250002,0.5227294921875002,0.10669311523437502,0.6694406619991975,0.014599405924479164,0.5877292498924593,0.01778218587239584,0.32238787592213297
206,6hFiTU77Sm0$_$2,zero,T,False,0.3,16,5,0.8894042699999999,0.07350260913372034,0.9226073949999999,0.1078125,0.3957397192187499,0.028212890625000007,0.52686767578125,0.07959960937499999,0.4392089574999999,0.015771484375,0.94163815671875,0.131317138671875,0.5024291992187501,0.115545654296875,0.5923820035170807,0.013266601562499999,0.5649046797516166,0.019257609049479166,0.2974527234701691
207,6uPGcKTpC4I$_$1,zero,V,False,0.1,27,3,1.32629398,0.7246744841337204,0.16625980031249998,0.07265624999999998,0.014465366718749983,0.01222656250000001,0.15179443359375,0.06042968749999997,0.0064696918750000165,0.014453124999999956,0.15928958546875,0.0568359375,0.15281989359374998,0.04238281250000005,0.1144499797426286,0.010071614583333327,0.1152231561592354,0.007063802083333341,0.06170213814213267
207,6uPGcKTpC4I$_$1,zero,V,False,0.2,27,6,1.32629398,0.7246744841337204,0.19543460499999998,0.0859375,0.045105015156249983,0.027714843750000016,0.15032958984375,0.058222656249999984,0.044067348125000017,0.024218749999999956,0.08977053903124999,0.03322265625000002,0.04570319090624997,0.009003906250000061,0.11334551672943075,0.009703776041666664,0.03445929570377321,0.0015006510416666768,0.03975230987913433
207,6uPGcKTpC4I$_$1,zero,V,False,0.3,27,9,1.32629398,0.7246744841337204,0.19250491749999998,0.08437499999999998,0.025769077656249983,0.01927734375000001,0.16673583984375,0.06509765624999997,0.050659145000000017,0.0234375,0.11909182462499998,0.04890625000000002,0.06843267962499996,0.02546875000000002,0.12571550247724683,0.010849609374999994,0.05159687750985831,0.00424479166666667,0.04810169525719295
208,6uPGcKTpC4I$_$2,zero,T,False,0.1,31,4,2.02819825,0.9692057341337204,0.7724609453125,0.25546875,0.05849610156249998,0.049843749999999985,0.71396484375,0.20562500000000003,0.3110351640625,0.0234375,0.8125976640624998,0.14126953125000002,0.5015624999999998,0.11783203125000002,0.3520190847866648,0.03427083333333334,0.24729449042050466,0.019638671875000003,0.16330577010387573
208,6uPGcKTpC4I$_$2,zero,T,False,0.2,31,7,2.02819825,0.9692057341337204,1.01013184375,0.34843749999999996,0.10529175585937497,0.051953124999999975,0.904840087890625,0.29648437499999997,0.17724610156249998,0.06328124999999996,0.6575241166992185,0.0973828125,0.48027801513671853,0.03410156250000004,0.446129781327266,0.049414062499999994,0.23680021336006238,0.005683593750000007,0.18450691273433212
208,6uPGcKTpC4I$_$2,zero,T,False,0.3,31,10,2.02819825,0.9692057341337204,1.311645515625,0.44804687500000007,0.15679322070312499,0.06298828124999999,1.154852294921875,0.38505859375000007,0.06103514843750002,0.12187499999999996,0.5495605546874998,0.10025390625,0.48852540624999974,-0.02162109374999996,0.5693978512820547,0.06417643229166668,0.24086657474604614,-0.003603515624999993,0.21770933567369188
209,6uPGcKTpC4I$_$6,zero,T,False,0.1,16,2,1.0849609,0.6277994841337203,0.0937499625,0.008593749999999956,-0.06938480312499999,0.022832031250000013,0.163134765625,-0.014238281250000057,0.48193363125,0.21718749999999998,0.2608703988281249,0.15958984375000002,-0.2210632324218751,-0.05759765624999996,0.1503599026150135,-0.0023730468750000097,-0.20375206947071148,-0.009599609374999993,-0.016341205776424495
209,6uPGcKTpC4I$_$6,zero,T,False,0.2,16,4,1.0849609,0.6277994841337203,0.0996093375,0.00390625,-0.0953369515625,0.03884765625000002,0.1949462890625,-0.03494140625000002,0.51611331875,0.20234375000000004,0.212451209375,0.12783203125000003,-0.303662109375,-0.07451171875000001,0.17968030864724374,-0.005823567708333337,-0.279882740006815,-0.012418619791666669,-0.02961115471489282
209,6uPGcKTpC4I$_$6,zero,T,False,0.3,16,5,1.0849609,0.6277994841337203,0.0937499625,0.005859375,-0.1082275765625,0.04824218750000002,0.2019775390625,-0.04238281250000002,0.45361331875,0.17929687500000002,0.20493167437499998,0.11404296875000001,-0.248681644375,-0.06525390625000001,0.18616095096288635,-0.007063802083333337,-0.22920772091167443,-0.010875651041666668,-0.015246555768447027
210,70280$_$11,zero,T,False,0.1,23,3,3.3076172,-1.2784505158662798,0.6967773562500001,0.28984375000000007,0.26093751250000013,0.08683593750000002,0.43583984375,0.20300781250000005,3.3958740359375,1.2504882812500002,4.084696972949218,1.47662841796875,0.688822937011718,0.22614013671874988,0.13176848638394842,0.033834635416666675,0.2082534607566611,0.03769002278645831,0.10288665133593362
210,70280$_$11,zero,T,False,0.2,23,5,3.3076172,-1.2784505158662798,1.0146484500000001,0.47187500000000004,0.44453126250000013,0.11789062500000003,0.5701171875,0.353984375,2.87994386015625,0.9703125000000001,3.8087661868164053,1.3638812255859376,0.9288223266601552,0.3935687255859375,0.17236487194924732,0.058997395833333334,0.2808130414387474,0.06559478759765625,0.14444252420474607
210,70280$_$11,zero,T,False,0.3,23,7,3.3076172,-1.2784505158662798,1.3569336062500001,0.618359375,0.8687744265624999,0.28414062500000004,0.4881591796875002,0.33421875,2.30322266875,0.6980468750000001,3.1607560998031623,1.082255859375,0.8575334310531622,0.38420898437499995,0.1475863144323913,0.055703125,0.2592601017412354,0.06403483072916666,0.13164609297569835
211,70280$_$3,zero,T,False,0.1,25,3,2.82324215,-0.9104817658662797,2.25244136875,0.673046875,0.16292110507812502,0.05078125000000002,2.089520263671875,0.622265625,2.464630089453125,0.597265625,4.010064659765625,1.0579492187500001,1.5454345703125,0.4606835937500001,0.740113462657963,0.1037109375,0.5473969078123859,0.07678059895833335,0.3670004767321706
211,70280$_$3,zero,T,False,0.2,25,5,2.82324215,-0.9104817658662797,2.3730468375,0.6515625,0.4000457388671876,0.11452148437500002,1.9730010986328124,0.5370410156250001,2.043945275,0.41953125,3.6710906607421876,0.9103143310546876,1.6271453857421876,0.4907830810546876,0.6988420740993606,0.08950683593750001,0.5763390892287076,0.08179718017578126,0.36162129486033734
211,70280$_$3,zero,T,False,0.3,25,8,2.82324215,-0.9104817658662797,2.60595699375,0.641796875,0.8140090567382814,0.16364257812499997,1.7919479370117186,0.4781542968750001,1.508789025,0.26328125,2.833451805761719,0.6223179626464844,1.3246627807617188,0.3590367126464844,0.634712577629638,0.07969238281250002,0.46919897096419727,0.0598394521077474,0.3108608458785207
212,70280$_$4,zero,T,False,0.1,23,3,0.9960937,0.6770182341337203,1.4184569812499999,0.36445312499999993,0.18535151249999995,0.06306640625,1.2331054687499998,0.30138671874999995,0.34118657343750003,0.16328125000000004,0.8498900867187498,0.17451171874999996,0.5087035132812497,0.011230468749999917,1.2379399958156587,0.05023111979166666,0.5106979419539626,0.0018717447916666529,0.4501852005882387
212,70280$_$4,zero,T,False,0.2,23,5,0.9960937,0.6770182341337203,1.7221679187499999,0.40839843749999993,0.34909662968750005,0.10373046875,1.3730712890624999,0.3046679687499999,0.39343266718750003,0.17734375000000002,0.7699096279687498,0.16119140624999997,0.3764769607812498,-0.016152343750000048,1.3784545676856828,0.05077799479166665,0.377952980556216,-0.0026920572916666746,0.4511233714354747
212,70280$_$4,zero,T,False,0.3,23,7,0.9960937,0.6770182341337203,1.6557616687499999,0.3804687499999999,0.36600336796875005,0.11267578125000002,1.2897583007812499,0.2677929687499999,0.23754887812500003,0.12812500000000004,0.8091918545312499,0.17123046874999998,0.5716429764062498,0.04310546874999993,1.2948149415725732,0.04463216145833332,0.5738841662406695,0.007184244791666655,0.48012887851581065
213,70280$_$6,zero,T,False,0.1,26,3,0.46099852,0.08292643725872034,1.50006102,0.628466796875,0.2194688645434571,0.2000311279296875,1.280592155456543,0.4284356689453125,0.50006102,0.16147460937500002,1.7107971039843748,0.24564453125000005,1.2107360839843748,0.08416992187500003,2.777860062536601,0.07140594482421875,2.626328296359994,0.014028320312500004,1.3724056560083282
213,70280$_$6,zero,T,False,0.2,26,6,0.46099852,0.08292643725872034,2.40777586375,0.9229980468750001,-0.07049240197418215,0.267706298828125,2.478268265724182,0.6552917480468751,0.6560669096875,0.692626953125,1.737287887675781,0.35624877929687504,1.0812209779882809,-0.33637817382812496,5.375858668408553,0.10921529134114584,2.3453841730426985,-0.05606302897135416,1.9435987759552609
213,70280$_$6,zero,T,False,0.3,26,8,0.46099852,0.08292643725872034,1.84918211375,0.568310546875,0.3406417695117188,0.27302307128906256,1.5085403442382812,0.2952874755859375,0.2879028471875,0.44067382812500006,1.344065841777344,0.31041015625,1.0561629945898439,-0.13026367187500004,3.2723251951287957,0.04921457926432291,2.291028404085635,-0.021710611979166673,1.3977143916248966
214,75RGHaxmUK8$_$3,zero,T,False,0.1,19,2,0.5927734,0.49303385913372033,0.2871093375,0.04257812500000002,-0.065429725,0.03421874999999999,0.3525390625,0.00835937500000003,0.458251990625,0.24648437499999998,0.1624267803125,0.15220703125000004,-0.2958252103125,-0.09427734374999994,0.5947272056620528,0.0013932291666666717,-0.4990519332692167,-0.01571289062499999,0.02033890273362569
214,75RGHaxmUK8$_$3,zero,T,False,0.2,19,4,0.5927734,0.49303385913372033,0.4130859,0.05585937499999993,-0.045849646875,0.05109374999999998,0.458935546875,0.004765624999999954,0.630126990625,0.27851562500000004,0.22187501874999999,0.15962890625000004,-0.408251971875,-0.11888671875000001,0.774216205819617,0.0007942708333333257,-0.6887139051129738,-0.019814453125000003,0.016620529603744123
214,75RGHaxmUK8$_$3,zero,T,False,0.3,19,6,0.5927734,0.49303385913372033,0.172851525,0.005859375,-0.09677738124999999,0.07494140625000001,0.26962890625,-0.06908203125000001,0.4257812875,0.21445312500000002,0.29849855390625,0.13789062500000004,-0.12728273359374997,-0.07656249999999998,0.45485922848557564,-0.011513671875000001,-0.21472373569734113,-0.012760416666666663,0.05396535106164196
215,75RGHaxmUK8$_$5,zero,T,False,0.1,13,2,1.69140625,0.0019022673368453771,0.12646484375,0.013714599609374961,0.06220703125,0.005666427612304663,0.0642578125,0.008048171997070298,0.712646484375,0.10939331054687496,0.87427978515625,0.15875854492187497,0.16163330078125004,0.04936523437500001,0.03799073966367355,0.0013413619995117163,0.09556143310917584,0.008227539062500002,0.03578026845871528
215,75RGHaxmUK8$_$5,zero,T,False,0.2,13,3,1.69140625,0.0019022673368453771,0.198486328125,0.01491699218749996,0.09703369140625,0.008448791503906235,0.10145263671875,0.006468200683593725,0.521484375,0.07794799804687497,0.6963623046875,0.11925659179687498,0.17487792968750004,0.04130859375000001,0.059981200103493705,0.001078033447265621,0.10339197120474684,0.0068847656250000016,0.04283399259512655
215,75RGHaxmUK8$_$5,zero,T,False,0.3,13,4,1.69140625,0.0019022673368453771,0.263916015625,0.02207641601562496,0.1364013671875,0.016837615966796855,0.1275146484375,0.0052388000488281065,0.379638671875,0.05656127929687496,0.55606689453125,0.08385375976562497,0.17642822265625002,0.027292480468750005,0.07538967829155278,0.0008731333414713511,0.10430854110164778,0.004548746744791668,0.04628002486986589
216,7_K3F-lAv1k$_$2,zero,V,False,0.1,43,5,0.22399902000000002,0.24889323413372036,0.12927245750000002,0.021875000000000006,-0.027096561054687475,0.03484374999999999,0.1563690185546875,-0.012968749999999987,0.36120605812499995,0.27812499999999996,0.18593139992187496,0.22005859374999998,-0.175274658203125,-0.05806640624999998,0.6980759133623625,-0.002161458333333331,-0.7824760828285863,-0.009677734374999997,-0.02405984054363928
216,7_K3F-lAv1k$_$2,zero,V,False,0.2,43,9,0.22399902000000002,0.24889323413372036,0.10510253562500002,0.006835937499999972,-0.055804446796875,0.06183593749999999,0.160906982421875,-0.05500000000000002,0.32568359718749995,0.24687500000000004,0.19023437843749996,0.20845703124999998,-0.13544921875,-0.03841796875000006,0.7183346788177742,-0.00916666666666667,-0.6046839582871465,-0.006402994791666676,0.024520264768073605
216,7_K3F-lAv1k$_$2,zero,V,False,0.3,43,13,0.22399902000000002,0.24889323413372036,-0.005126956562499979,0.06074218750000002,-0.10299682960937499,0.094716796875,0.09786987304687501,-0.03397460937499998,0.23193359718749998,0.20156249999999995,0.152954105,0.17919921875000003,-0.07897949218749997,-0.022363281249999922,0.43691903709149227,-0.0056624348958333294,-0.35258698721321524,-0.003727213541666654,0.018735600360194258
217,7r4vRxKLFCA$_$6,zero,T,False,0.1,37,4,1.88916014,0.9434244841337204,0.347930891953125,0.13046875000000002,0.02641599937499999,0.03082031250000001,0.321514892578125,0.09964843750000002,0.3953857259375,0.162109375,0.8568618611914063,0.3647460937500001,0.4614761352539063,0.2026367187500001,0.17018923678375314,0.01660807291666667,0.24427568696120136,0.03377278645833335,0.11621144577998863
217,7r4vRxKLFCA$_$6,zero,T,False,0.2,37,8,1.88916014,0.9434244841337204,0.7347411946875,0.271875,0.09778898521484373,0.05535156249999999,0.6369522094726563,0.21652343749999997,0.0006103678125000123,0.0078125,0.6884292440039061,0.2912890625000001,0.6878188761914061,0.2834765625000001,0.3371613971864022,0.036087239583333326,0.3640869281227149,0.047246093750000016,0.1961454146606126
217,7r4vRxKLFCA$_$6,zero,T,False,0.3,37,12,1.88916014,0.9434244841337204,0.98046873375,0.36328125,0.15007627769531248,0.0615234375,0.8303924560546875,0.3017578125,0.198486344375,0.06562499999999993,0.5411514119726561,0.22285156249999996,0.34266506759765614,0.15722656250000003,0.4395561810331794,0.05029296875,0.18138477461888516,0.02620442708333334,0.17435958787134948
218,80566$_$1,zero,T,False,0.1,13,2,1.87493893,0.8543619841337203,1.2020873675,0.34375,0.11921764704101552,0.06683593749999998,1.0828697204589843,0.2769140625,0.5216064104687499,0.04921874999999998,1.2761382708203122,0.24343750000000003,0.7545318603515623,0.19421875000000005,0.5775490207086178,0.04615234375,0.4024298849678679,0.032369791666666675,0.2646252602732881
218,80566$_$1,zero,T,False,0.2,13,3,1.87493893,0.8543619841337203,1.20062252375,0.33281249999999996,0.17643886896484365,0.064296875,1.0241836547851562,0.2685156249999999,0.4668273577343749,0.04453125000000002,1.146675075019531,0.22626953124999996,0.679847717285156,0.18173828124999994,0.5462487829064242,0.044752604166666654,0.3625970658618146,0.030289713541666655,0.24597204161914302
218,80566$_$1,zero,T,False,0.3,13,4,1.87493893,0.8543619841337203,1.21624752375,0.31914062499999996,0.1608520159374999,0.04304687499999999,1.0553955078125,0.27609374999999997,0.3438415178906249,0.021874999999999978,1.1003478655468748,0.22458984375000002,0.7565063476562499,0.20271484375000004,0.562895637841848,0.046015625,0.4034829786020131,0.03378580729166667,0.26154501218388193
219,80566$_$0,zero,T,False,0.1,12,2,2.0488242853000003,-0.10559895336627967,0.32641217592500027,0.03076171875,0.15844380739472683,0.021049804687500003,0.16796836853027344,0.009711914062499997,1.0363731134250003,0.0884521484375,1.2085593927218752,0.1475775146484375,0.1721862792968749,0.05912536621093749,0.08198276824062066,0.0016186523437499995,0.08404146538618222,0.009854227701822914,0.04437427841809395
219,80566$_$0,zero,T,False,0.2,12,3,2.0488242853000003,-0.10559895336627967,0.27953717592500027,0.0224609375,0.20622212770722684,0.020565185546875,0.07331504821777343,0.0018957519531250001,0.9802207696750003,0.08642578125,1.0596275079562503,0.1337527060508728,0.07940673828125,0.047326924800872805,0.035783943484003926,0.00031595865885416667,0.03875720338429093,0.007887820800145467,0.020686231581823623
219,80566$_$0,zero,T,False,0.3,12,4,2.0488242853000003,-0.10559895336627967,0.33642194155000027,0.021093749999999994,0.31698241117738063,0.032420654296875004,0.01943953037261964,-0.01132690429687501,0.8371543634250003,0.07080078125,0.8743188608004886,0.10212333679199218,0.037164497375488326,0.031322555541992175,0.009488134743404045,-0.0018878173828125015,0.018139417568758916,0.005220425923665363,0.007740040213253956
220,80566$_$3,zero,V,False,0.1,17,2,0.17041010000000012,0.16402995288372035,0.14794916250000012,0.032324218749999994,0.10566400625000014,0.025834960937499995,0.04228515624999998,0.0064892578125,0.4125976000000001,0.15263671874999996,0.48640131093750005,0.15946289062500002,0.07380371093749993,0.006826171875000064,0.24813616161153795,0.00108154296875,0.43309215736240114,0.0011376953125000107,0.17086188931379725
220,80566$_$3,zero,V,False,0.2,17,4,0.17041010000000012,0.16402995288372035,0.2612304125000001,0.06220703124999999,0.20803217031250015,0.05170410156249999,0.05319824218749997,0.010502929687499996,0.3334960375000001,0.13037109375,0.4481688890625001,0.13763671875,0.11467285156249996,0.007265624999999998,0.3121759215655549,0.0017504882812499993,0.6729189094049617,0.0012109374999999996,0.24701406418794164
220,80566$_$3,zero,V,False,0.3,17,6,0.17041010000000012,0.16402995288372035,0.3256835375000001,0.08486328125,0.26520990468750005,0.069521484375,0.06047363281250007,0.015341796875000008,0.2680663500000001,0.10439453124999998,0.42800287343750004,0.123681640625,0.15993652343749992,0.019287109375000028,0.3548690948682335,0.0025569661458333345,0.9385334842477973,0.0032145182291666713,0.3247935158727577
221,80566$_$2,zero,V,False,0.1,14,2,0.35937504,0.08111979663372033,0.14550785249999998,0.040039062500000014,0.10668949312499998,0.02994628906250001,0.038818359375,0.010092773437500004,0.43359379,0.18515625000000008,0.4721680087499999,0.19897460937500006,0.038574218749999944,0.013818359374999978,0.10801599175893864,0.0016821289062500008,0.10733664589881937,0.0023030598958333295,0.05483445661496033
221,80566$_$2,zero,V,False,0.2,14,3,0.35937504,0.08111979663372033,0.19628910249999998,0.055859375,0.14306644624999992,0.0435009765625,0.053222656250000056,0.012358398437500001,0.3857422275,0.16347656250000003,0.4354980868749999,0.17885742187500003,0.04975585937499993,0.015380859375,0.14809739750596634,0.002059733072916667,0.13845068629227464,0.0025634765625,0.07279282335841442
221,80566$_$2,zero,V,False,0.3,14,5,0.35937504,0.08111979663372033,0.2861328525,0.08730468750000002,0.21972660249999992,0.071943359375,0.06640625000000006,0.015361328125000018,0.294921915,0.12480468750000002,0.36113285249999993,0.1421435546875,0.06621093749999996,0.01733886718749998,0.18478207395239835,0.0025602213541666696,0.18423859726430278,0.0028898111979166635,0.09361767594219611
222,80566$_$4,zero,V,False,0.1,7,1,1.1730957,-0.18567707836627967,0.20983886406249996,0.12802734375000002,0.19900512382812502,0.11527343749999999,0.010833740234374944,0.01275390625000003,1.139892575,0.5802734375,1.14444579765625,0.5904882812500001,0.004553222656250133,0.010214843750000036,0.009235163848278617,0.0021256510416666715,0.0038813702708823013,0.0017024739583333393,0.004236164779790232
222,80566$_$4,zero,V,False,0.2,7,2,1.1730957,-0.18567707836627967,0.36828612968749996,0.2239501953125,0.348626705859375,0.19846847534179685,0.019659423828124967,0.025481719970703143,0.97387695,0.4966796875,0.9962097136718752,0.5173925781250002,0.0223327636718752,0.020712890625000147,0.01675857056636931,0.004246953328450524,0.01903744480047996,0.0034521484375000244,0.010873779283199955
222,80566$_$4,zero,V,False,0.3,7,3,1.1730957,-0.18567707836627967,0.538085934375,0.3150390625,0.5363922087890624,0.29860839843750003,0.001693725585937611,0.01643066406249999,0.798339840625,0.4126953125,0.7992431609374998,0.42582031249999996,0.0009033203124998446,0.013124999999999942,0.0014438073058577448,0.002738444010416665,0.0007700305631239476,0.0021874999999999902,0.0017849454698495868
223,80566$_$6,zero,T,False,0.1,17,2,2.37963865,-0.8972005158662797,0.5247802515625,0.13203124999999993,0.29276731210937507,0.039218749999999976,0.2320129394531249,0.09281249999999996,1.946289040625,0.25390625,2.4553359766601557,0.60443115234375,0.5090469360351557,0.35052490234375,0.09749919045647305,0.015468749999999995,0.21391765599264398,0.058420817057291664,0.09632660337660218
223,80566$_$6,zero,T,False,0.2,17,4,2.37963865,-0.8972005158662797,1.008941628515625,0.1832031249999999,0.5966186304687501,0.07056640624999996,0.4123229980468749,0.11263671874999995,1.519042946875,0.10078124999999993,2.2270400782226556,0.43630126953125004,0.7079971313476556,0.3355200195312501,0.173271191731435,0.018772786458333326,0.29752283348769026,0.05592000325520835,0.13637170373316673
223,80566$_$6,zero,T,False,0.3,17,6,2.37963865,-0.8972005158662797,1.88500974375,0.36406249999999996,0.7895248194335938,0.10593749999999999,1.0954849243164062,0.25812499999999994,0.8370361109375,0.12187499999999996,2.1306594629882807,0.39788085937499995,1.2936233520507807,0.276005859375,0.46035748493113493,0.04302083333333332,0.5436215319621106,0.0460009765625,0.27325020669726974
224,80855$_$11,zero,V,False,0.1,15,2,1.63049313,0.07267253100872034,0.10583492687500007,0.013134765625000003,0.07921139171875007,0.012998046874999999,0.026623535156250003,0.00013671875000000402,0.5743407862500001,0.13325195312500002,0.5949706690625,0.133017578125,0.02062988281249989,-0.00023437500000000888,0.016328507209191857,2.2786458333334005e-05,0.01265253424279417,-3.906250000000148e-05,0.00724119135257984
224,80855$_$11,zero,V,False,0.2,15,3,1.63049313,0.07267253100872034,0.15075680187500007,0.020849609374999994,0.12886959484375007,0.020009765625000002,0.021887207031249994,0.0008398437499999925,0.5191650050000001,0.11918945312500001,0.5407226221875,0.11769531250000001,0.021557617187499933,-0.0014941406250000011,0.013423665028005955,0.0001399739583333321,0.01322152394838731,-0.00024902343750000017,0.006634034874306649
224,80855$_$11,zero,V,False,0.3,15,5,1.63049313,0.07267253100872034,0.24475094250000007,0.037939453124999994,0.21329342296875006,0.036650390625,0.031457519531250006,0.0012890624999999933,0.41467281750000007,0.090087890625,0.44230953624999997,0.0908349609375,0.0276367187499999,0.0007470703125000006,0.01929324304359808,0.0002148437499999989,0.016949903861352693,0.00012451171875000008,0.009145625593425192
225,80855$_$10,zero,T,False,0.1,17,2,1.755004845,-0.12024739086627967,0.09716793093749998,0.04765625000000001,0.07290493044921872,0.038164062500000005,0.024263000488281256,0.009492187500000006,0.7169189075,0.10078125000000002,0.7758514026171875,0.13509765624999998,0.05893249511718757,0.03431640624999996,0.013825025459263503,0.001582031250000001,0.03357965746101978,0.0057194010416666595,0.013676528802987486
225,80855$_$10,zero,T,False,0.2,17,4,1.755004845,-0.12024739086627967,0.2561034778125,0.105859375,0.17647396121093753,0.07125000000000001,0.07962951660156245,0.034609375,0.534545860625,0.0697265625,0.6396712878710937,0.1292529296875,0.10512542724609375,0.059526367187499984,0.0453727928191387,0.005768229166666666,0.05990032884824595,0.009921061197916664,0.030240603007991994
225,80855$_$10,zero,T,False,0.3,17,6,1.755004845,-0.12024739086627967,0.3708495715625,0.15058593750000004,0.2959395984179688,0.105556640625,0.07490997314453118,0.04502929687500004,0.422729454375,0.04804687500000002,0.49818416628906254,0.10926757812500001,0.07545471191406256,0.061220703125,0.042683603224427547,0.0075048828125000066,0.04299399465194519,0.010203450520833332,0.02584648280242652
226,80855$_$12,zero,T,False,0.1,21,3,0.6992187599999999,-0.6483723908662797,0.7089843849999999,0.14101562499999998,0.3407226662499999,0.031640625000000006,0.36826171875,0.10937499999999997,1.3355712990625,0.12890625,1.7339599709375002,0.29093750000000007,0.39838867187500027,0.16203125000000007,0.5266752168874633,0.01822916666666666,0.569761746829066,0.027005208333333346,0.28541783467913234
226,80855$_$12,zero,T,False,0.2,21,5,0.6992187599999999,-0.6483723908662797,1.302734385,0.25664062500000007,0.47041016624999993,0.041601562499999994,0.83232421875,0.21503906250000007,0.9492187599999999,0.03554687499999998,1.6578628640039064,0.23228515625000004,0.7086441040039064,0.19673828125000006,1.19036140905114,0.03583984375000001,1.0134783719554872,0.032789713541666675,0.5681173345745736
226,80855$_$12,zero,T,False,0.3,21,7,0.6992187599999999,-0.6483723908662797,1.694091806875,0.31562500000000004,0.7537109475000001,0.06488281250000001,0.9403808593749998,0.25074218750000005,0.6279296974999999,0.18867187500000004,1.41951905296875,0.15393554687500005,0.7915893554687501,-0.03473632812499999,1.3449002919697233,0.04179036458333334,1.1321038116382038,-0.005789388020833332,0.6282512700426068
227,80855$_$15,zero,T,False,0.1,19,2,2.53308105,1.1895182341337203,2.4715576125,0.8058593749999999,0.25786132343749985,0.0927734374999999,2.2136962890625,0.7130859375,0.5538635207031248,0.14296874999999987,2.1651122999999997,0.6379296874999999,1.6112487792968748,0.49496093750000003,0.8739141667608042,0.11884765625,0.636082348495926,0.08249348958333334,0.4278344152725159
227,80855$_$15,zero,T,False,0.2,19,4,2.53308105,1.1895182341337203,2.628784175,0.8507812499999999,0.7267349196289061,0.24646484374999994,1.9020492553710937,0.6043164062499999,0.32434081562499983,0.043749999999999956,1.5207717848632811,0.45835937499999996,1.1964309692382813,0.414609375,0.7508833973108348,0.10071940104166666,0.47232223260919687,0.0691015625,0.3482566483654246
227,80855$_$15,zero,T,False,0.3,19,6,2.53308105,1.1895182341337203,2.4149169875,0.7919921874999999,0.5728881789062499,0.1877832031249999,1.84202880859375,0.604208984375,0.34167479999999983,0.04531249999999987,1.9512420607421874,0.5853222656249999,1.6095672607421876,0.540009765625,0.7271887653989534,0.10070149739583334,0.6354185253265632,0.09000162760416668,0.38832760393137916
228,80855$_$17,zero,T,False,0.1,30,3,3.4501953,-1.1097005158662798,1.5371093624999999,0.6359375000000002,0.39050291718749985,0.150986328125,1.1466064453125,0.48495117187500014,3.060577380078125,0.7121093750000002,4.096350085156251,1.1354071044921876,1.0357727050781262,0.42329772949218747,0.33233078515344183,0.08082519531250003,0.3002068911493895,0.07054962158203125,0.19597812329934064
228,80855$_$17,zero,T,False,0.2,30,6,3.4501953,-1.1097005158662798,2.003662096875,0.8197265625000002,0.603204333203125,0.17738281250000004,1.400457763671875,0.6423437500000002,2.3814697140625,0.4121093750000001,3.6839126461914065,1.00287109375,1.3024429321289066,0.5907617187499999,0.4059066910691067,0.1070572916666667,0.3774982113710187,0.09846028645833332,0.24723062014128133
228,80855$_$17,zero,T,False,0.3,30,9,3.4501953,-1.1097005158662798,3.20849608125,1.1569824218750002,1.0445556515625,0.29489257812499997,2.1639404296875,0.8620898437500002,1.2919921749999999,0.014062500000000089,3.0157878750732414,0.7965124511718752,1.7237957000732416,0.7824499511718751,0.6271934236575177,0.14368164062500002,0.4996224997613155,0.1304083251953125,0.35022647230978643
229,80855$_$0,zero,T,False,0.1,1,1,1.8444824000000002,0.018412277102470335,0.5117187281250002,0.022058105468750006,0.5117187281250002,0.02205810546875,0.0,6.938893903907228e-18,2.187499981154417e-08,0.0001770019531249986,2.187499981154417e-08,0.0001770019531249986,0.0,0.0,0.0,1.1564823173178713e-18,0.0,0.0,2.8912057932946783e-19
229,80855$_$0,zero,T,False,0.2,1,1,1.8444824000000002,0.018412277102470335,0.5117187281250002,0.022058105468750006,0.5117187281250002,0.02205810546875,0.0,6.938893903907228e-18,2.187499981154417e-08,0.0001770019531249986,2.187499981154417e-08,0.0001770019531249986,0.0,0.0,0.0,1.1564823173178713e-18,0.0,0.0,2.8912057932946783e-19
229,80855$_$0,zero,T,False,0.3,1,1,1.8444824000000002,0.018412277102470335,0.5117187281250002,0.022058105468750006,0.5117187281250002,0.02205810546875,0.0,6.938893903907228e-18,2.187499981154417e-08,0.0001770019531249986,2.187499981154417e-08,0.0001770019531249986,0.0,0.0,0.0,1.1564823173178713e-18,0.0,0.0,2.8912057932946783e-19
230,80855$_$3,zero,T,False,0.1,3,1,0.4965820999999999,0.21901042163372034,0.5629883499999999,0.10351562499999997,-0.12708733359375007,0.07064208984374999,0.69007568359375,0.03287353515624998,0.8790282515625001,0.179443359375,0.47661741101562505,0.10384521484375,-0.40241084054687504,-0.07559814453125,1.3896479433024407,0.005478922526041663,-0.8103595159538759,-0.012599690755208332,0.14304191477984954
230,80855$_$3,zero,T,False,0.2,3,1,0.4965820999999999,0.21901042163372034,0.5629883499999999,0.10351562499999997,0.0015503617187499152,0.06985595703124999,0.56143798828125,0.03365966796874999,0.8790282515625001,0.179443359375,0.5227721824218751,0.11522705078124998,-0.356256069140625,-0.06421630859375002,1.1306022864677636,0.005609944661458331,-0.7174148075933818,-0.010702718098958336,0.10202367635922045
230,80855$_$3,zero,T,False,0.3,3,1,0.4965820999999999,0.21901042163372034,0.5629883499999999,0.10351562499999997,0.0015503617187499152,0.06985595703124997,0.56143798828125,0.03365966796875,0.8790282515625001,0.179443359375,0.5227721824218751,0.11522705078124998,-0.356256069140625,-0.06421630859375002,1.1306022864677636,0.005609944661458334,-0.7174148075933818,-0.010702718098958336,0.10202367635922045
231,80855$_$2,zero,T,False,0.1,5,1,0.12158205,-0.3675130158662797,-1.610870342578125,0.19755859375000004,-0.5034744075195311,0.0718310546875,-1.107395935058594,0.12572753906250003,0.467529278125,0.030468749999999933,0.8699950984374999,0.16861328125,0.4024658203124999,0.13814453125000006,-9.108144063326213,0.020954589843750007,3.3102132271932634,0.02302408854166668,-1.438488039436883
231,80855$_$2,zero,T,False,0.2,5,1,0.12158205,-0.3675130158662797,-1.610870342578125,0.19755859375000004,-0.6238616755859374,0.078701171875,-0.9870086669921876,0.11885742187500004,0.467529278125,0.030468749999999933,0.8122253230468749,0.16758789062499999,0.3446960449218749,0.13711914062500005,-8.117979167262112,0.019809570312500007,2.8350666060925014,0.022853190104166674,-1.3100624501882359
231,80855$_$2,zero,T,False,0.3,5,2,0.12158205,-0.3675130158662797,-1.2501182368652344,0.25488281250000006,-0.6551572612182616,0.07790039062500001,-0.5949609756469728,0.17698242187500005,0.585693340625,0.07187500000000002,0.9801559260742186,0.1766015625,0.39446258544921864,0.10472656249999998,-4.893453286843625,0.02949707031250001,3.2443879755378617,0.01745442708333333,-0.4005284534774826
232,80855$_$7,zero,T,False,0.1,7,1,0.48681644,-0.2675130158662796,0.36132815875,0.11796875000000007,0.001684604062500017,0.061162109375000065,0.3596435546875,0.056806640625,0.555084194765625,0.07402343749999996,0.31597134076171873,0.03287109374999999,-0.23911285400390625,-0.041152343749999966,0.738764730136825,0.0094677734375,-0.4911756119581629,-0.006858723958333327,0.0625495419144572
232,80855$_$7,zero,T,False,0.2,7,2,0.48681644,-0.2675130158662796,0.4643555025,0.19453125000000004,-0.09387203656249996,0.07562500000000007,0.5582275390625,0.11890624999999998,0.6168212553125,0.030078124999999956,0.216058325984375,0.05232421875000004,-0.40076292932812496,0.022246093750000084,1.1466876352303648,0.01981770833333333,-0.8232304276694051,0.0037076822916666807,0.0867456495464899
232,80855$_$7,zero,T,False,0.3,7,3,0.48681644,-0.2675130158662796,0.312988315,0.1937500000000001,-0.07581783734374996,0.10262695312500007,0.38880615234375,0.09112304687500002,0.545654263125,0.01914062499999994,0.24093015553125002,0.06919921875000004,-0.30472410759374996,0.0500585937500001,0.7986693170724327,0.01518717447916667,-0.6259515016424843,0.00834309895833335,0.04906202221686211
233,80855$_$20,zero,V,False,0.1,16,2,0.07324218999999998,0.34615885913372035,-0.12548827875000002,0.046679687499999956,-0.10019531000000001,0.03848632812500001,-0.025292968750000006,0.008193359374999945,0.7226562475,0.27460937500000004,0.74248046625,0.28181640625,0.019824218749999956,0.00720703124999994,-0.3453286066595408,0.001365559895833324,0.27066296197639617,0.00120117187499999,-0.01802472822807783
233,80855$_$20,zero,V,False,0.2,16,4,0.07324218999999998,0.34615885913372035,-0.256835935,0.09531250000000002,-0.22875976312499996,0.085859375,-0.028076171875000056,0.00945312500000002,0.6464843725,0.2421875,0.67597656,0.25369140625,0.029492187499999933,0.011503906249999973,-0.3833280865429272,0.0015755208333333368,0.4026611552555253,0.0019173177083333288,0.005706476813566193
233,80855$_$20,zero,V,False,0.3,16,5,0.07324218999999998,0.34615885913372035,-0.3183593725,0.12070312500000002,-0.278710935,0.10552734374999999,-0.03964843750000002,0.015175781250000034,0.60498046625,0.22382812499999993,0.64443359125,0.2413671875,0.03945312499999998,0.017539062500000063,-0.5413259239527939,0.0025292968750000055,0.5386592937855381,0.002923177083333344,0.0006964609477694018
234,830KzUc6CbU$_$0,zero,V,False,0.1,18,2,1.841308544,0.06988932788372035,0.1308593252500001,0.035253906249999994,0.1116027334531251,0.03090087890624999,0.019256591796875,0.004353027343750003,0.8837890127500001,0.20556640625000003,0.9059813955625001,0.20998046875000004,0.022192382812500022,0.00441406250000001,0.010458095902247166,0.0007255045572916672,0.01205249974661513,0.000735677083333335,0.005992944322371825
234,830KzUc6CbU$_$0,zero,V,False,0.2,18,4,1.841308544,0.06988932788372035,0.2639159658750001,0.06611328124999999,0.24284662993750014,0.05742187499999999,0.02106933593749996,0.008691406249999999,0.8139647940000001,0.17939453125,0.8310302236875001,0.184833984375,0.017065429687500022,0.005439453125000021,0.01144258226768848,0.0014485677083333332,0.009268093864558832,0.0009065755208333368,0.005766454840353496
234,830KzUc6CbU$_$0,zero,V,False,0.3,18,6,1.841308544,0.06988932788372035,0.4238280752500001,0.09677734375,0.37075190337500014,0.08270996093750001,0.05307617187499997,0.014067382812499987,0.6953124502500001,0.15009765625,0.7409667471250001,0.161181640625,0.045654296875,0.011083984375000022,0.028825230417097086,0.002344563802083331,0.02479447142592989,0.0018473307291666703,0.014452899093569246
235,830KzUc6CbU$_$13,zero,T,False,0.1,47,5,0.6577149,-0.27649739086627967,0.81933599375,0.12001953125,0.21506353281250004,0.020751953125000007,0.6042724609375,0.099267578125,1.292236384375,0.09414062499999998,1.5712128248046873,0.06452148437499998,0.2789764404296873,-0.029619140625,0.918743884612642,0.016544596354166666,0.42415948957549493,-0.0049365234375,0.3386278617762009
235,830KzUc6CbU$_$13,zero,T,False,0.2,47,10,0.6577149,-0.27649739086627967,1.0883789625,0.11054687499999999,0.4687256421875,0.0327587890625,0.6196533203125,0.07778808593749999,1.165771540625,0.11347656250000004,1.516261347753906,0.056191406250000006,0.350489807128906,-0.05728515625000004,0.9421291477254845,0.012964680989583331,0.5328893632173192,-0.009547526041666672,0.3696089164726801
235,830KzUc6CbU$_$13,zero,T,False,0.3,47,15,0.6577149,-0.27649739086627967,1.20703130625,0.07109374999999998,0.7164307203125,0.032822265625000006,0.4906005859375,0.03827148437499998,1.075927790625,0.0703125,1.3798401441406247,0.043447265625000016,0.30391235351562473,-0.026865234374999984,0.7459156543691584,0.006378580729166663,0.462072383403875,-0.004477539062499997,0.30247226985992504
236,84140$_$0,zero,V,False,0.1,22,3,0.21777343999999998,0.5192057341337203,-0.20800781000000002,0.08906250000000004,-0.17728881585937498,0.07566406250000002,-0.03071899414062504,0.013398437500000027,0.520416257265625,0.2015625000000001,0.6383895849023438,0.2549023437500001,0.11797332763671875,0.053339843750000004,-0.14105876768928916,0.002233072916666671,0.5417225622837958,0.008889973958333333,0.10294671036737665
236,84140$_$0,zero,V,False,0.2,22,5,0.21777343999999998,0.5192057341337203,-0.350341794375,0.14765625000000004,-0.26976318109374997,0.11484375000000005,-0.08057861328125004,0.032812499999999994,0.42340087640625,0.16367187500000002,0.615704343203125,0.24710937500000005,0.19230346679687493,0.08343750000000003,-0.3700095074575788,0.005468749999999999,0.8830396569812093,0.013906250000000004,0.13310128738090765
236,84140$_$0,zero,V,False,0.3,22,7,0.21777343999999998,0.5192057341337203,-0.451751706484375,0.18515625000000002,-0.3745376561914062,0.15734375000000006,-0.0772140502929688,0.027812499999999962,0.3441162084375,0.1332031250000001,0.5527511571679687,0.22427734375000002,0.20863494873046873,0.09107421874999994,-0.354559746740567,0.00463541666666666,0.9580323050329907,0.015179036458333323,0.15582175285435593
237,84140$_$5,zero,T,False,0.1,48,5,3.7802734000000004,-1.3862630158662799,0.6708984000000004,0.2718750000000001,0.21977535312500046,0.049687500000000086,0.451123046875,0.2221875,4.5803222281250004,1.7195312500000002,4.95323482578125,1.8528515625000002,0.3729125976562493,0.13332031249999998,0.11933605848162766,0.03703125,0.09864696532512275,0.02222005208333333,0.06930858147252093
237,84140$_$5,zero,T,False,0.2,48,10,3.7802734000000004,-1.3862630158662799,1.5419921500000004,0.5835937500000001,0.5385741812500004,0.1408593750000001,1.00341796875,0.442734375,3.6461181265625004,1.2706054687500001,4.207060204199219,1.5853395080566408,0.5609420776367182,0.3147340393066407,0.2654352204564832,0.0737890625,0.1483866032679316,0.052455673217773446,0.13501663986054707
237,84140$_$5,zero,T,False,0.3,48,15,3.7802734000000004,-1.3862630158662799,2.6550597769531254,0.9445312500000002,0.9378417593750001,0.2705859375000001,1.7172180175781253,0.6739453125000001,2.5051269156250004,0.7414062500000002,3.537273369482422,1.3041851806640625,1.0321464538574214,0.5627789306640624,0.4542575051107732,0.11232421875000002,0.27303479711880735,0.0937964884440104,0.2333532523558977
238,89835$_$1,zero,T,False,0.1,18,2,0.37548827000000007,0.3863932341337204,0.22021483250000007,0.08808593750000004,-0.03146973781249993,0.031464843750000006,0.2516845703125,0.05662109375000004,0.7066955678906249,0.10859374999999993,0.49726563625,0.05947265625000002,-0.20942993164062496,-0.049121093749999914,0.6702843208076226,0.00943684895833334,-0.5577521073787939,-0.008186848958333319,0.028445553357207165
238,89835$_$1,zero,T,False,0.2,18,4,0.37548827000000007,0.3863932341337204,0.41699217625000007,0.15703125000000004,-0.02272950343749993,0.04825195312499999,0.4397216796875,0.10877929687500004,0.7882995717968749,0.1718749999999999,0.4118484609570312,0.06964843749999998,-0.37645111083984373,-0.10222656249999991,1.1710632362077882,0.018129882812500008,-1.0025615667788421,-0.01703776041666665,0.042398447956194865
238,89835$_$1,zero,T,False,0.3,18,6,0.37548827000000007,0.3863932341337204,0.43701170750000007,0.18476562500000004,-0.11237794093749995,0.055986328125,0.5493896484375,0.12877929687500006,0.7617187612499999,0.1871093749999999,0.29849854303125,0.07874999999999997,-0.4632202182187499,-0.10835937499999994,1.4631300874123514,0.021463216145833342,-1.2336443547874214,-0.018059895833333322,0.05822226323435748
239,89835$_$0,zero,V,False,0.1,13,2,0.043945300000000076,0.23932292163372035,0.041992175000000076,0.028320312500000028,0.009716784375000075,0.01952148437500001,0.032275390625,0.008798828125000019,0.09472657499999992,0.06835937500000003,0.06674804437500001,0.08622070312500002,-0.027978530624999914,0.017861328124999992,0.734427941032577,0.0014664713541666697,-0.6366527017063977,0.002976888020833332,0.025554649675294843
239,89835$_$0,zero,V,False,0.2,13,3,0.043945300000000076,0.23932292163372035,0.052734362500000076,0.04355468750000005,-0.012109387499999924,0.022119140625000006,0.06484375,0.021435546875000044,0.10058594999999992,0.05136718750000005,0.06318358625000005,0.08403320312500002,-0.037402363749999876,0.032666015624999975,1.47552239892778,0.0035725911458333406,-0.8510924412294052,0.005444335937499996,0.15836172119542702
239,89835$_$0,zero,V,False,0.3,13,4,0.043945300000000076,0.23932292163372035,0.06542967500000008,0.05957031250000003,0.005566393750000076,0.034316406249999994,0.05986328125,0.025253906250000034,0.13378907499999992,0.027734375000000006,0.054931640625,0.067998046875,-0.07885743437499992,0.04026367187499999,1.362191612263146,0.004208984375000006,-1.7944044066280844,0.006710611979166665,-0.10532329950269298
240,89835$_$4,zero,T,False,0.1,48,5,1.88024902,-0.5436848908662797,1.20446777,0.22304687499999998,0.1322586025195312,0.04140625000000001,1.0722091674804688,0.18164062499999997,1.309112545390625,0.19257812500000004,2.094908138652344,0.3879150390625,0.7857955932617191,0.19533691406249998,0.5702481883129931,0.030273437499999997,0.41792080037404766,0.03255615234375,0.2627496446326977
240,89835$_$4,zero,T,False,0.2,48,10,1.88024902,-0.5436848908662797,1.73425292625,0.2640625,0.3978363002734374,0.06990234375,1.3364166259765624,0.19416015625,0.8635559047656249,0.03867187500000002,1.9227050746875,0.28307861328125,1.0591491699218751,0.24440673828124998,0.71076538319971,0.03236002604166666,0.563302304829586,0.04073445638020833,0.33679054261279273
240,89835$_$4,zero,T,False,0.3,48,15,1.88024902,-0.5436848908662797,2.17272948875,0.3154296875,0.5848617519335939,0.07770507812500002,1.587867736816406,0.23772460937499998,0.38037109031249994,0.10000000000000009,1.7599304164843752,0.2211328125,1.3795593261718753,0.12113281249999991,0.8444981890314811,0.039620768229166665,0.7337105765178374,0.020188802083333318,0.4095045839654547
241,89835$_$7,zero,T,False,0.1,41,5,3.9599609,-1.5682942658662797,0.7539062125,0.30390625000000004,0.08803707187500001,0.06085937499999999,0.665869140625,0.24304687500000005,2.188720665625,0.47968750000000004,3.39032150333252,1.157781982421875,1.2016008377075198,0.6780944824218749,0.16815039069567816,0.04050781250000001,0.30343747441295327,0.11301574707031248,0.15627785616973597
241,89835$_$7,zero,T,False,0.2,41,9,3.9599609,-1.5682942658662797,0.2343749625,0.19609374999999996,0.09775386875,0.091953125,0.13662109375,0.10414062499999996,1.79345699375,0.30703124999999987,2.6185914618286135,0.8057226562500001,0.8251344680786135,0.4986914062500002,0.03450060813716415,0.017356770833333326,0.20836929468402549,0.08311523437500003,0.08583547700738074
241,89835$_$7,zero,T,False,0.3,41,13,3.9599609,-1.5682942658662797,0.8906249625,0.50703125,0.4253417593750001,0.1384765625,0.46528320312499993,0.36855468750000003,1.06542965,0.061718750000000044,1.6639892203124997,0.4499218749999999,0.5985595703124997,0.38820312499999987,0.11749688882738996,0.061425781250000006,0.15115286091830826,0.06470052083333332,0.09869401295725788
242,8eaYvALnJ0o$_$1,zero,T,False,0.1,24,3,2.499359106,0.9777994841337203,0.370208715375,0.12265624999999991,0.08210904496484375,0.03128906249999997,0.28809967041015627,0.09136718749999995,0.91879269975,0.18437499999999996,1.553314184125,0.41068359374999996,0.634521484375,0.22630859375,0.11526937223593352,0.015227864583333325,0.25387357462086335,0.037718098958333335,0.10552222759961588
242,8eaYvALnJ0o$_$1,zero,T,False,0.2,24,5,2.499359106,0.9777994841337203,0.656341527875,0.21757812499999996,0.13514859574609375,0.04144531249999997,0.5211929321289063,0.17613281249999999,0.499572729046875,0.03515625,1.314147924359375,0.3358398437499999,0.8145751953125,0.3006835937499999,0.20853054783011177,0.02935546875,0.3259134981617971,0.050113932291666656,0.15347836175839386
242,8eaYvALnJ0o$_$1,zero,T,False,0.3,24,8,2.499359106,0.9777994841337203,1.11019894975,0.3453124999999999,0.3482528437929687,0.09666015624999998,0.7619461059570313,0.24865234374999995,0.1098327388125,0.07890624999999996,0.857507299359375,0.19181640624999996,0.747674560546875,0.11291015625,0.3048564727139128,0.04144205729166666,0.2991463930115539,0.018818359375,0.16606582059803332
243,8eaYvALnJ0o$_$0,zero,T,False,0.1,14,2,2.8378906,1.1520182341337204,0.6618957269531252,0.25,0.07512204531250015,0.03394531249999998,0.586773681640625,0.2160546875,0.48999020937500015,0.07421875,1.7052200067382817,0.515859375,1.2152297973632815,0.441640625,0.20676395167476622,0.036009114583333335,0.42821572091170834,0.07360677083333333,0.18614888950078531
243,8eaYvALnJ0o$_$0,zero,T,False,0.2,14,3,2.8378906,1.1520182341337204,1.1574706781250002,0.40390625,0.24083249453125005,0.07867187500000003,0.91663818359375,0.32523437499999996,0.21655270937500015,0.010937500000000044,1.1404311883789067,0.32808593750000004,0.9238784790039065,0.3171484375,0.32299971697077856,0.05420572916666666,0.32555101082927423,0.052858072916666665,0.18890363247084654
243,8eaYvALnJ0o$_$0,zero,T,False,0.3,14,5,2.8378906,1.1520182341337204,1.4162597406250002,0.46484375,0.3694625604492188,0.11957031250000005,1.0467971801757814,0.34527343749999995,0.06323239687500015,0.046093750000000044,0.7149795282226563,0.18171875,0.6517471313476562,0.13562499999999997,0.36886439925181824,0.057545572916666655,0.2296589240222058,0.02260416666666666,0.16966826571433935
244,8x_nCOh6Wmc$_$6,zero,T,False,0.1,47,5,2.8706055,1.2371744841337204,1.6656494453125,0.6398437500000002,0.11984256054687492,0.05230468750000004,1.545806884765625,0.5875390625000001,1.2730713203125,0.4062500000000001,1.8992622687988274,0.61826171875,0.6261909484863275,0.2120117187499999,0.5384948737368305,0.09792317708333335,0.21813890147825118,0.035335286458333316,0.22247305968918707
244,8x_nCOh6Wmc$_$6,zero,T,False,0.2,47,10,2.8706055,1.2371744841337204,2.032745392578125,0.7621093750000001,0.35488131787109367,0.13152343750000012,1.6778640747070312,0.6305859375,0.7331543281249999,0.2210937500000001,1.6125885322265625,0.5374023437500001,0.8794342041015626,0.31630859375,0.5844981103146778,0.10509765625,0.30635832675135466,0.05271809895833333,0.26216804806859145
244,8x_nCOh6Wmc$_$6,zero,T,False,0.3,47,15,2.8706055,1.2371744841337204,2.09472659375,0.7777343750000001,0.6275711372070312,0.22535156250000007,1.4671554565429688,0.5523828125,0.3862304999999999,0.10625000000000018,1.4009201362304686,0.48224609375000016,1.0146896362304687,0.37599609375,0.5110959849575233,0.09206380208333333,0.35347569798593736,0.062666015625,0.2548253751629485
245,96642$_$1,zero,T,False,0.1,25,3,2.47778323,-1.2870442658662797,2.11596682375,0.678515625,0.216455105,0.03953124999999999,1.89951171875,0.6389843749999999,1.9185791284375,0.498046875,3.2741852075390625,1.2145101928710937,1.3556060791015625,0.7164633178710937,0.7666170830177573,0.10649739583333333,0.547104167783634,0.11941055297851562,0.3849072999033101
245,96642$_$1,zero,T,False,0.2,25,5,2.47778323,-1.2870442658662797,2.5041504175,0.7984375,0.58651125734375,0.1222265625,1.91763916015625,0.6762109375,1.356109646015625,0.2265625,2.9827240258984373,1.03190185546875,1.6266143798828123,0.80533935546875,0.773933071709093,0.11270182291666668,0.6564794303670309,0.13422322591145833,0.41933438772606224
245,96642$_$1,zero,T,False,0.3,25,8,2.47778323,-1.2870442658662797,3.7147217065625,1.2830078125000002,0.9329620630078125,0.20579101562500002,2.7817596435546874,1.0772167968750002,0.5906982690625,0.016406249999999956,2.79291994875,0.8428540039062501,2.2022216796875,0.8264477539062501,1.1226803407150134,0.17953613281250003,0.8887867042754969,0.13774129231770835,0.5821861175301797
246,96642$_$3,zero,T,False,0.1,17,2,2.52172857,1.1660807341337203,1.14331060125,0.4390624999999999,0.19911809636718755,0.07646484374999997,0.9441925048828125,0.36259765624999996,0.9499817438281251,0.33124999999999993,1.9476669855273439,0.705576171875,0.9976852416992188,0.37432617187500006,0.3744225852428785,0.060432942708333326,0.39563530267808167,0.06238769531250001,0.22321963148544838
246,96642$_$3,zero,T,False,0.2,17,4,2.52172857,1.1660807341337203,2.109619195,0.7054687499999999,0.6931381769335939,0.2478515624999999,1.4164810180664062,0.45761718749999997,0.5384522028125001,0.1968749999999999,1.4887726373828127,0.5197167968749998,0.9503204345703127,0.3228417968749999,0.561710119482164,0.07626953125,0.3768526355386762,0.05380696614583332,0.26715981310416836
246,96642$_$3,zero,T,False,0.3,17,6,2.52172857,1.1660807341337203,2.40600591375,0.7886718749999999,0.6122116632617189,0.1972851562499999,1.7937942504882811,0.59138671875,0.33837896062500006,0.12421874999999982,1.5802338190234377,0.5549316406249999,1.2418548583984377,0.43071289062500007,0.7113348995976126,0.098564453125,0.4924615522505998,0.07178548177083334,0.34353659668601144
247,96642$_$2,zero,T,False,0.1,18,2,1.1118164,0.06783854663372034,0.2592773374999999,0.0392578125,0.043908685156249926,0.018022460937500002,0.21536865234375,0.0212353515625,0.5628662046874999,0.1572265625,0.80406493515625,0.04884185791015625,0.24119873046875007,-0.10838470458984376,0.19370865426620418,0.003539225260416667,0.21694095673331798,-0.018064117431640627,0.09903117970707456
247,96642$_$2,zero,T,False,0.2,18,4,1.1118164,0.06783854663372034,0.19384764999999993,0.011621093750000006,0.05649413437499993,0.023878173828124998,0.137353515625,-0.012257080078124993,0.4757080015624999,0.09233398437500001,0.624798577734375,0.042166442871093744,0.14909057617187504,-0.05016754150390627,0.12353963485820606,-0.0020428466796874986,0.13409627891403306,-0.00836125691731771,0.06180795254380847
247,96642$_$2,zero,T,False,0.3,18,6,1.1118164,0.06783854663372034,0.2612304624999999,0.013330078125000006,0.19835204453124994,0.023574218750000004,0.06287841796874999,-0.010244140624999998,0.2917480406249999,0.0818603515625,0.362286370703125,0.055387268066406245,0.0705383300781251,-0.026473083496093758,0.05655462665789364,-0.001707356770833333,0.06344416815038613,-0.004412180582682293,0.028469814363691035
248,96642$_$4,zero,T,False,0.1,35,4,4.4902343,-1.7565755158662797,0.140624925,0.0390625,0.046337815625000014,0.014140625000000106,0.094287109375,0.024921874999999892,4.169189378125,1.2953125,4.573413010937499,1.4505224609375,0.4042236328124993,0.15520996093749995,0.020998255787397155,0.004153645833333316,0.09002281747072348,0.02586832682291666,0.03526076147859265
248,96642$_$4,zero,T,False,0.2,35,7,4.4902343,-1.7565755158662797,0.3544921125,0.0390625,0.11596672187500001,0.019531250000000076,0.238525390625,0.019531249999999924,2.46728508125,0.5374999999999999,3.3943358624999993,0.92451171875,0.9270507812499993,0.3870117187500002,0.05312091119701455,0.0032552083333333205,0.20645928761238844,0.06450195312500002,0.08183434006693407
248,96642$_$4,zero,T,False,0.3,35,11,4.4902343,-1.7565755158662797,0.7275389875,0.0015624999999999112,0.257763596875,0.02843750000000006,0.469775390625,-0.02687500000000015,1.1201171125,0.15468749999999987,2.2969664777343746,0.5117968749999999,1.1768493652343746,0.35710937500000006,0.10462155304533818,-0.004479166666666691,0.2620908007280542,0.05951822916666668,0.10543785406834809
249,99501$_$10,zero,V,False,0.1,21,3,0.33532715,0.18971354663372034,0.18176269687500002,0.1060546875,0.07562256015624999,0.05153808593750001,0.10614013671875003,0.05451660156249998,0.45886230625,0.3169921875,0.5769226089843749,0.37236328125000007,0.11806030273437484,0.055371093750000044,0.3165261750877462,0.009086100260416664,0.35207393931697906,0.009228515625000008,0.17172868257253548
249,99501$_$10,zero,V,False,0.2,21,5,0.33532715,0.18971354663372034,0.2679443375,0.1607421875,0.13714599765625,0.09694335937500001,0.13079833984375003,0.06379882812499998,0.39538574375,0.28105468750000007,0.5483093277343749,0.35171875,0.1529235839843749,0.07066406249999996,0.39006072065154695,0.01063313802083333,0.4560415938368875,0.011777343749999994,0.21712819906481695
249,99501$_$10,zero,V,False,0.3,21,7,0.33532715,0.18971354663372034,0.382446290625,0.2310546875,0.22052612460937504,0.153623046875,0.16192016601562498,0.07743164062499999,0.337280275,0.24746093750000006,0.4990722671874999,0.32150390625,0.1617919921874999,0.07404296874999997,0.4828707819955616,0.012905273437499998,0.48248854797159113,0.012340494791666662,0.24765127454907984
250,99501$_$13,zero,T,False,0.1,38,4,4.0097656,-1.5003255158662798,0.3779296624999997,0.21406250000000004,0.06752927187499971,0.01886718749999996,0.310400390625,0.19519531250000008,3.2048339593749997,0.8023437500000001,4.478720067773436,1.3781915283203126,1.273886108398436,0.5758477783203124,0.07741108687597928,0.032532552083333346,0.3176958250882822,0.09597462972005207,0.13090352344191172
250,99501$_$13,zero,T,False,0.2,38,8,4.0097656,-1.5003255158662798,0.4804687249999997,0.19062500000000004,0.2900878656249997,0.0736328125,0.190380859375,0.11699218750000004,2.2270507562499997,0.4421875000000002,3.6094665277343743,1.05662353515625,1.3824157714843746,0.6144360351562499,0.047479287042542576,0.019498697916666672,0.3447621543569081,0.10240600585937498,0.12853653629387307
250,99501$_$13,zero,T,False,0.3,38,12,4.0097656,-1.5003255158662798,1.0507812249999997,0.3125,0.5577880609374997,0.13146484374999998,0.49299316406250004,0.18103515625000002,1.2529296624999997,0.17656249999999996,2.6417808282714845,0.7248730468750001,1.3888511657714848,0.5483105468750001,0.1229480947999567,0.03017252604166667,0.3463670842516083,0.09138509114583336,0.14771819905976624
251,99501$_$1,zero,T,False,0.1,18,2,0.9584960699999999,0.2512369841337203,0.13183591374999992,0.03359375000000009,-0.04147951593750008,0.012031249999999992,0.1733154296875,0.021562500000000095,0.3220214606249999,0.007031249999999961,0.5468505621875001,0.06482421875000004,0.22482910156250013,0.057792968750000076,0.18081998903502125,0.0035937500000000158,0.23456420327137792,0.009632161458333345,0.10715252594118313
251,99501$_$1,zero,T,False,0.2,18,4,0.9584960699999999,0.2512369841337203,0.20166013249999992,0.056835937500000044,0.011938452812499922,0.016015625000000016,0.1897216796875,0.040820312500000025,0.14990231999999992,0.03320312499999997,0.3655517340624999,0.05112304687500004,0.2156494140625,0.01791992187500007,0.19793662977759546,0.006803385416666671,0.2249870352368422,0.0029866536458333453,0.10817842601923441
251,99501$_$1,zero,T,False,0.3,18,6,0.9584960699999999,0.2512369841337203,0.2895507574999999,0.07851562500000009,0.0640990973437499,0.028251953125000027,0.22545166015625,0.05026367187500006,0.004150366874999922,0.050585937499999956,0.21561277159374992,0.033730468750000034,0.21146240471875,-0.01685546874999992,0.23521371865669868,0.008377278645833344,0.22061872835850194,-0.0028092447916666535,0.11535012021734183
252,99501$_$0,zero,T,False,0.1,1,1,1.1616210599999999,0.14586589038372033,-0.46679690875000013,0.09370117187499999,-0.46679690875000013,0.093701171875,0.0,-1.3877787807814457e-17,3.375000012795226e-08,9.76562500000222e-05,3.375000012795226e-08,9.76562500000222e-05,0.0,0.0,0.0,-2.3129646346357427e-18,0.0,0.0,-5.782411586589357e-19
252,99501$_$0,zero,T,False,0.2,1,1,1.1616210599999999,0.14586589038372033,-0.46679690875000013,0.09370117187499999,-0.46679690875000013,0.093701171875,0.0,-1.3877787807814457e-17,3.375000012795226e-08,9.76562500000222e-05,3.375000012795226e-08,9.76562500000222e-05,0.0,0.0,0.0,-2.3129646346357427e-18,0.0,0.0,-5.782411586589357e-19
252,99501$_$0,zero,T,False,0.3,1,1,1.1616210599999999,0.14586589038372033,-0.46679690875000013,0.09370117187499999,-0.46679690875000013,0.093701171875,0.0,-1.3877787807814457e-17,3.375000012795226e-08,9.76562500000222e-05,3.375000012795226e-08,9.76562500000222e-05,0.0,0.0,0.0,-2.3129646346357427e-18,0.0,0.0,-5.782411586589357e-19
253,99501$_$5,zero,T,False,0.1,39,4,1.9458008,-0.5026692658662797,0.440673846875,0.03515625,0.17012941328124995,0.04882812500000002,0.27054443359375,-0.01367187500000002,2.2867431828124998,0.41201171875000003,2.6358673283203125,0.440576171875,0.3491241455078127,0.028564453124999944,0.1390400777683267,-0.002278645833333337,0.17942431007506143,0.0047607421874999905,0.0802366210493887
253,99501$_$5,zero,T,False,0.2,39,8,1.9458008,-0.5026692658662797,0.48632814375,0.06406250000000002,0.27352907148437494,0.088662109375,0.21279907226562506,-0.024599609374999984,1.848114032421875,0.3365234375,2.3469406315429686,0.3714328002929687,0.4988265991210936,0.03490936279296869,0.1093631798807181,-0.004099934895833331,0.2563604366699083,0.005818227132161448,0.09186047719673864
253,99501$_$5,zero,T,False,0.3,39,12,1.9458008,-0.5026692658662797,1.082427997265625,0.03671875000000002,0.6002136417968751,0.12000976562500001,0.4822143554687499,-0.08329101562499999,1.244628925,0.14667968750000004,1.7907119938476561,0.207906494140625,0.5460830688476561,0.061226806640624964,0.2478229568236343,-0.013881835937499998,0.28064681040363726,0.010204467773437495,0.13119809976580227
254,99501$_$7,zero,T,False,0.1,18,2,2.2797852,0.8621744841337203,0.49560551250000007,0.17421874999999998,0.06721195781250007,0.05080078124999998,0.4283935546875,0.12341796875,1.216278119921875,0.254296875,2.0463501414062497,0.48155273437499996,0.8300720214843746,0.22725585937499998,0.18790953058997373,0.020569661458333333,0.36410081852604187,0.0378759765625,0.15261399678421222
254,99501$_$7,zero,T,False,0.2,18,4,2.2797852,0.8621744841337203,0.8970947703125001,0.27109375,0.2513794382812501,0.08623046874999997,0.64571533203125,0.18486328125000007,0.7347412546875001,0.11171874999999998,1.6356110056640625,0.38093749999999993,0.9008697509765624,0.26921874999999995,0.2832350384572246,0.03081054687500001,0.39515536631310527,0.04486979166666666,0.18851768582799916
254,99501$_$7,zero,T,False,0.3,18,6,2.2797852,0.8621744841337203,2.06738285625,0.5828125,0.3898971995117188,0.148203125,1.6774856567382812,0.43460937499999996,0.10205082500000007,0.05937500000000007,1.3043961008789062,0.31024658203125,1.2023452758789062,0.25087158203124993,0.7358083212970941,0.07243489583333333,0.5273938739864756,0.04181193033854166,0.34436225536386117
255,9QI-9w_VdB4$_$0,zero,T,False,0.1,24,3,0.892334,0.5395182341337204,-0.42590330468750004,0.14218750000000002,-0.24368894921875003,0.08781249999999999,-0.18221435546875,0.054375000000000034,0.32070921289062504,0.2828125,0.60946043359375,0.37824218750000005,0.288751220703125,0.09542968750000003,-0.20419949398908482,0.009062500000000006,0.32359060297211806,0.015904947916666672,0.036089639224924974
255,9QI-9w_VdB4$_$0,zero,T,False,0.2,24,5,0.892334,0.5395182341337204,-0.5910644375,0.20703125,-0.30322264062500004,0.12486328124999999,-0.287841796875,0.08216796875000001,0.11962889062500004,0.19999999999999996,0.5320175014648438,0.32976562499999995,0.4123886108398438,0.129765625,-0.32257145228529643,0.013694661458333335,0.462145506833021,0.021627604166666665,0.043724080043181145
255,9QI-9w_VdB4$_$0,zero,T,False,0.3,24,8,0.892334,0.5395182341337204,-0.6105956875,0.24843749999999998,-0.31514280664062505,0.152890625,-0.295452880859375,0.09554687499999998,0.12780760156250004,0.16796875,0.48232725488281253,0.2880468750000001,0.3545196533203125,0.12007812500000009,-0.3311008543421193,0.01592447916666666,0.39729434945431086,0.02001302083333335,0.0255327487780479
256,AG5EY8ZaFj4$_$3,zero,V,False,0.1,17,2,0.31152349999999984,0.22955729663372035,0.019531312499999842,0.025976562499999994,0.011865296874999843,0.022763671874999992,0.007666015625,0.0032128906250000026,0.22851568749999984,0.146875,0.23095709374999984,0.142265625,0.00244140625,-0.004609374999999999,0.02460806654051288,0.0005354817708333338,0.007836963866405375,-0.0007682291666666665,0.00805307075277123
256,AG5EY8ZaFj4$_$3,zero,V,False,0.2,17,4,0.31152349999999984,0.22955729663372035,0.05371099999999984,0.04863281249999998,0.03393560937499984,0.04083984375000001,0.019775390625,0.007792968749999976,0.19726568749999984,0.12812499999999996,0.20366217187499985,0.12297851562499999,0.006396484375000011,-0.005146484374999968,0.06347940731788354,0.001298828124999996,0.02053284532998212,-0.0008577473958333281,0.021113333344258082
256,AG5EY8ZaFj4$_$3,zero,V,False,0.3,17,6,0.31152349999999984,0.22955729663372035,0.09570318749999984,0.06855468749999996,0.06787115624999984,0.06103515625000002,0.02783203125,0.00751953124999994,0.14941412499999984,0.10820312499999998,0.16928717187499984,0.10636718750000003,0.019873046874999994,-0.001835937499999954,0.08934138807702129,0.0012532552083333235,0.06379288587253974,-0.00030598958333332565,0.03852038489364025
257,AG5EY8ZaFj4$_$15,zero,V,False,0.1,26,3,0.029785139999999988,0.16412760913372035,0.03906248374999999,0.021093749999999994,0.015942366562499987,0.01642578125,0.0231201171875,0.004667968749999994,0.348144515,0.16914062499999996,0.3732665853124999,0.17588867187500004,0.02512207031249991,0.00674804687500008,0.7762038715825551,0.0007779947916666657,0.843414766481992,0.00112467447916668,0.40538032683384506
257,AG5EY8ZaFj4$_$15,zero,V,False,0.2,26,6,0.029785139999999988,0.16412760913372035,0.08056638999999999,0.043847656250000006,0.04943846031249999,0.037377929687500006,0.0311279296875,0.0064697265625,0.29882810875,0.14453125000000003,0.3299560384374999,0.153076171875,0.03112792968749989,0.008544921874999972,1.0450474511803145,0.0010782877604166667,1.0450474511803107,0.0014241536458333287,0.5231493359417189
257,AG5EY8ZaFj4$_$15,zero,V,False,0.3,26,8,0.029785139999999988,0.16412760913372035,0.12304685874999999,0.06035156250000001,0.07624510093749999,0.05171875,0.0468017578125,0.00863281250000001,0.2397460775,0.12421874999999996,0.2859374837499999,0.135283203125,0.0461914062499999,0.01106445312500004,1.5712595795393434,0.0014388020833333351,1.5507684530456083,0.00184407552083334,0.7813277275472796
258,Arh2TKRi_mg$_$15,zero,T,False,0.1,23,3,1.4248047,0.5145182341337203,0.3266601687499999,0.08984375,0.08542481718749992,0.026972656249999998,0.2412353515625,0.06287109375,0.7512207156249999,0.005468750000000022,1.1416992312499998,0.12559570312499996,0.3904785156249999,0.12012695312499994,0.16931105171919233,0.010478515624999999,0.2740573789289304,0.020021158854166655,0.11846702628182235
258,Arh2TKRi_mg$_$15,zero,T,False,0.2,23,5,1.4248047,0.5145182341337203,0.3466796999999999,0.0859375,0.15129395781249996,0.03478515624999998,0.19538574218749996,0.05115234375000002,0.6149902468749999,0.016406249999999956,0.9615112429687498,0.08904296874999998,0.34652099609374987,0.07263671875000002,0.13713149953534015,0.008525390625000004,0.24320579016054603,0.01210611979166667,0.10024220002813822
258,Arh2TKRi_mg$_$15,zero,T,False,0.3,23,7,1.4248047,0.5145182341337203,0.6274414187499999,0.13945312499999996,0.25498048124999995,0.03382812499999998,0.3724609375,0.10562499999999997,0.22485352812499992,0.09609374999999998,0.7195922976562498,0.06873046874999998,0.49473876953124984,-0.027363281249999996,0.2614117402113144,0.01760416666666666,0.34723244687415966,-0.004560546874999999,0.1554219517192852
259,Arh2TKRi_mg$_$14,zero,V,False,0.1,22,3,0.9033203,0.3707682341337204,0.002929674999999965,0.0027343749999999556,-0.017919934375000036,0.01550781249999995,0.020849609375,-0.012773437499999995,0.19628907500000004,0.11171874999999998,0.17331544218750006,0.10021484374999996,-0.022973632812499978,-0.011503906250000015,0.023081055849120354,-0.0021289062499999993,-0.02543240463000261,-0.0019173177083333358,-0.0015993931848038983
259,Arh2TKRi_mg$_$14,zero,V,False,0.2,22,5,0.9033203,0.3707682341337204,-0.006835950000000035,0.014843749999999933,-0.025073254687500036,0.02324218749999995,0.0182373046875,-0.008398437500000015,0.17626954375000004,0.09375,0.15087891875000006,0.08623046874999994,-0.025390624999999972,-0.007519531250000058,0.020189167118609956,-0.001399739583333336,-0.028108077380661758,-0.001253255208333343,-0.0026429762634296206
259,Arh2TKRi_mg$_$14,zero,V,False,0.3,22,7,0.9033203,0.3707682341337204,-0.005859387500000035,0.02499999999999991,-0.030297864062500034,0.029853515624999966,0.0244384765625,-0.004853515625000054,0.16992188750000004,0.08164062499999991,0.13154298125000005,0.07345703124999996,-0.03837890624999998,-0.008183593749999954,0.027054024478886968,-0.0008089192708333424,-0.04248644004076953,-0.001363932291666659,-0.00440131678109564
260,Arh2TKRi_mg$_$16,zero,T,False,0.1,32,4,0.003906299999999918,0.4590494841337204,0.2705078624999999,0.017187500000000022,0.02580571406249992,0.010468749999999999,0.2447021484375,0.006718750000000023,0.3007812999999999,0.008593749999999956,0.5720459484375,0.06953124999999998,0.2712646484375001,0.06093750000000002,62.626915885011414,0.0011197916666666706,69.42508853620295,0.010156250000000004,33.01582011572025
260,Arh2TKRi_mg$_$16,zero,T,False,0.2,32,7,0.003906299999999918,0.4590494841337204,0.3232422374999999,0.017578125,0.07421879999999992,0.01595703125000001,0.2490234375,0.0016210937499999897,0.18066411249999992,0.010937500000000044,0.444140675,0.04367187499999997,0.26347656250000007,0.03273437499999993,63.73286860492033,0.00027018229166666494,67.43187431218631,0.005455729166666655,32.79261720714124
260,Arh2TKRi_mg$_$16,zero,T,False,0.3,32,10,0.003906299999999918,0.4590494841337204,0.4179687999999999,0.020312499999999956,0.10205083124999992,0.017988281250000005,0.31591796875,0.0023242187499999505,0.004882862499999918,0.03554687499999998,0.3843750499999999,0.036552734374999986,0.37949218749999997,0.001005859375000008,80.85326664192834,0.00038736979166665843,97.1238930975374,0.00016764322916666802,44.494428688121644
261,Arh2TKRi_mg$_$19,zero,V,False,0.1,21,3,0.83081056,0.3512369841337204,0.08422852874999998,0.030078125000000067,-0.07687986968750002,0.026123046874999955,0.1611083984375,0.003955078125000112,0.3381347525,0.1421874999999999,0.19808348296875006,0.09041015624999994,-0.14005126953124997,-0.05177734374999997,0.19391689547206106,0.0006591796875000186,-0.1685716428058006,-0.00862955729166666,0.004343718765523457
261,Arh2TKRi_mg$_$19,zero,V,False,0.2,21,5,0.83081056,0.3512369841337204,0.050048841249999976,0.025000000000000022,-0.10704344390625002,0.03598632812499995,0.15709228515625,-0.01098632812499993,0.250488268125,0.119140625,0.20773924468750007,0.08708984374999995,-0.04274902343749995,-0.03205078125000005,0.18908293134035112,-0.0018310546874999885,-0.05145453613753274,-0.005341796875000008,0.0326138859100796
261,Arh2TKRi_mg$_$19,zero,V,False,0.3,21,7,0.83081056,0.3512369841337204,-0.024169908750000024,0.0005859375000000222,-0.14567869781250006,0.04935546874999996,0.12150878906250004,-0.048769531249999935,0.18652342437500002,0.09687499999999993,0.15561522125000007,0.06756835937499997,-0.03090820312499995,-0.029306640624999963,0.1462531275593951,-0.008128255208333322,-0.03720242304404136,-0.004884440104166661,0.024009502300713435
262,Arh2TKRi_mg$_$32,zero,T,False,0.1,28,3,3.2421875,1.4027994841337204,0.310546875,0.1343749999999999,0.0711669921875,0.024843749999999963,0.2393798828125,0.10953124999999994,0.6591796875,0.171875,1.146551513671875,0.35929687499999996,0.4873718261718749,0.18742187499999996,0.0738328085527723,0.018255208333333325,0.1503218662862677,0.03123697916666666,0.06841171558476
262,Arh2TKRi_mg$_$32,zero,T,False,0.2,28,6,3.2421875,1.4027994841337204,0.402099609375,0.15859374999999987,0.11085205078125,0.037968749999999954,0.29124755859375,0.12062499999999991,0.45751953125,0.10624999999999996,0.9452651977539063,0.2853515625,0.48774566650390627,0.17910156250000003,0.08983054458238625,0.020104166666666652,0.15043717122058334,0.029850260416666673,0.07255553572157573
262,Arh2TKRi_mg$_$32,zero,T,False,0.3,28,9,3.2421875,1.4027994841337204,0.5885009765625,0.2054687500000001,0.25828857421875,0.08218749999999996,0.33021240234375,0.12328125000000013,0.25732421875,0.05624999999999991,0.567388916015625,0.168515625,0.310064697265625,0.11226562500000009,0.1018486131647651,0.020546875000000023,0.09563438315373243,0.018710937500000014,0.05918520220462439
263,Arh2TKRi_mg$_$28,zero,T,False,0.1,16,2,1.83020018,-0.5378255158662797,2.7896728362500003,0.479736328125,0.588450607246094,0.11602539062500003,2.201222229003906,0.36371093749999994,1.239776596015625,0.22304687499999998,2.8099212493359373,0.7560205078125002,1.5701446533203123,0.5329736328125002,1.2027214565580742,0.060618489583333324,0.8579082291490557,0.08882893880208337,0.5525192785231366
263,Arh2TKRi_mg$_$28,zero,T,False,0.2,16,4,1.83020018,-0.5378255158662797,2.8323974456250003,0.455615234375,1.0360824431835938,0.17301025390625,1.7963150024414065,0.28260498046875004,1.1801757659375,0.11328125,2.4379119719921873,0.5298095703125,1.2577362060546873,0.4165283203125,0.9814849985188003,0.04710083007812501,0.6872119960356966,0.06942138671874999,0.446304802837843
263,Arh2TKRi_mg$_$28,zero,T,False,0.3,16,5,1.83020018,-0.5378255158662797,2.9410400237500003,0.44560546875,0.8974273528515628,0.15333740234375,2.0436126708984377,0.29226806640625,0.9094238128125001,0.028124999999999956,2.5073104705273437,0.501254653930664,1.5978866577148436,0.4731296539306641,1.11660548208063,0.04871134440104167,0.8730661280170542,0.07885494232177735,0.5293094742051258
264,Arh2TKRi_mg$_$3,zero,T,False,0.1,32,4,0.2578125000000001,0.4152994841337203,0.6401367187500001,0.12968749999999996,-0.01494140624999989,0.02216796875000001,0.655078125,0.10751953124999994,0.9213867187499999,0.2875000000000001,0.22076416015624992,0.064443359375,-0.70062255859375,-0.22305664062500008,2.5408992352999347,0.01791992187499999,-2.7175557470564953,-0.03717610677083335,-0.04897817416309851
264,Arh2TKRi_mg$_$3,zero,T,False,0.2,32,7,0.2578125000000001,0.4152994841337203,0.8330078125000001,0.18124999999999997,0.006835937500000111,0.03380859375,0.826171875,0.14744140624999996,0.9587402343749999,0.300390625,0.24024658203124996,0.07120117187500001,-0.71849365234375,-0.229189453125,3.2045330248415995,0.024573567708333327,-2.7868736600051967,-0.0381982421875,0.10100867258930907
264,Arh2TKRi_mg$_$3,zero,T,False,0.3,32,10,0.2578125000000001,0.4152994841337203,0.8593750000000001,0.19785156249999997,-0.014892578124999889,0.041953125000000015,0.874267578125,0.15589843749999996,0.8679199218749999,0.26953125,0.23547363281249994,0.06597656249999999,-0.6324462890625,-0.2035546875,3.391085331547804,0.02598307291666666,-2.4531154848853913,-0.03392578125,0.23250678458226975
265,AxNy9TeTLq8$_$0,zero,T,False,0.1,38,4,3.21118162,1.3856119841337204,0.43933103406250007,0.1937500000000001,0.06297605359375007,0.024140625000000047,0.37635498046875,0.16960937500000003,0.7603759559375001,0.2015625000000001,1.2582214149218753,0.39046875000000003,0.49784545898437527,0.18890624999999994,0.11720136317527464,0.028268229166666672,0.15503492572601654,0.03148437499999999,0.08299722326698947
265,AxNy9TeTLq8$_$0,zero,T,False,0.2,38,8,3.21118162,1.3856119841337204,0.5599365028125001,0.24140625000000004,0.10790403210937508,0.036875000000000005,0.452032470703125,0.20453125000000005,0.47436521375000007,0.10624999999999996,1.085960367558594,0.3394140625000001,0.611595153808594,0.23316406250000016,0.14076822286211957,0.03408854166666667,0.1904579172792714,0.03886067708333336,0.10104383972284774
265,AxNy9TeTLq8$_$0,zero,T,False,0.3,38,12,3.21118162,1.3856119841337204,0.8420715125781251,0.31796875000000013,0.26359861218749997,0.09269531250000004,0.578472900390625,0.2252734375000001,0.21435544812500007,0.03750000000000009,0.7154891761523438,0.22132812500000004,0.5011337280273437,0.18382812499999995,0.18014325837084438,0.03754557291666668,0.15605893134391205,0.030638020833333324,0.10109644586618911
266,BSKAHXFYF_I$_$1,zero,T,False,0.1,13,2,1.815918006,0.10851237475872035,0.23645023256249997,0.031884765625000006,0.12545169740624998,0.03209716796875001,0.11099853515625,-0.0002124023437500011,1.176513709125,0.11772460937500001,1.3052246466250002,0.09381458282470703,0.12871093750000018,-0.02391002655029298,0.061125267585998275,-3.540039062500019e-05,0.07087922813447341,-0.00398500442504883,0.03199602272619946
266,BSKAHXFYF_I$_$1,zero,T,False,0.2,13,3,1.815918006,0.10851237475872035,0.21948245912499997,0.06494140625,0.16748660951562497,0.05159912109375,0.051995849609375006,0.013342285156250001,1.03710941225,0.09102783203125,1.0911133185000002,0.10539329528808594,0.05400390625000018,0.014365463256835936,0.02863335282993068,0.0022237141927083336,0.029739160211201723,0.002394243876139323,0.015747617777495015
266,BSKAHXFYF_I$_$1,zero,T,False,0.3,13,4,1.815918006,0.10851237475872035,0.2818603888125,0.07900390625,0.18554691224999997,0.070245361328125,0.0963134765625,0.008758544921875,0.827392615375,0.1033905029296875,0.93629154115625,0.10677177429199221,0.10889892578125004,0.0033812713623047053,0.05303842090108066,0.0014597574869791667,0.05996904345482138,0.0005635452270507842,0.028757691767482996
267,BSKAHXFYF_I$_$3,zero,T,False,0.1,32,4,0.6210937400000001,0.35631510913372033,0.7275390525000001,0.10664062500000004,0.15427245093750006,0.017294921875000018,0.5732666015625,0.08934570312500002,0.5922851462500001,0.04824218749999998,1.1142333884375,0.09347656250000001,0.5219482421874999,0.045234375000000035,0.9229938118015617,0.014890950520833337,0.8403681573402149,0.007539062500000006,0.44644799554065245
267,BSKAHXFYF_I$_$3,zero,T,False,0.2,32,7,0.6210937400000001,0.35631510913372033,0.9511718650000001,0.12460937500000002,0.24116209937500005,0.026748046875000004,0.710009765625,0.09786132812500002,0.23437499000000006,0.07968750000000002,0.9672363181249999,0.08244140625,0.7328613281249998,0.0027539062499999795,1.1431585552068915,0.01631022135416667,1.179950949391392,0.00045898437499999656,0.5849696775818625
267,BSKAHXFYF_I$_$3,zero,T,False,0.3,32,10,0.6210937400000001,0.35631510913372033,1.17187499,0.15898437499999996,0.33256834937500007,0.028427734375000013,0.839306640625,0.13055664062499994,0.03955079124999994,0.09687499999999993,0.8130615134374999,0.05386718750000001,0.7735107221874999,-0.04300781249999992,1.3513343240115026,0.021759440104166656,1.2453989260760763,-0.007167968749999987,0.6528311803604363
268,BSKAHXFYF_I$_$7,zero,T,False,0.1,14,2,1.45434573,0.14186198413372034,0.23901369875,0.0087890625,0.12999270265625001,0.007304687499999994,0.10902099609374999,0.0014843750000000057,0.831298855,0.068359375,0.9818115503125,0.09821289062500001,0.1505126953125,0.029853515625000007,0.07496217638124712,0.0002473958333333343,0.1034916173755209,0.0049755859375000015,0.045919193881900335
268,BSKAHXFYF_I$_$7,zero,T,False,0.2,14,3,1.45434573,0.14186198413372034,0.24291994875,0.016894531249999997,0.16370852296875,0.010771484374999998,0.07921142578125001,0.006123046875,0.760986355,0.06367187500000002,0.84368899171875,0.07209472656250002,0.08270263671875,0.0084228515625,0.054465296443613566,0.0010205078125,0.056865831931804875,0.00140380859375,0.02843886119541711
268,BSKAHXFYF_I$_$7,zero,T,False,0.3,14,5,1.45434573,0.14186198413372034,0.28588869875,0.017871093749999997,0.28559573,0.008876953124999998,0.0002929687500000111,0.008994140624999999,0.573486355,0.030371093750000022,0.56673586671875,0.022065429687500006,-0.006750488281250022,-0.008305664062500016,0.00020144353747060794,0.0014990234375,-0.004641594842551764,-0.0013842773437500028,-0.0010813513028327898
269,BSKAHXFYF_I$_$8,zero,V,False,0.1,16,2,1.17272948,0.13297526538372034,0.0848388550000001,0.0205078125,0.0749267456250001,0.0167138671875,0.009912109375000006,0.0037939453125000015,0.5545654175000001,0.10615234375000002,0.5678710815625003,0.11106445312499999,0.013305664062500222,0.004912109374999973,0.008452163173076226,0.0006323242187500003,0.01134588406238083,0.0008186848958333289,0.005312264087510096
269,BSKAHXFYF_I$_$8,zero,V,False,0.2,16,4,1.17272948,0.13297526538372034,0.1822509643750001,0.039941406250000006,0.1645507690625001,0.0335888671875,0.0177001953125,0.0063525390625000025,0.4915771362500001,0.08662109375000002,0.5090576050000003,0.09415039062500001,0.0174804687500002,0.007529296874999994,0.015093148523350395,0.0010587565104166672,0.014905785300302078,0.001254882812499999,0.008078143286642284
269,BSKAHXFYF_I$_$8,zero,V,False,0.3,16,5,1.17272948,0.13297526538372034,0.2301025268750001,0.048925781249999994,0.2129394409375001,0.041953124999999994,0.01716308593749999,0.0069726562500000006,0.4544677612500001,0.07841796875000001,0.47229002687500027,0.08639648437500001,0.017822265625000167,0.007978515625000002,0.014635149533676305,0.0011621093750000002,0.015197239202821919,0.001329752604166667,0.008081062678916222
270,Baz0VVQ-E9E$_$10,zero,T,False,0.1,9,1,2.6308593,-0.7393880158662798,0.289062425,0.095703125,0.08696281562500001,0.04199218749999998,0.202099609375,0.05371093750000002,2.991058274609375,0.8245117187500002,4.05750267158203,1.1866162109375002,1.0664443969726554,0.36210449218750007,0.07681882970943002,0.00895182291666667,0.4053595688728342,0.06035074869791668,0.13787024254921187
270,Baz0VVQ-E9E$_$10,zero,T,False,0.2,9,2,2.6308593,-0.7393880158662798,0.554687425,0.13593750000000004,0.2176512921875,0.07494140625000004,0.3370361328125,0.06099609375000001,1.94744865546875,0.44257812500000004,3.1046256269042964,0.8596533203125001,1.1571769714355464,0.41707519531250004,0.12810871516533964,0.010166015625000002,0.4398473653031088,0.06951253255208334,0.16190865716138295
270,Baz0VVQ-E9E$_$10,zero,T,False,0.3,9,3,2.6308593,-0.7393880158662798,1.111572190625,0.3402343750000001,0.5243773664062502,0.11750000000000001,0.5871948242187498,0.2227343750000001,0.97412101875,0.107421875,1.8011412824218749,0.4196411132812501,0.8270202636718749,0.3122192382812501,0.22319498462869722,0.03712239583333335,0.31435354574770646,0.052036539713541684,0.1566768664808197
271,Baz0VVQ-E9E$_$1,zero,T,False,0.1,12,2,1.2623291,0.03939616382122034,0.3587646468750001,0.044946289062500006,0.1733642562500001,0.023200683593749997,0.185400390625,0.02174560546875001,0.5086669906250001,0.09426269531249999,0.8380737289062502,0.1519970703125,0.3294067382812501,0.05773437500000002,0.14687155968553708,0.0036242675781250015,0.2609513456751527,0.009622395833333337,0.10526739219303705
271,Baz0VVQ-E9E$_$1,zero,T,False,0.2,12,3,1.2623291,0.03939616382122034,0.4837646468750001,0.0624267578125,0.2115661605468751,0.03412841796875,0.272198486328125,0.02829833984375,0.3885498031250001,0.060327148437500006,0.7866699203125002,0.12712158203125,0.39812011718750007,0.06679443359375001,0.21563177993468188,0.004716389973958333,0.3153851097961619,0.011132405598958334,0.1367164213259401
271,Baz0VVQ-E9E$_$1,zero,T,False,0.3,12,4,1.2623291,0.03939616382122034,0.4078369125000001,0.0854736328125,0.36508788906250017,0.039804687500000005,0.04274902343749992,0.0456689453125,0.5367431625000001,0.0548095703125,0.6190368636718752,0.1057421875,0.08229370117187507,0.0509326171875,0.033865170003868184,0.0076114908854166665,0.0651919027929977,0.00848876953125,0.02878933330338314
272,Baz0VVQ-E9E$_$5,zero,T,False,0.1,7,1,1.8789977900000001,-0.7854817658662797,0.020263659140625112,0.06718750000000007,0.06621855416015636,0.054609375,-0.04595489501953125,0.012578125000000065,1.6050720087500001,0.289453125,1.5664672724218751,0.28558593750000005,-0.038604736328125,-0.0038671874999999245,-0.024457117941800936,0.0020963541666666773,-0.020545375831841274,-0.0006445312499999875,-0.010887667714243881
272,Baz0VVQ-E9E$_$5,zero,T,False,0.2,7,2,1.8789977900000001,-0.7854817658662797,0.6822204462500001,0.014843749999999933,0.16610106148437512,0.10105468750000002,0.516119384765625,-0.08621093750000008,0.3866882196875001,0.125,1.1452590815039063,0.15673828125000003,0.7585708618164062,0.03173828125000003,0.2746778696784712,-0.014368489583333347,0.40371013853415316,0.005289713541666671,0.1673273080427394
272,Baz0VVQ-E9E$_$5,zero,T,False,0.3,7,3,1.8789977900000001,-0.7854817658662797,1.3111266962500001,0.11640624999999993,0.40566252388671875,0.1350390625,0.9054641723632814,-0.018632812500000068,0.07693482718749989,0.22187499999999993,0.735006704953125,0.138125,0.6580718777656251,-0.08374999999999994,0.4818865116795958,-0.0031054687500000114,0.3502247480242524,-0.013958333333333323,0.20376186440512872
273,Baz0VVQ-E9E$_$7,zero,T,False,0.1,18,2,1.8706055,0.7320963591337204,0.002197296874999921,0.0011718750000000444,-0.03991696093750008,0.025624999999999974,0.0421142578125,-0.02445312499999993,0.9440918281249999,0.1660156250000001,1.0301987006835938,0.21193359375000007,0.08610687255859384,0.045917968749999954,0.022513691582115216,-0.004075520833333322,0.04603152643733134,0.007652994791666659,0.018030672994444972
273,Baz0VVQ-E9E$_$7,zero,T,False,0.2,18,4,1.8706055,0.7320963591337204,0.07885745312499992,0.025390625,-0.021191375000000078,0.036074218749999956,0.100048828125,-0.010683593749999956,0.5378723457031249,0.05117187500000009,0.6621200874023436,0.12394531250000004,0.1242477416992187,0.07277343749999995,0.0534847003498598,-0.001780598958333326,0.0664211001614817,0.012128906249999993,0.03256352695075204
273,Baz0VVQ-E9E$_$7,zero,T,False,0.3,18,6,1.8706055,0.7320963591337204,0.08447268749999992,0.0003906250000000888,0.041333039062499924,0.04359374999999998,0.0431396484375,-0.04320312499999989,0.3728027656249999,0.030859375000000022,0.4645019843749999,0.08312500000000003,0.09169921874999998,0.05226562500000001,0.02306185102933193,-0.007200520833333315,0.04902111627966651,0.008710937500000002,0.018398345993916283
274,CJGuudyvA0Y$_$4,zero,V,False,0.1,39,4,0.07836914,0.14947917163372035,0.0001220696875000038,0.0,-0.06779174867187501,0.022382812499999998,0.06791381835937502,-0.022382812499999998,0.8116455084375,0.28925781249999993,0.7233215338281251,0.23170898437499998,-0.08832397460937491,-0.05754882812499995,0.8665777343178794,-0.00373046875,-1.1270105503113164,-0.009591471354166659,-0.06843868902440091
274,CJGuudyvA0Y$_$4,zero,V,False,0.2,39,8,0.07836914,0.14947917163372035,0.0001220696875000038,0.0,-0.12900238099609376,0.041435546875,0.12912445068359377,-0.041435546875,0.8116455084375,0.28925781249999993,0.6382812506250002,0.2007421875,-0.17336425781249987,-0.08851562499999993,1.6476230702611194,-0.006905924479166666,-2.212121323408378,-0.014752604166666655,-0.146539195448273
274,CJGuudyvA0Y$_$4,zero,V,False,0.3,39,12,0.07836914,0.14947917163372035,-0.064453125625,0.02265624999999999,-0.2064842230371094,0.066767578125,0.1420310974121094,-0.044111328125000016,0.7220458990625,0.23105468750000005,0.5213348394921876,0.16654296875000002,-0.20071105957031243,-0.06451171875000003,1.8123113906917787,-0.007351888020833336,-2.5610654717512618,-0.010751953125000005,-0.19171448055132911
275,CPjbogfLHR4$_$2,zero,T,False,0.1,16,2,0.18115232999999997,0.3027994841337204,0.23339842374999997,0.05996093750000003,-0.06571046296875002,0.035595703125,0.29910888671875,0.02436523437500003,0.8795166153125,0.26640624999999996,0.3979675430468751,0.126484375,-0.48154907226562493,-0.13992187499999995,1.6511365632569386,0.004060872395833338,-2.658240244690092,-0.023320312499999992,-0.25659078038433
275,CPjbogfLHR4$_$2,zero,T,False,0.2,16,4,0.18115232999999997,0.3027994841337204,0.30761717375,0.09414062500000003,-0.14083253328125006,0.054980468749999976,0.44844970703125003,0.03916015625000006,0.8999023575,0.2632812499999999,0.3617736912656251,0.10663085937500001,-0.5381286662343749,-0.1566503906249999,2.475525606022534,0.006526692708333343,-2.970570103427715,-0.026108398437499986,-0.12865655078358693
275,CPjbogfLHR4$_$2,zero,T,False,0.3,16,5,0.18115232999999997,0.3027994841337204,0.18164061124999997,0.018750000000000044,-0.2527465957812501,0.080771484375,0.43438720703125006,-0.06202148437499995,0.7493896621875,0.18789062499999998,0.28183594575000004,0.08722167968750001,-0.4675537164375,-0.10066894531249997,2.3978979963064995,-0.010336914062499992,-2.5809832832634103,-0.01677815755208333,-0.052550089642873554
276,CPjbogfLHR4$_$5,zero,A,False,0.1,29,3,0.49023440000000007,0.43444010913372033,0.08203127500000007,0.020703124999999933,0.04326174375000007,0.01228515624999998,0.03876953125,0.008417968749999954,0.26074221250000007,0.07109374999999996,0.28642580625000014,0.08287109374999999,0.025683593750000067,0.01177734375000003,0.07908349998796496,0.001402994791666659,0.05239032870739254,0.001962890625000005,0.03370992852800604
276,CPjbogfLHR4$_$5,zero,A,False,0.2,29,6,0.49023440000000007,0.43444010913372033,0.17382815000000007,0.046875,0.08525393125000007,0.024628906249999978,0.08857421875,0.022246093750000022,0.16699221250000007,0.05097656249999993,0.2632812750000001,0.07681640624999997,0.09628906250000002,0.025839843750000036,0.1806769130707411,0.0037076822916666703,0.19641393196003393,0.004306640625000006,0.09627629198686043
276,CPjbogfLHR4$_$5,zero,A,False,0.3,29,9,0.49023440000000007,0.43444010913372033,0.25390627500000007,0.06874999999999998,0.12939455625000013,0.03746093749999998,0.12451171874999994,0.0312890625,0.08398440000000007,0.03359374999999998,0.22788088437500012,0.06784179687499999,0.14389648437500005,0.03424804687500001,0.25398353270694024,0.00521484375,0.29352528270092293,0.0057080078125000015,0.1396079167425908
277,DdUJojoFU_c$_$11,zero,T,False,0.1,24,3,0.39355470000000004,0.44772135913372035,0.15332032500000004,0.03281250000000002,-0.07346190156249995,0.027382812500000003,0.22678222656249997,0.00542968750000002,0.931976305859375,0.38007812500000004,0.7256179684570314,0.31962890625,-0.20635833740234355,-0.06044921875000003,0.5762392122957436,0.0009049479166666699,-0.524343409083755,-0.010074869791666672,0.01068147033424714
277,DdUJojoFU_c$_$11,zero,T,False,0.2,24,5,0.39355470000000004,0.44772135913372035,0.24267579375000004,0.044140625000000044,-0.22219237031249994,0.07525390624999997,0.4648681640625,-0.03111328124999993,1.0226745480468749,0.386328125,0.5818908566406251,0.26046874999999997,-0.44078369140624973,-0.12585937500000005,1.1812004350654812,-0.005185546874999988,-1.1200033220361176,-0.020976562500000007,0.00875875091359091
277,DdUJojoFU_c$_$11,zero,T,False,0.3,24,8,0.39355470000000004,0.44772135913372035,-0.001464831249999965,0.05039062500000002,-0.37735594453124993,0.13390624999999998,0.37589111328124997,-0.08351562499999995,0.8333740109375,0.29414062500000004,0.46533201875,0.2043359375,-0.36804199218749994,-0.08980468750000004,0.9551154087750475,-0.013919270833333325,-0.9351712913508811,-0.014967447916666673,-0.002235650331458385
278,DdUJojoFU_c$_$15,zero,T,False,0.1,16,2,0.30957029999999985,0.42233073413372035,0.23144529999999985,0.058789062500000044,0.028198229687499854,0.019667968749999994,0.2032470703125,0.03912109375000005,0.46118165312500015,0.23750000000000004,0.22579346953125015,0.1512890625,-0.23538818359375,-0.08621093750000006,0.656543647012821,0.006520182291666675,-0.7603682369578515,-0.014368489583333343,-0.02791822430917431
278,DdUJojoFU_c$_$15,zero,T,False,0.2,16,4,0.30957029999999985,0.42233073413372035,0.26171873749999985,0.052929687500000044,0.006982409374999854,0.026640624999999994,0.254736328125,0.02628906250000005,0.37939454375000015,0.18984374999999998,0.14096680687500013,0.1029296875,-0.23842773687500002,-0.08691406249999997,0.8228680375894024,0.004381510416666675,-0.7701868257005742,-0.014485677083333329,0.010644261305540397
278,DdUJojoFU_c$_$15,zero,T,False,0.3,16,5,0.30957029999999985,0.42233073413372035,0.20800779999999985,0.030078124999999956,-0.008862317187500145,0.030419921875000006,0.2168701171875,-0.00034179687500004996,0.31640626250000015,0.15468749999999998,0.10886230843750004,0.07996093749999998,-0.2075439540625001,-0.0747265625,0.7005498157855722,-5.696614583334166e-05,-0.670423757184533,-0.012454427083333332,0.004403666342968127
279,DdUJojoFU_c$_$14,zero,V,False,0.1,23,3,2.1463623299999997,1.1074869841337203,0.12072756437499965,0.06796874999999991,0.08142702726562465,0.047617187499999915,0.039300537109375006,0.020351562499999996,0.5067138924999997,0.2476562499999999,0.6314209237499995,0.2941992187499999,0.12470703124999982,0.04654296874999997,0.018310290974536455,0.0033919270833333327,0.05810154763033518,0.007757161458333328,0.021890231786634573
279,DdUJojoFU_c$_$14,zero,V,False,0.2,23,5,2.1463623299999997,1.1074869841337203,0.19360354093749965,0.10624999999999996,0.12921755460937465,0.07058593749999993,0.064385986328125,0.035664062500000024,0.39123537687499965,0.1953124999999999,0.5403076424999995,0.25783203124999987,0.14907226562499987,0.06251953124999998,0.02999771074551717,0.00594401041666667,0.06945341617674762,0.010419921874999996,0.028953764803482867
279,DdUJojoFU_c$_$14,zero,V,False,0.3,23,7,2.1463623299999997,1.1074869841337203,0.28112795499999965,0.14921874999999996,0.19522707609374965,0.10613281249999988,0.08590087890625,0.043085937500000074,0.29797365812499965,0.15312499999999996,0.42519533781249963,0.2079296874999999,0.12722167968749998,0.05480468749999995,0.040021592665883836,0.007180989583333346,0.05927313326187882,0.009134114583333325,0.02890245752360733
280,DdUJojoFU_c$_$17,zero,T,False,0.1,20,2,1.237792981,0.21412760913372034,0.2978515747499999,0.05937500000000004,0.1482486608934936,0.018500976562500004,0.14960291385650631,0.04087402343750003,2.37908936771875,0.5511718750000001,2.603522503705078,0.64203125,0.22443313598632786,0.09085937499999996,0.12086253136862389,0.006812337239583338,0.181317036139577,0.01514322916666666,0.08103378347861273
280,DdUJojoFU_c$_$17,zero,T,False,0.2,20,4,1.237792981,0.21412760913372034,0.5390625122499999,0.1119140625,0.35328370365624995,0.033500976562500014,0.18577880859374996,0.07841308593749999,1.91699219975,0.375,2.1991577270937497,0.5116210937500001,0.2821655273437498,0.1366210937500001,0.1500886346560365,0.013068847656249999,0.22795839346042984,0.02277018229166668,0.10347151451609575
280,DdUJojoFU_c$_$17,zero,T,False,0.3,20,6,1.237792981,0.21412760913372034,0.8403320434999999,0.16582031250000004,0.58431397709375,0.075927734375,0.2560180664062499,0.08989257812500004,1.478027356,0.23125000000000004,1.8352050903749997,0.38445312500000006,0.3571777343749998,0.15320312500000002,0.2068341503805147,0.014982096354166674,0.2885599218106069,0.02553385416666667,0.13397750567798875
281,DdUJojoFU_c$_$16,zero,V,False,0.1,39,4,2.253387451,1.1676432341337204,0.13497924787500004,0.061718750000000044,0.07771301252343754,0.03578125000000004,0.0572662353515625,0.025937500000000002,0.673309326,0.29296875,0.8215759275625001,0.3520117187500001,0.14826660156250004,0.05904296875000009,0.025413388147147515,0.004322916666666667,0.0657971782435926,0.009840494791666682,0.026343494462268364
281,DdUJojoFU_c$_$16,zero,V,False,0.2,39,8,2.253387451,1.1676432341337204,0.25973510725000004,0.12109375,0.16105041486718755,0.07593750000000003,0.0986846923828125,0.04515624999999997,0.49728393537500004,0.2250000000000001,0.63512573225,0.2861328125,0.13784179687499998,0.06113281249999991,0.043793910605611996,0.007526041666666661,0.06117089879191893,0.010188802083333318,0.03066991328688273
281,DdUJojoFU_c$_$16,zero,V,False,0.3,39,12,2.253387451,1.1676432341337204,0.40328979475000004,0.18515625000000002,0.21636352521875005,0.10296875000000005,0.18692626953125,0.08218749999999997,0.36886596662500004,0.17890625000000004,0.5506774900625,0.2564453125000001,0.18181152343749996,0.07753906250000003,0.08295341597597013,0.013697916666666662,0.08068361376256114,0.01292317708333334,0.04756453087213282
282,DdUJojoFU_c$_$2,zero,A,False,0.1,44,5,1.46008297,0.8207682341337204,0.278442345,0.12968749999999996,0.202661095,0.10201171875,0.07578124999999997,0.02767578124999996,0.9649657825,0.38671875,0.9670653918749996,0.38537109375,0.0020996093749996447,-0.0013476562499999956,0.051901980678549585,0.004612630208333327,0.0014380059079750357,-0.00022460937499999925,0.014432001854964488
282,DdUJojoFU_c$_$2,zero,A,False,0.2,44,9,1.46008297,0.8207682341337204,0.401733360625,0.18125000000000002,0.3241698840625,0.15615234375,0.07756347656249996,0.025097656250000017,0.87854000125,0.36054687500000004,0.8702148059374999,0.35642578125,-0.008325195312500089,-0.004121093750000027,0.05312261360043557,0.004182942708333336,-0.0057018606351113416,-0.0006868489583333378,0.012729211678831056
282,DdUJojoFU_c$_$2,zero,A,False,0.3,44,14,1.46008297,0.8207682341337204,0.536254845,0.22968750000000004,0.45982662234375005,0.21259765625,0.07642822265624993,0.017089843750000056,0.747192345,0.32265625,0.7680907825000001,0.32328125,0.02089843750000009,0.0006250000000000422,0.052345087150193106,0.002848307291666676,0.014313175084033071,0.0001041666666666737,0.017402684048139883
283,DdUJojoFU_c$_$6,zero,T,False,0.1,32,4,0.8767089800000001,0.2805338591337203,0.4138183550000001,0.12070312500000002,0.15827636281250007,0.03508789062500004,0.2555419921875,0.08561523437499999,1.77856444875,0.5003906250000001,1.9635681108593759,0.5923828125,0.1850036621093758,0.09199218749999993,0.29147836572762637,0.014269205729166665,0.21102036743025987,0.015332031249999989,0.13302499253426325
283,DdUJojoFU_c$_$6,zero,T,False,0.2,32,7,0.8767089800000001,0.2805338591337203,0.7971191362500001,0.22617187500000002,0.4025878862500001,0.09445312500000004,0.39453125,0.13171875,1.364257808125,0.36015625000000007,1.6964843706250001,0.5096484374999999,0.33222656250000004,0.14949218749999982,0.45001341264530825,0.021953125,0.3789469380740938,0.024915364583333304,0.21895721007568386
283,DdUJojoFU_c$_$6,zero,T,False,0.3,32,10,0.8767089800000001,0.2805338591337203,1.031005855,0.289453125,0.585253901875,0.14966796875000005,0.44575195312500004,0.13978515624999993,1.0222167925,0.26015625,1.4594360307812502,0.42806640625000003,0.4372192382812501,0.16791015625000005,0.5084371836681955,0.023297526041666655,0.498704529725155,0.027985026041666677,0.26460606636917094
284,DdUJojoFU_c$_$8,zero,T,False,0.1,28,3,0.52294926,0.5727213591337204,0.29296879124999997,0.07187500000000002,-0.031030232187500027,0.03927734375000001,0.3239990234375,0.03259765625000001,1.1860351150000001,0.46757812499999996,1.00301509546875,0.4171484375,-0.18302001953125013,-0.05042968749999993,0.6195599241838028,0.005432942708333335,-0.3499759604885752,-0.008404947916666655,0.06665298962172359
284,DdUJojoFU_c$_$8,zero,T,False,0.2,28,6,0.52294926,0.5727213591337204,0.21875004124999997,0.04726562499999998,-0.17504878687500006,0.07347656250000001,0.393798828125,-0.02621093750000003,1.1087646071875001,0.43242187499999996,0.7737884108984374,0.3261328125,-0.3349761962890627,-0.10628906249999998,0.7530330477797258,-0.004368489583333339,-0.640550778747223,-0.017714843749999997,0.02259973392479236
284,DdUJojoFU_c$_$8,zero,T,False,0.3,28,9,0.52294926,0.5727213591337204,-0.06030269312500003,0.055859375000000044,-0.24951167750000006,0.09447265625000001,0.18920898437500003,-0.038613281249999964,0.783691365,0.30195312500000004,0.6255981032812499,0.268046875,-0.15809326171875016,-0.03390625000000003,0.3618106708179092,-0.006435546874999994,-0.3023103224363062,-0.005651041666666671,0.01185343995998409
285,DlbYiwOnTyk$_$1,zero,T,False,0.1,20,2,1.1369628999999999,-0.008357742428779662,0.3127441499999999,0.0436279296875,0.020471200781249886,0.013444061279296876,0.29227294921875,0.03018386840820312,0.4611816499999999,0.037500000000000006,0.7659912203125,0.11079528808593753,0.3048095703125001,0.07329528808593752,0.2570644056673656,0.00503064473470052,0.26809080773145055,0.012215881347656254,0.13560043487029322
285,DlbYiwOnTyk$_$1,zero,T,False,0.2,20,4,1.1369628999999999,-0.008357742428779662,0.4177246187499999,0.053662109375,-0.03323363320312511,0.019707031250000003,0.450958251953125,0.033955078124999996,0.1672363374999999,0.008599853515624999,0.6916259859375,0.10198715209960936,0.5243896484375001,0.09338729858398437,0.3966337470812618,0.005659179687499999,0.46121925985292955,0.015564549763997395,0.21976918409642218
285,DlbYiwOnTyk$_$1,zero,T,False,0.3,20,6,1.1369628999999999,-0.008357742428779662,0.5744628999999999,0.0713134765625,0.09177857382812489,0.0274310302734375,0.482684326171875,0.0438824462890625,0.09082030312500011,0.007275390625000003,0.40534058273437495,0.055564336776733406,0.31452027960937484,0.0482889461517334,0.42453795249952536,0.007313741048177083,0.2766317203293569,0.008048157691955568,0.1791328928922537
286,E8MuzHUhUHk$_$15,zero,T,False,0.1,16,2,2.37585447,0.9973307341337203,0.6597900168750002,0.1851562499999999,0.1623122947070314,0.060585937500000006,0.49747772216796876,0.1245703124999999,0.18176267312500016,0.15000000000000013,0.7896880881640627,0.087734375,0.6079254150390625,-0.06226562500000013,0.20938888263601688,0.020761718749999984,0.25587642965464663,-0.010377604166666688,0.1189123567184992
286,E8MuzHUhUHk$_$15,zero,T,False,0.2,16,4,2.37585447,0.9973307341337203,0.7591552512500002,0.18359375,0.1478164450976564,0.043671875,0.6113388061523437,0.139921875,0.029785134062500163,0.1585937500000001,0.6983474509570314,0.06339843749999996,0.6685623168945313,-0.09519531250000013,0.2573131294692533,0.0233203125,0.281398563732722,-0.015865885416666687,0.13654153007132713
286,E8MuzHUhUHk$_$15,zero,T,False,0.3,16,5,2.37585447,0.9973307341337203,0.8880615012500002,0.20703125,0.11057279275390641,0.061523437500000035,0.7774887084960938,0.14550781249999997,0.04284670187499984,0.16874999999999996,0.7243591086718751,0.08804687499999997,0.6815124067968753,-0.08070312499999999,0.327245793489321,0.02425130208333333,0.286849269832426,-0.013450520833333332,0.15622396114293674
287,E8MuzHUhUHk$_$14,zero,V,False,0.1,18,2,1.55615234,0.7949869841337204,0.08862304312499991,0.04843750000000002,0.022528072421874913,0.02228515625000001,0.066094970703125,0.02615234375000001,0.1884765587499999,0.14140625000000007,0.33319091421874986,0.20261718750000002,0.14471435546874994,0.06121093749999995,0.04247330195822798,0.0043587239583333355,0.09299492006922015,0.010201822916666659,0.03750719222561203
287,E8MuzHUhUHk$_$14,zero,V,False,0.2,18,4,1.55615234,0.7949869841337204,0.1674804649999999,0.09921875000000002,0.07030028921874991,0.05337890625000001,0.09718017578125,0.04583984375000001,0.08496093374999991,0.08984375,0.20491942984374986,0.14916015625000004,0.11995849609374995,0.05931640625000004,0.062448971629781684,0.007639973958333335,0.07708655246901952,0.00988606770833334,0.03926539144136697
287,E8MuzHUhUHk$_$14,zero,V,False,0.3,18,6,1.55615234,0.7949869841337204,0.2907714806249999,0.16015625,0.0736450157812499,0.06757812500000002,0.21712646484375,0.09257812499999998,0.008544925625000088,0.046093750000000044,0.18472900015624988,0.13412109375000006,0.1761840745312498,0.08802734375000001,0.13952767973607924,0.015429687499999997,0.11321768234694006,0.014671223958333335,0.07071156838533815
288,E8MuzHUhUHk$_$16,zero,T,False,0.1,30,3,2.42541509,1.0738932341337204,0.35186772671875,0.10312500000000002,0.059381154453124994,0.02496093750000002,0.292486572265625,0.0781640625,0.50109868375,0.1585937500000001,1.0523956808203128,0.3677343750000001,0.5512969970703128,0.20914062500000002,0.12059232783667441,0.013027343750000002,0.22729996693899757,0.034856770833333335,0.09894410233975133
288,E8MuzHUhUHk$_$16,zero,T,False,0.2,30,6,2.42541509,1.0738932341337204,0.656127980625,0.19609375000000007,0.06615758267578124,0.031640625000000026,0.5899703979492188,0.16445312500000003,0.135131886875,0.005468750000000133,0.994108632480469,0.30515625,0.858976745605469,0.2996874999999999,0.24324502520687852,0.027408854166666673,0.3541564472780705,0.04994791666666665,0.16868956082957057
288,E8MuzHUhUHk$_$16,zero,T,False,0.3,30,9,2.42541509,1.0738932341337204,1.018920949375,0.28984375000000007,0.17752690640625,0.04750000000000002,0.84139404296875,0.24234375000000005,0.106567331875,0.07109374999999996,0.7054642233007812,0.19496093750000001,0.5988968914257812,0.12386718750000006,0.34690709212238713,0.040390625000000006,0.24692542194926279,0.02064453125000001,0.16371691758041249
289,E8MuzHUhUHk$_$2,zero,V,False,0.1,26,3,0.33398435000000004,0.3951822966337204,-0.19238283749999996,0.0419921875,-0.14638674374999994,0.025781249999999967,-0.04599609375000002,0.016210937500000033,0.80908205625,0.21855468749999996,0.8276611578124999,0.22455078124999997,0.018579101562499978,0.005996093750000014,-0.13771889620308203,0.0027018229166666722,0.055628492574599384,0.0009993489583333358,-0.019597307938370657
289,E8MuzHUhUHk$_$2,zero,V,False,0.2,26,6,0.33398435000000004,0.3951822966337204,-0.36181643124999996,0.08457031249999991,-0.2852295171875,0.05933593749999995,-0.07658691406249996,0.02523437499999996,0.70556643125,0.1806640624999999,0.7572021734375001,0.20007812499999994,0.05163574218750011,0.01941406250000005,-0.2293121960663842,0.004205729166666661,0.15460481182033914,0.0032356770833333417,-0.01681649449901126
289,E8MuzHUhUHk$_$2,zero,V,False,0.3,26,8,0.33398435000000004,0.3951822966337204,-0.45556643124999996,0.11113281249999996,-0.3789795171875,0.08304687499999996,-0.07658691406249996,0.02808593749999999,0.640625025,0.1568359374999999,0.7059814703125,0.18332031249999994,0.06535644531250007,0.026484375000000032,-0.2293121960663842,0.004680989583333332,0.19568656323548342,0.004414062500000006,-0.006132645186891863
290,E8MuzHUhUHk$_$9,zero,V,False,0.1,25,3,0.651733395,0.4606119841337204,-0.11437988624999995,0.055468749999999956,-0.060224917988281224,0.030878906249999966,-0.05415496826171873,0.02458984374999999,0.39584350929687495,0.18593749999999998,0.43409271583984366,0.20435546875,0.038249206542968706,0.018417968750000013,-0.08309361708878157,0.004098307291666665,0.05868833505859193,0.0030696614583333357,-0.0043093283200474125
290,E8MuzHUhUHk$_$9,zero,V,False,0.2,25,5,0.651733395,0.4606119841337204,-0.16146850929687495,0.08007812499999989,-0.10459595070312497,0.052402343749999934,-0.05687255859374998,0.027675781249999955,0.35556030617187495,0.1695312499999999,0.40075683937499995,0.19091796874999997,0.045196533203125,0.02138671875000006,-0.08726339906266567,0.004612630208333326,0.06934808650558483,0.0035644531250000103,-0.0024345573059368756
290,E8MuzHUhUHk$_$9,zero,V,False,0.3,25,8,0.651733395,0.4606119841337204,-0.22854614601562495,0.11132812499999989,-0.1771347080273437,0.08667968749999992,-0.05141143798828124,0.024648437499999967,0.29476929054687495,0.14335937499999996,0.3382324253125,0.16507812499999996,0.04346313476562502,0.02171875000000001,-0.0788840337148099,0.004108072916666661,0.06668841647620119,0.0036197916666666683,-0.001116938163818844
291,EEjCkc82oyk$_$7,zero,T,False,0.1,22,3,1.1306152,-0.23040364086627968,1.66040035625,0.16596679687500002,0.05334469218750004,0.027880859374999983,1.6070556640625,0.13808593750000003,1.1765136375,0.08203125,2.2427306785156254,0.39260009765625004,1.0662170410156253,0.31056884765625004,1.4213980518433222,0.023014322916666673,0.9430406543048165,0.051761474609375004,0.6098036259185451
291,EEjCkc82oyk$_$7,zero,T,False,0.2,22,5,1.1306152,-0.23040364086627968,1.92114254375,0.18613281250000002,0.474700893359375,0.046640625,1.446441650390625,0.13949218750000003,0.846679653125,0.06093750000000003,1.9516067161132817,0.2365240859985352,1.1049270629882817,0.17558658599853516,1.2793392226209257,0.023248697916666672,0.9772786406105641,0.02926443099975586,0.5772827480369781
291,EEjCkc82oyk$_$7,zero,T,False,0.3,22,7,1.1306152,-0.23040364086627968,2.1074218406250003,0.18779296875,0.7271056785156249,0.0809765625,1.3803161621093754,0.10681640625000001,0.534912075,0.11249999999999999,1.806198085742188,0.18226745605468755,1.271286010742188,0.06976745605468757,1.2208529845135558,0.017802734375,1.1244187114444213,0.011627909342447928,0.5936755849188563
292,EEjCkc82oyk$_$9,zero,T,False,0.1,21,3,0.792236324,-0.07151692211627966,1.7298583943125,0.2158203125,0.5472610432382814,0.09684005737304688,1.1825973510742187,0.11898025512695312,1.062988277125,0.0639404296875,2.1253845173593753,0.36005371093750005,1.0623962402343752,0.29611328125,1.49273117442043,0.019830042521158855,1.3410075592883517,0.04935221354166667,0.7257302474429018
292,EEjCkc82oyk$_$9,zero,T,False,0.2,21,5,0.792236324,-0.07151692211627966,1.968261714625,0.26533203125000004,0.6527328449960936,0.09451904296875,1.3155288696289065,0.17081298828125005,0.728515620875,0.06923828125,2.002409358667969,0.31657314300537115,1.273893737792969,0.24733486175537114,1.6605237215873794,0.02846883138020834,1.6079698585281108,0.041222476959228524,0.8345462221137318
292,EEjCkc82oyk$_$9,zero,T,False,0.3,21,7,0.792236324,-0.07151692211627966,2.1076660115,0.29287109375,0.8003280598398439,0.09811668395996094,1.3073379516601562,0.19475440979003905,0.498535152125,0.10908203125000002,1.9337280232187504,0.2913786315917969,1.4351928710937503,0.18229660034179687,1.6501847515330599,0.03245906829833984,1.8115693714699943,0.030382766723632812,0.8811489895062568
293,EQxkXiWAm08$_$8,zero,V,False,0.1,13,2,1.0610351,-0.14192707836627969,-0.241699275,0.06669921875000001,-0.22366948984375004,0.06499511718750002,-0.01802978515624995,0.0017041015624999906,1.0787354078125,0.23134765625000003,1.0836472120117184,0.22864746093750005,0.004911804199218439,-0.0027001953124999867,-0.01699262179321698,0.00028401692708333176,0.004629252670308239,-0.0004500325520833311,-0.0031323461869771853
293,EQxkXiWAm08$_$8,zero,V,False,0.2,13,3,1.0610351,-0.14192707836627969,-0.353759821875,0.09208984375000001,-0.32247320078125,0.09048095703125002,-0.03128662109374997,0.001608886718749994,0.992279108984375,0.22392578125,1.0090759839843746,0.22058105468750006,0.0167968749999996,-0.0033447265624999556,-0.029486858264059036,0.0002681477864583323,0.01583063479178475,-0.0005574544270833259,-0.0034863825282248203
293,EQxkXiWAm08$_$8,zero,V,False,0.3,13,4,1.0610351,-0.14192707836627969,-0.45312505625,0.11601562500000001,-0.43125005625,0.11780273437500002,-0.021874999999999978,-0.0017871093750000122,0.909820612890625,0.21123046875,0.9160660352539061,0.205928955078125,0.006245422363281072,-0.005301513671875008,-0.02061664065906898,-0.00029785156250000205,0.005886154451560199,-0.000883585611979168,-0.003977980845496987
294,ET1cU5_A2YM$_$1,zero,T,False,0.1,24,3,2.7968750399999998,-0.9128255158662797,0.6977539462499998,0.22734374999999996,0.06862796968749976,0.05484375000000004,0.6291259765625,0.17249999999999993,1.5045166415624998,0.06796875000000002,2.9668823642187503,0.5737060546875001,1.4623657226562505,0.5057373046875001,0.22493881300599222,0.028749999999999987,0.522856823735474,0.08428955078125001,0.21520879688067907
294,ET1cU5_A2YM$_$1,zero,T,False,0.2,24,5,2.7968750399999998,-0.9128255158662797,0.7871094149999998,0.1953125,0.12773441499999977,0.08554687500000005,0.659375,0.10976562499999995,1.1564941806249998,0.125,2.338911477988282,0.39425781249999997,1.182417297363282,0.26925781249999997,0.2357541022804858,0.018294270833333324,0.4227635692296474,0.044876302083333326,0.18042206110669998
294,ET1cU5_A2YM$_$1,zero,T,False,0.3,24,8,2.7968750399999998,-0.9128255158662797,1.6437988681249998,0.41796875,0.30871586031249976,0.10894531250000003,1.3350830078125,0.30902343749999994,0.23144535249999976,0.35078125000000004,1.720753519003906,0.24669189453125,1.4893081665039063,-0.10408935546875003,0.47734793702637607,0.05150390624999999,0.5324898727023691,-0.017348225911458338,0.26099837251682173
295,ET1cU5_A2YM$_$3,zero,V,False,0.1,13,2,0.09082031,0.18072917163372035,0.16271972406250002,0.08652343750000005,0.12463989007812497,0.054599609375000004,0.03807983398437505,0.031923828125000046,0.737548825625,0.25175781249999996,0.7618164037499999,0.27087890625,0.02426757812499991,0.01912109375000004,0.4192830293284147,0.005320638020833341,0.2672013663423255,0.00318684895833334,0.17374797066247671
295,ET1cU5_A2YM$_$3,zero,V,False,0.2,13,3,0.09082031,0.18072917163372035,0.23059081781250002,0.12011718750000003,0.19960937249999997,0.08631835937500001,0.03098144531250005,0.03379882812500001,0.7095947240625,0.24003906249999998,0.7214843725,0.26203125000000005,0.011889648437499956,0.021992187500000066,0.341125285602025,0.005633138020833335,0.13091254065262828,0.0036653645833333443,0.12033408221470498
295,ET1cU5_A2YM$_$3,zero,V,False,0.3,13,4,0.09082031,0.18072917163372035,0.318115231875,0.160546875,0.27590942132812496,0.115322265625,0.042205810546875056,0.045224609375,0.6380615209375,0.21269531249999998,0.6666931127343749,0.248447265625,0.02863159179687491,0.03575195312500001,0.4647126378916474,0.007537434895833334,0.31525191386112916,0.005958658854166669,0.19836516137569415
296,ET1cU5_A2YM$_$6,zero,T,False,0.1,20,2,1.84753419,-0.5772786408662797,0.16723633843749997,0.021484375,-0.009658803164062535,0.06105468750000005,0.1768951416015625,-0.03957031250000005,1.5937500103125,0.024218749999999956,1.9915527446874997,0.20426269531249996,0.3978027343749997,0.1800439453125,0.09574656145064414,-0.006595052083333342,0.21531537614447263,0.030007324218750003,0.08361855243263336
296,ET1cU5_A2YM$_$6,zero,T,False,0.2,20,4,1.84753419,-0.5772786408662797,0.28933716851562497,0.029296875,-0.10130003851562504,0.16152343750000003,0.39063720703125,-0.13222656250000003,0.9645996196875,0.28398437500000007,1.820538340390625,0.21049804687500004,0.855938720703125,-0.07348632812500003,0.21143695077940572,-0.022037760416666673,0.4632868295748808,-0.012247721354166671,0.1601095746458633
296,ET1cU5_A2YM$_$6,zero,T,False,0.3,20,6,1.84753419,-0.5772786408662797,0.41384888726562497,0.007031250000000044,0.06886445123046872,0.16134765625000008,0.34498443603515627,-0.15431640625000004,0.583526621640625,0.35429687500000007,1.2319183452734377,0.12285156250000004,0.6483917236328127,-0.23144531250000003,0.18672685527313626,-0.025719401041666673,0.35094959335135195,-0.03857421875000001,0.11834570720820539
297,EmmuWoCUgXs$_$22,zero,T,False,0.1,15,2,0.42431644,0.25240885913372035,0.51806644,0.08320312500000004,0.13640140093750003,0.028691406249999996,0.3816650390625,0.05451171875000005,0.6811523775,0.06191406249999998,0.9966064790624998,0.14018554687499998,0.31545410156249976,0.078271484375,0.8994799720287245,0.009085286458333341,0.7434389252595881,0.013045247395833334,0.4162623577856198
297,EmmuWoCUgXs$_$22,zero,T,False,0.2,15,3,0.42431644,0.25240885913372035,0.5561523775,0.08125000000000004,0.12817386187500004,0.037822265625,0.427978515625,0.04342773437500005,0.516113315,0.06660156250000004,0.9194580415625001,0.14427734375000004,0.4033447265625001,0.07767578124999999,1.0086281526043333,0.007237955729166675,0.9505730581389727,0.012945963541666666,0.4948462825035348
297,EmmuWoCUgXs$_$22,zero,T,False,0.3,15,5,0.42431644,0.25240885913372035,0.6362305025,0.09453124999999996,0.21669925250000005,0.056538085937499996,0.41953124999999997,0.03799316406249996,0.44628909625,0.07968750000000002,0.7542969053750002,0.13552734374999997,0.30800780912500014,0.05583984374999995,0.988720260944259,0.00633219401041666,0.7258900532700239,0.009306640624999992,0.4325622872124249
298,EmmuWoCUgXs$_$7,zero,T,False,0.1,34,4,3.2636719000000003,-1.1331380158662798,2.4855957281250003,1.0553710937500003,0.2091675054687503,0.12003906249999999,2.27642822265625,0.9353320312500003,2.5996127378601077,0.47343750000000007,4.573092676367189,1.4353540039062502,1.9734799385070811,0.9619165039062502,0.6975050173245761,0.15588867187500005,0.6046806769474603,0.16031941731770835,0.4045984458661862
298,EmmuWoCUgXs$_$7,zero,T,False,0.2,34,7,3.2636719000000003,-1.1331380158662798,3.1853027593750003,1.2806640625,0.7022888433593752,0.28640380859375003,2.483013916015625,0.9942602539062501,1.5788574468750003,0.09843750000000018,3.7938386928695684,1.1400062561035156,2.214981245994568,1.0415687561035154,0.7608035462180124,0.16571004231770833,0.6786774636620502,0.17359479268391922,0.44469646122042256
298,EmmuWoCUgXs$_$7,zero,T,False,0.3,34,11,3.2636719000000003,-1.1331380158662798,3.7644958746093753,1.3677734375000001,1.0945434820312498,0.35677246093750004,2.6699523925781254,1.0110009765625,1.0366211187500003,0.035937499999999956,3.0170242559570313,0.8819335937500001,1.980403137207031,0.8459960937500002,0.8180821039320837,0.16850016276041668,0.6068019675645285,0.14099934895833335,0.43359589580384056
299,Es9MkKsMsjU$_$10,zero,T,False,0.1,19,2,0.10180665,0.36705729663372033,0.3312988375,0.08535156249999998,0.0505615328125,0.021464843750000007,0.2807373046875,0.06388671874999997,0.22241211875,0.05527343750000002,0.591387948828125,0.18294921875000003,0.36897583007812496,0.12767578125,2.757526616983105,0.010647786458333329,3.624244642501079,0.021279296875000003,1.6034245857043794
299,Es9MkKsMsjU$_$10,zero,T,False,0.2,19,4,0.10180665,0.36705729663372033,0.52612305625,0.12089843750000007,0.10607911093749997,0.042910156250000005,0.4200439453125,0.07798828125000007,0.1550292875,0.034960937499999956,0.4735351656250001,0.138056640625,0.3185058781250001,0.10309570312500005,4.125858374223352,0.012998046875000011,3.1285063364589996,0.01718261718750001,1.8211363436862131
299,Es9MkKsMsjU$_$10,zero,T,False,0.3,19,6,0.10180665,0.36705729663372033,0.80249024375,0.18183593750000004,0.14508057578124997,0.044130859375,0.65740966796875,0.13770507812500005,0.48950194375,0.10488281249999998,0.37976074875,0.09384765625,-0.10974119500000001,-0.011035156249999983,6.457370030334165,0.022950846354166676,-1.0779268060897194,-0.0018391927083333305,1.3501387194725698
300,Es9MkKsMsjU$_$12,zero,T,False,0.1,36,4,3.4814453,-1.2534505158662799,0.7548827999999999,0.4125000000000001,0.09560545624999986,0.07136718749999997,0.65927734375,0.3411328125000001,2.5885009640625,0.5929687500000002,3.7933090084960943,1.2221185302734374,1.2048080444335945,0.6291497802734373,0.1893688102413069,0.05685546875000002,0.3460653822044001,0.10485829671223955,0.17428698947698665
300,Es9MkKsMsjU$_$12,zero,T,False,0.2,36,8,3.4814453,-1.2534505158662799,0.9257812374999999,0.4343750000000002,0.13598631562499985,0.07121093749999995,0.789794921875,0.3631640625000002,1.6987304562499999,0.25703125000000004,3.1541829937866206,0.9653692626953128,1.4554525375366207,0.7083380126953127,0.22685828067346608,0.06052734375000004,0.41805974072804764,0.11805633544921879,0.20587542515018314
300,Es9MkKsMsjU$_$12,zero,T,False,0.3,36,11,3.4814453,-1.2534505158662799,1.8129882687499999,0.7136718750000002,0.24423826874999985,0.09441406249999995,1.56875,0.6192578125000002,0.9760742062499999,0.004687500000000178,2.5244373196533196,0.7469335937500002,1.5483631134033198,0.7422460937500001,0.4506029577420166,0.10320963541666671,0.44474709071437346,0.12370768229166668,0.28056684154118083
301,Es9MkKsMsjU$_$2,zero,T,False,0.1,43,5,3.6396485,-1.4050130158662797,0.7968750624999998,0.43437499999999996,0.041845765624999844,0.025859375000000052,0.755029296875,0.4085156249999999,3.0809326796875,0.7999999999999999,4.370045533691405,1.421961898803711,1.2891128540039052,0.6219618988037111,0.2074456061977946,0.06808593749999999,0.3541859879650239,0.10366031646728519,0.1833444620325259
301,Es9MkKsMsjU$_$2,zero,T,False,0.2,43,9,3.6396485,-1.4050130158662797,0.7929688124999998,0.40468749999999987,0.19892584374999983,0.08488281250000006,0.59404296875,0.3198046874999998,2.543212953125,0.584375,3.5546677260742188,1.102684326171875,1.011454772949219,0.5183093261718751,0.16321433389396423,0.053300781249999964,0.277898949596443,0.08638488769531251,0.14519973810892992
301,Es9MkKsMsjU$_$2,zero,T,False,0.3,43,13,3.6396485,-1.4050130158662797,1.3237305312499998,0.5859375,0.5218018203124999,0.1625,0.8019287109375,0.4234375,1.4775391249999998,0.2046874999999999,2.304689088378906,0.638134765625,0.8271499633789063,0.43344726562500013,0.22033130138973545,0.07057291666666667,0.22726088415351708,0.07224121093750002,0.1476015782868548
302,Es9MkKsMsjU$_$7,zero,T,False,0.1,36,4,3.7949219,-1.4534505158662798,0.47167971249999985,0.2171875000000001,0.03432619687499985,0.02964843749999998,0.437353515625,0.1875390625000001,3.3749847662109373,0.7867187500000001,4.097875238623049,1.261437377929688,0.7228904724121112,0.4747186279296878,0.11524700953081288,0.03125651041666668,0.19048884297810403,0.07911977132161463,0.10402803356179956
302,Es9MkKsMsjU$_$7,zero,T,False,0.2,36,8,3.7949219,-1.4534505158662798,0.5488281499999998,0.18281250000000004,0.13037111874999985,0.058867187499999994,0.41845703125,0.12394531250000004,2.1308594,0.31562500000000004,2.7670328390258785,0.7002246093750001,0.6361734390258786,0.38459960937500004,0.1102675975973056,0.02065755208333334,0.16763804055831508,0.06409993489583334,0.09066578128369684
302,Es9MkKsMsjU$_$7,zero,T,False,0.3,36,11,3.7949219,-1.4534505158662798,1.0537109624999998,0.359375,0.21997072812499985,0.09117187499999999,0.833740234375,0.268203125,0.8828125249999998,0.06874999999999987,2.243661524023437,0.533779296875,1.3608489990234371,0.46502929687500016,0.219698859856942,0.04470052083333333,0.3585972719033204,0.07750488281250002,0.17512538385152393
303,Ezn3p5FWF_U$_$4,zero,T,False,0.1,45,5,2.2746581800000003,0.8840494841337203,0.1746825940625003,0.07890624999999996,0.013226295234375306,0.017617187499999982,0.161456298828125,0.06128906249999998,0.7272948987500003,0.1265624999999999,1.03184812140625,0.26007812499999994,0.30455322265624973,0.13351562500000003,0.0709804353319098,0.010214843749999996,0.13388960655470578,0.022252604166666672,0.05933437245082056
303,Ezn3p5FWF_U$_$4,zero,T,False,0.2,45,9,2.2746581800000003,0.8840494841337203,0.3245849378125003,0.1382812499999999,0.04837033820312531,0.0340234375,0.276214599609375,0.10425781249999991,0.3094787366406253,0.002343749999999978,0.7580184705273438,0.18113281249999996,0.44853973388671853,0.17878906249999998,0.12143120254585786,0.01737630208333332,0.19718986379608677,0.029798177083333332,0.09144888637715282
303,Ezn3p5FWF_U$_$4,zero,T,False,0.3,45,14,2.2746581800000003,0.8840494841337203,0.5388183362500003,0.20781249999999996,0.0860778577343753,0.038261718749999986,0.452740478515625,0.16955078124999998,0.009521461250000307,0.06406250000000002,0.5209136731640627,0.12982421874999997,0.5113922119140624,0.06576171874999995,0.19903662161626556,0.028258463541666664,0.22482146618293042,0.010960286458333324,0.11576920944979899
304,F1U26PLiXjM$_$1,zero,V,False,0.1,21,3,0.68493652,0.3215494841337203,0.17199706687500005,0.05390624999999993,0.05170898093750005,0.010146484374999987,0.1202880859375,0.04375976562499995,0.16833495750000005,0.08085937500000007,0.3270019496875,0.02717773437500004,0.15866699218749997,-0.05368164062500003,0.17561906367386618,0.007293294270833324,0.23165177487648794,-0.00894694010416667,0.10140429817925518
304,F1U26PLiXjM$_$1,zero,V,False,0.2,21,5,0.68493652,0.3215494841337203,0.21154784812500005,0.0546875,0.060559078593750024,0.016894531250000032,0.15098876953125,0.03779296874999997,0.13317870750000005,0.078125,0.30200194968750005,0.020419921875000007,0.1688232421875,-0.05770507812499999,0.22044166821413141,0.006298828124999995,0.24647976969855584,-0.009617513020833331,0.11590068825421347
304,F1U26PLiXjM$_$1,zero,V,False,0.3,21,7,0.68493652,0.3215494841337203,0.24377441062500005,0.049609374999999956,0.11185302390625003,0.016513671875000007,0.13192138671875003,0.033095703124999945,0.10534667625000005,0.0712890625,0.22764892234375003,0.026757812500000033,0.12230224609374998,-0.04453124999999997,0.19260353370443192,0.005515950520833324,0.17855971168545412,-0.0074218749999999944,0.09231433022767985
305,F6JV-K840EY$_$2,zero,T,False,0.1,20,2,0.8670654200000001,-0.09475910961627967,2.1180419825000003,0.22080078125000002,0.36953734382812514,0.044501953125,1.7485046386718752,0.17629882812500003,1.394165029375,0.34833984375000004,2.2940978907031258,0.56099609375,0.8999328613281257,0.21265625,2.016575199246991,0.029383138020833338,1.0379053329364611,0.03544270833333333,0.7798265946344046
305,F6JV-K840EY$_$2,zero,T,False,0.2,20,4,0.8670654200000001,-0.09475910961627967,2.3065185450000003,0.267578125,0.8617675684375001,0.08132171630859378,1.4447509765625002,0.18625640869140622,0.6286620996875001,0.08708496093750001,1.8687194727343759,0.424827880859375,1.2400573730468758,0.337742919921875,1.666251792524153,0.031042734781901036,1.4301757563704007,0.05629048665364583,0.7959401925825251
305,F6JV-K840EY$_$2,zero,T,False,0.3,20,6,0.8670654200000001,-0.09475910961627967,2.3463134668750003,0.27119140625000004,0.711450185625,0.05379455566406251,1.6348632812500004,0.21739685058593755,0.3325195215625001,0.0013671875000000056,1.8377746485156254,0.3714453125,1.5052551269531254,0.37007812500000004,1.8855110099293202,0.03623280843098959,1.736032087314747,0.061679687500000004,0.9298638982937641
306,FB_b1dm0SRY$_$10,zero,T,False,0.1,26,3,1.2874450560000001,-0.3659505158662797,0.39620970443750014,0.044140625000000044,0.12732390121484388,0.024521484375000003,0.26888580322265626,0.01961914062500004,1.1020202513125001,0.143359375,1.6140167112734374,0.2523147583007812,0.5119964599609372,0.1089553833007812,0.20885209284656525,0.00326985677083334,0.39768381562461147,0.0181592305501302,0.15699124894803507
306,FB_b1dm0SRY$_$10,zero,T,False,0.2,26,6,1.2874450560000001,-0.3659505158662797,0.8843688841250001,0.11816406250000003,0.016934191742187642,0.08327148437500001,0.8674346923828125,0.03489257812500002,0.26831053451562514,0.21210937500000004,1.5477233763125,0.29091735839843746,1.2794128417968749,0.07880798339843742,0.6737639129346266,0.005815429687500003,0.9937603488971928,0.01313466389973957,0.4216185888547648
306,FB_b1dm0SRY$_$10,zero,T,False,0.3,26,8,1.2874450560000001,-0.3659505158662797,0.48837279037500014,0.025000000000000022,0.23809202865625015,0.074560546875,0.25028076171875,-0.04956054687499997,0.5469970579531251,0.01171875,0.9602859373476562,0.16305778503417973,0.4132888793945311,0.15133903503417973,0.19440096969682277,-0.008260091145833329,0.32101452132184016,0.025223172505696622,0.13309464309463154
307,FB_b1dm0SRY$_$0,zero,V,False,0.1,26,3,0.8979492,0.05631510913372034,0.10253904375,0.029199218750000006,0.060742168750000006,0.019758300781249995,0.041796875,0.00944091796875001,0.618652325,0.22656250000000006,0.6228515437499998,0.221142578125,0.004199218749999845,-0.005419921875000067,0.04654698556779652,0.0015734863281250018,0.004676449484614898,-0.0009033203125000111,0.0129734002670091
307,FB_b1dm0SRY$_$0,zero,V,False,0.2,26,6,0.8979492,0.05631510913372034,0.2114257625,0.057421875,0.13510740312500005,0.042849121093750005,0.07631835937499995,0.014572753906249993,0.44238279375,0.166796875,0.5006835749999998,0.17255859375,0.05830078124999982,0.005761718749999978,0.08499175051689943,0.0024287923177083322,0.06492651958872532,0.0009602864583333296,0.0383268372204166
307,FB_b1dm0SRY$_$0,zero,V,False,0.3,26,8,0.8979492,0.05631510913372034,0.2641601375,0.07607421875,0.18115232500000006,0.058415527343749996,0.08300781249999994,0.01765869140625001,0.35644529375,0.1357421875,0.43933103593749995,0.1481884765625,0.08288574218749994,0.012446289062500004,0.0924414433005304,0.0029431152343750017,0.09230550000155904,0.0020743815104166674,0.04744111001172028
308,FB_b1dm0SRY$_$6,zero,T,False,0.1,13,2,0.289363863,0.28600260913372033,0.497280122765625,0.09843750000000007,0.28019943428906247,0.05271484375000002,0.21708068847656253,0.04572265625000005,2.17168808175,0.42460937500000007,2.553084566125,0.5362890625000001,0.38139648437499973,0.11167968750000001,0.7501971256149457,0.0076204427083333415,1.3180469820034777,0.018613281250000002,0.5236194578941892
308,FB_b1dm0SRY$_$6,zero,T,False,0.2,13,3,0.289363863,0.28600260913372033,0.464900972375,0.09218749999999998,0.3034156818476562,0.048994140625000036,0.16148529052734378,0.04319335937499994,2.05840683175,0.38789062500000004,2.2695884723749997,0.45958984375000006,0.21118164062499956,0.07169921875000002,0.558068069679019,0.007198893229166657,0.729810932936248,0.01194986979166667,0.3267569414090251
308,FB_b1dm0SRY$_$6,zero,T,False,0.3,13,4,0.289363863,0.28600260913372033,0.6115379352656249,0.10781249999999998,0.49043502999218747,0.08051757812500003,0.12110290527343748,0.027294921874999947,1.792049409875,0.36054687500000004,1.9025718708125,0.36955078124999996,0.11052246093749996,0.009003906249999916,0.4185128215564911,0.0045491536458333245,0.3819484501043237,0.0015006510416666525,0.2016277690870787
309,FB_b1dm0SRY$_$9,zero,T,False,0.1,28,3,1.12255857,-0.12151692211627968,0.14700315007812503,0.03315429687500002,0.06526029119140628,0.014570312499999996,0.08174285888671876,0.018583984375000022,2.123290991875,0.4610351562500001,2.1876342535937505,0.5218750000000001,0.06434326171875071,0.06083984375000001,0.07281828160506329,0.0030973307291666703,0.05731834945627938,0.010139973958333335,0.035843483937210666
309,FB_b1dm0SRY$_$9,zero,T,False,0.2,28,6,1.12255857,-0.12151692211627968,0.23489377507812503,0.02128906250000001,0.1795379401171875,0.022370605468750006,0.055355834960937544,-0.0010815429687499947,1.5916747809375,0.30107421875000007,1.6154311896289062,0.3325927734375,0.02375640869140616,0.03151855468749992,0.049312158071876354,-0.00018025716145833245,0.021162715392828695,0.005253092447916653,0.018886927187790843
309,FB_b1dm0SRY$_$9,zero,T,False,0.3,28,9,1.12255857,-0.12151692211627968,0.45877072820312503,0.07646484375000001,0.2858321906054687,0.038536376953125,0.17293853759765632,0.03792846679687501,1.1586913825,0.07714843750000001,1.286756873222656,0.2117123413085938,0.12806549072265594,0.1345639038085938,0.15405733666112376,0.006321411132812502,0.11408346972860954,0.022427317301432298,0.07422238370599452
310,FB_b1dm0SRY$_$8,zero,T,False,0.1,20,2,2.9189453000000003,1.3613932341337205,1.8699951046875003,0.8070312500000002,0.2436767453125003,0.09453125000000004,1.626318359375,0.7125000000000001,0.4191894406250003,0.06796875000000013,1.306509386914063,0.3840234375000001,0.8873199462890626,0.3160546875,0.5571593966545393,0.11875000000000002,0.303986389297077,0.05267578125,0.25814289180040406
310,FB_b1dm0SRY$_$8,zero,T,False,0.2,20,4,2.9189453000000003,1.3613932341337205,2.1005859250000003,0.8750000000000001,0.1412719601562503,0.057734375000000025,1.95931396484375,0.8172656250000001,0.2197265500000003,0.007031249999999822,1.3560546750000004,0.4206250000000001,1.1363281250000001,0.41359375000000026,0.6712401543131334,0.13621093750000002,0.3892939465861362,0.06893229166666671,0.31641933251648413
310,FB_b1dm0SRY$_$8,zero,T,False,0.3,20,6,2.9189453000000003,1.3613932341337205,2.0589599484375003,0.8472656250000001,0.3415649289062504,0.11515625000000004,1.71739501953125,0.7321093750000001,0.1767578000000003,0.014843749999999822,1.1878143185546879,0.3771679687500001,1.0110565185546876,0.36232421875000026,0.5883612930910205,0.12201822916666667,0.34637722473849125,0.06038736979166671,0.2792860291969613
311,FxxJB8hBpyQ$_$1,zero,T,False,0.1,21,3,2.0092773,-0.3186848908662797,0.8974608937499999,0.285986328125,0.20209956562499992,0.05080078125000002,0.695361328125,0.235185546875,2.576568559765625,0.6023437500000001,3.8253722707031237,1.0133984375,1.2488037109374988,0.41105468749999996,0.3460751694401915,0.039197591145833335,0.6215185377443726,0.06850911458333332,0.2688251032284327
311,FxxJB8hBpyQ$_$1,zero,T,False,0.2,21,5,2.0092773,-0.3186848908662797,1.284667925,0.3832031250000001,0.4504638234374999,0.10487304687500006,0.8342041015625,0.27833007812500005,2.0626220265625,0.43476562500000004,3.076176408886719,0.7616650390625,1.013554382324219,0.3268994140625,0.4151759871006918,0.04638834635416667,0.5044370321046213,0.05448323567708333,0.2551211503091408
311,FxxJB8hBpyQ$_$1,zero,T,False,0.3,21,7,2.0092773,-0.3186848908662797,1.6971435109375,0.49433593750000004,0.6501571217773439,0.14379577636718754,1.046986389160156,0.3505401611328125,1.591583208203125,0.27446289062500007,2.6195083180664063,0.6185903930664064,1.0279251098632813,0.34412750244140633,0.5210758455710969,0.058423360188802086,0.5115892158210643,0.05735458374023439,0.2871107513302994
312,Fy0Uid9afM8$_$0,zero,T,False,0.1,18,2,0.31542968,-0.037923172116279665,0.3203124925,0.12500000000000003,-0.02580567156250001,0.0424560546875,0.3461181640625,0.08254394531250003,0.140869133125,0.49423828124999997,0.12139892128124999,0.421533203125,-0.01947021184375,-0.07270507812499999,1.097287569054792,0.013757324218750006,-0.06172580246078157,-0.012117513020833331,0.2593003944479818
312,Fy0Uid9afM8$_$0,zero,T,False,0.2,18,4,0.31542968,-0.037923172116279665,-0.03637696062500001,0.008251953124999996,-0.15290528093750005,0.06313217163085938,0.11652832031250004,-0.054880218505859384,0.252929695,0.38857421875000003,0.18692913730419927,0.32205078125,-0.06600055769580074,-0.06652343750000006,0.36942608218230405,-0.009146703084309897,-0.20923949977155282,-0.011087239583333344,0.034988159935777
312,Fy0Uid9afM8$_$0,zero,T,False,0.3,18,6,0.31542968,-0.037923172116279665,-0.06164551531250001,0.020654296875,-0.3662994459765624,0.09982498168945311,0.3046539306640624,-0.07917068481445311,0.510498054375,0.31474609375,0.3566093519824218,0.18572792053222656,-0.15388870239257818,-0.12901817321777345,0.9658348092964908,-0.013195114135742184,-0.4878685307103868,-0.021503028869628907,0.11081703389518323
313,Fy0Uid9afM8$_$3,zero,T,False,0.1,19,2,1.0897217000000001,-0.3102864533662797,1.3919677937500001,0.265625,0.34473268632812515,0.0641259765625,1.047235107421875,0.20149902343749998,1.5361328328125001,0.552734375,2.0788330281249996,0.7307421875,0.5427001953124995,0.17800781249999997,0.961010638231061,0.03358317057291666,0.4980167847402825,0.029667968749999996,0.380569640573565
313,Fy0Uid9afM8$_$3,zero,T,False,0.2,19,4,1.0897217000000001,-0.3102864533662797,1.6177978718750001,0.29836425781250003,0.5342529500000002,0.08983947753906252,1.083544921875,0.20852478027343752,1.1174316609375001,0.29299316406250003,1.8401794636718747,0.5563006591796876,0.7227478027343746,0.2633074951171876,0.9943308713996688,0.03475413004557292,0.6632401093731226,0.043884582519531264,0.4340524233344739
313,Fy0Uid9afM8$_$3,zero,T,False,0.3,19,6,1.0897217000000001,-0.3102864533662797,1.8542480671875001,0.34658203125000003,0.8384826863281252,0.13924896240234375,1.015765380859375,0.2073330688476563,0.8568115437500001,0.15703125,1.6443771565429686,0.40939208984375003,0.7875656127929684,0.25236083984375,0.9321319826221615,0.034555511474609384,0.7227211223488034,0.042060139973958334,0.43286718910488314
314,Fy0Uid9afM8$_$5,zero,T,False,0.1,21,3,0.33520508,0.13190104663372035,0.186523439375,0.05107421875000001,-0.03865661433593752,0.02691650390625,0.22518005371093752,0.02415771484375001,0.6711425799999999,0.2857421875,0.5928588885937499,0.23979492187500004,-0.07828369140625002,-0.04594726562499998,0.6717660184174987,0.0040262858072916685,-0.233538996089361,-0.007657877604166664,0.10864885763281569
314,Fy0Uid9afM8$_$5,zero,T,False,0.2,21,5,0.33520508,0.13190104663372035,0.186523439375,0.062890625,-0.109173582109375,0.025471191406250003,0.295697021484375,0.03741943359375,0.32397461125,0.17988281249999996,0.2299560565624999,0.11746093750000004,-0.09401855468750009,-0.06242187499999992,0.8821350182084258,0.006236572265625,-0.28047986088886007,-0.01040364583333332,0.14937202093796434
314,Fy0Uid9afM8$_$5,zero,T,False,0.3,21,7,0.33520508,0.13190104663372035,0.202148439375,0.11735839843750001,-0.16033935359374998,0.03589355468750001,0.36248779296875,0.08146484375,0.32397461125,0.1693359375,0.17113037109375,0.0700927734375,-0.15284424015624998,-0.0992431640625,1.0813878822506742,0.013577473958333334,-0.4559709661478992,-0.01654052734375,0.1556134656793396
315,Fy0Uid9afM8$_$4,zero,T,False,0.1,9,1,0.11035156000000002,-0.17493489086627967,0.18701171625000002,0.0025390624999999944,0.08552245843750002,0.02396972656250001,0.1014892578125,-0.021430664062500014,1.15722656,0.12021484375000001,1.3329101537500003,0.186717529296875,0.1756835937500003,0.06650268554687498,0.9196819522129798,-0.0035717773437500024,1.5920210074872778,0.011083780924479163,0.6298037408202466
315,Fy0Uid9afM8$_$4,zero,T,False,0.2,9,2,0.11035156000000002,-0.17493489086627967,0.45654296625,0.019140624999999994,0.14499511468749998,0.046030273437500005,0.31154785156250003,-0.02688964843750001,0.8372802709375,0.015820312500000017,1.2450973485742192,0.11470748901367187,0.40781707763671915,0.09888717651367185,2.8232045687250027,-0.004481608072916668,3.695583298083154,0.016481196085611976,1.632696863705213
315,Fy0Uid9afM8$_$4,zero,T,False,0.3,9,3,0.11035156000000002,-0.17493489086627967,0.738525388125,0.03857421875,0.41122436273437496,0.042431640624999996,0.32730102539062506,-0.003857421874999996,0.453369138125,0.10820312499999996,0.9524810766015627,0.069459228515625,0.49911193847656266,-0.03874389648437496,2.9659577031164934,-0.0006429036458333327,4.522885001277384,-0.00645731608072916,1.8704356211668287
316,H1DpVwktfDQ$_$0,zero,T,False,0.1,13,2,1.136840845,-0.3577473908662797,1.6821289309375,0.35711669921875006,0.5327209719531251,0.09366210937500001,1.149407958984375,0.26345458984375003,1.562835718046875,0.46367187500000007,2.2223144778125006,0.7106542968749999,0.6594787597656255,0.24698242187499986,1.0110535287205011,0.04390909830729167,0.5800971900059023,0.04116373697916664,0.4190558885032154
316,H1DpVwktfDQ$_$0,zero,T,False,0.2,13,3,1.136840845,-0.3577473908662797,2.019073511015625,0.42900390625000007,0.886712671171875,0.14278625488281252,1.13236083984375,0.2862176513671876,1.2917480715625,0.28725585937500003,2.065745569121094,0.62872314453125,0.7739974975585939,0.34146728515624997,0.9960583741916624,0.04770294189453126,0.6808312879779631,0.05691121419270833,0.4453759545642163
316,H1DpVwktfDQ$_$0,zero,T,False,0.3,13,4,1.136840845,-0.3577473908662797,2.1835937746875,0.4608398437500001,0.9414062746875004,0.15333515167236328,1.2421874999999996,0.3075046920776368,1.128295923125,0.20332031250000004,2.053715539824219,0.5636407470703124,0.925419616699219,0.3603204345703124,1.0926651807050607,0.05125078201293947,0.8140267010484814,0.06005340576171873,0.50449901738205
317,HGicRLwgtkM$_$1,zero,T,False,0.1,35,4,0.48339844,0.42233073413372035,-0.22167968500000002,0.08476562499999996,-0.17158202874999998,0.048613281249999994,-0.05009765625000004,0.03615234374999996,0.9140624975,0.390625,0.9086730932031252,0.409765625,-0.005389404296874845,0.019140625000000022,-0.10363614870964692,0.006025390624999994,-0.011148966777609104,0.0031901041666666705,-0.02639240517389734
317,HGicRLwgtkM$_$1,zero,T,False,0.2,35,7,0.48339844,0.42233073413372035,-0.31005859125,0.12343749999999998,-0.2947021459375,0.0911328125,-0.015356445312500022,0.032304687499999984,0.778076169375,0.32343750000000004,0.761279294375,0.34724609375,-0.016796875000000044,0.02380859374999994,-0.03176761088614423,0.005384114583333331,-0.03474740268627544,0.003968098958333323,-0.014290700007688254
317,HGicRLwgtkM$_$1,zero,T,False,0.3,35,11,0.48339844,0.42233073413372035,-0.370117185,0.18125000000000002,-0.34077148187499995,0.11806640624999995,-0.029345703125000067,0.06318359375000007,0.663818356875,0.22812500000000002,0.6944946264062499,0.30291015624999995,0.03067626953124991,0.07478515624999993,-0.060706944809452136,0.010530598958333345,0.06345946435364078,0.012464192708333321,0.006436827802713827
318,HGicRLwgtkM$_$3,zero,T,False,0.1,26,3,0.11132810000000004,0.27194010913372035,0.39648435000000004,0.09843749999999996,0.04699704531250004,0.020556640624999994,0.3494873046875,0.07788085937499996,0.771240209375,0.35703125,1.0514648187500004,0.431015625,0.2802246093750004,0.07398437499999999,3.1392268929462275,0.01298014322916666,2.5170832188080228,0.012330729166666665,1.420405246037521
318,HGicRLwgtkM$_$3,zero,T,False,0.2,26,6,0.11132810000000004,0.27194010913372035,0.47314450625000004,0.13242187500000002,0.17299802187500007,0.06922851562499999,0.30014648437499997,0.06319335937500004,0.5253906,0.26796875,0.8104736078125001,0.33867187499999996,0.28508300781250007,0.07070312499999998,2.696029020040581,0.010532226562500005,2.5607231874909613,0.011783854166666663,1.3197670720651773
318,HGicRLwgtkM$_$3,zero,T,False,0.3,26,8,0.11132810000000004,0.27194010913372035,0.49218747500000004,0.150390625,0.20456540468750006,0.086552734375,0.2876220703125,0.063837890625,0.41503903750000004,0.21367187499999996,0.7170898187500001,0.29437499999999994,0.30205078125000007,0.08070312499999999,2.5835300052951102,0.010639648437500001,2.7131341333936945,0.013450520833333332,1.3301885769899096
319,HGicRLwgtkM$_$2,zero,T,False,0.1,23,3,0.8388671999999999,0.5328776091337203,0.22119141874999992,0.03085937499999991,-0.08830565156250007,0.03701171875000003,0.3094970703125,-0.006152343750000122,0.6289062375000001,0.351171875,0.39730223359375005,0.296328125,-0.23160400390625002,-0.054843750000000024,0.36894600404747735,-0.0010253906250000204,-0.27609105209405965,-0.009140625000000005,0.02067223408210442
319,HGicRLwgtkM$_$2,zero,T,False,0.2,23,5,0.8388671999999999,0.5328776091337203,0.19677735624999992,0.008203124999999978,-0.05766600312500007,0.046406250000000024,0.254443359375,-0.038203125000000046,0.5419921750000001,0.29023437500000004,0.36010130585937505,0.26404296875,-0.18189086914062502,-0.02619140625000005,0.3033174453090486,-0.006367187500000007,-0.21682890010686426,-0.004365234375000008,0.018939030831796082
319,HGicRLwgtkM$_$2,zero,T,False,0.3,23,7,0.8388671999999999,0.5328776091337203,-0.013671862500000076,0.07187500000000002,-0.12280272187500003,0.07132812500000006,0.10913085937499996,0.0005468749999999606,0.3637695187500001,0.20273437500000002,0.23835447968750004,0.20173828125000007,-0.12541503906250004,-0.0009960937499999545,0.1300929745280605,9.114583333332676e-05,-0.14950505819924995,-0.00016601562499999242,-0.004871738365714023
320,HGicRLwgtkM$_$6,zero,T,False,0.1,21,3,0.6196288999999999,0.45592448413372033,0.16357421249999993,0.017187500000000022,-0.03198242812500007,0.020585937500000023,0.195556640625,-0.0033984375000000004,0.6809082093750001,0.28125,0.43604736953125,0.22472656249999998,-0.24486083984375007,-0.05652343750000002,0.31560233072193583,-0.0005664062500000001,-0.39517273108310313,-0.00942057291666667,-0.02238934488195849
320,HGicRLwgtkM$_$6,zero,T,False,0.2,21,5,0.6196288999999999,0.45592448413372033,0.22900389999999993,0.012890624999999933,-0.027880865625000074,0.035625000000000004,0.256884765625,-0.02273437500000007,0.6228027406250001,0.23398437500000002,0.34216309218749996,0.17613281250000004,-0.2806396484375001,-0.05785156249999998,0.4145777433028975,-0.0037890625000000116,-0.4529149552620042,-0.00964192708333333,-0.012942050385610011
320,HGicRLwgtkM$_$6,zero,T,False,0.3,21,7,0.6196288999999999,0.45592448413372033,0.3569335874999999,0.026171874999999956,-0.06635742812500008,0.05257812500000001,0.423291015625,-0.026406250000000055,0.6433105531250001,0.21992187500000004,0.21850586500000002,0.12781250000000002,-0.42480468812500005,-0.09210937500000002,0.6831352322168444,-0.0044010416666666755,-0.6855780977080029,-0.015351562500000004,-0.00554886741445631
321,HmXXW45eZL4$_$1,zero,T,False,0.1,46,5,0.83569336,-0.022102859616279665,2.50317382875,0.51240234375,0.5782526022485353,0.129423828125,1.9249212265014648,0.38297851562500007,1.908691406875,0.46982421875,2.6837646490625002,0.6774218750000001,0.7750732421875002,0.20759765625000004,2.3033794633979157,0.06382975260416668,0.9274601807621391,0.03459960937500001,0.8323172515348053
321,HmXXW45eZL4$_$1,zero,T,False,0.2,46,10,0.83569336,-0.022102859616279665,3.3522949225,0.67919921875,0.9737792975000001,0.20676391601562502,2.378515625,0.47243530273437495,1.303222656875,0.23896484375000002,2.6843505865625,0.6522070312499999,1.3811279296875,0.41324218749999986,2.846154932767525,0.07873921712239583,1.6526711149366857,0.06887369791666664,1.1616097406858183
321,HmXXW45eZL4$_$1,zero,T,False,0.3,46,14,0.83569336,-0.022102859616279665,3.6511230475,0.74990234375,1.4482467657617188,0.31018798828125005,2.2028762817382814,0.43971435546874993,0.7244873053125,0.046472167968750006,2.4438720709375,0.5951171875,1.719384765625,0.54864501953125,2.6359831861714147,0.07328572591145832,2.0574325350538443,0.09144083658854167,1.2145355709313148
322,HmXXW45eZL4$_$4,zero,T,False,0.1,18,2,3.15820315,-1.1214192658662798,0.15771486874999985,0.042187500000000044,0.004541040624999848,0.04152343749999998,0.153173828125,0.0006640625000000622,2.593994165625,0.5046875000000001,3.154092432226562,0.7465332031250002,0.5600982666015621,0.2418457031250001,0.048500293473745196,0.0001106770833333437,0.17734707447634826,0.04030761718750001,0.06656641555523171
322,HmXXW45eZL4$_$4,zero,T,False,0.2,18,4,3.15820315,-1.1214192658662798,0.19873049374999985,0.006250000000000089,0.033862329687499845,0.06175781249999993,0.1648681640625,-0.055507812499999844,1.4094238531249998,0.07343750000000004,2.1263504278320307,0.36097656250000015,0.7169265747070308,0.2875390625000001,0.05220313704625459,-0.009251302083333307,0.22700450656650262,0.04792317708333335,0.0794698796531893
322,HmXXW45eZL4$_$4,zero,T,False,0.3,18,6,3.15820315,-1.1214192658662798,0.31738283749999985,0.01953125,0.13942873593749985,0.09054687499999996,0.1779541015625,-0.07101562499999996,0.7182617437499998,0.08125000000000004,1.443653894628906,0.20669921875000008,0.7253921508789061,0.12544921875000004,0.056346611273530245,-0.011835937499999992,0.22968500971633074,0.020908203125000007,0.07377597165371526
323,IM6HW1HwHhM$_$11,zero,T,False,0.1,25,3,0.9733886700000001,-0.07337239086627967,0.8955078106250001,0.18984375,0.2598083477343751,0.05539886474609375,0.635699462890625,0.13444488525390624,2.2634277325000003,0.484765625,2.6327880840624998,0.6003515625000001,0.36936035156249947,0.11558593750000012,0.6530780862823672,0.02240748087565104,0.3794578501767945,0.019264322916666687,0.26855193506286984
323,IM6HW1HwHhM$_$11,zero,T,False,0.2,25,5,0.9733886700000001,-0.07337239086627967,1.2613525371875,0.2625,0.462975309404297,0.09180511474609374,0.7983772277832031,0.17069488525390628,1.941406248125,0.3921875,2.41549072078125,0.5158105468749999,0.47408447265624987,0.12362304687499992,0.8202031030216327,0.028449147542317713,0.4870448981200405,0.02060384114583332,0.3390752474574561
323,IM6HW1HwHhM$_$11,zero,T,False,0.3,25,8,0.9733886700000001,-0.07337239086627967,1.609374998125,0.31484375,0.889319608720703,0.15328002929687498,0.720055389404297,0.161563720703125,1.48559570125,0.26875000000000004,2.079852293046875,0.41374023437500007,0.594256591796875,0.14499023437500003,0.7397401180601156,0.026927286783854167,0.6105022583575136,0.024165039062500004,0.3503336755659958
324,IM6HW1HwHhM$_$15,zero,T,False,0.1,19,2,2.4216308300000002,1.0473307341337204,0.46545407218750023,0.140625,-0.012030058671874766,0.024921875,0.477484130859375,0.115703125,0.15380856437500023,0.038281250000000044,0.7208831493359377,0.11445312499999998,0.5670745849609374,0.07617187499999993,0.19717453534601706,0.019283854166666666,0.23417043744462895,0.012695312499999988,0.11583103486432816
324,IM6HW1HwHhM$_$15,zero,T,False,0.2,19,4,2.4216308300000002,1.0473307341337204,0.46459958000000023,0.14140624999999996,0.06757504386718774,0.0548828125,0.3970245361328125,0.08652343749999995,0.053710908125000234,0.07734375000000004,0.5237762186796877,0.09890625,0.4700653105546875,0.021562499999999957,0.16394917312133797,0.014420572916666659,0.1941109729114716,0.003593749999999993,0.09401861723736905
324,IM6HW1HwHhM$_$15,zero,T,False,0.3,19,6,2.4216308300000002,1.0473307341337204,0.47717282218750023,0.15546875000000004,0.10916439933593773,0.05921874999999999,0.3680084228515625,0.09625000000000006,0.006835966874999766,0.10234374999999996,0.39810636077734396,0.0781640625,0.3912703939023442,-0.02417968749999995,0.15196712328131334,0.016041666666666676,0.16157303065443443,-0.004029947916666658,0.08138796817143695
325,IM6HW1HwHhM$_$17,zero,T,False,0.1,25,3,1.82604977,0.7461588591337204,0.25573727,0.06992187500000002,0.0010329853320312666,0.01755859375,0.25470428466796874,0.05236328125000002,0.21353145945312502,0.030468749999999933,0.5742156635546877,0.07902343750000002,0.36068420410156266,0.04855468750000008,0.13948368186278234,0.00872721354166667,0.19752145451112657,0.008092447916666681,0.08845619945806056
325,IM6HW1HwHhM$_$17,zero,T,False,0.2,25,5,1.82604977,0.7461588591337204,0.22839352000000002,0.06132812500000007,0.015774501445312516,0.024121093749999996,0.2126190185546875,0.03720703125000007,0.17257686960937502,0.03242187499999993,0.43285366404296877,0.05349609375000003,0.26027679443359375,0.021074218750000095,0.11643653180283017,0.006201171875000012,0.14253535482674107,0.0035123697916666827,0.06717135707405948
325,IM6HW1HwHhM$_$17,zero,T,False,0.3,25,8,1.82604977,0.7461588591337204,0.295532191875,0.05859375,0.04434810984375002,0.02710937499999999,0.25118408203125,0.03148437500000001,0.042907680156250017,0.041015625,0.31051937796093754,0.04023437500000001,0.2676116978046875,-0.0007812499999999903,0.13755591364595518,0.005247395833333335,0.14655216722407313,-0.0001302083333333317,0.07230631709250708
326,IUmxJNs2zaY$_$3,zero,T,False,0.1,32,4,1.1020507999999998,0.12037760913372034,0.24804689374999978,0.0419921875,0.08747560468749978,0.018505859375000006,0.1605712890625,0.023486328124999994,0.6015625187499998,0.25273437500000007,0.8388183781249999,0.3081347656250001,0.23725585937500016,0.05540039062500002,0.14570212494775658,0.003914388020833332,0.21528557856808567,0.009233398437500004,0.09353387249354389
326,IUmxJNs2zaY$_$3,zero,T,False,0.2,32,7,1.1020507999999998,0.12037760913372034,0.4243164249999998,0.07734375000000002,0.14211427656249978,0.03412597656250001,0.2822021484375,0.04321777343750001,0.2861328312499998,0.16386718750000004,0.6236084171874999,0.23268554687499998,0.33747558593750016,0.06881835937499994,0.25606976771645407,0.007202962239583335,0.3062247944583914,0.01146972656249999,0.1452418127442322
326,IUmxJNs2zaY$_$3,zero,T,False,0.3,32,10,1.1020507999999998,0.12037760913372034,0.5385742374999998,0.11113281250000001,0.19770509687499976,0.05520996093750001,0.340869140625,0.0559228515625,0.07885744062499978,0.09765625,0.4720459171874998,0.17334960937500002,0.3931884765625,0.07569335937500002,0.3093041004288547,0.009320475260416667,0.35677858024686326,0.012615559895833336,0.17200467895799199
327,IUmxJNs2zaY$_$2,zero,T,False,0.1,19,2,1.63391117,0.042399093508720335,0.20520023249999997,0.009228515625000003,0.07315677546874996,0.009230957031249999,0.13204345703125,-2.441406249996045e-06,0.7319336309375,0.029833984375000004,0.8650452032031251,0.09366455078125,0.1331115722656251,0.06383056640624998,0.08081429311543105,-4.069010416660075e-07,0.08146800954767666,0.010638427734374997,0.04323008087411026
327,IUmxJNs2zaY$_$2,zero,T,False,0.2,19,4,1.63391117,0.042399093508720335,0.35681156062499997,0.019970703125000003,0.11756595515625001,0.011313247680664062,0.23924560546874996,0.008657455444335941,0.36962894343749997,0.04317626953125,0.6315796270312498,0.04835021972656249,0.26195068359374984,0.005173950195312492,0.14642500977806536,0.001442909240722657,0.1603211533663709,0.000862325032552082,0.07726284935442775
327,IUmxJNs2zaY$_$2,zero,T,False,0.3,19,6,1.63391117,0.042399093508720335,0.38952640437499997,0.010107421875000001,0.19992679500000002,0.015450820922851563,0.18959960937499995,-0.005343399047851562,0.24206546687499997,0.027334594726562498,0.42742313289062495,0.025155029296875,0.18535766601562498,-0.0021795654296874988,0.11604027000729174,-0.0008905665079752602,0.1134440818906594,-0.0003632609049479165,0.05705763112125699
328,JAnRCQ9A0vI$_$1,zero,T,False,0.1,48,5,0.006835999999999842,0.4000651091337204,0.19824224999999984,0.05078125,0.046582093749999845,0.01939453124999995,0.15166015625,0.03138671875000005,0.19726568749999984,0.20546874999999998,0.40332037499999984,0.2591015624999999,0.2060546875,0.053632812499999905,22.18226652771735,0.005231119791666675,30.138172809712557,0.008938802083333317,13.083652314826228
328,JAnRCQ9A0vI$_$1,zero,T,False,0.2,48,10,0.006835999999999842,0.4000651091337204,0.27343756249999984,0.08437499999999998,0.039013734374999845,0.03324218749999996,0.234423828125,0.05113281250000002,0.014648375000000158,0.1269531249999999,0.32941900781249983,0.21691406249999995,0.3147706328124997,0.08996093750000006,34.287527881381514,0.00852213541666667,46.039291035908576,0.014993489583333344,20.08758363557252
328,JAnRCQ9A0vI$_$1,zero,T,False,0.3,48,15,0.006835999999999842,0.4000651091337204,0.33886724999999984,0.12617187499999993,0.08334967187499984,0.05507812499999996,0.255517578125,0.07109374999999998,0.10937493750000016,0.06914062499999996,0.21235357812499983,0.16845703124999994,0.10297864062499967,0.09931640624999999,37.372762633465825,0.011848958333333331,15.06196294061753,0.016552734375,13.115781816697922
329,JAnRCQ9A0vI$_$0,zero,T,False,0.1,10,1,0.4780274,0.3453776091337204,0.11718755624999999,0.025390625,0.10581060312499999,0.02096679687499999,0.011376953125000006,0.0044238281250000115,1.389404353125,0.369140625,1.4481751050781246,0.38462890624999996,0.058770751953124645,0.015488281249999958,0.023799743121956783,0.000737304687500002,0.12294405929255385,0.002581380208333326,0.037515621827585985
329,JAnRCQ9A0vI$_$0,zero,T,False,0.2,10,2,0.4780274,0.3453776091337204,0.15527349375,0.033203125,0.25715337656250004,0.05016601562499995,-0.10187988281250004,-0.01696289062499995,1.1625977125,0.3003906249999999,1.1813843335937497,0.31361328125,0.018786621093749734,0.013222656250000075,-0.213125167484819,-0.0028271484374999913,0.03930021959730789,0.0022037760416666794,-0.0436120800708361
329,JAnRCQ9A0vI$_$0,zero,T,False,0.3,10,3,0.4780274,0.3453776091337204,0.2426758375,0.05898437499999998,0.335595759375,0.07188476562499994,-0.09291992187500003,-0.012900390624999966,1.0356445875,0.25312499999999993,1.0288452710937497,0.26085937499999995,-0.006799316406250311,0.0077343750000000155,-0.1943815929660247,-0.002150065104166661,-0.014223666222028464,0.0012890625000000027,-0.05236656544805496
330,JAnRCQ9A0vI$_$3,zero,T,False,0.1,45,5,2.01123042,1.0231119841337204,1.122558545,0.3109375000000001,0.11884150398437496,0.03652343749999998,1.003717041015625,0.2744140625000001,0.04968266593750004,0.1976562500000001,0.7071837891406251,0.0619140625,0.657501123203125,-0.13574218750000008,0.4990559669237989,0.04573567708333335,0.3269147034323504,-0.02262369791666668,0.212270662380704
330,JAnRCQ9A0vI$_$3,zero,T,False,0.2,45,9,2.01123042,1.0231119841337204,1.372558545,0.35078125000000004,0.16420893562499997,0.047617187500000005,1.208349609375,0.30316406250000005,0.21606450187500004,0.2398437499999999,0.6724456299609376,0.07164062499999999,0.45638112808593756,-0.16820312499999993,0.6008008811710985,0.05052734375000001,0.2269162680871093,-0.028033854166666653,0.21255265971038528
330,JAnRCQ9A0vI$_$3,zero,T,False,0.3,45,14,2.01123042,1.0231119841337204,1.2348632325,0.28671875,0.19674677742187496,0.0483203125,1.038116455078125,0.23839843750000003,0.07778935539062504,0.17578125,0.63886713875,0.0712109375,0.561077783359375,-0.1045703125,0.5161596247726306,0.039733072916666674,0.27897226434508215,-0.017428385416666668,0.20435914415442819
331,JAnRCQ9A0vI$_$2,zero,V,False,0.1,48,5,1.89721675,1.0449869841337203,0.2121581562499999,0.08515624999999993,0.1047973164062499,0.04011718749999989,0.10736083984375,0.045039062500000046,0.5051269062499999,0.2031249999999999,0.7977050312499999,0.30634765624999993,0.292578125,0.10322265625000004,0.05658857020695174,0.007506510416666674,0.1542143093485184,0.017203776041666674,0.05887829150345087
331,JAnRCQ9A0vI$_$2,zero,V,False,0.2,48,10,1.89721675,1.0449869841337203,0.4694823749999999,0.1812499999999999,0.18642573437499993,0.07203124999999991,0.28305664062499997,0.10921875,0.2707519062499999,0.11640624999999993,0.6517821796875,0.25691406249999993,0.38103027343750007,0.1405078125,0.14919565275256358,0.018203125,0.2008363422899138,0.02341796875,0.09791327219811935
331,JAnRCQ9A0vI$_$2,zero,V,False,0.3,48,15,1.89721675,1.0449869841337203,0.5803222187499999,0.21406249999999993,0.26605219921874995,0.1027343749999999,0.31427001953124994,0.11132812500000003,0.2175292499999999,0.09921874999999991,0.5343505390625,0.2131835937499999,0.31682128906250007,0.11396484374999999,0.16564783854212306,0.018554687500000003,0.16699258114283408,0.018994140625,0.09254731195248929
332,JAnRCQ9A0vI$_$5,zero,T,False,0.1,25,3,0.7309570000000001,0.4934244841337203,0.3198241875000001,0.06601562499999991,0.025952117187500078,0.018496093750000008,0.2938720703125,0.0475195312499999,0.2695312812499999,0.2250000000000001,0.23474118906250005,0.08199218750000004,-0.03479009218749987,-0.14300781250000005,0.4020368753232059,0.007919921874999984,-0.047595199980710066,-0.023834635416666677,0.08463174045020729
332,JAnRCQ9A0vI$_$5,zero,T,False,0.2,25,5,0.7309570000000001,0.4934244841337203,0.5717773125000001,0.1064453125,0.05002438281250008,0.01984375000000001,0.5217529296875,0.08660156249999999,0.4616699531249999,0.25312500000000004,0.21708981875000005,0.07011718750000004,-0.24458013437499987,-0.1830078125,0.7137933091743984,0.01443359375,-0.33460217191001373,-0.030501302083333334,0.09078085723276283
332,JAnRCQ9A0vI$_$5,zero,T,False,0.3,25,8,0.7309570000000001,0.4934244841337203,0.6040038750000001,0.10078124999999993,0.07431637500000007,0.030273437500000007,0.5296875,0.07050781249999993,0.3520508124999999,0.18710937500000002,0.19733885156250003,0.05628906250000003,-0.1547119609374999,-0.13082031249999998,0.7246483382082143,0.011751302083333323,-0.21165643024291392,-0.021803385416666664,0.12573495615799174
333,JAnRCQ9A0vI$_$4,zero,T,False,0.1,14,2,0.08691404999999996,0.3330729216337204,0.32226561249999996,0.07636718749999993,0.006567370312499965,0.041923828124999986,0.3156982421875,0.03444335937499995,0.034667956249999965,0.07988281249999996,0.45693358375000004,0.20052734374999998,0.4222656275000001,0.12064453125000002,3.6322621017591326,0.005740559895833324,4.858371795218437,0.020107421875000003,2.1291204696871007
333,JAnRCQ9A0vI$_$4,zero,T,False,0.2,14,3,0.08691404999999996,0.3330729216337204,0.41943358124999996,0.09707031249999998,0.06687010468749995,0.054765625,0.35256347656250003,0.04230468749999998,0.23828126250000004,0.0322265625,0.40278319812499996,0.15987304687499995,0.16450193562499993,0.12764648437499995,4.056414585995178,0.007050781249999996,1.8926749236754739,0.021274414062499993,1.494353676245788
333,JAnRCQ9A0vI$_$4,zero,T,False,0.3,14,5,0.08691404999999996,0.3330729216337204,0.48193358124999996,0.12324218749999993,0.22482908906249993,0.099892578125,0.25710449218750003,0.023349609374999927,0.22167970000000004,0.015234375000000022,0.3979248046875,0.10125976562499998,0.1762451046875,0.08602539062499996,2.958112457940255,0.0038916015624999877,2.027785805651611,0.01433756510416666,1.251031857564633
334,JAnRCQ9A0vI$_$8,zero,A,False,0.1,48,5,0.7119141,0.5465494841337203,0.1259766,0.05703124999999998,0.06865238124999999,0.03765624999999993,0.05732421875,0.019375000000000045,0.3183594125,0.19023437499999996,0.3734863656249999,0.20987304687499994,0.05512695312499993,0.019638671874999986,0.08052114465615352,0.003229166666666674,0.07743472940101977,0.0032731119791666644,0.041114538175751655
334,JAnRCQ9A0vI$_$8,zero,A,False,0.2,48,10,0.7119141,0.5465494841337203,0.2480469125,0.10312499999999991,0.131103553125,0.06917968749999995,0.116943359375,0.03394531249999996,0.237304725,0.16054687499999998,0.3389648812499999,0.19064453124999994,0.10166015624999991,0.030097656249999966,0.16426587857877997,0.005657552083333327,0.14279814580418354,0.005016276041666661,0.07943446312699087
334,JAnRCQ9A0vI$_$8,zero,A,False,0.3,48,15,0.7119141,0.5465494841337203,0.3222656625,0.1382812499999999,0.1683594125,0.09376953124999991,0.15390625,0.04451171875,0.16894535,0.1304687499999999,0.3165039437499999,0.17375976562499995,0.1475585937499999,0.04329101562500004,0.21618624187069496,0.007418619791666667,0.20726993113364206,0.00721516927083334,0.10952249051670926
335,JOK1SSmPtFw$_$10,zero,T,False,0.1,17,2,0.05078120000000008,0.16822917163372034,0.4707030750000001,0.04999999999999999,0.014965770312500081,0.025097656250000006,0.4557373046875,0.024902343749999983,0.7336426281249999,0.32792968750000007,0.2726196739062499,0.21921875000000002,-0.46102295421875,-0.10871093750000005,8.974351341365661,0.004150390624999997,-9.078436031104388,-0.01811848958333334,-0.029513197174265052
335,JOK1SSmPtFw$_$10,zero,T,False,0.2,17,4,0.05078120000000008,0.16822917163372034,0.5034179187500001,0.03789062499999998,-0.02951665156249992,0.03817382812500002,0.5329345703125,-0.00028320312500003386,0.7326660656249999,0.2939453125,0.24389650437499996,0.17239257812500003,-0.48876956124999993,-0.12155273437499997,10.49451521030005,-4.720052083333898e-05,-9.624820532588172,-0.020258789062499994,0.21234717203213568
335,JOK1SSmPtFw$_$10,zero,T,False,0.3,17,6,0.05078120000000008,0.16822917163372034,0.3969726062500001,0.0037109374999999833,-0.03901372187499992,0.06120605468750001,0.435986328125,-0.05749511718750003,0.5756836437499999,0.21874999999999997,0.2066650490625,0.12837890625,-0.3690185946874999,-0.09037109374999996,8.585416309750252,-0.009582519531250005,-7.266691767735532,-0.015061848958333327,0.3235200433812843
336,JOK1SSmPtFw$_$13,zero,T,False,0.1,18,2,1.45739742,0.5641276091337203,0.24267574031249994,0.05624999999999991,0.006060750078124943,0.026367187500000007,0.236614990234375,0.029882812499999904,0.41491695124999994,0.051953125000000044,0.8367187090624999,0.07076171874999995,0.42180175781249996,0.018808593749999908,0.1623543617087049,0.004980468749999984,0.28942103410027026,0.003134765624999985,0.11497265754599378
336,JOK1SSmPtFw$_$13,zero,T,False,0.2,18,4,1.45739742,0.5641276091337203,0.20300288874999994,0.010156249999999978,0.040296895097656195,0.04951171875,0.16270599365234376,-0.039355468750000025,0.21594234187499994,0.07421875000000011,0.5423583574999998,0.089091796875,0.3264160156249999,0.014873046874999893,0.11164139566745501,-0.006559244791666671,0.2239717095514622,0.0024788411458333153,0.08288317539327096
336,JOK1SSmPtFw$_$13,zero,T,False,0.3,18,6,1.45739742,0.5641276091337203,0.009765584062499943,0.08085937500000007,0.044197041582031193,0.04419921875000001,-0.03443145751953125,0.036660156250000055,0.25915523249999994,0.007031249999999933,0.39437862117187483,0.052402343750000004,0.1352233886718749,0.04537109375000007,-0.023625288079790325,0.0061100260416666755,0.0927840917186358,0.007561848958333345,0.020707669659711374
337,JOK1SSmPtFw$_$14,zero,T,False,0.1,15,2,0.6025391,0.2668619841337203,-1.02490230625,0.21083984374999998,-0.1439208609375,0.05765136718750001,-0.8809814453125,0.15318847656249995,0.8867187875,0.2265625,0.29367677656249996,0.07606445312499996,-0.5930420109375001,-0.15049804687500004,-1.4621125553510879,0.02553141276041666,-0.9842365859757717,-0.025083007812500006,-0.6114751840947357
337,JOK1SSmPtFw$_$14,zero,T,False,0.2,15,3,0.6025391,0.2668619841337203,-0.87744136875,0.19814453124999998,-0.026769982031250007,0.05023559570312501,-0.85067138671875,0.14790893554687495,0.5703125375,0.14375000000000004,0.24721678937500008,0.08513671874999999,-0.3230957481249999,-0.05861328125000005,-1.4118087521789005,0.024651489257812492,-0.5362228142575074,-0.009768880208333343,-0.4832872393467322
337,JOK1SSmPtFw$_$14,zero,T,False,0.3,15,5,0.6025391,0.2668619841337203,-0.7070312125,0.1896484375,-0.07470699375,0.06839355468750002,-0.63232421875,0.12125488281249996,0.3476562875,0.09023437500000009,0.42149655953125,0.13053833007812496,0.07384027203124999,0.04030395507812487,-1.0494309320657662,0.02020914713541666,0.12254831177418729,0.006717325846354145,-0.22498903682745205
338,JOK1SSmPtFw$_$16,zero,T,False,0.1,15,2,0.9990235,0.17291667163372035,0.12988287499999995,0.026953124999999994,0.028466859374999952,0.011064453125000002,0.101416015625,0.015888671874999993,0.522461,0.049218750000000006,0.7788818984374999,0.12767578124999998,0.25642089843749993,0.07845703124999998,0.101515043549983,0.0026481119791666656,0.25667128127238115,0.013076171874999995,0.0934776521691327
338,JOK1SSmPtFw$_$16,zero,T,False,0.2,15,3,0.9990235,0.17291667163372035,0.30859381249999995,0.058203124999999994,0.015844789062499955,0.0171875,0.2927490234375,0.04101562499999999,0.22656256249999995,0.0029296875,0.6649658828124998,0.11394531249999999,0.43840332031249984,0.11101562499999999,0.29303487896192737,0.006835937499999999,0.43883140034353496,0.018502604166666665,0.18930120524303226
338,JOK1SSmPtFw$_$16,zero,T,False,0.3,15,5,0.9990235,0.17291667163372035,0.48828131249999995,0.10117187500000005,0.018969789062499954,0.0315087890625,0.4693115234375,0.06966308593750005,0.08642571875000005,0.046875,0.45527349999999994,0.0822021484375,0.3688477812499999,0.0353271484375,0.469769783861657,0.011610514322916675,0.3692079435989807,0.005887858072916666,0.21411902496411778
339,JOK1SSmPtFw$_$0,zero,T,False,0.1,48,5,3.4970703,1.4934244841337203,0.26855467499999985,0.13124999999999987,0.057470690624999855,0.024687499999999907,0.211083984375,0.10656249999999996,0.9952392453124999,0.29609375000000004,1.5313033932617188,0.4764453125,0.536064147949219,0.18035156249999995,0.06036021752687742,0.01776041666666666,0.15328945336322394,0.03005859374999999,0.065367170326692
339,JOK1SSmPtFw$_$0,zero,T,False,0.2,48,10,3.4970703,1.4934244841337203,0.5048827999999999,0.21171874999999996,0.17053221406249985,0.0703515624999999,0.3343505859375,0.14136718750000005,0.5480956906249999,0.16015625,1.0762039059570312,0.3442578124999999,0.5281082153320313,0.18410156249999993,0.09560874150249668,0.023561197916666676,0.1510144260804838,0.030683593749999988,0.07521698981241179
339,JOK1SSmPtFw$_$0,zero,T,False,0.3,48,15,3.4970703,1.4934244841337203,0.6677245968749999,0.265625,0.24937742890624987,0.09546874999999991,0.41834716796875,0.1701562500000001,0.38574217499999985,0.1171875,0.7930908078125001,0.2661328125,0.4073486328125002,0.14894531249999998,0.11962786345498588,0.028359375000000017,0.11648279313392902,0.024824218749999998,0.07232356258472873
340,JOK1SSmPtFw$_$5,zero,T,False,0.1,26,3,0.5688476699999999,0.13258464038372034,1.4584961074999998,0.34130859375,0.34766847078124996,0.07674316406250001,1.1108276367187497,0.26456542968749996,0.4301757949999999,0.01171875,1.0014404434375,0.23939941406250004,0.5712646484375,0.22768066406250004,1.9527647602986393,0.044094238281249996,1.004247137358166,0.03794677734375001,0.7597632283204514
340,JOK1SSmPtFw$_$5,zero,T,False,0.2,26,6,0.5688476699999999,0.13258464038372034,1.4628906387499998,0.34130859375,0.5184570449999999,0.0960986328125,0.9444335937499999,0.2452099609375,0.18798829499999992,0.07001953124999999,0.8893798965624999,0.206494140625,0.7013916015625,0.136474609375,1.6602545519707377,0.04086832682291667,1.2330020944981732,0.022745768229166668,0.7392176853802485
340,JOK1SSmPtFw$_$5,zero,T,False,0.3,26,8,0.5688476699999999,0.13258464038372034,1.5156250137499998,0.35380859375000007,0.5570068496874999,0.11382812500000003,0.9586181640624999,0.23998046875000004,0.06494141999999992,0.06943359375,0.8324951309374999,0.18827636718750002,0.7675537109375,0.11884277343750002,1.685190129850352,0.03999674479166667,1.3493109000984393,0.019807128906250002,0.773576225911677
341,JOK1SSmPtFw$_$4,zero,V,False,0.1,12,2,0.45410149999999994,0.18219401538372035,0.08105462499999994,0.02861328125000001,0.06376946874999993,0.0196435546875,0.017285156250000003,0.008969726562500013,0.33496087499999994,0.09951171875,0.29653314062499997,0.09815429687500002,-0.03842773437499997,-0.0013574218749999867,0.03806443754438702,0.0014949544270833354,-0.0846234812074366,-0.00022623697916666444,-0.011322581553783226
341,JOK1SSmPtFw$_$4,zero,V,False,0.2,12,3,0.45410149999999994,0.18219401538372035,0.12011712499999994,0.04130859375000001,0.08041985937499993,0.022377929687500003,0.039697265625000006,0.01893066406250001,0.30371087499999994,0.08662109374999996,0.285107359375,0.09506835937500001,-0.018603515624999956,0.008447265625000047,0.08741917436041426,0.0031551106770833347,-0.0409676573570944,0.0014078776041666745,0.012753626321142467
341,JOK1SSmPtFw$_$4,zero,V,False,0.3,12,4,0.45410149999999994,0.18219401538372035,0.12792962499999994,0.047753906250000006,0.13124993749999997,0.03874999999999999,-0.0033203125000000333,0.009003906250000013,0.28320306249999994,0.07587890624999996,0.24575189062499997,0.07945312500000001,-0.03745117187499997,0.003574218750000052,-0.007311812861633737,0.0015006510416666688,-0.08247294801283846,0.0005957031250000087,-0.021922101676951376
342,JOK1SSmPtFw$_$8,zero,T,False,0.1,14,2,0.5878906000000002,0.19557292163372034,0.24414060000000015,0.056249999999999994,-0.06901857968749985,0.02829101562500001,0.3131591796875,0.027958984374999985,0.03173825625000015,0.033203125,0.42919919375000004,0.13787109375,0.3974609374999999,0.10466796875,0.532681840814701,0.004659830729166664,0.676078612961981,0.017444661458333333,0.3077162364910455
342,JOK1SSmPtFw$_$8,zero,T,False,0.2,14,3,0.5878906000000002,0.19557292163372034,0.37207028750000015,0.0923828125,0.07966306093750015,0.041328125,0.2924072265625,0.051054687499999994,0.20898439999999985,0.03457031249999998,0.24433592749999997,0.07398437500000002,0.03535152750000012,0.03941406250000004,0.49738289603474506,0.008509114583333333,0.06013273110212854,0.0065690104166666735,0.14314843803421842
342,JOK1SSmPtFw$_$8,zero,T,False,0.3,14,5,0.5878906000000002,0.19557292163372034,-0.05957033749999985,0.006445312500000022,-0.2720215093749999,0.067318115234375,0.21245117187500007,-0.06087280273437498,0.14941403750000015,0.07050781250000002,0.4446777193750001,0.12546875000000002,0.29526368187499996,0.0549609375,0.36137813820609105,-0.01014546712239583,0.5022417089732186,0.00916015625,0.21565863407672844
343,JPT38CA3sGI$_$1,zero,T,False,0.1,18,2,0.28948975,0.25045573413372035,0.76751709375,0.15781250000000002,0.4657135048828124,0.08588867187500002,0.3018035888671876,0.071923828125,1.97161865625,0.46992187500000004,2.4119262734375004,0.6026367187499999,0.44030761718750044,0.13271484374999987,1.0425327540420122,0.0119873046875,1.520973009284409,0.022119140624999978,0.6494030521597304
343,JPT38CA3sGI$_$1,zero,T,False,0.2,18,4,0.28948975,0.25045573413372035,1.0381469765625,0.19804687499999996,0.7314254799804687,0.13146484374999998,0.3067214965820313,0.06658203124999998,1.9291381875,0.43515625,2.2008667031250004,0.5067578125,0.27172851562500044,0.07160156249999994,1.0595208882564688,0.01109700520833333,0.9386431712412244,0.01193359374999999,0.5052986646140066
343,JPT38CA3sGI$_$1,zero,T,False,0.3,18,6,0.28948975,0.25045573413372035,2.1303100625,0.48750000000000004,1.1205642739257815,0.21854492187500002,1.0097457885742185,0.268955078125,1.088562015625,0.17031249999999998,1.9886596718750003,0.42955078124999996,0.9000976562500003,0.25923828125,3.488007090292932,0.04482584635416667,3.10924496292196,0.04320638020833333,1.6713210699443477
344,JPT38CA3sGI$_$0,zero,T,False,0.1,16,2,0.48681637,0.4582682341337203,0.0698241825,0.026562499999999933,-0.25007938195312507,0.04527343750000002,0.31990356445312507,-0.018710937500000087,0.991180456171875,0.304296875,0.6957931881054689,0.22736328125,-0.29538726806640614,-0.07693359375000003,0.657132600780299,-0.0031184895833333477,-0.6067722441095439,-0.012822265625000004,0.008604900365605432
344,JPT38CA3sGI$_$0,zero,T,False,0.2,16,4,0.48681637,0.4582682341337203,0.006835901249999998,0.004687499999999956,-0.41485599328125006,0.08714843750000004,0.42169189453125006,-0.08246093750000008,0.88262943078125,0.23750000000000004,0.5309891109570313,0.14623046875000004,-0.35164031982421873,-0.09126953125000001,0.8662219561542146,-0.013743489583333346,-0.7223249240761864,-0.015211588541666668,0.028735488488257032
344,JPT38CA3sGI$_$0,zero,T,False,0.3,16,5,0.48681637,0.4582682341337203,-0.158447301875,0.051953125000000044,-0.4120239620312501,0.08787109375000002,0.2535766601562501,-0.03591796874999997,0.73535159875,0.17070312500000007,0.547772253046875,0.15574218750000005,-0.18757934570312496,-0.014960937500000021,0.5208866317901724,-0.0059863281249999956,-0.3853176925530101,-0.0024934895833333367,0.031772280382207224
345,JPT38CA3sGI$_$5,zero,T,False,0.1,16,2,0.34814453999999995,0.3652994841337204,0.40673828999999995,0.08046874999999998,0.11772461812499993,0.028330078125,0.28901367187500004,0.05213867187499997,0.28735350687500005,0.047656249999999956,0.2859130885625,0.08996093750000003,-0.0014404183125000802,0.04230468750000008,0.8301518723318992,0.008689778645833328,-0.004137402743979086,0.007050781250000013,0.21043875737093837
345,JPT38CA3sGI$_$5,zero,T,False,0.2,16,4,0.34814453999999995,0.3652994841337204,0.78710938375,0.15371093750000003,0.21606446187499992,0.058642578125,0.571044921875,0.09506835937500004,0.48999022562500005,0.125,0.334375006125,0.08208984375000002,-0.15561521950000007,-0.042910156249999984,1.6402477017944854,0.015844726562500005,-0.4469832343680178,-0.007151692708333331,0.30048937532015857
345,JPT38CA3sGI$_$5,zero,T,False,0.3,16,5,0.34814453999999995,0.3652994841337204,0.8549804775,0.17373046875000003,0.20869141499999994,0.05137695312500001,0.6462890625,0.12235351562500002,0.46362303812500005,0.12890625,0.3969970746874999,0.09493164062500002,-0.06662596343750016,-0.03397460937499998,1.8563761078197356,0.02039225260416667,-0.191373881846943,-0.0056624348958333294,0.41993301092028146
346,JVpF99zuQhA$_$0,zero,V,False,0.1,22,3,0.30078130000000014,0.25553385913372034,0.08496098750000014,0.03476562499999997,0.04472661250000014,0.02037109375000002,0.040234375,0.014394531249999946,0.6367188000000001,0.247265625,0.6836914562500003,0.25888671875,0.04697265625000013,0.011621093750000033,0.13376576680210234,0.002399088541666658,0.15616828599954224,0.0019368489583333388,0.07356749757541114
346,JVpF99zuQhA$_$0,zero,V,False,0.2,22,5,0.30078130000000014,0.25553385913372034,0.16015630000000014,0.05781249999999999,0.10332036250000014,0.04278320312499999,0.0568359375,0.015029296875,0.5527344250000001,0.21914062500000003,0.6055664562500003,0.22859375,0.05283203125000013,0.009453124999999979,0.18896037931753293,0.0025048828125,0.17564873747557658,0.0015755208333333298,0.09217238010973572
346,JVpF99zuQhA$_$0,zero,V,False,0.3,22,7,0.30078130000000014,0.25553385913372034,0.22167973750000014,0.08398437500000006,0.17729497187500015,0.06914062500000001,0.04438476562499999,0.014843750000000044,0.47167973750000014,0.18164062500000006,0.5098633312500003,0.19464843750000002,0.03818359375000013,0.013007812499999966,0.14756441993095995,0.0024739583333333406,0.12694760878549077,0.002167968749999994,0.069788488949946
347,JVpF99zuQhA$_$2,zero,T,False,0.1,27,3,1.2756348199999998,0.03310954272747034,0.29760747624999984,0.04210205078125,0.10089116765624984,0.007320556640625001,0.19671630859375,0.034781494140624994,0.9392090387499998,0.12261962890625001,1.1568115778124999,0.20964111328124999,0.21760253906250004,0.08702148437499997,0.15421039885329502,0.005796915690104165,0.17058359106167156,0.014503580729166661,0.08627362158355936
347,JVpF99zuQhA$_$2,zero,T,False,0.2,27,6,1.2756348199999998,0.03310954272747034,0.37670903874999984,0.05845947265625,0.1897095270312498,0.0150347900390625,0.18699951171875004,0.043424682617187495,0.7702637262499998,0.06011962890625,0.9662109918749999,0.15292236328125,0.1959472656250001,0.092802734375,0.14659318026891882,0.0072374471028645825,0.15360752853819998,0.015467122395833333,0.08072631957645417
347,JVpF99zuQhA$_$2,zero,T,False,0.3,27,9,1.2756348199999998,0.03310954272747034,0.5427246637499998,0.08267822265625001,0.3179688043749998,0.024694824218749998,0.22475585937500003,0.057983398437500014,0.5319824762499998,0.01922607421875,0.759375054375,0.10630615234375,0.22739257812500013,0.087080078125,0.1761912419290641,0.009663899739583336,0.17825822586653312,0.014513346354166666,0.0946566784723368
348,JVpF99zuQhA$_$4,zero,T,False,0.1,15,2,1.4243164400000001,0.05028483569622034,0.19873050250000013,0.012255859375000004,0.07120364703125012,0.005935668945312501,0.12752685546875,0.006320190429687503,0.8967285493750001,0.11872558593750002,1.0153320649999997,0.1269384765625,0.1186035156249996,0.008212890624999997,0.08953541667561832,0.001053365071614584,0.0832704229367574,0.0013688151041666662,0.04380700494703924
348,JVpF99zuQhA$_$4,zero,T,False,0.2,15,3,1.4243164400000001,0.05028483569622034,0.27343753375000013,0.005444335937500003,0.18388675250000014,0.007396240234375001,0.08955078124999999,-0.0019519042968749985,0.6613769868750001,0.0712646484375,0.7700439790625001,0.07007324218750002,0.10866699218749998,-0.0011914062499999711,0.06287276890325796,-0.00032531738281249973,0.07629408243958592,-0.0001985677083333285,0.03466074156292452
348,JVpF99zuQhA$_$4,zero,T,False,0.3,15,5,1.4243164400000001,0.05028483569622034,0.5332031587500001,0.013354492187500004,0.22353519000000013,0.009422607421874998,0.30966796875,0.003931884765625006,0.29589847125000013,0.0086669921875,0.5625244478125001,0.034715576171875005,0.2666259765625,0.026048583984375005,0.21741499475706766,0.0006553141276041677,0.18719561319315164,0.004341430664062501,0.1024018381854715
349,K0m1tO3Ybyc$_$15,zero,V,False,0.1,14,2,0.9665527700000001,0.5524088591337203,0.17456058250000006,0.05898437499999998,0.07578128562500006,0.02107421874999995,0.098779296875,0.03791015625000003,0.10180667625000006,0.02499999999999991,0.2988037465625,0.09556640624999993,0.19699707031249997,0.07056640625000002,0.10219741512673423,0.006318359375000005,0.20381387608937673,0.011761067708333336,0.08102267957486108
349,K0m1tO3Ybyc$_$15,zero,V,False,0.2,14,3,0.9665527700000001,0.5524088591337203,0.23315433250000006,0.07734374999999993,0.09617923484375006,0.025371093749999955,0.13697509765625,0.05197265624999998,0.09887698875000006,0.02499999999999991,0.264257848125,0.08808593749999995,0.16538085937499997,0.06308593750000004,0.14171492772331742,0.008662109374999996,0.1711036307633459,0.010514322916666673,0.08299874769458249
349,K0m1tO3Ybyc$_$15,zero,V,False,0.3,14,5,0.9665527700000001,0.5524088591337203,0.28833011375000006,0.09335937499999991,0.11467288718750006,0.03359374999999994,0.1736572265625,0.05976562499999997,0.07202152000000006,0.020312499999999956,0.23503421531250002,0.07757812499999996,0.16301269531249996,0.057265625,0.1796663899645231,0.009960937499999994,0.16865351972348103,0.009544270833333333,0.09195627950533436
350,K0m1tO3Ybyc$_$8,zero,T,False,0.1,32,4,0.84484865,0.5231119841337203,0.3134765796875,0.1455078124999999,-0.28063963124999997,0.10434570312500002,0.5941162109375,0.04116210937499987,1.6610107250000001,0.7171875000000002,1.0784057445312503,0.5004296875,-0.5826049804687499,-0.21675781250000015,0.7032212310646042,0.006860351562499978,-0.6895960487984458,-0.03612630208333336,-0.003910192063668749
350,K0m1tO3Ybyc$_$8,zero,T,False,0.2,32,7,0.84484865,0.5231119841337203,0.265991228125,0.021874999999999978,-0.3966598338867187,0.13742187500000008,0.6626510620117188,-0.1155468750000001,1.5926513500000001,0.6601562500000001,1.0260940379882815,0.4717382812500001,-0.5665573120117187,-0.18841796875,0.7843419974331749,-0.019257812500000016,-0.6706013454722016,-0.031402994791666666,0.015769961167326645
350,K0m1tO3Ybyc$_$8,zero,T,False,0.3,32,10,0.84484865,0.5231119841337203,0.03430177499999998,0.08085937500000007,-0.4460494823242188,0.18114257812500006,0.4803512573242188,-0.100283203125,1.3724365062500001,0.5460937500000002,0.972099287011719,0.4437500000000001,-0.40033721923828114,-0.10234375000000007,0.5685641904736763,-0.0167138671875,-0.47385616983836254,-0.01705729166666668,0.015234215445286779
351,K8gp7ncdUl8$_$5,zero,T,False,0.1,35,4,1.24890137,-0.5014973908662798,2.8397216825,0.7220703125000001,0.49592743201171885,0.133203125,2.343794250488281,0.5888671875000001,0.745391848515625,0.08085937499999996,2.1426864652148434,0.6330786132812501,1.3972946166992184,0.5522192382812502,1.8766833235237446,0.09814453125000001,1.1188181320363884,0.0920365397135417,0.7964206316309186
351,K8gp7ncdUl8$_$5,zero,T,False,0.2,35,7,1.24890137,-0.5014973908662798,2.90075683875,0.7742187500000001,0.7521484403125,0.16962890625,2.1486083984375,0.6045898437500001,0.3352050809375,0.27226562499999996,2.0938140897265622,0.59329345703125,1.7586090087890622,0.32102783203125007,1.7203974065943204,0.10076497395833335,1.4081236860724848,0.053504638671875014,0.8206976763242534
351,K8gp7ncdUl8$_$5,zero,T,False,0.3,35,11,1.24890137,-0.5014973908662798,2.80700683875,0.7773437500000001,1.1717208890429684,0.2872314453125,1.6352859497070316,0.4901123046875001,0.466583254765625,0.20078125000000002,2.0143478421679686,0.5179736328125,1.5477645874023436,0.31719238281249995,1.3093785302905876,0.08168538411458336,1.2392999041248867,0.05286539713541666,0.6708073039163686
352,KDjl2exStlI$_$10,zero,T,False,0.1,15,2,1.2270508,-0.053889968991279666,-0.0336913875,0.028613281249999997,-0.2733016780273438,0.019814453125000006,0.23961029052734378,0.008798828124999991,0.334716778125,0.0621002197265625,0.44763162645263666,0.02306396484375,0.11291484832763665,-0.0390362548828125,0.19527316656667942,0.0014664713541666652,0.09202125641935953,-0.006506042480468751,0.07056371296493422
352,KDjl2exStlI$_$10,zero,T,False,0.2,15,3,1.2270508,-0.053889968991279666,-0.05761716875,0.042626953125000006,-0.3348525813476563,0.029697265625000004,0.27723541259765627,0.012929687500000002,0.5909423640625,0.02333984375,0.5729858210937498,0.027276611328125006,-0.017956542968750155,0.003936767578125007,0.22593619323785377,0.002154947916666667,-0.01463389155107401,0.0006561279296875012,0.05352834438328349
352,KDjl2exStlI$_$10,zero,T,False,0.3,15,5,1.2270508,-0.053889968991279666,-0.102294903125,0.062939453125,-0.41633604082031256,0.04781982421875,0.31404113769531256,0.015119628906250002,0.83789060625,0.019238281250000003,0.7553785136596678,0.04810791015625,-0.08251209259033221,0.02886962890625,0.25593144290674,0.002519938151041667,-0.06724418039265516,0.004811604817708333,0.04900470137070872
353,KDjl2exStlI$_$13,zero,T,False,0.1,14,2,1.7121582299999998,-0.09065754711627967,-0.07153317625000022,0.015722656249999994,-0.24825131589843769,0.011381835937499998,0.17671813964843747,0.004340820312499997,0.09912112062499978,0.06611328125000002,0.11038839314111315,0.06109832763671876,0.011267272516113369,-0.005014953613281255,0.10321361270145271,0.0007234700520833328,0.006580738706243677,-0.0008358256022135425,0.027420498964391544
353,KDjl2exStlI$_$13,zero,T,False,0.2,14,3,1.7121582299999998,-0.09065754711627967,-0.2686767309375002,0.02841796875000001,-0.29136807615234395,0.011831054687499998,0.022691345214843728,0.01658691406250001,0.10827634031250022,0.055566406250000006,0.10819663463964849,0.040462646484375,-7.970567285173202e-05,-0.015103759765625002,0.0132530577864792,0.002764485677083335,-4.6552722115531295e-05,-0.0025172932942708337,0.003363424361794042
353,KDjl2exStlI$_$13,zero,T,False,0.3,14,5,1.7121582299999998,-0.09065754711627967,-0.2796630590625002,0.04453125000000001,-0.3512222021289064,0.019318847656250002,0.0715591430664062,0.025212402343750006,0.3331298559375002,0.03276367187500001,0.33929421598388687,0.0231005859375,0.006164360046386652,-0.00966308593750001,0.04179467762843893,0.004202067057291667,0.0036003427358719743,-0.0016105143229166684,0.011996643274671476
354,KDjl2exStlI$_$5,zero,T,False,0.1,16,2,2.054443359,0.07408854663372035,0.33593749962499997,0.04296875,0.04653358421972653,0.009277343749999995,0.28940391540527344,0.03369140625000001,0.7730712886875,0.10097656249999999,1.1675994869296875,0.22560546875000004,0.39452819824218754,0.12462890625000005,0.14086724429282702,0.005615234375000001,0.19203644845082296,0.020771484375000007,0.08982260287341248
354,KDjl2exStlI$_$5,zero,T,False,0.2,16,4,2.054443359,0.07408854663372035,0.39062499962499997,0.05849609374999999,0.16470355950048826,0.026828613281250004,0.2259214401245117,0.03166748046874999,0.43981933556249997,0.05898437499999999,0.7049255367343751,0.13841796875,0.2651062011718751,0.07943359375000002,0.1099671739148384,0.005277913411458331,0.12904034125359104,0.01323893229166667,0.06438109021788861
354,KDjl2exStlI$_$5,zero,T,False,0.3,16,5,2.054443359,0.07408854663372035,0.44726562462499997,0.06923828124999999,0.13939857445410153,0.027138671875,0.30786705017089844,0.04209960937499999,0.27941894493749997,0.041796875,0.668231200796875,0.129697265625,0.38881225585937507,0.087900390625,0.14985416802465878,0.007016601562499999,0.189254215698803,0.014650065104166667,0.09019376259753212
355,KDjl2exStlI$_$4,zero,T,False,0.1,23,3,1.7028809000000003,0.023966476321220335,0.17504886875000025,0.022583007812500007,0.027209513281250253,0.008829040527343752,0.14783935546875,0.013753967285156255,0.46423343906250025,0.07487792968750001,0.6551392007812502,0.14286621093750002,0.19090576171874996,0.06798828125,0.08681715124739418,0.0022923278808593757,0.11210745837321422,0.011331380208333333,0.05313707942745028
355,KDjl2exStlI$_$4,zero,T,False,0.2,23,5,1.7028809000000003,0.023966476321220335,0.16699222812500025,0.019921875000000006,-0.006072957421874747,0.00952911376953125,0.173065185546875,0.010392761230468756,0.30139164218750025,0.0666259765625,0.5248169351562503,0.11771484375,0.22342529296875002,0.05108886718750001,0.10163076226652887,0.0017321268717447925,0.13120422089679268,0.008514811197916668,0.06077048030824575
355,KDjl2exStlI$_$4,zero,T,False,0.3,23,7,1.7028809000000003,0.023966476321220335,0.23364261875000025,0.025805664062500004,0.06553959140625025,0.02018562316894532,0.16810302734375,0.005620040893554685,0.10778812656250025,0.046215820312499996,0.31854252109375025,0.07253784179687499,0.21075439453125,0.026322021484374993,0.09871678555262697,0.0009366734822591141,0.12376336522882178,0.004387003580729166,0.05695095696110926
356,KkKWFZZmmCM$_$1,zero,T,False,0.1,28,3,2.06909183,0.7567057341337203,0.18798831437500008,0.08359375000000002,0.03571780656250008,0.021660156249999996,0.1522705078125,0.06193359375000003,0.8698730800000001,0.13046875000000002,1.2357971522656253,0.25056640625,0.3659240722656252,0.12009765624999996,0.07359288360807861,0.010322265625000005,0.1768524190698709,0.02001627604166666,0.07019596108615404
356,KkKWFZZmmCM$_$1,zero,T,False,0.2,28,6,2.06909183,0.7567057341337203,0.3903808925000001,0.16015625,0.05455325578125007,0.02392578124999999,0.33582763671875,0.13623046875,0.4080810878125001,0.007031249999999933,0.9584732386914065,0.20990234374999997,0.5503921508789065,0.20287109375000004,0.1623067036188753,0.022705078125,0.266006504347563,0.03381184895833334,0.12120753376244292
356,KkKWFZZmmCM$_$1,zero,T,False,0.3,28,9,2.06909183,0.7567057341337203,0.4915771815625001,0.17460937499999996,0.17985232804687507,0.05453124999999996,0.311724853515625,0.120078125,0.21008304093750008,0.01953125,0.607379183515625,0.12656249999999997,0.39729614257812496,0.10703124999999997,0.15065774188373413,0.020013020833333332,0.19201465338707152,0.017838541666666662,0.0951309894427014
357,KpMCvUyQCXg$_$1,zero,T,False,0.1,24,3,0.59228517,0.15572917163372035,0.5170898575,0.16425781250000004,0.17761231843750008,0.04607421874999999,0.33947753906249994,0.11818359375000005,1.41503907625,0.5154296875,1.6927612442187498,0.63662109375,0.2777221679687498,0.12119140625000002,0.5731647238403353,0.01969726562500001,0.4688986203556801,0.020198567708333337,0.2704897943823372
357,KpMCvUyQCXg$_$1,zero,T,False,0.2,24,5,0.59228517,0.15572917163372035,0.66308595125,0.21230468749999998,0.24790040437500008,0.06691406249999998,0.415185546875,0.145390625,1.051269545,0.34941406249999996,1.4799438614062501,0.5415234374999999,0.4286743164062501,0.19210937499999992,0.7009880829650301,0.024231770833333333,0.7237621577526452,0.032018229166666655,0.3702500601794188
357,KpMCvUyQCXg$_$1,zero,T,False,0.3,24,8,0.59228517,0.15572917163372035,0.9213867325,0.3033203125,0.46546632234375007,0.13103515624999998,0.45592041015624996,0.17228515625000004,0.6264648575,0.173828125,1.0892089981250002,0.37873046874999994,0.46274414062500013,0.20490234374999994,0.7697637278213839,0.02871419270833334,0.7812847303610011,0.03415039062499999,0.4034782603789296
358,KpMCvUyQCXg$_$3,zero,T,False,0.1,13,2,0.94543461,0.02029215991497034,0.40393070374999995,0.11102294921875001,0.06183780824218745,0.034683837890625,0.3420928955078125,0.07633911132812501,0.667846719375,0.16492919921875,1.1348022857812499,0.32944091796874997,0.4669555664062499,0.16451171874999998,0.3618362709098852,0.012723185221354169,0.4939052024984017,0.027418619791666664,0.22397081960532694
358,KpMCvUyQCXg$_$3,zero,T,False,0.2,13,3,0.94543461,0.02029215991497034,0.50939945375,0.14285888671875002,0.015805093398437452,0.027844848632812495,0.4935943603515625,0.11501403808593752,0.545776406875,0.12244873046875,1.1504761139062498,0.32561767578125,0.6046997070312499,0.20316894531250002,0.5220814142504772,0.019169006347656253,0.6395990384064864,0.03386149088541667,0.30367773747250915
358,KpMCvUyQCXg$_$3,zero,T,False,0.3,13,4,0.94543461,0.02029215991497034,0.61193851625,0.16776123046875002,0.19291385804687494,0.059479980468750006,0.419024658203125,0.10828125000000002,0.39758304749999995,0.09832763671875,0.8581055084374999,0.23844970703124999,0.46052246093749993,0.14012207031249999,0.443208034234214,0.018046875000000004,0.487100820052145,0.023353678385416663,0.24292735191794393
359,KpMCvUyQCXg$_$5,zero,T,False,0.1,20,2,0.005859399999999848,0.3125651091337204,0.09375002499999985,0.009765625,-0.06752927187500016,0.02474609374999997,0.161279296875,-0.014980468749999969,1.0842284906250002,0.458984375,0.8421020257812503,0.37835937499999994,-0.2421264648437499,-0.08062500000000006,27.520185802164388,-0.0024967447916666614,-41.31568917544129,-0.01343750000000001,-3.452859404517143
359,KpMCvUyQCXg$_$5,zero,T,False,0.2,20,4,0.005859399999999848,0.3125651091337204,0.23095705624999985,0.02734375,-0.12260739687500015,0.04942382812499999,0.353564453125,-0.022080078124999993,1.0612792718750002,0.409765625,0.64095456484375,0.2932031249999999,-0.42032470703125013,-0.11656250000000012,60.33111274401221,-0.0036800130208333322,-71.72286994595267,-0.019427083333333355,-2.853716074573656
359,KpMCvUyQCXg$_$5,zero,T,False,0.3,20,6,0.005859399999999848,0.3125651091337204,0.22851564999999985,0.021093750000000022,-0.10212399843750015,0.05321289062499999,0.3306396484375,-0.032119140624999966,0.8901366937500002,0.33085937499999996,0.5874999750000001,0.25238281249999994,-0.3026367187500001,-0.07847656250000001,56.41929705097068,-0.005353190104166661,-51.640966273634554,-0.013079427083333336,1.1899745400371557
360,L1eFHRQGFeg$_$2,zero,T,False,0.1,42,5,0.41510009000000003,0.09781901538372034,1.5642700118750001,0.34716796875000006,0.14982699582275397,0.039237060546874994,1.414443016052246,0.3079309082031251,1.1932983321875001,0.11416015625,1.8460815353125004,0.38539062500000004,0.6527832031250003,0.27123046875,3.4074663982507154,0.05132181803385418,1.5725885063925038,0.045205078125,1.2691454502005184
360,L1eFHRQGFeg$_$2,zero,T,False,0.2,42,9,0.41510009000000003,0.09781901538372034,1.8748168868750001,0.42607421875,0.29473036954101567,0.06056701660156251,1.5800865173339844,0.3655072021484375,0.71978759,0.041308593750000004,1.6317581100195313,0.30633056640625,0.9119705200195313,0.26502197265625,3.806510161980024,0.060917867024739586,2.196984161182355,0.04417032877604166,1.52714562974079
360,L1eFHRQGFeg$_$2,zero,T,False,0.3,42,13,0.41510009000000003,0.09781901538372034,2.14801024625,0.47412109374999994,0.5427238387792969,0.11803405761718751,1.6052864074707034,0.35608703613281245,0.37188719937500003,0.13662109375,1.3651946944921876,0.23788085937499998,0.9933074951171875,0.10125976562499997,3.867218000971049,0.059347839355468744,2.3929291419523557,0.016876627604166663,1.5840929024707602
361,MCsvw5-7lVE$_$1,zero,T,False,0.1,38,4,1.8585205299999998,0.9246744841337203,0.5562744362499998,0.18085937499999993,0.013488791718749837,0.03207031250000002,0.54278564453125,0.1487890624999999,0.32666017843749984,0.07265624999999998,1.0027832253124997,0.14162109374999998,0.6761230468749999,0.06896484375,0.29205238452699017,0.024798177083333317,0.3637961874323834,0.011494140625000001,0.1730352224169267
361,MCsvw5-7lVE$_$1,zero,T,False,0.2,38,8,1.8585205299999998,0.9246744841337203,0.6573486549999998,0.19140625,0.11817629171874984,0.05917968749999999,0.53917236328125,0.1322265625,0.14855959249999984,0.11406250000000007,0.7405616982128904,0.11007812499999999,0.5920021057128906,-0.003984375000000082,0.29010821482452775,0.022037760416666666,0.3185338970557369,-0.0006640625000000136,0.15750395244923282
361,MCsvw5-7lVE$_$1,zero,T,False,0.3,38,12,1.8585205299999998,0.9246744841337203,0.6160888893749998,0.14531249999999996,0.16034853292968734,0.0702734375,0.4557403564453125,0.07503906249999996,0.15686037374999984,0.07656249999999998,0.6081176957499999,0.1026953125,0.451257322,0.02613281250000002,0.24521661389917424,0.01250651041666666,0.24280446296470942,0.0043554687500000034,0.1262207640076376
362,MCsvw5-7lVE$_$2,zero,T,False,0.1,23,3,2.42211914,1.0442057341337203,0.09753417906249995,0.013281249999999911,-0.03195800843750005,0.0296875,0.1294921875,-0.016406250000000087,0.40588378843749995,0.013281249999999911,0.7383560174414061,0.11656249999999994,0.33247222900390616,0.10328125000000003,0.05346233052667651,-0.0027343750000000146,0.13726496201130062,0.017213541666666672,0.051301614801160945
362,MCsvw5-7lVE$_$2,zero,T,False,0.2,23,5,2.42211914,1.0442057341337203,0.25720214781249995,0.059374999999999956,-0.02413330140625005,0.03472656250000006,0.28133544921875,0.024648437499999898,0.11071777281249995,0.06953125000000004,0.5401519769140624,0.07050781249999996,0.4294342041015624,0.0009765624999999167,0.11615255765915475,0.00410807291666665,0.17729682232094499,0.00016276041666665278,0.07443005332835825
362,MCsvw5-7lVE$_$2,zero,T,False,0.3,23,7,2.42211914,1.0442057341337203,0.32272338804687495,0.06171874999999993,-0.004602051406250052,0.03453125000000005,0.327325439453125,0.027187499999999885,0.0032958990625000517,0.08203125,0.3908676141210936,0.035742187499999974,0.38757171505859356,-0.046289062500000026,0.13514005108480084,0.004531249999999981,0.1600134149656976,-0.007714843750000005,0.0729924680751246
363,MCsvw5-7lVE$_$4,zero,T,False,0.1,14,2,1.76147462,0.8324869841337204,0.375488291875,0.12109375,-0.05754851232421876,0.04660156250000001,0.43303680419921875,0.07449218749999999,0.10693358312500001,0.09687500000000004,0.4048553541171874,0.10730468750000002,0.2979217709921874,0.010429687499999979,0.24583752354132427,0.012415364583333331,0.16913192984878633,0.0017382812499999966,0.10728077480586097
363,MCsvw5-7lVE$_$4,zero,T,False,0.2,14,3,1.76147462,0.8324869841337204,0.4890136825,0.154296875,-0.03267668615234376,0.0504296875,0.5216903686523438,0.1038671875,0.274414051875,0.15781250000000002,0.3328170840117187,0.08539062500000001,0.05840303213671871,-0.07242187500000001,0.2961666699947535,0.017311197916666667,0.03315574253404581,-0.012070312500000001,0.08364082448636649
363,MCsvw5-7lVE$_$4,zero,T,False,0.3,14,5,1.76147462,0.8324869841337204,0.76586915125,0.2109375,0.04091797937499999,0.05701171874999998,0.724951171875,0.15392578125,0.416503895625,0.1890624999999999,0.23635864895312492,0.07212890624999999,-0.1801452466718751,-0.11693359374999993,0.41155901543218637,0.025654296875,-0.10226950894266428,-0.019488932291666653,0.07886371776821385
364,MMpo2bDk-DU$_$10,zero,T,False,0.1,18,2,0.21948242999999995,-0.16614582836627967,0.5192871175,0.09189453125,0.04558106281249996,0.012431640625,0.47370605468750004,0.07946289062499999,0.58520508625,0.13125,1.018745430488281,0.29990356445312505,0.43354034423828103,0.16865356445312504,2.158277072157566,0.013243815104166666,1.9752759661095196,0.028108927408854175,1.0437264451950266
364,MMpo2bDk-DU$_$10,zero,T,False,0.2,18,4,0.21948242999999995,-0.16614582836627967,0.5584716878125,0.107177734375,0.10432892658203116,0.03010314941406251,0.4541427612304688,0.0770745849609375,0.5284423909375,0.09765625,0.9919235310742186,0.23311977386474605,0.4634811401367186,0.13546352386474605,2.06914372183116,0.01284576416015625,2.111690801153958,0.022577253977457676,1.054064385280683
364,MMpo2bDk-DU$_$10,zero,T,False,0.3,18,6,0.21948242999999995,-0.16614582836627967,0.6048584065625,0.1091796875,0.4235916218945313,0.07608703613281251,0.1812667846679687,0.03309265136718749,0.45654297687499995,0.0708984375,0.7113067708203124,0.1220111083984375,0.2547637939453124,0.051112670898437504,0.825879132050965,0.005515441894531248,1.160742721877968,0.008518778483072918,0.5001640185766343
365,MMpo2bDk-DU$_$17,zero,T,False,0.1,32,4,0.23193358000000003,-0.20266926586627967,1.4708251815625,0.26865234375,0.4437988143749999,0.06605804443359375,1.0270263671875002,0.20259429931640627,0.613677964765625,0.14775390625,1.353607163984375,0.42346923828125,0.73992919921875,0.27571533203125,4.428086433629259,0.03376571655273438,3.190249592013187,0.045952555338541666,1.9245135743834305
365,MMpo2bDk-DU$_$17,zero,T,False,0.2,32,7,0.23193358000000003,-0.20266926586627967,1.64453123625,0.31386718750000003,0.6534561019726561,0.0978125,0.9910751342773438,0.21605468750000004,0.42639158781250003,0.021582031249999994,1.3230361800976562,0.3357885742187501,0.8966445922851562,0.31420654296875006,4.273080513812747,0.03600911458333334,3.8659375082627014,0.05236775716145834,2.0568487234550603
365,MMpo2bDk-DU$_$17,zero,T,False,0.3,32,10,0.23193358000000003,-0.20266926586627967,1.792724595625,0.3806640625,0.9673293929882811,0.14984313964843748,0.8253952026367188,0.23082092285156253,0.09252928312500003,0.13808593750000006,1.1676925521679686,0.25912719726562494,1.0751632690429687,0.12104125976562488,3.558741446129847,0.038470153808593754,4.635631603717602,0.020173543294270815,2.0632541867375784
366,MMpo2bDk-DU$_$16,zero,T,False,0.1,20,2,0.86401368,-0.17473957836627968,0.219238289375,0.08281250000000001,0.009417732734375007,0.0369873046875,0.209820556640625,0.04582519531250001,0.69604493,0.11899414062500001,0.4762573323437499,0.07216796875,-0.2197875976562501,-0.046826171875,0.2428437403871714,0.0076375325520833355,-0.25437947148797296,-0.007804361979166667,-0.002925640131971217
366,MMpo2bDk-DU$_$16,zero,T,False,0.2,20,4,0.86401368,-0.17473957836627968,0.40698243,0.16464843749999997,0.04151459552734375,0.07560546874999999,0.36546783447265624,0.08904296874999998,0.571289070625,0.14155273437500002,0.3185806355664063,0.09022460937500001,-0.2527084350585937,-0.051328125,0.42298799190848957,0.014840494791666664,-0.29248164517134556,-0.0085546875,0.03419803850720267
366,MMpo2bDk-DU$_$16,zero,T,False,0.3,20,6,0.86401368,-0.17473957836627968,0.6970214925,0.26074218750000006,0.1182540974804688,0.1201953125,0.5787673950195312,0.14054687500000007,0.31958008625,0.12578125,0.20344410673876956,0.0995703125,-0.11613597951123045,-0.026210937500000017,0.6698582887729768,0.02342447916666668,-0.1344143591532848,-0.004368489583333336,0.13862497980075633
367,MMpo2bDk-DU$_$19,zero,T,False,0.1,25,3,1.8959961,0.8887369841337204,0.3364257875000001,0.07656249999999998,0.042187506250000076,0.02763671875,0.29423828125,0.04892578124999998,0.23162842421875007,0.014843750000000044,0.6932876649414063,0.15947265625,0.4616592407226562,0.14462890624999997,0.15518920427146224,0.008154296874999996,0.24349153314773328,0.024104817708333327,0.10773496300063222
367,MMpo2bDk-DU$_$19,zero,T,False,0.2,25,5,1.8959961,0.8887369841337204,0.4531250062500001,0.09687500000000004,0.033612066796875076,0.030781249999999993,0.419512939453125,0.06609375000000005,0.07431030898437507,0.03125,0.670489508203125,0.14207031250000002,0.59617919921875,0.11082031250000002,0.22126243729651537,0.011015625000000008,0.31444098686582905,0.018470052083333337,0.14129727531141942
367,MMpo2bDk-DU$_$19,zero,T,False,0.3,25,8,1.8959961,0.8887369841337204,0.7548828187500001,0.15664062499999998,0.08186035781250008,0.033398437499999996,0.6730224609375,0.12324218749999999,0.14971923203124993,0.08281249999999996,0.54105225234375,0.10542968750000004,0.39133302031250006,0.02261718750000008,0.35497019533284097,0.02054036458333333,0.20639958801229183,0.0037695312500000133,0.14641991979461655
368,MjaaudUc5-4$_$1,zero,T,False,0.1,17,2,3.2958984000000004,-1.1073567658662797,0.10644527500000045,0.0007812499999999556,0.11223140781250045,0.03117187499999997,-0.005786132812499997,-0.030390625000000015,2.5265197378906254,0.48359375000000004,3.2415359122070315,0.8041421508789064,0.7150161743164061,0.32054840087890635,-0.0017555550428814655,-0.005065104166666669,0.21694114035046275,0.05342473347981772,0.06588630365518308
368,MjaaudUc5-4$_$1,zero,T,False,0.2,17,4,3.2958984000000004,-1.1073567658662797,1.2087401968750004,0.25703125000000004,0.22026363437500046,0.06187500000000001,0.9884765625,0.19515625000000003,1.2412109000000004,0.07734375000000004,2.6439437491210938,0.5775073242187501,1.4027328491210933,0.50016357421875,0.2999110235282059,0.03252604166666667,0.42559941274939794,0.083360595703125,0.2103492684118489
368,MjaaudUc5-4$_$1,zero,T,False,0.3,17,6,3.2958984000000004,-1.1073567658662797,1.4602050406250004,0.28359375,0.4373412710937504,0.10218750000000003,1.02286376953125,0.18140624999999994,1.0219726187500004,0.04921875000000009,2.1413817984375,0.45281494140625,1.1194091796874996,0.4035961914062499,0.31034435381469766,0.03023437499999999,0.3396369378529877,0.06726603190104165,0.18687042464218173
369,MjaaudUc5-4$_$0,zero,T,False,0.1,6,1,1.6931151999999998,0.5895182341337203,0.3867187156249998,0.12812499999999993,0.11495357890624983,0.05867187500000002,0.27176513671875,0.06945312499999992,0.17517086406249982,0.06406250000000002,0.8276672019531249,0.18061523437499996,0.6524963378906251,0.11655273437499994,0.16051180463499792,0.01157552083333332,0.38538189989005195,0.019425455729166655,0.14422367027188746
369,MjaaudUc5-4$_$0,zero,T,False,0.2,6,2,1.6931151999999998,0.5895182341337203,0.6878661765624998,0.1597656249999999,0.1721007957031248,0.07781249999999998,0.515765380859375,0.08195312499999993,0.03051761250000018,0.03945312500000009,0.5619491336523436,0.14843749999999997,0.5314315211523434,0.10898437499999988,0.3046249163875315,0.013658854166666656,0.3138777605177621,0.01816406249999998,0.16258139839299007
369,MjaaudUc5-4$_$0,zero,T,False,0.3,6,2,1.6931151999999998,0.5895182341337203,0.6878661765624998,0.1597656249999999,0.2472457541992185,0.09039062499999997,0.44062042236328136,0.06937499999999994,0.03051761250000018,0.03945312500000009,0.4695831126953124,0.11751953125,0.4390655001953122,0.07806640624999991,0.26024228128186444,0.01156249999999999,0.25932390239684217,0.013011067708333319,0.13603493784675996
370,MjaaudUc5-4$_$3,zero,T,False,0.1,16,2,1.82446292,0.7254557341337203,0.283203154375,0.1484375,-0.052258271406250015,0.06187500000000001,0.33546142578125,0.08656249999999999,0.2847900684375,0.03671875000000002,0.7733810718554688,0.19130859374999998,0.4885910034179688,0.15458984374999996,0.18386848986372392,0.014427083333333332,0.2677997619256668,0.025764973958333326,0.12296507727026434
370,MjaaudUc5-4$_$3,zero,T,False,0.2,16,4,1.82446292,0.7254557341337203,0.475097685625,0.23789062500000002,0.08079836921874999,0.06341796875000001,0.39429931640625,0.17447265625000002,0.06518551750000001,0.16640624999999998,0.45316775398437503,0.10499999999999998,0.387982236484375,-0.061406249999999996,0.21611790295433742,0.02907877604166667,0.21265547223557868,-0.010234374999999999,0.11190444405789568
370,MjaaudUc5-4$_$3,zero,T,False,0.3,16,5,1.82446292,0.7254557341337203,0.531738310625,0.26171875,0.006677275468749988,0.07587890625000002,0.52506103515625,0.18583984374999998,0.10302731437500001,0.16796875,0.4676712329882813,0.11318359375,0.36464391861328127,-0.054785156249999994,0.2877892127109042,0.030973307291666665,0.19986359533669557,-0.009130859375,0.1273738139910666
371,MjaaudUc5-4$_$6,zero,T,False,0.1,10,1,2.9648437999999997,-1.0456380158662797,0.7429199718749997,0.13906249999999998,0.0608643078124997,0.057460937499999996,0.6820556640625,0.08160156249999997,1.7663574718749997,0.31523437499999996,3.299792530468749,0.87147216796875,1.5334350585937493,0.5562377929687501,0.2300476787393728,0.013600260416666662,0.517205844499432,0.09270629882812502,0.2133900206208991
371,MjaaudUc5-4$_$6,zero,T,False,0.2,10,2,2.9648437999999997,-1.0456380158662797,0.5986328624999997,0.04531249999999987,0.2136719249999997,0.09058593750000002,0.3849609375,-0.04527343750000015,1.4619141124999997,0.27734375,2.703862049511718,0.6031304931640624,1.2419479370117181,0.3257867431640624,0.1298418512496843,-0.007545572916666692,0.4188913824466354,0.05429779052734374,0.14887136282674918
371,MjaaudUc5-4$_$6,zero,T,False,0.3,10,3,2.9648437999999997,-1.0456380158662797,0.4614258312499997,0.06718749999999996,0.5710037731445311,0.151875,-0.1095779418945314,-0.08468750000000005,1.3359375499999997,0.29218749999999993,1.8671371909960932,0.37784484863281254,0.5311996409960935,0.0856573486328126,-0.036959081937284345,-0.014114583333333342,0.179166086871088,0.014276224772135434,0.03559216159315144
372,MoQmPA7Q07Q$_$1,zero,A,False,0.1,26,3,0.81616208,0.4328776091337203,0.08398434562500001,0.03749999999999998,0.03261715812500001,0.015371093749999948,0.0513671875,0.02212890625000003,0.09814450187500001,0.029296875,0.15080563468749997,0.057949218749999955,0.052661132812499956,0.028652343749999955,0.06293740645558238,0.003688151041666672,0.06452280690337028,0.004775390624999993,0.03398093875640483
372,MoQmPA7Q07Q$_$1,zero,A,False,0.2,26,6,0.81616208,0.4328776091337203,0.1472167675,0.06093749999999998,0.04873043937500001,0.020800781249999973,0.098486328125,0.04013671875000001,0.06274411125000001,0.01953125,0.13820797843749996,0.05461914062499995,0.07546386718749995,0.03508789062499995,0.12066991332786088,0.006689453125000001,0.09246175064363356,0.0058479817708333255,0.05641727471683194
372,MoQmPA7Q07Q$_$1,zero,A,False,0.3,26,8,0.81616208,0.4328776091337203,0.151367158125,0.05859375,0.07200924796875001,0.029208984374999962,0.07935791015625,0.029384765625000038,0.05664059562500001,0.0234375,0.12329098624999997,0.049248046874999944,0.06665039062499996,0.025810546874999944,0.0972329085949955,0.004897460937500007,0.08166307966907785,0.004301757812499991,0.04702380175351834
373,MoQmPA7Q07Q$_$2,zero,T,False,0.1,30,3,3.5205078,1.5340494841337204,0.15771483124999985,0.06953125000000004,0.054174792187499855,0.021640625000000035,0.1035400390625,0.047890625000000006,1.0915527218749999,0.36093750000000013,1.5957427853515624,0.5554687500000001,0.5041900634765626,0.19453124999999993,0.02941053266576127,0.007981770833333334,0.14321511239414103,0.03242187499999999,0.05325732272330891
373,MoQmPA7Q07Q$_$2,zero,T,False,0.2,30,6,3.5205078,1.5340494841337204,0.21533201874999985,0.09218750000000009,0.11831053437499986,0.04871093750000005,0.097021484375,0.04347656250000004,0.7924804562499999,0.27656250000000004,1.0912597531250001,0.3832421875000001,0.29877929687500027,0.10667968750000006,0.027558938178197424,0.007246093750000006,0.08486821475208364,0.017779947916666677,0.034363298649236936
373,MoQmPA7Q07Q$_$2,zero,T,False,0.3,30,9,3.5205078,1.5340494841337204,0.34765623749999985,0.1546875000000001,0.20544432343749985,0.08625000000000005,0.1422119140625,0.06843750000000004,0.5371093624999999,0.1796875,0.73818358125,0.2632031250000001,0.2010742187500002,0.0835156250000001,0.0403952729964771,0.011406250000000007,0.05711510187107051,0.01391927083333335,0.030708973925220238
374,N1X63d_jgmw$_$5,zero,T,False,0.1,44,5,0.036132819999999954,0.16158854663372035,1.18798828875,0.18417968750000002,0.32089691912109364,0.07923339843749998,0.8670913696289063,0.10494628906250004,1.36816407,0.4185546875,1.8129394606249996,0.45126953125,0.4447753906249996,0.03271484375,23.996670422028654,0.01749104817708334,12.309116241377195,0.005452473958333333,9.082182546385317
374,N1X63d_jgmw$_$5,zero,T,False,0.2,44,9,0.036132819999999954,0.16158854663372035,1.745117195,0.2955078125,0.4562561110156251,0.09712890625000001,1.2888610839843748,0.19837890625000001,0.7967529371875,0.23378906249999998,1.8145263746874996,0.44216796875000003,1.0177734374999996,0.20837890625000005,35.66910678097075,0.03306315104166667,28.16678218632851,0.03472981770833334,15.975920484012315
374,N1X63d_jgmw$_$5,zero,T,False,0.3,44,14,0.036132819999999954,0.16158854663372035,1.9335937575,0.33417968750000004,0.8147232130664064,0.18496093749999995,1.1188705444335936,0.1492187500000001,0.5449218825,0.15507812499999996,1.5934753492968747,0.35554687500000004,1.0485534667968748,0.20046875000000008,30.964634916363533,0.024869791666666682,29.01861654253207,0.033411458333333345,15.0103831772239
375,N5xfBtD6rLY$_$7,zero,T,False,0.1,9,1,0.3515625,0.28170573413372035,0.099609375,0.020312499999999956,0.09326171875,0.019091796875000004,0.00634765625,0.0012207031249999514,0.203125,0.12519531250000004,0.349609375,0.152197265625,0.146484375,0.02700195312499995,0.01805550419767695,0.00020345052083332524,0.4166654814848527,0.004500325520833325,0.10985619043104909
375,N5xfBtD6rLY$_$7,zero,T,False,0.2,9,2,0.3515625,0.28170573413372035,0.2890625,0.056640625,0.102880859375,0.028437499999999998,0.186181640625,0.028203125000000002,0.05859375,0.06640625,0.30732421875,0.12601562500000002,0.24873046875,0.05960937500000002,0.5295818269672478,0.0047005208333333335,0.7074979875612798,0.009934895833333337,0.31292880779879856
375,N5xfBtD6rLY$_$7,zero,T,False,0.3,9,3,0.3515625,0.28170573413372035,0.3701171875,0.08085937499999996,0.1519287109375,0.046533203125000006,0.2181884765625,0.03432617187499995,0.1220703125,0.045703124999999956,0.199609375,0.09259765625,0.0775390625,0.04689453125000004,0.6206232346716881,0.005721028645833325,0.22055492819931538,0.007815755208333339,0.21367873668129256
376,NoZsdSGnNpI$_$7,zero,V,False,0.1,38,4,1.13940431,0.4277994841337204,0.026641858828124976,0.015625,-0.00011290191406252426,0.02173828124999997,0.0267547607421875,-0.00611328124999997,0.11090086578125002,0.16328124999999993,0.07301634429687502,0.15269531249999996,-0.037884521484375,-0.010585937499999976,0.023481337595475577,-0.0010188802083333285,-0.03324938119199656,-0.0017643229166666625,-0.003137811680380244
376,NoZsdSGnNpI$_$7,zero,V,False,0.2,38,8,1.13940431,0.4277994841337204,0.043518079531249976,0.029687499999999978,-0.013858019101562525,0.043945312499999986,0.0573760986328125,-0.014257812500000008,0.12362669585937502,0.1617187499999999,0.045538316953125026,0.13564453124999995,-0.07808837890625,-0.02607421874999996,0.050356179780145574,-0.002376302083333335,-0.06853432946196293,-0.004345703124999993,-0.006225038722537672
376,NoZsdSGnNpI$_$7,zero,V,False,0.3,38,12,1.13940431,0.4277994841337204,0.061828626406249976,0.02734375,-0.014956651914062525,0.06146484374999996,0.0767852783203125,-0.03412109374999996,0.10742186187500002,0.15859374999999998,0.044860826718750024,0.12308593749999994,-0.06256103515625,-0.03550781250000004,0.067390662169472,-0.005686848958333327,-0.054906743550501805,-0.0059179687500000066,0.00021977522765921523
377,Nrurc5sMUOE$_$5,zero,T,False,0.1,47,5,3.1943360000000003,-1.1097005158662798,1.6066895156250003,0.5929687500000002,0.2291748671875003,0.05199218750000008,1.3775146484375,0.5409765625,3.1967774062500003,0.9121093750000001,4.2374207167968745,1.410086669921875,1.0406433105468742,0.4979772949218749,0.4312364814474803,0.09016276041666667,0.32577755901987615,0.08299621582031248,0.2325432541760839
377,Nrurc5sMUOE$_$5,zero,T,False,0.2,47,10,3.1943360000000003,-1.1097005158662798,3.4897461562500003,1.0749023437500003,0.6083862929687502,0.1462011718750001,2.88135986328125,0.9287011718750002,2.2052002578125003,0.48906250000000007,3.8066284804687505,1.19946533203125,1.6014282226562502,0.71040283203125,0.9020212530115794,0.15478352864583336,0.5013335232495038,0.11840047200520833,0.41913469422803123
377,Nrurc5sMUOE$_$5,zero,T,False,0.3,47,15,3.1943360000000003,-1.1097005158662798,3.8411865859375003,1.1246032714843752,1.0747070937500003,0.2876025390625001,2.7664794921875,0.8370007324218751,1.5769043593750003,0.25703125000000004,3.2383850722656247,0.9195825195312501,1.6614807128906244,0.6625512695312501,0.8660574924272234,0.1395001220703125,0.520133195993605,0.11042521158854168,0.4090290055199206
378,Nrurc5sMUOE$_$7,zero,T,False,0.1,15,2,0.8293457,-0.2932942658662797,1.709472653125,0.17568359375000003,0.363769528125,0.03082031250000002,1.345703125,0.14486328125,1.09936523125,0.17890625000000004,1.9559341399414059,0.3694812011718751,0.8565689086914059,0.19057495117187506,1.6226062333159341,0.024143880208333333,1.0328236775903321,0.03176249186197918,0.6778340707441447
378,Nrurc5sMUOE$_$7,zero,T,False,0.2,15,3,0.8293457,-0.2932942658662797,1.9202880828125,0.17656250000000004,0.42489013359374994,0.044321289062500026,1.49539794921875,0.13224121093750002,0.805664059375,0.11835937500000004,1.9536041228515622,0.32963935852050785,1.1479400634765622,0.2112799835205078,1.803103514150053,0.02204020182291667,1.3841497934175926,0.0352133305867513,0.8111267099943285
378,Nrurc5sMUOE$_$7,zero,T,False,0.3,15,5,0.8293457,-0.2932942658662797,2.277374264453125,0.19765625000000003,1.0135192839843754,0.08641601562500004,1.2638549804687498,0.111240234375,0.28332519218749996,0.018359374999999956,1.5333465544921878,0.16210754394531252,1.2500213623046879,0.14374816894531256,1.5239163313349529,0.0185400390625,1.5072361924207185,0.023958028157552092,0.7684126477439308
379,Nrurc5sMUOE$_$8,zero,T,False,0.1,37,4,1.1775817750000002,-0.2626302033662796,2.111419665625,0.26116943359374994,0.3911193726562502,0.04651855468749995,1.72030029296875,0.21465087890625,2.096282946875,0.5560546875,2.7214050171875,0.629853515625,0.6251220703125,0.07379882812500005,1.4608741988169367,0.035775146484375,0.5308519142635217,0.012299804687500008,0.5099502660630834
379,Nrurc5sMUOE$_$8,zero,T,False,0.2,37,8,1.1775817750000002,-0.2626302033662796,2.543701159765625,0.27233810424804683,0.8752441285156252,0.09907348632812496,1.66845703125,0.17326461791992187,1.7293395875000002,0.38447265624999993,2.5828552125,0.4713671875,0.853515625,0.08689453125000007,1.4168490459195107,0.028877436319986977,0.7248030823141073,0.014482421875000012,0.5462529966071512
379,Nrurc5sMUOE$_$8,zero,T,False,0.3,37,12,1.1775817750000002,-0.2626302033662796,2.7011413453125,0.29948730468749996,1.2009475586914065,0.12620361328124996,1.5001937866210937,0.17328369140625,1.4992370484375002,0.22290039062499994,2.427096545507813,0.375360107421875,0.9278594970703127,0.15245971679687503,1.2739603690458987,0.028880615234375,0.7879356906102101,0.025409952799479173,0.5290466569224908
380,NzvNW7vP-Co$_$5,zero,T,False,0.1,47,5,2.78759766,1.1684244841337204,0.8450927771874999,0.32109374999999996,0.025366214687499868,0.024453125,0.8197265625,0.29664062499999994,0.8024902381249999,0.20156249999999998,2.0702613868066413,0.6996093749999999,1.2677711486816414,0.4980468749999999,0.2940619014718568,0.04944010416666666,0.45478969654894347,0.08300781249999999,0.22032487867186673
380,NzvNW7vP-Co$_$5,zero,T,False,0.2,47,10,2.78759766,1.1684244841337204,1.3254394568749999,0.48750000000000004,0.18950043099609362,0.06332031249999998,1.1359390258789062,0.42417968750000007,0.39794922249999987,0.06718749999999996,1.4923080481835935,0.47785156250000005,1.0943588256835937,0.4106640625000001,0.40749733531544535,0.07069661458333334,0.39258119950581183,0.06844401041666669,0.2348047899553143
380,NzvNW7vP-Co$_$5,zero,T,False,0.3,47,15,2.78759766,1.1684244841337204,1.2417907752343749,0.453125,0.2526062049218748,0.07460937499999999,0.9891845703125001,0.378515625,0.35449219124999987,0.05624999999999991,1.2624725379296873,0.38953125,0.9079803466796874,0.3332812500000001,0.35485186031496374,0.06308593750000001,0.3257213313051626,0.055546875000000016,0.1998015010300316
381,NzvNW7vP-Co$_$4,zero,T,False,0.1,16,2,0.690918,-0.12727864086627966,-0.56835934375,0.04155273437499998,-0.203466765625,0.011467285156249998,-0.364892578125,0.030085449218749984,0.14227291796874997,0.125836181640625,0.07661726787261962,0.19792877197265624,-0.06565565009613035,0.07209259033203125,-0.5281264202098943,0.005014241536458331,-0.09502655173201249,0.012015431722005207,-0.1515308246708608
381,NzvNW7vP-Co$_$4,zero,T,False,0.2,16,4,0.690918,-0.12727864086627966,-0.6243896171875,0.04521484374999998,-0.29410397265625,0.010932617187499999,-0.33028564453125,0.03428222656249998,0.21997067187499997,0.018847656249999983,0.34242378924560546,0.1196149444580078,0.12245311737060549,0.10076728820800782,-0.4780381557479964,0.0057137044270833305,0.1772322332583204,0.01679454803466797,-0.06957441750698118
381,NzvNW7vP-Co$_$4,zero,T,False,0.3,16,5,0.690918,-0.12727864086627966,-0.5643310234375,0.02529296874999999,-0.380596892578125,0.014707031249999997,-0.18373413085937496,0.010585937499999995,0.31091305468749997,0.02871093749999999,0.40410000537109375,0.06366867065429688,0.09318695068359378,0.034957733154296886,-0.2659271649200195,0.0017643229166666658,0.13487391529773213,0.005826288859049481,-0.030865659461642804
382,NzvNW7vP-Co$_$7,zero,T,False,0.1,38,4,1.16784668,0.6926432341337203,1.1356201175,0.48876953125,-0.06585082976562498,0.07689453125,1.201470947265625,0.411875,0.8175048825,0.2523437500000001,0.160052490234375,0.114287109375,-0.657452392265625,-0.1380566406250001,1.028790798527446,0.06864583333333334,-0.5629607383949464,-0.02300944010416668,0.12786661334041655
382,NzvNW7vP-Co$_$7,zero,T,False,0.2,38,8,1.16784668,0.6926432341337203,1.729125976875,0.7783203125,-0.17368431060058587,0.19043457031250002,1.902810287475586,0.5878857421875,1.27355957,0.40781250000000013,0.37657470693749995,0.17964843749999998,-0.8969848630625,-0.22816406250000015,1.6293308794136458,0.09798095703125,-0.7680666566572278,-0.038027343750000026,0.23030445900941698
382,NzvNW7vP-Co$_$7,zero,T,False,0.3,38,12,1.16784668,0.6926432341337203,0.022583008125000026,0.17617187499999998,-0.3992309567187499,0.23474609375000002,0.42181396484374994,-0.058574218750000046,0.9249267575,0.23906250000000007,0.5558135985703124,0.23697998046874996,-0.36911315892968755,-0.0020825195312501044,0.3611891962175666,-0.009762369791666675,-0.3160627582269013,-0.00034708658854168406,0.008754245402614248
383,OLP0nCKwU6k$_$6,zero,V,False,0.1,47,5,0.2651367,-0.17239582836627967,0.130371075,0.04560546875000002,0.1033447078125,0.037172851562500005,0.027026367187499997,0.008432617187500012,1.082275371875,0.24970703125000002,1.1000976374999998,0.25333984375000007,0.017822265624999778,0.0036328125000000544,0.10193332441029698,0.0014054361979166687,0.06721890408267017,0.0006054687500000091,0.042790783360220956
383,OLP0nCKwU6k$_$6,zero,V,False,0.2,47,10,0.2651367,-0.17239582836627967,0.2524413875,0.08349609375,0.22399900468750006,0.07563964843750001,0.028442382812499944,0.007856445312499988,0.9575195125,0.23261718750000002,0.9776244929687499,0.23515258789062501,0.020104980468749867,0.0025354003906249978,0.10727400446070079,0.0013094075520833314,0.07582844864668385,0.000422566731770833,0.0462086068478097
383,OLP0nCKwU6k$_$6,zero,V,False,0.3,47,15,0.2651367,-0.17239582836627967,0.3911132625,0.11948242187500001,0.35700681718750005,0.11286865234375001,0.034106445312499956,0.006613769531249994,0.80664060625,0.21076660156250002,0.8375243953124999,0.21320556640625005,0.03088378906249989,0.00243896484375003,0.12863672466231682,0.001102294921874999,0.11648207351312126,0.000406494140625005,0.061656896809484524
384,OrYBtyO0aPI$_$1,zero,T,False,0.1,17,2,0.3032226000000001,-0.2432942658662797,0.6796874437500001,0.16650390625000003,0.17780756093750014,0.025595703125,0.5018798828125,0.14090820312500002,1.3864745531250002,0.43476562500000004,1.6238707933593755,0.49828613281250006,0.23739624023437522,0.06352050781250002,1.6551478275849894,0.023484700520833336,0.7829081912963739,0.010586751302083336,0.61803186767607
384,OrYBtyO0aPI$_$1,zero,T,False,0.2,17,4,0.3032226000000001,-0.2432942658662797,0.8749999437500001,0.1736328125,0.31939691640625006,0.048917236328125016,0.55560302734375,0.124715576171875,1.1854247484375002,0.36220703125000003,1.600118962304688,0.3924847412109375,0.41469421386718786,0.030277709960937482,1.8323211891942113,0.020785929361979167,1.3676185292542788,0.00504628499348958,0.8064429832009896
384,OrYBtyO0aPI$_$1,zero,T,False,0.3,17,6,0.3032226000000001,-0.2432942658662797,1.3061522875000002,0.25914306640625,0.7504882250000001,0.11942260742187501,0.5556640625000001,0.13972045898437502,0.7141112718750001,0.09970703125000002,1.3417647752929693,0.2853970336914063,0.6276535034179692,0.18569000244140627,1.8325224768124906,0.023286743164062502,2.069936190382177,0.03094833374023438,0.9891734360247412
385,OrYBtyO0aPI$_$4,zero,T,False,0.1,6,1,1.11718746,0.5360026091337203,0.337890585,0.06796875000000002,0.10903316312500003,0.056425781249999994,0.228857421875,0.011542968750000028,0.24951175874999998,0.16796875,0.3318359455,0.11058593749999998,0.08232418675000003,-0.05738281250000002,0.2048512225725998,0.0019238281250000047,0.07368871922468662,-0.009563802083333336,0.06772499195973826
385,OrYBtyO0aPI$_$4,zero,T,False,0.2,6,2,1.11718746,0.5360026091337203,0.6376952725,0.12812499999999993,0.14631343656250007,0.05876953124999999,0.49138183593749996,0.06935546874999994,0.59423832125,0.25507812500000004,0.3126709064375,0.10949218750000003,-0.28156741481249997,-0.1455859375,0.43983790876026413,0.011559244791666657,-0.25203215472929247,-0.024264322916666668,0.04377516897649291
385,OrYBtyO0aPI$_$4,zero,T,False,0.3,6,2,1.11718746,0.5360026091337203,0.6376952725,0.12812499999999993,-0.05004886812499998,0.08173828125000002,0.687744140625,0.04638671874999992,0.59423832125,0.25507812500000004,0.371533187125,0.07978515625000002,-0.22270513412499998,-0.17529296875000003,0.6156026178653868,0.007731119791666653,-0.1993442844235967,-0.02921549479166667,0.09869348961044752
386,PboaYD5hlG8$_$10,zero,T,False,0.1,18,2,0.7666015999999999,0.5277994841337204,0.09960941249999988,0.003515625000000022,-0.08105465000000009,0.03152343749999999,0.18066406249999997,-0.028007812499999965,0.6838378531250001,0.30078125,0.40485836093750016,0.24523437499999998,-0.27897949218749996,-0.05554687500000002,0.2356684708609128,-0.004667968749999994,-0.363916704936169,-0.009257812500000004,-0.03554350383131405
386,PboaYD5hlG8$_$10,zero,T,False,0.2,18,4,0.7666015999999999,0.5277994841337204,0.12451175624999988,0.015625,-0.11774898593750009,0.056523437499999996,0.2422607421875,-0.040898437499999996,0.7182616812500001,0.27578125,0.3927611929687502,0.21750000000000003,-0.32550048828124994,-0.05828124999999995,0.31601868058822136,-0.0068164062499999995,-0.42460133618285406,-0.009713541666666659,-0.031278150877824845
386,PboaYD5hlG8$_$10,zero,T,False,0.3,18,6,0.7666015999999999,0.5277994841337204,0.20703128749999988,0.012109374999999978,-0.21083980625000015,0.09287109375,0.41787109375000003,-0.08076171875000002,0.7565917593750001,0.271875,0.31452632968750016,0.17908203125000005,-0.44206542968749996,-0.09279296874999993,0.5450948036831601,-0.013460286458333337,-0.5766552705241281,-0.015465494791666654,-0.015121562022741996
387,PboaYD5hlG8$_$3,zero,T,False,0.1,17,2,2.32153318,0.9410807341337204,0.9133300549999999,0.2933593750000001,0.11338498664062487,0.05160156250000003,0.799945068359375,0.24175781250000006,0.18066403937499986,0.009375000000000022,1.2842651135937497,0.36056640625,1.1036010742187499,0.35119140625,0.3445760459832536,0.04029296875000001,0.4753757595844442,0.05853190104166667,0.22969416883984112
387,PboaYD5hlG8$_$3,zero,T,False,0.2,17,4,2.32153318,0.9410807341337204,0.8974609143749999,0.288671875,0.1767165906445311,0.07730468750000001,0.7207443237304687,0.2113671875,0.13159177374999986,0.01953125,1.0781066663281247,0.2866601562500001,0.9465148925781248,0.2671289062500001,0.31046035416565293,0.03522786458333333,0.4077109442248767,0.04452148437500001,0.19948016183721576
387,PboaYD5hlG8$_$3,zero,T,False,0.3,17,6,2.32153318,0.9410807341337204,1.1580810315624999,0.36640625000000004,0.3270385510937498,0.11244140625000003,0.8310424804687501,0.25396484375,0.000732398749999863,0.06093750000000009,0.8303130872265623,0.21644531250000001,0.8295806884765624,0.15550781249999993,0.35797124488976945,0.042327473958333334,0.3573415785231137,0.02591796874999999,0.1958895665303041
388,PboaYD5hlG8$_$2,zero,T,False,0.1,16,2,0.059570299999999854,0.48287760913372035,-0.35546876250000015,0.09257812499999996,-0.20732423125000016,0.05427734374999997,-0.14814453125,0.038300781249999985,1.1733398562500001,0.40507812499999996,1.3469970828125,0.46140625,0.17365722656249982,0.05632812500000006,-2.4868440213659992,0.0063834635416666645,2.9151156104113936,0.009388020833333344,0.11101076835509863
388,PboaYD5hlG8$_$2,zero,T,False,0.2,16,4,0.059570299999999854,0.48287760913372035,-0.5263672000000001,0.15312499999999996,-0.3983398562500001,0.1150390625,-0.12802734375000002,0.03808593749999996,0.9086914187500001,0.31367187500000004,1.08570557890625,0.3712109375,0.17701416015624982,0.05753906249999996,-2.1491447013914473,0.006347656249999993,2.971467135285788,0.009589843749999993,0.20956498347358515
388,PboaYD5hlG8$_$2,zero,T,False,0.3,16,5,0.059570299999999854,0.48287760913372035,-0.6025390750000001,0.18125000000000002,-0.488330090625,0.1448046875,-0.11420898437500016,0.03644531250000002,0.8139648562500001,0.2796875,0.96280518828125,0.3301171875,0.1488403320312498,0.05042968750000004,-1.9171813335448518,0.006074218750000003,2.4985241556126887,0.008404947916666674,0.1489554971836259
389,PboaYD5hlG8$_$7,zero,T,False,0.1,35,4,0.6392822,0.15924479663372035,0.35168454375,0.0748046875,0.10703732695312503,0.021738281249999998,0.244647216796875,0.053066406249999996,0.5191650125,0.18183593749999996,0.8745116921875,0.298359375,0.3553466796875,0.11652343750000002,0.3826898889207084,0.008844401041666667,0.5558517409615957,0.01942057291666667,0.24170165096015936
389,PboaYD5hlG8$_$7,zero,T,False,0.2,35,7,0.6392822,0.15924479663372035,0.4586181375,0.11249999999999996,0.10842892851562506,0.03498046875,0.35018920898437494,0.07751953124999997,0.3101806375,0.12128906249999996,0.7937743875000001,0.2716015625,0.48359375000000004,0.15031250000000004,0.5477841572942553,0.012919921874999995,0.7564624723440253,0.02505208333333334,0.3355546587116535
389,PboaYD5hlG8$_$7,zero,T,False,0.3,35,11,0.6392822,0.15924479663372035,0.51770016875,0.14355468750000003,0.23879391875000006,0.06171386718750001,0.27890624999999997,0.08184082031250002,0.26818845,0.10468749999999996,0.5303222390625001,0.1915234375,0.26213378906250007,0.08683593750000004,0.4362796488316914,0.013640136718750003,0.4100432938993236,0.014472656250000007,0.21860893392494127
390,PboaYD5hlG8$_$9,zero,T,False,0.1,32,4,0.46276856,0.12623698413372034,0.4910888725,0.288671875,0.016577153749999997,0.07670532226562501,0.47451171875,0.211966552734375,1.289642339296875,0.40703125000000007,1.617803960390625,0.73748046875,0.3281616210937499,0.3304492187499999,1.0253736627577665,0.035327758789062504,0.7091253389564991,0.05507486979166665,0.45622540757374874
390,PboaYD5hlG8$_$9,zero,T,False,0.2,32,7,0.46276856,0.12623698413372034,0.3563232475,0.26640625000000007,0.15502319867187495,0.143271484375,0.20130004882812505,0.12313476562500006,1.395294194765625,0.453515625,1.2638183646875,0.6221093750000001,-0.1314758300781249,0.1685937500000001,0.43498982264115443,0.02052246093750001,-0.28410647856381244,0.02809895833333335,0.04987619083704383
390,PboaYD5hlG8$_$9,zero,T,False,0.3,32,10,0.46276856,0.12623698413372034,0.31677246625,0.26835937500000007,0.28907471234374993,0.19184570312500002,0.027697753906250067,0.07651367187500005,1.2587890678125,0.46484375,1.0226074271875,0.5328515625000001,-0.2361816406249999,0.0680078125000001,0.05985215169781277,0.012752278645833342,-0.5103655491623086,0.011334635416666683,-0.10660662085049895
391,PboaYD5hlG8$_$8,zero,T,False,0.1,33,4,3.3740235,-1.1854817658662797,1.6508789687499998,0.66796875,0.24714361718749983,0.08589843750000001,1.4037353515625,0.5820703125,4.188232484375,1.29365234375,5.349322572265623,1.7814257812500003,1.1610900878906234,0.48777343750000024,0.4160418371480408,0.09701171874999999,0.3441261579133831,0.08129557291666671,0.23461882168202264
391,PboaYD5hlG8$_$8,zero,T,False,0.2,33,7,3.3740235,-1.1854817658662797,1.8249512343749998,0.6511718750000001,0.8502442031249998,0.3176025390625,0.97470703125,0.33356933593750004,3.49267584375,1.0232421875000002,4.50375525048828,1.42282470703125,1.01107940673828,0.3995825195312499,0.2888855819659875,0.055594889322916674,0.2996656979634499,0.06659708658854165,0.17768581396022393
391,PboaYD5hlG8$_$8,zero,T,False,0.3,33,10,3.3740235,-1.1854817658662797,2.4749756484375,0.74140625,0.9713623671874998,0.31093750000000003,1.50361328125,0.43046875,2.60455328515625,0.64296875,4.0950577407226545,1.2946310424804688,1.4905044555664047,0.6516622924804688,0.44564385387539424,0.07174479166666667,0.44175863440422697,0.10861038208007813,0.2669394155065915
392,Pt-D0LUHDSc$_$2,zero,V,False,0.1,25,3,2.1379394,1.0442057341337203,0.09814447812500005,0.04218749999999982,0.023290962500000047,0.010234374999999985,0.074853515625,0.03195312499999984,0.19360346250000005,0.08124999999999993,0.45546869687500013,0.17746093749999997,0.2618652343750001,0.09621093750000004,0.035011974901171236,0.005325520833333306,0.12248481499998787,0.016035156250000005,0.044714366746123106
392,Pt-D0LUHDSc$_$2,zero,V,False,0.2,25,5,2.1379394,1.0442057341337203,0.14282221250000005,0.05859375,0.04704584531250004,0.019882812499999958,0.0957763671875,0.03871093750000004,0.13623041562500005,0.05859375,0.30550531796875013,0.12281249999999995,0.1692749023437501,0.06421874999999995,0.04479842711588218,0.006451822916666673,0.07917662360641582,0.010703124999999992,0.035282499659741166
392,Pt-D0LUHDSc$_$2,zero,V,False,0.3,25,8,2.1379394,1.0442057341337203,0.23486322812500005,0.09609374999999998,0.07922357968750005,0.03390624999999996,0.1556396484375,0.06218750000000002,0.058593696875000045,0.025781249999999867,0.22192377500000005,0.09027343749999994,0.163330078125,0.06449218750000008,0.07279887149216133,0.010364583333333337,0.07639599220118577,0.01074869791666668,0.042577036235836786
393,PwapK9d8IGk$_$4,zero,V,False,0.1,45,5,0.07861328999999995,-0.022005203366279664,0.12402344624999995,0.040380859375,0.09743653218749992,0.026693172454833984,0.026586914062500022,0.013687686920166017,0.9617920009375,0.22480468750000002,0.97441407125,0.23158691406250004,0.012622070312500067,0.006782226562500021,0.3381944181204211,0.0022812811533610027,0.16055694597636225,0.0011303710937500034,0.1255407540859736
393,PwapK9d8IGk$_$4,zero,V,False,0.2,45,9,0.07861328999999995,-0.022005203366279664,0.22851563374999995,0.06962890625,0.19189453999999992,0.0537591552734375,0.03662109375000003,0.0158697509765625,0.860748299765625,0.1970703125,0.8839828578710938,0.20585449218750002,0.023234558105468817,0.008784179687500004,0.46583253184631,0.00264495849609375,0.2955513317676574,0.0014640299479166674,0.19137321301449445
393,PwapK9d8IGk$_$4,zero,V,False,0.3,45,14,0.07861328999999995,-0.022005203366279664,0.36303711812499995,0.10615234375,0.31646729390624995,0.07996337890625,0.04656982421875,0.02618896484375001,0.7202148525,0.15976562500000002,0.7607055751562499,0.18419921875000003,0.04049072265624998,0.02443359375000001,0.5923837029978904,0.004364827473958335,0.5150555027114028,0.004072265625000002,0.2789690747020629
394,PyQrAYl1bFs$_$0,zero,T,False,0.1,9,1,0.7343749999999999,0.5906901091337203,-0.1499023437500001,0.04257812500000002,-0.08481445312500009,0.028164062500000024,-0.06508789062500002,0.014414062499999998,0.5354003906250001,0.26054687500000007,0.6144653320312501,0.2769140625,0.07906494140624998,0.016367187499999936,-0.0886301984610064,0.0024023437499999995,0.10766275233157127,0.0027278645833333226,0.006040690550974549
394,PyQrAYl1bFs$_$0,zero,T,False,0.2,9,2,0.7343749999999999,0.5906901091337203,-0.2636718750000001,0.08085937500000007,-0.1742187500000001,0.06048828125000001,-0.08945312500000002,0.020371093750000055,0.3298339843750001,0.18320312500000002,0.47825927734375007,0.21908203125000006,0.14842529296874996,0.03587890625000004,-0.12180834477161567,0.0033951822916666757,0.20211076201938785,0.005979817708333339,0.022419354311943047
394,PyQrAYl1bFs$_$0,zero,T,False,0.3,9,3,0.7343749999999999,0.5906901091337203,-0.2490234375000001,0.091796875,-0.24887695312500008,0.09072265625000005,-0.0001464843750000333,0.0010742187499999528,0.3554687500000001,0.166015625,0.3717041015625001,0.17136718750000002,0.0162353515625,0.005351562500000018,-0.00019946781349068233,0.00017903645833332546,0.02210768266187893,0.0008919270833333363,0.005744794597513728
395,PyQrAYl1bFs$_$3,zero,T,False,0.1,14,2,3.2231445,1.3637369841337204,0.21289059375000008,0.1015625,0.09833981250000008,0.03167968749999998,0.11455078125,0.06988281250000003,0.8403320000000001,0.1859375000000001,1.1264281914062502,0.30824218750000004,0.2860961914062501,0.12230468749999995,0.03554005900447249,0.011647135416666671,0.0887630395234252,0.020384114583333324,0.03908358713197442
395,PyQrAYl1bFs$_$3,zero,T,False,0.2,14,3,3.2231445,1.3637369841337204,0.24267575000000008,0.10312499999999991,0.13973385546875008,0.041874999999999975,0.10294189453125,0.061249999999999936,0.7556152031250001,0.16874999999999996,0.9673522636718751,0.26347656249999996,0.21173706054687502,0.0947265625,0.03193833307595018,0.010208333333333323,0.06569267833142345,0.015787760416666668,0.030906776289343407
395,PyQrAYl1bFs$_$3,zero,T,False,0.3,14,5,3.2231445,1.3637369841337204,0.4362792656250001,0.16484374999999996,0.2637084648437501,0.07441406249999996,0.17257080078124998,0.0904296875,0.4570312187500001,0.08437499999999987,0.6608031914062501,0.1784765625,0.20377197265625002,0.09410156250000012,0.05354111403945307,0.015071614583333332,0.06322146259182218,0.01568359375000002,0.03687944624115216
396,PyQrAYl1bFs$_$4,zero,T,False,0.1,19,2,2.63403315,1.1918619841337204,0.49304193906250005,0.19999999999999996,0.15737909726562505,0.05343749999999997,0.335662841796875,0.14656249999999998,1.477325386328125,0.431640625,2.034043831152344,0.661328125,0.5567184448242188,0.22968750000000004,0.12743298783612012,0.024427083333333332,0.21135581891533897,0.03828125000000001,0.10037428502119809
396,PyQrAYl1bFs$_$4,zero,T,False,0.2,19,4,2.63403315,1.1918619841337204,0.880828804296875,0.33515625000000004,0.30169672421875016,0.0915234375,0.5791320800781249,0.24363281250000005,0.9696044390625,0.26249999999999996,1.6398772662109375,0.5205468750000001,0.6702728271484375,0.2580468750000001,0.21986506138431228,0.040605468750000005,0.25446626314561543,0.04300781250000002,0.13948615144498194
396,PyQrAYl1bFs$_$4,zero,T,False,0.3,19,6,2.63403315,1.1918619841337204,1.1043700640625,0.40937500000000004,0.4904052203125001,0.15234375000000003,0.6139648437499999,0.25703125000000004,0.76245111875,0.19374999999999998,1.2698226397460939,0.39734375,0.5073715209960938,0.20359375000000002,0.23308917378690777,0.042838541666666674,0.1926214665804898,0.03393229166666667,0.1256203684251827
397,Q4WzApjaCNI$_$0,zero,T,False,0.1,13,2,0.12695310000000015,0.34947917163372033,0.17871091250000015,0.027148437500000067,-0.043505884374999845,0.01926757812499998,0.222216796875,0.007880859375000087,0.33496091250000015,0.03378906250000002,0.5246093500000001,0.08277343750000005,0.18964843749999993,0.048984375000000024,1.7503711725340083,0.0013134765625000145,1.4938346811957999,0.008164062500000005,0.813420848198077
397,Q4WzApjaCNI$_$0,zero,T,False,0.2,13,3,0.12695310000000015,0.34947917163372033,0.04492185000000015,0.008203124999999978,0.04174802187500015,0.015458984374999995,0.003173828125,-0.007255859375000017,0.40722653750000015,0.05839843750000007,0.35864255312500004,0.042910156250000026,-0.04858398437500011,-0.015488281250000041,0.02499980800147452,-0.001209309895833336,-0.38268936863795694,-0.00258138020833334,-0.09037006268516226
397,Q4WzApjaCNI$_$0,zero,T,False,0.3,13,4,0.12695310000000015,0.34947917163372033,0.08300778750000015,0.004492187500000022,0.04516599062500015,0.014638671874999986,0.037841796875,-0.010146484374999964,0.26074216250000015,0.025781249999999978,0.29916989687500006,0.03430664062500004,0.03842773437499991,0.00852539062500006,0.2980746338637346,-0.0016910807291666606,0.3026899830332369,0.0014208984375000098,0.1501236086513262
398,Q7S0tX4FUNA$_$4,zero,T,False,0.1,18,2,0.8251953,0.11119792163372035,0.18310545624999996,0.01992187499999999,0.038452135937499965,0.00867919921875,0.1446533203125,0.011242675781249992,0.65478514375,0.11328125000000001,0.7818603390625001,0.144951171875,0.1270751953125001,0.03166992187499999,0.17529564821424914,0.0018737792968749987,0.15399389855783419,0.0052783203124999985,0.08411041159536457
398,Q7S0tX4FUNA$_$4,zero,T,False,0.2,18,4,0.8251953,0.11119792163372035,0.32275389374999996,0.02919921874999999,0.05847166718749995,0.01681396484375,0.2642822265625,0.01238525390624999,0.27001951874999996,0.016601562499999986,0.5665649289062501,0.08852050781250001,0.29654541015625013,0.07191894531250002,0.32026588893151847,0.0020642089843749983,0.35936347528006385,0.011986490885416671,0.1734200160203435
398,Q7S0tX4FUNA$_$4,zero,T,False,0.3,18,6,0.8251953,0.11119792163372035,0.14160154999999996,9.765624999999445e-05,0.10180662812499994,0.020114746093749997,0.03979492187500003,-0.020017089843750002,0.35156248749999996,0.0470703125,0.39904783906249996,0.048264160156250006,0.0474853515625,0.0011938476562500036,0.04822479436105085,-0.0033361816406250002,0.05754430983573242,0.0001989746093750006,0.025657974291383317
399,Q7S0tX4FUNA$_$7,zero,T,False,0.1,10,1,1.5725097399999999,0.18404948413372035,0.4357909899999999,0.021484375,0.20228268921874992,0.012607421875000002,0.23350830078124996,0.008876953124999998,0.8674316149999999,0.13359374999999996,1.208837865,0.197607421875,0.34140625000000013,0.06401367187500004,0.14849393065592034,0.0014794921874999997,0.21710901001541025,0.010668945312500006,0.09443784454283265
399,Q7S0tX4FUNA$_$7,zero,T,False,0.2,10,2,1.5725097399999999,0.18404948413372035,0.3850097399999999,0.009765625,0.22559811890624992,0.014204101562499998,0.15941162109374996,-0.004438476562499998,0.8596191149999999,0.12890625,1.077148411875,0.15325195312499998,0.21752929687500022,0.02434570312499998,0.10137394743246712,-0.0007397460937499997,0.13833247134134058,0.004057617187499997,0.06075607246688943
399,Q7S0tX4FUNA$_$7,zero,T,False,0.3,10,3,1.5725097399999999,0.18404948413372035,0.7097167712499999,0.062109374999999994,0.44401852906249983,0.029404296874999993,0.26569824218750004,0.032705078125,0.5061034899999999,0.05195312499999999,0.7391235095312497,0.08192382812499999,0.23302001953124984,0.029970703124999998,0.16896434181905814,0.005450846354166667,0.14818342005807214,0.004995117187499999,0.08189843135469924
400,Q7S0tX4FUNA$_$8,zero,T,False,0.1,15,2,1.3114013900000001,-0.05179035961627967,0.7609863509375001,0.13925781250000002,0.04907839195312511,0.023621826171875002,0.711907958984375,0.11563598632812502,2.1357422103125003,0.53115234375,3.3080932845312505,0.8302148437500001,1.1723510742187502,0.2990625000000001,0.5428600438835367,0.019272664388020836,0.8939674680772468,0.04984375000000002,0.3764859815872011
400,Q7S0tX4FUNA$_$8,zero,T,False,0.2,15,3,1.3114013900000001,-0.05179035961627967,0.8074951400000001,0.16074218750000002,0.02063143150390636,0.0258984375,0.7868637084960938,0.13484375,1.8001709212500001,0.41083984375000004,2.8447937239843752,0.68986328125,1.0446228027343751,0.2790234374999999,0.6000169852489698,0.022473958333333335,0.7965692381682903,0.046503906249999984,0.36639102200014834
400,Q7S0tX4FUNA$_$8,zero,T,False,0.3,15,5,1.3114013900000001,-0.05179035961627967,1.1859131087500001,0.20869140625000002,0.3180618514257814,0.07435272216796876,0.8678512573242188,0.13433868408203126,0.7057495345312501,0.14970703125,2.1548874129492193,0.48835327148437513,1.4491378784179691,0.3386462402343751,0.6617734296825696,0.022389780680338544,1.1050291576927576,0.05644104003906252,0.4614083520236821
401,Qa6Yz62V-Yc$_$0,zero,T,False,0.1,32,4,0.35180665000000005,-0.18411457836627967,0.14501954062500005,0.06425781250000001,-0.2328018094726562,0.04595214843750001,0.37782135009765627,0.018305664062500004,1.53192139609375,0.7634765625,1.2722839449218752,0.5997656250000001,-0.25963745117187487,-0.16371093749999988,1.0739429631437982,0.0030509440104166674,-0.7380096799255924,-0.02728515624999998,0.07792476774465563
401,Qa6Yz62V-Yc$_$0,zero,T,False,0.2,32,7,0.35180665000000005,-0.18411457836627967,0.14624024375000005,0.09199218750000002,-0.21777037636718743,0.06891601562500001,0.3640106201171875,0.02307617187500001,1.3919677828125,0.7259765625,1.034179696875,0.5135449218750001,-0.3577880859375,-0.21243164062499986,1.0346864831313005,0.0038460286458333348,-1.0169991639962916,-0.035405273437499975,-0.0034679814141644564
401,Qa6Yz62V-Yc$_$0,zero,T,False,0.3,32,10,0.35180665000000005,-0.18411457836627967,-0.051513662499999946,0.1521484375,-0.09013060585937493,0.11317962646484377,0.03861694335937499,0.038968811035156245,0.7785644625000001,0.4119140625,0.7533813570312502,0.40241943359375,-0.02518310546874991,-0.009494628906250024,0.10976720761863759,0.006494801839192707,-0.07158202918199735,-0.0015824381510416707,0.01077438553119782
402,QjcQx8_PQfw$_$10,zero,T,False,0.1,24,3,2.74829102,1.1527994841337204,0.5768432660937499,0.19062500000000004,0.15307007273437492,0.04988281249999997,0.423773193359375,0.14074218750000006,1.0826416059375,0.29453125,1.759759525859375,0.511171875,0.6771179199218751,0.21664062500000003,0.15419511110008427,0.02345703125000001,0.24637771932324537,0.036106770833333336,0.11503415812666576
402,QjcQx8_PQfw$_$10,zero,T,False,0.2,24,5,2.74829102,1.1527994841337204,0.8170166059374999,0.26796875,0.22854156931640618,0.06722656249999999,0.5884750366210938,0.2007421875,0.7432861371874999,0.16640624999999998,1.5223236127734374,0.42578125,0.7790374755859375,0.259375,0.2141239112651114,0.03345703125,0.2834624086220421,0.04322916666666667,0.14356812945095504
402,QjcQx8_PQfw$_$10,zero,T,False,0.3,24,8,2.74829102,1.1527994841337204,1.16284180125,0.35039062499999996,0.46359711130859366,0.13332031249999998,0.6992446899414062,0.21707031249999997,0.4030761762499999,0.07265625000000009,1.0989135785937498,0.29328125000000005,0.6958374023437499,0.22062499999999996,0.25442881791775757,0.03617838541666666,0.2531890342365255,0.03677083333333333,0.14514176772607076
403,QjcQx8_PQfw$_$7,zero,T,False,0.1,22,3,0.6274413999999999,-0.15003254711627967,0.03808593124999993,0.040429687500000006,-0.20548706679687506,0.006977539062499999,0.243572998046875,0.03345214843750001,0.3920898374999999,0.26093750000000004,0.3207763609375,0.18960262298583985,-0.07131347656249992,-0.07133487701416019,0.38819977426912017,0.005575358072916668,-0.11365740753653232,-0.011889146169026699,0.06705714465911945
403,QjcQx8_PQfw$_$7,zero,T,False,0.2,22,5,0.6274413999999999,-0.15003254711627967,0.006591790624999927,0.050683593750000006,-0.2865478578125,0.017319335937500003,0.2931396484374999,0.033364257812500006,0.17626952499999993,0.18955078125000002,0.11744994554687493,0.11889841079711916,-0.05881957945312499,-0.07065237045288086,0.4671977036258626,0.005560709635416668,-0.09374498671611131,-0.011775395075480144,0.09180950786742195
403,QjcQx8_PQfw$_$7,zero,T,False,0.3,22,7,0.6274413999999999,-0.15003254711627967,-0.07385254531250007,0.035742187499999994,-0.35432434707031246,0.014443359375000003,0.2804718017578124,0.021298828124999992,0.05590820937500007,0.11611328125,0.08267517339843752,0.07461669921875,0.02676696402343745,-0.04149658203125001,0.4470080468865547,0.0035498046874999985,0.04266043229376506,-0.006916097005208334,0.12157554671565285
404,QpchvHpGFc8$_$3,zero,T,False,0.1,23,3,0.6408691499999999,0.12955729663372034,0.4123535249999999,0.07138671875,0.026025399999999886,0.025490722656250003,0.386328125,0.04589599609374999,0.08337403281249989,0.12738037109375,0.557617196875,0.08018432617187501,0.4742431640625001,-0.047196044921874986,0.602818098174802,0.007649332682291665,0.7399988344947883,-0.007866007486979165,0.3356500644662257
404,QpchvHpGFc8$_$3,zero,T,False,0.2,23,5,0.6408691499999999,0.12955729663372034,0.5173339937499999,0.0923828125,0.05652466757812489,0.03680419921875001,0.460809326171875,0.05557861328124999,0.1751708890625001,0.176318359375,0.3623046940625,0.09310699462890626,0.18713380499999988,-0.08321136474609375,0.719036962748031,0.009263102213541664,0.2919995649664755,-0.013868560791015625,0.2516077672842581
404,QpchvHpGFc8$_$3,zero,T,False,0.3,23,7,0.6408691499999999,0.12955729663372034,0.5944824312499999,0.1119140625,0.016436776953124888,0.03293457031250001,0.578045654296875,0.07897949218749999,0.2824706937500001,0.17807617187500002,0.363604741015625,0.07395050048828125,0.0811340472656249,-0.10412567138671877,0.901970007960076,0.013163248697916664,0.12659982254693078,-0.017354278564453127,0.25609470016011754
405,RArhIHk4Qs4$_$13,zero,V,False,0.1,12,2,0.041473389,0.17467448413372036,-0.136779784828125,0.021582031249999994,-0.12812347379296873,0.02148925781249999,-0.008656311035156267,9.277343750000583e-05,0.514587402015625,0.16484375000000004,0.5227127071914063,0.16687499999999997,0.00812530517578125,0.002031249999999929,-0.2087146126530343,1.5462239583334304e-05,0.1959113894548573,0.0003385416666666548,-0.0031123048229817437
405,RArhIHk4Qs4$_$13,zero,V,False,0.2,12,3,0.041473389,0.17467448413372036,-0.185607909828125,0.03398437499999998,-0.16391448941796874,0.03311035156249999,-0.02169342041015626,0.0008740234374999961,0.44470214810937503,0.13984375000000002,0.47463836637109375,0.14549804687499998,0.029936218261718717,0.0056542968749999645,-0.523055816691025,0.00014567057291666602,0.7218001032328341,0.0009423828124999941,0.04995808498180645
405,RArhIHk4Qs4$_$13,zero,V,False,0.3,12,4,0.041473389,0.17467448413372036,-0.223754882484375,0.04726562499999998,-0.21705474820703125,0.05015624999999999,-0.0067001342773437556,-0.0028906250000000147,0.39822387662500003,0.12050781249999995,0.40664672818750003,0.118701171875,0.0084228515625,-0.0018066406249999528,-0.16154871569883175,-0.0004817708333333358,0.2030856093503873,-0.0003011067708333255,0.010188504011847222
406,RArhIHk4Qs4$_$17,zero,T,False,0.1,6,1,3.5419922,-1.0878255158662797,0.7255859500000001,0.29296875,0.36767579375000015,0.13265624999999998,0.35791015625,0.16031250000000002,2.2285156375,0.4375,3.0787323123046884,0.7060742187500002,0.8502166748046882,0.2685742187500002,0.10104766893680088,0.026718750000000003,0.24003904773297932,0.0447623697916667,0.10314195911536173
406,RArhIHk4Qs4$_$17,zero,T,False,0.2,6,2,3.5419922,-1.0878255158662797,2.26220704375,0.7857421875,0.8664550906249999,0.20187499999999997,1.3957519531250002,0.5838671875000001,0.7314453250000001,0.12421875000000004,1.9335449343750004,0.3676953125,1.2020996093750003,0.24347656249999994,0.3940583378660919,0.09731119791666669,0.3393850697892362,0.04057942708333332,0.217833508163832
406,RArhIHk4Qs4$_$17,zero,T,False,0.3,6,2,3.5419922,-1.0878255158662797,2.26220704375,0.7857421875,0.5735595828125,0.18967773437500005,1.6886474609375002,0.596064453125,0.7314453250000001,0.12421875000000004,2.7386810427734383,0.6964422607421877,2.007235717773438,0.5722235107421877,0.4767506219203075,0.09934407552083334,0.5666966604491047,0.09537058512369795,0.30954048575348586
407,RArhIHk4Qs4$_$16,zero,T,False,0.1,20,2,1.61654662,-0.48821614086627974,1.255218495,0.2962890625000001,0.1100662122851563,0.03332031250000002,1.1451522827148437,0.2629687500000001,1.320404041875,0.13984375000000004,2.312760914433594,0.49440574645996105,0.9923568725585941,0.354561996459961,0.7083937822474068,0.043828125000000016,0.613874197259091,0.05909366607666017,0.3562974426457895
407,RArhIHk4Qs4$_$16,zero,T,False,0.2,20,4,1.61654662,-0.48821614086627974,2.0144958387500003,0.39042968750000007,0.5150482069140625,0.0977734375,1.4994476318359378,0.29265625000000006,0.625579823125,0.09414062499999998,1.8233276258593754,0.2960104370117188,1.1977478027343753,0.20186981201171883,0.9275616834819489,0.04877604166666668,0.7409294894352542,0.0336449686686198,0.4377280458131224
407,RArhIHk4Qs4$_$16,zero,T,False,0.3,20,6,1.61654662,-0.48821614086627974,2.4024352918750003,0.42802734375000007,0.6537368665820311,0.1075146484375,1.7486984252929691,0.32051269531250004,0.38378905164062505,0.12460937500000002,1.6621047865039067,0.23830322265625004,1.2783157348632816,0.11369384765625001,1.0817487859052177,0.05341878255208334,0.7907689937790274,0.018948974609375002,0.48622138421142586
408,RArhIHk4Qs4$_$19,zero,T,False,0.1,10,1,2.0648498290000004,0.04645182788372034,0.02087399892187536,0.008642578125000001,-0.02558596201562464,0.01005615234375,0.0464599609375,-0.001413574218749998,0.6870422118125004,0.04013671875,0.6617991440711062,0.025974121093750004,-0.025243067741394176,-0.014162597656249998,0.022500395808253318,-0.00023559570312499967,-0.012225128995695684,-0.002360432942708333,0.0019198095416810752
408,RArhIHk4Qs4$_$19,zero,T,False,0.2,10,2,2.0648498290000004,0.04645182788372034,0.03662106923437536,0.015820312500000003,-0.003987146097655892,0.018717956542968754,0.04060821533203125,-0.0028976440429687514,0.43215939931250036,0.011083984375000001,0.3951354735312503,0.010732421875,-0.03702392578125008,-0.0003515625000000012,0.019666415976256096,-0.00048294067382812525,-0.01793055714304584,-5.8593750000000194e-05,0.00029858110234553273
408,RArhIHk4Qs4$_$19,zero,T,False,0.3,10,3,2.0648498290000004,0.04645182788372034,0.05703732900000036,0.018676757812500003,0.0074386351523441085,0.02328304290771485,0.04959869384765625,-0.004606285095214848,0.22622678212500036,0.016918945312500003,0.19569699696875037,0.021773328781127928,-0.03052978515624999,0.004854383468627925,0.024020473126224188,-0.000767714182535808,-0.014785467660652004,0.0008090639114379875,0.002319088798618591
409,RArhIHk4Qs4$_$1,zero,T,False,0.1,36,4,0.45263672999999993,0.20260417163372035,0.49755860499999993,0.061718750000000044,0.24274903468749995,0.019272460937499993,0.25480957031249996,0.04244628906250005,0.32128907374999993,0.03691406250000001,0.68004151515625,0.0561083984375,0.35875244140625007,0.019194335937499987,0.5629437261283986,0.007074381510416675,0.7925818322883736,0.003199055989583331,0.34144974897919306
409,RArhIHk4Qs4$_$1,zero,T,False,0.2,36,8,0.45263672999999993,0.20260417163372035,0.7231445424999999,0.0927734375,0.30874024562499996,0.02353515625,0.41440429687499997,0.06923828125,0.09716797999999993,0.05839843750000001,0.6014526479687501,0.05498535156250002,0.5042846679687502,-0.0034130859374999906,0.9155319351636905,0.011539713541666668,1.114102149568376,-0.0005688476562499984,0.5101512376543708
409,RArhIHk4Qs4$_$1,zero,T,False,0.3,36,11,0.45263672999999993,0.20260417163372035,0.8662109487499999,0.11992187499999996,0.37844239406249996,0.031557617187500005,0.48776855468749997,0.08836425781249996,0.06445311375000007,0.08193359375,0.49987794093749993,0.046093749999999996,0.43542482718749986,-0.03583984375000001,1.077613557949533,0.014727376302083326,0.961972010569026,-0.005973307291666668,0.5120849093822439
410,RArhIHk4Qs4$_$2,zero,T,False,0.1,30,3,1.51123048,-0.48626301586627974,2.530517589375,0.7228515625,0.25252076320312505,0.08156250000000002,2.277996826171875,0.6412890625000001,1.4700927846875,0.31445312500000006,2.8868530385937503,0.7976953125,1.4167602539062503,0.4832421875,1.5073778281616228,0.10688151041666667,0.9374872563574776,0.08054036458333333,0.6580717398797751
410,RArhIHk4Qs4$_$2,zero,T,False,0.2,30,6,1.51123048,-0.48626301586627974,2.643798839375,0.7107421875000001,0.8311126821484376,0.19064453125000008,1.8126861572265625,0.5200976562499999,1.174957286640625,0.23847656250000007,2.6584411733593756,0.70466796875,1.4834838867187505,0.46619140625,1.1994761763608595,0.08668294270833332,0.9816390846482039,0.07769856770833333,0.5863741928564326
410,RArhIHk4Qs4$_$2,zero,T,False,0.3,30,9,1.51123048,-0.48626301586627974,2.647705089375,0.6250976562500001,1.1204025381054692,0.2648535156250001,1.5273025512695309,0.36024414062500004,1.266082774921875,0.30761718750000006,2.527169811054688,0.6432519531250002,1.261087036132813,0.3356347656250001,1.0106344206577347,0.060040690104166676,0.8344764206028934,0.05593912760416669,0.49027266474224035
411,RArhIHk4Qs4$_$7,zero,V,False,0.1,14,2,0.02148440000000007,0.3274088591337203,0.11132815000000007,0.01796875000000009,0.06655275937500008,0.018261718750000024,0.044775390624999994,-0.0002929687499999348,0.36816408750000007,0.12226562500000004,0.3761230718750001,0.11617187500000004,0.007958984375000033,-0.006093750000000009,2.08399148375175,-4.882812499998913e-05,0.3704368722481316,-0.0010156250000000016,0.6133409757187204
411,RArhIHk4Qs4$_$7,zero,V,False,0.2,14,3,0.02148440000000007,0.3274088591337203,0.15429690000000007,0.03125,0.09140627500000006,0.025439453125000032,0.062890625,0.005810546874999968,0.32617190000000007,0.10039062500000007,0.3166015875000001,0.09523437500000002,-0.009570312499999956,-0.005156250000000043,2.9271330764146724,0.0009684244791666614,-0.4454332942370132,-0.0008593750000000072,0.6204522079142064
411,RArhIHk4Qs4$_$7,zero,V,False,0.3,14,5,0.02148440000000007,0.3274088591337203,0.21972658750000007,0.05136718750000002,0.1294433843750001,0.03280273437500004,0.09028320312499996,0.018564453124999984,0.25097658750000007,0.06914062500000007,0.2692383062500001,0.07293945312500005,0.018261718750000044,0.0037988281249999867,4.202072250225719,0.003094075520833331,0.849959449207368,0.0006331380208333311,1.2639397282436884
412,RArhIHk4Qs4$_$6,zero,T,False,0.1,26,3,1.95422362,-0.5757161408662798,0.983520495,0.2328125000000001,0.0507766595507813,0.061992187500000004,0.9327438354492188,0.17082031250000007,1.1491699090625,0.12617187500000004,2.091122423710938,0.46028991699218763,0.9419525146484378,0.3341180419921876,0.47729612343601463,0.028470052083333346,0.48200831419698204,0.055686340332031264,0.26086520751209036
412,RArhIHk4Qs4$_$6,zero,T,False,0.2,26,6,1.95422362,-0.5757161408662798,1.089233385625,0.21406250000000004,0.20207823425781254,0.0765625,0.8871551513671875,0.13750000000000004,0.73107908875,0.11289062500000002,1.6991424432421876,0.26623291015625006,0.9680633544921875,0.15334228515625004,0.4539678511302286,0.022916666666666672,0.49536954175318265,0.02555704752604167,0.2494527767690299
412,RArhIHk4Qs4$_$6,zero,T,False,0.3,26,8,1.95422362,-0.5757161408662798,1.5880126825,0.28886718750000007,0.40142210632812514,0.09955078125000001,1.186590576171875,0.18931640625000007,0.30249022156250005,0.248046875,1.3238052240039064,0.17247314453125,1.0213150024414064,-0.07557373046874999,0.6071925223068139,0.03155273437500001,0.522619043885245,-0.012595621744791665,0.2871921697055669
413,RArhIHk4Qs4$_$8,zero,T,False,0.1,8,1,2.4594726,-0.5847005158662797,3.0106200609375,1.19765625,0.4111022386718748,0.139765625,2.599517822265625,1.0578906250000002,2.828369084375,0.21757812499999996,3.386228886621093,0.73854248046875,0.5578598022460932,0.5209643554687501,1.0569407300267932,0.1763151041666667,0.22682081330171353,0.08682739257812501,0.38672601001832463
413,RArhIHk4Qs4$_$8,zero,T,False,0.2,8,2,2.4594726,-0.5847005158662797,3.5960692796875,1.3875000000000002,0.8769286546874998,0.25031250000000005,2.719140625,1.1371875,1.7438964281249998,0.08125000000000004,3.0786132249999993,0.730111083984375,1.3347167968749996,0.6488610839843749,1.105578293257549,0.18953125,0.5426839291444314,0.10814351399739582,0.4864842465998441
413,RArhIHk4Qs4$_$8,zero,T,False,0.3,8,3,2.4594726,-0.5847005158662797,4.034423771875,1.5171875,1.4221084032226556,0.4162841796875,2.612315368652344,1.1009033203124998,0.8699950609374998,0.328125,2.8652556810546868,0.7924101257324219,1.995260620117187,0.46428512573242187,1.062144098091699,0.18348388671874996,0.8112551483037619,0.07738085428873698,0.5335659968507369
414,RArhIHk4Qs4$_$21,zero,A,False,0.1,7,1,1.36767577,0.6637369841337204,0.031249988749999957,0.024218750000000067,0.023999012187499957,0.02539062500000005,0.007250976562500001,-0.001171874999999982,0.13916014499999996,0.13750000000000007,0.14414061374999995,0.13734375000000007,0.0049804687499999944,-0.00015624999999999667,0.005301674139350924,-0.000195312499999997,0.0036415539543016404,-2.6041666666666113e-05,0.0021804684817464757
414,RArhIHk4Qs4$_$21,zero,A,False,0.2,7,2,1.36767577,0.6637369841337204,0.05957030124999996,0.05312500000000009,0.054858387187499955,0.05730468750000004,0.004711914062500003,-0.0041796874999999525,0.12060545749999996,0.12031250000000004,0.12028807468749995,0.11722656250000005,-0.0003173828125000028,-0.0030859374999999967,0.0034451956528442048,-0.0006966145833333255,-0.0002320598108133421,-0.0005143229166666661,0.0005005495855077178
414,RArhIHk4Qs4$_$21,zero,A,False,0.3,7,3,1.36767577,0.6637369841337204,0.12939451999999996,0.08554687500000002,0.06511229343749995,0.07791015625000006,0.0642822265625,0.007636718749999966,0.04052733249999996,0.08906250000000004,0.10612791843749995,0.09763671875000005,0.0656005859375,0.008574218750000001,0.04700103706704034,0.0012727864583333276,0.0479649778196496,0.0014290364583333336,0.024416959450839153
415,ROcTx5VEn7o$_$11,zero,T,False,0.1,35,4,1.00366215,0.16510417163372035,0.27661136875000003,0.04511718749999999,0.07866215000000003,0.010117187500000003,0.19794921875,0.03499999999999999,0.953613321875,0.188037109375,1.1319214273437501,0.05371337890625001,0.1783081054687501,-0.13432373046875,0.19722674758956726,0.005833333333333332,0.17765732005678408,-0.022387288411458334,0.08958252814205658
415,ROcTx5VEn7o$_$11,zero,T,False,0.2,35,7,1.00366215,0.16510417163372035,0.37524418125000003,0.051171875000000006,0.09149173984375003,0.01969238281250001,0.28375244140625,0.0314794921875,0.705566446875,0.210595703125,0.9917114664062501,0.0404931640625,0.28614501953125004,-0.1701025390625,0.28271680733346644,0.00524658203125,0.2851006530739422,-0.028350423177083334,0.1361784048153938
415,ROcTx5VEn7o$_$11,zero,T,False,0.3,35,11,1.00366215,0.16510417163372035,0.36791996250000003,0.017968750000000006,0.21397709140625007,0.02548828125,0.15394287109374996,-0.007519531249999996,0.56079105625,0.111962890625,0.7005859781250001,0.053922119140625,0.1397949218750001,-0.058040771484375,0.1533810134343878,-0.0012532552083333326,0.13928470112208474,-0.0096734619140625,0.07043474935851918
416,ROcTx5VEn7o$_$1,zero,T,False,0.1,12,2,1.55688473,0.18248698413372036,0.09765621437499994,0.0038085937500000056,0.04760738624999994,0.005625000000000002,0.050048828125,-0.0018164062499999968,0.5517577768749999,0.030371093750000022,0.5569579721875,0.01740234375000001,0.005200195312500044,-0.012968750000000012,0.03214675756903495,-0.00030273437499999946,0.003340126518148538,-0.002161458333333335,0.008255672844712536
416,ROcTx5VEn7o$_$1,zero,T,False,0.2,12,3,1.55688473,0.18248698413372036,0.10058590187499994,0.008007812500000017,0.03320308937499994,0.011953125000000012,0.0673828125,-0.003945312499999996,0.45678707374999994,0.02714843750000001,0.42410885109374996,0.015361328125000009,-0.03267822265624998,-0.011787109375000002,0.043280512629529984,-0.0006575520833333326,-0.020989480490806466,-0.001964518229166667,0.00491724045655588
416,ROcTx5VEn7o$_$1,zero,T,False,0.3,12,4,1.55688473,0.18248698413372036,0.12353512062499994,0.014062500000000006,0.09801021828124994,0.010244140625000009,0.025524902343750003,0.0038183593749999967,0.30346676124999994,0.02226562500000001,0.30240474953124996,0.02066894531250001,-0.0010620117187499778,-0.0015966796875000015,0.016394846360207826,0.0006363932291666661,-0.0006821385142697518,-0.00026611328125000024,0.004020746948463686
417,ROcTx5VEn7o$_$5,zero,T,False,0.1,24,3,0.68994144,-0.12532551586627966,0.15136722125000002,0.05527343750000002,-0.029467739687499984,0.03656738281250001,0.1808349609375,0.018706054687500015,0.25781253375,0.012304687499999994,0.24983218707031254,0.06831054687500002,-0.007980346679687472,0.05600585937500002,0.2621015181172215,0.0031176757812500025,-0.011566684721826174,0.009334309895833337,0.06574670476811967
417,ROcTx5VEn7o$_$5,zero,T,False,0.2,24,5,0.68994144,-0.12532551586627966,0.29687503375,0.12031250000000002,-0.14436642132812497,0.050554199218750005,0.44124145507812496,0.06975830078125,0.007446255312499983,0.03486328124999999,0.20828096844921878,0.1410595703125,0.2008347131367188,0.1061962890625,0.6395337197667169,0.011626383463541667,0.2910890843832114,0.017699381510416667,0.23998714228097168
417,ROcTx5VEn7o$_$5,zero,T,False,0.3,24,8,0.68994144,-0.12532551586627966,0.44921878375,0.19335937500000006,-0.04027248822265623,0.084716796875,0.48949127197265624,0.10864257812500006,0.20214840374999998,0.06279296875,0.19107359827343745,0.10012207031250002,-0.011074805476562533,0.03732910156250002,0.7094668244682212,0.018107096354166675,-0.01605178176394328,0.006221516927083337,0.17943591399638198
418,ROcTx5VEn7o$_$9,zero,T,False,0.1,15,2,1.65621952,0.05445964038372034,0.035583533671875056,0.025732421874999998,0.014379920390625056,0.012723388671874999,0.02120361328125,0.013009033203125,0.9367370981250001,0.045051956176757814,0.8848877328906252,0.09139450073242188,-0.05184936523437489,0.04634254455566406,0.012802409477000079,0.0021681722005208333,-0.0313058343428657,0.0077237574259440105,-0.0021528738098501943
418,ROcTx5VEn7o$_$9,zero,T,False,0.2,15,3,1.65621952,0.05445964038372034,0.11090091648437506,0.04528026580810547,0.042592276958007866,0.011915283203125,0.06830863952636719,0.03336498260498047,0.7834167856250001,0.0302734375,0.7677933115039064,0.101004638671875,-0.015623474121093661,0.070731201171875,0.041243686273351565,0.005560830434163412,-0.009433208882772243,0.011788533528645832,0.012289960338347141
418,ROcTx5VEn7o$_$9,zero,T,False,0.3,15,5,1.65621952,0.05445964038372034,0.24511722507812506,0.0722900390625,0.1390215057406617,0.0234722900390625,0.10609571933746337,0.04881774902343751,0.49374393406250006,0.0244384765625,0.5003067392382814,0.08479446411132813,0.006562805175781339,0.06035598754882813,0.06405893300818623,0.008136291503906252,0.003962518937865435,0.01005933125813802,0.021554268677023983
419,RrGpzInAwCg$_$0,zero,T,False,0.1,17,2,0.36474613999999994,0.41881510913372033,-0.27734370375000006,0.07187500000000002,-0.18967280531250008,0.052773437500000034,-0.08767089843749998,0.01910156249999999,1.0850829615625002,0.3671875,1.19999995375,0.41046875000000005,0.11491699218749973,0.04328125000000005,-0.24036075632423054,0.003183593749999998,0.31505933723702334,0.0072135416666666745,0.021273929082364865
419,RrGpzInAwCg$_$0,zero,T,False,0.2,17,4,0.36474613999999994,0.41881510913372033,-0.43798823500000006,0.12148437499999998,-0.33535151625,0.10138671875000001,-0.10263671875000008,0.02009765624999997,0.8910521998437501,0.301171875,1.00958247328125,0.34591796874999997,0.11853027343749989,0.04474609374999999,-0.2813914284564373,0.003349609374999995,0.32496560065556623,0.007457682291666666,0.013595365966448907
419,RrGpzInAwCg$_$0,zero,T,False,0.3,17,6,0.36474613999999994,0.41881510913372033,-0.5754394068750001,0.17070312499999996,-0.5123290553125002,0.15876953125000004,-0.06311035156249989,0.011933593749999916,0.7208251490625001,0.25234375,0.800653029921875,0.271875,0.07982788085937498,0.01953125,-0.17302493876305625,0.0019889322916666527,0.21885814062688744,0.0032552083333333335,0.012769335622207797
420,RzOFxDk26p0$_$1,zero,T,False,0.1,46,5,3.5175781,1.5723307341337205,0.7126464593750002,0.2835937500000001,0.10371091250000015,0.03300781250000009,0.608935546875,0.2505859375,1.2536620843750002,0.4281250000000001,2.340286229882813,0.8459570312500002,1.086624145507813,0.4178320312500001,0.17311211192805867,0.04176432291666667,0.30891249766289913,0.06963867187500002,0.14835690109565614
420,RzOFxDk26p0$_$1,zero,T,False,0.2,46,10,3.5175781,1.5723307341337205,1.1325683343750002,0.44453125000000004,0.28862302187500005,0.09722656250000007,0.8439453125,0.3473046875,0.8540038812500002,0.2679687500000001,1.6216415155273443,0.5635156250000003,0.7676376342773441,0.2955468750000002,0.2399221989066287,0.05788411458333333,0.21822896158251112,0.04925781250000003,0.1413232718931183
420,RzOFxDk26p0$_$1,zero,T,False,0.3,46,14,3.5175781,1.5723307341337205,1.3446044671875002,0.5101562500000001,0.38109128359375005,0.12890625000000006,0.96351318359375,0.38125000000000003,0.6411132562500002,0.20078125000000013,1.3180724847656253,0.45031250000000017,0.6769592285156252,0.24953125000000004,0.27391372196683506,0.06354166666666668,0.19245032144852836,0.04158854166666667,0.1428735629371742
421,RzOFxDk26p0$_$0,zero,V,False,0.1,24,3,1.50488278,0.15182292163372035,0.033447233124999975,0.022851562500000006,0.030468717499999975,0.018408203124999994,0.0029785156250000007,0.004443359375000011,0.51806637375,0.1845703125,0.5150878581249998,0.1844140625,-0.0029785156250001776,-0.00015624999999999667,0.0019792329910021363,0.0007405598958333351,-0.001979232991002254,-2.6041666666666113e-05,0.00017862955729163786
421,RzOFxDk26p0$_$0,zero,V,False,0.2,24,5,1.50488278,0.15182292163372035,0.09155270187499998,0.043554687499999994,0.08472897140624998,0.0397216796875,0.006823730468749997,0.0038330078124999972,0.48974606125,0.17246093750000002,0.4950194987499998,0.173037109375,0.005273437499999811,0.0005761718749999756,0.004534390335943416,0.0006388346354166662,0.0035042157873479184,9.602864583332926e-05,0.0021933673511353325
421,RzOFxDk26p0$_$0,zero,V,False,0.3,24,8,1.50488278,0.15182292163372035,0.19580074874999998,0.0767578125,0.17694088546874998,0.06965820312500001,0.01885986328125,0.007099609374999982,0.40966793625,0.146484375,0.4255126628125,0.1501953125,0.015844726562500022,0.003710937500000011,0.012532438406140574,0.0011832682291666636,0.010528870583281868,0.0006184895833333351,0.006215766700480611
422,SHa756SwGJQ$_$0,zero,T,False,0.1,16,2,1.14611814,0.16813151538372034,0.424194311875,0.03515625,0.2225097415625,0.018056640625000002,0.2016845703125,0.017099609374999998,1.09484860875,0.26669921874999997,1.3657714603124997,0.3226953125,0.27092285156249973,0.05599609375000003,0.1759717321468866,0.002849934895833333,0.23638280010095614,0.009332682291666672,0.10613428735883569
422,SHa756SwGJQ$_$0,zero,T,False,0.2,16,4,1.14611814,0.16813151538372034,0.6763915775,0.08369140624999999,0.4791503665625001,0.0566162109375,0.1972412109374999,0.027075195312499988,0.61633298375,0.13232421875000006,0.9118041751562499,0.18944335937499998,0.2954711914062499,0.057119140624999926,0.17209485825138557,0.004512532552083331,0.257801463298353,0.009519856770833321,0.11098217771816382
422,SHa756SwGJQ$_$0,zero,T,False,0.3,16,5,1.14611814,0.16813151538372034,0.82434079625,0.10712890624999999,0.4479491946875001,0.05556640625000002,0.3763916015624999,0.05156249999999997,0.40637204625,0.08798828124999997,0.9186889407812497,0.18321289062499999,0.5123168945312497,0.09522460937500002,0.328405301356803,0.008593749999999995,0.4470014300007674,0.01587076822916667,0.1999678123966843
423,SHa756SwGJQ$_$2,zero,V,False,0.1,30,3,1.0541992,0.6801432341337204,0.1215820125,0.04062500000000002,0.048071270312500004,0.016249999999999987,0.0735107421875,0.024375000000000036,0.1743163875,0.05859375,0.44062498124999994,0.13390625000000003,0.26630859374999993,0.07531250000000003,0.06973129220379584,0.004062500000000006,0.25261671715676015,0.012552083333333339,0.08474064817347234
423,SHa756SwGJQ$_$2,zero,V,False,0.2,30,6,1.0541992,0.6801432341337204,0.3198242,0.10546875,0.075537090625,0.024531249999999998,0.244287109375,0.0809375,0.030761700000000003,0.016015624999999978,0.34863279375000006,0.11025390625000005,0.31787109375000006,0.09423828125000007,0.23172743599839957,0.013489583333333333,0.30152820474706804,0.015706380208333346,0.14061290107178356
423,SHa756SwGJQ$_$2,zero,V,False,0.3,30,9,1.0541992,0.6801432341337204,0.5043945125,0.16132812500000004,0.12194822343750004,0.03958984374999999,0.38244628906249994,0.12173828125000005,0.018066424999999997,0.0015625000000000222,0.25307615312500004,0.08296875000000001,0.23500972812500004,0.08140624999999999,0.362783358476407,0.020289713541666674,0.22292703807587977,0.013567708333333331,0.1548919546068217
424,SHa756SwGJQ$_$4,zero,T,False,0.1,15,2,2.3691406,-0.7253255158662797,0.8790282953125002,0.21601562499999993,0.17484128359375015,0.021699218750000044,0.70418701171875,0.19431640624999988,2.64013669375,0.35234374999999996,3.761325048242187,0.7246253013610839,1.1211883544921868,0.372281551361084,0.29723297742893456,0.03238606770833331,0.47324666220549527,0.06204692522684733,0.21622815814240262
424,SHa756SwGJQ$_$4,zero,T,False,0.2,15,3,2.3691406,-0.7253255158662797,1.1615295160156252,0.24140625000000004,0.5527847040039063,0.07691406250000002,0.6087448120117188,0.16449218750000003,2.2841796625,0.25625,3.3217315423828127,0.5778308296203614,1.0375518798828125,0.3215808296203614,0.2569474158960016,0.027415364583333338,0.4379442241370513,0.053596804936726895,0.19397595238827828
424,SHa756SwGJQ$_$4,zero,T,False,0.3,15,5,2.3691406,-0.7253255158662797,3.3892822015625,0.596484375,1.2754073846679692,0.14633789062499997,2.1138748168945307,0.450146484375,1.2119445550781252,0.028124999999999956,2.7067886102539065,0.43435043334960943,1.4948440551757813,0.4062254333496095,0.8922534714237977,0.0750244140625,0.6309644198454754,0.06770423889160158,0.4164866360558437
425,SHa756SwGJQ$_$7,zero,T,False,0.1,16,2,0.11572263999999999,-0.13489582836627967,0.1831054525,0.01953125,-0.126409928359375,0.03302795410156251,0.309515380859375,-0.013496704101562507,0.03466798500000001,0.5216796875,0.17188720378125,0.4670898437499999,0.13721921878124999,-0.054589843750000144,2.6746080650364528,-0.002249450683593751,1.1857492451952774,-0.00909830729166669,0.9622523880641174
425,SHa756SwGJQ$_$7,zero,T,False,0.2,16,4,0.11572263999999999,-0.13489582836627967,0.25781248375,0.06816406250000001,-0.3721389933007814,0.06618499755859375,0.6299514770507814,0.001979064941406261,0.07617189125000001,0.5439453125,0.26883698159765623,0.35773437500000005,0.19266509034765622,-0.18621093749999995,5.443585053587853,0.0003298441569010435,1.6648723661617992,-0.03103515624999999,1.7694380269141383
425,SHa756SwGJQ$_$7,zero,T,False,0.3,16,5,0.11572263999999999,-0.13489582836627967,0.19042967125,0.12753906250000002,-0.33836213783203134,0.09151840209960938,0.5287918090820314,0.03602066040039065,0.04687498374999999,0.5333984375,0.44700776446484386,0.2674008560180664,0.40013278071484387,-0.26599758148193364,4.569436366519679,0.006003443400065108,3.4576580957429606,-0.04433293024698894,1.9971912438539288
426,SHa756SwGJQ$_$6,zero,T,False,0.1,13,2,0.5014648,0.4434244841337204,0.34667964375000004,0.09257812499999996,-0.04739994609374997,0.06672851562499998,0.39407958984375,0.02584960937499997,0.11865238749999996,0.06015625000000002,0.44859616078125014,0.13318359375,0.3299437732812502,0.07302734374999997,0.7858553660962522,0.004308268229166662,0.6579586749111308,0.01217122395833333,0.36507338329872074
426,SHa756SwGJQ$_$6,zero,T,False,0.2,13,3,0.5014648,0.4434244841337204,0.5102538625,0.125,0.19001460468750003,0.07960937499999998,0.3202392578125,0.04539062500000002,0.21044926249999996,0.083984375,0.26871337890625,0.096650390625,0.058264116406250066,0.012666015624999999,0.6386063771696893,0.00756510416666667,0.11618761719393438,0.0021110026041666666,0.19111752528361423
426,SHa756SwGJQ$_$6,zero,T,False,0.3,13,4,0.5014648,0.4434244841337204,0.75781245625,0.17109374999999993,0.049755815625000026,0.07916992187500001,0.7080566406250001,0.09192382812499993,0.29907230937499996,0.04960937500000007,0.38443602203125,0.12357421874999999,0.08536371265625003,0.07396484374999993,1.411973938452034,0.01532063802083332,0.17022838378260297,0.012327473958333321,0.4024626085534509
427,TH32jop4FiI$_$15,zero,T,False,0.1,22,3,0.6760254299999999,-0.15237629711627967,0.7966308987499999,0.09624023437500001,0.23671878937499996,0.017299804687499996,0.5599121093749999,0.07894042968750001,0.8151855862499999,0.131884765625,1.301124612128906,0.26558471679687495,0.48593902587890603,0.13369995117187494,0.828239968923996,0.013156738281250002,0.718816608810555,0.02228332519531249,0.39562416030277836
427,TH32jop4FiI$_$15,zero,T,False,0.2,22,5,0.6760254299999999,-0.15237629711627967,0.8386230862499999,0.09252929687500001,0.39565433624999996,0.02506591796875,0.44296874999999997,0.06746337890625001,0.6258545315624999,0.07314453125,1.0110596096874997,0.19362403869628908,0.3852050781249998,0.12047950744628907,0.6552535971115804,0.011243896484375002,0.569807719093172,0.020079917907714847,0.3140962826492106
427,TH32jop4FiI$_$15,zero,T,False,0.3,22,7,0.6760254299999999,-0.15237629711627967,1.023437539375,0.10776367187500001,0.4737427151562499,0.035104980468750005,0.54969482421875,0.07265869140625,0.4515381253124999,0.021191406250000017,0.9024032986523436,0.13457046508789064,0.45086517333984366,0.11337905883789062,0.8131262326810952,0.012109781901041667,0.6669342400412417,0.018896509806315104,0.37776669110742345
428,TH32jop4FiI$_$17,zero,A,False,0.1,29,3,1.1920165900000002,0.5504557341337203,0.10192869937500015,0.04609374999999993,0.05041807925781265,0.026816406249999963,0.0515106201171875,0.01927734374999997,0.29397581851562515,0.12734374999999998,0.34381102359375004,0.14048828124999993,0.04983520507812489,0.013144531249999952,0.04321296979953752,0.0032128906249999953,0.041807441011105284,0.0021907552083333254,0.02260601416099403
428,TH32jop4FiI$_$17,zero,A,False,0.2,29,6,1.1920165900000002,0.5504557341337203,0.22485350406250015,0.08242187499999998,0.10132750308593766,0.050898437499999935,0.1235260009765625,0.03152343750000004,0.20376585757812515,0.10234374999999996,0.32011870181640634,0.13142578124999998,0.11635284423828118,0.02908203125000003,0.10362766624657148,0.005253906250000007,0.09761000610593437,0.004847005208333338,0.0528346459527098
428,TH32jop4FiI$_$17,zero,A,False,0.3,29,9,1.1920165900000002,0.5504557341337203,0.27832030093750015,0.11171874999999998,0.13516234195312515,0.06457031249999998,0.143157958984375,0.0471484375,0.16757200992187515,0.08632812499999998,0.29870604312500004,0.12544921874999992,0.1311340332031249,0.03912109374999995,0.1200971866399849,0.007858072916666667,0.1100101494333862,0.006520182291666658,0.0611213978204261
429,TWszOxkOV0w$_$1,zero,T,False,0.1,38,4,2.0551757999999998,-0.5440755158662797,0.7238769718749998,0.23789062500000002,0.18214113203124976,0.04908203125,0.54173583984375,0.18880859375000003,2.6933593937499998,0.66123046875,3.07943117109375,0.8287622070312501,0.3860717773437501,0.16753173828125012,0.2635957353371009,0.031468098958333336,0.18785331624206253,0.027921956380208352,0.1277097767294263
429,TWszOxkOV0w$_$1,zero,T,False,0.2,38,8,2.0551757999999998,-0.5440755158662797,1.3951416203124998,0.3716796875,0.29256593671874975,0.07677734375,1.10257568359375,0.29490234375,1.6834716984374998,0.23359374999999993,2.706517047558594,0.6775787353515627,1.023045349121094,0.4439849853515627,0.5364870232058624,0.049150390625000005,0.4977894598270543,0.07399749755859379,0.2893560928041276
429,TWszOxkOV0w$_$1,zero,T,False,0.3,38,12,2.0551757999999998,-0.5440755158662797,2.1456299015624998,0.5150390625,0.610498065625,0.1466064453125,1.5351318359375,0.3684326171875,0.8769531437499998,0.05468750000000011,2.2137649723632813,0.5057647705078125,1.3368118286132815,0.45107727050781243,0.7469585273332688,0.06140543619791666,0.6504607431405812,0.07517954508463541,0.3835010629391005
430,TXCXFYIc3Yo$_$16,zero,V,False,0.1,26,3,0.12573242,-0.07610676586627967,-0.11511230656249999,0.0458251953125,-0.105859376875,0.0380712890625,-0.009252929687499994,0.007753906249999998,0.012207029375000011,0.28056640625,0.03699950984375002,0.288740234375,0.02479248046875001,0.008173828125000004,-0.07359164880347638,0.001292317708333333,0.19718290068583202,0.0013623046875000007,0.031561468569547245
430,TXCXFYIc3Yo$_$16,zero,V,False,0.2,26,6,0.12573242,-0.07610676586627967,-0.2052001971875,0.08953857421875,-0.20142822453125003,0.07360713958740236,-0.0037719726562499556,0.015931434631347635,0.12402343937499999,0.22421875000000002,0.05433349759374999,0.2462841796875,-0.06968994178125,0.02206542968749997,-0.029999761847327108,0.0026552391052246057,-0.5542674475986575,0.0036775716145833284,-0.14448359968154417
430,TXCXFYIc3Yo$_$16,zero,V,False,0.3,26,8,0.12573242,-0.07610676586627967,-0.2678222675,0.11967773437500001,-0.2717102069531249,0.09912384033203125,0.0038879394531249334,0.020553894042968757,0.216064455,0.187890625,0.11785888859375002,0.21582519531250002,-0.09820556640624997,0.027934570312500018,0.03092208462256839,0.0034256490071614596,-0.7810617607176354,0.004655761718750003,-0.18551456634228888
431,TXCXFYIc3Yo$_$2,zero,V,False,0.1,20,2,0.6298828,0.3649088591337204,-0.08886720000000004,0.030078124999999956,-0.08203126250000006,0.02463867187499997,-0.006835937499999972,0.005439453124999986,0.5371093875,0.2128906249999999,0.5856933718749999,0.22988281249999992,0.04858398437499989,0.016992187500000033,-0.010852696163959086,0.0009065755208333311,0.07713166202242365,0.0028320312500000056,0.017504393157324476
431,TXCXFYIc3Yo$_$2,zero,V,False,0.2,20,4,0.6298828,0.3649088591337204,-0.16748048125000004,0.05820312499999991,-0.15412598906250005,0.04901367187499993,-0.013354492187499983,0.009189453124999983,0.43359376250000004,0.16914062499999993,0.49702149687499986,0.19134765624999997,0.06342773437499982,0.022207031250000037,-0.021201517148877275,0.0015315755208333305,0.10069751654987764,0.003701171875000006,0.021182186699208426
431,TXCXFYIc3Yo$_$2,zero,V,False,0.3,20,6,0.6298828,0.3649088591337204,-0.24462891875000004,0.083984375,-0.21127930937500006,0.06906249999999994,-0.03334960937499998,0.014921875000000057,0.37500001250000004,0.14179687499999993,0.4410888796875,0.16499999999999995,0.06608886718749996,0.02320312500000002,-0.05294565342845772,0.002486979166666676,0.10492231612799052,0.003867187500000003,0.014582707341549869
432,TXCXFYIc3Yo$_$7,zero,T,False,0.1,41,5,0.76672363,-0.13733723461627967,1.84729003625,0.49013671875,0.2583496065624999,0.11719512939453125,1.5889404296875,0.37294158935546873,1.006866452265625,0.213427734375,1.7770263643750002,0.4377783203125,0.7701599121093752,0.2243505859375,2.0723743147360483,0.06215693155924479,1.0044804640087996,0.03739176432291667,0.7941008686567523
432,TXCXFYIc3Yo$_$7,zero,T,False,0.2,41,9,0.76672363,-0.13733723461627967,2.136596676875,0.56982421875,0.44668750481689445,0.11909591674804687,1.6899091720581056,0.45072830200195313,0.5561523409375,0.049609375,1.6963394136914065,0.4131884765625,1.1401870727539065,0.3635791015625,2.2040627181340264,0.07512138366699218,1.487088099353097,0.06059651692708334,0.9567171795202997
432,TXCXFYIc3Yo$_$7,zero,T,False,0.3,41,13,0.76672363,-0.13733723461627967,2.320190426875,0.60302734375,0.6598869295605467,0.1918450927734375,1.6603034973144533,0.41118225097656247,0.11749267296874999,0.09970703125,1.5781692476757816,0.39008358001708987,1.4606765747070316,0.29037654876708985,2.165449539966459,0.0685303751627604,1.9050862820293533,0.048396091461181644,1.0468655721549387
433,TXCXFYIc3Yo$_$6,zero,V,False,0.1,21,3,0.3100586,0.22662760913372035,-0.10522460312499998,0.03828124999999996,-0.08795165390624997,0.031972656249999995,-0.017272949218750014,0.006308593749999966,0.473144525,0.16601562500000003,0.468701165625,0.1687890625,-0.004443359374999956,0.0027734374999999756,-0.05570848062356403,0.001051432291666661,-0.014330662153340699,0.00046223958333332926,-0.017131367725476184
433,TXCXFYIc3Yo$_$6,zero,V,False,0.2,21,5,0.3100586,0.22662760913372035,-0.15869139999999998,0.05449218749999998,-0.13092040390624998,0.0479296875,-0.02777099609375,0.006562499999999985,0.36572265,0.13457031249999998,0.37393798203125006,0.1374609375,0.008215332031250078,0.0028906250000000078,-0.08956663845838027,0.0010937499999999975,0.026495977003292523,0.00048177083333333465,-0.015373785155438606
433,TXCXFYIc3Yo$_$6,zero,V,False,0.3,21,7,0.3100586,0.22662760913372035,-0.20825194687499998,0.07031250000000003,-0.17501220078124996,0.06263671875000001,-0.03323974609375002,0.007675781250000013,0.278076165625,0.105859375,0.31109618515625004,0.11522460937500001,0.033020019531250056,0.009365234375000003,-0.10720437649326137,0.0012792968750000022,0.10649571737578858,0.0015608723958333338,0.0005328775383401385
434,TYJzg5IJN8o$_$11,zero,V,False,0.1,48,5,0.18530273999999997,-0.03482258617877967,-0.06958007250000003,0.041331481933593754,-0.062097162343750026,0.033099975585937504,-0.007482910156250008,0.00823150634765625,0.23522948656250003,0.2932861328125,0.23726195726562502,0.2986767578125,0.0020324707031249833,0.005390625000000038,-0.04038186253688139,0.0013719177246093752,0.010968319922333913,0.0008984375000000063,-0.006785796847484525
434,TYJzg5IJN8o$_$11,zero,V,False,0.2,48,10,0.18530273999999997,-0.03482258617877967,-0.13134765062500003,0.07871093750000001,-0.11923827562500003,0.06587158203125001,-0.012109375000000006,0.012839355468749994,0.34600829515625003,0.2509033203125,0.339239496328125,0.2619384765625,-0.006768798828125033,0.011035156250000011,-0.06534878896669871,0.002139892578124999,-0.036528128510115526,0.0018391927083333353,-0.024474458047588975
434,TYJzg5IJN8o$_$11,zero,V,False,0.3,48,15,0.18530273999999997,-0.03482258617877967,-0.18505858812500003,0.1130615234375,-0.17320556078125002,0.09921386718750001,-0.011853027343750017,0.013847656249999993,0.34252929125000003,0.21164550781250002,0.356207269765625,0.22580078125000003,0.013677978515624967,0.014155273437500004,-0.06396539726478277,0.002307942708333332,0.07381382866651784,0.002359212239583334,0.0036288965874129325
435,TYJzg5IJN8o$_$10,zero,T,False,0.1,28,3,0.24755859999999996,-0.23509114086627966,-0.35717772812500004,0.027734374999999978,-0.2686767515625001,0.013916015624999995,-0.08850097656249994,0.013818359374999983,0.76898192734375,0.06777343749999998,0.485964578100586,0.16954406738281247,-0.283017349243164,0.10177062988281249,-0.35749361593127454,0.0023030598958333304,-1.143229142570775,0.016961771647135415,-0.3703644817397702
435,TYJzg5IJN8o$_$10,zero,T,False,0.2,28,6,0.24755859999999996,-0.23509114086627966,-0.48413085312500004,0.011914062499999989,-0.4979064878906251,0.033339843749999994,0.013775634765625044,-0.021425781250000005,0.850372308203125,0.0087890625,0.7423612532104493,0.08060791015625002,-0.10801105499267571,0.07181884765625002,0.05564573042461309,-0.0035709635416666676,-0.43630323765539986,0.011969807942708336,-0.09306466570743627
435,TYJzg5IJN8o$_$10,zero,T,False,0.3,28,9,0.24755859999999996,-0.23509114086627966,-0.872833245703125,0.04218749999999999,-0.5786224302734376,0.04171875,-0.2942108154296874,0.00046874999999999,0.823516839453125,0.023828125000000006,0.8583969053710936,0.06861572265624999,0.03488006591796855,0.04478759765624998,-1.1884443803822895,7.812499999999833e-05,0.14089563045815454,0.007464599609374997,-0.26000150632869
436,TYJzg5IJN8o$_$14,zero,T,False,0.1,29,3,1.82214353,0.7488932341337203,0.5614013425,0.177734375,0.019995092499999957,0.017871093750000004,0.54140625,0.15986328125,0.48364255343749996,0.04531249999999998,1.2774535885937497,0.20451171875,0.7938110351562497,0.15919921875,0.29712585422628357,0.02664388020833333,0.43564658131495737,0.026533203125,0.19648737971864355
436,TYJzg5IJN8o$_$14,zero,T,False,0.2,29,6,1.82214353,0.7488932341337203,0.781127905,0.22734374999999996,0.16038815890624997,0.04876953124999998,0.62073974609375,0.17857421874999999,0.15148923312499996,0.11328125,0.9654540768749996,0.143671875,0.8139648437499997,0.030390625000000004,0.34066438521962367,0.029762369791666663,0.44670706980087893,0.005065104166666667,0.20554973224470902
436,TYJzg5IJN8o$_$14,zero,T,False,0.3,29,9,1.82214353,0.7488932341337203,0.953002905,0.25546875,0.26358640109375,0.069921875,0.68941650390625,0.18554687500000003,0.046752904999999956,0.10078125000000004,0.7426940671093749,0.11742187499999998,0.695941162109375,0.016640624999999937,0.37835445682579855,0.03092447916666667,0.381935214606371,0.0027734374999999895,0.19849689702470905
437,TYJzg5IJN8o$_$0,zero,A,False,0.1,30,3,1.1591797000000001,0.8024088591337204,0.22119141875000015,0.07500000000000007,0.18090821562500015,0.06070312500000004,0.040283203125,0.014296875000000028,1.0898437625000001,0.3011718750000001,1.0999023562499999,0.30728515625,0.010058593749999734,0.006113281249999936,0.034751443950887036,0.0023828125000000047,0.008677330247130351,0.0010188802083333226,0.01170761672658768
437,TYJzg5IJN8o$_$0,zero,A,False,0.2,30,6,1.1591797000000001,0.8024088591337204,0.40332032500000015,0.13554687500000007,0.32775880156250015,0.10570312500000004,0.0755615234375,0.02984375000000003,0.9638672000000001,0.2636718750000001,1.0175781375,0.284765625,0.05371093749999978,0.02109374999999991,0.06518528425939113,0.004973958333333338,0.04633525860118252,0.0035156249999999853,0.03000253154847674
437,TYJzg5IJN8o$_$0,zero,A,False,0.3,30,9,1.1591797000000001,0.8024088591337204,0.5581054812500001,0.1800781250000001,0.4713623171875,0.14833984375000003,0.08674316406250016,0.031738281250000056,0.8476562625000001,0.2347656250000001,0.916455090625,0.25935546875000004,0.06879882812499982,0.02458984374999995,0.07483144264091021,0.005289713541666676,0.05935125397187843,0.0040983072916666585,0.0358926793615305
438,TYJzg5IJN8o$_$4,zero,A,False,0.1,33,4,1.1486816499999999,0.6324869841337204,0.2287597749999999,0.08085937500000007,0.16953125937499988,0.06859375000000008,0.059228515625000006,0.012265624999999988,0.8762207124999999,0.26953125,0.9221923921874999,0.28036132812500003,0.045971679687500044,0.010830078125000031,0.05156212259756863,0.0020442708333333315,0.04002121881748632,0.0018050130208333386,0.023858156317305406
438,TYJzg5IJN8o$_$4,zero,A,False,0.2,33,7,1.1486816499999999,0.6324869841337204,0.3557128999999999,0.12890625,0.2825927828125,0.10669921875000006,0.07312011718749989,0.02220703124999994,0.7780761812499999,0.24296875000000007,0.8557129,0.267890625,0.07763671875000011,0.024921874999999927,0.06365562950524228,0.00370117187499999,0.0675876132977199,0.004153645833333321,0.034774515127823875
438,TYJzg5IJN8o$_$4,zero,A,False,0.3,33,10,1.1486816499999999,0.6324869841337204,0.4602050874999999,0.16484375000000007,0.38144532187499997,0.14019531250000003,0.07875976562499992,0.024648437500000037,0.7204589937499999,0.23046875,0.7758056734375,0.2477539062500001,0.05534667968750007,0.0172851562500001,0.06856529575422762,0.004108072916666673,0.04818274193268269,0.0028808593750000167,0.03093424249464425
439,TYJzg5IJN8o$_$7,zero,T,False,0.1,24,3,2.7517090300000002,1.1145182341337203,0.2641602018750002,0.10781249999999987,0.09545903000000022,0.03828124999999997,0.168701171875,0.0695312499999999,1.1276855925000002,0.365625,1.675773666230469,0.577138671875,0.5480880737304688,0.21151367187500003,0.06130775773456042,0.011588541666666652,0.19918089760732116,0.035252278645833336,0.07683236891359539
439,TYJzg5IJN8o$_$7,zero,T,False,0.2,24,5,2.7517090300000002,1.1145182341337203,0.4079590300000002,0.15546874999999993,0.10302738937500022,0.037421874999999966,0.304931640625,0.11804687499999997,0.7342529753125002,0.22265625,1.4422577360546878,0.4967285156249999,0.7080047607421875,0.2740722656249999,0.11081532476188996,0.01967447916666666,0.25729628232019325,0.045678710937499985,0.10836619929656247
439,TYJzg5IJN8o$_$7,zero,T,False,0.3,24,8,2.7517090300000002,1.1145182341337203,0.8145752409375002,0.3023437499999999,0.24476933273437532,0.08363281249999993,0.5698059082031249,0.21871093749999998,0.3144531706250002,0.07734375000000004,0.922770736542969,0.30955078124999996,0.6083175659179688,0.23220703124999992,0.2070733841832618,0.03645182291666666,0.22106892052065846,0.03870117187499999,0.12582382487389673
440,Uc_6d-fkZEc$_$3,zero,T,False,0.1,15,2,2.228729198,0.8973307341337203,0.4399108386249999,0.17343750000000002,0.021490428468749913,0.031953125,0.41842041015625,0.14148437500000002,0.4733886218281249,0.07343749999999993,1.1754928088398438,0.33205078125,0.7021041870117188,0.25861328125000005,0.18773937308864425,0.02358072916666667,0.3150243074023798,0.04310221354166668,0.14236165579983934
440,Uc_6d-fkZEc$_$3,zero,T,False,0.2,15,3,2.228729198,0.8973307341337203,0.5363463854999999,0.20468750000000002,0.06689142944531241,0.042656249999999986,0.4694549560546875,0.16203125000000004,0.2840270495624999,0.024218749999999956,0.9220336413593749,0.25607421874999997,0.638006591796875,0.23185546875000002,0.2106378584881935,0.02700520833333334,0.28626461487774707,0.038642578125,0.1406375649560685
440,Uc_6d-fkZEc$_$3,zero,T,False,0.3,15,5,2.228729198,0.8973307341337203,0.6631774401874999,0.23203125000000002,0.12794337036328116,0.059082031249999986,0.5352340698242187,0.17294921875000002,0.08981318237499991,0.007031250000000044,0.71983027221875,0.20794921875,0.63001708984375,0.20091796874999995,0.24015202481867154,0.02882486979166667,0.282679837339266,0.03348632812499999,0.14628576501865104
441,UlTJmndbGHM$_$1,zero,T,False,0.1,16,2,3.6259764999999997,1.5121744841337204,0.4248046249999997,0.13124999999999987,0.054638609374999716,0.023320312499999985,0.370166015625,0.10792968749999989,0.7534179062499997,0.12343749999999987,1.3420409531249997,0.29062499999999997,0.588623046875,0.1671875000000001,0.10208723458019252,0.01798828124999998,0.16233499708009771,0.02786458333333335,0.07756877406090588
441,UlTJmndbGHM$_$1,zero,T,False,0.2,16,4,3.6259764999999997,1.5121744841337204,0.5898436874999997,0.16874999999999996,0.15725091406249972,0.03156249999999997,0.4325927734375,0.1371875,0.4550780624999997,0.050000000000000044,0.9516356796874998,0.19679687499999993,0.49655761718750013,0.14679687499999988,0.11930376662224187,0.02286458333333333,0.1369444838495275,0.024466145833333314,0.07589474490960901
441,UlTJmndbGHM$_$1,zero,T,False,0.3,16,5,3.6259764999999997,1.5121744841337204,0.5976561874999997,0.15937500000000004,0.2151854843749998,0.04132812499999999,0.3824707031249999,0.11804687500000005,0.4169921249999997,0.04843749999999991,0.8293090195312498,0.17074218749999998,0.4123168945312501,0.12230468750000006,0.10548071606208255,0.019674479166666675,0.11371192858511948,0.020384114583333345,0.06481280959930051
442,UlTJmndbGHM$_$4,zero,T,False,0.1,19,2,2.21630858,-0.6761067658662797,0.7093810897656252,0.19453125000000004,0.09257353361328144,0.05681640625000002,0.6168075561523437,0.13771484375000004,2.8333740096875,0.8453125,3.2997558456250005,1.01396728515625,0.46638183593750027,0.16865478515625,0.27830388034163694,0.02295247395833334,0.2104317195332884,0.028109130859374998,0.1349493011731584
442,UlTJmndbGHM$_$4,zero,T,False,0.2,19,4,2.21630858,-0.6761067658662797,0.8522033553906252,0.18710937500000002,0.0719543319531252,0.0669921875,0.7802490234375,0.12011718750000003,2.11718748625,0.5916992187500001,2.796606431562501,0.8133251953125,0.6794189453125008,0.22162597656249994,0.3520487527908894,0.020019531250000003,0.3065541707005123,0.036937662760416656,0.1788900293754546
442,UlTJmndbGHM$_$4,zero,T,False,0.3,19,6,2.21630858,-0.6761067658662797,1.7478027206250002,0.4242187500000001,0.43847349699218763,0.12779296875,1.3093292236328127,0.2964257812500001,0.7204589706250002,0.006640624999999956,1.9611373763867195,0.44014688491821297,1.2406784057617193,0.433506259918213,0.5907700058909696,0.04940429687500001,0.5597947222525289,0.07225104331970217,0.3180550170845502
443,VbV9S4svrTg$_$13,zero,T,False,0.1,8,1,1.2924805,0.46373698413372033,0.07373049999999992,0.021093750000000022,-0.02274166796875008,0.021464843750000007,0.09647216796875,-0.00037109374999998515,0.2922363593749999,0.04531249999999998,0.3930786445312499,0.07076171875,0.10084228515624999,0.025449218750000016,0.07464104358070116,-6.184895833333086e-05,0.07802222713149086,0.004241536458333336,0.039210739553048005
443,VbV9S4svrTg$_$13,zero,T,False,0.2,8,2,1.2924805,0.46373698413372033,0.10302737499999992,0.023828124999999978,-0.01561276171875008,0.0305859375,0.11864013671875,-0.0067578125000000225,0.11401370312499992,0.07695312499999996,0.27423098203124996,0.06494140624999997,0.16021727890625004,-0.012011718749999983,0.09179252215118747,-0.001126302083333337,0.1239609842819801,-0.0020019531249999972,0.053156312806208555
443,VbV9S4svrTg$_$13,zero,T,False,0.3,8,3,1.2924805,0.46373698413372033,0.12109378124999992,0.015625,0.015905792968749922,0.0426171875,0.10518798828125,-0.0269921875,0.06103518749999992,0.07148437500000004,0.20015870703124997,0.046640625000000005,0.13912351953125005,-0.02484375000000004,0.08138452138870074,-0.0044986979166666665,0.1076406273755176,-0.004140625000000006,0.04509645646188792
444,VbV9S4svrTg$_$3,zero,T,False,0.1,15,2,0.4858398300000001,0.3652994841337204,0.11181639250000008,0.03359374999999998,-0.03144532624999992,0.026748046874999997,0.14326171875,0.006845703124999981,0.3889160293749999,0.173828125,0.19980469024999997,0.08244140624999999,-0.18911133912499994,-0.09138671875000001,0.2948737732685002,0.0011409505208333302,-0.3892454636326056,-0.01523111979166667,-0.02711546490873467
444,VbV9S4svrTg$_$3,zero,T,False,0.2,15,3,0.4858398300000001,0.3652994841337204,0.23486326750000008,0.06132812500000007,-0.027636732499999917,0.026181640624999985,0.2625,0.03514648437500008,0.5485839981249999,0.2164062499999999,0.18807373596874996,0.08166015624999998,-0.3605102621562499,-0.13474609374999993,0.5403004107332847,0.005857747395833346,-0.7420336865393752,-0.022457682291666656,-0.05458330267548095
444,VbV9S4svrTg$_$3,zero,T,False,0.3,15,5,0.4858398300000001,0.3652994841337204,0.5893554550000001,0.13378906250000003,-0.07221681062499992,0.047216796875,0.661572265625,0.08657226562500003,0.8850097793749999,0.296484375,0.2470703125,0.07358398437499998,-0.6379394668749999,-0.22290039062500006,1.361705778464523,0.014428710937500006,-1.31306268943061,-0.03715006510416668,0.006480433716811578
445,VbV9S4svrTg$_$7,zero,T,False,0.1,8,1,3.2988281,1.2793619841337205,0.27734372500000015,0.1273437500000001,0.05727536562500015,0.035234375000000005,0.220068359375,0.09210937500000008,0.9890136468750002,0.32968750000000013,1.5797469842773442,0.5605664062500002,0.590733337402344,0.23087890625000007,0.06671105192293834,0.015351562500000013,0.17907364082678426,0.03847981770833334,0.074904018239514
445,VbV9S4svrTg$_$7,zero,T,False,0.2,8,2,3.2988281,1.2793619841337205,0.42309567812500015,0.19843750000000004,0.16224362734375014,0.07175781250000009,0.26085205078125,0.12667968749999997,0.6274413812500002,0.18906250000000013,1.1020553338867192,0.4034179687500001,0.474613952636719,0.21435546874999994,0.0790741329343948,0.021113281249999994,0.14387345880898134,0.03572591145833332,0.06994669611292736
445,VbV9S4svrTg$_$7,zero,T,False,0.3,8,3,3.2988281,1.2793619841337205,0.7014159906250002,0.3070312500000001,0.36160886171875006,0.15718750000000012,0.3398071289062501,0.14984374999999997,0.31054685000000015,0.08750000000000013,0.664581273828125,0.23830078125000015,0.3540344238281249,0.15080078125000002,0.10300840649982446,0.024973958333333327,0.10732123826242616,0.025133463541666668,0.06510926665931266
446,VbV9S4svrTg$_$8,zero,T,False,0.1,13,2,1.0988769299999999,0.4033854216337204,0.15698239874999986,0.04746093750000002,-0.07991945671875014,0.03288085937499999,0.23690185546875,0.014580078125000034,0.16625978875000014,0.1373046874999999,0.3348144346249998,0.063359375,0.1685546458749997,-0.07394531249999992,0.21558523381095665,0.002430013020833339,0.15338796173201852,-0.012324218749999985,0.08976974745345212
446,VbV9S4svrTg$_$8,zero,T,False,0.2,13,3,1.0988769299999999,0.4033854216337204,0.15087888312499986,0.0478515625,-0.12326052117187514,0.05413085937499999,0.274139404296875,-0.006279296874999993,0.21337892937500014,0.1357421875,0.35895384354687493,0.07068359375,0.1455749141718748,-0.06505859375,0.24947211770544436,-0.0010465494791666655,0.13247596497990893,-0.010843098958333333,0.09251460856196332
446,VbV9S4svrTg$_$8,zero,T,False,0.3,13,4,1.0988769299999999,0.4033854216337204,0.25317380499999986,0.0791015625,-0.09527590203125014,0.049238281249999995,0.34844970703125,0.029863281250000005,0.36572267937500014,0.18378906249999993,0.2320068243749999,0.063359375,-0.13371585500000024,-0.12042968749999994,0.317095918953664,0.0049772135416666675,-0.12168399359881608,-0.020071614583333324,0.04507938107829532
447,VinxKpWioTo$_$1,zero,T,False,0.1,48,5,2.62438962,1.1496744841337203,0.4686279012500001,0.1578124999999999,0.06964261072265635,0.02066406249999998,0.39898529052734377,0.13714843749999994,0.8177489950000001,0.1460937499999999,1.3932494832812499,0.32017578124999996,0.5755004882812498,0.17408203125000005,0.1520296892873911,0.022858072916666656,0.2192891880863565,0.029013671875000008,0.10579765554135356
447,VinxKpWioTo$_$1,zero,T,False,0.2,48,10,2.62438962,1.1496744841337203,0.6318359090625001,0.20234374999999993,0.1777282430468751,0.04949218749999997,0.454107666015625,0.15285156249999995,0.4873351766406251,0.0546875,1.0380309774218748,0.23124999999999996,0.5506958007812497,0.17656249999999996,0.17303356541322534,0.02547526041666666,0.20983758918527518,0.029427083333333326,0.10944337458712512
447,VinxKpWioTo$_$1,zero,T,False,0.3,48,15,2.62438962,1.1496744841337203,0.7796630575000001,0.24296874999999996,0.24991909998046893,0.059609374999999964,0.5297439575195312,0.183359375,0.2905273153125001,0.0,0.8118301107226564,0.18210937499999996,0.5213027954101563,0.18210937499999996,0.20185408127984056,0.030559895833333333,0.19863765379947756,0.030351562499999995,0.11535079835316285
448,VinxKpWioTo$_$0,zero,V,False,0.1,10,1,0.03125,0.22545573413372036,0.04296875,0.022070312499999994,0.03115234375,0.01784179687499999,0.011816406250000001,0.004228515625000005,0.2763671875,0.16992187499999997,0.285302734375,0.169951171875,0.008935546874999978,2.9296875000028866e-05,0.37811290038718764,0.0007047526041666675,0.2859283502927899,4.882812500004811e-06,0.16618772152416106
448,VinxKpWioTo$_$0,zero,V,False,0.2,10,2,0.03125,0.22545573413372036,0.091796875,0.045507812499999994,0.0619140625,0.034853515624999984,0.0298828125,0.01065429687500001,0.240234375,0.1509765625,0.2705078125,0.15510742187499998,0.0302734375,0.00413085937499999,0.9562194009791687,0.001775716145833335,0.9687190009919682,0.0006884765624999983,0.48185064866986754
448,VinxKpWioTo$_$0,zero,V,False,0.3,10,3,0.03125,0.22545573413372036,0.14453125,0.07070312499999995,0.093798828125,0.0531640625,0.050732421875,0.017539062499999952,0.1982421875,0.128515625,0.248681640625,0.1380078125,0.050439453125000006,0.009492187499999999,1.6233855516623468,0.0029231770833333254,1.6140108516527472,0.0015820312499999999,0.8104754029121068
449,VinxKpWioTo$_$3,zero,T,False,0.1,28,3,1.6364746000000001,0.6195963591337204,0.1442871000000001,0.020703125000000044,-0.008227548437499888,0.01876953125000001,0.1525146484375,0.0019335937500000351,0.6381835843750001,0.059765625000000044,0.92475585,0.03160156250000001,0.28657226562499993,-0.02816406250000003,0.09319701952018106,0.00032226562500000587,0.1751155138671178,-0.004694010416666672,0.06598519714890805
449,VinxKpWioTo$_$3,zero,T,False,0.2,28,6,1.6364746000000001,0.6195963591337204,0.3513183500000001,0.06523437500000007,0.04356688515625011,0.025312499999999998,0.30775146484375,0.039921875000000065,0.2827148343750001,0.13554687499999996,0.70423583046875,0.028886718750000023,0.42152099609374993,-0.10666015624999993,0.18805747231657471,0.006653645833333344,0.25757854018339776,-0.017776692708333323,0.10862824140624312
449,VinxKpWioTo$_$3,zero,T,False,0.3,28,9,1.6364746000000001,0.6195963591337204,0.3781738187500001,0.044140625000000044,0.09338377968750011,0.036035156250000006,0.2847900390625,0.008105468750000039,0.2119140531250001,0.11484375000000002,0.5562255765625,0.03888671875000001,0.34431152343749993,-0.07595703125000001,0.17402644992843155,0.0013509114583333398,0.21039820174373508,-0.012659505208333336,0.09327901448054167
450,VinxKpWioTo$_$5,zero,T,False,0.1,20,2,2.316619923,0.8738932341337203,0.1834412120625002,0.06406250000000002,0.03784184682812519,0.02781249999999999,0.145599365234375,0.03625000000000003,1.0201111339375002,0.16015625,1.3840637706562504,0.27912109375000005,0.3639526367187502,0.11896484375000005,0.06284988786418509,0.006041666666666672,0.1571049596873343,0.01982747395833334,0.06145599704412985
450,VinxKpWioTo$_$5,zero,T,False,0.2,20,4,2.316619923,0.8738932341337203,0.3140564464375002,0.09140625000000002,0.07188878286328144,0.034316406249999994,0.24216766357421876,0.05708984375000003,0.6861877940937502,0.07656249999999998,1.1520508312031255,0.22423828124999995,0.46586303710937527,0.14767578124999997,0.10453486851038801,0.009514973958333338,0.20109592919763816,0.02461263020833333,0.0849396004686732
450,VinxKpWioTo$_$5,zero,T,False,0.3,20,6,2.316619923,0.8738932341337203,0.4736023448750002,0.125,0.16872105825390643,0.06458984374999999,0.30488128662109376,0.06041015625000001,0.3937988780781252,0.008593749999999956,0.8764221690937504,0.1619140625,0.4826232910156252,0.15332031250000006,0.13160603169649163,0.010068359375000002,0.2083307140257686,0.025553385416666675,0.09388962262848173
451,ViyQVpGW05w$_$1,zero,T,False,0.1,17,2,0.0859375,0.5801432341337204,0.0107421875,0.010937499999999933,-0.104638671875,0.03656249999999998,0.115380859375,-0.025625000000000044,1.31427001953125,0.4125,1.2042404174804688,0.38105468749999993,-0.11002960205078116,-0.031445312500000044,1.342598013404935,-0.004270833333333341,-1.2803295618469157,-0.005240885416666674,0.013189183202004767
451,ViyQVpGW05w$_$1,zero,T,False,0.2,17,4,0.0859375,0.5801432341337204,-0.158203125,0.06015625000000002,-0.1837890625,0.06404296874999997,0.02558593749999999,-0.0038867187499999484,0.980712890625,0.32109374999999996,0.983453369140625,0.327421875,0.002740478515624978,0.006328125000000018,0.29772380830477596,-0.0006477864583333248,0.03188883347539203,0.0010546875000000029,0.08250488570545866
451,ViyQVpGW05w$_$1,zero,T,False,0.3,17,6,0.0859375,0.5801432341337204,-0.263671875,0.09765625,-0.3328125,0.11482421874999997,0.06914062500000001,-0.01716796874999997,0.774169921875,0.26171875,0.71131591796875,0.24162109375000002,-0.06285400390624996,-0.020097656249999984,0.8045360926709217,-0.002861328124999995,-0.7313835348097762,-0.0033496093749999976,0.016735405090286388
452,ViyQVpGW05w$_$4,zero,T,False,0.1,13,2,0.17358399999999996,0.31783854663372035,0.65551759375,0.2255859375,0.19035646093749997,0.04400390625,0.4651611328125,0.18158203125,1.0338134921875,0.20253906249999998,1.4860168613281246,0.5089648437500001,0.45220336914062464,0.3064257812500001,2.679731156565948,0.030263671875,2.6050832107648976,0.05107096354166668,1.3415372506868781
452,ViyQVpGW05w$_$4,zero,T,False,0.2,13,3,0.17358399999999996,0.31783854663372035,0.921630875,0.3099609375,0.36697999609375,0.08232421875000001,0.55465087890625,0.22763671874999997,0.7803955234375,0.08769531249999996,1.2425750888671871,0.41265625000000006,0.4621795654296872,0.3249609375000001,3.195269631052511,0.037939453124999994,2.6625547451086633,0.054160156250000015,1.4874809963840436
452,ViyQVpGW05w$_$4,zero,T,False,0.3,13,4,0.17358399999999996,0.31783854663372035,1.03686525,0.35371093750000004,0.39835206640625,0.0945703125,0.63851318359375,0.259140625,0.638458267578125,0.07148437500000004,1.1878647006835934,0.38755859375,0.5494064331054684,0.31607421874999997,3.678389167230752,0.04319010416666667,3.1650570792722212,0.05267903645833333,1.7348288467819934
453,ViyQVpGW05w$_$6,zero,T,False,0.1,25,3,1.73925782,-0.46595051586627967,0.40771485124999995,0.11113281249999996,0.12179108416015616,0.04304687500000002,0.2859237670898438,0.06808593749999994,2.8195800856249997,0.909375,3.1063232496874997,1.0013867187499998,0.2867431640625,0.0920117187499998,0.16439403026275515,0.01134765624999999,0.16486514874335956,0.0153352864583333,0.088985530428612
453,ViyQVpGW05w$_$6,zero,T,False,0.2,25,5,1.73925782,-0.46595051586627967,0.779693611015625,0.22421875,0.3145416334765624,0.088037109375,0.46515197753906257,0.136181640625,2.0201416090624997,0.60673828125,2.6002075270312495,0.8349291992187501,0.5800659179687497,0.22819091796875013,0.26744264406781193,0.022696940104166664,0.3335132823812558,0.038031819661458355,0.1654211715536732
453,ViyQVpGW05w$_$6,zero,T,False,0.3,25,8,1.73925782,-0.46595051586627967,1.801513679375,0.52998046875,0.5732193068164063,0.15086425781250004,1.2282943725585938,0.37911621093750003,0.742919929375,0.14140624999999996,2.080860908378906,0.6664949417114256,1.3379409790039059,0.5250886917114257,0.7062171302133134,0.06318603515625,0.7692592750536725,0.08751478195190428,0.40654430559378507
454,Vuay0mVKkik$_$3,zero,T,False,0.1,26,3,3.4472656,-1.1776692658662797,3.043731664453125,1.1050781250000001,0.6259048211914063,0.23728515625000007,2.417826843261719,0.8677929687500001,3.0194091546875,0.716015625,4.600567792687987,1.3915527343750003,1.581158638000487,0.6755371093750002,0.7013750672088195,0.14463216145833335,0.458670251381337,0.1125895182291667,0.3543167495694141
454,Vuay0mVKkik$_$3,zero,T,False,0.2,26,6,3.4472656,-1.1776692658662797,4.901611303125,1.4419921875000001,1.2450622308593753,0.45082031250000004,3.6565490722656246,0.991171875,1.3012695062500002,0.055468749999999956,3.9262267816406236,1.1249951171875001,2.6249572753906234,1.0695263671875002,1.0607096858321385,0.1651953125,0.7614604786849452,0.17825439453125003,0.5414049678870834
454,Vuay0mVKkik$_$3,zero,T,False,0.3,26,8,3.4472656,-1.1776692658662797,5.0087890375,1.4064453125,1.2362792718750004,0.3831494140625001,3.7725097656249993,1.0232958984375,1.0073241937500002,0.016406249999999956,3.670895360742187,1.0975654602050782,2.663571166992187,1.0811592102050782,1.0943481324087319,0.17054931640625,0.772661785715148,0.18019320170084638,0.554438109057744
455,WmQF5RmbsVQ$_$6,zero,T,False,0.1,48,5,0.66064454,0.20631510913372034,0.13623047749999995,0.012109375000000006,0.03623047749999995,0.005527343749999999,0.1,0.006582031250000006,0.72949219625,0.13007812500000002,0.85117188375,0.15244140625,0.12167968750000002,0.022363281249999978,0.15136710072999207,0.0010970052083333344,0.1841830151460646,0.003727213541666663,0.08509358365651416
455,WmQF5RmbsVQ$_$6,zero,T,False,0.2,48,10,0.66064454,0.20631510913372034,0.18994141499999995,0.019921875000000006,0.058837899374999926,0.009550781250000001,0.13110351562500003,0.010371093750000004,0.47363282124999995,0.07539062500000002,0.6479003993749999,0.10362304687500004,0.17426757812499993,0.028232421875000024,0.19844759055665467,0.0017285156250000007,0.26378378052018625,0.004705403645833338,0.11716632258691857
455,WmQF5RmbsVQ$_$6,zero,T,False,0.3,48,15,0.66064454,0.20631510913372034,0.24169922749999995,0.025781250000000006,0.09943848531249992,0.013481445312500003,0.1422607421875,0.012299804687500002,0.29101563374999995,0.03339843750000002,0.45808106343749994,0.06307617187500002,0.1670654296875,0.029677734375,0.21533596092618745,0.002049967447916667,0.25288209724007216,0.0049462890625,0.11880357866916906
456,Wrcf2xtqbkQ$_$9,zero,T,False,0.1,28,3,1.18969725,-0.14114582836627967,0.01708982812500004,0.030664062500000006,-0.08720704687499996,0.007646484375,0.104296875,0.023017578125000007,0.41744993554687504,0.19550781250000002,0.5865295253906251,0.28065429687500004,0.16907958984375004,0.08514648437500003,0.08766666253396607,0.0038362630208333345,0.14211972644639095,0.014191080729166672,0.06195343318258926
456,Wrcf2xtqbkQ$_$9,zero,T,False,0.2,28,6,1.18969725,-0.14114582836627967,0.05981443750000004,0.07265625,-0.06594239843749997,0.036025390625,0.1257568359375,0.036630859375000005,0.19064329492187504,0.1236328125,0.37524717675781255,0.22887695312500003,0.1846038818359375,0.10524414062500004,0.10570481711433971,0.006105143229166668,0.15516865880565725,0.017540690104166673,0.07112982731333259
456,Wrcf2xtqbkQ$_$9,zero,T,False,0.3,28,9,1.18969725,-0.14114582836627967,0.13671873437500004,0.12988281249999997,-0.08514405859374996,0.05169921875,0.22186279296875,0.07818359374999997,0.01766966210937504,0.08476562500000001,0.28670042382812505,0.22030273437500006,0.26903076171875,0.13553710937500005,0.18648660949845897,0.013030598958333328,0.22613361137477508,0.022589518229166675,0.11206008451518351
457,Wrcf2xtqbkQ$_$8,zero,V,False,0.1,18,2,0.011718700000000082,0.22272135913372035,0.10351557500000008,0.05878906249999996,0.08085932500000008,0.055263671874999996,0.022656250000000003,0.0035253906249999648,0.5732421375000001,0.226953125,0.6196532703125,0.23894531249999998,0.04641113281249987,0.011992187499999973,1.93317661714889,0.0005875651041666608,3.960095634913824,0.001998697916666662,1.473964628770887
457,Wrcf2xtqbkQ$_$8,zero,V,False,0.2,18,4,0.011718700000000082,0.22272135913372035,0.20214838750000008,0.10117187500000005,0.16831049687500013,0.09794921875000001,0.03383789062499995,0.003222656250000039,0.4746093250000001,0.19765625,0.548193309375,0.21841796875000002,0.07358398437499991,0.02076171875000002,2.8872659389745228,0.0005371093750000064,6.278657676817615,0.0034602864583333365,2.2924802529063677
457,Wrcf2xtqbkQ$_$8,zero,V,False,0.3,18,6,0.011718700000000082,0.22272135913372035,0.2880858875000001,0.13632812500000005,0.25952143437500014,0.13268554687500003,0.028564453124999944,0.0036425781250000178,0.4345702625000001,0.18828124999999998,0.47285151249999996,0.197626953125,0.03828124999999988,0.009345703125000021,2.4373024160174532,0.0006070963541666696,3.2664018703550104,0.0015576171875000034,1.4264672499785327
458,WxajvjGKz7Y$_$0,zero,T,False,0.1,11,2,0.7631835699999999,0.25240885913372035,0.13769528874999992,0.009765625,-0.014917015937500078,0.0067578125,0.1526123046875,0.0030078125,0.3759765387499999,0.11054687500000004,0.4904052496875001,0.11664062499999998,0.11442871093750018,0.0060937499999999395,0.19996775444175977,0.0005013020833333333,0.14993582867837618,0.0010156249999999898,0.0878551275508673
458,WxajvjGKz7Y$_$0,zero,T,False,0.2,11,3,0.7631835699999999,0.25240885913372035,0.14062497624999992,0.017187500000000022,0.040747046562499924,0.008339843750000003,0.0998779296875,0.00884765625000002,0.2617187262499999,0.06679687499999998,0.3353515387499999,0.07924804687500002,0.07363281249999998,0.012451171875000042,0.13086995415473351,0.0014746093750000033,0.09648100262299587,0.002075195312500007,0.05772519036630734
458,WxajvjGKz7Y$_$0,zero,T,False,0.3,11,4,0.7631835699999999,0.25240885913372035,0.15624997624999992,0.021874999999999978,0.03273923406249992,0.011679687499999997,0.1235107421875,0.01019531249999998,0.15722653874999992,0.03867187500000002,0.2597900153124999,0.053974609374999996,0.10256347656249998,0.015302734374999974,0.1618360053944749,0.0016992187499999967,0.134388823613795,0.0025504557291666625,0.07511862587185915
459,WxajvjGKz7Y$_$3,zero,T,False,0.1,22,3,0.35302730000000004,0.21842448413372034,0.5317382375,0.09472656250000006,0.11633296406250002,0.023627929687500004,0.4154052734375,0.07109863281250005,0.032226518750000044,0.10546875000000006,0.33283687031250003,0.19388671875,0.3006103515625,0.08841796874999994,1.1766911418645474,0.011849772135416674,0.8515191319293665,0.01473632812499999,0.5136990935135827
459,WxajvjGKz7Y$_$3,zero,T,False,0.2,22,5,0.35302730000000004,0.21842448413372034,0.57568355,0.11113281250000001,0.18515620625,0.03400390625000001,0.39052734375000003,0.07712890625,0.12109379374999996,0.05234374999999997,0.26398922281250004,0.14958007812500002,0.14289542906250008,0.09723632812500005,1.106221069953882,0.012854817708333334,0.40477046475452555,0.01620605468750001,0.38501310177606024
459,WxajvjGKz7Y$_$3,zero,T,False,0.3,22,7,0.35302730000000004,0.21842448413372034,0.5092773,0.11582031249999997,0.20073237812500003,0.04803710937500001,0.30854492187500004,0.06778320312499996,0.08300785624999996,0.03945312500000003,0.22302242156250002,0.11789062500000003,0.14001456531250006,0.0784375,0.8739948663464091,0.011297200520833326,0.3966100318657174,0.013072916666666665,0.3237437538499066
460,WxajvjGKz7Y$_$6,zero,T,False,0.1,32,4,1.29370115,0.06173503100872034,0.8835449,0.117236328125,0.19515989023437497,0.016307373046874997,0.688385009765625,0.100928955078125,0.97192380625,0.180126953125,1.3044921656250001,0.27010742187500003,0.3325683593750002,0.08998046875000004,0.5321047118655752,0.01682149251302083,0.25706717684205765,0.014996744791666674,0.2052475315030801
460,WxajvjGKz7Y$_$6,zero,T,False,0.2,32,7,1.29370115,0.06173503100872034,0.93774411875,0.124462890625,0.36555173593750007,0.038318481445312504,0.5721923828125,0.08614440917968749,0.78540036875,0.12778320312500002,1.1245605250000001,0.21314453125000005,0.3391601562500002,0.08536132812500002,0.44229066390011024,0.014357401529947916,0.2621624739898594,0.014226888020833337,0.18325935686018774
460,WxajvjGKz7Y$_$6,zero,T,False,0.3,32,10,1.29370115,0.06173503100872034,0.862060525,0.11977539062500002,0.6626464625,0.083165283203125,0.19941406249999993,0.036610107421875024,0.78442380625,0.11694335937500001,0.864550759375,0.139560546875,0.08012695312500007,0.022617187499999983,0.15414217445646197,0.006101684570312504,0.061936167552168075,0.0037695312499999973,0.05648738945723564
461,XIGpuL-Kkyk$_$12,zero,V,False,0.1,28,3,0.1777343,0.3541666716337204,-0.08300788749999999,0.026757812499999978,-0.035449293749999986,0.010634765624999964,-0.04755859375,0.016123046875000012,0.1904297625,0.06191406249999998,0.210498121875,0.07261718749999997,0.02006835937500001,0.010703124999999994,-0.2675810249849073,0.0026871744791666687,0.11291150027597224,0.0017838541666666656,-0.03754962401577544
461,XIGpuL-Kkyk$_$12,zero,V,False,0.2,28,6,0.1777343,0.3541666716337204,-0.13085945,0.04218749999999993,-0.06000984062499999,0.018105468749999954,-0.070849609375,0.02408203124999998,0.1513672625,0.0478515625,0.20009773125,0.06804687499999995,0.048730468750000006,0.02019531249999995,-0.3986242990278239,0.004013671874999997,0.2741743972637962,0.0033658854166666585,-0.029267586118090258
461,XIGpuL-Kkyk$_$12,zero,V,False,0.3,28,9,0.1777343,0.3541666716337204,-0.1962891375,0.06582031249999998,-0.09619148124999999,0.029863281249999964,-0.10009765625,0.035957031250000014,0.07714851249999999,0.0234375,0.1775391375,0.05868164062499996,0.10039062500000001,0.03524414062499996,-0.5631838821550924,0.005992838541666669,0.5648322252248147,0.005874023437499994,0.0033788012622222325
462,XIGpuL-Kkyk$_$0,zero,T,False,0.1,13,2,0.0932617,-0.07044270336627967,2.0805663875000002,0.23535156250000003,0.2550781062500001,0.10563476562499999,1.8254882812500002,0.12971679687500004,0.32617189375,0.4322265625,1.559344471171875,0.34490234374999995,1.233172577421875,-0.08732421875000007,19.57361604639368,0.02161946614583334,13.222569981588297,-0.014554036458333345,8.200812864417369
462,XIGpuL-Kkyk$_$0,zero,T,False,0.2,13,3,0.0932617,-0.07044270336627967,2.2465820125000002,0.25146484375,0.1930480769531251,0.099267578125,2.0535339355468754,0.152197265625,0.909423846875,0.5697265625000001,1.655706773984375,0.2682177734375,0.7462829271093749,-0.3015087890625001,22.01881283242792,0.025366210937499998,8.001944261847179,-0.05025146484375002,7.4989679600922114
462,XIGpuL-Kkyk$_$0,zero,T,False,0.3,13,4,0.0932617,-0.07044270336627967,2.2192382625000002,0.24443359375,0.9818359187500001,0.1666943359375,1.2374023437500001,0.07773925781250002,0.860595721875,0.5189453125000001,1.244573974609375,0.31593505859375004,0.3839782527343749,-0.20301025390625005,13.267923229222403,0.012956542968750004,4.1171685221892025,-0.03383504231770834,4.341053313015662
463,XIGpuL-Kkyk$_$4,zero,V,False,0.1,21,3,2.68798833,1.1957682341337204,0.09594731437500004,0.050000000000000044,0.07123417960937503,0.039804687500000026,0.024713134765625006,0.010195312500000019,0.40563969718750004,0.20703125,0.48751225578124996,0.239921875,0.08187255859374992,0.03289062500000001,0.009193911035958242,0.001699218750000003,0.030458662048985854,0.005481770833333334,0.011708390667069359
463,XIGpuL-Kkyk$_$4,zero,V,False,0.2,21,5,2.68798833,1.1957682341337204,0.14736943351562504,0.078125,0.12001042472656254,0.06605468750000001,0.0273590087890625,0.012070312499999986,0.32421879875000004,0.1703125000000001,0.38393254386718745,0.19582031249999998,0.05971374511718741,0.025507812499999893,0.010178243076977726,0.0020117187499999974,0.02221502312183189,0.004251302083333315,0.009664071758035733
463,XIGpuL-Kkyk$_$4,zero,V,False,0.3,21,7,2.68798833,1.1957682341337204,0.20681767570312504,0.10781250000000009,0.15794072257812503,0.0859765625,0.04887695312500001,0.021835937500000083,0.25619511710937504,0.13984375000000004,0.3264313231640624,0.168046875,0.07023620605468739,0.028203124999999968,0.018183462478625245,0.0036393229166666805,0.02612964466443302,0.004700520833333328,0.013163237723264568
464,XIGpuL-Kkyk$_$7,zero,T,False,0.1,7,1,0.50830074,0.2871744841337204,0.40576167750000003,0.05781249999999993,0.10754390406250006,0.029462890624999995,0.2982177734375,0.02834960937499994,0.33789058375000003,0.0986328125,0.5565917556249999,0.14560546875,0.21870117187499982,0.046972656249999994,0.5866943784955369,0.004724934895833323,0.4302585544464196,0.007828776041666666,0.2573766609698641
464,XIGpuL-Kkyk$_$7,zero,T,False,0.2,7,2,0.50830074,0.2871744841337204,0.5991210525,0.0927734375,0.2971923415625001,0.05020507812499998,0.30192871093749996,0.04256835937500002,0.03906245875000003,0.026953125000000022,0.35217281031250003,0.08527343749999998,0.3131103515625,0.05832031249999996,0.5939950371554894,0.007094726562500003,0.6159930744335047,0.009720052083333326,0.30670072255870684
464,XIGpuL-Kkyk$_$7,zero,T,False,0.3,7,3,0.50830074,0.2871744841337204,0.6186523025,0.10214843750000002,0.31743159937500004,0.06087890624999996,0.301220703125,0.04126953125000006,0.011718791249999971,0.012304687500000022,0.35258784937500004,0.07228515624999998,0.34086905812500007,0.05998046874999996,0.592602148332209,0.006878255208333343,0.6706037601307444,0.00999674479166666,0.32002022711573835
465,XaVYxIW0FDg$_$2,zero,T,False,0.1,34,4,0.0541992,0.31490885913372035,0.24902341875,0.1267578125,-0.1073242375,0.0343115234375,0.35634765625,0.09244628906250002,1.065338153515625,0.14960937500000004,0.7721725651367188,0.06687500000000002,-0.29316558837890616,-0.08273437500000003,6.574655743890243,0.015407714843750003,-5.408939235997398,-0.013789062500000004,0.2918337900591488
465,XaVYxIW0FDg$_$2,zero,T,False,0.2,34,7,0.0541992,0.31490885913372035,0.380371075,0.21181640625,-0.21044923749999994,0.045722656249999986,0.5908203125,0.16609375,1.0584716984375,0.16953125000000002,0.5820602604492189,0.06666015625000002,-0.4764114379882811,-0.10287109375,10.900703549064394,0.027682291666666668,-8.789846494815169,-0.01714518229166667,0.5303485409060561
465,XaVYxIW0FDg$_$2,zero,T,False,0.3,34,11,0.0541992,0.31490885913372035,0.07421873125,0.11982421875000002,-0.24364015546874995,0.07048828125,0.31785888671874996,0.04933593750000001,0.6976318546875,0.006054687500000044,0.47514039960937504,0.09468261718749998,-0.22249145507812496,0.08862792968749994,5.864533465167101,0.008222656250000002,-4.104993248698804,0.014771321614583324,0.4456335485832201
466,XyP8bVmGX6M$_$4,zero,V,False,0.1,18,2,2.00134277,0.8949869841337204,0.08935546531249994,0.05078125,0.07998046531249994,0.044453125,0.009374999999999994,0.006328124999999997,0.6248779262499999,0.27265625000000004,0.6472656215625001,0.28193359375,0.022387695312500178,0.009277343749999944,0.004684352653717254,0.0010546874999999994,0.011186331727757183,0.0015462239583333242,0.0046178989599519405
466,XyP8bVmGX6M$_$4,zero,V,False,0.2,18,4,2.00134277,0.8949869841337204,0.16589355124999994,0.09023437499999998,0.15402831687499993,0.083125,0.011865234375000006,0.007109374999999973,0.49011230124999994,0.22968750000000004,0.5139648403125001,0.23921875000000004,0.023852539062500178,0.009531249999999991,0.005928633827360906,0.0011848958333333288,0.011918261829900505,0.0015885416666666652,0.005155083289315352
466,XyP8bVmGX6M$_$4,zero,V,False,0.3,18,6,2.00134277,0.8949869841337204,0.23474120749999994,0.125,0.22301025046874995,0.1173828125,0.011730957031249989,0.007617187499999997,0.40539550437499994,0.19687500000000002,0.4244628871874999,0.206640625,0.019067382812499978,0.009765624999999972,0.005861540234664427,0.0012695312499999996,0.00952729016289889,0.001627604166666662,0.004571491453557494
467,XzVapdEr_GY$_$3,zero,T,False,0.1,33,4,2.4758300500000003,1.0692057341337204,0.5360107140625003,0.2132812500000001,0.06225583125000034,0.032695312500000004,0.4737548828125,0.18058593750000007,0.6930846886718753,0.1562500000000001,1.89506833125,0.5190917968750002,1.2019836425781247,0.36284179687500007,0.1913518625644912,0.03009765625000001,0.4854869408710762,0.06047363281250001,0.19185252312451684
467,XzVapdEr_GY$_$3,zero,T,False,0.2,33,7,2.4758300500000003,1.0692057341337204,1.1672363000000003,0.40507812500000007,0.20748745966796908,0.07113281250000007,0.9597488403320312,0.3339453125,0.18005368281250034,0.017968749999999867,1.3210281090820313,0.3451367187500001,1.140974426269531,0.32716796875000026,0.3876471459278415,0.05565755208333333,0.46084502667075394,0.05452799479166671,0.23966942986839887
467,XzVapdEr_GY$_$3,zero,T,False,0.3,33,10,2.4758300500000003,1.0692057341337204,2.6564941125000003,0.7466796875000001,0.24412838984375035,0.061484375000000056,2.41236572265625,0.6851953125000001,0.11450198124999966,0.10390624999999987,1.095127840527344,0.29185546875,0.9806258592773442,0.18794921875000015,0.9743660508079699,0.11419921875000001,0.39607947370938096,0.03132486979166669,0.37899240326475436
468,XzVapdEr_GY$_$4,zero,T,False,0.1,37,4,3.3994139999999997,1.3543619841337204,1.8444823593749997,0.6609375000000001,0.2095092148437497,0.07378906250000003,1.63497314453125,0.5871484375,1.3541259140624997,0.39921875000000007,2.9443633408203125,0.8738378906250001,1.5902374267578128,0.474619140625,0.4809572072051368,0.09785807291666666,0.46779737888954803,0.07910319010416667,0.2814289622788796
468,XzVapdEr_GY$_$4,zero,T,False,0.2,37,8,3.3994139999999997,1.3543619841337204,2.0063475937499997,0.6851562500000001,0.3609710068359373,0.12031250000000007,1.6453765869140624,0.5648437500000001,0.9816893906249997,0.2734375,2.4474364609375,0.7249023437500002,1.4657470703125002,0.4514648437500002,0.4840175697624628,0.09414062500000002,0.4311762671849422,0.07524414062500002,0.2711446506431012
468,XzVapdEr_GY$_$4,zero,T,False,0.3,37,12,3.3994139999999997,1.3543619841337204,2.1728514999999997,0.7136718750000001,0.5135131210937498,0.15945312500000003,1.65933837890625,0.55421875,0.7219237656249997,0.19062500000000004,2.087506041015625,0.6330468750000001,1.3655822753906253,0.4424218750000001,0.4881246858374897,0.09236979166666666,0.4017109636189242,0.07373697916666667,0.26398560507243685
469,Y7h-S3cJ52o$_$0,zero,T,False,0.1,11,2,0.21289059999999993,0.3375651091337204,0.35937497499999993,0.07050781249999993,0.02050778749999993,0.022099609374999968,0.3388671875,0.048408203124999966,0.30078127500000007,0.00390625,0.2678466621874999,0.11336914062499996,-0.03293461281250015,0.10946289062499996,1.5917358294080184,0.008068033854166662,-0.15470132599172615,0.01824381510416666,0.36583658809365643
469,Y7h-S3cJ52o$_$0,zero,T,False,0.2,11,3,0.21289059999999993,0.3375651091337204,0.34667966249999993,0.06992187499999991,0.04172360781249993,0.036210937499999964,0.3049560546875,0.03371093749999995,0.29638674375000007,0.017773437499999933,0.27062987281249995,0.09186523437499994,-0.02575687093750012,0.074091796875,1.43244756809334,0.005618489583333324,-0.12098584884279195,0.012348632812500001,0.3323572104115953
469,Y7h-S3cJ52o$_$0,zero,T,False,0.3,11,4,0.21289059999999993,0.3375651091337204,0.45312497499999993,0.10312499999999991,0.06713864687499993,0.04723632812499996,0.385986328125,0.05588867187499995,0.45556643125000007,0.016210937500000022,0.21794433343749997,0.06940429687499994,-0.2376220978125001,0.053193359374999916,1.8130650909899693,0.009314778645833325,-1.116164742115237,0.00886555989583332,0.17877017185409977
470,Y7qkyMyanjU$_$2,zero,T,False,0.1,11,2,1.933715858,0.27233073413372033,0.07568363143750001,0.04687499999999997,0.32440799667187503,0.022714843749999995,-0.24872436523437502,0.024160156249999978,1.996215858,0.17109375000000004,1.627807654875,0.09067382812500001,-0.368408203125,-0.08041992187500004,-0.1286250177761935,0.00402669270833333,-0.1905181731238752,-0.013403320312500007,-0.08212995462605885
470,Y7qkyMyanjU$_$2,zero,T,False,0.2,11,3,1.933715858,0.27233073413372033,0.05200199081250001,0.07812499999999997,0.6404724497968749,0.033857421875,-0.5884704589843749,0.04426757812499997,1.8878174205,0.14726562500000007,1.257159461515625,0.064580078125,-0.630657958984375,-0.08268554687500007,-0.30432090228194875,0.007377929687499995,-0.32613769506909634,-0.013780924479166679,-0.15921539803567794
470,Y7qkyMyanjU$_$2,zero,T,False,0.3,11,4,1.933715858,0.27233073413372033,0.12084964706250001,0.08574218749999998,0.7936035533124999,0.0328125,-0.6727539062499999,0.05292968749999998,1.820434608,0.12636718749999998,1.020098914640625,0.0431494140625,-0.800335693359375,-0.08321777343749998,-0.3479071423857856,0.00882161458333333,-0.4138846336516631,-0.013869628906249995,-0.19170994759009133
471,Y7qkyMyanjU$_$4,zero,T,False,0.1,13,2,0.47949220000000015,0.28404948413372033,0.22070313750000015,0.025585937500000044,0.18168946562500016,0.014619140625000016,0.03901367187499999,0.010966796875000028,0.6381836062500001,0.10976562499999998,0.616845715625,0.13957031250000002,-0.021337890625000133,0.029804687500000038,0.08136439030835052,0.0018277994791666714,-0.0445009243613885,0.004967447916666673,0.01091467833569884
471,Y7qkyMyanjU$_$4,zero,T,False,0.2,13,3,0.47949220000000015,0.28404948413372033,0.28710938750000015,0.040234375000000044,0.23747559843750016,0.023945312500000027,0.04963378906249999,0.016289062500000017,0.48876954375000015,0.06894531250000002,0.49274903593749997,0.10392578125,0.003979492187499822,0.03498046874999998,0.10351301971018562,0.002714843750000003,0.008299371477009104,0.005830078124999996,0.03008932826554868
471,Y7qkyMyanjU$_$4,zero,T,False,0.3,13,4,0.47949220000000015,0.28404948413372033,0.5234375125000001,0.07460937499999998,0.23837891875000014,0.03183593750000002,0.28505859375,0.042773437499999956,0.21289063750000015,0.029687499999999978,0.4436279421875001,0.08954101562500001,0.23073730468749998,0.059853515625000034,0.5944997629789117,0.007128906249999993,0.48121079649826093,0.009975585937500005,0.27320376291616816
472,YbuG8xyUO-o$_$3,zero,T,False,0.1,13,2,1.50415035,0.11539714038372034,-0.00781254062500003,0.038037109375,0.14661861171874993,0.01340087890625,-0.15443115234374996,0.024636230468750003,1.15893550625,0.11201171875000002,1.041503865625,0.046665039062500004,-0.117431640625,-0.06534667968750002,-0.10266995561566991,0.004106038411458334,-0.07807169180481739,-0.010891113281250003,-0.046881680572569744
472,YbuG8xyUO-o$_$3,zero,T,False,0.2,13,3,1.50415035,0.11539714038372034,0.05639644374999997,0.035546875000000006,0.1595458578124999,0.025556640624999998,-0.10314941406249994,0.009990234375000007,0.99780269375,0.06904296875000002,0.9268554281249999,0.062067871093750004,-0.07094726562500009,-0.006975097656250012,-0.068576486044772,0.0016650390625000012,-0.04716763750203734,-0.0011625162760416686,-0.02881040019008775
472,YbuG8xyUO-o$_$3,zero,T,False,0.3,13,4,1.50415035,0.11539714038372034,0.16748042812499997,0.02978515625,0.3214110921874999,0.020136718749999994,-0.15393066406249994,0.009648437500000006,0.7844237875,0.02763671875000001,0.6772582601562499,0.03694946289062499,-0.10716552734375007,0.009312744140624982,-0.10233721763604438,0.0016080729166666676,-0.07124650544225491,0.001552124023437497,-0.042605881534548785
473,YbuG8xyUO-o$_$2,zero,T,False,0.1,15,2,1.9230957299999998,0.14869792163372034,0.21289065187499978,0.02324218750000001,0.15390627687499983,0.012299804687500002,0.05898437499999995,0.010942382812500009,1.7141113549999998,0.23476562500000006,1.6619873315624996,0.24798828125000005,-0.05212402343750022,0.013222656249999992,0.03067155909520992,0.0018237304687500015,-0.027104213024947647,0.0022037760416666655,0.0018987131451697358
473,YbuG8xyUO-o$_$2,zero,T,False,0.2,15,3,1.9230957299999998,0.14869792163372034,0.2822265893749998,0.029394531250000022,0.22527468507812481,0.010297851562500003,0.05695190429687497,0.01909667968750002,1.4040527612499998,0.16230468750000002,1.4558594018749997,0.19740234375000001,0.051806640624999956,0.03509765625,0.029614685214963146,0.0031827799479166702,0.02693917566226633,0.005849609374999999,0.016396562550036537
473,YbuG8xyUO-o$_$2,zero,T,False,0.3,15,5,1.9230957299999998,0.14869792163372034,0.5544433862499998,0.051171875000000006,0.4017151147656248,0.024394531250000004,0.15272827148437496,0.02677734375,0.8422851831249998,0.055078125000000006,1.0594482690624998,0.10984375000000002,0.2171630859375,0.05476562500000001,0.07941788319944519,0.004462890625,0.1129236416191608,0.00912760416666667,0.051483004902568165
474,Z7L3V5bwzI0$_$2,zero,A,False,0.1,27,3,2.55712888,1.1754557341337204,0.11914059875000005,0.05234375000000013,0.06867673156250005,0.03355468750000005,0.0504638671875,0.018789062500000085,0.46838376281250005,0.17109375000000004,0.5212280010937501,0.18925781250000007,0.05284423828125007,0.018164062500000022,0.019734573352019176,0.003131510416666681,0.020665449453529543,0.0030273437500000036,0.01163971924305385
474,Z7L3V5bwzI0$_$2,zero,A,False,0.2,27,6,2.55712888,1.1754557341337204,0.22827145812500005,0.09531250000000013,0.14418942687500005,0.06457031250000003,0.08408203125,0.0307421875000001,0.37109372375000005,0.13984375000000004,0.4522765850781251,0.16835937500000003,0.08118286132812508,0.02851562499999999,0.032881408139503646,0.0051236979166666835,0.031747648785100065,0.0047526041666666645,0.018626339751984262
474,Z7L3V5bwzI0$_$2,zero,A,False,0.3,27,9,2.55712888,1.1754557341337204,0.30859372375000005,0.12265625000000013,0.21649167296875005,0.09113281250000003,0.09210205078125,0.0315234375000001,0.30249020812500005,0.12265625000000013,0.38491818664062516,0.14804687500000005,0.08242797851562511,0.025390624999999917,0.03601774454305387,0.005253906250000016,0.03223456859204395,0.004231770833333319,0.019434497554607785
475,ZaoFHcbRM9g$_$3,zero,T,False,0.1,29,3,0.18286132,0.5809244841337203,0.917694083671875,0.38984375,-0.3160141072460938,0.10544921874999999,1.2337081909179688,0.28439453125,1.739654549140625,0.55234375,0.8294647298046873,0.26326171875000004,-0.9101898193359377,-0.28908203125,6.746650654535985,0.04739908854166667,-4.977459650167064,-0.048180338541666666,0.4421024385922304
475,ZaoFHcbRM9g$_$3,zero,T,False,0.2,29,6,0.18286132,0.5809244841337203,-0.439971931953125,0.05859375,-0.33618164875000006,0.17906249999999999,-0.10379028320312494,-0.12046874999999999,1.511810310859375,0.4609375000000001,1.0856384350468749,0.33378906250000007,-0.42617187581250016,-0.12714843750000004,-0.5675870414589782,-0.020078125,-2.330561461828222,-0.021191406250000006,-0.7348545086343
475,ZaoFHcbRM9g$_$3,zero,T,False,0.3,29,9,0.18286132,0.5809244841337203,-1.0677490315625,0.1953125,-0.8144088826367186,0.22125000000000009,-0.2533401489257814,-0.025937500000000085,1.3492431721875,0.3578125,1.0953460774609374,0.27591796875,-0.25389709472656263,-0.08189453124999996,-1.385414714883752,-0.004322916666666681,-1.3884604260000784,-0.01364908854166666,-0.6979617865230409
476,ZaoFHcbRM9g$_$2,zero,T,False,0.1,9,1,0.1870117,-0.09309895336627967,-0.05859376875,0.02773437499999999,-0.30799562421874993,0.01662353515625,0.24940185546874993,0.01111083984374999,0.9428711125,0.148583984375,0.8405630299194338,0.14384399414062504,-0.10230808258056623,-0.004739990234374963,1.3336091905456149,0.0018518066406249985,-0.5470648922803971,-0.0007899983723958273,0.19690152663336175
476,ZaoFHcbRM9g$_$2,zero,T,False,0.2,9,2,0.1870117,-0.09309895336627967,-0.17773439375,0.05166015624999999,-0.6660583683593752,0.02236083984375,0.48832397460937516,0.02929931640624999,0.966064471875,0.14140625,1.0580352970703126,0.06992294311523438,0.09197082519531263,-0.07148330688476563,2.6111808161123555,0.004883219401041665,0.49178919504029744,-0.011913884480794272,0.7739848365182251
476,ZaoFHcbRM9g$_$2,zero,T,False,0.3,9,3,0.1870117,-0.09309895336627967,-0.34570314375,0.06748046875000001,-0.6242981144531251,0.02765625,0.2785949707031251,0.03982421875000001,1.0914306828125,0.11424560546875001,1.2001632877929689,0.06095397949218749,0.10873260498046888,-0.05329162597656252,1.4897115046364504,0.006637369791666668,0.58141829394725,-0.00888193766276042,0.5172213076781517
477,ZaoFHcbRM9g$_$5,zero,T,False,0.1,14,2,1.277465795,0.03971354663372034,0.1961669668749999,0.0185546875,0.18854214998046864,0.03389427185058593,0.007624816894531261,-0.015339584350585932,1.3018798575,0.39785156250000003,1.3985595450000001,0.41173828125,0.09667968750000022,0.013886718749999971,0.005968700653805457,-0.002556597391764322,0.07568078315491576,0.0023144531249999953,0.020351834885489223
477,ZaoFHcbRM9g$_$5,zero,T,False,0.2,14,3,1.277465795,0.03971354663372034,0.3948974356249999,0.054589843750000006,0.2936097845629881,0.054302978515625,0.10128765106201182,0.0002868652343750028,0.8555907949999999,0.26230468749999997,1.1929443106250002,0.33952148437499996,0.33735351562500027,0.077216796875,0.07928789339844394,4.7810872395833794e-05,0.26408006606934964,0.012869466145833333,0.0890713091215057
477,ZaoFHcbRM9g$_$5,zero,T,False,0.3,14,5,1.277465795,0.03971354663372034,0.9840087637499999,0.18574218750000002,0.5029784903124999,0.0982861328125,0.48103027343750004,0.08745605468750002,0.3094482168749999,0.11894531250000001,0.86478268953125,0.22673828124999998,0.5553344726562501,0.10779296874999997,0.3765501188134601,0.014576009114583337,0.43471538738214344,0.01796549479166666,0.2109517525254634
478,ZaoFHcbRM9g$_$9,zero,T,False,0.1,6,1,1.82592777,-0.5026692658662797,1.67700198875,0.4236328125,0.724102818828125,0.21836914062500004,0.9528991699218751,0.20526367187499997,0.42565921531250006,0.1875,2.217091405253906,0.43721908569335943,1.7914321899414059,0.24971908569335943,0.521870943477097,0.03421061197916666,0.9811073790909193,0.0416198476155599,0.39470219554068564
478,ZaoFHcbRM9g$_$9,zero,T,False,0.2,6,2,1.82592777,-0.5026692658662797,1.98168948875,0.42646484375000004,0.525976598125,0.20145568847656253,1.455712890625,0.2250091552734375,0.03149410499999994,0.2113281250000001,2.274971036800781,0.43216583251953133,2.243476931800781,0.22083770751953125,0.7972451688928699,0.037501525878906254,1.2286771360751279,0.03680628458658854,0.5250575288583731
478,ZaoFHcbRM9g$_$9,zero,T,False,0.3,6,2,1.82592777,-0.5026692658662797,1.98168948875,0.42646484375000004,0.65286868796875,0.231588134765625,1.32882080078125,0.19487670898437504,0.03149410499999994,0.2113281250000001,2.1837692474492187,0.43014892578125,2.152275142449219,0.21882080078124994,0.7277506234710625,0.03247945149739584,1.178728972242011,0.03647013346354166,0.4938572951685027
479,ZaoFHcbRM9g$_$8,zero,T,False,0.1,8,1,3.34375,-0.8995442658662798,-0.021484375,0.0859375,0.0162109375,0.08738281249999999,-0.0376953125,-0.00144531249999999,3.9945068359375,0.8478515625000002,3.615400695800781,0.7756445312500001,-0.37910614013671884,-0.07220703125000005,-0.011273361114508825,-0.000240885416666665,-0.11337750332985884,-0.012034505208333343,-0.03423156376734192
479,ZaoFHcbRM9g$_$8,zero,T,False,0.2,8,2,3.34375,-0.8995442658662798,0.001953125,0.1460937499999999,0.11728515625,0.12960937499999994,-0.11533203125,0.016484374999999968,2.8912353515625,0.6240234375000001,2.410009765625,0.4806933593749999,-0.4812255859375001,-0.1433300781250002,-0.034491812114598244,0.002747395833333328,-0.14391788920212661,-0.0238883463541667,-0.04988766295938956
479,ZaoFHcbRM9g$_$8,zero,T,False,0.3,8,3,3.34375,-0.8995442658662798,0.09375,0.1539062499999999,0.293701171875,0.17642578124999994,-0.199951171875,-0.02251953125000003,2.2574462890625,0.41914062500000004,1.4654373168945312,0.3217578125,-0.7920089721679688,-0.09738281250000003,-0.0597984634247586,-0.0037532552083333385,-0.23686242551193817,-0.016230468750000004,-0.07916115322375752
480,Zvisaa77Cng$_$1,zero,V,False,0.1,18,2,1.12658693,0.4649088591337204,0.012695328437499986,0.049609374999999956,0.039569107734374984,0.024511718749999984,-0.026873779296874997,0.02509765624999997,0.197631851875,0.12226562499999993,0.19200441046875003,0.13644531249999994,-0.005627441406249961,0.01417968750000001,-0.02385413386851659,0.004182942708333329,-0.0049951195609294,0.0023632812500000017,-0.005575757367778165
480,Zvisaa77Cng$_$1,zero,V,False,0.2,18,4,1.12658693,0.4649088591337204,0.015167252265624986,0.09296874999999993,0.07783509894531249,0.041933593749999956,-0.0626678466796875,0.05103515624999998,0.21691896125,0.10429687499999996,0.13948976203125002,0.14546874999999998,-0.07742919921874997,0.041171875000000024,-0.05562623654212903,0.008505859374999996,-0.06872894441426332,0.006861979166666671,-0.02724683560368142
480,Zvisaa77Cng$_$1,zero,V,False,0.3,18,6,1.12658693,0.4649088591337204,0.035980240546874986,0.11835937499999993,0.09678651496093749,0.07087890624999996,-0.0608062744140625,0.04748046874999998,0.1967773596875,0.09101562499999993,0.12461549445312503,0.1344921875,-0.07216186523437496,0.043476562500000066,-0.05397383798889316,0.00791341145833333,-0.06405346916363196,0.007246093750000011,-0.02571695048604794
481,Zvisaa77Cng$_$5,zero,V,False,0.1,16,2,0.070434574,0.20397135913372036,-0.1460723840078125,0.03359374999999998,-0.09775352109277342,0.019824218749999983,-0.048318862915039076,0.013769531249999994,0.159301754125,0.13164062500000004,0.15006103146875,0.132275390625,-0.009240722656250006,0.00063476562499995,-0.6860008397892672,0.0022949218749999992,-0.13119397105005498,0.000105794270833325,-0.2036985236733722
481,Zvisaa77Cng$_$5,zero,V,False,0.2,16,4,0.070434574,0.20397135913372036,-0.245880123265625,0.05585937500000002,-0.2126068078359375,0.043388671875,-0.033273315429687506,0.012470703125000017,0.200317379125,0.11269531249999995,0.21343993771875,0.125185546875,0.01312255859375,0.012490234375000048,-0.47239361504582195,0.002078450520833336,0.18630583735641879,0.0020817057291666746,-0.0704819053598508
481,Zvisaa77Cng$_$5,zero,V,False,0.3,16,5,0.070434574,0.20397135913372036,-0.30810546506250003,0.066015625,-0.271380611546875,0.05590820312499998,-0.036724853515625044,0.010107421875000015,0.2109374963125,0.1021484375,0.22933349240625,0.117314453125,0.018395996093750006,0.015166015625000001,-0.5213963829644527,0.0016845703125000025,0.26117478781034714,0.0025276692708333334,-0.06400233889269305
482,_7HVhnSYX1Y$_$26,zero,V,False,0.1,16,2,0.5581054999999999,0.22408854663372035,-0.04785153125000008,0.03144531249999999,-0.059130828125000076,0.03454101562499999,0.011279296874999997,-0.0030957031250000017,0.4291991875000001,0.2275390625,0.34943844531250007,0.20763671875000003,-0.07976074218750001,-0.019902343749999968,0.02020993640998626,-0.0005159505208333336,-0.14291312175633147,-0.0033170572916666613,-0.0316340482897113
482,_7HVhnSYX1Y$_$26,zero,V,False,0.2,16,4,0.5581054999999999,0.22408854663372035,-0.12890621875000008,0.06718749999999996,-0.10383297656250008,0.06051757812499999,-0.025073242187499997,0.006669921874999964,0.3090820000000001,0.17363281249999996,0.30781246875000007,0.17490234375,-0.001269531250000011,0.0012695312500000389,-0.04492555128367077,0.0011116536458333273,-0.002274711457401072,0.00021158854166667315,-0.01146925513839296
482,_7HVhnSYX1Y$_$26,zero,V,False,0.3,16,5,0.5581054999999999,0.22408854663372035,-0.16162106250000008,0.08652343750000002,-0.12231442187500008,0.07176757812499998,-0.039306640625,0.014755859375000041,0.2734374687500001,0.1513671875,0.3008300468750001,0.16344726562500003,0.02739257812500001,0.012080078125000032,-0.07042856627722487,0.00245930989583334,0.0490812741385381,0.002013346354166672,-0.004218658972171688
483,_7HVhnSYX1Y$_$12,zero,V,False,0.1,19,2,0.22167969999999992,0.21412760913372034,0.034179699999999924,0.0031250000000000167,-0.03354490937500008,0.021152343750000014,0.067724609375,-0.018027343749999997,0.2529296750000001,0.16835937500000006,0.19628905000000002,0.14652343750000002,-0.056640625000000056,-0.02183593750000004,0.30550521256473845,-0.0030045572916666662,-0.2555054409337397,-0.0036393229166666735,0.010838972855666349
483,_7HVhnSYX1Y$_$12,zero,V,False,0.2,19,4,0.22167969999999992,0.21412760913372034,0.11132813749999992,0.008496093749999989,-0.06860350312500008,0.04193359375000002,0.179931640625,-0.03343750000000003,0.22167967500000008,0.14960937500000002,0.16831053437500004,0.12623046875000005,-0.05336914062500003,-0.02337890624999997,0.8116703015869223,-0.005572916666666671,-0.24074779908670466,-0.003896484374999995,0.14036327536463775
483,_7HVhnSYX1Y$_$12,zero,V,False,0.3,19,6,0.22167969999999992,0.21412760913372034,0.06250001249999992,0.02128906250000001,-0.07431639375000007,0.05483398437500002,0.13681640625,-0.03354492187500001,0.15429686250000008,0.112890625,0.17412108125000003,0.115673828125,0.019824218749999956,0.0027832031250000083,0.6171777978416707,-0.005590820312500001,0.08942690432680861,0.0004638671875000014,0.17536943726086981
484,_7HVhnSYX1Y$_$14,zero,V,False,0.1,10,1,0.22167968999999998,0.08829753100872034,0.047851564999999985,0.024072265625000006,0.026245119687499985,0.019243164062500005,0.0216064453125,0.0048291015625,0.31494140875,0.18520507812500003,0.36955566656250005,0.19439453125,0.05461425781250007,0.009189453124999969,0.0974665195804831,0.0008048502604166667,0.24636452463450953,0.0015315755208333282,0.08654186749906066
484,_7HVhnSYX1Y$_$14,zero,V,False,0.2,10,2,0.22167968999999998,0.08829753100872034,0.08886718999999998,0.04594726562500001,0.061254885312499986,0.03904296875,0.0276123046875,0.006904296875000014,0.23583984624999998,0.154931640625,0.295068361875,0.16541015625000002,0.05922851562500003,0.010478515625000018,0.12455890807404109,0.0011507161458333356,0.267179408477121,0.0017464192708333364,0.0986588629919572
484,_7HVhnSYX1Y$_$14,zero,V,False,0.3,10,3,0.22167968999999998,0.08829753100872034,0.16015625249999998,0.07573242187500001,0.07109375249999998,0.05503906249999999,0.0890625,0.02069335937500002,0.13427734624999998,0.117919921875,0.2668212915625,0.14451660156250004,0.13254394531250002,0.02659667968750004,0.4017602976605676,0.0034488932291666698,0.597904785087506,0.0044327799479166735,0.25188668898128924
485,_7HVhnSYX1Y$_$19,zero,T,False,0.1,13,2,1.00097658,0.004862472414970336,0.1065674003124999,0.05391845703125,-0.09394529500000011,0.024876346588134764,0.2005126953125,0.029042110443115235,0.3668213065624999,0.05831298828125,0.34370729289062485,0.11454345703124999,-0.023114013671875044,0.05623046874999999,0.2003168695471681,0.0048403517405192055,-0.023091439942016533,0.009371744791666666,0.047859381534334354
485,_7HVhnSYX1Y$_$19,zero,T,False,0.2,13,3,1.00097658,0.004862472414970336,0.1650390799999999,0.08663330078125,-0.0763580147265626,0.04293258666992188,0.2413970947265625,0.04370071411132813,0.3420410331249999,0.02154541015625,0.29320070109374985,0.09111114501953127,-0.048840332031250044,0.06956573486328127,0.2411613402235868,0.0072834523518880215,-0.04879263332876052,0.011594289143880212,0.052811612097648626
485,_7HVhnSYX1Y$_$19,zero,T,False,0.3,13,4,1.00097658,0.004862472414970336,0.1673584159374999,0.10108642578125002,-0.05463255085937511,0.04046295166015625,0.221990966796875,0.060623474121093764,0.3542480643749999,0.014123535156249999,0.1845749076367186,0.10743896484375001,-0.1696731567382813,0.0933154296875,0.2217741648088412,0.010103912353515628,-0.16950744964565673,0.015552571614583335,0.01948079978282086
486,_7HVhnSYX1Y$_$31,zero,T,False,0.1,13,2,1.44750973,0.5031901091337203,-0.10913089500000006,0.06132812500000007,-0.20014041648437503,0.09298828125000003,0.09100952148437497,-0.03166015624999996,0.23681637062499994,0.15742187500000004,0.4572021128125,0.09568359375000005,0.22038574218750007,-0.06173828125,0.06287312390725765,-0.005276692708333326,0.15225154302483138,-0.010289713541666667,0.04988956517052226
486,_7HVhnSYX1Y$_$31,zero,T,False,0.2,13,3,1.44750973,0.5031901091337203,-0.06518558250000006,0.06796875000000002,-0.18198245750000003,0.10605468750000005,0.11679687499999997,-0.03808593750000003,0.11401363624999994,0.16914062500000004,0.31153560890625,0.11214843750000003,0.19752197265625004,-0.05699218750000001,0.08068808926894792,-0.006347656250000004,0.13645630983077414,-0.009498697916666668,0.05032451123326385
486,_7HVhnSYX1Y$_$31,zero,T,False,0.3,13,4,1.44750973,0.5031901091337203,-0.03833011375000006,0.076171875,-0.13099979148437502,0.11134765625000002,0.09266967773437496,-0.035175781250000024,0.04406734718749994,0.17148437500000002,0.21088864693749998,0.12476562500000003,0.16682129975000004,-0.04671874999999999,0.06402002818616409,-0.005862630208333337,0.11524702117406761,-0.007786458333333332,0.04140449020464126
487,_7HVhnSYX1Y$_$3,zero,V,False,0.1,23,3,0.0947266,0.15572917163372035,0.0917969125,0.04052734375,0.043896521875,0.026704101562499992,0.047900390625,0.013823242187500008,0.2050781625,0.12656250000000002,0.3425293343749999,0.15783203125,0.1374511718749999,0.03126953124999998,0.5056645647625402,0.002303873697916668,1.4510150354806826,0.005211588541666663,0.4910487656207015
487,_7HVhnSYX1Y$_$3,zero,V,False,0.2,23,5,0.0947266,0.15572917163372035,0.151367225,0.06171874999999999,0.08310550624999999,0.04123046874999999,0.06826171875,0.020488281249999997,0.12988285,0.09355468749999998,0.2974121468749999,0.135595703125,0.1675292968749999,0.04204101562500001,0.7206106641570145,0.003414713541666666,1.7685373309890666,0.0070068359375000016,0.624892386156312
487,_7HVhnSYX1Y$_$3,zero,V,False,0.3,23,7,0.0947266,0.15572917163372035,0.2089844125,0.0806640625,0.12431644374999999,0.05759765625,0.08466796875,0.023066406249999998,0.1074219125,0.0810546875,0.2461914437499999,0.11205078125000001,0.1387695312499999,0.03099609375000001,0.8938046435252239,0.003844401041666666,1.4649324088227709,0.005166015625000002,0.5919368672536653
488,_BvNNdEkhZA$_$14,zero,T,False,0.1,15,2,0.9483642800000001,-0.3102864533662797,1.4770508034375,0.370654296875,0.2886017067578125,0.059504394531250004,1.1884490966796877,0.31114990234375,1.204956076875,0.09355468750000001,1.8207458717968747,0.2790026855468751,0.6157897949218747,0.18544799804687506,1.25315542622953,0.051858317057291665,0.6493171016571533,0.030907999674479176,0.49630971115461353
488,_BvNNdEkhZA$_$14,zero,T,False,0.2,15,3,0.9483642800000001,-0.3102864533662797,1.5385742409375,0.39306640625,0.4325241310742188,0.06584228515624999,1.1060501098632813,0.32722412109375,1.07189943625,0.011132812499999978,1.7942718727734372,0.2993762207031251,0.7223724365234372,0.2882434082031251,1.1662701420947013,0.054537353515625,0.7617027444566898,0.04804056803385418,0.5076377020252175
488,_BvNNdEkhZA$_$14,zero,T,False,0.3,15,5,0.9483642800000001,-0.3102864533662797,1.6496582253125,0.41059570312500004,0.8777130348828125,0.111097412109375,0.7719451904296876,0.29949829101562503,0.9927978737500001,0.0283203125,1.5423202736523436,0.26734619140625004,0.5495223999023435,0.23902587890625004,0.8139745377748198,0.0499163818359375,0.5794417103738166,0.03983764648437501,0.37079256911723724
489,_BvNNdEkhZA$_$19,zero,V,False,0.1,32,4,0.5629883000000001,0.47936198413372033,0.06298830000000011,0.009765625,-0.05412595781249989,0.006542968750000017,0.1171142578125,0.0032226562499999833,0.4458007624999999,0.109375,0.30380857499999997,0.07783203125000002,-0.14199218749999992,-0.03154296874999998,0.20802217344539226,0.0005371093749999972,-0.2522111654697521,-0.00525716145833333,-0.012227261026923288
489,_BvNNdEkhZA$_$19,zero,V,False,0.2,32,7,0.5629883000000001,0.47936198413372033,0.009277362500000108,0.002343749999999978,-0.08886716874999986,0.009941406250000024,0.09814453124999997,-0.007597656250000046,0.4008788874999999,0.08515625000000004,0.28217771562499994,0.06617187499999998,-0.11870117187499996,-0.018984375000000067,0.17432752496361822,-0.0012662760416666744,-0.2108409020828636,-0.003164062500000011,-0.010235928915228017
489,_BvNNdEkhZA$_$19,zero,V,False,0.3,32,10,0.5629883000000001,0.47936198413372033,-0.021484356249999892,0.003515625000000022,-0.12165525468749987,0.01585937500000003,0.10017089843749998,-0.012343750000000007,0.3627929499999999,0.07265624999999998,0.26347654374999996,0.05601562499999999,-0.09931640624999993,-0.016640624999999985,0.17792682460838946,-0.0020572916666666678,-0.1764090476497509,-0.0027734374999999977,-0.0008282380520070243
490,_BvNNdEkhZA$_$7,zero,T,False,0.1,23,3,0.5771485,0.28170573413372035,0.54736334375,0.12285156249999996,0.22653814843749992,0.03501953125,0.32082519531250003,0.08783203124999996,0.77783209375,0.09707031249999998,0.8661743789062498,0.16806640625,0.08834228515624987,0.07099609375000002,0.5558788412924208,0.014638671874999993,0.15306655408390699,0.011832682291666669,0.18385418738574863
490,_BvNNdEkhZA$_$7,zero,T,False,0.2,23,5,0.5771485,0.28170573413372035,0.72314459375,0.14687499999999998,0.3138916640624999,0.05090820312500001,0.40925292968750004,0.09596679687499997,0.57666021875,0.08183593749999996,0.8375122695312498,0.1634765625,0.26085205078124984,0.08164062500000005,0.7090934492492847,0.015994466145833327,0.45196617303012454,0.013606770833333342,0.29766521481464403
490,_BvNNdEkhZA$_$7,zero,T,False,0.3,23,7,0.5771485,0.28170573413372035,0.7792969375,0.16484374999999996,0.28182379296874993,0.04530273437500002,0.49747314453125,0.11954101562499994,0.47705084374999995,0.0537109375,0.8756470351562499,0.17482421875,0.3985961914062499,0.12111328125000001,0.8619484978003966,0.019923502604166657,0.690629016236261,0.020185546875,0.39817164087895607
491,_BvNNdEkhZA$_$6,zero,T,False,0.1,28,3,1.1877441499999999,-0.31555989086627967,0.7753906343749999,0.18203125,0.07554932578124988,0.025458984375000004,0.69984130859375,0.156572265625,1.0886230562499999,0.13046875,1.8399734590820311,0.37836186408996586,0.7513504028320312,0.24789311408996587,0.5892184098531155,0.026095377604166668,0.6325855364107623,0.04131551901499431,0.3223037107207597
491,_BvNNdEkhZA$_$6,zero,T,False,0.2,28,6,1.1877441499999999,-0.31555989086627967,0.8274231050781249,0.18017578125,0.1631164644531249,0.03698242187500001,0.664306640625,0.143193359375,0.8352356050781249,0.07695312499999998,1.5859649751953124,0.2886849594116211,0.7507293701171875,0.2117318344116211,0.5593006552163148,0.023865559895833333,0.6320626694347585,0.035288639068603515,0.31262938090387754
491,_BvNNdEkhZA$_$6,zero,T,False,0.3,28,9,1.1877441499999999,-0.31555989086627967,0.9715576265624999,0.09941406249999998,0.3873722170166015,0.0762408447265625,0.5841854095458984,0.023173217773437477,0.6817016695312499,0.09765625,1.2068893526367188,0.20193634033203126,0.5251876831054689,0.10428009033203126,0.4918440707132321,0.0038622029622395796,0.4421720291642269,0.01738001505533854,0.2388145794737593
492,_BvNNdEkhZA$_$9,zero,T,False,0.1,16,2,1.5117188,-0.026180008053779666,0.09741215937499992,0.062036132812500006,-0.07825922734375008,0.023609619140625,0.17567138671875,0.03842651367187501,0.8291016124999999,0.0863037109375,0.7805969738281251,0.0403386402130127,-0.04850463867187482,-0.0459650707244873,0.11620631463499387,0.006404418945312501,-0.032085733528048534,-0.007660845120747883,0.020716038732877487
492,_BvNNdEkhZA$_$9,zero,T,False,0.2,16,4,1.5117188,-0.026180008053779666,0.10986333124999992,0.0693603515625,-0.15405573613281262,0.037825927734375,0.26391906738281257,0.031534423828125005,0.2867432140624999,0.004833984375000003,0.39932408564453115,0.05723815917968751,0.11258087158203123,0.05240417480468751,0.17458200083296693,0.005255737304687501,0.07447204937186855,0.008734029134114585,0.0657609541609094
492,_BvNNdEkhZA$_$9,zero,T,False,0.3,16,5,1.5117188,-0.026180008053779666,0.15869145624999992,0.0857666015625,-0.09443201787109383,0.0478271484375,0.25312347412109376,0.037939453125,0.05603032343749992,0.020336914062500003,0.24937309950439443,0.05486053466796874,0.1933427760668945,0.034523620605468736,0.16744073479827,0.0063232421875000005,0.12789590773825582,0.005753936767578123,0.07685345537290099
493,_aZDaIfGfPo$_$1,zero,T,False,0.1,45,5,2.37646484,1.1277994841337204,0.42953490835937513,0.2210937500000001,0.07371215445312514,0.029804687500000093,0.35582275390625,0.1912890625,0.6998290978125001,0.16718750000000004,1.2391738854101564,0.3795898437500001,0.5393447875976562,0.21240234375000006,0.14972769560459998,0.03188151041666667,0.2269524680386974,0.03540039062500001,0.110990516171241
493,_aZDaIfGfPo$_$1,zero,T,False,0.2,45,9,2.37646484,1.1277994841337204,0.7734374962500001,0.3320312500000001,0.11248778921875013,0.04683593750000007,0.66094970703125,0.2851953125,0.37377929312500013,0.06093750000000009,1.1511795006445316,0.3592773437500001,0.7774002075195314,0.29833984375,0.27812295716872154,0.04753255208333334,0.327124503300048,0.049723307291666664,0.17562582996094236
493,_aZDaIfGfPo$_$1,zero,T,False,0.3,45,14,2.37646484,1.1277994841337204,1.0332031212500001,0.3984375000000001,0.27096252066406273,0.1015234375000001,0.7622406005859375,0.2969140625,0.12573241812500013,0.00390625,0.8373290978125002,0.2632031250000001,0.7115966796875001,0.2592968750000001,0.3207454480330074,0.04948567708333334,0.299434844679905,0.04321614583333335,0.17822052890739476
494,_aZDaIfGfPo$_$0,zero,V,False,0.1,21,3,1.32031246,0.8309244841337203,0.17871089750000002,0.06015625000000002,0.16408687406250005,0.05289062499999997,0.014624023437499967,0.007265625000000053,0.98828121,0.289453125,1.0486816006250002,0.3075390625,0.06040039062500013,0.018085937500000038,0.011076175378458966,0.0012109375000000089,0.045747008157441746,0.003014322916666673,0.015262110988141848
494,_aZDaIfGfPo$_$0,zero,V,False,0.2,21,5,1.32031246,0.8309244841337203,0.2919921475,0.09921875000000002,0.27651363187500005,0.09062499999999998,0.015478515624999967,0.008593750000000039,0.8505858975,0.255859375,0.88671871,0.26931640625000003,0.0361328125,0.013457031250000029,0.011723364256999975,0.001432291666666673,0.027366844006876976,0.0022428385416666716,0.010691334618052575
494,_aZDaIfGfPo$_$0,zero,V,False,0.3,21,7,1.32031246,0.8309244841337203,0.412109335,0.14101562499999998,0.3768310146875001,0.12355468749999995,0.035278320312499944,0.017460937500000023,0.724609335,0.21953124999999996,0.7624023037500001,0.2374609375,0.037792968750000044,0.01792968750000004,0.026719655128335924,0.002910156250000004,0.028624239542328112,0.002988281250000007,0.015310583042666012
495,_gr7o5ynhnw$_$13,zero,T,False,0.1,34,4,0.39257809999999993,0.20924479663372034,0.18652341249999993,0.0322265625,0.07968747499999992,0.010478515625000013,0.1068359375,0.02174804687499999,0.33007809999999993,0.009960937500000017,0.48408200624999986,0.05870117187500001,0.15400390624999993,0.048740234375,0.27213862760396573,0.0036246744791666647,0.39228758293551536,0.008123372395833333,0.16904356435362028
495,_gr7o5ynhnw$_$13,zero,T,False,0.2,34,7,0.39257809999999993,0.20924479663372034,0.28808591249999993,0.04609375000000002,0.08530270937499992,0.012871093750000007,0.202783203125,0.03322265625000001,0.15673825624999993,0.0146484375,0.4287597406249999,0.06482421875000001,0.27202148437499996,0.05017578125000001,0.5165410056852239,0.005537109375000002,0.6929087268654903,0.008362630208333334,0.30583736803351186
495,_gr7o5ynhnw$_$13,zero,T,False,0.3,34,11,0.39257809999999993,0.20924479663372034,0.38769528749999993,0.06191406250000006,0.12021481874999988,0.021430664062500004,0.26748046875000003,0.040483398437500054,0.04150388124999993,0.008398437499999994,0.3266845453124999,0.04898437500000001,0.2851806640625,0.040585937500000016,0.6813415914143165,0.006747233072916675,0.7264285441137851,0.006764322916666669,0.3553204228794212
496,_gr7o5ynhnw$_$12,zero,T,False,0.1,14,2,0.8925781399999999,0.3820963591337203,0.1474609524999999,0.046679687499999956,-0.02539061000000009,0.0226953125,0.1728515625,0.023984374999999957,0.2324218899999999,0.014843750000000044,0.5054931790624998,0.07164062499999997,0.2730712890624999,0.05679687499999993,0.19365404674368708,0.003997395833333326,0.3059351006819406,0.009466145833333321,0.12826317227307357
496,_gr7o5ynhnw$_$12,zero,T,False,0.2,14,3,0.8925781399999999,0.3820963591337203,0.1669922024999999,0.05136718749999991,-0.0647216646875001,0.02349609375000002,0.2317138671875,0.02787109374999989,0.1992187649999999,0.014062500000000089,0.5662841946874998,0.09228515624999997,0.3670654296874999,0.07822265624999988,0.2596003612491997,0.004645182291666649,0.4112413266654427,0.01303710937499998,0.17213099489532727
496,_gr7o5ynhnw$_$12,zero,T,False,0.3,14,5,0.8925781399999999,0.3820963591337203,0.3974609524999999,0.09121093749999998,0.032885757187499906,0.034775390625,0.3645751953125,0.05643554687499998,0.011718735000000091,0.03750000000000009,0.42592774937499983,0.07345703124999997,0.41420901437499974,0.03595703124999988,0.40845139548354226,0.009405924479166662,0.464058586866594,0.005992838541666647,0.2219771863427424
497,_gr7o5ynhnw$_$15,zero,T,False,0.1,48,5,3.5385742700000002,1.5254557341337205,0.33007817625000024,0.1585937500000001,0.08149419187500025,0.036328125000000114,0.248583984375,0.12226562499999998,1.4699707543750002,0.5851562500000002,2.3344528710742187,0.9304296875,0.8644821166992185,0.34527343749999984,0.07024973765076925,0.020377604166666664,0.2443023111669512,0.05754557291666664,0.09811880647526343
497,_gr7o5ynhnw$_$15,zero,T,False,0.2,48,10,3.5385742700000002,1.5254557341337205,0.7849121606250002,0.36250000000000004,0.20063481687500023,0.08589843750000008,0.58427734375,0.27660156249999995,0.8496094262500002,0.3250000000000002,1.708447316875,0.6828125,0.8588378906249998,0.35781249999999987,0.16511655091909347,0.04610026041666666,0.24270725506568064,0.05963541666666664,0.12838987076702685
497,_gr7o5ynhnw$_$15,zero,T,False,0.3,48,15,3.5385742700000002,1.5254557341337205,1.2657471215625002,0.5351562500000001,0.36129155515625017,0.1551171875000001,0.9044555664062501,0.3800390625,0.5253906762500002,0.2015625000000001,1.2272034203906255,0.4873046875000001,0.7018127441406252,0.2857421875,0.25559879256327084,0.06333984375,0.19833200952105934,0.04762369791666667,0.1412235859377492
498,_gzYkdjNvPc$_$12,zero,V,False,0.1,9,1,0.5307616999999999,0.14069010913372035,0.07519529374999989,0.020410156250000006,0.06916502031249987,0.017685546875000003,0.006030273437500025,0.0027246093750000026,0.6362304499999999,0.21953124999999998,0.6539550593749998,0.22496093750000004,0.017724609374999867,0.005429687500000058,0.011361524533468583,0.00045410156250000046,0.03339460247489107,0.0009049479166666763,0.011528794121881583
498,_gzYkdjNvPc$_$12,zero,V,False,0.2,9,2,0.5307616999999999,0.14069010913372035,0.1386718562499999,0.03925781249999999,0.13977048906249986,0.036816406249999996,-0.0010986328124999722,0.002441406249999993,0.5415038874999999,0.17773437500000003,0.5643066218749998,0.182802734375,0.02280273437499991,0.00506835937499997,-0.0020699133765427987,0.0004069010416666655,0.04296220208202256,0.000844726562499995,0.010535979077411606
498,_gzYkdjNvPc$_$12,zero,V,False,0.3,9,3,0.5307616999999999,0.14069010913372035,0.2265624812499999,0.06328125000000001,0.2188232234374999,0.060664062500000004,0.007739257812499983,0.0026171875000000067,0.4545898249999999,0.14160156250000003,0.4802245906249998,0.14786132812500002,0.02563476562499989,0.006259765624999997,0.014581389785868495,0.0004361979166666678,0.048297978785999646,0.0010432942708333327,0.016089715189842035
499,_gzYkdjNvPc$_$17,zero,T,False,0.1,17,2,2.76367186,-0.9823567658662797,0.3466796725000001,0.14375000000000004,0.04689939906250009,0.038515625000000005,0.2997802734375,0.10523437500000005,2.369415268203125,0.5734375,3.5369582979882823,1.0063909912109374,1.1675430297851572,0.4329534912109374,0.10847169278837872,0.017539062500000008,0.42246064890080987,0.0721589152018229,0.15515757984775289
499,_gzYkdjNvPc$_$17,zero,T,False,0.2,17,4,2.76367186,-0.9823567658662797,0.6708984225000001,0.20937499999999998,0.14023436000000009,0.09898437499999999,0.5306640625,0.11039062499999999,1.499267563125,0.31718749999999996,2.7246398775781255,0.7935432434082033,1.2253723144531254,0.4763557434082033,0.1920140658399055,0.0183984375,0.44338544267975527,0.07939262390136721,0.183297642480257
499,_gzYkdjNvPc$_$17,zero,T,False,0.3,17,6,2.76367186,-0.9823567658662797,1.4185790865625,0.41875000000000007,0.44162596156250017,0.11830078124999999,0.9769531249999999,0.3004492187500001,0.5976562350000001,0.004687499999999956,1.9513877718652348,0.5183984375000001,1.3537315368652347,0.5137109375000002,0.3534981072253247,0.05007486979166668,0.4898306005962061,0.08561848958333336,0.2447555167991327
500,_gzYkdjNvPc$_$1,zero,T,False,0.1,26,3,0.5808105299999999,-0.22649739086627968,1.9122314284375,0.4283203125,0.32834470968749996,0.052097473144531246,1.58388671875,0.3762228393554688,1.674316389375,0.45156250000000003,2.203515608125,0.7510742187500001,0.5291992187500001,0.2995117187500001,2.727023547122076,0.0627038065592448,0.9111375918277658,0.04991861979166668,0.9376958913251883
500,_gzYkdjNvPc$_$1,zero,T,False,0.2,26,6,0.5808105299999999,-0.22649739086627968,2.255859358125,0.41582031250000007,0.7067321608593751,0.1222422790527344,1.5491271972656249,0.2935780334472657,1.34204099875,0.32080078125,2.02535398703125,0.5805273437500001,0.6833129882812501,0.25972656250000015,2.6671770742320233,0.04892967224121095,1.1764797236054356,0.04328776041666669,0.9839685576238342
500,_gzYkdjNvPc$_$1,zero,T,False,0.3,26,8,0.5808105299999999,-0.22649739086627968,2.32055662375,0.48476562500000003,0.8443496535351563,0.14976196289062502,1.4762069702148435,0.33500366210937504,1.234527571015625,0.19716796875,2.0043227980664065,0.51866455078125,0.7697952270507815,0.32149658203125,2.541628211504072,0.05583394368489584,1.325378693929822,0.053582763671875,0.9941059031976661
501,_gzYkdjNvPc$_$3,zero,V,False,0.1,16,2,1.1645507400000001,0.017887374758720338,0.06713863062500014,0.0188720703125,0.05433345484375014,0.013021240234375,0.012805175781249997,0.005850830078124999,0.5898437087500001,0.163427734375,0.6298095290625,0.17357421874999998,0.039965820312499845,0.010146484374999987,0.010995798075274866,0.0009751383463541666,0.03431863002712086,0.0016910807291666645,0.011995161794479138
501,_gzYkdjNvPc$_$3,zero,V,False,0.2,16,4,1.1645507400000001,0.017887374758720338,0.14160152125000014,0.03647460937500001,0.13013911890625013,0.03055908203125,0.011462402343750011,0.005915527343750008,0.48437495875000014,0.12436523437500001,0.5229247634374999,0.13302246093749998,0.0385498046874998,0.008657226562499967,0.009842759192262261,0.0009859212239583346,0.033102698114125695,0.0014428710937499946,0.01134356240602407
501,_gzYkdjNvPc$_$3,zero,V,False,0.3,16,5,1.1645507400000001,0.017887374758720338,0.18798824000000014,0.044384765625,0.17109370875000013,0.03967041015625,0.01689453125000001,0.0047143554687500006,0.43847652125000014,0.11098632812500002,0.46887202906250014,0.11717773437500001,0.0303955078125,0.0061914062499999895,0.014507325582631486,0.0007857259114583334,0.026100607442740155,0.001031901041666665,0.01060638999462416
502,_gzYkdjNvPc$_$2,zero,T,False,0.1,6,1,3.04589846,-0.9620442658662798,0.4619140850000001,0.07500000000000007,0.3583496318750001,0.15501953124999995,0.10356445312500001,-0.08001953124999989,4.3925781475,1.6824218750000002,4.274011252968751,1.4745068359375,-0.11856689453124947,-0.2079150390625002,0.03400127104819146,-0.013336588541666647,-0.038926726271933304,-0.0346525065104167,-0.013228637568956298
502,_gzYkdjNvPc$_$2,zero,T,False,0.2,6,2,3.04589846,-0.9620442658662798,2.597015403359375,1.01015625,1.139849876015625,0.40021728515625005,1.45716552734375,0.6099389648437501,1.7249756084375,0.441015625,3.2265091167382822,1.0681445312500002,1.5015335083007821,0.6271289062500002,0.47840237226469384,0.10165649414062501,0.4929688349925976,0.10452148437500003,0.2943872964432291
502,_gzYkdjNvPc$_$2,zero,T,False,0.3,6,2,3.04589846,-0.9620442658662798,2.597015403359375,1.01015625,1.078355430214844,0.33017578125,1.5186599731445312,0.6799804687500001,1.7249756084375,0.441015625,3.3165268169335946,1.153095703125,1.5915512084960945,0.712080078125,0.49859162887291464,0.11333007812500001,0.5225225682584068,0.11868001302083332,0.31328107206928874
503,_gzYkdjNvPc$_$5,zero,T,False,0.1,16,2,1.490112317,-0.02442219555377966,0.2060546998124999,0.014941406250000004,0.05073262492236319,0.02049804687500001,0.15532207489013672,-0.005556640625000005,0.3745727662187499,0.1923095703125,0.4176881913286131,0.1248486328125,0.043115425109863215,-0.06746093750000001,0.10423507602954785,-0.0009261067708333341,0.028934326415299878,-0.011243489583333335,0.030249951522670262
503,_gzYkdjNvPc$_$5,zero,T,False,0.2,16,4,1.490112317,-0.02442219555377966,0.2294921998124999,0.03107910156250001,0.0947631959062499,0.04254150390625001,0.13472900390625,-0.011462402343749997,0.5038757447343749,0.2040283203125,0.22891694346484365,0.14347167968750002,-0.27495880126953126,-0.06055664062499999,0.09041527403935684,-0.0019104003906249996,-0.1845220750211786,-0.010092773437499999,-0.026527493702486686
503,_gzYkdjNvPc$_$5,zero,T,False,0.3,16,5,1.490112317,-0.02442219555377966,0.2104492310624999,0.038500976562500004,0.0629943970781249,0.05828125000000001,0.147454833984375,-0.019780273437500002,0.4628601197343749,0.18684082031250002,0.2128103140932006,0.12387207031249999,-0.2500498056411743,-0.06296875000000003,0.09895545010042683,-0.003296712239583334,-0.16780589958392697,-0.010494791666666671,-0.020660488347437535
504,_gzYkdjNvPc$_$4,zero,T,False,0.1,22,3,1.1364746000000001,0.07291667163372034,0.3146972562500001,0.029736328125000003,0.06964110390625011,0.007360839843750001,0.24505615234375,0.02237548828125,0.7165527250000001,0.08378906250000001,1.0458984281250001,0.19800781250000002,0.329345703125,0.11421875000000001,0.2156281686502992,0.003729248046875,0.2897956657626437,0.019036458333333336,0.13204738519828782
504,_gzYkdjNvPc$_$4,zero,T,False,0.2,22,5,1.1364746000000001,0.07291667163372034,0.3752441312500001,0.037109375,0.13756102578125012,0.010396728515624998,0.23768310546875,0.026712646484375,0.4550781156250001,0.033251953125,0.7874633695312501,0.12758300781249998,0.33238525390624996,0.09433105468749999,0.2091405266146937,0.004452107747395834,0.2924702069329513,0.015721842447916665,0.13044617093573935
504,_gzYkdjNvPc$_$4,zero,T,False,0.3,22,7,1.1364746000000001,0.07291667163372034,0.5202636625000001,0.05908203125,0.1412719632812501,0.014428710937500006,0.37899169921875,0.044653320312499994,0.1831054593750001,0.009960937500000003,0.67237547890625,0.09898193359375002,0.48927001953124993,0.08902099609375001,0.33347983821100075,0.007442220052083333,0.43051519938593485,0.014836832682291669,0.19656852258282764
505,_gzYkdjNvPc$_$6,zero,T,False,0.1,18,2,1.6928710800000002,-0.48938801586627967,2.393310533125,0.43876953125,0.30085447843750013,0.055512695312500006,2.0924560546875,0.3832568359375,1.6865234237500002,0.36787109375,2.8359924178906257,0.6351356506347655,1.1494689941406255,0.2672645568847655,1.2360390837608357,0.06387613932291666,0.6790052288774385,0.044544092814127585,0.5058661361938296
505,_gzYkdjNvPc$_$6,zero,T,False,0.2,18,4,1.6928710800000002,-0.48938801586627967,2.369384751875,0.417431640625,0.6924804550000001,0.12616455078125002,1.676904296875,0.29126708984374994,1.4522704940625002,0.273046875,2.4527450424023445,0.43478149414062506,1.0004745483398443,0.16173461914062504,0.9905676374998162,0.04854451497395832,0.5909924087943161,0.02695576985677084,0.4142650827812154
505,_gzYkdjNvPc$_$6,zero,T,False,0.3,18,6,1.6928710800000002,-0.48938801586627967,2.36474608,0.40615234375,0.8064987045117189,0.11865234375,1.5582473754882813,0.2875,1.2482910018750002,0.169921875,2.292712388593751,0.36602783203125,1.0444213867187506,0.19610595703125,0.9204755597884757,0.04791666666666666,0.616952337425726,0.032684326171875,0.4045072225131858
506,_gzYkdjNvPc$_$9,zero,V,False,0.1,15,2,0.4501953000000001,-0.3186848908662797,0.10595701875000008,0.03457031250000009,0.09936522187500008,0.033955078125000045,0.006591796875,0.0006152343750000441,0.6801757687500001,0.21240234375000006,0.6984863156250002,0.21951660156250002,0.01831054687500011,0.007114257812499969,0.014642050312274888,0.00010253906250000736,0.040672361978541606,0.0011857096354166614,0.014150665247183291
506,_gzYkdjNvPc$_$9,zero,V,False,0.2,15,3,0.4501953000000001,-0.3186848908662797,0.15039061250000008,0.05039062500000002,0.14980467500000003,0.051298828125000064,0.00058593750000005,-0.0009082031250000414,0.6059570187500001,0.19511718750000004,0.6078857296875002,0.1957666015625,0.0019287109375001332,0.0006494140624999645,0.0013015155833134343,-0.00015136718750000688,0.004284155461739985,0.00010823567708332742,0.001385634883659185
506,_gzYkdjNvPc$_$9,zero,V,False,0.3,15,5,0.4501953000000001,-0.3186848908662797,0.23974608125000008,0.08085937500000004,0.24782713593750003,0.08443359375000004,-0.00808105468749995,-0.0035742187499999967,0.4873046750000001,0.16132812500000004,0.4805175656250002,0.16064453125000006,-0.006787109374999878,-0.0006835937499999889,-0.017950069086529474,-0.0005957031249999994,-0.015075888840045725,-0.00011393229166666481,-0.008433898335810467
507,a-WihYDk6vc$_$8,zero,T,False,0.1,32,4,0.27734375999999994,0.3453776091337204,0.13574219749999994,0.012109375000000089,-0.10119627906250006,0.03924804687499998,0.2369384765625,-0.027138671874999888,0.6000976462500001,0.359765625,0.35014647437500007,0.2896484374999999,-0.249951171875,-0.07011718750000007,0.854310269148406,-0.004523111979166648,-0.9012291123690243,-0.011686197916666677,-0.015782038279112894
507,a-WihYDk6vc$_$8,zero,T,False,0.2,32,7,0.27734375999999994,0.3453776091337204,0.16015625999999994,0.0015625000000000222,-0.16530760718750007,0.07127929687499995,0.3254638671875,-0.06971679687499993,0.5949706931250001,0.324609375,0.27828368140625004,0.24134765624999996,-0.31668701171875,-0.08326171875000002,1.1734992476061206,-0.011619466145833321,-1.1418532360905254,-0.013876953125000003,0.001537398061190473
507,a-WihYDk6vc$_$8,zero,T,False,0.3,32,10,0.27734375999999994,0.3453776091337204,0.05468750999999994,0.04218749999999993,-0.14262694312500007,0.08619140624999996,0.197314453125,-0.04400390625000003,0.47729491187500006,0.26249999999999996,0.2836669821875001,0.2125195312499999,-0.19362792968749998,-0.04998046875000006,0.7114410711238968,-0.007333984375000005,-0.6981488660088622,-0.00833007812500001,-0.0005929643462413516
508,a-WihYDk6vc$_$0,zero,A,False,0.1,15,2,1.31250004,0.6289713591337204,0.07617191499999998,0.051953125000000044,0.05512699312499998,0.042539062500000044,0.021044921874999997,0.0094140625,0.20849613374999998,0.17460937500000007,0.24072269624999992,0.187734375,0.032226562499999944,0.013124999999999942,0.016034213485270836,0.0015690104166666667,0.024553551972804493,0.0021874999999999902,0.011086068968685496
508,a-WihYDk6vc$_$0,zero,A,False,0.2,15,3,1.31250004,0.6289713591337204,0.11279300874999998,0.07148437500000004,0.07011722749999998,0.059042968750000036,0.04267578125,0.012441406250000009,0.17089847749999998,0.15898437500000007,0.23808597749999993,0.18050781250000006,0.06718749999999996,0.021523437499999992,0.03251485518822904,0.002073567708333335,0.051190435628150024,0.003587239583333332,0.022341524527011433
508,a-WihYDk6vc$_$0,zero,A,False,0.3,15,5,1.31250004,0.6289713591337204,0.15332035249999998,0.10507812500000002,0.10664066499999998,0.09234375000000004,0.0466796875,0.012734374999999978,0.15966800874999998,0.14335937500000007,0.20993656343749995,0.15859375000000003,0.05026855468749997,0.015234374999999967,0.03556544800909263,0.00212239583333333,0.038299820842427654,0.0025390624999999944,0.019631681796213402
509,aFhc2ddipoM$_$14,zero,T,False,0.1,32,4,1.2695311999999999,0.5254557341337204,0.29833979374999986,0.0703125,0.01997065312499986,0.013007812500000004,0.278369140625,0.05730468749999999,0.09179682499999986,0.021093750000000022,0.44658198124999976,0.12497070312500003,0.3547851562499999,0.103876953125,0.21926906668850152,0.00955078125,0.279461329338476,0.017312825520833335,0.13139850069945272
509,aFhc2ddipoM$_$14,zero,T,False,0.2,32,7,1.2695311999999999,0.5254557341337204,0.41210932499999986,0.10429687500000007,0.05134272343749986,0.01640625000000001,0.3607666015625,0.08789062500000006,0.06445317500000014,0.03242187499999993,0.34978022343749976,0.088955078125,0.2853270484374996,0.05653320312500007,0.2841728642743367,0.014648437500000009,0.22474975304879993,0.009422200520833346,0.13324831383599248
509,aFhc2ddipoM$_$14,zero,T,False,0.3,32,10,1.2695311999999999,0.5254557341337204,0.5781249499999999,0.14101562499999998,0.09958491093749985,0.03003906250000001,0.4785400390625,0.11097656249999997,0.19555669062500014,0.06640625,0.2562499499999998,0.05931640625000001,0.06069325937499964,-0.007089843749999991,0.3769420256236904,0.018496093749999994,0.04780757776368307,-0.0011816406249999984,0.11051601412809336
510,aK5tRCXjUvU$_$0,zero,A,False,0.1,16,2,1.12084965,0.7684244841337203,0.23315433750000003,0.099609375,0.22993168125000008,0.09634765624999994,0.0032226562499999556,0.003261718750000059,1.068115275,0.38203124999999993,1.1346680093750001,0.40041015625,0.06655273437500009,0.01837890625000005,0.0028751879208884393,0.0005436197916666765,0.05937698691168185,0.003063151041666675,0.01646473641647591
510,aK5tRCXjUvU$_$0,zero,A,False,0.2,16,4,1.12084965,0.7684244841337203,0.46166996250000003,0.18593749999999998,0.4100342203125001,0.16427734374999997,0.051635742187499944,0.021660156250000007,0.9206543375,0.337890625,0.9906738687500001,0.3578515625,0.07001953125000004,0.019960937499999998,0.046068351914235806,0.0036100260416666676,0.06246999209930426,0.0033268229166666663,0.028868798242968348
510,aK5tRCXjUvU$_$0,zero,A,False,0.3,16,5,1.12084965,0.7684244841337203,0.552490275,0.216796875,0.5077392984375001,0.20033203125000001,0.04475097656249993,0.016464843749999986,0.8464355875,0.31562499999999993,0.920996134375,0.33671874999999996,0.07456054687500002,0.021093750000000022,0.03992590499233768,0.0027441406249999974,0.06652139326055619,0.0035156250000000036,0.02817676596947347
511,b-FX9NOVQOM$_$1,zero,T,False,0.1,27,3,0.919189447,0.06012370288372034,0.28820800168750005,0.013037109375000001,0.08506469114062502,0.004921874999999998,0.203143310546875,0.008115234375000002,0.9416503845,0.23642578125000005,1.0863525329375001,0.26101562500000003,0.14470214843750007,0.02458984374999998,0.22100241708329568,0.0013525390625000004,0.1574234685638547,0.004098307291666663,0.09596918300032926
511,b-FX9NOVQOM$_$1,zero,T,False,0.2,27,6,0.919189447,0.06012370288372034,0.29858397825000005,0.0018554687499999986,0.14352416379687502,0.01171875,0.15505981445312503,-0.009863281250000001,0.6818847595,0.14716796875,0.8369628845000001,0.17589843750000003,0.15507812500000007,0.028730468750000043,0.16869171667220886,-0.0016438802083333336,0.16871163696939515,0.00478841145833334,0.08513697122290101
511,b-FX9NOVQOM$_$1,zero,T,False,0.3,27,9,0.919189447,0.06012370288372034,0.44531249387500005,0.018554687499999993,0.21499633176562502,0.015136108398437504,0.23031616210937503,0.003418579101562489,0.41870116575000005,0.0931640625,0.6292724548125002,0.11157714843749997,0.2105712890625001,0.018413085937499962,0.2505641381076875,0.0005697631835937482,0.22908341764185033,0.0030688476562499936,0.12082154164734539
512,b-FX9NOVQOM$_$4,zero,T,False,0.1,30,3,2.2158203,-0.6167317658662798,3.172119128125,0.9662109375000001,0.5316161984375001,0.15742187500000004,2.6405029296875,0.8087890625,3.772460925,1.0070312500000003,4.280224596875001,1.0686425781250002,0.5077636718750007,0.06161132812499992,1.191658790213588,0.13479817708333333,0.22915371012770783,0.010268554687499987,0.39146980802803233
512,b-FX9NOVQOM$_$4,zero,T,False,0.2,30,6,2.2158203,-0.6167317658662798,3.4433593625,1.0,1.4563232296875,0.4149023437500001,1.9870361328125,0.5850976562499999,3.208740221875,0.8855468750000001,4.037145983593751,1.0369531250000001,0.8284057617187512,0.15140625000000008,0.8967492698136352,0.09751627604166664,0.373859463179071,0.025234375000000014,0.3483398460085932
512,b-FX9NOVQOM$_$4,zero,T,False,0.3,30,9,2.2158203,-0.6167317658662798,3.673583971875,1.0542968750000001,2.1168640011718742,0.6083935546875001,1.5567199707031256,0.4459033203125,2.718902575390625,0.7401367187500001,3.6321945065429686,0.96721435546875,0.9132919311523438,0.22707763671874992,0.7025476155063252,0.07431722005208334,0.4121685855950314,0.03784627278645832,0.30671992348497457
513,b1LEcg6z66g$_$0,zero,T,False,0.1,24,3,1.46191404,-0.15364582836627969,1.060333229453125,0.17614746093750003,0.1300719989843749,0.04408203125,0.93026123046875,0.1320654296875,1.3883056415625,0.16010894775390627,2.2851409687109365,0.4033398437500001,0.8968353271484366,0.24323089599609382,0.6363305698453927,0.02201090494791667,0.6134661061756617,0.04053848266601564,0.32808651590874666
513,b1LEcg6z66g$_$0,zero,T,False,0.2,24,5,1.46191404,-0.15364582836627969,1.15533445015625,0.21020507812500003,0.17980954781249991,0.04800292968750001,0.97552490234375,0.16220214843750003,1.0787353290625,0.07084960937500001,2.1133880390234365,0.37609741210937503,1.0346527099609366,0.305247802734375,0.6672924729905988,0.027033691406250004,0.7077379202288915,0.050874633789062505,0.3632346796037007
513,b1LEcg6z66g$_$0,zero,T,False,0.3,24,8,1.46191404,-0.15364582836627969,1.6033935321875,0.29765625000000007,0.7067229999609375,0.10129638671875,0.8966705322265625,0.19635986328125005,0.4931640399999999,0.06464843749999999,1.4279357685156249,0.20015930175781255,0.934771728515625,0.13551086425781256,0.6133533808001336,0.03272664388020834,0.6394159051237512,0.02258514404296876,0.32702026846176546
514,b1LEcg6z66g$_$4,zero,T,False,0.1,30,3,1.35205082,0.5707682341337204,0.2514648825000001,0.06562500000000004,-0.009948691718749902,0.02224609374999999,0.26141357421875,0.04337890625000006,0.7067871481250001,0.05351562500000007,0.9748779684374999,0.13369140625000003,0.26809082031249976,0.08017578124999997,0.19334582473233164,0.007229817708333343,0.19828442693305923,0.013362630208333328,0.10305567489551438
514,b1LEcg6z66g$_$4,zero,T,False,0.2,30,6,1.35205082,0.5707682341337204,0.4707031637500001,0.10664062500000004,0.0884033590625001,0.02630859374999999,0.3822998046875,0.08033203125000005,0.4123535543750001,0.017968749999999978,0.7910278707812501,0.091748046875,0.37867431640625004,0.07377929687500002,0.2827552901689079,0.013388671875000008,0.28007381877290033,0.01229654947916667,0.14712858257399375
514,b1LEcg6z66g$_$4,zero,T,False,0.3,30,9,1.35205082,0.5707682341337204,0.5151367575000001,0.09921875000000002,0.1613891989062501,0.029179687500000006,0.35374755859375,0.07003906250000001,0.3566894918750001,0.013671875,0.6679809957812501,0.07570312500000002,0.31129150390625004,0.062031250000000024,0.2616375743599458,0.011673177083333335,0.23023637060467847,0.010338541666666671,0.12847141592865607
515,b1LEcg6z66g$_$8,zero,T,False,0.1,24,3,2.92968755,-0.8620442658662797,0.7993164562500001,0.28203124999999996,0.14399419062500013,0.06951171874999998,0.655322265625,0.21251953124999998,2.0364990734375,0.48261718750000004,3.378515675,0.8974407386779786,1.3420166015625,0.41482355117797853,0.22368325316525536,0.035419921874999996,0.45807483582597874,0.06913725852966308,0.1965788173489743
515,b1LEcg6z66g$_$8,zero,T,False,0.2,24,5,2.92968755,-0.8620442658662797,2.148681690625,0.626953125,0.12041020625000014,0.060664062500000025,2.028271484375,0.5662890625,1.1762695812500001,0.1578124999999999,3.0747772716796873,0.7844433593750001,1.8985076904296871,0.6266308593750002,0.6923164185404621,0.09438151041666666,0.6480237260816297,0.10443847656250003,0.3847900329003146
515,b1LEcg6z66g$_$8,zero,T,False,0.3,24,8,2.92968755,-0.8620442658662797,2.434814503125,0.6185546875,0.40678105585937524,0.11509765624999999,2.0280334472656247,0.50345703125,0.5244141125000001,0.01953125,2.0818176769531247,0.4989361572265625,1.5574035644531246,0.4794049072265625,0.6922351685695821,0.08390950520833333,0.531593559476868,0.07990081787109375,0.34690976278146934
516,bAkUEnPoucg$_$3,zero,T,False,0.1,33,4,2.9814453600000004,1.3871744841337204,2.7739258287500004,1.098828125,0.3037109850000004,0.14025390625000003,2.47021484375,0.95857421875,0.19677739125000038,0.043749999999999956,1.1541656969140632,0.39634765625,0.9573883056640629,0.35259765625000006,0.8285290243323377,0.15976236979166666,0.3211153883258402,0.058766276041666676,0.3420432646228778
516,bAkUEnPoucg$_$3,zero,T,False,0.2,33,7,2.9814453600000004,1.3871744841337204,2.7928467271875004,1.1203125,0.21354527455078162,0.10220703125000001,2.579301452636719,1.01810546875,0.12792973500000038,0.014062499999999867,1.2658920763085946,0.43257812500000004,1.1379623413085942,0.41851562500000017,0.8651175104947112,0.16968424479166666,0.38168130628672253,0.06975260416666669,0.37155891643494177
516,bAkUEnPoucg$_$3,zero,T,False,0.3,33,10,2.9814453600000004,1.3871744841337204,2.1379395006250004,0.875,0.8643417833398441,0.31535156249999996,1.2735977172851562,0.5596484375,0.20947270375000038,0.026562500000000044,0.8948563097070317,0.30828124999999995,0.6853836059570313,0.2817187499999999,0.4271744527663265,0.09327473958333334,0.2298829236548905,0.046953124999999984,0.19932131025113758
517,bNQkb4K5DX0$_$3,zero,T,False,0.1,26,3,0.9018555,0.16276042163372034,0.10864260937500003,0.0390625,0.07059329296875001,0.017568359375000002,0.03804931640625002,0.021494140624999998,0.88671878125,0.06269531250000002,0.9139282539062499,0.09938476562500001,0.027209472656249845,0.03668945312499999,0.04218998965605949,0.003582356770833333,0.030170512333447554,0.006114908854166666,0.02051444190362676
517,bNQkb4K5DX0$_$3,zero,T,False,0.2,26,6,0.9018555,0.16276042163372034,0.26293948437500003,0.033593750000000006,0.12006228710937501,0.020297851562500004,0.14287719726562503,0.013295898437500002,0.643798859375,0.029882812499999994,0.76328128125,0.08388671875,0.11948242187500002,0.05400390625000001,0.15842564450733018,0.002215983072916667,0.1324849594974367,0.009000651041666669,0.07553180952983757
517,bNQkb4K5DX0$_$3,zero,T,False,0.3,26,8,0.9018555,0.16276042163372034,0.36914065625000003,0.044335937500000006,0.20332034375000002,0.022006835937500004,0.1658203125,0.022329101562500002,0.44433596875000003,0.0007812500000000111,0.63587649609375,0.0595068359375,0.19154052734374993,0.05872558593749999,0.1838655179621148,0.0037215169270833335,0.21238470570844686,0.009787597656249999,0.10243983456347375
518,bNQkb4K5DX0$_$7,zero,A,False,0.1,21,3,2.38134766,0.9809244841337204,0.14822388070312487,0.07578125000000002,0.12113953011718737,0.068125,0.0270843505859375,0.007656250000000017,0.6818847693749999,0.2984375,0.7258178748437498,0.30634765625,0.043933105468749956,0.007910156249999967,0.011373534266896263,0.0012760416666666695,0.018448833724646587,0.0013183593749999944,0.008104192258302379
518,bNQkb4K5DX0$_$7,zero,A,False,0.2,21,5,2.38134766,0.9809244841337204,0.25115967171874987,0.12187499999999996,0.19494095223632799,0.10871093749999998,0.05621871948242188,0.013164062499999976,0.5839843787499999,0.27109375,0.6467773474999998,0.280078125,0.06279296874999996,0.008984374999999989,0.023607932944360144,0.0021940104166666627,0.026368658149369843,0.0014973958333333315,0.013416999335932496
518,bNQkb4K5DX0$_$7,zero,A,False,0.3,21,7,2.38134766,0.9809244841337204,0.33422851937499987,0.16328125000000004,0.2856552161523435,0.14832031250000002,0.04857330322265635,0.014960937500000021,0.49560547249999987,0.234375,0.5584350623437497,0.253125,0.06282958984374987,0.01874999999999999,0.02039739246862589,0.0024934895833333367,0.026384036449223637,0.003124999999999998,0.013099979625295714
519,bWunvAd96zI$_$1,zero,T,False,0.1,18,2,0.398529062,-0.07591145336627966,2.7510681245,0.39960937500000004,0.2798591706425781,0.1363467407226563,2.4712089538574222,0.26326263427734375,0.9784851166874999,0.048681640625,1.9333984467656253,0.36909667968750004,0.9549133300781254,0.3204150390625,6.200809398055955,0.04387710571289063,2.396088579330624,0.05340250651041667,2.1735443974024715
519,bWunvAd96zI$_$1,zero,T,False,0.2,18,4,0.398529062,-0.07591145336627966,2.56503296825,0.041064453125,0.769689950671875,0.3314996337890625,1.795343017578125,-0.2904351806640625,1.4582214448125,0.33613281250000004,2.06115418314375,0.4818603515624999,0.6029327383312502,0.14572753906249986,4.504912398749295,-0.04840586344401041,1.512891487546679,0.02428792317708331,1.4984214865072618
519,bWunvAd96zI$_$1,zero,T,False,0.3,18,6,0.398529062,-0.07591145336627966,2.6202087495,0.09970703125,1.1692092988164067,0.3695455932617187,1.4509994506835935,-0.26983856201171874,0.8702392670781249,0.114208984375,1.7288971012125003,0.41145507812500004,0.8586578341343754,0.29724609375000005,3.640878290088926,-0.04497309366861979,2.154562267712631,0.04954101562500001,1.4500021199394841
520,bWunvAd96zI$_$2,zero,T,False,0.1,33,4,1.88269039,-0.7604817658662797,1.68347164,0.3974609375,0.22251888121093763,0.0649609375,1.4609527587890625,0.3325,2.809204061875,0.91943359375,3.5625121673437503,1.1005363464355469,0.7533081054687503,0.18110275268554688,0.775991629084288,0.05541666666666667,0.4001229885418185,0.030183792114257812,0.31542876910175777
520,bWunvAd96zI$_$2,zero,T,False,0.2,33,7,1.88269039,-0.7604817658662797,2.05505367125,0.4453125,0.4584945281835939,0.10150390625000001,1.5965591430664061,0.34380859375,1.75494380796875,0.54921875,3.0442504485937505,0.8607006835937501,1.2893066406250004,0.3114819335937501,0.8480195700403167,0.05730143229166667,0.6848210213703694,0.05191365559895835,0.41051391982532776
520,bWunvAd96zI$_$2,zero,T,False,0.3,33,10,1.88269039,-0.7604817658662797,2.26501460875,0.4537109375,0.5211928924414064,0.11621826171875002,1.7438217163085936,0.33749267578125,1.387359579453125,0.383203125,2.748870809921875,0.6859692382812501,1.36151123046875,0.30276611328125014,0.9262387481936664,0.056248779296874996,0.7231728140365852,0.050461018880208354,0.4390303401018337
521,bWunvAd96zI$_$5,zero,T,False,0.1,7,1,0.34033203999999995,0.11022135913372035,0.17138672749999995,0.04365234375,0.09006348531249993,0.02478271484375,0.08132324218750002,0.01886962890625,0.28125000874999995,0.16464843750000002,0.42329102437499994,0.21838867187500002,0.142041015625,0.053740234375,0.23895194597474298,0.003144938151041667,0.4173588777187194,0.008956705729166667,0.16710311689341767
521,bWunvAd96zI$_$5,zero,T,False,0.2,7,2,0.34033203999999995,0.11022135913372035,0.28955078999999995,0.07900390624999999,0.18166504781249992,0.0522607421875,0.10788574218750002,0.02674316406249999,0.014160164999999947,0.08359375000000001,0.256640627625,0.14646972656249999,0.24248046262500006,0.06287597656249998,0.3170004951253045,0.004457194010416665,0.712479936197203,0.01047932942708333,0.2611042386900018
521,bWunvAd96zI$_$5,zero,T,False,0.3,7,3,0.34033203999999995,0.11022135913372035,0.525878915,0.12011718750000001,0.18916016499999994,0.08166503906249999,0.33671875,0.03845214843750003,0.23486327250000005,0.0412109375,0.26147461375,0.099638671875,0.02661134124999992,0.058427734375,0.9893801377615293,0.006408691406250004,0.07819205931342994,0.009737955729166666,0.27092971105259395
522,bWunvAd96zI$_$4,zero,T,False,0.1,17,2,0.8007812400000001,0.2803385466337204,0.32714842750000006,0.09335937500000002,-0.22220459984374993,0.07502929687499997,0.54935302734375,0.01833007812500005,0.5986938576562499,0.34160156249999996,0.391790765484375,0.0941162109375,-0.2069030921718749,-0.24748535156249996,0.6860204933412983,0.003055013020833342,-0.2583762249420952,-0.04124755859374999,0.09736293070657161
522,bWunvAd96zI$_$4,zero,T,False,0.2,17,4,0.8007812400000001,0.2803385466337204,0.5751953025000001,0.16103515625000003,-0.13714600609374994,0.06812499999999999,0.71234130859375,0.09291015625000004,0.8026123146874999,0.3794921875,0.31211548151562496,0.17450195312499997,-0.490496833171875,-0.20499023437500005,0.8895568270766718,0.015485026041666674,-0.61252211733851,-0.034165039062500006,0.06458867417933212
522,bWunvAd96zI$_$4,zero,T,False,0.3,17,6,0.8007812400000001,0.2803385466337204,-0.01855469749999994,0.0027343750000000666,-0.05672608421874994,0.08645507812499999,0.03817138671875,-0.08372070312499992,0.40844727562499994,0.22792968749999998,0.44495544933593756,0.17179199218749996,0.03650817371093762,-0.05613769531250001,0.047667623995694505,-0.01395345052083332,0.04559063861223697,-0.009356282552083336,0.01748713238375371
523,bj9e8w4vNxo$_$12,zero,A,False,0.1,42,5,0.47705077999999995,0.3820963591337203,0.13452148312499995,0.060546875,0.07050781124999994,0.03319335937499996,0.06401367187500001,0.02735351562500004,0.37719726437499995,0.12187499999999996,0.41057128781249996,0.13384765624999992,0.03337402343750001,0.011972656249999963,0.13418600361369581,0.00455891927083334,0.06995891187640053,0.0019954427083333274,0.05267481936731575
523,bj9e8w4vNxo$_$12,zero,A,False,0.2,42,9,0.47705077999999995,0.3820963591337203,0.22998046749999995,0.09238281249999991,0.12706298703124994,0.05649414062499995,0.10291748046875002,0.03588867187499996,0.31372070187499995,0.1083984375,0.38312988156249994,0.12802734374999997,0.06940917968749999,0.019628906249999967,0.21573649818212612,0.005981445312499993,0.14549611299532306,0.0032714843749999944,0.0926213852162373
523,bj9e8w4vNxo$_$12,zero,A,False,0.3,42,13,0.47705077999999995,0.3820963591337203,0.29125976437499995,0.109375,0.17607421749999994,0.07323242187499997,0.11518554687500002,0.03614257812500003,0.25976562374999995,0.09785156249999993,0.34141845578124996,0.12140624999999998,0.08165283203125001,0.023554687500000046,0.2414529233598081,0.006023763020833339,0.17116136120747735,0.003925781250000007,0.1056409572095297
524,bpvYdXVlgvc$_$1,zero,T,False,0.1,10,1,0.7214355300000002,0.05585124194622034,0.37036131125000016,0.035083007812500004,0.3226318190625001,0.031939697265625,0.047729492187500056,0.003143310546875007,1.3637695143750002,0.33327636718750003,1.4271728346875003,0.3530224609375,0.06340332031250018,0.01974609374999997,0.06615896229637837,0.0005238850911458345,0.0878848210146777,0.0032910156249999953,0.03946467100680048
524,bpvYdXVlgvc$_$1,zero,T,False,0.2,10,2,0.7214355300000002,0.05585124194622034,0.5754394362500002,0.06940917968749999,0.5422118971875003,0.06527404785156252,0.03322753906249987,0.004135131835937472,1.0651855300000002,0.22233886718749998,1.2207641432812504,0.273671875,0.15557861328125022,0.051333007812500026,0.046057466846736825,0.0006891886393229121,0.21565114436504926,0.008555501302083338,0.06773832528829808
524,bpvYdXVlgvc$_$1,zero,T,False,0.3,10,3,0.7214355300000002,0.05585124194622034,0.8469238112500002,0.12409667968749999,0.4969238112500003,0.05341308593749999,0.34999999999999987,0.07068359375,0.7414550612500002,0.11579589843749999,1.2535400221875004,0.2672705078125,0.5120849609375002,0.151474609375,0.4851431629058204,0.011780598958333333,0.709812907502064,0.02524576822916667,0.3079956093988461
525,bpvYdXVlgvc$_$3,zero,T,False,0.1,21,3,0.04418945999999996,0.10821940600872035,0.5277404853906249,0.09272460937499999,0.1922638008203125,0.0339111328125,0.33547668457031243,0.05881347656249999,1.410156256875,0.45747070312499993,1.7914184639062498,0.5673144531250001,0.3812622070312499,0.10984375000000013,7.591608790003832,0.009802246093749998,8.627703966676298,0.018307291666666687,4.061855573610137
525,bpvYdXVlgvc$_$3,zero,T,False,0.2,21,5,0.04418945999999996,0.10821940600872035,0.9331054756249999,0.19809570312500005,0.2931961128320312,0.055874023437499996,0.6399093627929687,0.14222167968750005,0.8101806709374999,0.252783203125,1.5241577217187499,0.45013671875000005,0.71397705078125,0.19735351562500003,14.480712868636564,0.023703613281250008,16.15681418073608,0.03289225260416667,7.673530728814515
525,bpvYdXVlgvc$_$3,zero,T,False,0.3,21,7,0.04418945999999996,0.10821940600872035,1.07690430375,0.25200195312499996,0.4635452339257812,0.07768310546875001,0.6133590698242187,0.17431884765624994,0.47616577835937496,0.141650390625,1.2569519111718745,0.3591796875,0.7807861328124996,0.217529296875,13.879897829174427,0.029053141276041656,17.66865818578264,0.0362548828125,7.903466009761402
526,bpvYdXVlgvc$_$4,zero,T,False,0.1,14,2,2.4560547,-0.9425130158662798,0.9125061160156251,0.21250000000000002,0.13764039335937514,0.084140625,0.77486572265625,0.12835937500000003,0.9375000125000001,0.0546875,2.192872632128907,0.5029101562500001,1.2553726196289068,0.44822265625000013,0.3154919176532722,0.02139322916666667,0.5111336113545416,0.07470377604166668,0.23068063355403678
526,bpvYdXVlgvc$_$4,zero,T,False,0.2,14,3,2.4560547,-0.9425130158662798,1.5451660281250001,0.38359375000000007,0.4140411501953126,0.09496093750000001,1.1311248779296874,0.28863281250000006,0.29345704375000015,0.25468749999999996,1.6048202639648437,0.256806640625,1.3113632202148435,0.002119140625000071,0.46054528727898447,0.04810546875000001,0.5339305701474292,0.0003531901041666785,0.2607336290701451
526,bpvYdXVlgvc$_$4,zero,T,False,0.3,14,5,2.4560547,-0.9425130158662798,1.8056640750000001,0.3906250000000001,0.5302810793945312,0.16281249999999997,1.275382995605469,0.22781250000000014,0.008300793750000146,0.3187500000000001,1.421014416796875,0.2805468750000001,1.4127136230468749,-0.038203125000000004,0.5192809738009887,0.03796875000000002,0.5751960849450095,-0.0063671875000000005,0.2815196553114996
527,bpvYdXVlgvc$_$6,zero,T,False,0.1,29,3,2.18554686,-0.5932942658662798,0.4450683443750001,0.08984375,0.06481932093750009,0.03148437499999999,0.3802490234375,0.05835937500000001,2.2664794771875,0.4332031250000001,2.662599167128907,0.5888090515136721,0.3961196899414068,0.15560592651367205,0.17398338896934518,0.009726562500000003,0.18124503113896887,0.02593432108561201,0.09772232592348151
527,bpvYdXVlgvc$_$6,zero,T,False,0.2,29,6,2.18554686,-0.5932942658662798,0.8651122896875001,0.19218750000000007,0.23782957484375017,0.06367187499999999,0.6272827148437499,0.12851562500000008,1.4580077975,0.11992187500000007,2.1001479952539066,0.3759790039062501,0.6421401977539065,0.25605712890625004,0.28701394571325006,0.021419270833333347,0.29381200453505807,0.042676188151041676,0.1612303523081708
527,bpvYdXVlgvc$_$6,zero,T,False,0.3,29,9,2.18554686,-0.5932942658662798,1.2398681490625,0.14414062500000002,0.40140379359375017,0.067001953125,0.8384643554687499,0.07713867187500002,1.148193344375,0.10781250000000009,1.7715705721582033,0.2858519744873047,0.6233772277832033,0.17803947448730462,0.38364035435433097,0.012856445312500004,0.2852269855043134,0.029673245747884103,0.17784925772975713
528,c1a1y9ytHH0$_$0,zero,T,False,0.1,27,3,0.70068363,0.23092448413372035,0.30175784875,0.064453125,0.0480713253125,0.010722656250000002,0.2536865234375,0.053730468749999996,0.757324255,0.06015625000000002,1.00489505578125,0.160908203125,0.24757080078124993,0.10075195312499999,0.3620552136807967,0.008955078125,0.3533270035925434,0.016791992187499997,0.18528232189646002
528,c1a1y9ytHH0$_$0,zero,T,False,0.2,27,6,0.70068363,0.23092448413372035,0.34179691125,0.060742187500000044,0.13452152062499997,0.021904296875000003,0.20727539062500003,0.03883789062500004,0.53027347375,0.033984374999999956,0.7424560909375001,0.10022460937499997,0.2121826171875001,0.06624023437500001,0.2958183778413978,0.00647298177083334,0.30282185180442744,0.011040039062500001,0.15403831261978965
528,c1a1y9ytHH0$_$0,zero,T,False,0.3,27,9,0.70068363,0.23092448413372035,0.37109378625,0.057421874999999956,0.20544437218750003,0.0387548828125,0.16564941406249997,0.018666992187499953,0.397949255,0.01874999999999999,0.5584228878125,0.06439941406249998,0.16047363281250004,0.04564941406249999,0.2364108001948037,0.0031111653645833257,0.2290240515372801,0.007608235677083332,0.11903856319343761
529,c1a1y9ytHH0$_$3,zero,T,False,0.1,29,3,0.51806637,0.23170573413372034,0.3374023075,0.05214843750000006,0.062451135625,0.008037109375000007,0.274951171875,0.04411132812500006,0.8413085575,0.198828125,1.1497802371875,0.29671875000000003,0.3084716796875001,0.09789062500000004,0.5307247431448925,0.007351888020833343,0.5954277330523636,0.016315104166666674,0.287454867096189
529,c1a1y9ytHH0$_$3,zero,T,False,0.2,29,6,0.51806637,0.23170573413372034,0.3745116825,0.06074218750000002,0.10969234656250001,0.01447265625000001,0.26481933593749996,0.04626953125000001,0.58593746375,0.11992187500000004,0.9175536746875,0.22146484375000003,0.33161621093750004,0.10154296874999999,0.5111677578487522,0.007711588541666668,0.6401024850059559,0.016923828125,0.29397641488034365
529,c1a1y9ytHH0$_$3,zero,T,False,0.3,29,9,0.51806637,0.23170573413372034,0.4077148075,0.06718750000000004,0.16245113562500002,0.024355468750000008,0.24526367187499998,0.04283203125000003,0.43554683875,0.08593749999999997,0.7189452762499999,0.1609765625,0.28339843749999993,0.07503906250000003,0.4734204199639131,0.007138671875000005,0.5470300851026382,0.012506510416666672,0.2600239218395545
530,c1a1y9ytHH0$_$7,zero,A,False,0.1,22,3,1.06982423,0.5887369841337203,0.13232423000000004,0.059374999999999956,0.07199708156250004,0.034550781249999996,0.060327148437500006,0.02482421874999996,0.30761719875000004,0.1171875,0.37595215968750006,0.14095703124999998,0.06833496093750002,0.023769531249999976,0.05638972305551254,0.00413736979166666,0.06387488257077283,0.003961588541666662,0.032090890989904676
530,c1a1y9ytHH0$_$7,zero,A,False,0.2,22,5,1.06982423,0.5887369841337203,0.18798829250000004,0.08476562499999996,0.10913087062500004,0.050585937500000025,0.078857421875,0.03417968749999993,0.25830079250000004,0.10234374999999996,0.33837891750000004,0.13021484374999998,0.080078125,0.02787109375000002,0.07371056473869102,0.005696614583333322,0.07485159515260263,0.00464518229166667,0.03972598919157341
530,c1a1y9ytHH0$_$7,zero,A,False,0.3,22,7,1.06982423,0.5887369841337203,0.25195313625000004,0.11484375000000002,0.14372559718750005,0.06544921875,0.10822753906249999,0.049394531250000026,0.20947266750000004,0.08359375000000002,0.30380860500000006,0.11984374999999999,0.09433593750000002,0.03624999999999996,0.10116375649740471,0.008232421875000005,0.08817883038709044,0.0060416666666666605,0.050904168856540456
531,c5cB7AfVgcE$_$12,zero,A,False,0.1,31,4,1.580291748,0.6176432341337204,0.20529174800000005,0.07773437500000002,0.15039672846875005,0.06400390625000003,0.054895019531250006,0.013730468749999988,0.46310424800000005,0.19492187500000002,0.5154235839375001,0.20265625000000004,0.052319335937500044,0.0077343750000000155,0.034737247007381705,0.0022884114583333315,0.03310736950714656,0.0012890625000000027,0.0178555226182154
531,c5cB7AfVgcE$_$12,zero,A,False,0.2,31,7,1.580291748,0.6176432341337204,0.31674194331250005,0.11562499999999998,0.21939697260937505,0.09423828125000003,0.097344970703125,0.02138671874999995,0.39108276362500005,0.17617187499999998,0.48562622065625016,0.19095703125000002,0.09454345703125011,0.014785156250000042,0.06159932760959871,0.0035644531249999917,0.059826546157921184,0.0024641927083333404,0.031863629900213304
531,c5cB7AfVgcE$_$12,zero,A,False,0.3,31,10,1.580291748,0.6176432341337204,0.39767456050000005,0.1484375,0.28604736323437513,0.12208984375000001,0.11162719726562492,0.02634765624999999,0.33700561518750005,0.15390625000000002,0.44717407221875016,0.17488281249999998,0.11016845703125011,0.020976562499999962,0.07063703697109222,0.004391276041666665,0.06971395469015347,0.0034960937499999936,0.03705959036322809
532,c5cB7AfVgcE$_$5,zero,T,False,0.1,37,4,1.9677734,-0.6366536408662797,3.135986290625,1.1203125,0.5424789053710939,0.19201171875000003,2.593507385253906,0.92830078125,2.647491417578125,0.9066406250000001,3.0280974966796874,1.0430419921875,0.3806060791015624,0.13640136718749996,1.3179902052053865,0.154716796875,0.19341957040479968,0.022733561197916658,0.4222150334207757
532,c5cB7AfVgcE$_$5,zero,T,False,0.2,37,8,1.9677734,-0.6366536408662797,2.89013668125,1.0093750000000001,0.6307128531250001,0.212939453125,2.2594238281249996,0.7964355468750002,2.41064449375,0.8050781250000001,2.8370956045898437,0.9791418457031252,0.42645111083984366,0.17406372070312515,1.1482128378766385,0.13273925781250004,0.21671748084528575,0.029010620117187524,0.381670049162903
532,c5cB7AfVgcE$_$5,zero,T,False,0.3,37,12,1.9677734,-0.6366536408662797,3.125976525,1.087109375,1.1485625845703122,0.40031982421875006,1.9774139404296878,0.68678955078125,1.842040978125,0.5629882812500001,2.4108642203125,0.8219012451171877,0.5688232421874999,0.25891296386718754,1.004898702020764,0.11446492513020834,0.2890693375152659,0.04315216064453126,0.3628962813276924
533,d8BR6hsvzoY$_$1,zero,V,False,0.1,24,3,0.46386715,0.21569010913372036,0.047363243750000006,0.010937499999999989,0.028930626562500006,0.01002929687499999,0.0184326171875,0.0009082031249999997,0.4003905875,0.11250000000000002,0.4216796500000001,0.115869140625,0.021289062500000067,0.003369140624999989,0.039736759653578285,0.00015136718749999994,0.04589464161313957,0.0005615234374999981,0.021586072972929464
533,d8BR6hsvzoY$_$1,zero,V,False,0.2,24,5,0.46386715,0.21569010913372036,0.09130855625,0.02167968749999999,0.062280235937500004,0.019716796874999987,0.0290283203125,0.0019628906250000015,0.3662109,0.09765624999999997,0.3931640250000001,0.10341796875,0.026953125000000078,0.005761718750000033,0.06257881752066832,0.00032714843750000024,0.05810514259278219,0.0009602864583333389,0.030492848752320962
533,d8BR6hsvzoY$_$1,zero,V,False,0.3,24,8,0.46386715,0.21569010913372036,0.1660155875,0.03984374999999998,0.12639156406250002,0.035966796874999984,0.03962402343749999,0.003876953124999999,0.293945275,0.07890625000000004,0.3281249625000001,0.08386718749999998,0.03417968750000011,0.004960937499999943,0.08542087538775833,0.0006461588541666665,0.07368405763577454,0.0008268229166666571,0.04014447869859155
534,d8BR6hsvzoY$_$0,zero,T,False,0.1,7,1,2.063354492,0.12018229663372035,0.0039062498125002065,0.02158203125000001,0.06999549846972677,0.010717773437500005,-0.06608924865722657,0.010864257812500003,1.0240478513750002,0.02119140624999999,0.9302551267656252,0.01647705078125,-0.09379272460937504,-0.00471435546874999,-0.03202998655028978,0.0018107096354166672,-0.045456405826832205,-0.0007857259114583317,-0.01911535216329091
534,d8BR6hsvzoY$_$0,zero,T,False,0.2,7,2,2.063354492,0.12018229663372035,0.0644531248125002,0.03466796875,0.14355525951709006,0.020190429687500008,-0.07910213470458985,0.014477539062499992,0.6757812498125002,0.013867187500000003,0.6341125486406252,0.025251464843750005,-0.041668701171875044,0.011384277343750002,-0.03833664873129377,0.002412923177083332,-0.02019463021928702,0.001897379557291667,-0.013555244054051447
534,d8BR6hsvzoY$_$0,zero,T,False,0.3,7,3,2.063354492,0.12018229663372035,0.1175537107500002,0.042382812500000006,0.2548156736406252,0.029133300781250003,-0.13726196289062498,0.013249511718750002,0.5406494138750002,0.01865234375000001,0.41269550304736347,0.03197509765625001,-0.12795391082763674,0.013322753906249998,-0.06652366178431891,0.0022082519531250004,-0.062012537986661544,0.0022204589843749997,-0.03102687220837011
535,d8BR6hsvzoY$_$2,zero,V,False,0.1,17,2,0.05273439999999985,0.25455729663372034,0.05175783749999985,0.0035156249999999667,0.030712915624999847,0.0033398437499999947,0.021044921875,0.00017578124999997197,0.41308596249999985,0.03203125000000001,0.4478027593749999,0.042441406250000015,0.03471679687500007,0.010410156250000004,0.39906631740728354,2.9296874999995327e-05,0.6583205375326662,0.0017350260416666673,0.26478779446415407
535,d8BR6hsvzoY$_$2,zero,V,False,0.2,17,4,0.05273439999999985,0.25455729663372034,0.09960939999999985,0.0009765625,0.08598635312499985,0.0035644531249999973,0.013623046875000003,-0.0025878906249999973,0.39062502499999985,0.028320312500000056,0.3970703374999999,0.02884765625000001,0.006445312500000078,0.0005273437499999541,0.25832831219636226,-0.0004313151041666662,0.12221984663053842,8.789062499999234e-05,0.0950511835869335
535,d8BR6hsvzoY$_$2,zero,V,False,0.3,17,6,0.05273439999999985,0.25455729663372034,0.15917971249999985,0.001757812500000011,0.15405275937499985,0.004023437500000002,0.005126953125,-0.0022656249999999907,0.33496096249999985,0.02167968749999999,0.33925783749999994,0.020742187500000026,0.004296875000000089,-0.0009374999999999627,0.09722033254701803,-0.00037760416666666514,0.08147989775369299,-0.00015624999999999377,0.044541594033511094
536,d8BR6hsvzoY$_$5,zero,T,False,0.1,10,1,0.9523925799999999,0.16608073413372035,0.14135742374999993,0.018164062499999994,-0.005981443437500067,0.013403320312500005,0.1473388671875,0.00476074218749999,0.10986328312499993,0.07309570312500001,0.3327026385937499,0.03578125,0.22283935546874994,-0.03731445312500001,0.15470375932973005,0.0007934570312499983,0.2339782209249562,-0.006219075520833335,0.09581409044127573
536,d8BR6hsvzoY$_$5,zero,T,False,0.2,10,2,0.9523925799999999,0.16608073413372035,0.21118164249999993,0.02783203125,-0.05128173640625007,0.028862304687500007,0.26246337890625,-0.0010302734375000067,0.06396484187500007,0.09453125000000001,0.28563232553124995,0.041103515625,0.2216674836562499,-0.05342773437500001,0.2755828938979723,-0.00017171223958333445,0.23274777183635562,-0.008904622395833334,0.12481358277472782
536,d8BR6hsvzoY$_$5,zero,T,False,0.3,10,3,0.9523925799999999,0.16608073413372035,0.24682617374999993,0.03007812500000001,1.2208906249933094e-05,0.036259765625,0.24681396484375,-0.006181640624999991,0.14624023250000007,0.08276367187500001,0.24888916090624996,0.042633056640625,0.1026489284062499,-0.040130615234375014,0.25915122699981874,-0.0010302734374999986,0.1077799457722614,-0.006688435872395836,0.08980311586554608
537,d8BR6hsvzoY$_$6,zero,T,False,0.1,9,1,1.945922864,0.08902995288372034,0.19555999092260734,0.025830078125000003,0.14945174507299797,0.01350830078125,0.046108245849609375,0.012321777343750003,0.7919921999374999,0.0074218749999999944,0.9057617311874999,0.018884277343749995,0.11376953125,0.01146240234375,0.02369478410878329,0.002053629557291667,0.058465561451175055,0.001910400390625,0.021531093876968752
537,d8BR6hsvzoY$_$6,zero,T,False,0.2,9,2,1.945922864,0.08902995288372034,0.3496093874374999,0.033642578125,0.20444375328222647,0.01821044921875,0.14516563415527345,0.015432128906250002,0.5445556764999999,0.011279296874999997,0.79835206321875,0.020705566406250004,0.25379638671875004,0.009426269531250007,0.07459985297516936,0.0025720214843750005,0.13042462319006232,0.0015710449218750012,0.05229188564287043
537,d8BR6hsvzoY$_$6,zero,T,False,0.3,9,3,1.945922864,0.08902995288372034,0.4111328249374999,0.034619140625,0.3761535768906249,0.021575927734375003,0.03497924804687502,0.013043212890625,0.4875488405624999,0.0166015625,0.5719360475937499,0.026968383789062505,0.08438720703125002,0.010366821289062505,0.017975650894671912,0.0021738688151041667,0.04336614016222889,0.0017278035481770842,0.016310865855045514
538,d8BR6hsvzoY$_$9,zero,T,False,0.1,17,2,1.68493652,0.03164469897747034,0.44885253562499994,0.06187744140625,0.020606991191406188,0.008135643005371094,0.42824554443359375,0.05374179840087891,0.5452575649218749,0.10863037109375001,0.8485214199023439,0.0523876953125,0.3032638549804689,-0.05624267578125001,0.2541610827406786,0.008956966400146484,0.1799852228232587,-0.009373779296875,0.10843237316680221
538,d8BR6hsvzoY$_$9,zero,T,False,0.2,17,4,1.68493652,0.03164469897747034,0.5692138637499999,0.07037353515625,0.11273057117034906,0.0173114013671875,0.45648329257965087,0.0530621337890625,0.31332397117187494,0.08431396484375,0.5859710658984376,0.049202880859375006,0.2726470947265627,-0.035111083984375,0.27092001166883084,0.00884368896484375,0.16181436491874351,-0.005851847330729167,0.10893155455542224
538,d8BR6hsvzoY$_$9,zero,T,False,0.3,17,6,1.68493652,0.03164469897747034,0.7625732387499999,0.08482666015625,0.1515151943164062,0.023855133056640627,0.6110580444335938,0.060971527099609374,0.12850951804687494,0.07161865234375,0.4636657680468751,0.041725769042968756,0.33515625000000016,-0.02989288330078125,0.36265917114457386,0.01016192118326823,0.19891316207380805,-0.004982147216796875,0.1416880267962133
539,d8BR6hsvzoY$_$8,zero,T,False,0.1,29,3,1.6225585599999999,-0.29388020336627974,2.788330044375,0.6599609375000001,0.5656554838281249,0.11813476562500005,2.222674560546875,0.541826171875,1.5026855131249999,0.0,2.4292205473046877,0.4291198730468751,0.9265350341796879,0.4291198730468751,1.3698569934448974,0.09030436197916668,0.5710329882618842,0.07151997884114585,0.5256785806317735
539,d8BR6hsvzoY$_$8,zero,T,False,0.2,29,6,1.6225585599999999,-0.29388020336627974,3.14160152875,0.7443359375,0.5286681791406249,0.08050048828125005,2.612933349609375,0.66383544921875,1.1313476224999999,0.1767578125,2.486373867617188,0.48641601562500014,1.355026245117188,0.30965820312500014,1.6103774641156319,0.11063924153645834,0.8351164903414628,0.05160970052083336,0.6519357241285966
539,d8BR6hsvzoY$_$8,zero,T,False,0.3,29,9,1.6225585599999999,-0.29388020336627974,3.2700194975,0.7767578125000001,1.291252102480469,0.25041748046875,1.9787673950195308,0.5263403320312501,0.8297118803124999,0.25371093749999996,2.2131667753320317,0.40465065002441414,1.3834548950195318,0.15093971252441418,1.21953452051987,0.08772338867187501,0.8526373571269902,0.02515661875406903,0.546262971268201
540,dBWvtPeHpWM$_$4,zero,T,False,0.1,5,1,0.556457523,0.4567057341337204,-0.8937377895,0.2578125,-0.4333618129375,0.10330078125,-0.46037597656250007,0.15451171875,0.14483642231250005,0.18867187500000004,0.6761474574687499,0.21937499999999996,0.5313110351562499,0.030703124999999915,-0.8273320607625954,0.025751953125,0.9548079743514862,0.0051171874999999855,0.039586263553472716
540,dBWvtPeHpWM$_$4,zero,T,False,0.2,5,1,0.556457523,0.4567057341337204,-0.8937377895,0.2578125,-0.5154571498515624,0.13503906249999997,-0.3782806396484376,0.12277343750000003,0.14483642231250005,0.18867187500000004,0.592108150828125,0.21494140624999997,0.4472717285156249,0.026269531249999922,-0.679800243887068,0.020462239583333337,0.8037826900453907,0.00437825520833332,0.037205735237497366
540,dBWvtPeHpWM$_$4,zero,T,False,0.3,5,2,0.556457523,0.4567057341337204,-1.08758544575,0.25,-0.6736877406718749,0.140009765625,-0.4138977050781252,0.109990234375,0.57684325825,0.05625000000000002,0.840759273875,0.208798828125,0.263916015625,0.15254882812499998,-0.7438069289454036,0.018331705729166665,0.4742779645141674,0.025424804687499997,-0.056443113503642374
541,dEDbm2ubVRQ$_$0,zero,T,False,0.1,12,2,1.11914064,0.17369792163372036,0.6264648587499999,0.1041015625,0.07891236851562491,0.028803710937499998,0.547552490234375,0.07529785156249999,0.6191406399999999,0.09145507812500002,1.0536865384375003,0.11767822265624998,0.43454589843750036,0.026223144531249964,0.4892611182212603,0.012549641927083332,0.38828498816065893,0.004370524088541661,0.22361656809938604
541,dEDbm2ubVRQ$_$0,zero,T,False,0.2,12,3,1.11914064,0.17369792163372036,0.5708007962499999,0.08105468749999997,0.23909913609374991,0.034443359374999996,0.33170166015625,0.046611328124999976,0.6721191556249999,0.005078125000000017,0.86617433140625,0.08911621093749998,0.1940551757812501,0.08403808593749997,0.29638934724674354,0.007768554687499996,0.1733964395974491,0.014006347656249994,0.12289017229698565
541,dEDbm2ubVRQ$_$0,zero,T,False,0.3,12,4,1.11914064,0.17369792163372036,0.6826172024999999,0.0845703125,0.4085571439062498,0.06557128906250001,0.2740600585937501,0.018999023437499984,0.5117187649999999,0.0013671874999999778,0.6480468899999998,0.08941894531250001,0.1363281249999999,0.08805175781250003,0.2448841583570692,0.0031665039062499976,0.12181489824648105,0.014675292968750005,0.09613521336963757
542,dEDbm2ubVRQ$_$3,zero,T,False,0.1,33,4,0.90368654,-0.23587239086627967,2.5159912275,0.642578125,0.4553711103125001,0.11909667968750001,2.0606201171875,0.5234814453125,1.434204118125,0.2486663818359375,2.320074479453125,0.6723474121093751,0.8858703613281251,0.4236810302734376,2.280235176405663,0.08724690755208332,0.9802839168592775,0.07061350504557294,0.8545948764656491
542,dEDbm2ubVRQ$_$3,zero,T,False,0.2,33,7,0.90368654,-0.23587239086627967,2.52917482125,0.663671875,0.9835022138281249,0.2482568359375,1.545672607421875,0.4154150390625,1.149749772421875,0.156298828125,2.0563186811132814,0.557158966064453,0.9065689086914064,0.400860137939453,1.7104060186797252,0.06923583984375,1.003188456810422,0.06681002298990883,0.7124100845809516
542,dEDbm2ubVRQ$_$3,zero,T,False,0.3,33,10,0.90368654,-0.23587239086627967,2.5589599775,0.68984375,0.9158355878515623,0.1907666015625,1.6431243896484375,0.49907714843749995,0.86413575875,0.06816406250000001,2.0874450849218755,0.5673528289794922,1.2233093261718755,0.49918876647949223,1.8182439360051788,0.08317952473958333,1.3536861714081787,0.08319812774658204,0.8345769399748807
543,dEDbm2ubVRQ$_$8,zero,T,False,0.1,16,2,0.22070310000000015,0.3926432341337204,0.12695310000000015,0.038281250000000044,-0.04248049374999985,0.014912109374999987,0.16943359375,0.023369140625000055,0.42236330624999985,0.10312500000000002,0.23186037656249994,0.02423828125,-0.1905029296874999,-0.07888671875000003,0.7676957235955285,0.0038948567708333424,-0.8631599036334159,-0.013147786458333338,-0.02617927743134684
543,dEDbm2ubVRQ$_$8,zero,T,False,0.2,16,4,0.22070310000000015,0.3926432341337204,0.08886716250000015,0.03593750000000007,-0.038256860937499845,0.03044921874999999,0.1271240234375,0.005488281250000077,0.33300783749999985,0.09335937500000002,0.21916506406249986,0.04505859375,-0.11384277343749999,-0.04830078125000002,0.5759930306573368,0.0009147135416666795,-0.5158163053495604,-0.008050130208333338,0.013260327160277446
543,dEDbm2ubVRQ$_$8,zero,T,False,0.3,16,5,0.22070310000000015,0.3926432341337204,0.09765622500000015,0.03945312499999998,-0.13168947812499984,0.03125976562499999,0.229345703125,0.008193359374999987,0.32031252499999985,0.08984375,0.1275390774999999,0.0265625,-0.19277344749999994,-0.06328125,1.0391547013625928,0.001365559895833331,-0.8734475141150518,-0.010546874999999999,0.03913146803584357
544,dt641WxonBI$_$1,zero,T,False,0.1,10,1,0.5527344,0.4856119841337203,0.26953127499999996,0.061328124999999956,-0.06813962343750006,0.04201171875000001,0.33767089843750003,0.019316406249999946,0.9737548578125,0.34062500000000007,0.61756589296875,0.20861328125000006,-0.35618896484375007,-0.13201171875,0.6109087611133647,0.0032194010416666577,-0.6444113491622756,-0.022001953125,-0.013071285033061077
544,dt641WxonBI$_$1,zero,T,False,0.2,10,2,0.5527344,0.4856119841337203,0.34814455624999996,0.06718749999999996,-0.11350095156250006,0.06107421875,0.4616455078125,0.006113281249999956,1.0206298578125002,0.33984375,0.50545651796875,0.16783203125000004,-0.5151733398437501,-0.17201171874999996,0.835201631399943,0.001018880208333326,-0.9320433246065841,-0.02866861979166666,-0.03112285819749363
544,dt641WxonBI$_$1,zero,T,False,0.3,10,3,0.5527344,0.4856119841337203,0.37500002499999996,0.08515624999999993,-0.27988278749999995,0.09710937500000003,0.6548828124999999,-0.011953125000000092,0.9891357171875,0.328125,0.31380612734374996,0.11427734375000005,-0.6753295898437501,-0.21384765624999996,1.1848034565906218,-0.001992187500000015,-1.2217954374620301,-0.03564127604166666,-0.018656361103268737
545,dt641WxonBI$_$3,zero,T,False,0.1,24,3,0.2338867,0.17926432788372035,0.21777341875,0.050878906249999994,0.047436504687500006,0.016933593750000003,0.1703369140625,0.03394531249999999,0.50390623125,0.04130859375000001,0.7763305476562499,0.14999023437500003,0.27242431640624987,0.10868164062500002,0.7282850447565221,0.005657552083333332,1.1647654682407407,0.018113606770833336,0.47920541796285737
545,dt641WxonBI$_$3,zero,T,False,0.2,24,5,0.2338867,0.17926432788372035,0.25878904375,0.03173828125,0.078662090625,0.027622070312500004,0.180126953125,0.004116210937499996,0.45507810625,0.06376953125000001,0.6342651179687498,0.11650878906249999,0.17918701171874984,0.05273925781249998,0.7701429067240388,0.0006860351562499994,0.7661241344403739,0.00878987630208333,0.3864357381556865
545,dt641WxonBI$_$3,zero,T,False,0.3,24,8,0.2338867,0.17926432788372035,0.24414060625,0.01933593750000001,0.14819334062500006,0.03148193359375,0.09594726562499994,-0.012145996093749986,0.349121075,0.049707031250000006,0.4823730281249999,0.0814697265625,0.13325195312499988,0.03176269531249999,0.4102279240208012,-0.0020243326822916644,0.5697262110192194,0.005293782552083332,0.24580589622745308
546,eOiC1kb17P4$_$0,zero,V,False,0.1,48,5,1.8118896599999998,0.8871744841337204,0.07546998226562485,0.03515625,0.023257457851562347,0.011953124999999998,0.0522125244140625,0.023203125,0.21350098812499985,0.11406249999999996,0.37945557796874996,0.176953125,0.1659545898437501,0.06289062500000003,0.028816597804010153,0.0038671875000000004,0.09159194509217798,0.01048177083333334,0.03368937530738037
546,eOiC1kb17P4$_$0,zero,V,False,0.2,48,10,1.8118896599999998,0.8871744841337204,0.14974976742187485,0.06874999999999998,0.04247742855468735,0.022773437499999986,0.1072723388671875,0.04597656249999999,0.09936524593749985,0.06874999999999998,0.24072877132812492,0.12375000000000003,0.14136352539062508,0.05500000000000005,0.059204642551216366,0.007662760416666665,0.07801989850238816,0.009166666666666675,0.038513492034234466
546,eOiC1kb17P4$_$0,zero,V,False,0.3,48,15,1.8118896599999998,0.8871744841337204,0.23388673031249985,0.109375,0.0739456292382811,0.040859375,0.15994110107421874,0.068515625,0.040039074062499846,0.0390625,0.15429078304687485,0.08515625000000002,0.114251708984375,0.04609375000000002,0.08827304241096909,0.011419270833333333,0.06305662450093706,0.00768229166666667,0.042607807352976534
547,erNDEjQeox8$_$12,zero,T,False,0.1,46,5,0.94567871,0.5277994841337204,0.6486816396875,0.2986328125,-0.053355408652343714,0.0329296875,0.7020370483398437,0.26570312500000004,0.637573243125,0.08984375,0.6417953483710936,0.33629150390625007,0.004222105246093677,0.24644775390625007,0.742362388572177,0.04428385416666667,0.004464624969159671,0.041074625651041675,0.20804637333976125
547,erNDEjQeox8$_$12,zero,T,False,0.2,46,10,0.94567871,0.5277994841337204,1.4045410146875001,0.5169509887695313,-0.0850479135351562,0.08463867187499999,1.4895889282226564,0.4323123168945313,1.0230712899999999,0.22968750000000004,0.5017166136757812,0.2248260498046875,-0.5213546763242186,-0.004861450195312533,1.5751516210733296,0.07205205281575522,-0.5513015356163437,-0.0008102416992187556,0.27377297414338053
547,erNDEjQeox8$_$12,zero,T,False,0.3,46,14,0.94567871,0.5277994841337204,0.982543944375,0.453125,-0.14841919039062496,0.08039062500000001,1.130963134765625,0.372734375,1.0347900399999999,0.20195312499999996,0.3699630738242187,0.169521484375,-0.6648269661757811,-0.03243164062499995,1.1959261923528264,0.06212239583333334,-0.7030149416822965,-0.005405273437499992,0.13740709326659079
548,ewBrNsyY82Q$_$4,zero,T,False,0.1,32,4,1.319091834,0.06803385913372034,0.53637699025,0.07597656250000001,0.22191165821874997,0.018604736328125,0.31446533203125,0.057371826171875015,0.669433630875,0.12421875000000002,1.0865356816562497,0.24859375,0.41710205078124973,0.12437499999999999,0.2383951484882754,0.009561971028645836,0.31620371214998944,0.020729166666666663,0.14622249958339434
548,ewBrNsyY82Q$_$4,zero,T,False,0.2,32,7,1.319091834,0.06803385913372034,0.588623084,0.07646484375000001,0.28608402149999995,0.030600585937499997,0.3025390625,0.04586425781250002,0.547607459,0.091796875,0.92231449025,0.18505859375,0.37470703125000004,0.09326171875,0.22935388223024797,0.007644042968750003,0.2840641853187416,0.015543619791666666,0.13415143257735154
548,ewBrNsyY82Q$_$4,zero,T,False,0.3,32,10,1.319091834,0.06803385913372034,0.8005371465,0.124609375,0.43357547657812495,0.055339355468750004,0.366961669921875,0.06927001953124999,0.27648929493749996,0.019726562500000003,0.69516605275,0.12000976562500001,0.4186767578125,0.10028320312500001,0.27819245201196735,0.011545003255208332,0.3173974924440383,0.016713867187500002,0.1559622037246785
549,fWOIAxzBQFY$_$12,zero,T,False,0.1,24,3,0.8828125000000001,0.2688151091337203,0.2744140625000001,0.03945312500000009,0.08149414062500009,0.010244140625000009,0.192919921875,0.02920898437500008,1.1455078125,0.20976562500000007,1.272509765625,0.25894531250000014,0.12700195312499996,0.04917968750000007,0.2185285135252236,0.004868164062500013,0.14386045651204918,0.008196614583333345,0.09386343717077653
549,fWOIAxzBQFY$_$12,zero,T,False,0.2,24,5,0.8828125000000001,0.2688151091337203,0.3310546875000001,0.05253906250000007,0.1514404296875001,0.01833007812500003,0.1796142578125,0.034208984375000036,0.9472656250000001,0.15507812500000007,1.0643798828125,0.20410156250000008,0.11711425781249984,0.04902343750000002,0.2034566279429347,0.005701497395833339,0.13266024796007292,0.008170572916666669,0.08749723655387691
549,fWOIAxzBQFY$_$12,zero,T,False,0.3,24,8,0.8828125000000001,0.2688151091337203,0.5019531250000001,0.07929687500000004,0.2632568359375001,0.03064453125000004,0.2386962890625,0.04865234375000001,0.5825195312500001,0.07343750000000004,0.8272705078125002,0.14638671875000003,0.2447509765625001,0.07294921874999999,0.27038133089548355,0.008108723958333335,0.27723973020632336,0.012158203124999998,0.14197199704628508
550,fWOIAxzBQFY$_$5,zero,V,False,0.1,16,2,1.7834472999999997,0.8793619841337204,0.07714847187499974,0.04062500000000002,0.061096225781249736,0.029101562499999994,0.01605224609375,0.011523437500000028,0.32250979999999974,0.14531249999999996,0.3625000343749997,0.16404296874999996,0.03999023437499999,0.018730468750000007,0.009000679242426037,0.0019205729166666713,0.022422984941587596,0.0031217447916666676,0.009116495473086742
550,fWOIAxzBQFY$_$5,zero,V,False,0.2,16,4,1.7834472999999997,0.8793619841337204,0.11303714374999974,0.059374999999999956,0.10009769062499974,0.049218750000000006,0.012939453125,0.01015624999999995,0.26049808124999974,0.12421875000000004,0.28281253437499976,0.13748046875000003,0.022314453125000022,0.013261718749999984,0.0072553003779251704,0.001692708333333325,0.01251197084042191,0.0022102864583333306,0.005917566502503435
550,fWOIAxzBQFY$_$5,zero,V,False,0.3,16,5,1.7834472999999997,0.8793619841337204,0.13110354999999974,0.06640625,0.12075198749999974,0.06019531250000002,0.010351562499999994,0.006210937499999979,0.23315433124999974,0.11562499999999998,0.24926761249999974,0.12455078124999999,0.01611328125,0.008925781250000014,0.005804240302340133,0.0010351562499999964,0.00903490235741625,0.0014876302083333358,0.004340482279522429
551,fWOIAxzBQFY$_$7,zero,T,False,0.1,19,2,0.6210937599999999,0.5270182341337203,0.9267578224999999,0.21269531249999996,-0.23256834937500007,0.06589843750000006,1.159326171875,0.14679687499999988,1.300872792734375,0.49140625000000016,0.2190185526875,0.14044921875000008,-1.0818542400468751,-0.3509570312500001,1.8665850149420036,0.024466145833333314,-1.741850535088841,-0.05849283854166668,0.022676946786207318
551,fWOIAxzBQFY$_$7,zero,T,False,0.2,19,4,0.6210937599999999,0.5270182341337203,0.8828125099999999,0.19863281249999998,-0.3327392478125001,0.10554687500000007,1.2155517578125,0.09308593749999991,1.310455312265625,0.47578125000000016,0.21854248046875,0.10042968750000003,-1.0919128317968751,-0.3753515625000001,1.9571115972907258,0.015514322916666651,-1.7580454740865552,-0.06255859375000002,0.03800546309270929
551,fWOIAxzBQFY$_$7,zero,T,False,0.3,19,6,0.6210937599999999,0.5270182341337203,0.8183593849999999,0.16933593749999998,0.19254151390624993,0.11838867187499999,0.62581787109375,0.05094726562499999,1.099365224375,0.39765625000000004,0.7096038748359375,0.2622070312500001,-0.3897613495390626,-0.13544921874999993,1.0076044935457997,0.008491210937499999,-0.6275392655688524,-0.022574869791666657,0.09149539228069514
552,f_ZJ7L14oYQ$_$11,zero,V,False,0.1,40,4,0.5207519699999998,0.4238932341337204,0.05834962624999984,0.018750000000000044,-0.04194334250000016,0.01910156249999998,0.10029296875,-0.000351562499999937,0.6606445143750002,0.23593750000000002,0.4203735182812502,0.14431640624999997,-0.24027099609374997,-0.09162109375000005,0.19259221651678726,-5.85937499999895e-05,-0.46139150410174334,-0.015270182291666675,-0.07103201590665568
552,f_ZJ7L14oYQ$_$11,zero,V,False,0.2,40,8,0.5207519699999998,0.4238932341337204,0.05541993874999984,0.015625,-0.10871580343750016,0.04361328124999998,0.1641357421875,-0.027988281249999983,0.6423339675000002,0.23828125,0.4083740065625001,0.13999999999999996,-0.23395996093750004,-0.09828125000000004,0.3151892579460469,-0.004664713541666664,-0.449272446660266,-0.01638020833333334,-0.03878202764730477
552,f_ZJ7L14oYQ$_$11,zero,V,False,0.3,40,12,0.5207519699999998,0.4238932341337204,0.014404313749999842,0.0015625000000000222,-0.17697752218750012,0.06609374999999995,0.19138183593749997,-0.06453124999999993,0.5957031081250002,0.21796874999999993,0.36147459250000014,0.12634765624999997,-0.23422851562500002,-0.09162109374999997,0.367509830884882,-0.010755208333333321,-0.44978815123224375,-0.015270182291666662,-0.027075927743090436
553,f_ZJ7L14oYQ$_$27,zero,V,False,0.1,26,3,0.7188720599999999,0.45397135913372033,-0.19360352593750008,0.072265625,-0.11954957085937509,0.04039062500000002,-0.07405395507812498,0.03187499999999998,0.3166504009375001,0.16445312499999998,0.4370506389746094,0.20580078125,0.12040023803710931,0.04134765625000003,-0.10301395225204987,0.005312499999999997,0.16748469894964393,0.006891276041666672,0.019168630684815183
553,f_ZJ7L14oYQ$_$27,zero,V,False,0.2,26,6,0.7188720599999999,0.45397135913372033,-0.2874755962500001,0.119140625,-0.1709655864843751,0.07152343749999998,-0.11651000976562498,0.04761718750000002,0.2772216900000001,0.1484375,0.41496430474609386,0.19619140625000003,0.13774261474609378,0.04775390625000003,-0.16207313397670653,0.00793619791666667,0.1916090926346493,0.007958984375000006,0.011357785237402357
553,f_ZJ7L14oYQ$_$27,zero,V,False,0.3,26,8,0.7188720599999999,0.45397135913372033,-0.3383789165625001,0.140625,-0.23555451470703134,0.10326171874999998,-0.10282440185546873,0.03736328125000002,0.23718262750000008,0.13164062499999996,0.3528930767187501,0.16943359375000003,0.11571044921875001,0.03779296875000007,-0.1430355476883064,0.0062272135416666695,0.1609608923427316,0.006298828125000012,0.007612846580272967
554,f_ZJ7L14oYQ$_$21,zero,T,False,0.1,22,3,3.9228515,-1.3472005158662799,0.6249999375000002,0.17656250000000018,0.06416009375000016,0.05914062499999995,0.56083984375,0.11742187500000023,2.07666009375,0.4007812500000001,3.848068174804689,1.1881640625000003,1.7714080810546888,0.7873828125000002,0.14296735443150105,0.019570312500000037,0.4515612251683408,0.13123046875000002,0.18633234021246048
554,f_ZJ7L14oYQ$_$21,zero,T,False,0.2,22,5,3.9228515,-1.3472005158662799,0.8056640000000002,0.1625000000000001,0.14345696875000016,0.08480468749999995,0.66220703125,0.07769531250000014,1.2148436875000002,0.1390625000000001,2.882757505859375,0.794173583984375,1.667913818359375,0.6551110839843749,0.16880752749434244,0.012949218750000024,0.42517882544892394,0.10918518066406248,0.17903018808933222
554,f_ZJ7L14oYQ$_$21,zero,T,False,0.3,22,7,3.9228515,-1.3472005158662799,0.8564452500000002,0.18750000000000022,0.24248040625000017,0.12972656249999998,0.61396484375,0.057773437500000246,0.8466796250000002,0.004687500000000178,2.1563811630859377,0.5449414062500001,1.3097015380859376,0.5402539062499999,0.15650979580547572,0.009628906250000041,0.33386458911874395,0.09004231770833332,0.14751140222063824
555,f_ZJ7L14oYQ$_$17,zero,T,False,0.1,21,3,1.53234867,-0.4768880158662797,1.23986820125,0.31982421875,0.4660477056445312,0.056201171875,0.7738204956054688,0.263623046875,1.777984656328125,0.43605957031250003,2.466719092363281,0.71523193359375,0.6887344360351559,0.27917236328125,0.5049895012575484,0.04393717447916667,0.44946297148689046,0.04652872721354167,0.2612295936092868
555,f_ZJ7L14oYQ$_$17,zero,T,False,0.2,21,5,1.53234867,-0.4768880158662797,1.558959998125,0.35937500000000006,0.8603531255664063,0.12871276855468752,0.6986068725585937,0.23066223144531253,1.294952429765625,0.27519531250000007,2.056420935625,0.56097900390625,0.7614685058593749,0.28578369140624993,0.455905650150069,0.038443705240885424,0.4969286845993675,0.047630615234374986,0.2597271638061742
555,f_ZJ7L14oYQ$_$17,zero,T,False,0.3,21,7,1.53234867,-0.4768880158662797,1.6687012090625,0.43872070312500006,1.0511261358203128,0.16863769531250003,0.6175750732421872,0.27008300781250005,1.191070593828125,0.19394531250000002,1.7681000127734374,0.46048187255859385,0.5770294189453125,0.26653656005859383,0.4030249004733934,0.04501383463541667,0.3765651079791158,0.04442276000976564,0.21725665077442288
556,f_ZJ7L14oYQ$_$9,zero,T,False,0.1,29,3,0.09069824999999998,0.15963542163372035,0.582489021484375,0.13222656249999998,0.18058396166992186,0.0344873046875,0.4019050598144531,0.09773925781249998,0.963500984375,0.05146484375000002,1.3125976640625,0.106123046875,0.3490966796874999,0.054658203124999985,4.431183938284531,0.01628987630208333,3.8489478103457304,0.009109700520833331,2.0763828313632944
556,f_ZJ7L14oYQ$_$9,zero,T,False,0.2,29,6,0.09069824999999998,0.15963542163372035,0.835083015625,0.1552734375,0.3798828203125,0.06784790039062501,0.4552001953125,0.08742553710937499,0.867797859375,0.050781250000000014,1.28177491015625,0.12261230468750002,0.4139770507812499,0.0718310546875,5.018786762983157,0.0145709228515625,4.564283064978486,0.011971842447916667,2.4024031483152806
556,f_ZJ7L14oYQ$_$9,zero,T,False,0.3,29,9,0.09069824999999998,0.15963542163372035,1.270629890625,0.2373046875,0.48100739306640605,0.05267578125,0.7896224975585939,0.18462890625,0.6567382890625,0.09790039062500001,1.3814819414062498,0.15628906250000002,0.7247436523437498,0.058388671875000006,8.705942965995796,0.030771484375,7.99062453486385,0.009731445312500002,4.184267607636786
557,f_ZJ7L14oYQ$_$8,zero,T,False,0.1,21,3,0.15075684,0.23580729663372035,0.425262455234375,0.15146484375000002,-0.12388305257812497,0.1015899658203125,0.5491455078124999,0.04987487792968752,0.7907714803125,0.2060546875,0.46168212525,0.14585937499999999,-0.3290893550625,-0.060195312500000014,3.6425668330913994,0.00831247965494792,-2.182900438627271,-0.010032552083333335,0.36448658050893573
557,f_ZJ7L14oYQ$_$8,zero,T,False,0.2,21,5,0.15075684,0.23580729663372035,0.5598144571875,0.223504638671875,-0.3270629842187501,0.1023388671875,0.8868774414062501,0.121165771484375,0.8657226521875,0.2720703125,0.34935149821484385,0.10955078124999999,-0.5163711539726561,-0.16251953125000002,5.882794827826202,0.020194295247395834,-3.4251694901748135,-0.027086588541666668,0.6126832610892793
557,f_ZJ7L14oYQ$_$8,zero,T,False,0.3,21,7,0.15075684,0.23580729663372035,0.7700195353125,0.340625,-0.34997176717773437,0.1386199951171875,1.1199913024902344,0.2020050048828125,1.0857543904687499,0.39082031250000004,0.4396865816289063,0.16241394042968751,-0.6460678088398436,-0.22840637207031253,7.429075015204744,0.033667500813802084,-4.285467401495296,-0.03806772867838542,0.7848018464612162
558,ffrJ91swyq0$_$1,zero,T,False,0.1,43,5,2.45520015,0.9606119841337204,1.253784134375,0.4082031250000001,0.23490596054687501,0.06810546875000004,1.018878173828125,0.3400976562500001,1.11578364609375,0.24687500000000007,1.7006911778320315,0.46956054687500004,0.5849075317382815,0.22268554687499997,0.41498765745858535,0.05668294270833335,0.23823202092353266,0.037114257812499996,0.18675421972573783
558,ffrJ91swyq0$_$1,zero,T,False,0.2,43,9,2.45520015,0.9606119841337204,1.3507079625,0.42734375,0.3803405308593749,0.10767578125000003,0.9703674316406251,0.31966796875,0.859252884375,0.169921875,1.50340571640625,0.39099609375,0.64415283203125,0.22107421875,0.39522929990507094,0.053277994791666665,0.2623625490038769,0.036845703125,0.18692888670640362
558,ffrJ91swyq0$_$1,zero,T,False,0.3,43,13,2.45520015,0.9606119841337204,1.5596923375,0.48359375000000004,0.49500117539062494,0.13007812500000004,1.064691162109375,0.353515625,0.604888870703125,0.08359375000000002,1.411010696875,0.3653320312500001,0.806121826171875,0.28173828125000006,0.43364722361317526,0.058919270833333336,0.3283322941470091,0.04695638020833334,0.21696379220046277
559,g8Cl74tS3oY$_$2,zero,T,False,0.1,33,4,0.564910864,-0.09915364086627967,0.8472594968125,0.11218872070312501,0.23950803196874998,0.029757080078124998,0.6077514648437501,0.08243164062500001,1.222381567125,0.11640624999999999,1.9545715085312494,0.1615312957763672,0.7321899414062494,0.04512504577636722,1.0758341319660265,0.013738606770833335,1.296113585262301,0.0075208409627278705,0.5983017912404721
559,g8Cl74tS3oY$_$2,zero,T,False,0.2,33,7,0.564910864,-0.09915364086627967,1.203338598375,0.069580078125,0.397576879625,0.04172363281250001,0.80576171875,0.02785644531249999,0.78805539525,0.19414062500000004,1.683618139390625,0.10139404296875001,0.8955627441406251,-0.09274658203125002,1.4263494362547144,0.004642740885416666,1.5853141015650984,-0.015457763671875005,0.7502121287583386
559,g8Cl74tS3oY$_$2,zero,T,False,0.3,33,10,0.564910864,-0.09915364086627967,1.4690856686875,0.04497070312500001,0.522277807359375,0.049509277343750005,0.946807861328125,-0.004538574218749994,0.53610227025,0.16914062500000002,1.5458953610703128,0.07110107421875,1.0097930908203128,-0.09803955078125001,1.6760275746804372,-0.0007564290364583323,1.7875232495034177,-0.016339925130208335,0.861613617504297
560,g8Cl74tS3oY$_$6,zero,T,False,0.1,41,5,2.40234372,0.9699869841337203,0.2740478215625002,0.1304687499999999,0.07088009695312518,0.033359374999999955,0.203167724609375,0.09710937499999996,1.0736083684375002,0.5113281249999999,1.4989806828906254,0.626103515625,0.4253723144531252,0.11477539062500008,0.08457059593403188,0.016184895833333327,0.17706547728634262,0.01912923177083335,0.07423755020613529
560,g8Cl74tS3oY$_$6,zero,T,False,0.2,41,9,2.40234372,0.9699869841337203,0.4037780461718752,0.18203124999999998,0.18090817312500018,0.07816406249999994,0.222869873046875,0.10386718750000004,0.7174071965625002,0.3335937499999999,1.1008804021289067,0.4526367187500001,0.3834732055664065,0.1190429687500002,0.09277181213480261,0.017311197916666674,0.15962455445045642,0.0198404947916667,0.0723870148233981
560,g8Cl74tS3oY$_$6,zero,T,False,0.3,41,13,2.40234372,0.9699869841337203,0.7164306340625002,0.2953125,0.22829434255859393,0.10400390624999996,0.48813629150390625,0.19130859375000003,0.3322753606250002,0.15078124999999998,0.9123504338671878,0.3686328124999999,0.5800750732421877,0.21785156249999993,0.20319161003001526,0.031884765625000006,0.24146204681324318,0.036308593749999986,0.12821175405456461
561,gR4gM_WXesQ$_$10,zero,T,False,0.1,24,3,1.080810572,0.11529948413372035,0.3725586188750001,0.054296874999999994,0.17117922434375005,0.030014648437499993,0.20137939453125003,0.024282226562500002,1.56274416575,0.37578124999999996,1.9410766852812493,0.49595703124999996,0.37833251953124925,0.12017578125,0.18632238934914921,0.004047037760416667,0.35004484531115776,0.020029296875,0.14011089232393092
561,gR4gM_WXesQ$_$10,zero,T,False,0.2,24,5,1.080810572,0.11529948413372035,0.6320801032500001,0.1015625,0.24346315989062503,0.040922851562499994,0.388616943359375,0.060639648437500006,1.19458010325,0.271875,1.7385010016874998,0.4322265625,0.5439208984374997,0.16035156250000004,0.3595603095183876,0.010106608072916667,0.5032522897871968,0.026725260416666674,0.22491111694879193
561,gR4gM_WXesQ$_$10,zero,T,False,0.3,24,8,1.080810572,0.11529948413372035,1.18969729075,0.2376953125,0.4834900153593752,0.08984375,0.7062072753906249,0.1478515625,0.6821289313750001,0.14414062500000005,1.3346435798125003,0.31429687500000003,0.6525146484375002,0.17015624999999998,0.6534046208293418,0.024641927083333334,0.6037265563599093,0.028359374999999996,0.32753311981814615
562,gR4gM_WXesQ$_$26,zero,T,False,0.1,19,2,1.956634484,-0.7421223908662797,1.300384484,0.3500000000000001,0.09793697423437506,0.04220703125,1.202447509765625,0.30779296875000006,1.91708370275,0.09648437499999996,3.004785118765625,0.5396533203124999,1.0877014160156249,0.44316894531249995,0.614548555210412,0.05129882812500001,0.5559039611159504,0.07386149088541666,0.32390320883419477
562,gR4gM_WXesQ$_$26,zero,T,False,0.2,19,4,1.956634484,-0.7421223908662797,1.6646422965,0.37578125000000007,0.16699062413671886,0.07291015624999998,1.4976516723632811,0.3028710937500001,0.9380797965000001,0.150390625,2.7044478995273438,0.4369628906250001,1.7663681030273437,0.2865722656250001,0.7654219115466482,0.05047851562500002,0.9027578807966378,0.04776204427083335,0.4416050880597798
562,gR4gM_WXesQ$_$26,zero,T,False,0.3,19,6,1.956634484,-0.7421223908662797,1.6529235465,0.318359375,0.7428481680820316,0.205517578125,0.9100753784179685,0.11284179687500001,0.8221129996250001,0.11445312500000004,2.0842300077679687,0.36188964843750004,1.2621170081429687,0.2474365234375,0.46512259736671957,0.018806966145833336,0.6450445259036142,0.041239420572916664,0.29255337749727095
563,gR4gM_WXesQ$_$20,zero,T,False,0.1,38,4,0.8811034999999999,0.4543619841337203,0.40820310937499993,0.13066406249999996,0.04028318749999993,0.032587890625000004,0.367919921875,0.09807617187499995,0.49932862890625007,0.228515625,0.18872986464843752,0.09068359375000004,-0.3105987642578125,-0.13783203124999996,0.41756672661982774,0.016346028645833326,-0.35251070021525543,-0.022972005208333326,0.014607512460518082
563,gR4gM_WXesQ$_$20,zero,T,False,0.2,38,8,0.8811034999999999,0.4543619841337203,0.20117185937499993,0.052734375,-0.05029298437500007,0.04291992187500001,0.25146484375,0.00981445312499999,0.33584596289062507,0.14453125,0.16239014296875004,0.079072265625,-0.17345581992187503,-0.065458984375,0.2853972982205856,0.0016357421874999983,-0.1968618023422591,-0.010909830729166667,0.019815351834164965
563,gR4gM_WXesQ$_$20,zero,T,False,0.3,38,12,0.8811034999999999,0.4543619841337203,0.31372068749999993,0.06992187499999991,-0.14858400000000005,0.07263671875,0.4623046875,-0.0027148437500000844,0.40484620703125007,0.15703125000000007,0.21345214374999996,0.07067382812500002,-0.1913940632812501,-0.08635742187500005,0.5246876931169913,-0.0004524739583333474,-0.21722061716998395,-0.014392903645833342,0.07315542458571014
564,gR4gM_WXesQ$_$24,zero,T,False,0.1,12,2,0.21728519999999996,-0.17044270336627967,0.09570316874999996,0.05097656249999999,-0.21495356953125003,0.03257568359375,0.31065673828124996,0.018400878906249987,1.2864989796875,0.12041015625000001,1.1756789723632814,0.08896728515625,-0.11082000732421848,-0.031442871093750005,1.429712233364337,0.0030668131510416647,-0.5100186174925905,-0.005240478515625001,0.2293799876267908
564,gR4gM_WXesQ$_$24,zero,T,False,0.2,12,3,0.21728519999999996,-0.17044270336627967,0.24121098124999996,0.08105468749999997,-0.39279780781249996,0.050478515625,0.6340087890624999,0.030576171874999974,1.4090575734375,0.10258789062500001,1.1339776555297854,0.08421142578125,-0.2750799179077146,-0.01837646484375001,2.9178511523626445,0.005096028645833329,-1.2659796982399925,-0.0030627441406250017,0.41347618465696506
564,gR4gM_WXesQ$_$24,zero,T,False,0.3,12,4,0.21728519999999996,-0.17044270336627967,0.29052738749999996,0.11464843749999995,-0.3068114796875,0.06063964843749999,0.5973388671875,0.05400878906249996,1.398681596875,0.10244140625,1.2854825536010743,0.06649658203125,-0.1131990432739256,-0.035944824218750004,2.749087918089138,0.009001464843749992,-0.5209674764155553,-0.005990804036458334,0.5577827756202186
565,gR4gM_WXesQ$_$18,zero,T,False,0.1,31,4,2.4692382999999998,-0.6225911408662798,0.4746093937499998,0.14570312500000004,0.06444093671874977,0.04486328125,0.41016845703125,0.10083984375000005,1.6560363957031248,0.023828124999999978,2.5274246403320313,0.3997485351562501,0.8713882446289065,0.3759204101562501,0.16611126229493026,0.016806640625000008,0.3528974468488763,0.06265340169270835,0.14961718786537873
565,gR4gM_WXesQ$_$18,zero,T,False,0.2,31,7,2.4692382999999998,-0.6225911408662798,1.1076660343749998,0.35898437500000013,0.19042360273437478,0.071015625,0.917242431640625,0.2879687500000001,0.4006347843749998,0.44414062500000007,1.8840042301757811,0.23572753906250005,1.4833694458007813,-0.20841308593750002,0.37146761419220287,0.04799479166666668,0.6007394446543846,-0.03473551432291667,0.24636658404758438
565,gR4gM_WXesQ$_$18,zero,T,False,0.3,31,10,2.4692382999999998,-0.6225911408662798,1.3038635441406248,0.3681640625000001,0.18739015546874976,0.10574218750000001,1.116473388671875,0.2624218750000001,0.11303712812499978,0.449609375,1.5824356266601562,0.20048828125000004,1.4693984985351565,-0.24912109374999994,0.45215276975053614,0.04373697916666668,0.5950814481752159,-0.04152018229166666,0.262362753700188
566,gR4gM_WXesQ$_$3,zero,T,False,0.1,27,3,1.65954585,-0.2503255158662797,1.564575146875,0.3716796875,0.5062118045898438,0.13202148437500005,1.0583633422851562,0.23965820312499997,1.9943847171875,0.26503295898437507,2.7856002323242186,0.5068397235870361,0.7912155151367186,0.24180676460266104,0.6377423706267504,0.039943033854166664,0.4767660009940175,0.04030112743377684,0.29868813322717785
566,gR4gM_WXesQ$_$3,zero,T,False,0.2,27,6,1.65954585,-0.2503255158662797,2.1878661624999998,0.46289062500000006,0.7385482303710939,0.1509115600585938,1.4493179321289058,0.31197906494140626,1.434692334375,0.05644531250000004,2.477154492578125,0.3990063476562501,1.042462158203125,0.34256103515625,0.8733214926284882,0.05199651082356771,0.6281607284561597,0.057093505859375004,0.4026430594418976
566,gR4gM_WXesQ$_$3,zero,T,False,0.3,27,9,1.65954585,-0.2503255158662797,2.8092040531249998,0.583203125,0.9088866703125001,0.14460571289062502,1.9003173828124997,0.43859741210937503,0.6877440921875,0.17031249999999998,2.2607589237304686,0.36063171386718756,1.5730148315429686,0.1903192138671876,1.1450820944358997,0.07309956868489584,0.9478580442263312,0.0317198689778646,0.5494398940812478
567,gR4gM_WXesQ$_$4,zero,T,False,0.1,20,2,2.246612499,0.9504557341337203,0.2886046864999998,0.07578124999999991,0.03838953757421857,0.015234374999999977,0.25021514892578123,0.06054687499999993,0.4509276845468748,0.09453124999999996,0.8572631337656247,0.23416015624999997,0.40633544921874987,0.13962890625000002,0.11137436369769682,0.010091145833333322,0.18086575612566008,0.023271484375000002,0.08140068750792255
567,gR4gM_WXesQ$_$4,zero,T,False,0.2,20,4,2.246612499,0.9504557341337203,0.3663634755624998,0.09921874999999991,0.11617884421484356,0.034882812499999985,0.25018463134765623,0.06433593749999993,0.3273925282968748,0.04453124999999991,0.6566192128671873,0.15441406249999995,0.32922668457031246,0.10988281250000004,0.11136077988448703,0.010722656249999988,0.14654353528849354,0.01831380208333334,0.07173519337657847
567,gR4gM_WXesQ$_$4,zero,T,False,0.3,20,6,2.246612499,0.9504557341337203,0.5118712880624998,0.140625,0.12153010153906232,0.03390624999999999,0.3903411865234375,0.10671875,0.15505976462499982,0.006250000000000089,0.6304076650156247,0.15455078125,0.4753479003906249,0.1483007812499999,0.17374647962241124,0.017786458333333335,0.21158419131827041,0.024716796874999985,0.10695848153725375
568,gR4gM_WXesQ$_$8,zero,V,False,0.1,23,3,0.69677732,0.41842448413372035,0.15624997625000003,0.05136718750000002,0.019677710625000032,0.009384765625000003,0.136572265625,0.04198242187500002,0.05810544500000003,0.032421875000000044,0.1236083746875,0.011748046875000012,0.06550292968749996,-0.020673828125000033,0.19600533154504576,0.0069970703125000035,0.09400827753581649,-0.003445638020833339,0.07339126034313222
568,gR4gM_WXesQ$_$8,zero,V,False,0.2,23,5,0.69677732,0.41842448413372035,0.15844724187500003,0.04726562499999998,0.022851538750000032,0.010830078124999998,0.135595703125,0.03643554687499998,0.05102536687500003,0.028515625000000044,0.11234128721875,0.012138671875000001,0.06131592034374997,-0.016376953125000045,0.19460379181286808,0.00607259114583333,0.08799917934264942,-0.0027294921875000073,0.0714865175284627
568,gR4gM_WXesQ$_$8,zero,V,False,0.3,23,7,0.69677732,0.41842448413372035,0.27465817937500003,0.08320312500000004,0.06789548406250004,0.021542968750000013,0.2067626953125,0.06166015625000003,0.05371091375000003,0.021874999999999978,0.08284910921875002,0.020556640624999994,0.02913819546874999,-0.001318359374999984,0.29674099979531504,0.010276692708333339,0.04181845880157406,-0.00021972656249999735,0.08715410618568059
569,gVqs4TzqySw$_$1,zero,A,False,0.1,44,5,1.87487792,0.8879557341337203,0.2515869043750001,0.12734374999999998,0.18409422859375013,0.10056640624999998,0.06749267578124996,0.02677734375,0.8888854883593751,0.44453124999999993,0.9172531031054687,0.460546875,0.028367614746093617,0.01601562500000009,0.035998418383865534,0.004462890625,0.015130371590125733,0.002669270833333348,0.014565237858081153
569,gVqs4TzqySw$_$1,zero,A,False,0.2,44,9,1.87487792,0.8879557341337203,0.4169921778125001,0.21484375,0.3174499414843751,0.17085937499999998,0.09954223632812498,0.04398437500000002,0.8367309473437501,0.41640625,0.8636459253710937,0.43646484374999994,0.02691497802734366,0.020058593749999964,0.05309262121744106,0.00733072916666667,0.014355581973978172,0.0033430989583333273,0.019530507829104808
569,gVqs4TzqySw$_$1,zero,A,False,0.3,44,14,1.87487792,0.8879557341337203,0.5769042871875001,0.301171875,0.44943541511718754,0.24201171874999994,0.12746887207031254,0.05916015625000004,0.7219543360156251,0.3671875,0.8006698511523437,0.4074999999999999,0.0787155151367186,0.04031249999999992,0.06798778881695067,0.009860026041666673,0.04198431925231662,0.006718749999999986,0.03163772102773349
570,gVqs4TzqySw$_$3,zero,T,False,0.1,25,3,0.80029293,0.21490885913372035,0.16357418,0.033593750000000006,0.031994590156250016,0.01017578125,0.13157958984375,0.023417968750000004,0.70703121125,0.16328124999999996,0.904931601875,0.226650390625,0.19790039062499998,0.06336914062500004,0.16441407951669706,0.0039029947916666675,0.24728463281609542,0.010561523437500006,0.10654080764048979
570,gVqs4TzqySw$_$3,zero,T,False,0.2,25,5,0.80029293,0.21490885913372035,0.23388668,0.03984374999999998,0.087451133125,0.01830078125,0.14643554687500002,0.021542968749999985,0.5141601175,0.13945312499999998,0.7279540628124999,0.183369140625,0.21379394531249984,0.04391601562500003,0.18297720548124113,0.003590494791666664,0.26714427949303554,0.0073193359375000044,0.11525782892586084
570,gVqs4TzqySw$_$3,zero,T,False,0.3,25,8,0.80029293,0.21490885913372035,0.32373043,0.0677734375,0.16790767609374999,0.03773437499999999,0.15582275390625003,0.03003906250000002,0.33105464875,0.08378906249999998,0.5290526956249999,0.127626953125,0.1979980468749999,0.043837890625000014,0.19470690463221435,0.0050065104166666695,0.24740665829490907,0.007306315104166669,0.1136065971119892
571,gVqs4TzqySw$_$2,zero,A,False,0.1,27,3,0.6333007700000001,0.4879557341337204,0.28759764500000007,0.0859375,0.22097166843750005,0.06754882812500004,0.06662597656250002,0.018388671874999957,1.20605467625,0.28349609375000007,1.2332763559374995,0.2884912109375001,0.027221679687499556,0.004995117187500009,0.10520415340462416,0.0030647786458333263,0.04298374168052547,0.0008325195312500014,0.038021298315558234
571,gVqs4TzqySw$_$2,zero,A,False,0.2,27,6,0.6333007700000001,0.4879557341337204,0.5502929575000001,0.15390625000000002,0.40839842625000006,0.11689453125000007,0.14189453125,0.03701171874999995,1.05761717625,0.25878906250000006,1.1487548715624996,0.2752783203125001,0.0911376953124996,0.016489257812500047,0.22405516291230324,0.006168619791666659,0.1439087961375816,0.0027482096354166743,0.09422019711924204
571,gVqs4TzqySw$_$2,zero,A,False,0.3,27,9,0.6333007700000001,0.4879557341337204,0.7583007700000001,0.19550781250000004,0.5936035043750001,0.16244140625,0.16469726562499998,0.03306640625000004,0.9145507700000001,0.23593750000000002,1.0346435434374999,0.25570312500000003,0.1200927734374998,0.01976562500000001,0.2600612747774255,0.0055110677083333405,0.18962961912691287,0.003294270833333335,0.11462405811150125
572,gVqs4TzqySw$_$4,zero,V,False,0.1,8,1,0.31689449999999997,0.31490885913372035,0.12109371874999997,0.020312499999999956,0.12541500781249998,0.020683593750000014,-0.004321289062500011,-0.000371093750000058,0.8012695,0.17812499999999998,0.8240234062499999,0.17962890625,0.022753906249999956,0.00150390625000002,-0.013636321949980395,-6.1848958333343e-05,0.0718025539965066,0.00025065104166667,0.014588758532464883
572,gVqs4TzqySw$_$4,zero,V,False,0.2,8,2,0.31689449999999997,0.31490885913372035,0.24316403124999997,0.04296875,0.26379391406249997,0.046328125,-0.0206298828125,-0.0033593749999999978,0.74316403125,0.15898437499999996,0.744189421875,0.15603515625000003,0.0010253906250000666,-0.0029492187499999267,-0.06509995507194014,-0.0005598958333333329,0.0032357374118599565,-0.0004915364583333212,-0.01572891248793671
572,gVqs4TzqySw$_$4,zero,V,False,0.3,8,3,0.31689449999999997,0.31490885913372035,0.41162106249999997,0.07558593749999998,0.39882809375,0.07300781250000002,0.012792968749999967,0.002578124999999959,0.621582,0.12617187500000004,0.6444091484375,0.13021484375,0.0228271484375,0.004042968749999959,0.04036967628129768,0.00042968749999999317,0.07203367809735388,0.0006738281249999931,0.028376717500912887
573,goMtnNHQ_z4$_$1,zero,V,False,0.1,16,2,0.2529296999999999,0.3801432341337203,0.15234376249999992,0.021484375,0.08913575468749993,0.0063476562499999835,0.0632080078125,0.015136718750000017,0.3935546999999999,0.03359374999999998,0.44648438749999986,0.04478515624999997,0.05292968749999993,0.011191406249999994,0.24990247452167735,0.002522786458333336,0.20926557155774272,0.001865234374999999,0.11588901672818835
573,goMtnNHQ_z4$_$1,zero,V,False,0.2,16,4,0.2529296999999999,0.3801432341337203,0.2617187624999999,0.03164062499999998,0.17636719999999997,0.012939453124999955,0.08535156249999995,0.018701171875000023,0.3222656374999999,0.01718749999999991,0.4160156375,0.02719726562499996,0.09375000000000006,0.010009765625000049,0.3374503866078732,0.0031168619791666703,0.3706548868919435,0.0016682942708333415,0.1782226074374542
573,goMtnNHQ_z4$_$1,zero,V,False,0.3,16,5,0.2529296999999999,0.3801432341337203,0.3310546999999999,0.04023437499999993,0.18974610624999996,0.007373046874999978,0.14130859374999996,0.03286132812499996,0.2705078249999999,0.005859375,0.4062500125,0.03192382812499997,0.13574218750000006,0.02606445312499997,0.5586850222215018,0.0054768880208333265,0.5366773883122931,0.004344075520833328,0.2762958435188654
574,goMtnNHQ_z4$_$2,zero,T,False,0.1,19,2,3.1611328000000003,1.2934244841337204,0.4892578000000003,0.2015625000000001,0.0727050656250003,0.04507812500000001,0.416552734375,0.15648437500000006,0.7148437375000003,0.2328125000000001,1.3152099484375004,0.4661328125,0.6003662109375001,0.2333203124999999,0.13177320566911782,0.026080729166666677,0.18992116402586312,0.038886718749999986,0.0966654544029119
574,goMtnNHQ_z4$_$2,zero,T,False,0.2,19,4,3.1611328000000003,1.2934244841337204,0.4672851437500003,0.18046874999999996,0.0692870968750003,0.038085937500000014,0.397998046875,0.14238281249999996,0.5444335812500003,0.1734374999999999,1.1036559933593755,0.39279296874999997,0.5592224121093752,0.21935546875000006,0.12590357512706357,0.023730468749999994,0.17690564445876195,0.036559244791666674,0.09077473328187304
574,goMtnNHQ_z4$_$2,zero,T,False,0.3,19,6,3.1611328000000003,1.2934244841337204,0.3925781125000003,0.1390625000000001,0.2813232296875004,0.11078125000000001,0.1112548828124999,0.028281250000000077,0.5078124875000003,0.16796875,0.7079040402343754,0.24525390624999996,0.20009155273437507,0.07728515624999996,0.03519461365808049,0.004713541666666679,0.06329740067768566,0.012880859374999993,0.02902160384435821
575,goMtnNHQ_z4$_$13,zero,T,False,0.1,21,3,1.9866943099999999,0.8793619841337204,0.35476681976562485,0.11679687500000002,0.1317916610742186,0.04376953125,0.22297515869140624,0.07302734375000003,0.9962157943749999,0.25507812500000004,1.5808730819726562,0.45135742187500005,0.5846572875976563,0.196279296875,0.11223419996466709,0.012171223958333338,0.2942863380483122,0.032713216145833335,0.11285124452928649
575,goMtnNHQ_z4$_$13,zero,T,False,0.2,21,5,1.9866943099999999,0.8793619841337204,0.5386657455468749,0.171875,0.24649350433593736,0.07335937499999998,0.2921722412109375,0.09851562500000002,0.7106628158593749,0.16249999999999998,1.246844456484375,0.33958007812499996,0.5361816406250002,0.17708007812499998,0.14706444402435193,0.016419270833333336,0.269886196401702,0.029513346354166664,0.1157208144033885
575,goMtnNHQ_z4$_$13,zero,T,False,0.3,21,7,1.9866943099999999,0.8793619841337204,0.8726806381249999,0.26796875,0.3372451522851561,0.09361328124999999,0.5354354858398438,0.17435546875,0.29003903656249985,0.028124999999999956,1.0736800888085938,0.29056640625,0.7836410522460939,0.26244140625000006,0.26951062054897784,0.029059244791666664,0.3944445070674144,0.04374023437500001,0.1841886516957647
576,goMtnNHQ_z4$_$12,zero,T,False,0.1,19,2,1.469604455,0.15826823413372035,0.32922359562500003,0.03593750000000001,0.1576903925,0.0108154296875,0.17153320312500003,0.025122070312500012,1.2099609003125,0.12109375000000003,1.5465209589062499,0.273720703125,0.3365600585937498,0.152626953125,0.11672058139237108,0.004187011718750002,0.22901388767215064,0.025437825520833332,0.09383982657602627
576,goMtnNHQ_z4$_$12,zero,T,False,0.2,19,4,1.469604455,0.15826823413372035,0.45690914250000003,0.055078125000000006,0.288323937421875,0.022880859375,0.16858520507812502,0.032197265625000006,0.92126461125,0.08378906250000001,1.1941405878124998,0.19394531250000002,0.27287597656249973,0.11015625000000001,0.1147146021434202,0.005366210937500001,0.18567975209543552,0.018359375,0.08102998504408894
576,goMtnNHQ_z4$_$12,zero,T,False,0.3,19,6,1.469604455,0.15826823413372035,0.6619872675,0.08359375,0.3853517160473633,0.0361181640625,0.27663555145263674,0.047475585937499995,0.6484374628125,0.033203125,0.9550597772656249,0.14467773437500003,0.3066223144531248,0.11147460937500003,0.1882379726554817,0.00791259765625,0.20864260772162474,0.018579101562500006,0.10584306989896411
577,hqzF4IDaIYE$_$0,zero,T,False,0.1,25,3,1.70166013,-0.32317707836627974,1.680419895625,0.5263671875000001,0.298974583125,0.1100830078125,1.3814453125,0.4162841796875001,2.8421630596875,0.7541015625,3.837481663203124,1.1502734375000003,0.9953186035156238,0.3961718750000003,0.8118216301385458,0.06938069661458335,0.5849099952795089,0.06602864583333339,0.3830352419664929
577,hqzF4IDaIYE$_$0,zero,T,False,0.2,25,5,1.70166013,-0.32317707836627974,2.12207028625,0.6171875000000001,0.5803161358593751,0.1382632446289063,1.541754150390625,0.47892425537109384,2.26562497375,0.5486328125000001,3.397833225703125,0.9850878906249999,1.132208251953125,0.43645507812499984,0.9060288933029956,0.07982070922851564,0.6653547125173652,0.0727425130208333,0.4309867070174275
577,hqzF4IDaIYE$_$0,zero,T,False,0.3,25,8,1.70166013,-0.32317707836627974,3.04296872375,0.8978515625000001,1.0078338360546877,0.2426472473144532,2.035134887695312,0.6552043151855469,1.185790989375,0.14218750000000005,2.8726592755078126,0.7867089843750001,1.6868682861328126,0.6445214843750001,1.195969545179252,0.10920071919759115,0.9913068215484316,0.10742024739583335,0.600974333330277
578,hqzF4IDaIYE$_$3,zero,V,False,0.1,40,4,1.2651366700000002,0.5578776091337203,-0.029296923749999815,0.024609375000000044,-0.03542485343749981,0.027519531250000017,0.006127929687499999,-0.0029101562499999727,0.2534180174999998,0.169921875,0.2510010253124998,0.16966796875000006,-0.002416992187500022,-0.0002539062499999356,0.004843686053154988,-0.0004850260416666621,-0.0019104578456667265,-4.23177083333226e-05,0.0006014711143720692
578,hqzF4IDaIYE$_$3,zero,V,False,0.2,40,8,1.2651366700000002,0.5578776091337203,-0.06665043937499981,0.051953125000000044,-0.06779179679687482,0.05193359375000004,0.0011413574218750028,1.9531250000003053e-05,0.23339848624999981,0.15546875000000004,0.23835454093749978,0.15753906250000005,0.004956054687499961,0.0020703125000000044,0.0009021606493426148,3.255208333333842e-06,0.003917403461316554,0.0003450520833333341,0.0012919678505814594
578,hqzF4IDaIYE$_$3,zero,V,False,0.3,40,12,1.2651366700000002,0.5578776091337203,-0.10461430656249981,0.07539062500000004,-0.09887089835937482,0.07429687500000004,-0.0057434082031249944,0.0010937500000000044,0.20556645499999981,0.1390625000000001,0.21782231437499977,0.14371093750000002,0.012255859374999956,0.004648437499999936,-0.004539749577708008,0.0001822916666666674,0.009687372106309943,0.0007747395833333226,0.0015261634446504812
579,hqzF4IDaIYE$_$2,zero,T,False,0.1,29,3,2.22338863,0.9801432341337204,0.1383056221875001,0.053906250000000044,-0.024017375859374912,0.014179687500000005,0.162322998046875,0.03972656250000004,0.5473632393750001,0.15937500000000004,0.9398711739453123,0.2928125000000001,0.3925079345703122,0.13343750000000004,0.07300699610030788,0.006621093750000007,0.17653583037099627,0.02223958333333334,0.06960087588865937
579,hqzF4IDaIYE$_$2,zero,T,False,0.2,29,6,2.22338863,0.9801432341337204,0.1834716378125001,0.07343750000000004,0.005609088984375088,0.017773437500000024,0.177862548828125,0.05566406250000002,0.3398437081250001,0.08750000000000002,0.6590377388867189,0.20134765625,0.3191940307617188,0.11384765624999998,0.07999612232972633,0.009277343750000003,0.14356189596949717,0.018974609374999996,0.06295249285605588
579,hqzF4IDaIYE$_$2,zero,T,False,0.3,29,9,2.22338863,0.9801432341337204,0.3360595284375001,0.11796875000000007,0.0871520577343751,0.04468750000000004,0.248907470703125,0.07328125000000002,0.12451167687500009,0.022656250000000044,0.41677089318359395,0.11216796875000004,0.29225921630859386,0.08951171875,0.11194955096697333,0.01221354166666667,0.13144759351449967,0.014918619791666666,0.06763232648495157
580,hqzF4IDaIYE$_$4,zero,T,False,0.1,13,2,0.21484375,0.32604167163372033,0.53271484375,0.1474609375,0.2019287109375,0.050654296875000025,0.3307861328125,0.09680664062499997,0.64111328125,0.19472656249999998,0.75745849609375,0.24482421875,0.11634521484375004,0.05009765625000001,1.5396519245292242,0.01613444010416666,0.5415315703257819,0.008349609375000002,0.5264168860835432
580,hqzF4IDaIYE$_$4,zero,T,False,0.2,13,3,0.21484375,0.32604167163372033,0.65234375,0.1806640625,0.3393798828125,0.09021484375000004,0.3129638671875,0.09044921874999996,0.41259765625,0.12910156250000004,0.6611083984375,0.21314453125,0.24851074218750002,0.08404296874999995,1.456697765188584,0.01507486979166666,1.156699161545721,0.014007161458333325,0.6606197394960762
580,hqzF4IDaIYE$_$4,zero,T,False,0.3,13,4,0.21484375,0.32604167163372033,0.6376953125,0.17636718750000002,0.2857177734375,0.08292968750000002,0.3519775390625,0.0934375,0.40185546875,0.13339843750000002,0.6852294921875,0.21515625000000002,0.28337402343749996,0.0817578125,1.6382878290602867,0.015572916666666667,1.3189711335161782,0.013626302083333333,0.7466145453316163
581,hqzF4IDaIYE$_$6,zero,T,False,0.1,9,1,0.16479492999999995,0.34713542163372035,0.02807617999999995,0.020117187500000022,-0.05417479656250004,0.02125976562500002,0.0822509765625,-0.0011425781249999982,1.24291991375,0.5994140625,1.0862609782031252,0.5383203125,-0.15665893554687482,-0.06109374999999995,0.4991080578415985,-0.0001904296874999997,-0.950623814234216,-0.010182291666666657,-0.11547211943669605
581,hqzF4IDaIYE$_$6,zero,T,False,0.2,9,2,0.16479492999999995,0.34713542163372035,0.07885742999999995,0.04042968749999998,-0.15234374187500008,0.07457031249999999,0.23120117187500003,-0.03414062500000001,1.04565428875,0.5001953125,0.8222228922656252,0.3980078125,-0.22343139648437482,-0.10218750000000004,1.4029543804570908,-0.005690104166666668,-1.3558065207337031,-0.017031250000000008,0.006106626389180259
581,hqzF4IDaIYE$_$6,zero,T,False,0.3,9,3,0.16479492999999995,0.34713542163372035,0.02783203937499995,0.008398437500000022,-0.2726867594531249,0.1253125,0.3005187988281249,-0.11691406249999997,0.89916991375,0.4107421875,0.5756713785937502,0.2847070312500001,-0.3234985351562498,-0.12603515624999995,1.8235814369209542,-0.01948567708333333,-1.9630250283259418,-0.02100585937499999,-0.04498378196583025
582,hvfaYsv7p8E$_$0,zero,T,False,0.1,20,2,2.569336,-0.7327473908662797,1.1794434218749998,0.35917968750000007,0.20803228906249985,0.03591796874999999,0.9714111328125,0.3232617187500001,2.987884583984375,0.815283203125,3.9410523085937483,1.18673828125,0.9531677246093735,0.371455078125,0.3780785209618279,0.053876953125000016,0.37097808680191563,0.0619091796875,0.2162106851440609
582,hvfaYsv7p8E$_$0,zero,T,False,0.2,20,4,2.569336,-0.7327473908662797,1.5153809218749998,0.41796875,0.6411759047851561,0.12821289062499996,0.8742050170898438,0.28975585937500004,2.38800055078125,0.5998046875,3.2920822768554685,0.9326247406005861,0.9040817260742187,0.33282005310058604,0.3402453695602577,0.048292643229166675,0.35187354795194975,0.055470008850097674,0.19897039239786796
582,hvfaYsv7p8E$_$0,zero,T,False,0.3,20,6,2.569336,-0.7327473908662797,3.050537171875,0.8681640625,0.9307419448242186,0.17126953124999997,2.119795227050781,0.69689453125,1.4810791640624998,0.23671874999999998,2.981422486816406,0.8067575073242187,1.5003433227539062,0.5700387573242187,0.8250358855419827,0.11614908854166667,0.5839418195253897,0.09500645955403646,0.4050333132907689
583,iUXqlrui25c$_$10,zero,T,False,0.1,32,4,1.44543457,-0.40188801586627965,0.7590332028125,0.17441406249999997,0.26643981902343744,0.03740722656249999,0.49259338378906253,0.13700683593749996,2.2854003903124998,0.4081817626953125,2.9016967770312503,0.7036376953125,0.6162963867187505,0.2954559326171875,0.3407923493878475,0.022834472656249993,0.4263741667286841,0.049242655436197914,0.2098109110522449
583,iUXqlrui25c$_$10,zero,T,False,0.2,32,7,1.44543457,-0.40188801586627965,2.5527648922656248,0.4524658203125,0.3669082638476562,0.044189453125,2.1858566284179686,0.4082763671875,1.0538330075,0.009765625,2.6536239620898443,0.5638594818115235,1.5997909545898443,0.5540938568115235,1.512247708431562,0.06804606119791666,1.1067881459357227,0.0923489761352539,0.6948577229251138
583,iUXqlrui25c$_$10,zero,T,False,0.3,32,10,1.44543457,-0.40188801586627965,2.8161621090624998,0.48588867187499996,0.7194335934374999,0.08792724609375,2.0967285156249997,0.39796142578124993,0.654693603203125,0.09687500000000004,2.3413009640429694,0.4116490364074707,1.6866073608398444,0.31477403640747065,1.4505859404200216,0.06632690429687499,1.1668505991172229,0.05246233940124511,0.6840564458088412
584,iUXqlrui25c$_$21,zero,T,False,0.1,20,2,1.00964359,-0.014046218991279665,0.40490726187500004,0.093408203125,0.12035525992187504,0.017928352355957033,0.284552001953125,0.07547985076904297,0.87438968375,0.275634765625,1.1087158556249999,0.387880859375,0.23432617187499982,0.11224609375,0.28183383021259495,0.012579975128173828,0.23208778038913658,0.018707682291666666,0.136302317005393
584,iUXqlrui25c$_$21,zero,T,False,0.2,20,4,1.00964359,-0.014046218991279665,0.69274905875,0.182666015625,0.25114139273437497,0.03951614379882813,0.44160766601562507,0.1431498718261719,0.60778812125,0.14780273437500002,0.9788818712499999,0.32246582031250004,0.3710937499999999,0.17466308593750002,0.4373892262579499,0.02385831197102865,0.36754889163522375,0.02911051432291667,0.21447673604677975
584,iUXqlrui25c$_$21,zero,T,False,0.3,20,6,1.00964359,-0.014046218991279665,0.7274170275,0.195947265625,0.3572082872656249,0.06368545532226563,0.3702087402343751,0.13226181030273437,0.55993655875,0.128271484375,0.8542724962499999,0.25963134765625007,0.29433593749999987,0.13135986328125007,0.36667233589037024,0.02204363505045573,0.29152430510225374,0.021893310546875013,0.17553339664748868
585,iUXqlrui25c$_$23,zero,T,False,0.1,25,3,0.5561523599999999,0.2711588591337204,0.2963867349999999,0.08828124999999998,0.14658204749999992,0.03193359374999996,0.14980468749999998,0.05634765625000002,0.7666015787499999,0.2222656249999999,0.9161377115624999,0.29017578125,0.1495361328125,0.06791015625000008,0.26935859472286566,0.009391276041666669,0.26887571588617215,0.011318359375000012,0.13973598650642613
585,iUXqlrui25c$_$23,zero,T,False,0.2,25,5,0.5561523599999999,0.2711588591337204,0.3315429849999999,0.10175781249999993,0.20749513343749987,0.04547851562499995,0.12404785156250003,0.05627929687499998,0.6821289224999999,0.18593749999999998,0.769042985,0.23755859375000005,0.08691406250000011,0.05162109375000007,0.22304612447634956,0.009379882812499997,0.15627715078445292,0.008603515625000011,0.09932666842457562
585,iUXqlrui25c$_$23,zero,T,False,0.3,25,8,0.5561523599999999,0.2711588591337204,0.4350586099999999,0.12812499999999993,0.30949708656249986,0.07644531249999995,0.12556152343750004,0.05167968749999999,0.4926757974999999,0.12167968749999991,0.59599611,0.17275390624999995,0.10332031250000007,0.05107421875000004,0.22576780519225859,0.008613281249999999,0.18577665789882145,0.008512369791666674,0.10716752853318667
586,icbUzboLcDQ$_$0,zero,T,False,0.1,21,3,2.9726562000000003,1.2231119841337204,0.7969970203125003,0.27031249999999996,0.1236327625000003,0.03695312499999999,0.6733642578125,0.23335937499999998,0.3144530750000003,0.034375000000000044,1.5797362781250002,0.42019531250000003,1.2652832031249999,0.3858203125,0.226519310000662,0.03889322916666666,0.42564046844183706,0.06430338541666666,0.1888390982564581
586,icbUzboLcDQ$_$0,zero,T,False,0.2,21,5,2.9726562000000003,1.2231119841337204,1.1144713855468753,0.334375,0.1973998523437503,0.05441406250000001,0.917071533203125,0.27996093749999995,0.2319335437500003,0.0078125,1.5684020496093751,0.4037890625,1.3364685058593748,0.3959765625,0.30850228314355416,0.046660156249999994,0.449587159212093,0.06599609375,0.2176864230889118
586,icbUzboLcDQ$_$0,zero,T,False,0.3,21,7,2.9726562000000003,1.2231119841337204,1.1483458972656253,0.3359375,0.3940566516601566,0.10242187499999997,0.7542892456054687,0.23351562500000003,0.2685546375000003,0.01953125,1.2567153430664064,0.31611328125,0.9881607055664061,0.29658203125,0.25374242465813707,0.03891927083333334,0.3324166357178372,0.04943033854166667,0.16862716743774356
587,ioupaiAuRr0$_$5,zero,V,False,0.1,29,3,0.7880859600000001,0.3414713591337204,0.031250022500000085,0.0031249999999999334,-0.006713844687499915,0.013320312499999959,0.0379638671875,-0.010195312500000026,0.23779294624999991,0.1656249999999999,0.1805175556249999,0.14824218749999998,-0.057275390625000006,-0.017382812499999928,0.04817218037397801,-0.0016992187500000043,-0.0726764856317379,-0.0028971354166666546,-0.007275164856106636
587,ioupaiAuRr0$_$5,zero,V,False,0.2,29,6,0.7880859600000001,0.3414713591337204,0.049804710000000085,0.010156249999999978,-0.011181618124999914,0.025117187499999954,0.060986328125,-0.014960937499999976,0.21923825874999991,0.14101562499999998,0.1491454853124999,0.12281249999999995,-0.0700927734375,-0.01820312500000003,0.07738527753967658,-0.0024934895833333293,-0.08894040505060508,-0.0030338541666666712,-0.004270617815232123
587,ioupaiAuRr0$_$5,zero,V,False,0.3,29,9,0.7880859600000001,0.3414713591337204,0.041015647500000085,0.024609374999999933,-0.021704079062499916,0.03768554687499995,0.0627197265625,-0.013076171875000014,0.17675778999999991,0.11249999999999993,0.10644528999999991,0.09882812499999998,-0.0703125,-0.013671874999999958,0.07958477902299003,-0.002179361979166669,-0.08921921509778565,-0.0022786458333333265,-0.0035231109718239016
588,ioupaiAuRr0$_$4,zero,V,False,0.1,40,4,0.008789040000000026,0.26061198413372033,0.022460915000000026,0.026562500000000044,-0.011792014687499974,0.01562500000000002,0.0342529296875,0.010937500000000024,0.028320290000000026,0.13515624999999998,0.0935302509375,0.15832031250000003,0.06520996093749998,0.023164062500000054,3.8967888300280666,0.0018229166666666706,7.41861936208479,0.0038606770833333423,2.830272946465714
588,ioupaiAuRr0$_$4,zero,V,False,0.2,40,8,0.008789040000000026,0.26061198413372033,0.041503883750000026,0.04648437500000002,-0.013085959999999975,0.03153320312500002,0.05458984375,0.014951171875000002,0.019042946250000026,0.119140625,0.0799072040625,0.138486328125,0.060864257812499975,0.019345703125000002,6.210420401954922,0.002491861979166667,6.924229902537395,0.003224283854166667,3.2850916125814122
588,ioupaiAuRr0$_$4,zero,V,False,0.3,40,12,0.008789040000000026,0.26061198413372033,0.050781227500000026,0.06289062499999998,-0.012915061562499974,0.04795898437500003,0.0636962890625,0.01493164062499995,0.020019553749999974,0.09726562500000002,0.06159665718750003,0.11953125,0.041577103437500054,0.022265624999999983,7.246416291905363,0.002488606770833325,4.730024372755976,0.0037109374999999972,2.9956600522330428
589,jICmfLeFymA$_$16,zero,T,False,0.1,19,2,2.91210938,1.3543619841337204,0.20178223156249997,0.059374999999999956,0.01821899914062497,0.016484374999999975,0.183563232421875,0.04289062499999998,0.04663086437499997,0.09140624999999991,0.3385314991406251,0.028007812499999996,0.2919006347656251,-0.06339843749999992,0.06303443498658694,0.007148437499999997,0.10023680310003397,-0.010566406249999986,0.03996331733415523
589,jICmfLeFymA$_$16,zero,T,False,0.2,19,4,2.91210938,1.3543619841337204,0.30847168468749997,0.08125000000000004,0.0009887745312499696,0.018984374999999953,0.30748291015625,0.06226562500000009,0.04321288562500003,0.09531249999999991,0.30784912609375004,0.025976562500000012,0.26463624046875,-0.0693359374999999,0.10558765638418212,0.01037760416666668,0.09087438521775744,-0.011555989583333317,0.048820914046318234
589,jICmfLeFymA$_$16,zero,T,False,0.3,19,6,2.91210938,1.3543619841337204,0.31066895031249997,0.07343750000000004,0.08895874523437497,0.035273437500000004,0.221710205078125,0.03816406250000004,0.05053710437500003,0.0859375,0.1758544951875,0.040312499999999994,0.12531739081249996,-0.045625000000000006,0.07613386037864574,0.00636067708333334,0.0430331870911088,-0.007604166666666668,0.0294808894716053
590,jPrEKz1rAno$_$11,zero,V,False,0.1,14,2,1.1379394299999999,0.08668620288372034,0.06860349249999986,0.02153320312500001,0.06469724249999986,0.019448242187500003,0.00390625,0.0020849609375000085,0.35571286749999986,0.08027343750000002,0.36083982062499975,0.08252441406250002,0.005126953124999889,0.0022509765625000067,0.0034327368085515695,0.00034749348958333474,0.004505467061223838,0.0003751627604166678,0.0021652150299438524
590,jPrEKz1rAno$_$11,zero,V,False,0.2,14,3,1.1379394299999999,0.08668620288372034,0.10229489874999986,0.030957031250000003,0.10573728156249987,0.028178710937500007,-0.0034423828125000056,0.0027783203124999954,0.35913083624999986,0.07822265625000002,0.35168454718749975,0.07943359375,-0.007446289062500111,0.0012109374999999811,-0.0030250993125360754,0.0004630533854166659,-0.006543654541301527,0.00020182291666666352,-0.0022259693879385684
590,jPrEKz1rAno$_$11,zero,V,False,0.3,14,5,1.1379394299999999,0.08668620288372034,0.16137692999999986,0.045019531249999994,0.17810056281249986,0.04315917968750001,-0.0167236328125,0.0018603515624999872,0.33569333624999986,0.06982421875,0.3133788831249998,0.07027832031250002,-0.022314453125000078,0.0004541015625000172,-0.014696404461611407,0.0003100585937499979,-0.01960950901885091,7.568359375000287e-05,-0.00848004282324058
591,jPrEKz1rAno$_$7,zero,V,False,0.1,35,4,0.8679199200000001,0.14879557788372033,0.11303710750000007,0.028710937500000006,0.05939941218750007,0.020961914062500014,0.0536376953125,0.007749023437499992,0.31762695125000007,0.13232421875,0.3865722637500001,0.13923828124999998,0.06894531250000002,0.0069140624999999845,0.06180021022249353,0.0012915039062499987,0.07943732074115695,0.0011523437499999973,0.03592034465497512
591,jPrEKz1rAno$_$7,zero,V,False,0.2,35,7,0.8679199200000001,0.14879557788372033,0.18579101375000007,0.04794921875000002,0.10141601375000006,0.03409667968750002,0.084375,0.013852539062500002,0.26147460750000007,0.11572265625,0.3681396465625001,0.12946289062500002,0.10666503906250002,0.013740234375000021,0.09721507807416371,0.002308756510416667,0.12289718637327006,0.0022900390625000037,0.05617776500508761
591,jPrEKz1rAno$_$7,zero,V,False,0.3,35,11,0.8679199200000001,0.14879557788372033,0.25366210750000007,0.06845703125000002,0.1608154278125001,0.05395996093750001,0.09284667968749996,0.014497070312500013,0.21264648250000007,0.09912109375000003,0.32365722468750013,0.11084960937500002,0.11101074218750007,0.011728515624999991,0.10697596698959619,0.002416178385416669,0.12790421296389543,0.001954752604166665,0.059812777735768735
592,jPrEKz1rAno$_$6,zero,T,False,0.1,27,3,1.75402836,0.13922526538372035,0.20654300843749995,0.01591796875000001,0.04910358583007808,0.011948242187500001,0.15743942260742189,0.00396972656250001,0.81408695375,0.056298828125000006,1.09478763734375,0.022268066406250002,0.28070068359375,-0.034030761718750004,0.08975871567362013,0.0006616210937500016,0.16003191850434592,-0.005671793619791667,0.061195115412981095
592,jPrEKz1rAno$_$6,zero,T,False,0.2,27,6,1.75402836,0.13922526538372035,0.35864261781249995,0.02978515625,0.10416301881347652,0.023461914062500002,0.25447959899902345,0.006323242187499998,0.43939212953124995,0.07651367187500001,0.8410461822656249,0.04408935546875,0.40165405273437493,-0.03242431640625001,0.1450828616683038,0.0010538736979166664,0.2289893555341485,-0.005404052734375001,0.09243050954149849
592,jPrEKz1rAno$_$6,zero,T,False,0.3,27,9,1.75402836,0.13922526538372035,0.49035648499999995,0.033593750000000006,0.20314335023437496,0.035104980468750005,0.287213134765625,-0.0015112304687499994,0.21569828187499995,0.07177734375,0.5884613433984374,0.056435546875000006,0.3727630615234374,-0.015341796874999994,0.16374477036440543,-0.0002518717447916666,0.21251814252609627,-0.0025569661458333323,0.09336351874996918
593,k5ZOshC2LP4$_$1,zero,T,False,0.1,31,4,0.304626465,0.22506510913372035,0.49261474625,0.15937500000000004,0.14023437515625004,0.04403808593749999,0.35238037109375,0.11533691406250005,0.8739624025,0.276953125,1.3244934083593747,0.45402343749999996,0.45053100585937467,0.17707031249999994,1.156758374015127,0.019222819010416673,1.4789572760925371,0.02951171874999999,0.6711125469670202
593,k5ZOshC2LP4$_$1,zero,T,False,0.2,31,7,0.304626465,0.22506510913372035,0.639831543125,0.21601562500000004,0.19216308609375005,0.06983398437500002,0.44766845703124997,0.14618164062500003,0.621276855625,0.14882812499999998,1.1658142091406247,0.39607421875,0.5445373535156247,0.24724609375,1.4695603924985883,0.024363606770833338,1.7875517347578123,0.041207682291666665,0.8306708540797252
593,k5ZOshC2LP4$_$1,zero,T,False,0.3,31,10,0.304626465,0.22506510913372035,0.771179199375,0.24921875000000004,0.301501465,0.100048828125,0.469677734375,0.14916992187500006,0.40570068375,0.10390624999999998,0.9682617189062498,0.32100585937500004,0.5625610351562498,0.21709960937500006,1.54181020537659,0.024861653645833343,1.8467180402011676,0.036183268229166676,0.8623932918631895
594,kbGhEJ4W44o$_$0,zero,T,False,0.1,39,4,0.61523437,0.2770182341337204,1.23876952625,0.20156249999999998,0.19990710712158205,0.047734374999999975,1.038862419128418,0.153828125,2.42236327625,0.5453125,3.20351562,0.6627734375,0.7811523437500001,0.11746093749999997,1.6885609472167016,0.025638020833333334,1.2696804862665811,0.019576822916666663,0.7508640693083207
594,kbGhEJ4W44o$_$0,zero,T,False,0.2,39,8,0.61523437,0.2770182341337204,1.850830073125,0.31367187499999993,0.5126815745898436,0.10138671874999997,1.3381484985351564,0.21228515624999997,1.5970458934375,0.31171874999999993,2.8201171825000007,0.558671875,1.2230712890625006,0.2469531250000001,2.175018803836256,0.035380859375,1.9879729753874529,0.04115885416666668,1.0598828731913439
594,kbGhEJ4W44o$_$0,zero,T,False,0.3,39,12,0.61523437,0.2770182341337204,2.52685546375,0.45976562499999996,0.9843078563281249,0.18494140624999994,1.5425476074218751,0.27482421875,0.911865229375,0.125,2.2684814403125007,0.44208984374999993,1.3566162109375006,0.31708984374999993,2.5072479292305236,0.045804036458333336,2.2050361164012733,0.05284830729166665,1.2027340973454492
595,kfsO4c0Ekes$_$7,zero,T,False,0.1,27,3,2.9711914,1.2027994841337204,0.3041992124999999,0.11953125000000009,0.11145018906249993,0.036718750000000036,0.1927490234375,0.08281250000000005,1.58105468125,0.4984375000000001,2.311680596777344,0.7400488281250001,0.730625915527344,0.24161132812499997,0.06487261593611372,0.013802083333333342,0.24590326615245248,0.04026855468749999,0.09121163002734989
595,kfsO4c0Ekes$_$7,zero,T,False,0.2,27,6,2.9711914,1.2027994841337204,0.5039062437499999,0.1875,0.23215331406249992,0.07718750000000005,0.2717529296875,0.11031249999999995,1.114990228125,0.36406250000000007,1.6294692930664059,0.5081249999999999,0.5144790649414059,0.14406249999999987,0.0914625823920053,0.018385416666666658,0.1731557555617758,0.024010416666666645,0.0767535428217786
595,kfsO4c0Ekes$_$7,zero,T,False,0.3,27,9,2.9711914,1.2027994841337204,0.8283691343749999,0.31015625,0.3883544859375,0.12019531250000001,0.44001464843749993,0.1899609375,0.6542968687499999,0.17578125,1.214607232519531,0.3821875,0.560310363769531,0.20640625,0.148093623434652,0.03166015625,0.18858097636811774,0.03440104166666667,0.10068394942985912
596,kvUb78Rdzdc$_$3,zero,T,False,0.1,48,5,3.2011719000000003,1.2777994841337204,0.6738281500000003,0.28046875000000004,0.04345705625000029,0.04226562499999999,0.63037109375,0.23820312500000007,1.6384277593750003,0.720703125,2.18702395078125,0.97178955078125,0.5485961914062498,0.25108642578124996,0.196918789906662,0.03970052083333334,0.17137349607272065,0.041847737630208326,0.11246013611073108
596,kvUb78Rdzdc$_$3,zero,T,False,0.2,48,10,3.2011719000000003,1.2777994841337204,0.8007812750000003,0.38203125000000004,0.1289062750000003,0.09093749999999998,0.671875,0.29109375000000004,1.0000000250000003,0.4234375,1.510760523046875,0.6898730468750001,0.5107604980468747,0.26643554687500004,0.20988400845202704,0.04851562500000001,0.15955417404879152,0.04440592447916667,0.11558993299499631
596,kvUb78Rdzdc$_$3,zero,T,False,0.3,48,15,3.2011719000000003,1.2777994841337204,1.1005859625000003,0.5234375,0.2289795171875003,0.14871093749999997,0.8716064453125,0.3747265625,0.5717773687500003,0.2484375000000001,1.008154321875,0.48361328124999997,0.4363769531249997,0.23517578124999988,0.2722772160518102,0.06245442708333334,0.13631783310579682,0.03919596354166665,0.12756135994565174
597,lO87-4Kf0cQ$_$2,zero,V,False,0.1,14,2,1.53503418,0.05304362475872034,0.026367187812500026,0.020947265624999996,0.011657715156250026,0.021943359375,0.01470947265625,-0.000996093750000003,0.21765136750000003,0.10112304687499998,0.22285156281250007,0.10121093750000001,0.005200195312500044,8.789062500003109e-05,0.009582498725696957,-0.0001660156250000005,0.003387671748669659,1.4648437500005182e-05,0.0032047008217166557
597,lO87-4Kf0cQ$_$2,zero,V,False,0.2,14,3,1.53503418,0.05304362475872034,0.045043945625000026,0.028173828125,0.021984863593750025,0.031977539062500004,0.02305908203125,-0.003803710937500003,0.17761230500000003,0.09331054687499998,0.17755126984375008,0.09092285156249999,-6.103515624994449e-05,-0.0023876953124999933,0.01502185899820876,-0.0006339518229166672,-3.976140550078109e-05,-0.0003979492187499989,0.003487549137760328
597,lO87-4Kf0cQ$_$2,zero,V,False,0.3,14,5,1.53503418,0.05304362475872034,0.08007812531250003,0.042431640624999996,0.05144043000000002,0.04730224609375,0.028637695312500003,-0.004870605468750004,0.09045410187500003,0.080712890625,0.11369628937500002,0.07698242187499998,0.023242187499999997,-0.003730468750000021,0.018656051460983456,-0.0008117675781250007,0.015141143214711208,-0.0006217447916666702,0.008090920576475749
598,lO87-4Kf0cQ$_$5,zero,T,False,0.1,18,2,1.33926393,0.009376212954521058,0.1833801409375,0.05345172882080072,-0.006512437187500009,0.0235658454895019,0.189892578125,0.029885883331298824,0.5600929400097656,0.14759235382080074,0.6601471087109374,0.2484614944458008,0.10005416870117179,0.10086914062500005,0.14178865874207577,0.00498098055521647,0.07470827202290124,0.016811523437500007,0.05957235868942338
598,lO87-4Kf0cQ$_$5,zero,T,False,0.2,18,4,1.33926393,0.009376212954521058,0.274566664375,0.09568805694580072,0.022151198066406242,0.053399848937988215,0.25241546630859374,0.04228820800781251,0.3740577837597656,0.12483844757080072,0.4861786028515624,0.22757282257080075,0.11212081909179678,0.10273437500000003,0.18847313974584085,0.007048034667968751,0.08371817747202324,0.01712239583333334,0.07409043692979154
598,lO87-4Kf0cQ$_$5,zero,T,False,0.3,18,6,1.33926393,0.009376212954521058,0.384429945625,0.15589313507080074,0.09841920343749999,0.09028400421142573,0.2860107421875,0.06560913085937502,0.30166627375,0.09202594757080072,0.3257446428906249,0.17617145538330073,0.02407836914062489,0.0841455078125,0.2135580016923911,0.01093485514322917,0.017978794636715298,0.014024251302083334,0.06412397569360473
599,lWf5hHRHIDs$_$11,zero,V,False,0.1,13,2,2.203338623,0.9160807341337204,0.16476440425000005,0.08671875000000007,0.09425659175000005,0.05542968750000001,0.0705078125,0.031289062500000055,0.37399291987500005,0.21953125000000007,0.5627502440937502,0.2914453125,0.18875732421875013,0.07191406249999993,0.03200042869650695,0.005214843750000009,0.08566873769634474,0.011985677083333321,0.03371742180654625
599,lWf5hHRHIDs$_$11,zero,V,False,0.2,13,3,2.203338623,0.9160807341337204,0.21505737300000005,0.109375,0.12696228022656256,0.0746875,0.0880950927734375,0.034687499999999996,0.31344604487500005,0.19765624999999998,0.47971801753125015,0.26191406250000004,0.1662719726562501,0.06425781250000007,0.03998253008925147,0.005781249999999999,0.07546361483295037,0.010709635416666677,0.03298425758471713
599,lWf5hHRHIDs$_$11,zero,V,False,0.3,13,4,2.203338623,0.9160807341337204,0.33407592768750005,0.169921875,0.17236022944531254,0.10587890625000003,0.1617156982421875,0.06404296874999997,0.20358276362500005,0.14687499999999998,0.3870117187031251,0.2191796875,0.18342895507812507,0.07230468750000002,0.07339572009420878,0.010673828124999995,0.08325042275070321,0.012050781250000003,0.04484268805497799
600,lawHYX5eB20$_$1,zero,T,False,0.1,12,2,0.6030273,-0.2626302033662796,0.82421870625,0.09179687499999994,0.2518798390625,0.04721679687500003,0.5723388671875,0.044580078124999915,0.69824214375,0.1869140625000001,1.4892470875976564,0.114228515625,0.7910049438476564,-0.07268554687500009,0.9491078066941468,0.0074300130208333195,1.3117210980772482,-0.012114257812500015,0.564036164994932
600,lawHYX5eB20$_$1,zero,T,False,0.2,12,3,0.6030273,-0.2626302033662796,1.2045898,0.11904296874999995,0.4854491750000002,0.049492187500000014,0.7191406249999998,0.06955078124999994,0.09985347187500004,0.31113281250000013,1.1504317799804689,0.09920410156250001,1.050578308105469,-0.21192871093750013,1.1925487162045292,0.01159179687499999,1.7421708203503365,-0.03532145182291669,0.7277474704017373
600,lawHYX5eB20$_$1,zero,T,False,0.3,12,4,0.6030273,-0.2626302033662796,1.40820308125,0.10205078124999994,0.36705317890625,0.07573242187500004,1.0411499023437498,0.026318359374999906,0.021728559374999956,0.26425781250000013,1.3740996876953127,0.08002441406249998,1.3523711283203128,-0.18423339843750014,1.7265357236861847,0.004386393229166651,2.2426329383219867,-0.030705566406250023,0.985712372207772
601,lawHYX5eB20$_$2,zero,V,False,0.1,23,3,0.40527349999999995,0.16822917163372034,0.16796881249999995,0.04296875,0.13481451562499994,0.036796875000000014,0.03315429687500002,0.006171874999999986,0.65771490625,0.19628906249999997,0.7004151015625,0.205322265625,0.04270019531250002,0.009033203125000028,0.08180701444329713,0.001028645833333331,0.10536116955915073,0.0015055338541666713,0.047425590922486965
601,lawHYX5eB20$_$2,zero,V,False,0.2,23,5,0.40527349999999995,0.16822917163372034,0.26513678124999995,0.06875,0.22697760156249994,0.05958007812500001,0.03815917968750002,0.009169921874999994,0.5976563125,0.1724609375,0.6568848281249999,0.18830078125000002,0.05922851562499998,0.015839843750000027,0.09415637965749146,0.0015283203124999989,0.14614419516895336,0.002639973958333338,0.06111721727431954
601,lawHYX5eB20$_$2,zero,V,False,0.3,23,7,0.40527349999999995,0.16822917163372034,0.36230474999999995,0.09785156250000002,0.3218750624999999,0.084013671875,0.04042968750000003,0.013837890625000016,0.5234375625,0.14609375,0.600927796875,0.16872070312500004,0.07749023437500002,0.022626953125000043,0.09975877460832112,0.0023063151041666694,0.19120431799928206,0.0037711588541666737,0.07426014164148413
602,mHGaQ_nv9UY$_$13,zero,V,False,0.1,48,5,0.11962890000000004,0.16197917163372036,0.04809569687500004,0.0380859375,0.034350579687500035,0.034750976562499994,0.013745117187500003,0.003334960937500006,0.39892577500000004,0.2728515625,0.4140624937500001,0.27640625,0.015136718750000056,0.003554687500000042,0.11489700474128958,0.0005558268229166677,0.12652956117158043,0.0005924479166666737,0.06064371016311334
602,mHGaQ_nv9UY$_$13,zero,V,False,0.2,48,10,0.11962890000000004,0.16197917163372036,0.09619140000000004,0.07460937499999998,0.07521972031250002,0.06740234374999998,0.020971679687500022,0.0072070312499999956,0.33642577500000004,0.23925781249999997,0.3584472593750001,0.24588867187499996,0.022021484375000067,0.006630859374999992,0.1753046662038505,0.0012011718749999993,0.18408010351091206,0.0011051432291666653,0.0904227712047323
602,mHGaQ_nv9UY$_$13,zero,V,False,0.3,48,15,0.11962890000000004,0.16197917163372036,0.14453124375000004,0.10742187499999997,0.11977538437500002,0.100224609375,0.024755859375000022,0.007197265624999977,0.27783202500000004,0.20800781249999997,0.3028564390625001,0.21415039062499996,0.025024414062500056,0.006142578124999992,0.2069370564967455,0.0011995442708333294,0.20918193580785446,0.001023763020833332,0.10458557489906666
603,mHGaQ_nv9UY$_$14,zero,V,False,0.1,26,3,0.030761700000000003,0.2500651091337204,-0.008789081249999997,0.023046875000000022,-0.023535175,0.027363281249999982,0.014746093750000001,-0.00431640624999996,0.30908205,0.21757812499999996,0.29831544843749996,0.21640624999999997,-0.010766601562500033,-0.001171874999999989,0.47934978886768714,-0.00071940104166666,-0.3499888359116733,-0.00019531249999999814,0.032111559853586796
603,mHGaQ_nv9UY$_$14,zero,V,False,0.2,26,6,0.030761700000000003,0.2500651091337204,-0.05078126875,0.06015625000000002,-0.0552490421875,0.05638671874999997,0.004467773437500003,0.003769531250000055,0.252441425,0.18281249999999993,0.24885255781249996,0.187265625,-0.003588867187500039,0.004453125000000058,0.1452334625211702,0.0006282552083333425,-0.116662945303892,0.0007421875000000097,0.007485239981402888
603,mHGaQ_nv9UY$_$14,zero,V,False,0.3,26,8,0.030761700000000003,0.2500651091337204,-0.0874023625,0.08632812499999998,-0.07468263593749999,0.07294921874999998,-0.012719726562500006,0.013378906250000003,0.2084961125,0.15703124999999996,0.21801759687499994,0.16888671874999997,0.009521484374999944,0.011855468750000014,-0.4134788741722932,0.0022298177083333337,0.3095139365205246,0.0019759114583333356,-0.024939802121275466
604,mHGaQ_nv9UY$_$17,zero,T,False,0.1,29,3,0.7552490199999999,0.07462565600872034,0.26306151999999994,0.11079101562500002,-0.12064056740234382,0.019870605468749997,0.38370208740234374,0.09092041015625002,0.5682373012499999,0.28051757812500006,0.8743408168750001,0.372236328125,0.30610351562500016,0.09171874999999996,0.5080464445434159,0.015153401692708337,0.4053009036994136,0.015286458333333327,0.23594680206721777
604,mHGaQ_nv9UY$_$17,zero,T,False,0.2,29,6,0.7552490199999999,0.07462565600872034,0.36853026999999994,0.17036132812500002,-0.019476321796875064,0.051376953125,0.388006591796875,0.11898437500000002,0.38757323874999994,0.19418945312499997,0.6955810512500001,0.311162109375,0.3080078125000002,0.11697265625000003,0.5137458874835581,0.01983072916666667,0.4078223162443613,0.019495442708333338,0.24022359390072984
604,mHGaQ_nv9UY$_$17,zero,T,False,0.3,29,9,0.7552490199999999,0.07462565600872034,0.41247558249999994,0.185986328125,0.032916256328124935,0.08892333984374999,0.379559326171875,0.09706298828125,0.19665526999999994,0.149658203125,0.4846923793750001,0.23745117187500003,0.28803710937500016,0.08779296875000003,0.5025611600405849,0.016177164713541668,0.3813798103242687,0.01463216145833334,0.22868757413418217
605,mHGaQ_nv9UY$_$22,zero,T,False,0.1,48,5,2.4458007999999998,-0.7503255158662797,0.7033691593749998,0.19570312499999998,0.08621828046874977,0.03011718750000001,0.61715087890625,0.16558593749999997,2.3486328312499998,0.3814453125,3.4233596989257813,0.8241964721679687,1.0747268676757815,0.44275115966796863,0.25233069944843856,0.027597656249999995,0.439416991056177,0.07379185994466143,0.19828430167481925
605,mHGaQ_nv9UY$_$22,zero,T,False,0.2,48,10,2.4458007999999998,-0.7503255158662797,1.1405029484374998,0.269140625,0.23950197187499978,0.04974609375000002,0.9010009765625,0.21939453125,1.2965088078124998,0.045703124999999956,2.9336242863281248,0.6101358032226563,1.637115478515625,0.5644326782226563,0.3683867501293441,0.036565755208333335,0.6693573774112134,0.09407211303710938,0.29209549894650005
605,mHGaQ_nv9UY$_$22,zero,T,False,0.3,48,15,2.4458007999999998,-0.7503255158662797,1.6729736515624998,0.319921875,0.530853290234375,0.06529296874999999,1.1421203613281248,0.25462890625,0.6860351749999998,0.06953125000000004,2.1855606266601564,0.3774560546875,1.4995254516601566,0.30792480468749994,0.46697175598125934,0.04243815104166667,0.6131017859501766,0.05132080078124999,0.2934581234385882
606,mHGaQ_nv9UY$_$5,zero,V,False,0.1,33,4,0.529174802,-0.016878250241279664,0.23474120825,0.126611328125,0.1428224536723633,0.084068603515625,0.09191875457763671,0.042542724609375,0.816040036375,0.37788085937500004,0.8669074985332031,0.393994140625,0.05086746215820315,0.016113281249999944,0.1737017343390103,0.0070904541015625,0.0961258280630964,0.002685546874999991,0.0699008908446673
606,mHGaQ_nv9UY$_$5,zero,V,False,0.2,33,7,0.529174802,-0.016878250241279664,0.3952636691875,0.199755859375,0.220867917234375,0.13122314453125,0.174395751953125,0.06853271484375001,0.7097167941875,0.35014648437499996,0.860076901609375,0.39549804687499995,0.150360107421875,0.0453515625,0.3295610859264593,0.011422119140625001,0.28414017960306315,0.007558593749999999,0.15817049460503685
606,mHGaQ_nv9UY$_$5,zero,V,False,0.3,33,10,0.529174802,-0.016878250241279664,0.5363769504375,0.259521484375,0.347698971921875,0.19271484375000006,0.188677978515625,0.06680664062499994,0.5852050754375,0.311669921875,0.77048339575,0.36723632812500007,0.18527832031250002,0.05556640625000009,0.35655065443756817,0.011134440104166657,0.35012621441163333,0.009261067708333348,0.1817680941654254
607,mHGaQ_nv9UY$_$4,zero,T,False,0.1,27,3,3.241211,-1.1792317658662796,1.0778809218749998,0.3648437499999999,0.42056891015624986,0.12020507812499995,0.65731201171875,0.24463867187499996,3.9251709609375,1.3017578125,4.530322328124998,1.3622113037109373,0.6051513671874984,0.06045349121093735,0.20279821613604726,0.04077311197916666,0.18670527172782847,0.010075581868489558,0.11008804542788299
607,mHGaQ_nv9UY$_$4,zero,T,False,0.2,27,6,3.241211,-1.1792317658662796,4.6583252578125,1.2529296875,0.9438782363281248,0.2688842773437499,3.714447021484375,0.9840454101562501,2.1796875625,0.6015624999999999,3.9997147231445296,1.18828125,1.8200271606445297,0.5867187500000001,1.1460055749159188,0.16400756835937502,0.5615267253868398,0.09778645833333334,0.49233158174886676
607,mHGaQ_nv9UY$_$4,zero,T,False,0.3,27,9,3.241211,-1.1792317658662796,4.710693421875,1.286279296875,2.122650208984375,0.632059326171875,2.588043212890625,0.6542199707031251,1.6638184218749998,0.35468749999999993,3.4298218398437497,0.9404304885864259,1.7660034179687498,0.5857429885864259,0.7984800787145749,0.10903666178385418,0.5448589657105891,0.09762383143107099,0.3874998844100223
608,mLW-jn67gRE$_$20,zero,T,False,0.1,40,4,1.52416996,0.5684244841337204,0.6384277725,0.16367187500000002,0.10124515531250004,0.01857421875000001,0.5371826171875,0.14509765625,0.39733890531250005,0.007031250000000044,0.781366004921875,0.14792968750000007,0.384027099609375,0.14089843750000003,0.3524424958126089,0.024182942708333335,0.25195802156562214,0.02348307291666667,0.16301663325080773
608,mLW-jn67gRE$_$20,zero,T,False,0.2,40,8,1.52416996,0.5684244841337204,0.780029335,0.18027343750000002,0.18612064359375005,0.032978515624999996,0.59390869140625,0.14729492187500004,0.24584964750000005,0.032031249999999956,0.7410950088281251,0.12785156250000002,0.495245361328125,0.09582031250000006,0.3896601542692101,0.02454915364583334,0.324927697958584,0.015970052083333342,0.1887767644892402
608,mLW-jn67gRE$_$20,zero,T,False,0.3,40,12,1.52416996,0.5684244841337204,1.0095215225,0.23007812500000002,0.36105960843750007,0.0677734375,0.6484619140625,0.16230468750000002,0.031860389687500046,0.09218749999999998,0.5825683975,0.08826171875000002,0.5507080078125,-0.0039257812499999545,0.4254522170285281,0.027050781250000003,0.36131642857996715,-0.0006542968749999924,0.20329128249587383
609,mLW-jn67gRE$_$17,zero,V,False,0.1,41,5,0.68725587,0.4723307341337204,-0.008789051875000009,0.004687500000000067,-0.05864867101562501,0.007968749999999952,0.049859619140625,-0.003281249999999885,0.2603759659375,0.11406249999999996,0.15910490880859376,0.07414062499999995,-0.10127105712890624,-0.03992187500000001,0.07254873878616157,-0.0005468749999999809,-0.1473554671471036,-0.006653645833333335,-0.020501812298568834
609,mLW-jn67gRE$_$17,zero,V,False,0.2,41,9,0.68725587,0.4723307341337204,-0.06103514562500001,0.009374999999999911,-0.097662342890625,0.014082031249999937,0.036627197265624994,-0.004707031250000026,0.2076415909375,0.08945312499999991,0.16545409093750002,0.07179687499999994,-0.04218749999999999,-0.01765624999999997,0.05329477065194706,-0.0007845052083333377,-0.0613853449002263,-0.0029427083333333284,-0.002954446947486476
609,mLW-jn67gRE$_$17,zero,V,False,0.3,41,13,0.68725587,0.4723307341337204,-0.12036131750000001,0.0234375,-0.12066649328125001,0.020585937499999957,0.00030517578125,0.0028515625000000433,0.172363270625,0.06796874999999991,0.161175526484375,0.06378906249999994,-0.011187744140625011,-0.004179687499999973,0.00044404908058612785,0.0004752604166666739,-0.016278839294287462,-0.0006966145833333289,-0.004014036095091997
610,mLW-jn67gRE$_$1,zero,T,False,0.1,14,2,1.0512695,-0.019905593991279665,0.3635253593750001,0.048242187500000006,-0.055226166503906174,0.018324203491210937,0.41875152587890624,0.02991798400878907,0.6259765312500001,0.23676757812500002,0.8463866875000001,0.23475585937500001,0.22041015625000004,-0.0020117187500000022,0.3983289989388138,0.004986330668131512,0.20966074502233253,-0.0003352864583333337,0.15316019704273612
610,mLW-jn67gRE$_$1,zero,T,False,0.2,14,3,1.0512695,-0.019905593991279665,0.4938964531250001,0.075341796875,-0.1382246329956054,0.01619171142578125,0.6321210861206055,0.05915008544921875,0.6333007500000001,0.252392578125,0.6248229667968751,0.1654556274414063,-0.008477783203124978,-0.0869369506835937,0.6012925180727562,0.009858347574869792,-0.00806432141216269,-0.014489491780598949,0.14714926311371607
610,mLW-jn67gRE$_$1,zero,T,False,0.3,14,5,1.0512695,-0.019905593991279665,0.4826659843750001,0.073779296875,-0.1432312324218749,0.02536033630371094,0.625897216796875,0.048418960571289055,0.08447268749999992,0.12641601562500002,0.38254373895263677,0.09897125244140625,0.29807105145263685,-0.027444763183593762,0.5953721870792295,0.00806982676188151,0.28353411557980257,-0.004574127197265627,0.220600500555912
611,mLW-jn67gRE$_$3,zero,T,False,0.1,21,3,1.35717775,0.08512370288372034,0.27758790624999996,0.04248046875,0.11383058203124996,0.014150390625000004,0.16375732421875,0.028330078124999998,1.142334,0.20009765625000003,1.1648681796874996,0.22295898437500003,0.0225341796874996,0.022861328124999997,0.1206601003874766,0.0047216796875,0.01660369327732224,0.003810221354166666,0.03644892367661638
611,mLW-jn67gRE$_$3,zero,T,False,0.2,21,5,1.35717775,0.08512370288372034,0.36450196874999996,0.055566406250000006,0.17331544531249995,0.027138671875000003,0.1911865234375,0.028427734375000003,0.8063965,0.13291015625,0.9684814609374996,0.17421875,0.1620849609374997,0.04130859375000001,0.14087055477216986,0.0047379557291666674,0.11942786529593077,0.0068847656250000016,0.06798028535556683
611,mLW-jn67gRE$_$3,zero,T,False,0.3,21,7,1.35717775,0.08512370288372034,0.49536134374999996,0.07412109375,0.30220948828124994,0.043574218750000004,0.19315185546875002,0.030546875,0.50415040625,0.07978515625000002,0.7167236484374999,0.121708984375,0.21257324218749996,0.04192382812499998,0.14231865586515413,0.005091145833333334,0.15662877287719099,0.006987304687499997,0.07775646981579461
612,mLW-jn67gRE$_$5,zero,T,False,0.1,23,3,0.25585939999999996,0.17760417163372036,0.41015627499999996,0.07636718750000002,0.024560571874999958,0.014780273437499996,0.385595703125,0.06158691406250002,0.36865236874999996,0.09960937499999997,0.72315676328125,0.193662109375,0.35450439453125004,0.09405273437500003,1.507055031278776,0.010264485677083336,1.3855383425150987,0.015675455729166673,0.7296333288000312
612,mLW-jn67gRE$_$5,zero,T,False,0.2,23,5,0.25585939999999996,0.17760417163372036,0.46777346249999996,0.08613281250000002,0.11699221249999994,0.037221679687499995,0.35078125000000004,0.04891113281250002,0.32812502499999996,0.11894531250000004,0.56102297421875,0.159326171875,0.23289794921875007,0.04038085937499997,1.370986874092279,0.008151855468750004,0.9102539870130357,0.006730143229166661,0.5740307149508079
612,mLW-jn67gRE$_$5,zero,T,False,0.3,23,7,0.25585939999999996,0.17760417163372036,0.6308594,0.1353515625,0.14831545468749993,0.0441162109375,0.4825439453125,0.0912353515625,0.03466799374999996,0.0419921875,0.49320070859375004,0.13492187500000002,0.4585327148437501,0.09292968750000002,1.8859657270624923,0.015205891927083333,1.7921206831684395,0.015488281250000005,0.9271951458520039
613,mLW-jn67gRE$_$6,zero,T,False,0.1,35,4,1.73449703,-0.44915364086627974,0.748413045625,0.14140625000000007,0.1558379723828125,0.061269531249999995,0.5925750732421875,0.08013671875000007,2.2473144128125,0.47242431640625004,2.7551177575390624,0.504354705810547,0.5078033447265624,0.03193038940429693,0.3416406723979891,0.013356119791666678,0.2927667463113593,0.005321731567382822,0.16327131751709947
613,mLW-jn67gRE$_$6,zero,T,False,0.2,35,7,1.73449703,-0.44915364086627974,0.952514608125,0.13828125000000002,0.3300811364453125,0.05246093750000001,0.6224334716796875,0.08582031250000001,1.7978515221875,0.30859375000000006,2.541918905,0.4359295654296876,0.7440673828125002,0.12733581542968753,0.35885510442447005,0.014303385416666668,0.4289813940074064,0.021222635904947922,0.20584062993837277
613,mLW-jn67gRE$_$6,zero,T,False,0.3,35,11,1.73449703,-0.44915364086627974,1.4093017175,0.142578125,0.5255538537304687,0.1044140625,0.8837478637695313,0.0381640625,1.175445516328125,0.10371093750000004,2.2177199914257812,0.2830725097656251,1.0422744750976562,0.17936157226562505,0.5095121749832897,0.006360677083333333,0.6009084225351679,0.029893595377604176,0.2866687174948488
614,mLW-jn67gRE$_$9,zero,T,False,0.1,13,2,0.12744140000000004,-0.014131668210029664,0.16162108750000004,0.033166503906250006,-0.2959228578124999,0.04443145751953125,0.4575439453124999,-0.011264953613281246,0.013183599999999962,0.15482177734375002,0.12957763546875,0.15763732910156253,0.11639403546875005,0.0028155517578125067,3.5902018897360675,-0.0018774922688802077,0.9133069956996259,0.0004692586263020844,1.125525162948279
614,mLW-jn67gRE$_$9,zero,T,False,0.2,13,3,0.12744140000000004,-0.014131668210029664,0.13378905625000004,0.06236572265625001,-0.2906799378906249,0.03336433410644531,0.42446899414062494,0.029001388549804698,0.08984375624999996,0.15423583984375003,0.1942138690625,0.1614060974121094,0.10437011281250003,0.007170257568359373,3.330673262121749,0.004833564758300783,0.818959096913586,0.0011950429280598955,1.038915241680424
614,mLW-jn67gRE$_$9,zero,T,False,0.3,13,4,0.12744140000000004,-0.014131668210029664,-0.5288086,0.12142333984375,-0.2537109437499999,0.04865896224975587,-0.27509765625000004,0.07276437759399414,0.23461914687499996,0.03941650390625,0.2783493098242186,0.11161132812499999,0.043730162949218665,0.07219482421875,-2.158603857507391,0.01212739626566569,0.34313668723453616,0.012032470703125,-0.4478268258260161
615,mjpCK2Edsv8$_$0,zero,T,False,0.1,48,5,3.4736328,1.4637369841337204,0.7416992062499999,0.34531250000000013,0.08688963593749985,0.03257812500000003,0.6548095703125,0.3127343750000001,1.1240234249999999,0.30781250000000004,2.1835693234374993,0.6651757812500001,1.0595458984374995,0.35736328125000005,0.18850852105149943,0.052122395833333356,0.3050252155070288,0.05956054687500001,0.1513041698167154
615,mjpCK2Edsv8$_$0,zero,T,False,0.2,48,10,3.4736328,1.4637369841337204,0.9757079953124999,0.43906250000000013,0.22209471406249987,0.08308593750000004,0.75361328125,0.3559765625000001,0.7919921749999999,0.19687500000000013,1.655328356640625,0.5283203125,0.8633361816406251,0.33144531249999987,0.2169524263755149,0.05932942708333335,0.24853978034202254,0.05524088541666664,0.14501562980438434
615,mjpCK2Edsv8$_$0,zero,T,False,0.3,48,15,3.4736328,1.4637369841337204,1.2155761593749999,0.5273437500000001,0.32832029999999984,0.12101562500000003,0.887255859375,0.4063281250000001,0.5820312374999999,0.13046875000000013,1.3574294918945313,0.45421875000000017,0.7753982543945315,0.32375000000000004,0.2554258481060957,0.06772135416666668,0.2232239490514318,0.05395833333333334,0.1500823711643819
616,nUZYqTRSGDw$_$4,zero,T,False,0.1,25,3,2.8793945,-0.8745442658662798,0.09667965625000008,0.038281250000000044,0.02136227343750008,0.028125,0.0753173828125,0.010156250000000044,3.5738525078125,1.201171875,4.080091826660157,1.32765625,0.5062393188476566,0.12648437499999998,0.02615735935285722,0.0016927083333333405,0.17581444398577986,0.021080729166666663,0.05618631020965927
616,nUZYqTRSGDw$_$4,zero,T,False,0.2,25,5,2.8793945,-0.8745442658662798,0.21533200000000008,0.06406250000000002,0.08076168750000008,0.03656249999999999,0.1345703125,0.02750000000000003,2.4432105705566407,0.8246093750000001,2.8841371223754892,0.9487405395507812,0.44092655181884854,0.1241311645507811,0.04673561256173388,0.0045833333333333386,0.153131638852269,0.020688527425130183,0.0562847780431166
616,nUZYqTRSGDw$_$4,zero,T,False,0.3,25,8,2.8793945,-0.8745442658662798,0.5585937187500001,0.14765625000000004,0.2156249687500001,0.060761718750000006,0.34296875,0.08689453125000005,1.029785125,0.26796875,1.763800017578125,0.544921875,0.7340148925781249,0.276953125,0.11911137250856993,0.014482421875000007,0.25491978874667437,0.04615885416666667,0.10866810932422774
617,nyzIL6YAonY$_$5,zero,T,False,0.1,14,2,2.75048828,1.0270182341337204,0.4639892565624999,0.15234375,0.10999145382812489,0.02425781250000002,0.353997802734375,0.12808593749999997,0.9310302721874999,0.140625,1.6547576891796871,0.40703125000000007,0.7237274169921872,0.26640625000000007,0.12870357478156577,0.021347656249999996,0.26312679066038286,0.044401041666666675,0.11439476583965383
617,nyzIL6YAonY$_$5,zero,T,False,0.2,14,3,2.75048828,1.0270182341337204,0.7035522448437499,0.21171875000000007,0.24374542111328115,0.06289062500000003,0.45980682373046877,0.14882812500000003,0.6705322253124999,0.07265625000000009,1.3206954943554685,0.3016796875000001,0.6501632690429686,0.22902343750000004,0.16717273798299218,0.024804687500000006,0.23638095002608722,0.03817057291666667,0.11663223710643653
617,nyzIL6YAonY$_$5,zero,T,False,0.3,14,5,2.75048828,1.0270182341337204,1.1429443346875,0.32578125,0.32828521603515615,0.06343750000000004,0.8146591186523438,0.26234375,0.3278808581249999,0.01171875,1.0223800646679684,0.21990234375,0.6944992065429685,0.20818359375,0.2961869819221196,0.04372395833333333,0.25250024117271547,0.034697265625,0.1567771117632921
618,nyzIL6YAonY$_$6,zero,T,False,0.1,37,4,1.20312495,0.6770182341337203,0.13525385625000008,0.018749999999999933,0.016210887500000083,0.020234375000000006,0.11904296875,-0.0014843750000000724,0.13403315312500008,0.032031249999999956,0.2288573768750001,0.06531249999999995,0.09482422375000002,0.03328125,0.0989447270670207,-0.0002473958333333454,0.07881487698773351,0.005546875,0.04576477080535522
618,nyzIL6YAonY$_$6,zero,T,False,0.2,37,8,1.20312495,0.6770182341337203,0.3632812000000001,0.07343749999999993,-0.04572758906249992,0.040507812500000004,0.4090087890625,0.03292968749999993,0.21154790156249992,0.09296875000000004,0.2465453701562501,0.06382812499999999,0.03499746859375019,-0.02914062500000006,0.3399550887107871,0.005488281249999988,0.02908878209613066,-0.004856770833333343,0.0924188453058961
618,nyzIL6YAonY$_$6,zero,T,False,0.3,37,12,1.20312495,0.6770182341337203,0.3720702625000001,0.06562499999999993,0.07329096562500008,0.0313671875,0.298779296875,0.034257812499999936,0.24877934687499992,0.09687500000000004,0.12251586414062499,0.0425,-0.12626348273437493,-0.05437500000000004,0.2483358428724773,0.005709635416666656,-0.10494618849703552,-0.009062500000000006,0.035009197448027114
619,ooAF6I-fmTg$_$3,zero,T,False,0.1,19,2,0.37536620000000004,0.02617594897747034,0.32482909062500004,0.035058593750000006,0.07911375859375003,0.02810344696044923,0.24571533203125,0.006955146789550774,1.160278309375,0.02789306640625,1.2582275281249997,0.040703125000000014,0.09794921874999973,0.012810058593750014,0.654599901193418,0.0011591911315917958,0.26094240186675804,0.0021350097656250024,0.22970912598934823
619,ooAF6I-fmTg$_$3,zero,T,False,0.2,19,4,0.37536620000000004,0.02617594897747034,0.32946776250000004,0.07786865234375001,0.3654876599609375,0.025260162353515626,-0.03601989746093748,0.05260848999023439,1.0795898328125,0.01602783203125,0.9156219373046873,0.0800225830078125,-0.16396789550781266,0.06399475097656249,-0.09595909674829733,0.008768081665039064,-0.4368199872226786,0.010665791829427082,-0.12833630261912746
619,ooAF6I-fmTg$_$3,zero,T,False,0.3,19,6,0.37536620000000004,0.02617594897747034,1.1604003796875,0.04578857421875,0.35218657353515626,0.07253646850585938,0.8082138061523437,-0.026747894287109372,0.717498768359375,0.015600585937500001,0.8502334485351561,0.09516815185546874,0.13273468017578116,0.07956756591796874,2.153128473005483,-0.004457982381184895,0.3536128893941217,0.013261260986328122,0.6288861602511869
620,ooAF6I-fmTg$_$5,zero,T,False,0.1,16,2,0.0078125,-0.10022785961627967,1.4580078125,0.2109375,0.09354248046875,0.025925292968749996,1.36446533203125,0.18501220703125001,0.327423095703125,0.14013671875,1.13341064453125,0.1571273803710938,0.805987548828125,0.016990661621093806,174.629209961125,0.03083536783854167,103.15320264006208,0.0028317769368489676,69.45401993649061
620,ooAF6I-fmTg$_$5,zero,T,False,0.2,16,4,0.0078125,-0.10022785961627967,1.50341796875,0.174755859375,0.50654296875,0.052652587890625005,0.996875,0.12210327148437498,0.26904296875,0.13720703125,1.0109222412109375,0.11242843627929691,0.7418792724609375,-0.02477859497070309,127.58366929033085,0.02035054524739583,94.9483934806345,-0.0041297658284505144,55.63707088759607
620,ooAF6I-fmTg$_$5,zero,T,False,0.3,16,5,0.0078125,-0.10022785961627967,1.655517578125,0.15888671875000002,0.7044235229492187,0.10453887939453126,0.9510940551757813,0.05434783935546876,0.099853515625,0.14208984375000003,0.922088623046875,0.13146377563476563,0.822235107421875,-0.010626068115234394,121.72445833183355,0.00905797322591146,105.23262397413131,-0.0017710113525390657,56.74109231695956
621,ooAF6I-fmTg$_$7,zero,T,False,0.1,22,3,3.28125,-1.0612630158662797,0.466796875,0.1499999999999999,0.033544921875,0.061640625000000025,0.433251953125,0.08835937499999988,1.755859375,0.20390624999999996,3.309853363037109,0.8744717407226561,1.5539939880371092,0.6705654907226561,0.1320386502358399,0.01472656249999998,0.4735980234481023,0.11176091512044269,0.18303103782609623
621,ooAF6I-fmTg$_$7,zero,T,False,0.2,22,5,3.28125,-1.0612630158662797,1.14990234375,0.38203124999999993,0.045849609375,0.09617187500000005,1.104052734375,0.2858593749999999,0.62646484375,0.26875000000000004,2.4511478424072264,0.5797949218749999,1.8246829986572264,0.3110449218749999,0.33647311174152783,0.047643229166666655,0.5560936967812662,0.05184082031249998,0.24801271450049017
621,ooAF6I-fmTg$_$7,zero,T,False,0.3,22,7,3.28125,-1.0612630158662797,1.630615234375,0.51015625,0.2815185546875,0.14097656249999999,1.3490966796875,0.36917968749999996,0.15234375,0.3968750000000001,1.6957870483398438,0.33791015625,1.5434432983398438,-0.05896484375000011,0.41115314850570706,0.06152994791666666,0.47038257613935774,-0.009827473958333352,0.23330954965084952
622,pOrk7fl1AYo$_$1,zero,T,False,0.1,22,3,1.126464856,0.05900065600872034,0.2922363403749999,0.068603515625,0.1165237549257812,0.019942626953125004,0.1757125854492187,0.048660888671875,1.22460938725,0.23325195312499997,1.3089843872499995,0.28879882812499996,0.08437499999999964,0.055546874999999996,0.1559857180875074,0.008110148111979167,0.07490240343334442,0.009257812499999999,0.062064020533207746
622,pOrk7fl1AYo$_$1,zero,T,False,0.2,22,5,1.126464856,0.05900065600872034,0.4233398559999999,0.117919921875,0.19740601810937494,0.0259912109375,0.22593383789062496,0.0919287109375,0.9538574341249999,0.100830078125,1.1297485474062496,0.24437499999999995,0.17589111328124973,0.14354492187499995,0.20056874044358516,0.015321451822916667,0.15614420299060514,0.023924153645833324,0.09898963722573507
622,pOrk7fl1AYo$_$1,zero,T,False,0.3,22,7,1.126464856,0.05900065600872034,0.5244140747499999,0.134619140625,0.31999512943749997,0.055769042968749995,0.20441894531249993,0.07885009765625,0.7482910278749999,0.051416015625000006,0.9069702270937497,0.1678076171875,0.15867919921874984,0.1163916015625,0.1814692777625565,0.013141682942708335,0.1408646328457823,0.019398600260416666,0.08871854845286596
623,pOrk7fl1AYo$_$3,zero,T,False,0.1,26,3,1.62133793,0.7262369841337204,1.00366214875,0.33867187500000007,-0.016264303886718824,0.034765624999999974,1.0199264526367187,0.3039062500000001,0.08764644500000007,0.09062499999999996,0.8187195217968748,0.22433593749999997,0.7310730767968747,0.13371093750000002,0.6290643083717966,0.05065104166666668,0.45090700239762627,0.022285156250000004,0.28822687717152234
623,pOrk7fl1AYo$_$3,zero,T,False,0.2,26,6,1.62133793,0.7262369841337204,1.164062539375,0.37089843750000007,0.08583988312499996,0.10544921874999999,1.07822265625,0.26544921875000005,0.17858882781250007,0.12812499999999993,0.5922058381093749,0.19095703125000002,0.4136170102968748,0.06283203125000009,0.6650199019461033,0.04424153645833334,0.25510829515262107,0.010472005208333348,0.2437104346913478
623,pOrk7fl1AYo$_$3,zero,T,False,0.3,26,8,1.62133793,0.7262369841337204,1.153808633125,0.3714843750000001,0.00035251740234367725,0.077734375,1.1534561157226562,0.29375000000000007,0.21301265593750007,0.13984374999999993,0.695423928535156,0.21335937500000007,0.4824112725976559,0.07351562500000014,0.7114219577288854,0.04895833333333335,0.29753882033638457,0.01225260416666669,0.2675429288913175
624,pOrk7fl1AYo$_$2,zero,T,False,0.1,10,1,0.68823246,-0.3932942658662797,0.23120121000000005,0.013671875,0.08112796781250005,0.03519531249999999,0.1500732421875,-0.021523437499999992,0.5904541396875,0.005468750000000022,0.7877140426416016,0.08791015625000001,0.19725990295410156,0.08244140624999999,0.21805571933032725,-0.003587239583333332,0.28661771683419973,0.013740234374999999,0.12870660773904843
624,pOrk7fl1AYo$_$2,zero,T,False,0.2,10,2,0.68823246,-0.3932942658662797,0.27612308500000005,0.017968749999999978,0.15772708890625003,0.0682421875,0.11839599609375001,-0.05027343750000002,0.46991352079101567,0.022265624999999956,0.5340464019555664,0.10162109374999999,0.06413288116455074,0.07935546875000003,0.1720288288421054,-0.008378906250000004,0.09318477652125592,0.013225911458333338,0.06751515264292367
624,pOrk7fl1AYo$_$2,zero,T,False,0.3,10,3,0.68823246,-0.3932942658662797,0.47729496000000005,0.02734375,0.18823246000000005,0.10785156250000001,0.2890625,-0.08050781250000001,0.17361454007812505,0.193359375,0.5032104873437501,0.09595703125000002,0.329595947265625,-0.09740234374999998,0.4200064611796119,-0.013417968750000002,0.47890137056926146,-0.01623372395833333,0.217314034760135
625,pOrk7fl1AYo$_$4,zero,T,False,0.1,19,2,1.006957995,-0.06287434399127967,1.456420885625,0.195458984375,0.25934446960937513,0.035677490234375,1.1970764160156249,0.159781494140625,2.104858385625,0.32954101562500004,2.5524169793750002,0.4044921875,0.4475585937500002,0.07495117187499994,1.188803538137742,0.0266302490234375,0.4444655601393185,0.012491861979166657,0.41809780231991617
625,pOrk7fl1AYo$_$4,zero,T,False,0.2,19,4,1.006957995,-0.06287434399127967,2.122222887578125,0.226611328125,0.45089110046875014,0.036395263671875,1.671331787109375,0.190216064453125,1.38244627625,0.13413085937500002,2.414910875859375,0.3179931640625,1.032464599609375,0.18386230468749998,1.6597813768070813,0.031702677408854164,1.0253293378737582,0.030643717447916663,0.6868642773844026
625,pOrk7fl1AYo$_$4,zero,T,False,0.3,19,6,1.006957995,-0.06287434399127967,2.18322752625,0.22006835937500002,0.7856689325000001,0.06260253906250002,1.39755859375,0.1574658203125,1.18469237,0.0923583984375,2.1029952874804687,0.26298339843750007,0.9183029174804687,0.17062500000000008,1.387900203175602,0.026244303385416667,0.9119566159498567,0.028437500000000015,0.5886346556277189
626,q9yDL81QppI$_$1,zero,V,False,0.1,23,3,1.45117188,0.023697921633720337,0.06518555187499997,0.024072265625000006,0.07330322765624997,0.012209472656250001,-0.00811767578125,0.011862792968750004,0.48535156749999997,0.129296875,0.541552739375,0.15443359375000001,0.05620117187500007,0.02513671875000001,-0.0055938723036568876,0.001977132161458334,0.03872810238501705,0.004189453125000002,0.009825203841954625
626,q9yDL81QppI$_$1,zero,V,False,0.2,23,5,1.45117188,0.023697921633720337,0.11254883312499997,0.040380859374999994,0.11976318859374997,0.021481933593750002,-0.007214355468750003,0.018898925781249992,0.41015625499999997,0.09873046875000001,0.46242676281250006,0.12882324218750002,0.05227050781250009,0.03009277343750001,-0.004971396287911612,0.0031498209635416655,0.03601949053272005,0.005015462239583335,0.00980334436198336
626,q9yDL81QppI$_$1,zero,V,False,0.3,23,7,1.45117188,0.023697921633720337,0.17480469249999997,0.05244140625,0.16298828624999998,0.03153564453125,0.011816406249999994,0.020905761718750006,0.34716797374999997,0.08095703125,0.39750977062500004,0.107470703125,0.05034179687500007,0.02651367187499999,0.008142659232992278,0.0034842936197916675,0.03469042012072336,0.004418945312499999,0.012684079571501826
627,q9yDL81QppI$_$0,zero,T,False,0.1,24,3,0.7700195,0.16022135913372035,0.31933590624999997,0.0478515625,0.191162078125,0.0234765625,0.12817382812499997,0.024375,0.20385739062499997,0.13378906250000003,0.32601315234375,0.178505859375,0.12215576171875003,0.044716796874999964,0.16645508544902374,0.0040625,0.1586396228655601,0.007452799479166661,0.08415250194843762
627,q9yDL81QppI$_$0,zero,T,False,0.2,24,5,0.7700195,0.16022135913372035,0.44726559374999997,0.07695312500000001,0.1584716484375,0.02783203125,0.28879394531249997,0.04912109375000001,0.022216828125000032,0.0810546875,0.33769528125,0.164013671875,0.31547845312499995,0.08295898437499999,0.3750470868145718,0.008186848958333335,0.4097013691518602,0.013826497395833331,0.20169045058014964
627,q9yDL81QppI$_$0,zero,T,False,0.3,24,8,0.7700195,0.16022135913372035,0.58007809375,0.11777343750000005,0.18303219531249998,0.04600585937499999,0.3970458984375,0.07176757812500006,0.18066409375000003,0.030859374999999994,0.2991943109375,0.12796875000000002,0.11853021718749995,0.09710937500000003,0.515630296125233,0.011961263020833343,0.15393124882714154,0.016184895833333338,0.1744269259516353
628,q9yDL81QppI$_$2,zero,V,False,0.1,25,3,1.0297852,0.12506510913372035,0.08642582500000007,0.010351562499999994,0.07402348125000006,0.0072216796874999935,0.012402343750000003,0.003129882812500001,0.46044926250000007,0.1001953125,0.5635742624999999,0.11653320312500001,0.1031249999999998,0.016337890625000018,0.01204361036300545,0.0005216471354166668,0.1001421460105018,0.002722981770833336,0.028857596319939314
628,q9yDL81QppI$_$2,zero,V,False,0.2,25,5,1.0297852,0.12506510913372035,0.14892582500000007,0.018164062499999994,0.11406254375000006,0.01290039062499999,0.03486328125,0.005263671875000004,0.39160160625000007,0.08173828124999999,0.5053223093749999,0.09927734375,0.11372070312499982,0.017539062500000008,0.0338548732251413,0.000877278645833334,0.11043137218677025,0.0029231770833333345,0.037021675285269555
628,q9yDL81QppI$_$2,zero,V,False,0.3,25,8,1.0297852,0.12506510913372035,0.22656254375000007,0.032617187500000006,0.18854984843750006,0.02571777343749999,0.03801269531250001,0.006899414062500015,0.32617191875000007,0.05937500000000001,0.39953617656250007,0.07203613281249999,0.0733642578125,0.012661132812499976,0.0369131916047234,0.0011499023437500026,0.07124222271817199,0.0021101888020833293,0.02785387636718218
629,qK77ZmbqmOM$_$9,zero,T,False,0.1,21,3,0.9548950450000001,-0.12571614086627966,0.4431762950000001,0.14686279296875,-0.005621312421874891,0.042207031250000006,0.448797607421875,0.10465576171874999,0.4049682871875001,0.30546874999999996,0.4015426890429688,0.09598892211914062,-0.0034255981445313055,-0.20947982788085934,0.4699962993582982,0.017442626953125,-0.003587404265069822,-0.03491330464680989,0.11223455434988586
629,qK77ZmbqmOM$_$9,zero,T,False,0.2,21,5,0.9548950450000001,-0.12571614086627966,0.4885864512500001,0.1613525390625,0.054888941484375134,0.07041870117187501,0.433697509765625,0.09093383789062498,0.4447632090625001,0.29218750000000004,0.4392397181567384,0.13459777832031247,-0.005523490905761708,-0.15758972167968757,0.4541829574397545,0.015155639648437497,-0.005784389761255852,-0.026264953613281263,0.10932231342841374
629,qK77ZmbqmOM$_$9,zero,T,False,0.3,21,7,0.9548950450000001,-0.12571614086627966,0.3645630137500001,0.13931884765625,0.12148592634765638,0.07780426025390626,0.24307708740234374,0.06151458740234374,0.2864380137500001,0.199609375,0.1618209966210938,0.091192626953125,-0.1246170171289063,-0.10841674804687501,0.254558691152966,0.010252431233723956,-0.13050322889221547,-0.0180694580078125,0.029059608871665487
630,qK77ZmbqmOM$_$0,zero,V,False,0.1,32,4,0.77954097,0.04779460132122034,-0.0925293425,0.061352539062499996,-0.13323979171874994,0.0362744140625,0.040710449218749944,0.025078124999999993,0.21215824875,0.1782470703125,0.12280278,0.1956103515625,-0.08935546875,0.01736328125,0.052223550219816825,0.0041796874999999985,-0.11462560348097742,0.0028938802083333334,-0.013832121388206815
630,qK77ZmbqmOM$_$0,zero,V,False,0.2,32,7,0.77954097,0.04779460132122034,-0.085937545625,0.0983642578125,-0.18538822921874995,0.06380615234375,0.09945068359374995,0.03455810546874999,0.2233887175,0.1612548828125,0.0780518034375,0.1937548828125,-0.1453369140625,0.0325,0.1275757911966561,0.0057596842447916645,-0.18643885724651874,0.005416666666666667,-0.011921678784601073
630,qK77ZmbqmOM$_$0,zero,V,False,0.3,32,10,0.77954097,0.04779460132122034,-0.094726608125,0.1264892578125,-0.18228764328124997,0.09861328124999999,0.08756103515624997,0.027875976562500016,0.22192387375,0.1487548828125,0.1034424284375,0.17765136718750002,-0.1184814453125,0.02889648437500003,0.11232369587008889,0.004645996093750003,-0.15198853926043263,0.004816080729166672,-0.007550691641856764
631,qY1sXq-YCHs$_$8,zero,T,False,0.1,15,2,0.8906250200000001,-0.4147786408662797,1.398681660625,0.27353515625,0.3863464555468751,0.056264648437499995,1.012335205078125,0.2172705078125,0.4758300981250001,0.248046875,0.9485962094062504,0.19543212890625,0.47276611128125035,-0.05261474609375,1.1366557705984435,0.03621175130208334,0.5308244994697665,-0.008769124348958332,0.42373072425533376
631,qY1sXq-YCHs$_$8,zero,T,False,0.2,15,3,0.8906250200000001,-0.4147786408662797,1.6451416215625,0.29287109375000003,0.44934236619140633,0.057900390625,1.1957992553710937,0.23497070312500004,0.0877685746875001,0.345703125,1.0473083696093755,0.19002441406249998,0.9595397949218754,-0.15567871093750002,1.3426502578165114,0.039161783854166674,1.0773767814709425,-0.02594645182291667,0.608310592829676
631,qY1sXq-YCHs$_$8,zero,T,False,0.3,15,5,0.8906250200000001,-0.4147786408662797,1.39501955125,0.269140625,0.7942810258593751,0.11200195312500001,0.600738525390625,0.15713867187500002,0.4626465043750001,0.21757812500000007,0.9936279496875005,0.208486328125,0.5309814453125004,-0.009091796875000058,0.6745126595230453,0.02618977864583334,0.5961890101891479,-0.0015152994791666763,0.323844037219715
632,qmMSumMloAs$_$1,zero,T,False,0.1,30,3,3.2006836,1.3043619841337204,0.5229492250000001,0.21171874999999996,0.17172852187500007,0.06531249999999998,0.351220703125,0.14640624999999996,2.000244146875,0.8859375,2.6044250550781247,1.12766845703125,0.6041809082031246,0.24173095703125003,0.10973299372421762,0.02440104166666666,0.18876614965533456,0.04028849283854167,0.09079716947119014
632,qmMSumMloAs$_$1,zero,T,False,0.2,30,6,3.2006836,1.3043619841337204,0.8312988343750001,0.33984375,0.3485595765625,0.13417968750000003,0.4827392578125001,0.20566406249999997,1.49023438125,0.6125,2.094184881738281,0.8723828125,0.6039505004882808,0.2598828125,0.15082375121013175,0.034277343749999994,0.18869416264516684,0.04331380208333333,0.10427726492215798
632,qmMSumMloAs$_$1,zero,T,False,0.3,30,9,3.2006836,1.3043619841337204,1.16308594375,0.4671875000000001,0.55771485,0.215,0.6053710937500001,0.2521875000000001,1.0786132875,0.41796875,1.727618414453125,0.7015820312500001,0.649005126953125,0.28361328125000007,0.18913800308533996,0.04203125000000002,0.2027707219115326,0.04726888020833334,0.12030221380130147
633,qmMSumMloAs$_$3,zero,T,False,0.1,15,2,3.5244141,1.3613932341337205,0.3945312875,0.19531250000000022,0.11516117031249999,0.04261718750000006,0.2793701171875,0.15269531250000015,1.32763675625,0.4460937500000002,2.5269241708007817,0.8904101562500001,1.1992874145507817,0.4443164062499999,0.07926708666850849,0.025449218750000027,0.3402798423349116,0.07405273437499998,0.129762220532105
633,qmMSumMloAs$_$3,zero,T,False,0.2,15,3,3.5244141,1.3613932341337205,0.471679725,0.2132812500000001,0.2465820687499999,0.09375000000000008,0.22509765625000008,0.11953125,1.108398475,0.3757812500000002,1.8598358529296877,0.6581054687500001,0.7514373779296877,0.2823242187499999,0.06386808870782561,0.019921875000000002,0.21320910182506245,0.047054036458333316,0.08601327549780535
633,qmMSumMloAs$_$3,zero,T,False,0.3,15,5,3.5244141,1.3613932341337205,1.042236365625,0.4382812500000002,0.4385254281249999,0.1621484375000001,0.6037109375,0.2761328125000001,0.596679725,0.17343750000000013,1.272801245996094,0.4564257812500002,0.676121520996094,0.2829882812500001,0.1712939368294047,0.046022135416666686,0.19183935541420588,0.04716471354166668,0.11408003530048598
634,qmMSumMloAs$_$2,zero,T,False,0.1,41,5,2.71386714,1.3902994841337204,0.6210937025000001,0.3359375,0.019164991562500067,0.065,0.6019287109375,0.2709375,0.7924804212500001,0.7328125000000001,1.9251082899023433,1.243560552597046,1.1326278686523432,0.5107480525970458,0.22179733129462212,0.04515625,0.41734815776729045,0.08512467543284097,0.1923566036236884
634,qmMSumMloAs$_$2,zero,T,False,0.2,41,9,2.71386714,1.3902994841337204,0.8481444837500001,0.4867187500000001,0.08010249156250007,0.14300781250000003,0.7680419921875,0.34371093750000004,0.35351557750000007,0.5101562500000001,1.1388183118750004,0.9075,0.7853027343750003,0.3973437499999999,0.2830063778218421,0.057285156250000004,0.28936657710090524,0.06622395833333332,0.17397051737652017
634,qmMSumMloAs$_$2,zero,T,False,0.3,41,13,2.71386714,1.3902994841337204,1.188232374375,0.71015625,0.19323725718750007,0.2359375,0.9949951171875,0.47421875,0.016601609999999933,0.3187500000000001,0.798290968125,0.736943359375,0.7816893581250001,0.4181933593749999,0.3666335525010069,0.07903645833333334,0.2880351283850512,0.06969889322916666,0.20085100811213952
635,r13W4H8ZhqI$_$12,zero,T,False,0.1,20,2,0.43017576999999996,0.05773112475872034,-0.20446778468750004,0.044482421875000004,-0.10726014308593754,0.008631591796874998,-0.0972076416015625,0.03585083007812501,0.89550780125,0.12397460937500002,0.930633533671875,0.188525390625,0.035125732421875,0.06455078125,-0.225971387533461,0.005975138346354168,0.08165418235362873,0.010758463541666666,-0.03189590082295286
635,r13W4H8ZhqI$_$12,zero,T,False,0.2,20,4,0.43017576999999996,0.05773112475872034,-0.08044434718750004,0.057177734375000004,-0.16481476955078128,0.0228448486328125,0.08437042236328124,0.0343328857421875,0.46069334812499996,0.013134765625000003,0.66456297703125,0.10604980468750003,0.20386962890625004,0.09291503906250002,0.1961296570321109,0.005722147623697917,0.47392059061266856,0.015485839843750003,0.17281455877805682
635,r13W4H8ZhqI$_$12,zero,T,False,0.3,20,6,0.43017576999999996,0.05773112475872034,-0.05029298000000004,0.047216796875,-0.1510727041210938,0.02569892883300782,0.10077972412109376,0.021517868041992183,0.29589842624999996,0.029638671875,0.45540770359374994,0.06308502197265627,0.15950927734374998,0.033446350097656265,0.23427514256777227,0.0035863113403320304,0.3707993747401795,0.005574391682942711,0.15355880508280662
636,r13W4H8ZhqI$_$1,zero,A,False,0.1,42,5,0.99316406,0.4371744841337204,0.17626952875000002,0.07343750000000004,0.07513427484375002,0.022509765625000046,0.10113525390625,0.050927734375,0.3457031225,0.07070312500000009,0.4240478490625,0.10551757812500004,0.07834472656249997,0.03481445312499995,0.10183126448915752,0.008487955729166666,0.07888389323976013,0.005802408854166659,0.04875138057806275
636,r13W4H8ZhqI$_$1,zero,A,False,0.2,42,9,0.99316406,0.4371744841337204,0.30517577875,0.11250000000000004,0.14217529046874997,0.044257812500000056,0.16300048828125005,0.0682421875,0.25439452875,0.04667968750000007,0.39394531,0.10092773437500005,0.13955078124999998,0.05424804687499998,0.1641222540402801,0.011373697916666667,0.14051116664333718,0.009041341145833331,0.08126211493652932
636,r13W4H8ZhqI$_$1,zero,A,False,0.3,42,13,0.99316406,0.4371744841337204,0.3847656225,0.13496093750000004,0.20721435296874996,0.06543945312500003,0.17755126953125006,0.06952148437500001,0.19775390375000002,0.03164062500000009,0.35534667718749996,0.09178710937500004,0.15759277343749994,0.06014648437499995,0.17877317344535867,0.011586914062500002,0.158677323422453,0.010024414062499992,0.08976545624820292
637,r13W4H8ZhqI$_$5,zero,T,False,0.1,15,2,1.2038573700000001,-0.058528640866279666,0.6950683075000001,0.08214111328125001,0.19599604187500014,0.013178710937500001,0.499072265625,0.06896240234375,0.8483886200000001,0.0029296875,1.2198241668750005,0.16169189453125002,0.37143554687500036,0.15876220703125002,0.4145606144890615,0.011493733723958335,0.3085375789470985,0.02646036783854167,0.190263073749665
637,r13W4H8ZhqI$_$5,zero,T,False,0.2,15,3,1.2038573700000001,-0.058528640866279666,0.7766112762500001,0.09506835937500001,0.31204828796875006,0.020814285278320317,0.4645629882812501,0.0742540740966797,0.7380370575000001,0.0038574218750000028,1.1435058075000004,0.14970779418945312,0.40546875000000027,0.14585037231445314,0.38589505199124885,0.012375679016113283,0.336807684445472,0.024308395385742188,0.18984670270964407
637,r13W4H8ZhqI$_$5,zero,T,False,0.3,15,5,1.2038573700000001,-0.058528640866279666,0.9260253387500001,0.12402343750000001,0.48356928406250005,0.04034996032714844,0.4424560546875001,0.08367347717285158,0.5402831512500001,0.0015136718749999972,0.9100707489062503,0.10468200683593751,0.36978759765625013,0.10316833496093751,0.3675316513249811,0.013945579528808595,0.3071686893336549,0.017194722493489585,0.17646016067023357
638,r13W4H8ZhqI$_$8,zero,V,False,0.1,27,3,0.7641601400000001,0.42467448413372033,0.0341796712500001,0.0166015625,0.007739241562500099,0.007167968749999987,0.0264404296875,0.009433593750000014,0.0727539224999999,0.03984375000000007,0.03168946124999995,0.018125000000000013,-0.04106446124999995,-0.021718750000000054,0.03460059443417915,0.0015722656250000023,-0.05373796062176093,-0.0036197916666666757,-0.005296223057312114
638,r13W4H8ZhqI$_$8,zero,V,False,0.2,27,6,0.7641601400000001,0.42467448413372033,0.0620117025000001,0.03125,0.0103027181250001,0.009687499999999977,0.051708984375,0.021562500000000023,0.0874023599999999,0.040234375000000044,0.01853027181250001,0.007734374999999999,-0.06887208818749989,-0.03250000000000004,0.06766764451670494,0.0035937500000000036,-0.09012770289195794,-0.005416666666666674,-0.006070743760479917
638,r13W4H8ZhqI$_$8,zero,V,False,0.3,27,9,0.7641601400000001,0.42467448413372033,0.0629882650000001,0.0400390625,0.0105468587500001,0.01117187499999998,0.05244140625,0.02886718750000002,0.0698242349999999,0.03359374999999998,0.01601561525000006,0.009140624999999975,-0.05380861974999984,-0.024453125000000003,0.06862610973648829,0.00481119791666667,-0.07041527883765436,-0.004075520833333334,-0.00026337300445818156
639,r5ijC2W9ddk$_$8,zero,V,False,0.1,33,4,2.318511963,1.1215494841337204,0.15139770518750018,0.0625,0.09976806651562517,0.04460937500000003,0.051629638671875006,0.017890624999999973,0.3348693848750002,0.16718750000000004,0.43523559581250026,0.20421875000000003,0.10036621093750009,0.03703124999999999,0.022268427865535723,0.002981770833333329,0.043289044546739534,0.006171874999999998,0.018677779561402146
639,r5ijC2W9ddk$_$8,zero,V,False,0.2,33,7,2.318511963,1.1215494841337204,0.22207641612500018,0.09609375000000009,0.1550018311640627,0.07085937499999999,0.06707458496093749,0.0252343750000001,0.22232055675000018,0.12812500000000004,0.33852539073437526,0.167890625,0.11620483398437509,0.03976562499999994,0.028930002131257213,0.004205729166666683,0.050120415903999876,0.0066276041666666575,0.02247093784214761
639,r5ijC2W9ddk$_$8,zero,V,False,0.3,33,10,2.318511963,1.1215494841337204,0.2779846192500002,0.12109375,0.17051391612500016,0.08296875000000001,0.10747070312500001,0.03812499999999999,0.15567016612500018,0.10234374999999996,0.3291320801875003,0.16007812500000002,0.1734619140625001,0.05773437500000006,0.04635328973357998,0.006354166666666665,0.07481602079897454,0.009622395833333344,0.034286468258138636
640,r5ijC2W9ddk$_$0,zero,T,False,0.1,15,2,1.0054932,-0.012288406491279665,0.3511963250000001,0.07270507812500002,0.001432836230468837,0.036187133789062506,0.34976348876953123,0.03651794433593751,1.116821325,0.409228515625,1.18175052421875,0.40750976562499996,0.06492919921874996,-0.0017187500000000466,0.34785231856089394,0.006086324055989585,0.06457441447076467,-0.0002864583333333411,0.10455664968857871
640,r5ijC2W9ddk$_$0,zero,T,False,0.2,15,3,1.0054932,-0.012288406491279665,0.3050537468750001,0.075830078125,-0.06233974677734366,0.040452880859375,0.36739349365234375,0.03537719726562501,0.9259033562500001,0.33579101562499997,0.8927246453125001,0.2965576171875,-0.03317871093750002,-0.039233398437499956,0.36538598994638033,0.0058961995442708345,-0.03299741653159215,-0.006538899739583326,0.08293646830486892
640,r5ijC2W9ddk$_$0,zero,T,False,0.3,15,5,1.0054932,-0.012288406491279665,-0.028320276562499913,0.089697265625,-0.011392175976562413,0.05822204589843749,-0.0169281005859375,0.0314752197265625,0.2192383171875001,0.08994140625,0.4642456414062501,0.1795966720581055,0.24500732421875,0.08965526580810551,-0.016835602419126336,0.005245869954427084,0.24366856041412271,0.014942544301350918,0.0617553430626936
641,r9tgDqXEcuc$_$4,zero,T,False,0.1,22,3,0.2392578999999999,0.24615885913372035,0.6406250874999999,0.12773437499999998,0.17968758749999997,0.05201171875000001,0.46093749999999994,0.07572265624999996,0.4472657124999999,0.29609374999999993,0.8661011617187497,0.38783203125,0.4188354492187498,0.09173828125000005,1.926521855613313,0.012620442708333327,1.7505532676893105,0.015289713541666675,0.9262463198881559
641,r9tgDqXEcuc$_$4,zero,T,False,0.2,22,5,0.2392578999999999,0.24615885913372035,0.7451172749999999,0.17070312499999998,0.331103603125,0.097236328125,0.41401367187499993,0.07346679687499999,0.3603516499999999,0.24882812499999998,0.784228603125,0.34314453124999994,0.42387695312500007,0.09431640624999996,1.7304002980662374,0.012244466145833332,1.7716246004850822,0.01571940104166666,0.882497191434705
641,r9tgDqXEcuc$_$4,zero,T,False,0.3,22,7,0.2392578999999999,0.24615885913372035,0.8554688374999999,0.22343749999999998,0.48754891562499997,0.1498046875,0.36791992187499994,0.07363281249999998,0.2216797749999999,0.19609374999999998,0.6380738092187499,0.28509765624999994,0.41639403421875,0.08900390624999996,1.5377481125049062,0.012272135416666663,1.7403491958658597,0.014833984374999993,0.8263008570406082
642,rf0yDSeVEUA$_$1,zero,T,False,0.1,48,5,3.08251953,1.2387369841337204,0.1538085924999999,0.06562500000000004,0.0396484362499999,0.010546874999999978,0.11416015625,0.05507812500000007,0.9233398424999999,0.2203124999999999,1.2753723132031247,0.36478515625,0.3520324707031248,0.1444726562500001,0.037034678322158655,0.00917968750000001,0.11420279841676345,0.024078776041666684,0.0461239850701472
642,rf0yDSeVEUA$_$1,zero,T,False,0.2,48,10,3.08251953,1.2387369841337204,0.3769531237499999,0.14531249999999996,0.1034179674999999,0.030390624999999994,0.27353515625,0.11492187499999997,0.4921874987499999,0.078125,0.9701416003124997,0.2664453125,0.47795410156249984,0.18832031249999998,0.08873749698919281,0.019153645833333326,0.15505301486588957,0.031386718749999994,0.07358271910960393
642,rf0yDSeVEUA$_$1,zero,T,False,0.3,48,15,3.08251953,1.2387369841337204,0.5363769518749999,0.1953125,0.23505859249999989,0.06867187500000002,0.301318359375,0.12664062499999998,0.2919921862499999,0.021874999999999867,0.6273193346874997,0.159921875,0.3353271484374998,0.13804687500000012,0.09775064154236145,0.02110677083333333,0.10878342744971102,0.02300781250000002,0.06266216308135145
643,rf0yDSeVEUA$_$0,zero,T,False,0.1,26,3,3.1865234,1.3293619841337203,0.417724571875,0.1640625,0.08906246250000001,0.030781249999999937,0.328662109375,0.13328125000000007,0.978759728125,0.29374999999999996,1.8508758169921873,0.6442578124999999,0.8721160888671873,0.35050781249999996,0.10314124987556976,0.02221354166666668,0.2736888155845244,0.05841796874999999,0.11436539396919021
643,rf0yDSeVEUA$_$0,zero,T,False,0.2,26,6,3.1865234,1.3293619841337203,1.0145263296875,0.42656249999999996,0.2299926382812501,0.08292968749999989,0.78453369140625,0.34363281250000005,0.581787071875,0.13984375000000004,1.3565215689453123,0.45925781250000003,0.7747344970703123,0.3194140625,0.24620357258405112,0.057272135416666675,0.24312837430973766,0.05323567708333333,0.1499599398484472
643,rf0yDSeVEUA$_$0,zero,T,False,0.3,26,8,3.1865234,1.3293619841337203,1.524658165625,0.621875,0.3359801871093751,0.11941406249999989,1.188677978515625,0.5024609375000001,0.39404293125,0.07187499999999991,1.1267852408203123,0.3808984374999999,0.7327423095703123,0.3090234375,0.3730327558501121,0.08374348958333334,0.2299503212874542,0.05150390625,0.1845576182427249
644,rf0yDSeVEUA$_$3,zero,T,False,0.1,48,5,0.026855469999999992,0.3727213591337204,0.7650146496875,0.43652343750000006,-0.38171386593749995,0.16199951171874996,1.146728515625,0.27452392578125007,1.6206054675,0.42851562499999996,1.5883850085156248,0.3808398437499999,-0.03222045898437509,-0.04767578125000005,42.69840807913327,0.04575398763020835,-1.1997279979228506,-0.007945963541666675,10.384122026324741
644,rf0yDSeVEUA$_$3,zero,T,False,0.2,48,10,0.026855469999999992,0.3727213591337204,-0.26171874875,0.06328125000000007,-0.6931488024609376,0.1701171875,0.43143005371093757,-0.10683593749999992,1.943115233125,0.5347656249999999,1.7889831530468747,0.44769531249999994,-0.15413208007812518,-0.08707031249999997,16.064287440268124,-0.01780598958333332,-5.739104211317616,-0.014511718749999994,2.5732163801542933
644,rf0yDSeVEUA$_$3,zero,T,False,0.3,48,15,0.026855469999999992,0.3727213591337204,-2.580566405,0.7347656249999999,-1.4012329089062496,0.36708007812500004,-1.1793334960937503,0.3676855468749998,1.303466795625,0.19218749999999996,1.8773559557812498,0.43373046875,0.5738891601562499,0.24154296875000003,-43.91245372507074,0.06128092447916664,21.36874876542785,0.040257161458333336,-5.610541718426349
645,rojyUp4FPSg$_$26,zero,V,False,0.1,48,5,1.65942388,0.8231119841337203,0.15454106750000007,0.07421875,0.046240286250000075,0.02982421874999997,0.10830078125,0.04439453125000003,0.4655762237500001,0.20351562499999998,0.4801270050000001,0.22953125000000002,0.014550781250000033,0.026015625000000042,0.06526404572769814,0.007399088541666671,0.008768568812828715,0.004335937500000007,0.021441910145548384
645,rojyUp4FPSg$_$26,zero,V,False,0.2,48,10,1.65942388,0.8231119841337203,0.2897949737500001,0.13515624999999998,0.11450200500000007,0.06341796874999997,0.17529296875,0.07173828125000001,0.2976074737500001,0.14218750000000002,0.36833501281250014,0.18765625,0.07072753906250007,0.045468749999999974,0.10563477193978194,0.011956380208333334,0.042621717870410664,0.0075781249999999955,0.04194774875463148
645,rojyUp4FPSg$_$26,zero,V,False,0.3,48,15,1.65942388,0.8231119841337203,0.3732910675000001,0.17265624999999996,0.1403076690625001,0.07808593749999997,0.23298339843749996,0.09457031249999999,0.17211919250000007,0.095703125,0.3360107940625001,0.17335937499999995,0.16389160156250004,0.07765624999999995,0.1404000875517185,0.015761718749999997,0.09876409805456215,0.012942708333333325,0.0669671531724035
646,rojyUp4FPSg$_$20,zero,V,False,0.1,32,4,1.48803712,0.9590494841337204,0.08679200281249999,0.029687499999999978,-0.001904286250000009,0.007656249999999987,0.0886962890625,0.022031249999999992,0.08984373937500001,0.042187500000000044,0.058996585218749995,0.09523437500000001,-0.030847154156250015,0.053046874999999966,0.059606194136007755,0.0036718749999999985,-0.020730083283249504,0.008841145833333328,0.012847282921522894
646,rojyUp4FPSg$_$20,zero,V,False,0.2,32,7,1.48803712,0.9590494841337204,0.1390380965625,0.046093750000000044,-0.009924305781250009,0.008554687499999996,0.14896240234375,0.037539062500000046,0.1848144425,0.00390625,0.04566649753125,0.05417968750000002,-0.13914794496875,0.05027343750000002,0.10010657680177575,0.006256510416666674,-0.09351100828569499,0.008378906250000004,0.005307746295686861
646,rojyUp4FPSg$_$20,zero,V,False,0.3,32,10,1.48803712,0.9590494841337204,0.1628418075,0.05312499999999998,-0.01652830968750001,0.009296874999999987,0.1793701171875,0.04382812499999999,0.197265614375,0.012499999999999956,0.05635985584375001,0.028046875000000027,-0.14090575853125,0.015546875000000071,0.12054134553186045,0.007304687499999998,-0.0946923043418068,0.002591145833333345,0.00893621863084675
647,rojyUp4FPSg$_$21,zero,T,False,0.1,13,2,3.7529297,1.6324869841337204,0.35351563750000015,0.15156250000000004,0.06611329375000015,0.03476562500000001,0.28740234375,0.11679687500000004,0.8037109500000001,0.3453124999999999,1.53250733671875,0.66931640625,0.7287963867187499,0.3240039062500001,0.07658077559225913,0.01946614583333334,0.1941939366796061,0.05400065104166668,0.08606037728671631
647,rojyUp4FPSg$_$21,zero,T,False,0.2,13,3,3.7529297,1.6324869841337204,0.5219726687500001,0.203125,0.18935548125000015,0.08410156249999999,0.3326171875,0.11902343750000001,0.5781250125000001,0.2734375,1.1470825320312499,0.5053906249999999,0.5689575195312497,0.23195312499999987,0.088628651602866,0.019837239583333336,0.1516035240222394,0.038658854166666645,0.07468206734377635
647,rojyUp4FPSg$_$21,zero,T,False,0.3,13,4,3.7529297,1.6324869841337204,0.7187500125000001,0.3179687499999999,0.22358399687500013,0.10816406249999999,0.495166015625,0.20980468749999992,0.41699220000000015,0.1953125,0.8959228640625,0.39117187500000006,0.47893066406249984,0.19585937500000006,0.13194115618095478,0.03496744791666665,0.12761510998924117,0.032643229166666676,0.08179173581338232
648,rojyUp4FPSg$_$23,zero,T,False,0.1,7,1,2.8730469000000003,1.3418619841337205,0.7863769781250003,0.36484375000000013,0.1884521734375003,0.098125,0.5979248046875,0.2667187500000001,0.7377929937500003,0.22031250000000013,1.8095306646484375,0.6405859375000001,1.0717376708984372,0.4202734375,0.20811515348821713,0.04445312500000002,0.37303160552890086,0.07004557291666667,0.17391136423344616
648,rojyUp4FPSg$_$23,zero,T,False,0.2,7,2,2.8730469000000003,1.3418619841337205,1.1643066656250003,0.4921875000000001,0.48974001523437527,0.20125000000000015,0.674566650390625,0.29093749999999996,0.4436035406250003,0.1171875,1.2034347784179686,0.4253906250000001,0.7598312377929684,0.3082031250000001,0.2347912996475363,0.04848958333333333,0.2644686981351645,0.051367187500000015,0.14977919215400853
648,rojyUp4FPSg$_$23,zero,T,False,0.3,7,3,2.8730469000000003,1.3418619841337205,2.1877441656250003,0.8226562500000002,0.7497650396484378,0.2902148437500001,1.4379791259765624,0.53244140625,0.1606445562500003,0.03671875000000013,0.9809005987304691,0.35453125000000013,0.8202560424804688,0.3178125,0.5005064920694716,0.088740234375,0.28550030178072167,0.05296875,0.2319289445562983
649,rojyUp4FPSg$_$5,zero,T,False,0.1,27,3,0.2587891,0.34654948413372033,0.3300781625,0.04140624999999998,0.1803467171875,0.017470703125000014,0.1497314453125,0.023935546874999963,0.881835975,0.00390625,1.0452392953125003,0.05294921875000003,0.16340332031250027,0.04904296875000003,0.5785825860900398,0.003989257812499994,0.6314125629709184,0.008173828125000004,0.3055395587496146
649,rojyUp4FPSg$_$5,zero,T,False,0.2,27,6,0.2587891,0.34654948413372033,0.459960975,0.06015625000000002,0.2702637093749999,0.019628906249999994,0.1896972656250001,0.04052734375000003,0.643554725,0.037890624999999956,0.8783447640625001,0.05811523437500001,0.23479003906250007,0.020224609375000056,0.7330159292221771,0.006754557291666671,0.9072605136846429,0.003370768229166676,0.4126004421069133
649,rojyUp4FPSg$_$5,zero,T,False,0.3,27,9,0.2587891,0.34654948413372033,0.666992225,0.08281250000000007,0.3818359749999999,0.025722656250000014,0.2851562500000001,0.05708984375000005,0.4140625375,0.049609374999999956,0.7065063851562499,0.04925781250000002,0.29244384765624987,-0.000351562499999937,1.101882374944019,0.009514973958333341,1.1300426394064143,-5.85937499999895e-05,0.5603453486396917
650,rojyUp4FPSg$_$7,zero,T,False,0.1,45,5,2.14562993,0.9356119841337204,0.5374756331250001,0.15703125000000007,0.11334233234375013,0.03830078124999999,0.42413330078125,0.11873046875000007,0.28247075031250013,0.0390625,0.6988098616406251,0.21437500000000004,0.41633911132812496,0.17531250000000004,0.19767299904706814,0.019788411458333346,0.1940404127787834,0.029218750000000005,0.11018014332104623
650,rojyUp4FPSg$_$7,zero,T,False,0.2,45,9,2.14562993,0.9356119841337204,0.7523193831250001,0.20000000000000007,0.06582951496093763,0.0313671875,0.6864898681640625,0.16863281250000006,0.07458500812500013,0.03281250000000002,0.6939178938671876,0.186953125,0.6193328857421875,0.15414062499999998,0.3199477871826085,0.02810546875000001,0.288648377073026,0.02569010416666666,0.1655979342930753
650,rojyUp4FPSg$_$7,zero,T,False,0.3,45,14,2.14562993,0.9356119841337204,0.8548584456250001,0.2109375,0.22220616291015638,0.06097656250000001,0.6326522827148438,0.1499609375,0.04602046062499987,0.05703124999999998,0.4795319075390626,0.10396484375000004,0.43351144691406274,0.04693359375000006,0.2948560602241335,0.024993489583333334,0.2020438095167013,0.00782226562500001,0.13242890623729203
651,rojyUp4FPSg$_$9,zero,T,False,0.1,26,3,2.9970704,-0.7557942658662797,2.42510995078125,0.9626953125000001,0.18128670859375012,0.055083007812500015,2.2438232421875,0.9076123046875001,2.4713135640625,0.37578125000000007,4.85584725546875,1.4907373046874999,2.38453369140625,1.1149560546874997,0.7486719342714024,0.15126871744791667,0.7956212492656163,0.18582600911458327,0.4703469775248797
651,rojyUp4FPSg$_$9,zero,T,False,0.2,26,6,2.9970704,-0.7557942658662797,2.89208993125,1.078515625,0.5403351705078127,0.20193603515625003,2.3517547607421876,0.8765795898437501,1.6467286031250001,0.13789062500000004,4.196807948828125,1.2577587890625002,2.550079345703125,1.1198681640625001,0.7846842623576427,0.1460965983072917,0.8508570552250189,0.1866446940104167,0.49207065247509246
651,rojyUp4FPSg$_$9,zero,T,False,0.3,26,8,2.9970704,-0.7557942658662797,4.12158211875,1.46875,0.9799578349594114,0.343582763671875,3.1416242837905886,1.1251672363281249,1.0834961812500001,0.04296875,3.4648499410156246,1.0044726562500002,2.3813537597656245,0.9615039062500002,1.048231378068133,0.18752787272135416,0.7945602362912089,0.1602506510416667,0.5476425345305906
652,rojyUp4FPSg$_$10,zero,T,False,0.1,14,2,2.96777344,1.3371744841337203,0.4567871118750002,0.1695312499999999,0.1527832056250002,0.052148437499999936,0.30400390625,0.11738281249999998,0.2382812525000002,0.14531249999999996,0.7353393579687502,0.35279296875,0.49705810546874996,0.20748046875000004,0.10243497691488979,0.019563802083333328,0.16748513592183573,0.034580078125000004,0.08101599826126472
652,rojyUp4FPSg$_$10,zero,T,False,0.2,14,3,2.96777344,1.3371744841337203,0.4277343775000002,0.16874999999999996,0.14247436773437522,0.055312499999999966,0.285260009765625,0.1134375,0.2929687525000002,0.15234375,0.6885314966406252,0.3124609374999999,0.395562744140625,0.16011718749999992,0.09611916792626092,0.01890625,0.1332859865659551,0.026686197916666654,0.06874940060222068
652,rojyUp4FPSg$_$10,zero,T,False,0.3,14,5,2.96777344,1.3371744841337203,0.8991699243750002,0.27031249999999996,0.28026275884765645,0.10589843749999991,0.6189071655273437,0.16441406250000004,0.003906252500000207,0.0546875,0.5127868674843752,0.21451171874999994,0.508880614984375,0.15982421874999994,0.20854252169088147,0.027402343750000006,0.17146876397532923,0.026637369791666657,0.10851274980196934
653,rojyUp4FPSg$_$12,zero,T,False,0.1,7,1,3.2763672,1.4527994841337204,0.40576173125000015,0.1781250000000001,0.10725098906250015,0.04867187500000003,0.2985107421875,0.12945312500000006,0.5996093875000001,0.2320312499999999,2.0007812625000008,0.7507617187500001,1.4011718750000006,0.5187304687500002,0.09111025500354325,0.021575520833333344,0.42766007648346743,0.08645507812500003,0.15670023261133603
653,rojyUp4FPSg$_$12,zero,T,False,0.2,7,2,3.2763672,1.4527994841337204,1.7402343875000001,0.6644531250000001,0.18393555937500014,0.07281250000000006,1.556298828125,0.591640625,0.24462891875000015,0.08203125,1.635205090625,0.6099023437500002,1.3905761718749998,0.5278710937500002,0.4750073047727053,0.09860677083333334,0.42442609834724915,0.08797851562500003,0.271504672394572
653,rojyUp4FPSg$_$12,zero,T,False,0.3,7,3,3.2763672,1.4527994841337204,1.8596191531250001,0.697265625,0.51224366484375,0.19166015624999996,1.34737548828125,0.50560546875,0.19335938750000015,0.05624999999999991,0.9482727175781249,0.3608984375,0.7549133300781248,0.3046484375000001,0.41124055845776125,0.084267578125,0.23041162775237678,0.050774739583333346,0.19417362597961785
654,rojyUp4FPSg$_$16,zero,V,False,0.1,12,2,0.5708007599999999,0.5867838591337203,0.1430663849999999,0.051953125000000044,0.11711423656249993,0.0479296875,0.025952148437499975,0.004023437500000046,0.1254882599999999,0.09101562499999993,0.17778318399999993,0.10546874999999996,0.05229492400000002,0.014453125000000025,0.04546613247566016,0.0006705729166666743,0.09161661309523647,0.0024088541666666707,0.035040543163557494
654,rojyUp4FPSg$_$16,zero,V,False,0.2,12,3,0.5708007599999999,0.5867838591337203,0.1694335724999999,0.06874999999999998,0.12963865062499993,0.05988281249999998,0.03979492187499997,0.008867187499999998,0.1381835724999999,0.091796875,0.20246579906249992,0.10999999999999996,0.06428222656250002,0.01820312499999996,0.06971758789776678,0.001477864583333333,0.11261742879436816,0.00303385416666666,0.04671168386053373
654,rojyUp4FPSg$_$16,zero,V,False,0.3,12,4,0.5708007599999999,0.5867838591337203,0.1728515412499999,0.07695312499999996,0.15583493968749992,0.07224609374999999,0.017016601562499983,0.004707031249999966,0.1723632599999999,0.09687499999999993,0.19208982249999992,0.10230468749999999,0.019726562500000017,0.005429687500000058,0.029811753843400877,0.0007845052083333276,0.034559393264659906,0.0009049479166666763,0.016515150058265197
655,rojyUp4FPSg$_$18,zero,V,False,0.1,17,2,0.7104492,0.6090494841337204,0.2543945125,0.08710937500000004,0.11874998125000005,0.03841796875000007,0.13564453124999995,0.04869140624999997,0.4448242,0.1722656250000001,0.6692382624999998,0.23650390625000006,0.22441406249999984,0.06423828124999997,0.19092757134842098,0.008115234374999995,0.31587585238205274,0.01070638020833333,0.13140625957845176
655,rojyUp4FPSg$_$18,zero,V,False,0.2,17,4,0.7104492,0.6090494841337204,0.40966795,0.15351562500000004,0.21613767656250005,0.07531250000000007,0.19353027343749996,0.07820312499999997,0.3403320125,0.12890625,0.5602538874999998,0.20037109375,0.21992187499999982,0.07146484375,0.2724051220444444,0.013033854166666662,0.30955283706021874,0.011910807291666667,0.15172565514074912
655,rojyUp4FPSg$_$18,zero,V,False,0.3,17,6,0.7104492,0.6090494841337204,0.47851560625,0.18125000000000002,0.33061521562500007,0.11261718750000002,0.14790039062499993,0.0686328125,0.3110351375,0.10976562500000009,0.45800779374999995,0.166923828125,0.14697265624999994,0.05715820312499992,0.20817840662864184,0.011438802083333333,0.20687256650782834,0.009526367187499987,0.10900403560182588
656,rojyUp4FPSg$_$37,zero,T,False,0.1,21,3,2.186309814,0.8856119841337203,0.5923156733749999,0.16523437499999993,0.05935668899999991,0.0283203125,0.532958984375,0.13691406249999993,0.3222961421249999,0.013281250000000022,1.0189788813828127,0.2473046875,0.6966827392578128,0.2340234375,0.24377091352346025,0.022819010416666657,0.31865676865183945,0.03900390625,0.1560626497104916
656,rojyUp4FPSg$_$37,zero,T,False,0.2,21,5,2.186309814,0.8856119841337203,0.7495422358749999,0.205078125,0.14291839554296865,0.03445312499999999,0.6066238403320312,0.17062500000000003,0.1763000483749999,0.03593750000000007,0.8504837031601562,0.18728515624999997,0.6741836547851563,0.1513476562499999,0.2774645930704486,0.028437500000000004,0.3083658784780435,0.025224609374999984,0.15987314523087298
656,rojyUp4FPSg$_$37,zero,T,False,0.3,21,7,2.186309814,0.8856119841337203,1.09011840775,0.28007812499999996,0.3330886836289061,0.06869140624999999,0.7570297241210938,0.21138671874999998,0.05331420943750009,0.09218749999999998,0.6041442866562499,0.11876953124999996,0.5508300772187498,0.026582031249999985,0.3462589670569565,0.03523111979166666,0.25194499962746364,0.0044303385416666645,0.15946635625443836
657,rojyUp4FPSg$_$36,zero,T,False,0.1,6,1,3.5,1.4449869841337204,0.5634765625,0.2015625000000001,0.103271484375,0.038046875000000036,0.460205078125,0.16351562500000005,0.63916015625,0.1875,2.25069580078125,0.75087890625,1.61153564453125,0.56337890625,0.13148712761082068,0.027252604166666677,0.46043862402646457,0.09389648437499999,0.17826871004473796
657,rojyUp4FPSg$_$36,zero,T,False,0.2,6,2,3.5,1.4449869841337204,1.376708984375,0.4945312500000001,0.31158447265625,0.10218750000000001,1.06512451171875,0.3923437500000001,0.23828125,0.043749999999999956,1.34144287109375,0.437275390625,1.10316162109375,0.393525390625,0.3043212021135851,0.06539062500000002,0.31518894454423013,0.06558756510416668,0.18762208419049548
657,rojyUp4FPSg$_$36,zero,T,False,0.3,6,2,3.5,1.4449869841337204,1.376708984375,0.4945312500000001,0.401220703125,0.13468750000000007,0.97548828125,0.35984375,0.23828125,0.043749999999999956,1.26026611328125,0.4120117187500001,1.02198486328125,0.36826171875000013,0.2787108578683263,0.059973958333333334,0.29199559179590234,0.06137695312500002,0.1730143402806405
658,rojyUp4FPSg$_$34,zero,V,False,0.1,34,4,1.25,0.6965494841337203,0.0830078125,0.04414062499999993,0.0363525390625,0.021289062499999956,0.0466552734375,0.022851562499999978,0.2080078125,0.10312500000000002,0.3552490234375,0.16089843749999996,0.14724121093749998,0.05777343749999994,0.03732418889064889,0.0038085937499999964,0.11779287451570038,0.00962890624999999,0.04213864085158731
658,rojyUp4FPSg$_$34,zero,V,False,0.2,34,7,1.25,0.6965494841337203,0.13720703125,0.06523437499999996,0.0645751953125,0.03644531249999995,0.0726318359375,0.028789062500000004,0.17333984375,0.08671874999999996,0.2882568359375,0.13722656249999998,0.11491699218750001,0.05050781250000003,0.05810542226566219,0.004798177083333334,0.09193352020318385,0.008417968750000004,0.040813772075544846
658,rojyUp4FPSg$_$34,zero,V,False,0.3,34,11,1.25,0.6965494841337203,0.197265625,0.09375,0.103271484375,0.054570312499999954,0.093994140625,0.039179687500000046,0.12890625,0.06757812499999993,0.234521484375,0.11554687499999998,0.105615234375,0.047968750000000046,0.07519525234379813,0.006529947916666674,0.08449211990630409,0.007994791666666674,0.04355302795835889
659,rojyUp4FPSg$_$32,zero,T,False,0.1,7,1,3.2451171999999997,1.4598307341337204,0.5100097781249997,0.18515625000000013,0.1221069460937497,0.047031250000000045,0.38790283203125,0.13812500000000008,0.6357421999999997,0.20625000000000004,1.9710083132812504,0.7066992187500001,1.3352661132812507,0.50044921875,0.11953426905412876,0.023020833333333348,0.41146917646366493,0.08340820312500001,0.15935812049403175
659,rojyUp4FPSg$_$32,zero,T,False,0.2,7,2,3.2451171999999997,1.4598307341337204,2.1301269656249997,0.7898437500000001,0.3364563113281246,0.11285156250000003,1.793670654296875,0.6769921875,0.2167968874999997,0.032031249999999956,1.5060302859374997,0.5336132812500001,1.2892333984375,0.5015820312500001,0.5527289127085957,0.11283203125,0.39728395669455124,0.08359700520833335,0.2866104764653701
659,rojyUp4FPSg$_$32,zero,T,False,0.3,7,3,3.2451171999999997,1.4598307341337204,2.6064453249999997,0.9417968750000001,0.5933715945312497,0.20480468749999997,2.01307373046875,0.7369921875000001,0.0761718874999997,0.016406249999999956,1.0290893679687496,0.3549414062500001,0.9529174804687499,0.33853515625000014,0.6203391082854085,0.12283203125000001,0.2936464626985698,0.05642252604166669,0.27331003206891125
660,rwNlqh0k1j4$_$15,zero,T,False,0.1,43,5,2.3208007999999998,0.9418619841337204,0.24194337812499978,0.09999999999999998,0.018151874218749774,0.017499999999999998,0.22379150390625,0.08249999999999998,0.8928222843749998,0.32421875,1.208136005078125,0.46183593749999996,0.31531372070312513,0.13761718749999996,0.09642852909983524,0.013749999999999997,0.1358641313976597,0.02293619791666666,0.06724471460354041
660,rwNlqh0k1j4$_$15,zero,T,False,0.2,43,9,2.3208007999999998,0.9418619841337204,0.4020996281249998,0.109375,0.08131105390624978,0.035625000000000004,0.32078857421875,0.07375,0.5244140812499998,0.24726562500000004,0.9608902165039062,0.3445703125,0.4364761352539064,0.09730468749999993,0.1382231667601904,0.012291666666666666,0.188071267117212,0.016217447916666655,0.08870088711518392
660,rwNlqh0k1j4$_$15,zero,T,False,0.3,43,13,2.3208007999999998,0.9418619841337204,0.5070800968749998,0.13359374999999996,0.16702882734374977,0.05728515624999999,0.34005126953125,0.07630859374999996,0.3291015812499998,0.16796875,0.7013977238281249,0.2563671875,0.37229614257812516,0.08839843749999998,0.14652318415611792,0.012718098958333326,0.16041703456888268,0.014733072916666664,0.08359784765000014
661,rwNlqh0k1j4$_$3,zero,T,False,0.1,17,2,3.8789062999999997,-1.4464192658662798,0.5488281749999997,0.23515624999999996,0.0504883312499997,0.034960937500000025,0.49833984375,0.20019531249999994,1.1748047374999997,0.05859375,2.436955311230468,0.5139062500000001,1.2621505737304681,0.4553125000000001,0.12847428546436263,0.03336588541666666,0.3253881766471883,0.07588541666666669,0.14077844104872106
661,rwNlqh0k1j4$_$3,zero,T,False,0.2,17,4,3.8789062999999997,-1.4464192658662798,0.8413086437499997,0.30859375,0.16230473749999969,0.07113281249999999,0.67900390625,0.23746093750000002,0.5458984874999997,0.21953124999999996,1.4734070324218749,0.23675781250000005,0.9275085449218752,0.017226562500000098,0.17505030508205235,0.03957682291666667,0.23911593476901993,0.0028710937500000164,0.11415353912943474
661,rwNlqh0k1j4$_$3,zero,T,False,0.3,17,6,3.8789062999999997,-1.4464192658662798,1.0419922374999997,0.33671874999999996,0.2048828624999997,0.08328125,0.837109375,0.2534375,0.2812500499999997,0.24921875000000004,1.012616016796875,0.18519531250000001,0.7313659667968753,-0.06402343750000003,0.215810616304236,0.04223958333333333,0.1885494832003011,-0.010670572916666671,0.10898227748030094
662,rwNlqh0k1j4$_$2,zero,V,False,0.1,22,3,0.022460900000000006,0.24615885913372035,0.06884761875,0.009374999999999994,0.04035640781250001,0.004326171875000004,0.028491210937499997,0.00504882812499999,0.3164062875,0.16093749999999998,0.2773437874999999,0.14864257812499998,-0.03906250000000011,-0.012294921875000003,1.268423906147743,0.0008414713541666651,-1.739055912456208,-0.002049153645833334,-0.11795992215003293
662,rwNlqh0k1j4$_$2,zero,V,False,0.2,22,5,0.022460900000000006,0.24615885913372035,0.06298824375,0.001757812500000011,0.0040038687500000055,0.015156250000000005,0.058984375,-0.013398437499999994,0.307617225,0.14921874999999998,0.2574219124999999,0.13306640625,-0.05019531250000009,-0.016152343749999992,2.625974427808867,-0.0022330729166666658,-2.2346868475062247,-0.0026920572916666655,0.09659061252357715
662,rwNlqh0k1j4$_$2,zero,V,False,0.3,22,7,0.022460900000000006,0.24615885913372035,0.030273400000000006,0.014453124999999983,-0.0408447640625,0.034384765624999994,0.0711181640625,-0.01993164062500001,0.2968750375,0.13476562500000003,0.2199463265625,0.11435546875000002,-0.0769287109375,-0.020410156250000006,3.166168670615575,-0.0033219401041666686,-3.4248532375934353,-0.0034016927083333343,-0.06635204994759009
663,rwNlqh0k1j4$_$7,zero,T,False,0.1,32,4,2.13085936,-0.7729817658662798,0.4094238131250001,0.06328125000000007,-0.0848266751562499,0.09105468749999998,0.49425048828125,-0.027773437499999915,0.9008788912500001,0.09296874999999993,1.51905516078125,0.25679687500000004,0.6181762695312498,0.1638281250000001,0.23194879287221334,-0.0046289062499999855,0.29010641951744304,0.027304687500000018,0.13618274840991412
663,rwNlqh0k1j4$_$7,zero,T,False,0.2,32,7,2.13085936,-0.7729817658662798,0.8262939303125001,0.17812499999999998,-0.08303224156249991,0.12796874999999996,0.909326171875,0.05015625000000001,0.1298828274999999,0.45546875,1.0746795504296873,0.144765625,0.9447967229296874,-0.31070312499999997,0.42674132427664097,0.008359375000000002,0.4433874413664945,-0.051783854166666664,0.20667607161911722
663,rwNlqh0k1j4$_$7,zero,T,False,0.3,32,10,2.13085936,-0.7729817658662798,0.9873046725000001,0.19453125000000004,0.007580551406250091,0.14519531249999995,0.97972412109375,0.04933593750000009,0.2944336087499999,0.46328125,0.5999816759531251,0.15744140624999997,0.3055480672031252,-0.30583984375,0.4597786600590523,0.008222656250000016,0.14339187726178604,-0.050973307291666665,0.1401049715697929
664,sC16n1k66io$_$2,zero,T,False,0.1,32,4,1.95581058,0.8176432341337203,0.4648437831250001,0.13593749999999993,0.021508822187500075,0.030761718750000017,0.4433349609375,0.10517578124999992,0.6124267909375001,0.14140624999999996,1.4031395289746098,0.43916015625,0.7907127380371097,0.29775390625000003,0.2266757010087342,0.017529296874999985,0.4042888109073931,0.04962565104166667,0.1745298649581985
664,sC16n1k66io$_$2,zero,T,False,0.2,32,7,1.95581058,0.8176432341337203,0.8937683436718751,0.266015625,0.06026004289062507,0.024570312500000007,0.83350830078125,0.24144531249999998,0.20520022843750008,0.010937500000000044,1.1800628993359379,0.32513671874999994,0.9748626708984378,0.3141992187499999,0.42617004076704057,0.040240885416666664,0.4984440632560514,0.052366536458333314,0.254305381474523
664,sC16n1k66io$_$2,zero,T,False,0.3,32,10,1.95581058,0.8176432341337203,1.26977542375,0.37773437499999996,0.13894656632812508,0.03595703124999999,1.130828857421875,0.34177734374999996,0.034423794999999924,0.09921875000000002,0.9014969203320314,0.22917968749999998,0.8670731253320315,0.12996093749999996,0.5781890592047088,0.05696289062499999,0.44333162468136705,0.021660156249999993,0.275035932690269
665,sC16n1k66io$_$16,zero,T,False,0.1,12,2,1.688262977,0.7625651091337203,0.8696594613749999,0.30781249999999993,0.04616702973437494,0.059277343750000024,0.823492431640625,0.24853515624999992,0.35937503754687494,0.08320312499999993,1.5786957162578126,0.4832934570312498,1.2193206787109376,0.4000903320312499,0.48777468622173004,0.04142252604166665,0.7222334275458735,0.06668172200520832,0.3295280904536196
665,sC16n1k66io$_$16,zero,T,False,0.2,12,3,1.688262977,0.7625651091337203,1.1579895395,0.3984375,-0.0020660024921875576,0.07748046875,1.1600555419921874,0.32095703124999997,0.017852820749999943,0.05898437499999998,1.564538611765625,0.47192626953125005,1.546685791015625,0.4129418945312501,0.6871292391451574,0.053492838541666664,0.9161397815074184,0.06882364908854167,0.431396377070696
665,sC16n1k66io$_$16,zero,T,False,0.3,12,4,1.688262977,0.7625651091337203,1.2536926645,0.41171875,0.30361942231249994,0.131025390625,0.9500732421875,0.28069335937500006,0.06869503081250006,0.08085937500000007,0.9186188082062501,0.29115234375,0.84992377739375,0.21029296874999992,0.5627515928378422,0.04678222656250001,0.5034306180624916,0.03504882812499999,0.2870033163969584
666,sPremsknoLM$_$1,zero,T,False,0.1,6,1,1.42187495,0.20182292163372034,0.24682612187500008,0.018945312500000006,0.12838129765625012,0.010937499999999992,0.11844482421874997,0.008007812500000013,1.07470698125,0.0478515625,1.23349604375,0.086357421875,0.1587890624999999,0.03850585937500001,0.08330179873901797,0.0013346354166666689,0.11167574956169693,0.006417643229166668,0.05068245673663706
666,sPremsknoLM$_$1,zero,T,False,0.2,6,2,1.42187495,0.20182292163372034,0.4814452625000001,0.025976562499999994,0.3010375476562501,0.024555664062500003,0.18040771484374996,0.0014208984374999914,0.5312499500000001,0.028417968749999994,0.806298778125,0.033901367187499996,0.27504882812499987,0.005483398437500002,0.12688006632628532,0.00023681640624999856,0.19344080482196768,0.0009138997395833336,0.08036789682352158
666,sPremsknoLM$_$1,zero,T,False,0.3,6,2,1.42187495,0.20182292163372034,0.4814452625000001,0.025976562499999994,0.2940917468750001,0.022265624999999994,0.18735351562499997,0.0037109375000000007,0.5312499500000001,0.028417968749999994,0.8340575671874999,0.03659667968750001,0.3028076171874998,0.008178710937500014,0.13176502185369965,0.0006184895833333334,0.21296345661342667,0.0013631184895833356,0.08667752163501073
667,ssqiwP19JhM$_$10,zero,T,False,0.1,39,4,0.40405273999999997,-0.09251301586627966,1.507812505625,0.2916015625,0.16234741773437497,0.0401092529296875,1.3454650878906251,0.25149230957031254,0.758087163828125,0.19111328125,1.7559204157812498,0.5084277343750001,0.9978332519531248,0.3173144531250001,3.329916183650782,0.041915384928385424,2.4695557871908944,0.05288574218750002,1.4735682744893903
667,ssqiwP19JhM$_$10,zero,T,False,0.2,39,8,0.40405273999999997,-0.09251301586627966,1.5183105525,0.32441406250000004,0.2861572321875,0.0576800537109375,1.2321533203125,0.26673400878906256,0.5355224665625,0.0638427734375,1.5628051814062502,0.42969726562500005,1.0272827148437502,0.36585449218750005,3.0494788151509256,0.044455668131510424,2.5424408021659457,0.06097574869791667,1.4243377585365746
667,ssqiwP19JhM$_$10,zero,T,False,0.3,39,12,0.40405273999999997,-0.09251301586627966,1.81567383375,0.45585937500000007,0.6021331843359375,0.12597179412841797,1.2135406494140626,0.3298875808715821,0.28051758374999997,0.0791015625,1.2711486872656252,0.3132025146484375,0.9906311035156252,0.2341009521484375,3.0034139751164357,0.05498126347859702,2.4517310581400023,0.03901682535807292,1.3872857805232768
668,ssqiwP19JhM$_$2,zero,T,False,0.1,22,3,0.49218754,0.31295573413372035,0.291015665,0.07656249999999998,0.08967289156249998,0.02902343749999999,0.2013427734375,0.04753906249999999,0.81494144625,0.26289062499999993,1.01739505953125,0.3344921874999999,0.20245361328125,0.0716015625,0.4090765165672082,0.007923177083333332,0.4113334562427033,0.011933593749999999,0.21006668591081123
668,ssqiwP19JhM$_$2,zero,T,False,0.2,22,5,0.49218754,0.31295573413372035,0.45312504,0.12773437499999996,0.15268558687499995,0.04958984375000001,0.30043945312500003,0.07814453124999995,0.517578165,0.16289062499999996,0.8271484775,0.27353515625,0.3095703125,0.11064453125000007,0.6104153768492864,0.013024088541666659,0.628966924951158,0.018440755208333343,0.31771178638761116
668,ssqiwP19JhM$_$2,zero,T,False,0.3,22,7,0.49218754,0.31295573413372035,0.49218754,0.14375000000000004,0.20878910249999993,0.07367187500000001,0.28339843750000004,0.07007812500000003,0.3994141025,0.13789062500000004,0.7086914462499999,0.23148437500000002,0.30927734374999993,0.09359374999999998,0.5757924341350981,0.011679687500000006,0.6283716881136646,0.01559895833333333,0.307860692020524
669,szic2IB9HB4$_$5,zero,T,False,0.1,13,2,0.7509765,-0.5675130158662797,2.5369872421875,0.523291015625,0.5377837509765626,0.17816162109375006,1.9992034912109375,0.34512939453124997,1.0358887343749998,0.6203125000000002,1.4874374077148438,0.5472740173339844,0.45154867333984394,-0.07303848266601576,2.66213500565721,0.05752156575520833,0.6012812279194035,-0.01217308044433596,0.8271911797218715
669,szic2IB9HB4$_$5,zero,T,False,0.2,13,3,0.7509765,-0.5675130158662797,2.515380796875,0.53515625,0.7711715073242189,0.24017089843750003,1.7442092895507812,0.29498535156249994,1.0902100234374998,0.6359375000000002,1.387933330859375,0.5082040405273437,0.29772330742187525,-0.12773345947265646,2.3225852832485407,0.04916422526041666,0.3964477063851783,-0.02128890991210941,0.6867270762455066
669,szic2IB9HB4$_$5,zero,T,False,0.3,13,4,0.7509765,-0.5675130158662797,2.6292723984375,0.56573486328125,0.44464410253906267,0.23288574218750008,2.1846282958984373,0.3328491210937499,1.1849365859374998,0.6437500000000002,1.5505874196289064,0.45462821960449223,0.3656508336914066,-0.18912178039550792,2.909046270891521,0.055474853515624985,0.4868998521146194,-0.031520296732584656,0.8549751699472952
670,tQ-CIfgj-Js$_$3,zero,T,False,0.1,48,5,0.9782715200000001,0.09264323413372035,0.15673831687500006,0.04272460937500001,-0.09684597267578118,0.021697998046875,0.25358428955078127,0.021026611328125007,0.8903808950000001,0.33984375,0.77016605125,0.305703125,-0.12021484375000002,-0.03414062499999998,0.2592164088906241,0.003504435221354168,-0.12288482124592441,-0.005690104166666664,0.0335364796748468
670,tQ-CIfgj-Js$_$3,zero,T,False,0.2,48,10,0.9782715200000001,0.09264323413372035,0.37060550437500006,0.10574951171875001,-0.2078580500073242,0.025804443359375002,0.5784635543823242,0.07994506835937501,0.5656738637500001,0.25703125000000004,0.36353763328125,0.1940185546875,-0.20213623046875007,-0.06301269531250003,0.5913112579123905,0.013324178059895836,-0.20662568592722,-0.010502115885416672,0.09687690853991242
670,tQ-CIfgj-Js$_$3,zero,T,False,0.3,48,15,0.9782715200000001,0.09264323413372035,0.5173340200000001,0.17353515625000002,-0.28787990822265624,0.030389709472656252,0.8052139282226562,0.14314544677734375,0.44165042625000006,0.220703125,0.11014711610156254,0.118330078125,-0.33150331014843754,-0.102373046875,0.8230977685263572,0.023857574462890625,-0.3388660147056339,-0.017062174479166668,0.12275678845111179
671,tXQpm-nKxNA$_$5,zero,T,False,0.1,19,2,3.7880859000000004,1.6340494841337203,0.14257808750000045,0.07578124999999991,0.05427242343750045,0.02039062499999993,0.0883056640625,0.055390624999999985,1.0205077750000004,0.2999999999999998,1.6393386465820314,0.520703125,0.618830871582031,0.22070312500000022,0.02331141454608657,0.009231770833333331,0.16336237470740994,0.036783854166666706,0.05817235356337414
671,tXQpm-nKxNA$_$5,zero,T,False,0.2,19,4,3.7880859000000004,1.6340494841337203,0.40332027500000045,0.1890624999999999,0.12976070468750045,0.047617187499999915,0.2735595703125,0.1414453125,0.5732421500000004,0.15468749999999987,1.13604732578125,0.36734374999999997,0.5628051757812496,0.2126562500000001,0.07221575891316008,0.02357421875,0.1485724036006802,0.03544270833333335,0.06995127239929341
671,tXQpm-nKxNA$_$5,zero,T,False,0.3,19,6,3.7880859000000004,1.6340494841337203,0.6362304312500004,0.27812499999999996,0.21520992343750045,0.07359374999999989,0.4210205078125,0.20453125000000005,0.38964840000000045,0.09843749999999996,0.8194884878906254,0.27234374999999994,0.429840087890625,0.17390624999999998,0.11114330767134722,0.03408854166666667,0.11347154889467423,0.028984374999999996,0.07192194330817203
672,tXQpm-nKxNA$_$7,zero,T,False,0.1,29,3,3.20703125,1.3660807341337204,0.23974609375,0.09296875000000004,0.044921875,0.019453125000000005,0.19482421875,0.07351562500000004,0.666748046875,0.11796874999999996,1.2082809448242187,0.3075000000000001,0.5415328979492187,0.18953125000000015,0.06074906753744057,0.012252604166666674,0.16885795206743512,0.03158854166666669,0.06836204135955226
672,tXQpm-nKxNA$_$7,zero,T,False,0.2,29,6,3.20703125,1.3660807341337204,0.51318359375,0.18359375,0.0750244140625,0.022343750000000016,0.4381591796875,0.16124999999999998,0.31005859375,0.024218749999999956,0.9567367553710937,0.2464843750000001,0.6466781616210937,0.22226562500000013,0.13662450063840176,0.026874999999999996,0.20164379750814596,0.03704427083333336,0.10054689224497025
672,tXQpm-nKxNA$_$7,zero,T,False,0.3,29,9,3.20703125,1.3660807341337204,0.6123046875,0.21796875000000004,0.15787353515625,0.03925781250000006,0.45443115234375,0.1787109375,0.166015625,0.014843750000000044,0.700030517578125,0.18031250000000007,0.534014892578125,0.16546875000000003,0.14169834193084588,0.02978515625,0.16651372700668193,0.027578125000000005,0.09139383754688196
673,uacdDoBtT1k$_$0,zero,T,False,0.1,48,5,3.1323242000000002,-1.0878255158662797,0.8457031062500002,0.42500000000000004,0.11977537187500023,0.04820312499999999,0.725927734375,0.37679687500000003,3.2094726375000002,0.7046875,4.0965850642578125,0.9977070617675782,0.8871124267578123,0.29301956176757815,0.231753629659845,0.06279947916666667,0.2832121092528363,0.04883659362792969,0.15665045292681942
673,uacdDoBtT1k$_$0,zero,T,False,0.2,48,10,3.1323242000000002,-1.0878255158662797,1.1706542781250002,0.49687499999999996,0.24125974687500024,0.07109374999999998,0.92939453125,0.42578125,2.3480224421875002,0.4125,3.561882000292969,0.8530391883850099,1.2138595581054688,0.44053918838500994,0.29671074103352996,0.07096354166666667,0.3875266712745754,0.07342319806416832,0.2071560380097351
673,uacdDoBtT1k$_$0,zero,T,False,0.3,48,15,3.1323242000000002,-1.0878255158662797,1.5740966609375002,0.58828125,0.6644225886718751,0.19123046875,0.9096740722656251,0.39705078125,1.4689941218750002,0.14453125,2.447239666308594,0.5377294921875,0.9782455444335936,0.3931982421875,0.2904149518912101,0.06617513020833334,0.31230650777690433,0.06553304036458334,0.18360740756025776
674,uacdDoBtT1k$_$6,zero,T,False,0.1,28,3,2.10864262,-0.5057942658662797,0.2591553153124999,0.06132812500000007,0.08463749304687491,0.0321875,0.174517822265625,0.029140625000000066,2.09252933875,0.10078125000000004,2.7097000540820306,0.294052734375,0.6171707153320307,0.19327148437499997,0.08276307129870765,0.004856770833333344,0.2926861179757017,0.03221191406249999,0.10312946854256068
674,uacdDoBtT1k$_$6,zero,T,False,0.2,28,6,2.10864262,-0.5057942658662797,1.64770512,0.31367187500000004,0.22538456335937482,0.050175781249999996,1.4223205566406252,0.26349609375000005,0.7566223563281249,0.20820312500000004,2.2711487235156245,0.20316406250000002,1.5145263671874996,-0.005039062500000024,0.674519175810574,0.043916015625000006,0.7182467216473021,-0.0008398437500000041,0.35896051733321904
674,uacdDoBtT1k$_$6,zero,T,False,0.3,28,9,2.10864262,-0.5057942658662797,1.731689495,0.29277343750000007,0.4222244681445311,0.06390625000000003,1.3094650268554688,0.22886718750000004,0.5659180106249999,0.20234375000000004,1.767059368046875,0.141142578125,1.201141357421875,-0.06120117187500004,0.6209987379733085,0.03814453125000001,0.5696274828184931,-0.010200195312500007,0.3046426391823254
675,unNY4zIk8MM$_$1,zero,T,False,0.1,30,3,3.3613281,1.4090494841337204,0.7985839593750002,0.3671875,0.16284177187500015,0.07179687500000002,0.6357421875,0.29539062499999996,1.3309020746093752,0.4046875000000001,2.4210189569335943,0.746015625,1.090116882324219,0.34132812499999987,0.18913416942720662,0.04923177083333333,0.32431126197200355,0.05688802083333331,0.1548913057664692
675,unNY4zIk8MM$_$1,zero,T,False,0.2,30,6,3.3613281,1.4090494841337204,1.1748046625000002,0.5109375,0.17894894960937516,0.06609375000000002,0.995855712890625,0.44484375000000004,0.9302978265625002,0.29296875,2.2158752191406252,0.7168750000000002,1.285577392578125,0.42390625000000015,0.296268435271817,0.074140625,0.3824610308398916,0.07065104166666669,0.2058802831945938
675,unNY4zIk8MM$_$1,zero,T,False,0.3,30,9,3.3613281,1.4090494841337204,1.3979797113281252,0.5742187500000001,0.3600707757812501,0.14316406250000008,1.0379089355468751,0.43105468750000003,0.6765136468750002,0.22187500000000004,1.596615575585938,0.5383593750000001,0.9201019287109378,0.31648437500000004,0.30877932647144696,0.07184244791666668,0.2737315809722225,0.05274739583333334,0.17677518779841736
676,unNY4zIk8MM$_$3,zero,T,False,0.1,17,2,0.4755859,0.3635416716337203,0.2695312125,0.046679687499999956,0.082861290625,0.02025390624999999,0.186669921875,0.026425781249999964,0.22167965,0.12519531250000004,0.4704345328125001,0.06052734375000004,0.24875488281250008,-0.06466796875,0.3925043391123684,0.004404296874999994,0.5230482227590796,-0.010777994791666667,0.22729471598869533
676,unNY4zIk8MM$_$3,zero,T,False,0.2,17,4,0.4755859,0.3635416716337203,0.5585937125,0.07988281249999996,0.07880855625000001,0.026757812500000006,0.47978515625,0.05312499999999995,0.1386719125,0.15839843750000004,0.5091552396875001,0.04012695312500002,0.3704833271875001,-0.11827148437500003,1.0088275271038796,0.008854166666666658,0.7790023804009323,-0.019711914062500006,0.44424304002724463
676,unNY4zIk8MM$_$3,zero,T,False,0.3,17,6,0.4755859,0.3635416716337203,0.75292965,0.10800781249999997,0.175732384375,0.032910156249999996,0.577197265625,0.07509765624999998,0.190429725,0.14277343750000004,0.39135738812500004,0.03713867187500001,0.20092766312500004,-0.10563476562500004,1.2136525745873152,0.012516276041666663,0.42248359474367364,-0.01760579427083334,0.4077616627754555
677,unNY4zIk8MM$_$5,zero,T,False,0.1,21,3,1.1113281000000002,0.5785807341337204,0.42236325625000015,0.09296875000000004,0.08010251406250016,0.02935546875000001,0.3422607421875,0.06361328125000004,0.30761716250000015,0.0007812499999999556,0.6918456781250001,0.10091796874999999,0.38422851562499993,0.10013671875000003,0.30797424650132893,0.010602213541666674,0.34573783375689515,0.016689453125000007,0.17025093673122269
677,unNY4zIk8MM$_$5,zero,T,False,0.2,21,5,1.1113281000000002,0.5785807341337204,0.6025390375000002,0.13359374999999996,0.17727048281250016,0.041503906250000014,0.4252685546875,0.09208984374999994,0.17773435000000015,0.022656249999999933,0.58746335390625,0.08351562500000001,0.4097290039062499,0.06085937500000008,0.3826666238538161,0.015348307291666656,0.36868377144650477,0.010143229166666679,0.19421048293966356
677,unNY4zIk8MM$_$5,zero,T,False,0.3,21,7,1.1113281000000002,0.5785807341337204,0.8212890375000002,0.17500000000000004,0.16835935000000016,0.050664062499999996,0.6529296875,0.12433593750000005,0.006103540624999848,0.05703124999999998,0.61712643984375,0.10266601562500002,0.6110228992187502,0.045634765625000046,0.5875214529161523,0.02072265625000001,0.5498127415351134,0.007605794270833341,0.29141566124302476
678,unNY4zIk8MM$_$8,zero,T,False,0.1,12,2,1.10217281,0.09386393725872035,0.5758056224999999,0.073193359375,0.0743651928124999,0.05014678955078126,0.5014404296875,0.023046569824218745,0.6612548412499999,0.26333007812500003,0.9962462963281247,0.11460144042968752,0.3349914550781248,-0.14872863769531253,0.4549558564519875,0.003841094970703124,0.30393704880188077,-0.024788106282552087,0.18448647348550481
678,unNY4zIk8MM$_$8,zero,T,False,0.2,12,3,1.10217281,0.09386393725872035,0.5069579662499999,0.043701171874999986,-0.007469218808593858,0.08242218017578125,0.5144271850585938,-0.03872100830078126,0.5087890209374999,0.25551757812500003,0.9883117260156247,0.09809814453125,0.4795227050781248,-0.15741943359375005,0.46673871252538096,-0.006453501383463543,0.43506995060799425,-0.026236572265625008,0.21727964737107164
678,unNY4zIk8MM$_$8,zero,T,False,0.3,12,4,1.10217281,0.09386393725872035,0.4991454662499999,0.007080078125,0.2625854076562499,0.08826858520507813,0.23656005859375,-0.08118850708007813,0.4230956615624999,0.198486328125,0.6410522045312497,0.13108692169189456,0.21795654296874978,-0.06739940643310544,0.21463044798147585,-0.013531417846679689,0.19775151703954008,-0.011233234405517573,0.09690432819220465
679,uooIiW6dEyg$_$1,zero,T,False,0.1,8,1,3.3212890999999996,-1.1597005158662796,1.3891601937499996,0.616015625,0.12839359218749954,0.060214843750000024,1.2607666015625,0.5558007812499999,1.6718750374999996,0.34999999999999987,4.392349280664062,1.528310546875,2.7204742431640625,1.1783105468750001,0.37960146918888543,0.09263346354166664,0.8191016626834442,0.19638509114583336,0.3719304216399574
679,uooIiW6dEyg$_$1,zero,T,False,0.2,8,2,3.3212890999999996,-1.1597005158662796,1.6987305062499996,0.684375,0.5992187874999996,0.22169921875000004,1.09951171875,0.4626757812499999,1.2255859749999996,0.16874999999999996,3.2376640694824217,1.0672070312500002,2.012078094482422,0.8984570312500002,0.3310495878544305,0.07711263020833332,0.6058122096839486,0.1497428385416667,0.29092931657209475
679,uooIiW6dEyg$_$1,zero,T,False,0.3,8,3,3.3212890999999996,-1.1597005158662796,2.9332275765624996,1.1305908203125,1.1520538705078125,0.38565429687499997,1.781173706054687,0.7449365234374999,0.6318359749999996,0.07656250000000009,2.2815094369140625,0.7145166015625,1.649673461914063,0.6379541015624999,0.5362897104515764,0.12415608723958332,0.4966965884473817,0.10632568359374998,0.3158670174330729
680,uooIiW6dEyg$_$5,zero,A,False,0.1,35,4,0.98437504,0.6356119841337203,0.21972660249999998,0.07421875,0.09045414156249998,0.03349609375,0.1292724609375,0.04072265625,0.3349609775,0.05625000000000002,0.47783207124999993,0.09492187499999999,0.14287109374999996,0.03867187499999997,0.13132426601677546,0.006787109375,0.14513873554866283,0.0064453124999999944,0.07242385586010958
680,uooIiW6dEyg$_$5,zero,A,False,0.2,35,7,0.98437504,0.6356119841337203,0.337890665,0.10664062500000004,0.12880863374999993,0.043183593750000006,0.20908203125000005,0.06345703125000005,0.2548828525,0.046875,0.46538089937499993,0.1026171875,0.21049804687499996,0.0557421875,0.21240056924790657,0.010576171875000007,0.21383905979162185,0.009290364583333334,0.11152654137446544
680,uooIiW6dEyg$_$5,zero,A,False,0.3,35,11,0.98437504,0.6356119841337203,0.474609415,0.13398437499999993,0.19909671968749992,0.06478515624999998,0.27551269531250006,0.06919921874999996,0.15722660249999998,0.03749999999999998,0.41508793062499993,0.0968359375,0.25786132812499996,0.05933593750000002,0.27988561699703707,0.011533203124999994,0.2619540883227917,0.00988932291666667,0.14081555784037386
681,v2Rr-EsJda8$_$0,zero,T,False,0.1,10,1,1.704833947,0.18053385913372036,0.04675623017260744,0.029492187500000017,0.13728099900195315,0.020058593750000003,-0.09052476882934571,0.009433593750000014,1.5261230095,0.19941406250000002,1.3715819938750002,0.15677734375,-0.15454101562499978,-0.042636718750000024,-0.05309884630687695,0.0015722656250000023,-0.09064866713164567,-0.007106119791666671,-0.03732034190129732
681,v2Rr-EsJda8$_$0,zero,T,False,0.2,10,2,1.704833947,0.18053385913372036,0.07165523606250002,0.046289062500000006,0.1513917549223633,0.03683105468750002,-0.07973651885986327,0.009458007812499988,1.21606441575,0.11484375,1.1719237907500002,0.10759765624999998,-0.04414062499999982,-0.0072460937500000155,-0.04677081438304378,0.0015763346354166648,-0.02589143604644786,-0.0012076822916666692,-0.01807339952143541
681,v2Rr-EsJda8$_$0,zero,T,False,0.3,10,3,1.704833947,0.18053385913372036,0.20385738450000002,0.042871093750000006,0.2629090650648804,0.03487304687500001,-0.05905168056488036,0.007998046874999998,0.92114254075,0.05078125,0.8332030876250002,0.033100585937499996,-0.08793945312499984,-0.017680664062500004,-0.03463776987255785,0.0013330078124999996,-0.05158238530935033,-0.0029467773437500005,-0.021958481178289545
682,v2Rr-EsJda8$_$6,zero,T,False,0.1,12,2,2.8466796399999996,1.3918619841337203,1.3547362806249996,0.5171874999999999,0.1968200208593746,0.10027343750000002,1.157916259765625,0.4169140624999999,0.08593754750000038,0.0078125,1.3797301818593746,0.48960937499999996,1.2937926343593742,0.48179687499999996,0.40676015549310973,0.06948567708333332,0.4544916687104649,0.08029947916666666,0.25275924511339365
682,v2Rr-EsJda8$_$6,zero,T,False,0.2,12,3,2.8466796399999996,1.3918619841337203,2.0668944837499996,0.760546875,0.09957270640624963,0.09355468750000002,1.96732177734375,0.6669921874999999,0.2758789537500004,0.08750000000000013,1.4758010436757807,0.5312499999999999,1.1999220899257803,0.44374999999999976,0.6910932507496697,0.11116536458333331,0.42151622948676826,0.07395833333333329,0.32443329453827613
682,v2Rr-EsJda8$_$6,zero,T,False,0.3,12,4,2.8466796399999996,1.3918619841337203,2.8730468274999996,0.91484375,0.31152491587890585,0.146484375,2.5615219116210937,0.768359375,0.21972661000000038,0.07187500000000013,1.0896926547382813,0.3869921875000001,0.8699660447382809,0.31511718749999995,0.8998276363101602,0.12805989583333333,0.30560718069810633,0.052519531249999994,0.3465035610229
683,v9gjg7TDlTA$_$0,zero,T,False,0.1,16,2,1.98632808,-0.6315755158662797,0.754302933515625,0.13710937499999998,-0.05941776960937495,0.07650390625000006,0.813720703125,0.06060546874999992,0.11743168562499995,0.51875,1.3845321205273438,0.07160156250000001,1.2671004349023438,-0.44714843750000005,0.40966057000232814,0.01010091145833332,0.6379106300464291,-0.07452473958333335,0.2457868429809393
683,v9gjg7TDlTA$_$0,zero,T,False,0.2,16,4,1.98632808,-0.6315755158662797,0.915191605390625,0.1328125,0.010438492597656302,0.11802734375000004,0.9047531127929688,0.014785156249999959,0.30883793562499995,0.49140625000000004,0.9203094077421875,0.16251953125000002,0.6114714721171876,-0.32888671875000003,0.4554900403476793,0.0024641927083333265,0.3078399638176709,-0.054814453125,0.1777449359371709
683,v9gjg7TDlTA$_$0,zero,T,False,0.3,16,5,1.98632808,-0.6315755158662797,1.039337113203125,0.14101562499999998,0.14391932755859377,0.12376953125000001,0.8954177856445313,0.01724609374999997,0.38037113874999995,0.46875,0.685675030828125,0.20806640625000003,0.305303892078125,-0.26068359374999994,0.4507902515551609,0.002874348958333328,0.15370257383440464,-0.04344726562499999,0.14097997718072472
684,v9gjg7TDlTA$_$4,zero,T,False,0.1,20,2,3.0878907,-1.0339192658662797,0.3896485125,0.13984374999999993,0.058398512499999986,0.052734375000000014,0.33125,0.08710937499999992,2.40771491875,0.475,3.1589524065429693,0.6837402343750001,0.7512374877929693,0.2087402343750001,0.10727383994717171,0.014518229166666653,0.2432849208386969,0.03479003906250002,0.09996675725375881
684,v9gjg7TDlTA$_$4,zero,T,False,0.2,20,4,3.0878907,-1.0339192658662797,0.95751960625,0.2890625,0.15083015312499998,0.0806640625,0.806689453125,0.2083984375,1.2314453875,0.03281250000000013,2.634300306933594,0.49796874999999996,1.4028549194335942,0.4651562499999998,0.26124279330295164,0.03473307291666667,0.4543083293476886,0.07752604166666664,0.2069525593084934
684,v9gjg7TDlTA$_$4,zero,T,False,0.3,20,6,3.0878907,-1.0339192658662797,0.98193366875,0.24843749999999998,0.21564948906249998,0.10316406250000001,0.7662841796875,0.14527343749999996,0.97802741875,0.07734375000000004,2.100326613085938,0.38028320312499997,1.122299194335938,0.3029394531249999,0.24815772511953704,0.024212239583333326,0.36345160496915674,0.050489908854166654,0.17157786963154842
685,vHzbn_YW76s$_$3,zero,T,False,0.1,19,2,1.61108396,-0.21438801586627967,0.289062475625,0.08291015625,0.02619626468749998,0.03900878906250001,0.2628662109375,0.0439013671875,1.3616943115625,0.03632812499999999,1.8776092285546881,0.2690123748779297,0.5159149169921882,0.23268424987792974,0.16316098620739408,0.00731689453125,0.3202282497827974,0.03878070831298829,0.13237170970860745
685,vHzbn_YW76s$_$3,zero,T,False,0.2,19,4,1.61108396,-0.21438801586627967,0.7340087646875,0.17487792968750002,0.13692624515625001,0.07489746093750001,0.5970825195312499,0.09998046875000001,0.620605444375,0.19804687500000004,1.6478118652734373,0.2281152629852295,1.0272064208984373,0.030068387985229456,0.3706089587797095,0.016663411458333336,0.637586748310553,0.005011397997538243,0.2574676291365335
685,vHzbn_YW76s$_$3,zero,T,False,0.3,19,6,1.61108396,-0.21438801586627967,1.102050756875,0.27680664062500004,0.20666348880859378,0.08953674316406249,0.8953872680664062,0.18726989746093756,0.12194821781249998,0.35820312500000007,1.3581886047753904,0.1881201171875,1.2362403869628904,-0.17008300781250008,0.5557666357126233,0.031211649576822927,0.7673340746492292,-0.028347167968750014,0.3314912979924814
686,vU0a4F36Ksw$_$13,zero,T,False,0.1,31,4,0.6938476400000001,0.24908854663372035,0.1665038900000001,0.024414062500000028,0.09079588218750008,0.010136718750000006,0.07570800781250002,0.014277343750000022,0.4260253743750001,0.0033203125000000056,0.554345686875,0.07622070312500002,0.12832031249999987,0.07290039062500002,0.10911314578998095,0.0023795572916666704,0.18493992075850987,0.01215006510416667,0.07714567223608104
686,vU0a4F36Ksw$_$13,zero,T,False,0.2,31,7,0.6938476400000001,0.24908854663372035,0.2675781087500001,0.04785156250000003,0.11027830406250008,0.013173828124999998,0.15729980468750002,0.03467773437500003,0.1943359212500001,0.02265624999999999,0.4277343587500001,0.06473632812500002,0.2333984375,0.04208007812500003,0.22670622325857695,0.005779622395833339,0.3363823520645655,0.007013346354166672,0.1439703860182856
686,vU0a4F36Ksw$_$13,zero,T,False,0.3,31,10,0.6938476400000001,0.24908854663372035,0.3388671712500001,0.06738281250000003,0.1613281087500001,0.026083984375,0.1775390625,0.04129882812500003,0.0607909993750001,0.04179687500000001,0.29943846031250015,0.04287109374999999,0.23864746093750006,0.0010742187499999806,0.25587578077547285,0.006883138020833338,0.34394743634216823,0.0001790364583333301,0.1517213478992019
687,vU0a4F36Ksw$_$12,zero,A,False,0.1,22,3,0.034179699999999924,0.5055338591337204,0.2797851687499999,0.08906250000000004,0.15390626249999997,0.05281250000000004,0.12587890624999995,0.036250000000000004,0.6679687624999999,0.2357421875000001,0.7493652468749998,0.2541699218750001,0.08139648437499991,0.018427734375000004,3.682748049337791,0.006041666666666667,2.381358028799881,0.003071289062500001,1.5183047584667095
687,vU0a4F36Ksw$_$12,zero,A,False,0.2,22,5,0.034179699999999924,0.5055338591337204,0.4677734499999999,0.1419921875000001,0.22609864531249996,0.08086914062500003,0.24167480468749997,0.06112304687500006,0.5410156374999999,0.20488281250000007,0.7096191531249998,0.23755859375000005,0.16860351562499987,0.03267578124999998,7.070504837159581,0.010187174479166677,4.932711021863222,0.005445963541666664,3.004712249260909
687,vU0a4F36Ksw$_$12,zero,A,False,0.3,22,7,0.034179699999999924,0.5055338591337204,0.5693359499999999,0.18320312500000002,0.3035888796875,0.10449218750000004,0.26574707031249994,0.07871093749999998,0.4399414187499999,0.1630859375,0.6551757937499998,0.22283203125,0.21523437499999987,0.05974609375000001,7.774769689108196,0.01311848958333333,6.296956323305267,0.009957682291666667,3.523700546072116
688,vU0a4F36Ksw$_$17,zero,T,False,0.1,16,2,0.97412106,0.22194010913372034,0.30566402875,0.04296874999999997,0.06589352093749996,0.009843750000000009,0.23977050781250003,0.03312499999999996,0.413818325625,0.0031250000000000167,0.7884277006249999,0.09645507812500001,0.3746093749999999,0.093330078125,0.2461401067259477,0.005520833333333326,0.3845610220550799,0.015555013020833333,0.16294424378379857
688,vU0a4F36Ksw$_$17,zero,T,False,0.2,16,4,0.97412106,0.22194010913372034,0.3872069975,0.04960937500000004,0.16074215374999995,0.01885742187500001,0.22646484375000003,0.03075195312500003,0.23144527874999998,0.010156250000000006,0.5450561185937499,0.06154296875000002,0.31361083984374993,0.05138671875000001,0.2324809724050393,0.005125325520833338,0.3219420365490439,0.008564453125000001,0.14202819689997914
688,vU0a4F36Ksw$_$17,zero,T,False,0.3,16,5,0.97412106,0.22194010913372034,0.39062496625,0.049414062499999994,0.18048092328124996,0.021230468750000016,0.21014404296875003,0.02818359374999998,0.20117184124999998,0.01171875,0.48880611859374995,0.05895507812500002,0.28763427734374997,0.04723632812500002,0.2157266030591177,0.004697265624999996,0.29527539633354566,0.00787272135416667,0.13089299659295753
689,vU0a4F36Ksw$_$0,zero,T,False,0.1,48,5,3.0126953,1.2606119841337204,0.47888182343749985,0.18125000000000013,0.060522448437499855,0.019960937500000032,0.418359375,0.1612890625000001,1.0505370968749999,0.3125000000000001,2.1122863644531242,0.7039941406250001,1.0617492675781244,0.391494140625,0.1388654326026822,0.026881510416666685,0.35242492500094497,0.0652490234375,0.14585522286444846
689,vU0a4F36Ksw$_$0,zero,T,False,0.2,48,10,3.0126953,1.2606119841337204,0.8531799191406249,0.3070312500000001,0.14270018281249985,0.04070312500000004,0.710479736328125,0.266328125,0.6110839718749999,0.15312500000000018,1.5915038937500001,0.5119726562500001,0.9804199218750003,0.3588476562499999,0.23582852885905725,0.04438802083333334,0.3254293908997732,0.05980794270833332,0.16636347082512426
689,vU0a4F36Ksw$_$0,zero,T,False,0.3,48,15,3.0126953,1.2606119841337204,1.1918945187499999,0.41875000000000007,0.24963377656249985,0.07335937500000006,0.9422607421875,0.345390625,0.39624022187499985,0.07968750000000013,1.1782806271484376,0.3759179687500001,0.7820404052734378,0.29623046875,0.31276326863331694,0.057565104166666665,0.25958155997119187,0.049371744791666665,0.16982041939071052
690,vU0a4F36Ksw$_$3,zero,T,False,0.1,6,1,2.59716797,1.2113932341337204,0.8092041028125001,0.28515625,0.1734008801562501,0.08531250000000004,0.63580322265625,0.19984374999999996,0.2304687512500001,0.07656250000000009,1.5146179211718753,0.489375,1.2841491699218752,0.4128124999999999,0.24480626020117974,0.03330729166666666,0.49444190376334085,0.06880208333333332,0.21033938474113018
690,vU0a4F36Ksw$_$3,zero,T,False,0.2,6,2,2.59716797,1.2113932341337204,1.5450439465625,0.533203125,0.3292175305468751,0.130546875,1.215826416015625,0.40265625,0.0620117174999999,0.03359375000000009,1.1564025891406253,0.38279296874999996,1.0943908716406254,0.3491992187499999,0.4681352773191437,0.067109375,0.4213783871138062,0.05819986979166664,0.2537057273061541
690,vU0a4F36Ksw$_$3,zero,T,False,0.3,6,2,2.59716797,1.2113932341337204,1.5450439465625,0.533203125,0.3260498059375001,0.12644531249999996,1.218994140625,0.40675781250000004,0.0620117174999999,0.03359375000000009,1.0664062512500003,0.3537109375,1.0043945337500004,0.3201171874999999,0.4693549610000923,0.06779296875,0.38672668022442924,0.05335286458333332,0.24430686863946371
691,vU0a4F36Ksw$_$5,zero,V,False,0.1,28,3,0.22180176,0.12037760913372034,0.08020019749999999,0.05595703125000001,0.05651245335937498,0.05425292968750002,0.02368774414062501,0.0017041015624999906,0.37561035374999996,0.27070312500000004,0.40344238499999996,0.27619140625000005,0.02783203125,0.0054882812500000044,0.1067964354484363,0.00028401692708333176,0.12548099604351182,0.0009147135416666674,0.05836904049017453
691,vU0a4F36Ksw$_$5,zero,V,False,0.2,28,6,0.22180176,0.12037760913372034,0.162963869375,0.10019531250000002,0.1250000021875,0.10265625,0.0379638671875,-0.0024609374999999822,0.31457519749999996,0.24882812500000004,0.35634765843749994,0.250615234375,0.04177246093749998,0.0017871093749999567,0.17116048144531656,-0.00041015624999999706,0.1883315651144286,0.0002978515624999928,0.0898449354680613
691,vU0a4F36Ksw$_$5,zero,V,False,0.3,28,9,0.22180176,0.12037760913372034,0.2325439475,0.1412109375,0.17803955296875,0.13761718750000002,0.05450439453125,0.003593749999999979,0.2481689475,0.21640625,0.31962890843749997,0.22992187500000005,0.07145996093749998,0.013515625000000059,0.2457336172518773,0.0005989583333333298,0.32217796089417455,0.0022526041666666766,0.14269078516151298
692,vU0a4F36Ksw$_$7,zero,V,False,0.1,19,2,0.5185546999999999,0.24440104663372034,0.015625012499999924,0.0029296875,0.001293957812499924,0.007070312500000004,0.0143310546875,-0.004140625000000004,0.19042967500000008,0.1646484375,0.15988768281250004,0.15052734375,-0.030541992187500033,-0.014121093750000008,0.027636480878524723,-0.0006901041666666673,-0.05889819008353401,-0.0023535156250000014,-0.008576332249168988
692,vU0a4F36Ksw$_$7,zero,V,False,0.2,19,4,0.5185546999999999,0.24440104663372034,0.033691418749999924,0.0064453124999999944,-0.008984362500000075,0.019257812500000016,0.04267578125,-0.012812500000000022,0.14355467500000008,0.13457031250000004,0.09833983125000008,0.11228515625000002,-0.04521484375,-0.02228515625000002,0.08229739109993392,-0.0021354166666666704,-0.08719380338505583,-0.0037141927083333367,-0.0026865054150304797
692,vU0a4F36Ksw$_$7,zero,V,False,0.3,19,6,0.5185546999999999,0.24440104663372034,0.041015637499999924,0.015624999999999972,-0.001708971875000076,0.02809570312500002,0.042724609375,-0.012470703125000048,0.09374998750000008,0.09980468750000002,0.05900877656250007,0.08481445312500001,-0.0347412109375,-0.014990234375000008,0.0823915528746478,-0.002078450520833341,-0.0669961027089279,-0.002498372395833335,0.0027046568122633054
693,vU0a4F36Ksw$_$20,zero,T,False,0.1,4,1,0.17407226000000003,0.05182292163372034,0.028198236562500034,0.028027343749999996,-0.16991577710937497,0.04232177734375,0.198114013671875,-0.014294433593750003,0.9490966853125,0.0201171875,0.5688735995664062,0.056402587890625,-0.38022308574609387,0.036285400390625,1.1381071031350534,-0.0023824055989583337,-2.1842704947680867,0.006047566731770833,-0.2606245576250552
693,vU0a4F36Ksw$_$20,zero,T,False,0.2,4,1,0.17407226000000003,0.05182292163372034,0.028198236562500034,0.028027343749999996,-0.15941162671874998,0.04549072265625001,0.18760986328125,-0.017463378906250014,0.9490966853125,0.0201171875,0.5296325711718752,0.06778564453125,-0.4194641141406248,0.04766845703124999,1.0777638293282379,-0.002910563151041669,-2.409698733398942,0.007944742838541666,-0.33172518109580107
693,vU0a4F36Ksw$_$20,zero,T,False,0.3,4,2,0.17407226000000003,0.05182292163372034,-0.033569341562499966,0.07724609375000001,-0.16669617261718747,0.08475952148437499,0.1331268310546875,-0.007513427734374981,0.34204102124999997,0.12265625,0.3338226363359375,0.08632934570312499,-0.00821838491406246,-0.036326904296875004,0.7647747336649379,-0.0012522379557291634,-0.04721221923495003,-0.006054484049479167,0.17756394810619489
694,vbr3EA8cJTI$_$0,zero,T,False,0.1,19,2,3.2314453,1.3293619841337203,0.41333006562499985,0.15937500000000004,0.08537596406249985,0.03308593749999996,0.3279541015625,0.12628906250000008,0.7314452999999999,0.23906249999999996,1.3659759396484374,0.46931640625000004,0.6345306396484376,0.23025390625000008,0.1014883340510718,0.021048177083333345,0.19636118961606683,0.03837565104166668,0.08931833794803466
694,vbr3EA8cJTI$_$0,zero,T,False,0.2,19,4,3.2314453,1.3293619841337203,0.7081298703124999,0.27812499999999996,0.14625242890624984,0.047851562499999944,0.56187744140625,0.2302734375,0.48046873749999985,0.1421874999999999,1.1606231564453124,0.39974609375,0.6801544189453126,0.25755859375000006,0.17387800670128728,0.038378906250000004,0.210479876749093,0.04292643229166668,0.11641580549801175
694,vbr3EA8cJTI$_$0,zero,T,False,0.3,19,6,3.2314453,1.3293619841337203,0.9891662472656249,0.3765624999999999,0.28524168671874983,0.10062499999999992,0.703924560546875,0.2759375,0.28613279999999985,0.06874999999999987,0.7911224240234376,0.2671093749999999,0.5049896240234377,0.19835937500000006,0.21783575996508903,0.045989583333333334,0.1562735620961542,0.033059895833333346,0.11328970030697746
695,vbr3EA8cJTI$_$2,zero,T,False,0.1,25,3,3.0976562999999997,-1.0534505158662797,5.0439453625,1.91171875,1.1136475109375,0.4013671875,3.9302978515625,1.5103515625,2.6299171947753903,0.65703125,4.908819630078124,1.64314453125,2.278902435302734,0.98611328125,1.2687968586978617,0.25172526041666665,0.7356857827051217,0.16435221354166665,0.6051400288403291
695,vbr3EA8cJTI$_$2,zero,T,False,0.2,25,5,3.0976562999999997,-1.0534505158662797,4.94970708125,1.76796875,1.0046875499999999,0.33330078124999996,3.94501953125,1.4346679687500001,2.3781128429687497,0.587890625,5.00163121455078,1.6854296874999999,2.6235183715820307,1.0975390624999999,1.273549379155015,0.23911132812500002,0.8469362868455561,0.1829231770833333,0.6356300428022261
695,vbr3EA8cJTI$_$2,zero,T,False,0.3,25,8,3.0976562999999997,-1.0534505158662797,5.02099614375,1.7796875,1.56103520625,0.5063671875,3.4599609375,1.2733203125,1.8142090343749997,0.4273437499999999,4.7211121105468745,1.6090429687499999,2.906903076171875,1.18169921875,1.1169605293329252,0.21222005208333336,0.9384198426894657,0.19694986979166665,0.6161375734743477
696,vbr3EA8cJTI$_$7,zero,A,False,0.1,22,3,0.6008300799999999,0.47545573413372033,0.25854492374999993,0.08476562499999996,0.14636230656249988,0.04978515624999998,0.11218261718750006,0.03498046874999997,0.5095214862499999,0.125,0.6201293964062499,0.16304687499999998,0.11060791015624993,0.03804687499999998,0.18671240706705797,0.005830078124999995,0.18409152561856476,0.00634114583333333,0.09574378916098902
696,vbr3EA8cJTI$_$7,zero,A,False,0.2,22,5,0.6008300799999999,0.47545573413372033,0.40112304874999993,0.13671875,0.21566162296874988,0.07052734374999999,0.18546142578125005,0.06619140625000001,0.43847656437499993,0.09765625,0.5898559589062499,0.15778320312499997,0.15137939453124993,0.060126953124999966,0.30867482051902184,0.011031901041666669,0.2519500065330341,0.010021158854166662,0.1454194717369723
696,vbr3EA8cJTI$_$7,zero,A,False,0.3,22,7,0.6008300799999999,0.47545573413372033,0.5358886737499999,0.17734375000000002,0.3038085956249999,0.09453124999999998,0.23208007812500003,0.08281250000000004,0.34277343937499993,0.07187500000000002,0.5345214862499998,0.14798828124999996,0.1917480468749999,0.07611328124999994,0.38626510154068605,0.01380208333333334,0.3191380294025401,0.01268554687499999,0.18297269028788987
697,vbr3EA8cJTI$_$6,zero,T,False,0.1,28,3,2.71264648,1.1817057341337203,0.3891296342968751,0.1304687499999999,0.034765620625000083,0.019101562500000037,0.354364013671875,0.11136718749999988,0.4116210893750001,0.039843749999999956,1.0471237138867189,0.2669531249999999,0.6355026245117188,0.22710937499999995,0.1306340083938496,0.018561197916666647,0.23427394425453274,0.03785156249999999,0.10533017826626224
697,vbr3EA8cJTI$_$6,zero,T,False,0.2,28,6,2.71264648,1.1817057341337203,0.6135253862500001,0.19609374999999996,0.1584503130078126,0.046679687499999956,0.4550750732421875,0.1494140625,0.14331054250000008,0.03906250000000022,0.6736083940625001,0.14265624999999993,0.5302978515625,0.1035937499999997,0.16776049103224702,0.02490234375,0.19549088315836008,0.01726562499999995,0.10135483573515176
697,vbr3EA8cJTI$_$6,zero,T,False,0.3,28,9,2.71264648,1.1817057341337203,0.7181396440625001,0.2164062499999999,0.17844848195312507,0.049804687499999965,0.539691162109375,0.16660156249999994,0.03466796437500008,0.06250000000000022,0.5850601152539063,0.13390624999999995,0.5503921508789062,0.07140624999999973,0.19895366651525798,0.027766927083333323,0.20289851701589556,0.01190104166666662,0.11038003807028837
698,wF8980oGklk$_$24,zero,T,False,0.1,22,3,1.80493163,0.7363932341337204,0.79467772375,0.23828125,0.01980589757812501,0.03345703124999999,0.774871826171875,0.20482421875,0.05068968664062501,0.00390625,1.2600829971874998,0.416572265625,1.2093933105468748,0.412666015625,0.4293078939859794,0.03413736979166667,0.6700490037386464,0.06877766927083333,0.30056798419678143
698,wF8980oGklk$_$24,zero,T,False,0.2,22,5,1.80493163,0.7363932341337204,1.0773925675,0.32695312500000007,0.17894438634765625,0.0655859375,0.8984481811523437,0.2613671875000001,0.02230836023437499,0.0390625,0.9074828995312497,0.28380371093750006,0.8851745392968747,0.24474121093750006,0.4977738039742479,0.04356119791666668,0.4904197112868832,0.04079020182291668,0.2681362287501787
698,wF8980oGklk$_$24,zero,T,False,0.3,22,7,1.80493163,0.7363932341337204,1.1730956925,0.353125,0.18373946081054687,0.07652343750000001,0.9893562316894531,0.2766015625,0.014953623906249991,0.03125,0.8976867569531249,0.27271484375,0.882733133046875,0.24146484375,0.5481402547913675,0.04610026041666667,0.48906708116129244,0.040244140625,0.28088793424858166
699,wF8980oGklk$_$25,zero,T,False,0.1,10,1,3.2373046600000004,1.3621744841337204,0.2897948943750004,0.13749999999999996,0.07962643734375038,0.030000000000000006,0.21016845703125,0.10749999999999996,1.3531493865625004,0.5007812500000001,2.0667785369531253,0.7783789062500001,0.7136291503906249,0.27759765625,0.06492079497715701,0.01791666666666666,0.2204392248801816,0.046266276041666665,0.08738574064141799
699,wF8980oGklk$_$25,zero,T,False,0.2,10,2,3.2373046600000004,1.3621744841337204,0.3210448943750004,0.14140624999999996,0.14340817562500038,0.05476562500000004,0.17763671875,0.08664062499999992,1.1663818084375004,0.41718750000000004,1.7933013641015627,0.6611718750000002,0.6269195556640623,0.24398437500000014,0.054871778388080904,0.014440104166666653,0.19365473066391334,0.04066406250000002,0.07590766892966523
699,wF8980oGklk$_$25,zero,T,False,0.3,10,3,3.2373046600000004,1.3621744841337204,0.5549316131250004,0.22265625,0.2852660857812504,0.11277343750000006,0.26966552734375,0.10988281249999994,0.7084960662500004,0.26093750000000004,1.1923400603906251,0.4347851562500001,0.48384399414062473,0.17384765625000004,0.08329937165826656,0.018313802083333323,0.149458854046122,0.028974609375000005,0.07001165929068047
700,wF8980oGklk$_$1,zero,T,False,0.1,7,1,0.7375488699999999,0.10143229663372035,0.3273926199999999,0.063671875,0.2116821707812499,0.045979003906249996,0.11571044921875001,0.017692871093750007,0.6896973074999999,0.22871093750000004,0.9239014090625,0.3193359375,0.23420410156250004,0.09062499999999996,0.15688491575322225,0.0029488118489583346,0.3175434110814772,0.01510416666666666,0.12312032633758112
700,wF8980oGklk$_$1,zero,T,False,0.2,7,2,0.7375488699999999,0.10143229663372035,0.6809082449999999,0.19785156250000002,0.35603031531249985,0.09166503906250002,0.32487792968750007,0.1061865234375,0.3083496512499999,0.05390625,0.6856689871874998,0.22672851562500002,0.3773193359374999,0.17282226562500003,0.4404826614470152,0.01769775390625,0.5115848450186832,0.028803710937500004,0.2496422428273621
700,wF8980oGklk$_$1,zero,T,False,0.3,7,3,0.7375488699999999,0.10143229663372035,0.8088379324999999,0.25566406250000007,0.46809086218749985,0.12803955078125,0.34074707031250007,0.12762451171875006,0.1743164481249999,0.01953125,0.5277100028124998,0.17361328125000006,0.3533935546874999,0.15408203125000006,0.46199868533974536,0.02127075195312501,0.47914530130349003,0.025680338541666677,0.24702376928450676
701,wF8980oGklk$_$0,zero,T,False,0.1,18,2,0.88134766,0.17389323413372035,0.15917969124999998,0.012500000000000011,0.08742676156249996,0.007416992187499999,0.07175292968750002,0.005083007812500012,1.1132812537499999,0.16601562500000003,1.2045654334374998,0.18197265625,0.09128417968749991,0.015957031249999976,0.08141264966296088,0.000847167968750002,0.1035732892445765,0.0026595052083333293,0.04712315302115518
701,wF8980oGklk$_$0,zero,T,False,0.2,18,4,0.88134766,0.17389323413372035,0.34082031625,0.016210937499999994,0.19199219124999994,0.0120751953125,0.14882812500000003,0.004135742187499994,0.79589844125,0.10859374999999996,0.8975341834374998,0.1190625,0.10163574218749982,0.01046875000000004,0.16886407361191202,0.0006892903645833323,0.11531842822283274,0.0017447916666666733,0.0716541459664987
701,wF8980oGklk$_$0,zero,T,False,0.3,18,6,0.88134766,0.17389323413372035,0.56542969125,0.05078125,0.2732666053125,0.016542968749999998,0.29216308593749996,0.03423828125,0.45117187875,0.036523437500000006,0.7522216834374997,0.09170898437500001,0.30104980468749976,0.055185546875000005,0.33149546734149454,0.005706380208333334,0.34157855835112944,0.009197591145833335,0.17199449926169763
702,wF8980oGklk$_$3,zero,T,False,0.1,17,2,1.4801025,-0.11165364086627967,0.0634765234375001,0.02675781249999999,-0.09418491455078115,0.018386230468749997,0.15766143798828125,0.008371582031249995,1.2916259375,0.28457031250000003,1.1639525976562504,0.24170288085937502,-0.12767333984374973,-0.04286743164062501,0.10652054939960702,0.001395263671874999,-0.08625973781140962,-0.007144571940104168,0.003627875829992056
702,wF8980oGklk$_$3,zero,T,False,0.2,17,4,1.4801025,-0.11165364086627967,-0.1652832421874999,0.05502929687500001,-0.1428802880859374,0.024663085937500002,-0.02240295410156251,0.030366210937500006,0.7491454687500001,0.11068115234375,0.8448546972656252,0.18313323974609377,0.09570922851562513,0.07245208740234377,-0.015136072647326698,0.005061035156250001,0.06466387554358538,0.012075347900390629,0.01666604648822483
702,wF8980oGklk$_$3,zero,T,False,0.3,17,6,1.4801025,-0.11165364086627967,0.0291747656250001,0.08811035156250001,-0.0346405419921874,0.04582183837890626,0.0638153076171875,0.04228851318359375,0.2937011328125001,0.024121093750000003,0.4584289160156251,0.1140106201171875,0.16472778320312498,0.0898895263671875,0.04311543592538461,0.007048085530598959,0.1112947731041275,0.014981587727864584,0.044109970571993916
703,wF8980oGklk$_$2,zero,T,False,0.1,5,1,3.2783203,-1.2214192658662797,1.0126952999999999,0.42265624999999996,0.22499998749999986,0.14015624999999998,0.7876953125,0.2825,1.9942626828124999,0.20390624999999996,3.3727844113281242,0.7892968750000001,1.3785217285156244,0.5853906250000002,0.24027398183942497,0.04708333333333333,0.42049622424611777,0.0975651041666667,0.2013546608963857
703,wF8980oGklk$_$2,zero,T,False,0.2,5,1,3.2783203,-1.2214192658662797,1.0126952999999999,0.42265624999999996,0.13281248749999985,0.072890625,0.8798828125,0.34976562499999997,1.9942626828124999,0.20390624999999996,3.281332384960937,0.75146484375,1.287069702148437,0.54755859375,0.2683943189155987,0.05829427083333333,0.3926002317553307,0.091259765625,0.2026371467823157
703,wF8980oGklk$_$2,zero,T,False,0.3,5,2,3.2783203,-1.2214192658662797,1.7314452999999999,0.47265625,0.588085925,0.14355468750000008,1.1433593749999997,0.3291015624999999,0.42089842499999985,0.09375,1.8896636837890621,0.4955273437499999,1.4687652587890623,0.4017773437499999,0.348763672126951,0.05485026041666665,0.44802358414017024,0.06696289062499998,0.22965010182719695
704,wF8980oGklk$_$6,zero,T,False,0.1,24,3,0.7822265500000001,0.45006510913372033,0.8115234250000001,0.2140625,-0.09462891874999993,0.034238281250000016,0.90615234375,0.17982421875,0.6242675906249999,0.267578125,0.5446411020312503,0.1695751953125,-0.07962648859374966,-0.09800292968749999,1.158425503870325,0.029970703124999998,-0.10179453356475318,-0.01633382161458333,0.2675669629539971
704,wF8980oGklk$_$6,zero,T,False,0.2,24,5,0.7822265500000001,0.45006510913372033,0.8657226437500001,0.24208984374999998,0.025915514843750077,0.05646484375000001,0.83980712890625,0.18562499999999998,0.6591796999999999,0.288671875,0.37835692859375003,0.11468261718749999,-0.2808227714062499,-0.17398925781250002,1.0736097557625652,0.030937499999999996,-0.3590039386956517,-0.02899820963541667,0.17913627685787423
704,wF8980oGklk$_$6,zero,T,False,0.3,24,8,0.7822265500000001,0.45006510913372033,0.7636718625000001,0.20234375,0.09523924531250008,0.05704101562499999,0.6684326171875,0.145302734375,0.4829101687499999,0.20429687500000004,0.27823485828125005,0.07404296875,-0.20467531046874987,-0.13025390625000005,0.8545245142382162,0.024217122395833332,-0.261656995421281,-0.021708984375000007,0.1488439142094421
705,wF8980oGklk$_$17,zero,T,False,0.1,23,3,3.4794922,1.4168619841337204,0.38916016875000015,0.17265624999999996,0.017285168750000145,0.01105468749999997,0.371875,0.1616015625,0.7768554812500001,0.1781250000000001,1.8215957766601565,0.5258398437499999,1.0447402954101563,0.34771484374999984,0.1068761967978555,0.02693359375,0.30025645556949393,0.057952473958333306,0.12300468001892069
705,wF8980oGklk$_$17,zero,T,False,0.2,23,5,3.4794922,1.4168619841337204,0.6848144656250001,0.2718750000000001,0.08979493437500015,0.031406250000000024,0.59501953125,0.24046875000000006,0.49267579375000015,0.10000000000000009,1.2963638430664062,0.37277343750000014,0.803688049316406,0.27277343750000005,0.1710075281221989,0.04007812500000001,0.23097847965801627,0.04546223958333334,0.12188159309088713
705,wF8980oGklk$_$17,zero,T,False,0.3,23,7,3.4794922,1.4168619841337204,0.9816894656250001,0.37890625,0.21514893828125015,0.07250000000000004,0.76654052734375,0.30640625,0.28515626250000015,0.03671875000000013,0.9099456912109375,0.26445312500000007,0.6247894287109373,0.22773437499999993,0.22030234959037998,0.05106770833333333,0.17956334236001303,0.03795572916666665,0.12222228236259826
706,wosolsrH3sM$_$6,zero,V,False,0.1,48,5,0.11645507999999999,0.44811198413372033,-0.06542968562500001,0.03671875000000002,-0.08343505671875003,0.044199218750000026,0.018005371093750014,-0.007480468750000004,1.423339841875,0.6835937500000001,1.3981872539843747,0.6715625,-0.025152587890625355,-0.01203125000000016,0.15461082919629457,-0.0012467447916666673,-0.21598346681964015,-0.00200520833333336,-0.0161561476870864
706,wosolsrH3sM$_$6,zero,V,False,0.2,48,10,0.11645507999999999,0.44811198413372033,-0.280761716875,0.15664062499999998,-0.22661132625000002,0.12476562499999995,-0.05415039062499999,0.03187500000000003,1.212402341875,0.6046874999999999,1.2559326153124997,0.6224218749999999,0.0435302734374996,0.01773437499999997,-0.46498551750153355,0.005312500000000005,0.373791333501004,0.0029557291666666616,-0.02073148870846572
706,wosolsrH3sM$_$6,zero,V,False,0.3,48,15,0.11645507999999999,0.44811198413372033,-0.4993896465625,0.27265625000000004,-0.3893188457812501,0.21408203125000003,-0.11007080078124992,0.05857421875000002,0.9926452617968751,0.515625,1.0806091289843747,0.552109375,0.0879638671874996,0.03648437500000001,-0.945170065669821,0.00976236979166667,0.7553394136871137,0.006080729166666669,-0.0434968882560935
707,x-zGBp7axao$_$3,zero,T,False,0.1,48,5,0.254333494,0.19508464038372034,1.1760864236875,0.35849609375,0.21198577671484373,0.06661132812500001,0.9641006469726562,0.291884765625,1.4955444315,0.38115234375000007,2.092224119,0.5521484375,0.5966796875,0.1709960937499999,3.790679871259053,0.0486474609375,2.346043110849133,0.02849934895833332,1.553467448001005
707,x-zGBp7axao$_$3,zero,T,False,0.2,48,10,0.254333494,0.19508464038372034,1.734069822125,0.5178710937500001,0.5560607889218752,0.145810546875,1.1780090332031248,0.37206054687500006,0.9652709939999999,0.16943359374999997,1.9274902322812502,0.5122460937500001,0.9622192382812502,0.3428125000000001,4.631731286921407,0.06201009114583334,3.7832824920761645,0.05713541666666668,2.133539821702518
707,x-zGBp7axao$_$3,zero,T,False,0.3,48,15,0.254333494,0.19508464038372034,1.92767333775,0.5741210937500001,0.7285171487851564,0.16736328125000002,1.1991561889648437,0.4067578125000001,0.5722045877499999,0.012890625000000017,1.85599365025,0.5012109375000001,1.2837890625000001,0.4883203125000001,4.714878308896802,0.06779296875000002,5.047640382196842,0.08138671875000002,2.477924594648411
708,x2lOwQaAn4g$_$4,zero,T,False,0.1,18,2,3.2238769300000003,1.3918619841337203,0.1374511487500003,0.04843749999999991,0.04849851203125031,0.019843749999999927,0.08895263671875,0.028593749999999984,0.6667480237500003,0.14531249999999996,1.0189407117382814,0.23808593749999996,0.3521926879882811,0.0927734375,0.027591812919154166,0.004765624999999997,0.10924504451949923,0.015462239583333334,0.039266180505496684
708,x2lOwQaAn4g$_$4,zero,T,False,0.2,18,4,3.2238769300000003,1.3918619841337203,0.3483886487500003,0.11562499999999987,0.09139401984375031,0.028320312499999944,0.25699462890625,0.08730468749999992,0.3227538831250003,0.059374999999999956,0.7620300061718751,0.19066406249999993,0.4392761230468748,0.13128906249999997,0.07971599250541413,0.014550781249999986,0.1362570582958998,0.021881510416666663,0.06310133561699514
708,x2lOwQaAn4g$_$4,zero,T,False,0.3,18,6,3.2238769300000003,1.3918619841337203,0.4869384534375003,0.15312499999999996,0.1875854260937503,0.05691406249999992,0.29935302734375,0.09621093750000004,0.1909179456250003,0.035937499999999956,0.4888854749218751,0.1242187499999999,0.2979675292968748,0.08828124999999995,0.09285495103834468,0.016035156250000005,0.09242518971457296,0.014713541666666658,0.054007209667396076
709,xUgAP84vsg4$_$15,zero,T,False,0.1,21,3,3.50830076,1.3934244841337204,0.417236306875,0.15625,0.057910135000000015,0.020078125000000023,0.359326171875,0.13617187499999997,0.867919900625,0.2250000000000001,1.7185470368554685,0.4860546875000001,0.8506271362304685,0.2610546875,0.102421683326066,0.022695312499999995,0.24246122324165995,0.043509114583333335,0.10277183341276482
709,xUgAP84vsg4$_$15,zero,T,False,0.2,21,5,3.50830076,1.3934244841337204,0.453857400625,0.15312499999999996,0.13258054515625,0.040156250000000046,0.32127685546875,0.11296874999999991,0.6909179475,0.1875,1.261326577871094,0.3626562500000001,0.570408630371094,0.17515625000000012,0.09157617486950438,0.018828124999999984,0.16258824622061416,0.029192708333333355,0.07554631360586297
709,xUgAP84vsg4$_$15,zero,T,False,0.3,21,7,3.50830076,1.3934244841337204,0.70703122875,0.2328125000000001,0.2835693146875,0.09480468750000004,0.4234619140625,0.13800781250000005,0.39111326,0.10234374999999996,0.8545715119531252,0.2428125000000001,0.4634582519531252,0.14046875000000014,0.12070281949249997,0.02300130208333334,0.13210330343793605,0.023411458333333357,0.07480472083677568
710,xUgAP84vsg4$_$4,zero,T,False,0.1,22,3,2.70690915,1.1067057341337203,0.2907714546875,0.09062499999999996,0.11358792197265624,0.03539062499999997,0.17718353271484374,0.05523437499999999,0.971527069921875,0.1953125,1.2831481636718753,0.29791015624999995,0.31162109375000036,0.10259765624999995,0.06545600810386844,0.009205729166666664,0.11512059007573648,0.01709960937499999,0.0517204841803179
710,xUgAP84vsg4$_$4,zero,T,False,0.2,22,5,2.70690915,1.1067057341337203,0.454254120703125,0.1656249999999999,0.15899807822265624,0.036992187499999954,0.29525604248046877,0.12863281249999997,0.7907714546875,0.1460937499999999,1.1202178658203128,0.2576171874999999,0.3294464111328128,0.11152343749999999,0.10907493271635513,0.02143880208333333,0.12170570609180094,0.01858723958333333,0.06770167011870568
710,xUgAP84vsg4$_$4,zero,T,False,0.3,22,7,2.70690915,1.1067057341337203,0.568969696875,0.1773437499999999,0.2964095772460936,0.06804687499999995,0.27256011962890636,0.10929687499999996,0.6110839546875,0.10078124999999982,0.8744460762695313,0.19626953124999996,0.2633621215820313,0.09548828125000014,0.10069049378270141,0.018216145833333326,0.09729252431301841,0.01591471354166669,0.058028469367679955
711,xUgAP84vsg4$_$8,zero,A,False,0.1,10,1,0.2851562000000001,0.3166666716337203,0.04296870000000008,0.008398437499999911,-0.019775440624999918,0.009492187499999994,0.062744140625,-0.0010937500000000825,0.16894536249999992,0.0673828125,0.11308598749999992,0.05535156250000004,-0.055859375,-0.012031249999999959,0.220033513532185,-0.00018229166666668042,-0.19588975835083242,-0.0020052083333333263,0.005489063795338148
711,xUgAP84vsg4$_$8,zero,A,False,0.2,10,2,0.2851562000000001,0.3166666716337203,0.05078120000000008,0.009960937499999933,-0.02402348749999992,0.010996093750000008,0.0748046875,-0.001035156250000075,0.18652348749999992,0.06816406250000007,0.11542973749999988,0.05338867187500005,-0.07109375000000004,-0.014775390625000016,0.2623278931761147,-0.0001725260416666792,-0.24931423790105958,-0.0024625651041666695,0.002594641032305446
711,xUgAP84vsg4$_$8,zero,A,False,0.3,10,3,0.2851562000000001,0.3166666716337203,0.011718700000000082,0.01171875,-0.03720708124999992,0.015800781250000017,0.04892578125,-0.004082031250000017,0.14160161249999992,0.043164062500000044,0.10781254999999992,0.04460937500000004,-0.033789062499999994,0.001445312499999997,0.1715747708632291,-0.0006803385416666695,-0.1184927559255035,0.00024088541666666616,0.0131606404531814
712,xivYoEUQ5sk$_$5,zero,T,False,0.1,45,5,3.01855474,1.3051432341337204,0.7247314978124999,0.2671874999999999,0.1062622595312499,0.03449218749999996,0.61846923828125,0.23269531249999995,0.9411621618749999,0.2484375000000001,1.8035469580175778,0.5411914062500001,0.8623847961425779,0.29275390625,0.20488912299537326,0.038782552083333324,0.2856945077126778,0.04879231770833333,0.14453962512492943
712,xivYoEUQ5sk$_$5,zero,T,False,0.2,45,9,3.01855474,1.3051432341337204,1.033721976328125,0.37421875000000004,0.2045898962499999,0.06042968749999996,0.829132080078125,0.3137890625000001,0.5864258337499999,0.12968749999999996,1.4037888098242184,0.40755859375,0.8173629760742185,0.27787109375,0.27467840632889057,0.05229817708333335,0.27077948743600755,0.04631184895833334,0.1610169799516412
712,xivYoEUQ5sk$_$5,zero,T,False,0.3,45,14,3.01855474,1.3051432341337204,1.4173584509375,0.47421875,0.3304382849218749,0.09632812499999996,1.086920166015625,0.37789062500000004,0.3417969274999999,0.047656249999999956,1.081611685800781,0.308828125,0.739814758300781,0.26117187500000005,0.36007954122312313,0.06298177083333334,0.24508898361465442,0.043528645833333345,0.17791973537611108
713,xivYoEUQ5sk$_$4,zero,T,False,0.1,26,3,3.5976562999999997,1.5621744841337204,0.4316406749999997,0.19843750000000004,0.1041260265624997,0.04410156249999999,0.3275146484375,0.15433593750000005,1.0744629406249997,0.42578125,1.9568542980468742,0.7559765625000001,0.8823913574218745,0.3301953125000001,0.09103553260548192,0.025722656250000007,0.24526831875339392,0.05503255208333335,0.1042647649230523
713,xivYoEUQ5sk$_$4,zero,T,False,0.2,26,6,3.5976562999999997,1.5621744841337204,0.5976562999999997,0.26249999999999996,0.20930180781249969,0.08910156250000001,0.3883544921875,0.17339843749999995,0.7607422374999997,0.30390625000000004,1.3635925792968748,0.540390625,0.6028503417968751,0.23648437499999997,0.10794649401083867,0.028899739583333323,0.16756747280984077,0.03941406249999999,0.0859569422260032
713,xivYoEUQ5sk$_$4,zero,T,False,0.3,26,8,3.5976562999999997,1.5621744841337204,0.6953125499999997,0.2984374999999999,0.3043945812499997,0.1269140625,0.39091796875,0.1715234374999999,0.6269531749999997,0.25703125000000004,1.065399219921875,0.43078125,0.4384460449218752,0.17374999999999996,0.10865903451949134,0.028587239583333316,0.12186987485491607,0.028958333333333326,0.0720186205727685
714,xjsaS-LeZ14$_$20,zero,T,False,0.1,19,2,0.80786135,0.23834635913372035,0.31030275625000003,0.05468750000000003,0.04301760000000003,0.01402343749999999,0.26728515625,0.040664062500000035,0.622314475,0.1005859375,0.80338136953125,0.04965332031249999,0.1810668945312499,-0.05093261718750001,0.3308548247730569,0.006777343750000006,0.22413087394312892,-0.00848876953125,0.13831856823373395
714,xjsaS-LeZ14$_$20,zero,T,False,0.2,19,4,0.80786135,0.23834635913372035,0.27026369375000003,0.03320312500000003,0.12662355703125003,0.01978515625,0.14364013671875,0.013417968750000026,0.526367209375,0.07343749999999999,0.60047609609375,0.06286132812500002,0.07410888671874993,-0.01057617187499997,0.1778027367146767,0.0022363281250000044,0.09173454700389234,-0.0017626953124999952,0.06750272913276725
714,xjsaS-LeZ14$_$20,zero,T,False,0.3,19,6,0.80786135,0.23834635913372035,0.39038088125000003,0.04218749999999996,0.14369509023437504,0.031059570312499996,0.246685791015625,0.011127929687499965,0.27929689687500003,0.09873046875,0.48801271718749994,0.05145507812500001,0.2087158203124999,-0.04727539062499998,0.30535621695407017,0.0018546549479166608,0.25835567199350223,-0.00787923177083333,0.13942182803116393
715,xjsaS-LeZ14$_$14,zero,V,False,0.1,19,2,0.05273439999999985,0.36373698413372035,0.19726564999999985,0.05117187499999998,0.11118166562499984,0.02942382812499999,0.086083984375,0.02174804687499999,0.7070312749999998,0.21015624999999993,0.747314478125,0.22294921875,0.04028320312500011,0.012792968750000078,1.6323756788608839,0.0036246744791666647,0.763874041440858,0.002132161458333346,0.6005016390598105
715,xjsaS-LeZ14$_$14,zero,V,False,0.2,19,4,0.05273439999999985,0.36373698413372035,0.39843752499999985,0.10468750000000004,0.20673830624999984,0.05599609374999999,0.19169921875,0.048691406250000055,0.5888672124999998,0.173828125,0.7105957281249999,0.20826171875,0.12172851562500009,0.03443359374999999,3.6351145293294556,0.00811523437500001,2.3082884670449153,0.005738932291666665,1.4893142907602595
715,xjsaS-LeZ14$_$14,zero,V,False,0.3,19,6,0.05273439999999985,0.36373698413372035,0.5585937749999998,0.15468749999999998,0.36713869687499995,0.1009765625,0.1914550781249999,0.05371093749999997,0.45605471249999985,0.13007812500000004,0.61923830625,0.17748046874999995,0.16318359375000013,0.04740234374999991,3.630484989684357,0.008951822916666663,3.0943842987822334,0.007900390624999984,1.6854303755020643
716,xjsaS-LeZ14$_$6,zero,V,False,0.1,48,5,1.11633301,0.4492838591337204,0.08813476781249996,0.025000000000000022,0.006823732656249959,0.010703125000000008,0.08131103515625,0.014296875000000014,0.33248901148437504,0.20820312499999993,0.25999755640625005,0.17847656249999996,-0.07249145507812499,-0.02972656249999997,0.0728375507938256,0.0023828125000000026,-0.06493706581431215,-0.004954427083333328,0.0013322175990450314
716,xjsaS-LeZ14$_$6,zero,V,False,0.2,48,10,1.11633301,0.4492838591337204,0.10388183812499996,0.016796875000000044,-0.01081542750000004,0.03042968749999996,0.114697265625,-0.013632812499999914,0.36355590601562504,0.21445312500000002,0.27253722925781254,0.17736328124999998,-0.0910186767578125,-0.037089843750000046,0.10274457697925016,-0.0022721354166666523,-0.08153355173494402,-0.006181640625000008,0.003189312300659869
716,xjsaS-LeZ14$_$6,zero,V,False,0.3,48,15,1.11633301,0.4492838591337204,0.05300903539062496,0.016015624999999978,-0.07753295679687504,0.06609374999999998,0.1305419921875,-0.050078125,0.34219360132812504,0.20078125000000002,0.22643127222656254,0.15484374999999995,-0.1157623291015625,-0.045937500000000075,0.11693811262410614,-0.008346354166666667,-0.10369864938681078,-0.007656250000000013,-0.0006907852323428307
717,y8HXGm1-Ecw$_$7,zero,T,False,0.1,23,3,1.9711914,-0.2770833283662797,1.5728759703125,0.35273437500000004,0.265801995703125,0.046080322265624994,1.307073974609375,0.30665405273437507,2.1148681578125,0.39716796875000004,3.165766900488282,0.752490234375,1.0508987426757819,0.3553222656249999,0.6630879738626098,0.051109008789062514,0.5331284468607843,0.05922037760416665,0.32663645177915585
717,y8HXGm1-Ecw$_$7,zero,T,False,0.2,23,5,1.9711914,-0.2770833283662797,1.83966063828125,0.38212890625000007,0.4675506529296875,0.0916961669921875,1.3721099853515624,0.29043273925781254,1.7403564390625,0.293060302734375,2.876795953222657,0.6581884765625,1.1364395141601569,0.365128173828125,0.6960812071675816,0.04840545654296876,0.5765238919144356,0.06085469563802084,0.34546631281575174
717,y8HXGm1-Ecw$_$7,zero,T,False,0.3,23,7,1.9711914,-0.2770833283662797,2.315948480078125,0.4609375,0.9896224913085934,0.18574523925781253,1.3263259887695316,0.2751922607421875,1.1402587828125,0.12001953125,2.2237426695312505,0.4511669921875,1.0834838867187506,0.3311474609375,0.6728546583121625,0.045865376790364586,0.5496591234416035,0.05519124348958334,0.3308926005084285
718,y9FyTEyGy5Y$_$1,zero,T,False,0.1,13,2,2.1076965832,1.0707682341337204,0.4316711925750001,0.18515625000000002,0.06297612421562508,0.03800781249999998,0.368695068359375,0.14714843750000003,0.2873535656218751,0.009374999999999911,0.7604195141082031,0.18931640624999999,0.473065948486328,0.17994140625000007,0.17492787926416167,0.02452473958333334,0.22444678603658985,0.02999023437500001,0.11347240981477122
718,y9FyTEyGy5Y$_$1,zero,T,False,0.2,13,3,2.1076965832,1.0707682341337204,0.4991760753875001,0.21484375,0.10584264032890633,0.05460937500000003,0.39333343505859375,0.16023437499999998,0.17605595820000008,0.022656250000000044,0.6565720104460937,0.16833984374999997,0.4805160522460936,0.14568359374999992,0.1866175860302584,0.026705729166666664,0.22798149795121592,0.02428059895833332,0.11639635302661858
718,y9FyTEyGy5Y$_$1,zero,T,False,0.3,13,4,2.1076965832,1.0707682341337204,0.4974670910125001,0.20234375000000004,0.18379826777031258,0.06947265624999997,0.3136688232421875,0.13287109375000006,0.18231206171562508,0.00390625,0.5342102500753125,0.14460937499999998,0.35189818835968745,0.14070312499999998,0.1488206020362568,0.022145182291666676,0.16695857658356278,0.023450520833333332,0.0903437204362049
719,zhE_68GMJIk$_$8,zero,T,False,0.1,23,3,1.47705077,-0.29251301586627965,3.60156248875,1.146875,0.5089767343554688,0.252752685546875,3.0925857543945314,0.8941223144531251,0.7940673715625,0.1640625,2.6693466074023435,0.621953125,1.8752792358398436,0.457890625,2.0937558298275025,0.1490203857421875,1.2696096873028653,0.07631510416666666,0.8971752517598055
719,zhE_68GMJIk$_$8,zero,T,False,0.2,23,5,1.47705077,-0.29251301586627965,3.68798827,1.1234375,0.5688873178515624,0.1805908203125,3.1191009521484374,0.9428466796875001,1.25097655125,0.09394531249999996,2.8246948129687497,0.6901611328125,1.5737182617187497,0.5962158203125001,2.1117072640916557,0.15714111328125002,1.065445567773667,0.09936930338541668,0.8584158121329972
719,zhE_68GMJIk$_$8,zero,T,False,0.3,23,7,1.47705077,-0.29251301586627965,3.8217773325,1.16328125,1.0770690805468746,0.34386169433593755,2.744708251953125,0.8194195556640624,0.82843016453125,0.022656250000000044,2.479757679179687,0.5969165039062501,1.651327514648437,0.57426025390625,1.8582342932726896,0.1365699259440104,1.117988921030464,0.09571004231770834,0.8021257956412181
720,zhE_68GMJIk$_$5,zero,T,False,0.1,29,3,2.44775387,-0.7261067658662798,1.219482385625,0.4457031250000001,0.07868648718750011,0.03074218749999999,1.1407958984375,0.41496093750000007,1.260986291875,0.05625000000000002,3.0396133060351564,0.7970336914062501,1.7786270141601563,0.7407836914062501,0.4660580650535075,0.06916015625000001,0.7266360843396693,0.12346394856770836,0.34632956355272126
720,zhE_68GMJIk$_$5,zero,T,False,0.2,29,6,2.44775387,-0.7261067658662798,1.567138635625,0.5930664062500001,0.1635131473437501,0.053671874999999994,1.40362548828125,0.53939453125,0.7863769168750001,0.13828125000000002,2.7457595462695314,0.7232034301757813,1.9593826293945313,0.5849221801757812,0.5734338456371858,0.08989908854166667,0.8004815569602078,0.09748703002929687,0.3903253802920893
720,zhE_68GMJIk$_$5,zero,T,False,0.3,29,9,2.44775387,-0.7261067658662798,2.5364989871875,0.7800537109375001,0.5974898929492187,0.18468261718750004,1.9390090942382814,0.5953710937500001,0.2822265262500001,0.25234375,1.808376657475586,0.42707336425781267,1.5261501312255858,0.1747296142578127,0.7921582009714401,0.09922851562500001,0.6234897742132102,0.029121602376302114,0.3859995232964881
721,zjYEBwXGD8I$_$13,zero,T,False,0.1,38,4,0.5478515399999999,0.4098307341337204,0.3955077899999999,0.076171875,0.023290993124999916,0.02440429687500001,0.372216796875,0.05176757812499999,0.14453127250000009,0.07109374999999996,0.4330077922499999,0.09049804687500004,0.2884765197499998,0.019404296875000088,0.6794105524727512,0.008627929687499999,0.5265586972545566,0.0032340494791666813,0.30445780722349364
721,zjYEBwXGD8I$_$13,zero,T,False,0.2,38,8,0.5478515399999999,0.4098307341337204,0.7602538837499999,0.14707031250000002,0.05095212593749991,0.02810546875,0.7093017578125,0.11896484375000002,0.5046386943750001,0.16835937499999998,0.39948728668749994,0.07792968750000004,-0.10515140768750014,-0.09042968749999994,1.2946946596478317,0.019827473958333338,-0.191933777814556,-0.015071614583333323,0.2768791853020689
721,zjYEBwXGD8I$_$13,zero,T,False,0.3,38,12,0.5478515399999999,0.4098307341337204,0.9863281024999999,0.18496093750000006,0.05339353218749991,0.040546875,0.9329345703125,0.14441406250000005,0.6008301006250001,0.16718749999999993,0.3565429507499999,0.06447265625000001,-0.24428714987500016,-0.10271484374999992,1.702893574815771,0.024069010416666675,-0.4458994565855261,-0.017119140624999987,0.3159859970054779
722,zjYEBwXGD8I$_$15,zero,T,False,0.1,20,2,0.053710900000000006,0.44420573413372033,0.3144530875,0.08242187499999998,0.0006591421875000059,0.019755859375000007,0.3137939453125,0.06266601562499997,0.39697269375,0.14453125,0.1561523475,0.04396484375000001,-0.24082034624999998,-0.10056640624999999,5.842168035621528,0.010444335937499995,-4.483556646664891,-0.01676106770833333,0.3380736642964509
722,zjYEBwXGD8I$_$15,zero,T,False,0.2,20,4,0.053710900000000006,0.44420573413372033,0.4609374625,0.10429687499999996,-0.0393799203125,0.03357421875000001,0.5003173828125,0.07072265624999995,0.5078125375,0.15468749999999998,0.189501949375,0.046669921875,-0.318310588125,-0.10801757812499999,9.314833078191239,0.011787109374999992,-5.926258205816588,-0.0180029296875,0.8455897630155377
722,zjYEBwXGD8I$_$15,zero,T,False,0.3,20,6,0.053710900000000006,0.44420573413372033,0.45068355625,0.11113281249999996,0.004711876562500006,0.042470703124999995,0.4459716796875,0.06866210937499996,0.47705081875,0.14531249999999996,0.190673824375,0.04953125000000001,-0.28637699437499997,-0.09578124999999994,8.303033027829958,0.011443684895833327,-5.331723405334757,-0.015963541666666657,0.7416974414310921
723,zjYEBwXGD8I$_$0,zero,T,False,0.1,11,2,0.15234379999999992,0.32955729663372035,0.5126953624999999,0.1220703125,0.13925786249999988,0.034267578124999996,0.37343750000000003,0.087802734375,0.09472651250000008,0.004101562500000044,0.3283691856249999,0.09234374999999999,0.2336426731249998,0.08824218749999994,2.4512651564083594,0.0146337890625,1.5336438993979442,0.01470703124999999,1.003562469029701
723,zjYEBwXGD8I$_$0,zero,T,False,0.2,11,3,0.15234379999999992,0.32955729663372035,0.4990234874999999,0.12871093749999996,0.16577153437499986,0.051650390625,0.33325195312500006,0.07706054687499996,0.11621088750000008,0.021289062499999956,0.3630371443749999,0.09370117187500002,0.24682625687499982,0.07241210937500006,2.187484923180839,0.012843424479166659,1.6201816988502393,0.012068684895833343,0.9581446828515195
723,zjYEBwXGD8I$_$0,zero,T,False,0.3,11,4,0.15234379999999992,0.32955729663372035,0.6513672374999999,0.15839843750000004,0.2751953624999999,0.067412109375,0.37617187500000004,0.09098632812500004,0.2666015125000001,0.046679687499999956,0.25468752499999997,0.065517578125,-0.011913987500000112,0.018837890625000048,2.4692137506498435,0.015164388020833341,-0.0782040968907381,0.003139648437500008,0.6023284225543597
724,zjYEBwXGD8I$_$2,zero,T,False,0.1,13,2,1.5838317496,0.6777994841337204,0.43930049960000006,0.13632812500000002,-0.03668521817343744,0.08867187499999998,0.4759857177734375,0.04765625000000004,0.46615596835000006,0.046875,1.0756591421781254,0.250634765625,0.6095031738281254,0.20375976562499998,0.30052776588541225,0.00794270833333334,0.38482799019155056,0.0339599609375,0.18181460633694904
724,zjYEBwXGD8I$_$2,zero,T,False,0.2,13,3,1.5838317496,0.6777994841337204,0.5280456167875001,0.12421875000000004,0.08196254793984381,0.08867187500000002,0.44608306884765625,0.03554687500000002,0.21762081210000006,0.0027343749999999556,0.8044799504612501,0.19269531250000002,0.58685913836125,0.18996093750000007,0.28164783747546285,0.00592447916666667,0.37053100367413316,0.03166015625000001,0.17244086914156567
724,zjYEBwXGD8I$_$2,zero,T,False,0.3,13,4,1.5838317496,0.6777994841337204,0.5784606558500001,0.13359375000000007,0.17505031649453126,0.09001953124999999,0.40341033935546877,0.043574218750000074,0.07077022616250006,0.03359374999999998,0.554278534445625,0.13849609375000002,0.48350830828312497,0.10490234375000004,0.25470513818921275,0.007262369791666679,0.30527737755469186,0.01748372395833334,0.14618215237347615
725,zjYEBwXGD8I$_$4,zero,T,False,0.1,40,4,0.75354001,0.22076823413372035,0.38000485375000004,0.06503906250000005,0.027398652578125036,0.009560546875,0.352606201171875,0.05547851562500005,0.48010251000000004,0.09726562500000005,0.8520263381250001,0.19313476562500004,0.371923828125,0.09586914062499999,0.46793233081219426,0.009246419270833342,0.49356813124875576,0.015978190104166665,0.24668126785898753
725,zjYEBwXGD8I$_$4,zero,T,False,0.2,40,8,0.75354001,0.22076823413372035,0.54895016625,0.10156250000000003,0.09714962914062504,0.024409179687500004,0.451800537109375,0.07715332031250002,0.21984860375000004,0.029296875000000028,0.6756103225000001,0.14701171875,0.45576171875000004,0.11771484374999996,0.5995699386147212,0.012858886718750004,0.6048266951655359,0.019619140624999993,0.3092186652810018
725,zjYEBwXGD8I$_$4,zero,T,False,0.3,40,12,0.75354001,0.22076823413372035,0.80969235375,0.15156249999999996,0.15910641625000005,0.03228515625,0.6505859375,0.11927734374999996,0.10876467749999996,0.0322265625,0.5362304396875001,0.10450195312500002,0.4274657621875001,0.07227539062500002,0.8633716398527533,0.01987955729166666,0.5672760427299107,0.012045898437500003,0.3656432845779577
726,zjYEBwXGD8I$_$9,zero,T,False,0.1,26,3,1.8385010300000002,0.7180338591337203,0.2615967331250002,0.08554687499999991,0.0755310592968752,0.02271484374999998,0.186065673828125,0.06283203124999993,0.6314697800000002,0.11289062500000002,1.027752738984375,0.24836914062499993,0.3962829589843748,0.1354785156249999,0.10120504127380539,0.010472005208333322,0.21554665293699718,0.022579752604166652,0.08745086300582564
726,zjYEBwXGD8I$_$9,zero,T,False,0.2,26,6,1.8385010300000002,0.7180338591337203,0.4407959518750002,0.140625,0.1663452682812502,0.04320312499999995,0.27445068359375,0.09742187500000005,0.3083496628125002,0.017578125,0.8218140182812501,0.18673828124999997,0.5134643554687499,0.16916015624999997,0.14927951077309934,0.016236979166666676,0.27928408404789734,0.028193359374999994,0.11824848334066584
726,zjYEBwXGD8I$_$9,zero,T,False,0.3,26,8,1.8385010300000002,0.7180338591337203,0.7086182175000002,0.21601562499999993,0.2700256882031251,0.07093749999999997,0.4385925292968751,0.14507812499999995,0.1385498581250002,0.030859375000000022,0.6355347214062501,0.13994140624999996,0.4969848632812499,0.10908203124999993,0.23855971989156577,0.02417968749999999,0.2703205409467238,0.018180338541666657,0.13781007171998907
727,zk2jTlAtvSU$_$3,zero,T,False,0.1,32,4,1.26257328,-0.008040359616279663,0.46618656125,0.0798828125,0.20095218624999997,0.024266262054443356,0.265234375,0.05561655044555664,1.5263672253125,0.023699951171875,1.8652969738476561,0.18327758789062504,0.3389297485351561,0.15957763671875003,0.21007427380827054,0.00926942507425944,0.26844341271957173,0.026596272786458337,0.12859584609714
727,zk2jTlAtvSU$_$3,zero,T,False,0.2,32,7,1.26257328,-0.008040359616279663,0.93103031125,0.19306640625000002,0.3677734753125,0.044559540748596194,0.5632568359375001,0.14850686550140382,1.022338905,0.08212890625000001,1.5665344616406252,0.15784179687500005,0.5441955566406251,0.07571289062500004,0.4461177808386055,0.02475114425023397,0.4310206260819959,0.012618815104166674,0.2286270915687505
727,zk2jTlAtvSU$_$3,zero,T,False,0.3,32,10,1.26257328,-0.008040359616279663,1.08435062375,0.2119140625,0.4829452892773437,0.045510807037353516,0.6014053344726563,0.16640325546264648,0.7924805065625,0.075634765625,1.3401245495312504,0.14330322265625,0.5476440429687504,0.06766845703125,0.4763326356312726,0.02773387591044108,0.4337519397027083,0.011278076171875,0.23727413185407425
