sample_index,sample_id,baseline,main_modality,comparison,n_candidates,top20_k,top20_jaccard,position_spearman
0,-UacrmKiTn4$_$7,zero,T,w1_vs_w3,26,6,0.2,0.17538461538461536
0,-UacrmKiTn4$_$7,zero,T,w3_vs_w5,26,6,0.3333333333333333,0.7743589743589743
0,-UacrmKiTn4$_$7,zero,T,w1_vs_w5,26,6,0.09090909090909091,0.07965811965811966
1,-qDkUB0GgYY$_$5,zero,T,w1_vs_w3,48,10,0.6666666666666666,0.6124534058635549
1,-qDkUB0GgYY$_$5,zero,T,w3_vs_w5,48,10,0.5384615384615384,0.5855022120646198
1,-qDkUB0GgYY$_$5,zero,T,w1_vs_w5,48,10,0.42857142857142855,0.34887635707629633
2,0utROiKxejc$_$1,zero,T,w1_vs_w3,16,4,0.14285714285714285,0.2529411764705882
2,0utROiKxejc$_$1,zero,T,w3_vs_w5,16,4,0.6,0.8294117647058824
2,0utROiKxejc$_$1,zero,T,w1_vs_w5,16,4,0.14285714285714285,0.19999999999999998
3,0utROiKxejc$_$4,zero,T,w1_vs_w3,33,7,0.5555555555555556,0.692792273933793
3,0utROiKxejc$_$4,zero,T,w3_vs_w5,33,7,0.75,0.8419117647058824
3,0utROiKxejc$_$4,zero,T,w1_vs_w5,33,7,0.4,0.6005204482297755
4,0y022OlZ3W0$_$3,zero,T,w1_vs_w3,17,4,0.3333333333333333,0.607843137254902
4,0y022OlZ3W0$_$3,zero,T,w3_vs_w5,17,4,0.6,0.9142156862745098
4,0y022OlZ3W0$_$3,zero,T,w1_vs_w5,17,4,0.14285714285714285,0.5441176470588236
5,0y022OlZ3W0$_$5,zero,T,w1_vs_w3,22,5,0.42857142857142855,0.5642474102438456
5,0y022OlZ3W0$_$5,zero,T,w3_vs_w5,22,5,0.6666666666666666,0.8306041784302655
5,0y022OlZ3W0$_$5,zero,T,w1_vs_w5,22,5,0.25,0.24061000677064884
6,0y022OlZ3W0$_$8,zero,T,w1_vs_w3,13,3,0.5,0.7802197802197801
6,0y022OlZ3W0$_$8,zero,T,w3_vs_w5,13,3,0.5,0.9230769230769231
6,0y022OlZ3W0$_$8,zero,T,w1_vs_w5,13,3,0.2,0.7032967032967032
7,101787$_$11,zero,T,w1_vs_w3,32,7,0.16666666666666666,0.5007331378299119
7,101787$_$11,zero,T,w3_vs_w5,32,7,0.5555555555555556,0.8390762463343108
7,101787$_$11,zero,T,w1_vs_w5,32,7,0.16666666666666666,0.27602639296187675
8,101787$_$13,zero,V,w1_vs_w3,19,4,0.6,0.7140350877192982
8,101787$_$13,zero,V,w3_vs_w5,19,4,0.3333333333333333,0.8421052631578947
8,101787$_$13,zero,V,w1_vs_w5,19,4,0.6,0.5824561403508772
9,101787$_$1,zero,T,w1_vs_w3,16,4,0.3333333333333333,0.057437470243971125
9,101787$_$1,zero,T,w3_vs_w5,16,4,0.3333333333333333,0.75
9,101787$_$1,zero,T,w1_vs_w5,16,4,0.14285714285714285,0.12518423001891144
10,101787$_$5,zero,T,w1_vs_w3,17,4,0.3333333333333333,0.5269607843137256
10,101787$_$5,zero,T,w3_vs_w5,17,4,1.0,0.9534313725490198
10,101787$_$5,zero,T,w1_vs_w5,17,4,0.3333333333333333,0.5514705882352942
11,101787$_$7,zero,T,w1_vs_w3,8,2,0.3333333333333333,0.8742671711966791
11,101787$_$7,zero,T,w3_vs_w5,8,2,1.0,0.9700772721497398
11,101787$_$7,zero,T,w1_vs_w5,8,2,0.3333333333333333,0.8795180722891566
12,101787$_$9,zero,T,w1_vs_w3,19,4,0.3333333333333333,0.22661398759838736
12,101787$_$9,zero,T,w3_vs_w5,19,4,0.14285714285714285,0.6502852754142172
12,101787$_$9,zero,T,w1_vs_w5,19,4,0.14285714285714285,-0.10096579835130157
13,102408$_$2,zero,T,w1_vs_w3,7,2,0.0,-0.3214285714285715
13,102408$_$2,zero,T,w3_vs_w5,7,2,1.0,0.7783117824941564
13,102408$_$2,zero,T,w1_vs_w5,7,2,0.0,-0.37062465833055064
14,102408$_$5,zero,A,w1_vs_w3,29,6,0.3333333333333333,0.6369458128078815
14,102408$_$5,zero,A,w3_vs_w5,29,6,1.0,0.9492610837438422
14,102408$_$5,zero,A,w1_vs_w5,29,6,0.3333333333333333,0.5669950738916255
15,102408$_$9,zero,T,w1_vs_w3,29,6,0.2,0.267487684729064
15,102408$_$9,zero,T,w3_vs_w5,29,6,0.7142857142857143,0.7418719211822659
15,102408$_$9,zero,T,w1_vs_w5,29,6,0.2,0.20443349753694576
16,102858$_$20,zero,T,w1_vs_w3,24,5,0.25,0.4539130434782608
16,102858$_$20,zero,T,w3_vs_w5,24,5,0.6666666666666666,0.8182608695652173
16,102858$_$20,zero,T,w1_vs_w5,24,5,0.25,0.3504347826086956
17,102858$_$21,zero,T,w1_vs_w3,27,6,0.5,0.7783882783882784
17,102858$_$21,zero,T,w3_vs_w5,27,6,0.2,0.5891330891330891
17,102858$_$21,zero,T,w1_vs_w5,27,6,0.3333333333333333,0.5207570207570207
18,102858$_$1,zero,T,w1_vs_w3,22,5,0.25,0.4952004517221909
18,102858$_$1,zero,T,w3_vs_w5,22,5,1.0,0.6024844720496896
18,102858$_$1,zero,T,w1_vs_w5,22,5,0.25,0.031055900621118016
19,102858$_$0,zero,A,w1_vs_w3,3,1,1.0,0.0
19,102858$_$0,zero,A,w3_vs_w5,3,1,1.0,0.0
19,102858$_$0,zero,A,w1_vs_w5,3,1,1.0,0.0
20,102858$_$4,zero,T,w1_vs_w3,48,10,0.25,0.4885330454516525
20,102858$_$4,zero,T,w3_vs_w5,48,10,0.5384615384615384,0.8526921406860616
20,102858$_$4,zero,T,w1_vs_w5,48,10,0.3333333333333333,0.337413490058608
21,102858$_$6,zero,V,w1_vs_w3,26,6,0.3333333333333333,0.2567521367521367
21,102858$_$6,zero,V,w3_vs_w5,26,6,0.2,0.4694017094017094
21,102858$_$6,zero,V,w1_vs_w5,26,6,0.09090909090909091,-0.07965811965811966
22,102858$_$10,zero,T,w1_vs_w3,10,2,0.3333333333333333,0.8060606060606059
22,102858$_$10,zero,T,w3_vs_w5,10,2,0.0,0.6606060606060605
22,102858$_$10,zero,T,w1_vs_w5,10,2,0.0,0.2727272727272727
23,102858$_$17,zero,T,w1_vs_w3,9,2,0.3333333333333333,0.2333333333333333
23,102858$_$17,zero,T,w3_vs_w5,9,2,0.0,-0.03333333333333333
23,102858$_$17,zero,T,w1_vs_w5,9,2,0.0,-0.15
24,102858$_$19,zero,V,w1_vs_w3,12,3,0.2,0.6293706293706295
24,102858$_$19,zero,V,w3_vs_w5,12,3,0.5,0.8251748251748254
24,102858$_$19,zero,V,w1_vs_w5,12,3,0.0,0.27272727272727276
25,112433$_$10,zero,T,w1_vs_w3,1,1,1.0,0.0
25,112433$_$10,zero,T,w3_vs_w5,1,1,1.0,0.0
25,112433$_$10,zero,T,w1_vs_w5,1,1,1.0,0.0
26,112433$_$3,zero,T,w1_vs_w3,32,7,0.4,0.6744868035190615
26,112433$_$3,zero,T,w3_vs_w5,32,7,0.4,0.6257331378299119
26,112433$_$3,zero,T,w1_vs_w5,32,7,0.16666666666666666,0.16055718475073313
27,112433$_$7,zero,T,w1_vs_w3,9,2,0.3333333333333333,0.5499999999999999
27,112433$_$7,zero,T,w3_vs_w5,9,2,1.0,0.9333333333333332
27,112433$_$7,zero,T,w1_vs_w5,9,2,0.3333333333333333,0.43333333333333335
28,112433$_$6,zero,T,w1_vs_w3,24,5,0.42857142857142855,0.6356521739130434
28,112433$_$6,zero,T,w3_vs_w5,24,5,0.6666666666666666,0.9304347826086956
28,112433$_$6,zero,T,w1_vs_w5,24,5,0.25,0.46782608695652167
29,117tQqLjza4$_$6,zero,T,w1_vs_w3,15,3,0.2,0.19999999999999998
29,117tQqLjza4$_$6,zero,T,w3_vs_w5,15,3,1.0,0.7249999999999999
29,117tQqLjza4$_$6,zero,T,w1_vs_w5,15,3,0.2,-0.25
30,11j7EfglCAs$_$2,zero,T,w1_vs_w3,24,5,0.25,0.4748858559750494
30,11j7EfglCAs$_$2,zero,T,w3_vs_w5,24,5,0.6666666666666666,0.3947826086956522
30,11j7EfglCAs$_$2,zero,T,w1_vs_w5,24,5,0.25,0.1313329015608653
31,121128$_$10,zero,T,w1_vs_w3,15,3,0.2,0.3799307558483066
31,121128$_$10,zero,T,w3_vs_w5,15,3,0.5,0.8571428571428571
31,121128$_$10,zero,T,w1_vs_w5,15,3,0.2,0.02508976689564289
32,121128$_$1,zero,T,w1_vs_w3,29,6,0.2,0.46557458168147764
32,121128$_$1,zero,T,w3_vs_w5,29,6,0.7142857142857143,0.8050252555212004
32,121128$_$1,zero,T,w1_vs_w5,29,6,0.2,0.42216748768472895
33,121128$_$0,zero,T,w1_vs_w3,11,3,0.2,-0.3545454545454546
33,121128$_$0,zero,T,w3_vs_w5,11,3,0.0,0.5545454545454546
33,121128$_$0,zero,T,w1_vs_w5,11,3,0.0,-0.21818181818181823
34,121128$_$5,zero,T,w1_vs_w3,7,2,0.0,0.642857142857143
34,121128$_$5,zero,T,w3_vs_w5,7,2,0.0,0.5929994533288809
34,121128$_$5,zero,T,w1_vs_w5,7,2,0.3333333333333333,0.4076871241636057
35,125344$_$0,zero,T,w1_vs_w3,48,10,0.42857142857142855,0.5417933130699087
35,125344$_$0,zero,T,w3_vs_w5,48,10,0.6666666666666666,0.9157620495006514
35,125344$_$0,zero,T,w1_vs_w5,48,10,0.42857142857142855,0.4397524967433782
36,125676$_$0,zero,T,w1_vs_w3,13,3,0.5,0.5164835164835164
36,125676$_$0,zero,T,w3_vs_w5,13,3,0.2,0.8131868131868131
36,125676$_$0,zero,T,w1_vs_w5,13,3,0.5,0.3681318681318681
37,125676$_$4,zero,T,w1_vs_w3,27,6,0.3333333333333333,0.319951156223481
37,125676$_$4,zero,T,w3_vs_w5,27,6,1.0,0.6233211233211233
37,125676$_$4,zero,T,w1_vs_w5,27,6,0.3333333333333333,0.355976190989102
38,128059$_$11,zero,T,w1_vs_w3,38,8,0.45454545454545453,0.36198500902241865
38,128059$_$11,zero,T,w3_vs_w5,38,8,0.7777777777777778,0.7605864974286027
38,128059$_$11,zero,T,w1_vs_w5,38,8,0.45454545454545453,0.3632981348108918
39,128059$_$12,zero,T,w1_vs_w3,16,4,0.6,0.7235294117647059
39,128059$_$12,zero,T,w3_vs_w5,16,4,1.0,0.961764705882353
39,128059$_$12,zero,T,w1_vs_w5,16,4,0.6,0.6823529411764706
40,128059$_$2,zero,V,w1_vs_w3,14,3,0.2,-0.11208791208791209
40,128059$_$2,zero,V,w3_vs_w5,14,3,0.5,0.8373626373626375
40,128059$_$2,zero,V,w1_vs_w5,14,3,0.2,-0.059340659340659345
41,128059$_$7,zero,V,w1_vs_w3,48,10,0.3333333333333333,0.7622908772970599
41,128059$_$7,zero,V,w3_vs_w5,48,10,0.5384615384615384,0.873870214056523
41,128059$_$7,zero,V,w1_vs_w5,48,10,0.17647058823529413,0.585294734696911
42,128059$_$6,zero,T,w1_vs_w3,48,10,0.3333333333333333,0.40231226437591194
42,128059$_$6,zero,T,w3_vs_w5,48,10,0.6666666666666666,0.8358662613981763
42,128059$_$6,zero,T,w1_vs_w5,48,10,0.17647058823529413,0.25782288933966296
43,128059$_$9,zero,V,w1_vs_w3,22,5,0.42857142857142855,0.8091473743647659
43,128059$_$9,zero,V,w3_vs_w5,22,5,0.6666666666666666,0.9141727837380011
43,128059$_$9,zero,V,w1_vs_w5,22,5,0.42857142857142855,0.7210615471485038
44,128763$_$12,zero,T,w1_vs_w3,18,4,0.3333333333333333,0.762641898864809
44,128763$_$12,zero,T,w3_vs_w5,18,4,0.6,0.8059855521155831
44,128763$_$12,zero,T,w1_vs_w5,18,4,0.3333333333333333,0.6491228070175438
45,128763$_$3,zero,T,w1_vs_w3,24,5,0.42857142857142855,0.5695652173913043
45,128763$_$3,zero,T,w3_vs_w5,24,5,0.6666666666666666,0.9347826086956521
45,128763$_$3,zero,T,w1_vs_w5,24,5,0.42857142857142855,0.4539130434782608
46,128763$_$2,zero,T,w1_vs_w3,12,3,0.2,0.5594405594405596
46,128763$_$2,zero,T,w3_vs_w5,12,3,0.5,0.8391608391608393
46,128763$_$2,zero,T,w1_vs_w5,12,3,0.2,0.5174825174825175
47,128763$_$5,zero,T,w1_vs_w3,10,2,0.3333333333333333,0.309090909090909
47,128763$_$5,zero,T,w3_vs_w5,10,2,0.0,0.5878787878787878
47,128763$_$5,zero,T,w1_vs_w5,10,2,0.0,0.04242424242424241
48,128763$_$7,zero,T,w1_vs_w3,16,4,0.6,0.45
48,128763$_$7,zero,T,w3_vs_w5,16,4,0.3333333333333333,0.3911764705882353
48,128763$_$7,zero,T,w1_vs_w5,16,4,0.3333333333333333,0.19117647058823528
49,128763$_$8,zero,T,w1_vs_w3,8,2,1.0,0.5000000000000001
49,128763$_$8,zero,T,w3_vs_w5,8,2,1.0,0.9700772721497398
49,128763$_$8,zero,T,w1_vs_w5,8,2,1.0,0.5868368683374969
50,130456$_$11,zero,T,w1_vs_w3,34,7,0.4,0.41665393430099307
50,130456$_$11,zero,T,w3_vs_w5,34,7,0.5555555555555556,0.7448433919022154
50,130456$_$11,zero,T,w1_vs_w5,34,7,0.2727272727272727,0.08204736440030558
51,130456$_$3,zero,T,w1_vs_w3,19,4,0.3333333333333333,0.5982456140350877
51,130456$_$3,zero,T,w3_vs_w5,19,4,0.3333333333333333,0.8070175438596491
51,130456$_$3,zero,T,w1_vs_w5,19,4,0.14285714285714285,0.27543859649122804
52,130456$_$5,zero,T,w1_vs_w3,11,3,1.0,0.4727272727272727
52,130456$_$5,zero,T,w3_vs_w5,11,3,0.5,0.8545454545454546
52,130456$_$5,zero,T,w1_vs_w5,11,3,0.5,0.3454545454545455
53,130456$_$4,zero,T,w1_vs_w3,23,5,0.25,0.4446640316205534
53,130456$_$4,zero,T,w3_vs_w5,23,5,1.0,0.9031620553359685
53,130456$_$4,zero,T,w1_vs_w5,23,5,0.25,0.5039525691699606
54,130456$_$7,zero,T,w1_vs_w3,8,2,0.3333333333333333,0.11904761904761905
54,130456$_$7,zero,T,w3_vs_w5,8,2,0.0,0.3952166664313755
54,130456$_$7,zero,T,w1_vs_w5,8,2,0.0,-0.5988131309566295
55,130456$_$6,zero,T,w1_vs_w3,33,7,0.4,0.5652210264574096
55,130456$_$6,zero,T,w3_vs_w5,33,7,1.0,0.9415106951871658
55,130456$_$6,zero,T,w1_vs_w5,33,7,0.4,0.4811565154260444
56,188343$_$13,zero,T,w1_vs_w3,42,9,0.2857142857142857,0.4828815692144749
56,188343$_$13,zero,T,w3_vs_w5,42,9,0.5,0.9225346406287983
56,188343$_$13,zero,T,w1_vs_w5,42,9,0.2,0.37445808547408765
57,188343$_$12,zero,T,w1_vs_w3,30,6,0.5,0.6078344693010354
57,188343$_$12,zero,T,w3_vs_w5,30,6,0.7142857142857143,0.7957730812013347
57,188343$_$12,zero,T,w1_vs_w5,30,6,0.3333333333333333,0.4860895206713517
58,188343$_$5,zero,T,w1_vs_w3,20,4,0.3333333333333333,0.5398496240601504
58,188343$_$5,zero,T,w3_vs_w5,20,4,0.6,0.6947368421052631
58,188343$_$5,zero,T,w1_vs_w5,20,4,0.3333333333333333,0.3413533834586466
59,188343$_$9,zero,V,w1_vs_w3,30,6,0.7142857142857143,0.6983314794215795
59,188343$_$9,zero,V,w3_vs_w5,30,6,0.5,0.8095661846496106
59,188343$_$9,zero,V,w1_vs_w5,30,6,0.3333333333333333,0.41846496106785314
60,188343$_$8,zero,T,w1_vs_w3,21,5,0.42857142857142855,0.8011697597719937
60,188343$_$8,zero,T,w3_vs_w5,21,5,0.6666666666666666,0.8896103896103895
60,188343$_$8,zero,T,w1_vs_w5,21,5,0.25,0.6244315808117485
61,1HK7Nea0PFo$_$1,zero,T,w1_vs_w3,17,4,0.3333333333333333,0.17412633561020405
61,1HK7Nea0PFo$_$1,zero,T,w3_vs_w5,17,4,0.0,0.27941176470588236
61,1HK7Nea0PFo$_$1,zero,T,w1_vs_w5,17,4,0.0,-0.09442061860553318
62,216097$_$1,zero,T,w1_vs_w3,13,3,0.5,0.6208791208791209
62,216097$_$1,zero,T,w3_vs_w5,13,3,1.0,0.989010989010989
62,216097$_$1,zero,T,w1_vs_w5,13,3,0.5,0.5824175824175823
63,216097$_$2,zero,T,w1_vs_w3,24,5,0.1111111111111111,0.13652173913043478
63,216097$_$2,zero,T,w3_vs_w5,24,5,0.42857142857142855,0.7495652173913043
63,216097$_$2,zero,T,w1_vs_w5,24,5,0.1111111111111111,0.10086956521739131
64,216097$_$5,zero,T,w1_vs_w3,32,7,0.4,0.5244729693992086
64,216097$_$5,zero,T,w3_vs_w5,32,7,0.75,0.784824046920821
64,216097$_$5,zero,T,w1_vs_w5,32,7,0.2727272727272727,0.19266728096419722
65,216097$_$4,zero,T,w1_vs_w3,46,10,0.25,0.40481110427695965
65,216097$_$4,zero,T,w3_vs_w5,46,10,0.6666666666666666,0.7408184036332345
65,216097$_$4,zero,T,w1_vs_w5,46,10,0.25,0.22599149003132135
66,216097$_$7,zero,T,w1_vs_w3,48,10,0.25,0.17012844254756282
66,216097$_$7,zero,T,w3_vs_w5,48,10,0.5384615384615384,0.5747937472861484
66,216097$_$7,zero,T,w1_vs_w5,48,10,0.25,0.1125139268938877
67,216097$_$8,zero,T,w1_vs_w3,12,3,0.2,0.20979020979020982
67,216097$_$8,zero,T,w3_vs_w5,12,3,0.5,0.8671328671328673
67,216097$_$8,zero,T,w1_vs_w5,12,3,0.2,-0.09090909090909093
68,223431$_$11,zero,T,w1_vs_w3,27,6,0.5,0.4731379731379732
68,223431$_$11,zero,T,w3_vs_w5,27,6,0.7142857142857143,0.7753357753357752
68,223431$_$11,zero,T,w1_vs_w5,27,6,0.5,0.36324786324786323
69,223431$_$10,zero,T,w1_vs_w3,13,3,0.5,0.41208791208791207
69,223431$_$10,zero,T,w3_vs_w5,13,3,0.5,0.9065934065934067
69,223431$_$10,zero,T,w1_vs_w5,13,3,0.2,0.1758241758241758
70,223431$_$13,zero,T,w1_vs_w3,24,5,0.42857142857142855,0.26608695652173914
70,223431$_$13,zero,T,w3_vs_w5,24,5,0.42857142857142855,0.7330434782608695
70,223431$_$13,zero,T,w1_vs_w5,24,5,0.25,0.21043478260869564
71,223431$_$0,zero,T,w1_vs_w3,2,1,0.0,0.0
71,223431$_$0,zero,T,w3_vs_w5,2,1,1.0,0.0
71,223431$_$0,zero,T,w1_vs_w5,2,1,0.0,0.0
72,223431$_$5,zero,A,w1_vs_w3,17,4,0.3333333333333333,0.2058823529411765
72,223431$_$5,zero,A,w3_vs_w5,17,4,1.0,0.698529411764706
72,223431$_$5,zero,A,w1_vs_w5,17,4,0.3333333333333333,-0.019607843137254905
73,225770$_$3,zero,T,w1_vs_w3,48,10,0.42857142857142855,0.7712765957446808
73,225770$_$3,zero,T,w3_vs_w5,48,10,0.5384615384615384,0.9161962657403386
73,225770$_$3,zero,T,w1_vs_w5,48,10,0.3333333333333333,0.6745549283543204
74,225770$_$5,zero,T,w1_vs_w3,6,2,0.0,0.028571428571428574
74,225770$_$5,zero,T,w3_vs_w5,6,2,0.3333333333333333,0.8451542547285165
74,225770$_$5,zero,T,w1_vs_w5,6,2,0.0,0.101418510567422
75,225770$_$4,zero,T,w1_vs_w3,32,7,0.2727272727272727,0.3091309338759348
75,225770$_$4,zero,T,w3_vs_w5,32,7,1.0,0.9142228739002932
75,225770$_$4,zero,T,w1_vs_w5,32,7,0.2727272727272727,0.37807116586724654
76,225770$_$6,zero,T,w1_vs_w3,33,7,0.5555555555555556,0.7306149732620322
76,225770$_$6,zero,T,w3_vs_w5,33,7,0.5555555555555556,0.8522727272727273
76,225770$_$6,zero,T,w1_vs_w5,33,7,0.2727272727272727,0.5487967914438503
77,236021$_$12,zero,V,w1_vs_w3,12,3,0.2,0.4825174825174825
77,236021$_$12,zero,V,w3_vs_w5,12,3,0.5,0.8881118881118882
77,236021$_$12,zero,V,w1_vs_w5,12,3,0.2,0.31468531468531474
78,236021$_$1,zero,T,w1_vs_w3,27,6,0.2,0.503052503052503
78,236021$_$1,zero,T,w3_vs_w5,27,6,1.0,0.854090354090354
78,236021$_$1,zero,T,w1_vs_w5,27,6,0.2,0.3388278388278388
79,236021$_$3,zero,T,w1_vs_w3,7,2,0.3333333333333333,-0.03571428571428572
79,236021$_$3,zero,T,w3_vs_w5,7,2,0.0,0.5929994533288809
79,236021$_$3,zero,T,w1_vs_w5,7,2,0.0,-0.5188745216627708
80,236021$_$2,zero,T,w1_vs_w3,48,10,0.5384615384615384,0.7015848892748588
80,236021$_$2,zero,T,w3_vs_w5,48,10,0.6666666666666666,0.9065349544072948
80,236021$_$2,zero,T,w1_vs_w5,48,10,0.5384615384615384,0.5851063829787233
81,236021$_$5,zero,T,w1_vs_w3,15,3,0.2,0.3
81,236021$_$5,zero,T,w3_vs_w5,15,3,0.2,0.7071428571428571
81,236021$_$5,zero,T,w1_vs_w5,15,3,0.2,0.06071428571428571
82,236021$_$4,zero,T,w1_vs_w3,48,10,0.3333333333333333,0.5173967331076448
82,236021$_$4,zero,T,w3_vs_w5,48,10,0.6666666666666666,0.7945071645679548
82,236021$_$4,zero,T,w1_vs_w5,48,10,0.25,0.3916843082359175
83,237009$_$11,zero,T,w1_vs_w3,9,2,0.3333333333333333,0.41666666666666663
83,237009$_$11,zero,T,w3_vs_w5,9,2,0.0,0.7166666666666667
83,237009$_$11,zero,T,w1_vs_w5,9,2,0.0,0.26666666666666666
84,237009$_$12,zero,T,w1_vs_w3,45,9,0.38461538461538464,0.36111390142630506
84,237009$_$12,zero,T,w3_vs_w5,45,9,0.5,0.49591567852437407
84,237009$_$12,zero,T,w1_vs_w5,45,9,0.2857142857142857,0.2309441705781663
85,237009$_$4,zero,T,w1_vs_w3,19,4,0.6,0.5877192982456141
85,237009$_$4,zero,T,w3_vs_w5,19,4,0.6,0.7929824561403509
85,237009$_$4,zero,T,w1_vs_w5,19,4,0.3333333333333333,0.4403508771929824
86,237009$_$7,zero,T,w1_vs_w3,8,2,0.3333333333333333,0.6666666666666669
86,237009$_$7,zero,T,w3_vs_w5,8,2,0.0,0.6347419188140273
86,237009$_$7,zero,T,w1_vs_w5,8,2,0.0,0.5868368683374969
87,237009$_$9,zero,T,w1_vs_w3,12,3,0.2,0.20979020979020982
87,237009$_$9,zero,T,w3_vs_w5,12,3,0.2,0.8391608391608393
87,237009$_$9,zero,T,w1_vs_w5,12,3,0.2,0.4755244755244756
88,241629$_$10,zero,T,w1_vs_w3,18,4,0.6,0.3828689370485036
88,241629$_$10,zero,T,w3_vs_w5,18,4,0.6,0.8369453044375645
88,241629$_$10,zero,T,w1_vs_w5,18,4,0.3333333333333333,0.1991744066047472
89,241629$_$0,zero,T,w1_vs_w3,13,3,0.5,0.8571428571428571
89,241629$_$0,zero,T,w3_vs_w5,13,3,0.5,0.8901098901098902
89,241629$_$0,zero,T,w1_vs_w5,13,3,0.5,0.6593406593406593
90,241629$_$3,zero,T,w1_vs_w3,28,6,0.7142857142857143,0.6347338228319792
90,241629$_$3,zero,T,w3_vs_w5,28,6,0.5,0.9036672140120415
90,241629$_$3,zero,T,w1_vs_w5,28,6,0.3333333333333333,0.530997678436412
91,241629$_$5,zero,T,w1_vs_w3,27,6,0.3333333333333333,0.42614950567209275
91,241629$_$5,zero,T,w3_vs_w5,27,6,0.7142857142857143,0.735042735042735
91,241629$_$5,zero,T,w1_vs_w5,27,6,0.2,0.15701852753796103
92,241629$_$8,zero,T,w1_vs_w3,48,10,0.25,0.6559370356930854
92,241629$_$8,zero,T,w3_vs_w5,48,10,0.5384615384615384,0.7496743378202344
92,241629$_$8,zero,T,w1_vs_w5,48,10,0.1111111111111111,0.45140453399732683
93,243646$_$11,zero,T,w1_vs_w3,19,4,0.6,0.6842105263157895
93,243646$_$11,zero,T,w3_vs_w5,19,4,1.0,0.5473684210526315
93,243646$_$11,zero,T,w1_vs_w5,19,4,0.6,0.27543859649122804
94,243646$_$12,zero,T,w1_vs_w3,48,10,0.42857142857142855,0.6295934439063756
94,243646$_$12,zero,T,w3_vs_w5,48,10,0.8181818181818182,0.9425749023013461
94,243646$_$12,zero,T,w1_vs_w5,48,10,0.42857142857142855,0.5598979544697185
95,243646$_$9,zero,T,w1_vs_w3,1,1,1.0,0.0
95,243646$_$9,zero,T,w3_vs_w5,1,1,1.0,0.0
95,243646$_$9,zero,T,w1_vs_w5,1,1,1.0,0.0
96,243646$_$8,zero,T,w1_vs_w3,12,3,0.2,-0.21678321678321683
96,243646$_$8,zero,T,w3_vs_w5,12,3,0.5,0.3356643356643357
96,243646$_$8,zero,T,w1_vs_w5,12,3,0.2,-0.3076923076923077
97,247318$_$12,zero,T,w1_vs_w3,13,3,0.5,0.7417582417582418
97,247318$_$12,zero,T,w3_vs_w5,13,3,1.0,0.9285714285714285
97,247318$_$12,zero,T,w1_vs_w5,13,3,0.5,0.6593406593406593
98,247318$_$1,zero,V,w1_vs_w3,16,4,0.6,0.4588235294117647
98,247318$_$1,zero,V,w3_vs_w5,16,4,0.3333333333333333,0.7911764705882354
98,247318$_$1,zero,V,w1_vs_w5,16,4,0.3333333333333333,0.3205882352941176
99,247318$_$3,zero,T,w1_vs_w3,5,1,0.0,0.6
99,247318$_$3,zero,T,w3_vs_w5,5,1,0.0,0.0
99,247318$_$3,zero,T,w1_vs_w5,5,1,0.0,0.0
100,247318$_$2,zero,V,w1_vs_w3,17,4,0.6,0.8676470588235294
100,247318$_$2,zero,V,w3_vs_w5,17,4,0.14285714285714285,0.8259803921568629
100,247318$_$2,zero,V,w1_vs_w5,17,4,0.14285714285714285,0.6838235294117648
101,247318$_$5,zero,T,w1_vs_w3,19,4,0.6,0.6087719298245614
101,247318$_$5,zero,T,w3_vs_w5,19,4,0.3333333333333333,0.24035087719298245
101,247318$_$5,zero,T,w1_vs_w5,19,4,0.3333333333333333,-0.07368421052631578
102,247318$_$7,zero,T,w1_vs_w3,6,2,0.3333333333333333,0.7142857142857143
102,247318$_$7,zero,T,w3_vs_w5,6,2,0.0,0.50709255283711
102,247318$_$7,zero,T,w1_vs_w5,6,2,0.3333333333333333,0.6761234037828132
103,247318$_$6,zero,T,w1_vs_w3,5,1,0.0,-0.7
103,247318$_$6,zero,T,w3_vs_w5,5,1,0.0,0.0
103,247318$_$6,zero,T,w1_vs_w5,5,1,1.0,0.0
104,252998$_$1,zero,T,w1_vs_w3,18,4,0.3333333333333333,0.5913312693498451
104,252998$_$1,zero,T,w3_vs_w5,18,4,0.3333333333333333,0.8513931888544891
104,252998$_$1,zero,T,w1_vs_w5,18,4,0.6,0.45098039215686275
105,252998$_$0,zero,T,w1_vs_w3,14,3,0.5,0.5736263736263736
105,252998$_$0,zero,T,w3_vs_w5,14,3,1.0,0.9868131868131869
105,252998$_$0,zero,T,w1_vs_w5,14,3,0.5,0.5604395604395604
106,252998$_$5,zero,T,w1_vs_w3,41,9,0.5,0.7069255170312165
106,252998$_$5,zero,T,w3_vs_w5,41,9,0.8,0.9601045296167249
106,252998$_$5,zero,T,w1_vs_w5,41,9,0.5,0.7002061904281548
107,252998$_$4,zero,T,w1_vs_w3,48,10,0.42857142857142855,0.7334654112940769
107,252998$_$4,zero,T,w3_vs_w5,48,10,1.0,0.8149153278332609
107,252998$_$4,zero,T,w1_vs_w5,48,10,0.42857142857142855,0.5740494479276369
108,252998$_$7,zero,V,w1_vs_w3,37,8,0.3333333333333333,0.6474564621717523
108,252998$_$7,zero,V,w3_vs_w5,37,8,0.3333333333333333,0.8760595119414069
108,252998$_$7,zero,V,w1_vs_w5,37,8,0.3333333333333333,0.6045656951136666
109,252998$_$8,zero,T,w1_vs_w3,11,3,0.2,0.10000000000000002
109,252998$_$8,zero,T,w3_vs_w5,11,3,0.0,-0.22727272727272727
109,252998$_$8,zero,T,w1_vs_w5,11,3,0.0,-0.33636363636363636
110,257247$_$10,zero,T,w1_vs_w3,8,2,0.3333333333333333,0.0
110,257247$_$10,zero,T,w3_vs_w5,8,2,0.0,0.6347419188140273
110,257247$_$10,zero,T,w1_vs_w5,8,2,0.0,-0.5030030300035688
111,257247$_$12,zero,T,w1_vs_w3,19,4,0.3333333333333333,0.3589293895336233
111,257247$_$12,zero,T,w3_vs_w5,19,4,0.14285714285714285,0.47017543859649114
111,257247$_$12,zero,T,w1_vs_w5,19,4,0.0,0.4317683610037717
112,257247$_$2,zero,T,w1_vs_w3,18,4,0.3333333333333333,0.5913312693498451
112,257247$_$2,zero,T,w3_vs_w5,18,4,0.3333333333333333,0.826625386996904
112,257247$_$2,zero,T,w1_vs_w5,18,4,0.14285714285714285,0.40763673890608876
113,258654$_$1,zero,T,w1_vs_w3,48,10,0.25,0.4948571120230962
113,258654$_$1,zero,T,w3_vs_w5,48,10,0.6666666666666666,0.8864524533217543
113,258654$_$1,zero,T,w1_vs_w5,48,10,0.25,0.40008684575213804
114,258654$_$3,zero,T,w1_vs_w3,48,10,0.25,0.44780980362338124
114,258654$_$3,zero,T,w3_vs_w5,48,10,0.8181818181818182,0.7746417716022579
114,258654$_$3,zero,T,w1_vs_w5,48,10,0.25,0.22775878012166154
115,258654$_$4,zero,T,w1_vs_w3,15,3,0.2,0.6714285714285713
115,258654$_$4,zero,T,w3_vs_w5,15,3,1.0,0.825
115,258654$_$4,zero,T,w1_vs_w5,15,3,0.2,0.4107142857142856
116,266791$_$24,zero,T,w1_vs_w3,16,4,0.14285714285714285,0.010309289530969176
116,266791$_$24,zero,T,w3_vs_w5,16,4,0.0,-0.1411764705882353
116,266791$_$24,zero,T,w1_vs_w5,16,4,0.0,-0.568483679850586
117,266791$_$20,zero,V,w1_vs_w3,36,8,0.6,0.6360652780070006
117,266791$_$20,zero,V,w3_vs_w5,36,8,0.45454545454545453,0.7329944027019524
117,266791$_$20,zero,V,w1_vs_w5,36,8,0.45454545454545453,0.3598533369704375
118,266791$_$21,zero,T,w1_vs_w3,48,10,0.5384615384615384,0.4276402984307197
118,266791$_$21,zero,T,w3_vs_w5,48,10,0.42857142857142855,0.7738153395212507
118,266791$_$21,zero,T,w1_vs_w5,48,10,0.3333333333333333,0.17970453597673025
119,266791$_$23,zero,V,w1_vs_w3,34,7,0.2727272727272727,0.7188693659281894
119,266791$_$23,zero,V,w3_vs_w5,34,7,0.5555555555555556,0.9676088617265086
119,266791$_$23,zero,V,w1_vs_w5,34,7,0.2727272727272727,0.6705882352941176
120,266791$_$29,zero,T,w1_vs_w3,3,1,0.0,0.0
120,266791$_$29,zero,T,w3_vs_w5,3,1,1.0,0.0
120,266791$_$29,zero,T,w1_vs_w5,3,1,0.0,0.0
121,266791$_$3,zero,V,w1_vs_w3,19,4,1.0,0.5596491228070175
121,266791$_$3,zero,V,w3_vs_w5,19,4,0.6,0.7543859649122807
121,266791$_$3,zero,V,w1_vs_w5,19,4,0.6,0.23333333333333334
122,266791$_$5,zero,T,w1_vs_w3,32,7,0.16666666666666666,0.5546187683284457
122,266791$_$5,zero,T,w3_vs_w5,32,7,0.5555555555555556,0.9318181818181818
122,266791$_$5,zero,T,w1_vs_w5,32,7,0.2727272727272727,0.49523460410557174
123,266791$_$4,zero,T,w1_vs_w3,13,3,0.2,0.7197802197802198
123,266791$_$4,zero,T,w3_vs_w5,13,3,0.5,0.8076923076923077
123,266791$_$4,zero,T,w1_vs_w5,13,3,0.5,0.5934065934065934
124,266791$_$6,zero,T,w1_vs_w3,36,8,0.3333333333333333,0.661003861003861
124,266791$_$6,zero,T,w3_vs_w5,36,8,0.6,0.7842985842985843
124,266791$_$6,zero,T,w1_vs_w5,36,8,0.3333333333333333,0.42548262548262555
125,266791$_$8,zero,T,w1_vs_w3,11,3,0.2,0.5636363636363637
125,266791$_$8,zero,T,w3_vs_w5,11,3,0.5,0.7545454545454545
125,266791$_$8,zero,T,w1_vs_w5,11,3,0.0,0.44545454545454555
126,266791$_$11,zero,V,w1_vs_w3,11,3,0.5,0.8063802242134231
126,266791$_$11,zero,V,w3_vs_w5,11,3,0.2,0.8363636363636365
126,266791$_$11,zero,V,w1_vs_w5,11,3,0.5,0.5694775594727565
127,266791$_$14,zero,T,w1_vs_w3,26,6,0.5,0.6284835106386943
127,266791$_$14,zero,T,w3_vs_w5,26,6,1.0,0.682051282051282
127,266791$_$14,zero,T,w1_vs_w5,26,6,0.5,0.35732604386149924
128,270254$_$23,zero,T,w1_vs_w3,17,4,0.3333333333333333,0.22303921568627455
128,270254$_$23,zero,T,w3_vs_w5,17,4,1.0,0.9166666666666667
128,270254$_$23,zero,T,w1_vs_w5,17,4,0.3333333333333333,0.232843137254902
129,270254$_$0,zero,A,w1_vs_w3,18,4,0.3333333333333333,0.36429308565531476
129,270254$_$0,zero,A,w3_vs_w5,18,4,0.6,0.8245614035087718
129,270254$_$0,zero,A,w1_vs_w5,18,4,0.3333333333333333,0.17853457172342618
130,270254$_$6,zero,T,w1_vs_w3,32,7,0.75,0.7642961876832843
130,270254$_$6,zero,T,w3_vs_w5,32,7,0.5555555555555556,0.8416422287390029
130,270254$_$6,zero,T,w1_vs_w5,32,7,0.4,0.47800586510263926
131,270254$_$8,zero,T,w1_vs_w3,24,5,0.25,0.17304347826086955
131,270254$_$8,zero,T,w3_vs_w5,24,5,0.42857142857142855,0.6026086956521738
131,270254$_$8,zero,T,w1_vs_w5,24,5,0.42857142857142855,0.09826086956521737
132,270254$_$11,zero,A,w1_vs_w3,6,2,0.0,-0.6
132,270254$_$11,zero,A,w3_vs_w5,6,2,0.3333333333333333,0.8451542547285165
132,270254$_$11,zero,A,w1_vs_w5,6,2,0.0,-0.7775419143502353
133,270254$_$14,zero,V,w1_vs_w3,10,2,0.0,0.33333333333333326
133,270254$_$14,zero,V,w3_vs_w5,10,2,0.3333333333333333,0.9030303030303028
133,270254$_$14,zero,V,w1_vs_w5,10,2,0.0,0.0303030303030303
134,270254$_$16,zero,T,w1_vs_w3,15,3,0.5,0.3842718245784293
134,270254$_$16,zero,T,w3_vs_w5,15,3,0.2,0.41785714285714276
134,270254$_$16,zero,T,w1_vs_w5,15,3,0.0,-0.08221629735166394
135,272624$_$10,zero,T,w1_vs_w3,48,10,0.3333333333333333,0.7359079439299263
135,272624$_$10,zero,T,w3_vs_w5,48,10,0.6666666666666666,0.9266174554928355
135,272624$_$10,zero,T,w1_vs_w5,48,10,0.3333333333333333,0.6551958099408571
136,272624$_$13,zero,A,w1_vs_w3,37,8,0.45454545454545453,0.7121858700806069
136,272624$_$13,zero,A,w3_vs_w5,37,8,0.6,0.8698435277382643
136,272624$_$13,zero,A,w1_vs_w5,37,8,0.3333333333333333,0.5329540066382171
137,272624$_$12,zero,T,w1_vs_w3,22,5,0.42857142857142855,0.585544889892716
137,272624$_$12,zero,T,w3_vs_w5,22,5,1.0,0.8870694522868439
137,272624$_$12,zero,T,w1_vs_w5,22,5,0.42857142857142855,0.3754940711462451
138,272624$_$16,zero,T,w1_vs_w3,48,10,0.42857142857142855,0.6496960486322189
138,272624$_$16,zero,T,w3_vs_w5,48,10,0.6666666666666666,0.9551671732522796
138,272624$_$16,zero,T,w1_vs_w5,48,10,0.42857142857142855,0.6039947894051237
139,272624$_$18,zero,T,w1_vs_w3,36,8,0.14285714285714285,0.43809523809523815
139,272624$_$18,zero,T,w3_vs_w5,36,8,0.6,0.8422136422136424
139,272624$_$18,zero,T,w1_vs_w5,36,8,0.14285714285714285,0.30759330759330755
140,272624$_$2,zero,T,w1_vs_w3,46,10,0.42857142857142855,0.6654126076550939
140,272624$_$2,zero,T,w3_vs_w5,46,10,0.6666666666666666,0.7835337650323775
140,272624$_$2,zero,T,w1_vs_w5,46,10,0.3333333333333333,0.36826199650649416
141,272624$_$6,zero,T,w1_vs_w3,35,7,0.4,0.5375350140056022
141,272624$_$6,zero,T,w3_vs_w5,35,7,1.0,0.9184873949579833
141,272624$_$6,zero,T,w1_vs_w5,35,7,0.4,0.434733893557423
142,272624$_$9,zero,T,w1_vs_w3,47,10,0.42857142857142855,0.4343200740055504
142,272624$_$9,zero,T,w3_vs_w5,47,10,0.8181818181818182,0.8051572617946346
142,272624$_$9,zero,T,w1_vs_w5,47,10,0.42857142857142855,0.40518038852913973
143,272624$_$8,zero,T,w1_vs_w3,43,9,0.2,0.5761316876534053
143,272624$_$8,zero,T,w3_vs_w5,43,9,0.8,0.8843249773482332
143,272624$_$8,zero,T,w1_vs_w5,43,9,0.2,0.3829803302461431
144,273539$_$3,zero,T,w1_vs_w3,30,6,0.3333333333333333,0.474580045210571
144,273539$_$3,zero,T,w3_vs_w5,30,6,0.5,0.8945494994438264
144,273539$_$3,zero,T,w1_vs_w5,30,6,0.2,0.44610079261471863
145,273539$_$2,zero,T,w1_vs_w3,3,1,0.0,0.0
145,273539$_$2,zero,T,w3_vs_w5,3,1,1.0,0.0
145,273539$_$2,zero,T,w1_vs_w5,3,1,0.0,0.0
146,273539$_$9,zero,T,w1_vs_w3,46,10,0.3333333333333333,0.5115633672525439
146,273539$_$9,zero,T,w3_vs_w5,46,10,0.8181818181818182,0.833240826395313
146,273539$_$9,zero,T,w1_vs_w5,46,10,0.25,0.3365402405180388
147,290546$_$3,zero,T,w1_vs_w3,23,5,0.25,0.6808300395256918
147,290546$_$3,zero,T,w3_vs_w5,23,5,1.0,0.9130434782608695
147,290546$_$3,zero,T,w1_vs_w5,23,5,0.25,0.575098814229249
148,290546$_$5,zero,T,w1_vs_w3,33,7,0.5555555555555556,0.5350276546640184
148,290546$_$5,zero,T,w3_vs_w5,33,7,0.4,0.6417112299465242
148,290546$_$5,zero,T,w1_vs_w5,33,7,0.2727272727272727,0.34542722954245686
149,290546$_$7,zero,T,w1_vs_w3,48,10,0.42857142857142855,0.4218410768562744
149,290546$_$7,zero,T,w3_vs_w5,48,10,0.6666666666666666,0.9119626574033869
149,290546$_$7,zero,T,w1_vs_w5,48,10,0.3333333333333333,0.34433347807207987
150,290546$_$6,zero,T,w1_vs_w3,8,2,1.0,0.1666666666666667
150,290546$_$6,zero,T,w3_vs_w5,8,2,0.0,0.47905050476530353
150,290546$_$6,zero,T,w1_vs_w5,8,2,0.0,-0.22754898976351917
151,2S00zYaVrtc$_$10,zero,T,w1_vs_w3,18,4,0.3333333333333333,0.5276201012881685
151,2S00zYaVrtc$_$10,zero,T,w3_vs_w5,18,4,1.0,0.8988648090815273
151,2S00zYaVrtc$_$10,zero,T,w1_vs_w5,18,4,0.3333333333333333,0.49664436148651475
152,2S00zYaVrtc$_$12,zero,T,w1_vs_w3,17,4,0.14285714285714285,0.5125690724300374
152,2S00zYaVrtc$_$12,zero,T,w3_vs_w5,17,4,0.3333333333333333,0.8308823529411766
152,2S00zYaVrtc$_$12,zero,T,w1_vs_w5,17,4,0.3333333333333333,0.3862661670226357
153,2S00zYaVrtc$_$20,zero,T,w1_vs_w3,16,4,0.3333333333333333,0.8323529411764706
153,2S00zYaVrtc$_$20,zero,T,w3_vs_w5,16,4,0.6,0.7235294117647059
153,2S00zYaVrtc$_$20,zero,T,w1_vs_w5,16,4,0.14285714285714285,0.4088235294117647
154,2S00zYaVrtc$_$17,zero,V,w1_vs_w3,18,4,1.0,0.7420020639834881
154,2S00zYaVrtc$_$17,zero,V,w3_vs_w5,18,4,1.0,0.9896800825593396
154,2S00zYaVrtc$_$17,zero,V,w1_vs_w5,18,4,1.0,0.7481940144478844
155,2S00zYaVrtc$_$5,zero,T,w1_vs_w3,25,5,0.6666666666666666,0.740142348755765
155,2S00zYaVrtc$_$5,zero,T,w3_vs_w5,25,5,1.0,0.93
155,2S00zYaVrtc$_$5,zero,T,w1_vs_w5,25,5,0.6666666666666666,0.6935949349306885
156,2S00zYaVrtc$_$4,zero,T,w1_vs_w3,20,4,1.0,0.7624060150375939
156,2S00zYaVrtc$_$4,zero,T,w3_vs_w5,20,4,1.0,0.8466165413533834
156,2S00zYaVrtc$_$4,zero,T,w1_vs_w5,20,4,1.0,0.5969924812030075
157,2Xt31_d0XEE$_$2,zero,T,w1_vs_w3,24,5,0.42857142857142855,0.5888236712364623
157,2Xt31_d0XEE$_$2,zero,T,w3_vs_w5,24,5,0.6666666666666666,0.8208695652173912
157,2Xt31_d0XEE$_$2,zero,T,w1_vs_w5,24,5,0.25,0.3796477584855477
158,31474$_$11,zero,T,w1_vs_w3,7,2,0.0,-0.28571428571428575
158,31474$_$11,zero,T,w3_vs_w5,7,2,0.0,0.48181205582971587
158,31474$_$11,zero,T,w1_vs_w5,7,2,0.0,-0.37062465833055064
159,31474$_$14,zero,T,w1_vs_w3,16,4,0.3333333333333333,0.29705882352941176
159,31474$_$14,zero,T,w3_vs_w5,16,4,0.6,0.7617647058823529
159,31474$_$14,zero,T,w1_vs_w5,16,4,0.6,0.4970588235294117
160,31474$_$0,zero,V,w1_vs_w3,23,5,0.42857142857142855,0.37904621863862603
160,31474$_$0,zero,V,w3_vs_w5,23,5,1.0,0.8982213438735178
160,31474$_$0,zero,V,w1_vs_w5,23,5,0.42857142857142855,0.34840623747096655
161,31474$_$3,zero,T,w1_vs_w3,25,5,0.42857142857142855,0.4876923076923077
161,31474$_$3,zero,T,w3_vs_w5,25,5,0.42857142857142855,0.8538461538461539
161,31474$_$3,zero,T,w1_vs_w5,25,5,0.25,0.2561538461538462
162,31474$_$6,zero,T,w1_vs_w3,16,4,0.14285714285714285,0.29476859063719857
162,31474$_$6,zero,T,w3_vs_w5,16,4,0.6,0.8705882352941177
162,31474$_$6,zero,T,w1_vs_w5,16,4,0.3333333333333333,0.27855631815215265
163,31474$_$9,zero,T,w1_vs_w3,8,2,0.3333333333333333,0.6190476190476191
163,31474$_$9,zero,T,w3_vs_w5,8,2,0.3333333333333333,0.8622909085775463
163,31474$_$9,zero,T,w1_vs_w5,8,2,0.3333333333333333,0.6347419188140273
164,31474$_$8,zero,T,w1_vs_w3,8,2,1.0,0.4523809523809524
164,31474$_$8,zero,T,w3_vs_w5,8,2,0.0,0.6347419188140273
164,31474$_$8,zero,T,w1_vs_w5,8,2,0.0,0.08383383833392813
165,32681$_$1,zero,V,w1_vs_w3,21,5,0.25,0.0935064935064935
165,32681$_$1,zero,V,w3_vs_w5,21,5,0.42857142857142855,0.5766233766233767
165,32681$_$1,zero,V,w1_vs_w5,21,5,0.1111111111111111,-0.448051948051948
166,32681$_$3,zero,T,w1_vs_w3,39,8,0.3333333333333333,0.45285692653775544
166,32681$_$3,zero,T,w3_vs_w5,39,8,0.7777777777777778,0.8076923076923078
166,32681$_$3,zero,T,w1_vs_w5,39,8,0.23076923076923078,0.26691634226197164
167,32681$_$5,zero,T,w1_vs_w3,39,8,0.23076923076923078,0.42125506072874497
167,32681$_$5,zero,T,w3_vs_w5,39,8,0.6,0.7809716599190284
167,32681$_$5,zero,T,w1_vs_w5,39,8,0.3333333333333333,0.29331983805668016
168,32681$_$6,zero,T,w1_vs_w3,28,6,0.3333333333333333,0.6874657909140668
168,32681$_$6,zero,T,w3_vs_w5,28,6,0.5,0.9003831417624522
168,32681$_$6,zero,T,w1_vs_w5,28,6,0.3333333333333333,0.5659551176792555
169,33170$_$1,zero,T,w1_vs_w3,48,10,0.3333333333333333,0.5076668387355511
169,33170$_$1,zero,T,w3_vs_w5,48,10,0.5384615384615384,0.9560356057316544
169,33170$_$1,zero,T,w1_vs_w5,48,10,0.3333333333333333,0.4753711294393196
170,33170$_$3,zero,T,w1_vs_w3,34,7,0.2727272727272727,0.5818626344432088
170,33170$_$3,zero,T,w3_vs_w5,34,7,0.5555555555555556,0.8129870129870129
170,33170$_$3,zero,T,w1_vs_w5,34,7,0.16666666666666666,0.45595538371285066
171,33170$_$4,zero,T,w1_vs_w3,33,7,0.4,0.5065597076263774
171,33170$_$4,zero,T,w3_vs_w5,33,7,0.75,0.7142379679144385
171,33170$_$4,zero,T,w1_vs_w5,33,7,0.2727272727272727,0.11113896587645693
172,3MFNIag0wNE$_$12,zero,T,w1_vs_w3,48,10,0.42857142857142855,0.5837427078652301
172,3MFNIag0wNE$_$12,zero,T,w3_vs_w5,48,10,0.6666666666666666,0.7882110290924881
172,3MFNIag0wNE$_$12,zero,T,w1_vs_w5,48,10,0.3333333333333333,0.4478219583306814
173,3MFNIag0wNE$_$14,zero,T,w1_vs_w3,33,7,0.2727272727272727,0.4905458519255933
173,3MFNIag0wNE$_$14,zero,T,w3_vs_w5,33,7,0.5555555555555556,0.750564053761155
173,3MFNIag0wNE$_$14,zero,T,w1_vs_w5,33,7,0.16666666666666666,0.1760228943950508
174,3MFNIag0wNE$_$16,zero,V,w1_vs_w3,22,5,0.42857142857142855,0.8881987577639752
174,3MFNIag0wNE$_$16,zero,V,w3_vs_w5,22,5,0.6666666666666666,0.9017504234895539
174,3MFNIag0wNE$_$16,zero,V,w1_vs_w5,22,5,0.25,0.7978543195934501
175,3MFNIag0wNE$_$7,zero,V,w1_vs_w3,19,4,0.14285714285714285,0.7105263157894737
175,3MFNIag0wNE$_$7,zero,V,w3_vs_w5,19,4,1.0,0.9614035087719298
175,3MFNIag0wNE$_$7,zero,V,w1_vs_w5,19,4,0.14285714285714285,0.6298245614035087
176,3V2qm0rw920$_$11,zero,V,w1_vs_w3,20,4,0.3333333333333333,0.3935085723881383
176,3V2qm0rw920$_$11,zero,V,w3_vs_w5,20,4,1.0,0.8371568850769094
176,3V2qm0rw920$_$11,zero,V,w1_vs_w5,20,4,0.3333333333333333,0.21798450407599948
177,3V2qm0rw920$_$13,zero,T,w1_vs_w3,29,6,0.7142857142857143,0.6724159631368799
177,3V2qm0rw920$_$13,zero,T,w3_vs_w5,29,6,0.3333333333333333,0.7847290640394087
177,3V2qm0rw920$_$13,zero,T,w1_vs_w5,29,6,0.3333333333333333,0.40729336279415995
178,3V2qm0rw920$_$3,zero,V,w1_vs_w3,15,3,0.5,0.47857142857142854
178,3V2qm0rw920$_$3,zero,V,w3_vs_w5,15,3,0.2,0.7071428571428571
178,3V2qm0rw920$_$3,zero,V,w1_vs_w5,15,3,0.2,0.5178571428571428
179,3j94B0pzSVs$_$12,zero,T,w1_vs_w3,12,3,0.5,0.6853146853146854
179,3j94B0pzSVs$_$12,zero,T,w3_vs_w5,12,3,1.0,0.9790209790209792
179,3j94B0pzSVs$_$12,zero,T,w1_vs_w5,12,3,0.5,0.5804195804195805
180,3j94B0pzSVs$_$17,zero,T,w1_vs_w3,22,5,0.25,0.5866741953698477
180,3j94B0pzSVs$_$17,zero,T,w3_vs_w5,22,5,1.0,0.89158667419537
180,3j94B0pzSVs$_$17,zero,T,w1_vs_w5,22,5,0.25,0.4647092038396387
181,3j94B0pzSVs$_$1,zero,T,w1_vs_w3,34,7,0.4,0.6501145912910617
181,3j94B0pzSVs$_$1,zero,T,w3_vs_w5,34,7,0.5555555555555556,0.8762414056531701
181,3j94B0pzSVs$_$1,zero,T,w1_vs_w5,34,7,0.4,0.42887700534759354
182,3j94B0pzSVs$_$0,zero,T,w1_vs_w3,30,6,0.09090909090909091,0.07630700778642936
182,3j94B0pzSVs$_$0,zero,T,w3_vs_w5,30,6,0.7142857142857143,0.7815350389321468
182,3j94B0pzSVs$_$0,zero,T,w1_vs_w5,30,6,0.09090909090909091,-0.02647385984427141
183,4cFeG2ydm9A$_$8,zero,T,w1_vs_w3,16,4,0.3333333333333333,0.38235294117647056
183,4cFeG2ydm9A$_$8,zero,T,w3_vs_w5,16,4,0.6,0.7764705882352941
183,4cFeG2ydm9A$_$8,zero,T,w1_vs_w5,16,4,0.14285714285714285,0.032352941176470584
184,4dV3slGSc60$_$10,zero,A,w1_vs_w3,22,5,0.6666666666666666,0.7560700169395823
184,4dV3slGSc60$_$10,zero,A,w3_vs_w5,22,5,0.42857142857142855,0.8893280632411069
184,4dV3slGSc60$_$10,zero,A,w1_vs_w5,22,5,0.42857142857142855,0.5945793337097686
185,4dV3slGSc60$_$12,zero,A,w1_vs_w3,20,4,0.3333333333333333,0.7002633063850878
185,4dV3slGSc60$_$12,zero,A,w3_vs_w5,20,4,0.6,0.6932330827067669
185,4dV3slGSc60$_$12,zero,A,w1_vs_w5,20,4,0.14285714285714285,0.30011284559360907
186,4dV3slGSc60$_$22,zero,A,w1_vs_w3,48,10,0.8181818181818182,0.6613818791154944
186,4dV3slGSc60$_$22,zero,A,w3_vs_w5,48,10,0.42857142857142855,0.8186061658706035
186,4dV3slGSc60$_$22,zero,A,w1_vs_w5,48,10,0.3333333333333333,0.5067463326315498
187,4dV3slGSc60$_$9,zero,A,w1_vs_w3,20,4,0.6,0.8676691729323308
187,4dV3slGSc60$_$9,zero,A,w3_vs_w5,20,4,1.0,0.9443609022556391
187,4dV3slGSc60$_$9,zero,A,w1_vs_w5,20,4,0.6,0.7669172932330827
188,4dV3slGSc60$_$8,zero,T,w1_vs_w3,24,5,0.25,0.8609363094770918
188,4dV3slGSc60$_$8,zero,T,w3_vs_w5,24,5,0.6666666666666666,0.9182608695652172
188,4dV3slGSc60$_$8,zero,T,w1_vs_w5,24,5,0.42857142857142855,0.765615251956625
189,50103$_$3,zero,T,w1_vs_w3,45,9,0.5,0.7624481635983236
189,50103$_$3,zero,T,w3_vs_w5,45,9,0.6363636363636364,0.8963109354413702
189,50103$_$3,zero,T,w1_vs_w5,45,9,0.38461538461538464,0.6422775452078917
190,5B0PQx3Ep3k$_$5,zero,T,w1_vs_w3,28,6,0.3333333333333333,0.6222954716525846
190,5B0PQx3Ep3k$_$5,zero,T,w3_vs_w5,28,6,0.5,0.8160919540229885
190,5B0PQx3Ep3k$_$5,zero,T,w1_vs_w5,28,6,0.2,0.37743096828224537
191,5O1W39o56gg$_$1,zero,T,w1_vs_w3,14,3,0.2,0.6087912087912088
191,5O1W39o56gg$_$1,zero,T,w3_vs_w5,14,3,0.5,0.7714285714285714
191,5O1W39o56gg$_$1,zero,T,w1_vs_w5,14,3,0.0,0.3934065934065934
192,5O1W39o56gg$_$2,zero,V,w1_vs_w3,16,4,0.3333333333333333,0.5205882352941177
192,5O1W39o56gg$_$2,zero,V,w3_vs_w5,16,4,0.6,0.8970588235294116
192,5O1W39o56gg$_$2,zero,V,w1_vs_w5,16,4,0.3333333333333333,0.3058823529411765
193,5O1W39o56gg$_$9,zero,T,w1_vs_w3,15,3,0.2,0.26630931098691146
193,5O1W39o56gg$_$9,zero,T,w3_vs_w5,15,3,0.5,0.907142857142857
193,5O1W39o56gg$_$9,zero,T,w1_vs_w5,15,3,0.2,0.10187671628358358
194,5i6AgQSjXO4$_$3,zero,T,w1_vs_w3,19,4,0.3333333333333333,0.7117761431684063
194,5i6AgQSjXO4$_$3,zero,T,w3_vs_w5,19,4,0.3333333333333333,0.5964912280701754
194,5i6AgQSjXO4$_$3,zero,T,w1_vs_w5,19,4,0.14285714285714285,0.2425311302647903
195,5i6AgQSjXO4$_$2,zero,V,w1_vs_w3,28,6,0.7142857142857143,0.7569786535303776
195,5i6AgQSjXO4$_$2,zero,V,w3_vs_w5,28,6,0.7142857142857143,0.7372742200328407
195,5i6AgQSjXO4$_$2,zero,V,w1_vs_w5,28,6,0.5,0.3787629994526546
196,5i6AgQSjXO4$_$6,zero,T,w1_vs_w3,9,2,0.0,-0.45
196,5i6AgQSjXO4$_$6,zero,T,w3_vs_w5,9,2,0.0,0.7
196,5i6AgQSjXO4$_$6,zero,T,w1_vs_w5,9,2,0.3333333333333333,-0.09999999999999999
197,5kaCGzjYukM$_$0,zero,V,w1_vs_w3,34,7,0.75,0.8975693468546708
197,5kaCGzjYukM$_$0,zero,V,w3_vs_w5,34,7,0.75,0.9728036669213138
197,5kaCGzjYukM$_$0,zero,V,w1_vs_w5,34,7,0.5555555555555556,0.8313715053986884
198,5kaCGzjYukM$_$3,zero,V,w1_vs_w3,27,6,0.3333333333333333,0.452991452991453
198,5kaCGzjYukM$_$3,zero,V,w3_vs_w5,27,6,0.7142857142857143,0.7503052503052503
198,5kaCGzjYukM$_$3,zero,V,w1_vs_w5,27,6,0.3333333333333333,0.2399267399267399
199,5kaCGzjYukM$_$2,zero,T,w1_vs_w3,36,8,0.23076923076923078,0.4158568771079908
199,5kaCGzjYukM$_$2,zero,T,w3_vs_w5,36,8,0.3333333333333333,0.7387387387387389
199,5kaCGzjYukM$_$2,zero,T,w1_vs_w5,36,8,0.14285714285714285,0.20310187312795094
200,5kaCGzjYukM$_$5,zero,T,w1_vs_w3,32,7,0.2727272727272727,0.28508571982755904
200,5kaCGzjYukM$_$5,zero,T,w3_vs_w5,32,7,1.0,0.7309384164222874
200,5kaCGzjYukM$_$5,zero,T,w1_vs_w5,32,7,0.2727272727272727,0.12411770567412057
201,5kaCGzjYukM$_$7,zero,T,w1_vs_w3,48,10,0.5384615384615384,0.6582890061593585
201,5kaCGzjYukM$_$7,zero,T,w3_vs_w5,48,10,0.8181818181818182,0.9295484151107251
201,5kaCGzjYukM$_$7,zero,T,w1_vs_w5,48,10,0.5384615384615384,0.5667679981289571
202,6KvG5VbLalY$_$9,zero,T,w1_vs_w3,37,8,0.3333333333333333,0.4683627542472038
202,6KvG5VbLalY$_$9,zero,T,w3_vs_w5,37,8,0.45454545454545453,0.888809862494073
202,6KvG5VbLalY$_$9,zero,T,w1_vs_w5,37,8,0.23076923076923078,0.46646510824367
203,6ZA8I83x-oY$_$0,zero,A,w1_vs_w3,23,5,0.6666666666666666,0.9318181818181819
203,6ZA8I83x-oY$_$0,zero,A,w3_vs_w5,23,5,1.0,0.8754940711462451
203,6ZA8I83x-oY$_$0,zero,A,w1_vs_w5,23,5,0.6666666666666666,0.7391304347826088
204,6ZA8I83x-oY$_$2,zero,T,w1_vs_w3,48,10,0.17647058823529413,0.372425024982643
204,6ZA8I83x-oY$_$2,zero,T,w3_vs_w5,48,10,0.8181818181818182,0.9616804168475902
204,6ZA8I83x-oY$_$2,zero,T,w1_vs_w5,48,10,0.17647058823529413,0.3085900403769605
205,6hFiTU77Sm0$_$1,zero,T,w1_vs_w3,14,3,0.2,0.4241758241758242
205,6hFiTU77Sm0$_$1,zero,T,w3_vs_w5,14,3,0.5,0.4153846153846154
205,6hFiTU77Sm0$_$1,zero,T,w1_vs_w5,14,3,0.2,-0.07692307692307693
206,6hFiTU77Sm0$_$2,zero,T,w1_vs_w3,16,4,0.6,0.7088235294117646
206,6hFiTU77Sm0$_$2,zero,T,w3_vs_w5,16,4,0.14285714285714285,0.36470588235294116
206,6hFiTU77Sm0$_$2,zero,T,w1_vs_w5,16,4,0.3333333333333333,0.3294117647058824
207,6uPGcKTpC4I$_$1,zero,V,w1_vs_w3,27,6,0.3333333333333333,0.7184839003784846
207,6uPGcKTpC4I$_$1,zero,V,w3_vs_w5,27,6,0.3333333333333333,0.6921080831666331
207,6uPGcKTpC4I$_$1,zero,V,w1_vs_w5,27,6,0.2,0.45525590253038517
208,6uPGcKTpC4I$_$2,zero,T,w1_vs_w3,31,7,0.4,0.5697580645161291
208,6uPGcKTpC4I$_$2,zero,T,w3_vs_w5,31,7,0.75,0.7887096774193549
208,6uPGcKTpC4I$_$2,zero,T,w1_vs_w5,31,7,0.5555555555555556,0.36612903225806454
209,6uPGcKTpC4I$_$6,zero,T,w1_vs_w3,16,4,0.3333333333333333,0.2413540020591567
209,6uPGcKTpC4I$_$6,zero,T,w3_vs_w5,16,4,0.6,0.713760310967628
209,6uPGcKTpC4I$_$6,zero,T,w1_vs_w5,16,4,0.3333333333333333,-0.032352941176470584
210,70280$_$11,zero,T,w1_vs_w3,23,5,0.25,0.43280632411067194
210,70280$_$11,zero,T,w3_vs_w5,23,5,0.25,0.7322134387351779
210,70280$_$11,zero,T,w1_vs_w5,23,5,0.42857142857142855,0.3982213438735178
211,70280$_$3,zero,T,w1_vs_w3,25,5,0.25,0.31769230769230766
211,70280$_$3,zero,T,w3_vs_w5,25,5,1.0,0.726153846153846
211,70280$_$3,zero,T,w1_vs_w5,25,5,0.25,0.06769230769230769
212,70280$_$4,zero,T,w1_vs_w3,23,5,0.6666666666666666,0.2806324110671937
212,70280$_$4,zero,T,w3_vs_w5,23,5,0.6666666666666666,0.7924901185770751
212,70280$_$4,zero,T,w1_vs_w5,23,5,0.42857142857142855,0.10968379446640317
213,70280$_$6,zero,T,w1_vs_w3,26,6,0.5,0.5917948717948718
213,70280$_$6,zero,T,w3_vs_w5,26,6,1.0,0.8639316239316238
213,70280$_$6,zero,T,w1_vs_w5,26,6,0.5,0.43316239316239313
214,75RGHaxmUK8$_$3,zero,T,w1_vs_w3,19,4,0.3333333333333333,0.34488814202130547
214,75RGHaxmUK8$_$3,zero,T,w3_vs_w5,19,4,0.6,0.6070175438596491
214,75RGHaxmUK8$_$3,zero,T,w1_vs_w5,19,4,0.3333333333333333,0.33523478435658705
215,75RGHaxmUK8$_$5,zero,T,w1_vs_w3,13,3,0.2,0.5164835164835164
215,75RGHaxmUK8$_$5,zero,T,w3_vs_w5,13,3,1.0,0.6868131868131868
215,75RGHaxmUK8$_$5,zero,T,w1_vs_w5,13,3,0.2,0.21428571428571427
216,7_K3F-lAv1k$_$2,zero,V,w1_vs_w3,43,9,0.6363636363636364,0.715219051592753
216,7_K3F-lAv1k$_$2,zero,V,w3_vs_w5,43,9,0.6363636363636364,0.9140333000058285
216,7_K3F-lAv1k$_$2,zero,V,w1_vs_w5,43,9,0.5,0.5841169344216653
217,7r4vRxKLFCA$_$6,zero,T,w1_vs_w3,37,8,0.3333333333333333,0.509190118784891
217,7r4vRxKLFCA$_$6,zero,T,w3_vs_w5,37,8,0.7777777777777778,0.9203413940256044
217,7r4vRxKLFCA$_$6,zero,T,w1_vs_w5,37,8,0.3333333333333333,0.497924850670181
218,80566$_$1,zero,T,w1_vs_w3,13,3,0.5,0.43191237558637263
218,80566$_$1,zero,T,w3_vs_w5,13,3,0.5,0.8186813186813187
218,80566$_$1,zero,T,w1_vs_w5,13,3,0.2,0.15130688316720062
219,80566$_$0,zero,T,w1_vs_w3,12,3,0.2,-0.04895104895104895
219,80566$_$0,zero,T,w3_vs_w5,12,3,0.5,0.6153846153846154
219,80566$_$0,zero,T,w1_vs_w5,12,3,0.2,-0.18881118881118883
220,80566$_$3,zero,V,w1_vs_w3,17,4,0.6,0.45833333333333337
220,80566$_$3,zero,V,w3_vs_w5,17,4,1.0,0.9264705882352943
220,80566$_$3,zero,V,w1_vs_w5,17,4,0.6,0.29901960784313725
221,80566$_$2,zero,V,w1_vs_w3,14,3,0.5,0.8021978021978022
221,80566$_$2,zero,V,w3_vs_w5,14,3,1.0,0.9648351648351648
221,80566$_$2,zero,V,w1_vs_w5,14,3,0.5,0.7186813186813187
222,80566$_$4,zero,V,w1_vs_w3,7,2,0.0,0.4642857142857144
222,80566$_$4,zero,V,w3_vs_w5,7,2,0.3333333333333333,0.8894991799933215
222,80566$_$4,zero,V,w1_vs_w5,7,2,0.0,0.2594372608313854
223,80566$_$6,zero,T,w1_vs_w3,17,4,0.14285714285714285,0.4852941176470589
223,80566$_$6,zero,T,w3_vs_w5,17,4,0.6,0.823529411764706
223,80566$_$6,zero,T,w1_vs_w5,17,4,0.14285714285714285,0.38480392156862747
224,80855$_$11,zero,V,w1_vs_w3,15,3,0.5,0.807142857142857
224,80855$_$11,zero,V,w3_vs_w5,15,3,0.5,0.8178571428571428
224,80855$_$11,zero,V,w1_vs_w5,15,3,0.2,0.7321428571428571
225,80855$_$10,zero,T,w1_vs_w3,17,4,0.3333333333333333,0.8431372549019609
225,80855$_$10,zero,T,w3_vs_w5,17,4,0.14285714285714285,0.732843137254902
225,80855$_$10,zero,T,w1_vs_w5,17,4,0.3333333333333333,0.5588235294117647
226,80855$_$12,zero,T,w1_vs_w3,21,5,0.6666666666666666,0.7623376623376623
226,80855$_$12,zero,T,w3_vs_w5,21,5,0.1111111111111111,-0.04935064935064935
226,80855$_$12,zero,T,w1_vs_w5,21,5,0.1111111111111111,-0.12987012987012986
227,80855$_$15,zero,T,w1_vs_w3,19,4,0.6,0.3508771929824562
227,80855$_$15,zero,T,w3_vs_w5,19,4,1.0,0.8228070175438595
227,80855$_$15,zero,T,w1_vs_w5,19,4,0.6,0.41052631578947374
228,80855$_$17,zero,T,w1_vs_w3,30,6,0.3333333333333333,0.5136818687430478
228,80855$_$17,zero,T,w3_vs_w5,30,6,0.7142857142857143,0.5746384872080088
228,80855$_$17,zero,T,w1_vs_w5,30,6,0.2,0.05761957730812013
229,80855$_$0,zero,T,w1_vs_w3,1,1,1.0,0.0
229,80855$_$0,zero,T,w3_vs_w5,1,1,1.0,0.0
229,80855$_$0,zero,T,w1_vs_w5,1,1,1.0,0.0
230,80855$_$3,zero,T,w1_vs_w3,3,1,0.0,0.0
230,80855$_$3,zero,T,w3_vs_w5,3,1,1.0,0.0
230,80855$_$3,zero,T,w1_vs_w5,3,1,0.0,0.0
231,80855$_$2,zero,T,w1_vs_w3,5,1,0.0,0.09999999999999999
231,80855$_$2,zero,T,w3_vs_w5,5,1,0.0,0.0
231,80855$_$2,zero,T,w1_vs_w5,5,1,0.0,0.0
232,80855$_$7,zero,T,w1_vs_w3,7,2,0.0,-0.28571428571428575
232,80855$_$7,zero,T,w3_vs_w5,7,2,0.3333333333333333,0.48181205582971587
232,80855$_$7,zero,T,w1_vs_w5,7,2,0.0,-0.7041868508280462
233,80855$_$20,zero,V,w1_vs_w3,16,4,0.3333333333333333,0.6328184200331548
233,80855$_$20,zero,V,w3_vs_w5,16,4,0.3333333333333333,0.8727007513480481
233,80855$_$20,zero,V,w1_vs_w5,16,4,0.14285714285714285,0.3807069219440353
234,830KzUc6CbU$_$0,zero,V,w1_vs_w3,18,4,0.3333333333333333,0.7316821465428276
234,830KzUc6CbU$_$0,zero,V,w3_vs_w5,18,4,1.0,0.9649122807017543
234,830KzUc6CbU$_$0,zero,V,w1_vs_w5,18,4,0.3333333333333333,0.6449948400412797
235,830KzUc6CbU$_$13,zero,T,w1_vs_w3,47,10,0.25,0.33892229417206293
235,830KzUc6CbU$_$13,zero,T,w3_vs_w5,47,10,1.0,0.9043709528214617
235,830KzUc6CbU$_$13,zero,T,w1_vs_w5,47,10,0.25,0.16350601295097134
236,84140$_$0,zero,V,w1_vs_w3,22,5,0.42857142857142855,0.6783497834541942
236,84140$_$0,zero,V,w3_vs_w5,22,5,0.6666666666666666,0.8249576510446077
236,84140$_$0,zero,V,w1_vs_w5,22,5,0.25,0.4296215295209897
237,84140$_$5,zero,T,w1_vs_w3,48,10,0.25,0.6295049934867564
237,84140$_$5,zero,T,w3_vs_w5,48,10,0.8181818181818182,0.9472427268779853
237,84140$_$5,zero,T,w1_vs_w5,48,10,0.3333333333333333,0.5328918801563178
238,89835$_$1,zero,T,w1_vs_w3,18,4,0.3333333333333333,0.5092977924247022
238,89835$_$1,zero,T,w3_vs_w5,18,4,1.0,0.7956656346749225
238,89835$_$1,zero,T,w1_vs_w5,18,4,0.3333333333333333,0.3037191703303498
239,89835$_$0,zero,V,w1_vs_w3,13,3,0.0,0.35714285714285715
239,89835$_$0,zero,V,w3_vs_w5,13,3,1.0,0.9780219780219779
239,89835$_$0,zero,V,w1_vs_w5,13,3,0.0,0.3681318681318681
240,89835$_$4,zero,T,w1_vs_w3,48,10,0.5384615384615384,0.6616369952236213
240,89835$_$4,zero,T,w3_vs_w5,48,10,0.6666666666666666,0.9184759009986972
240,89835$_$4,zero,T,w1_vs_w5,48,10,0.5384615384615384,0.6045375597047329
241,89835$_$7,zero,T,w1_vs_w3,41,9,0.6363636363636364,0.6064381286262657
241,89835$_$7,zero,T,w3_vs_w5,41,9,0.8,0.9069686411149828
241,89835$_$7,zero,T,w1_vs_w5,41,9,0.6363636363636364,0.44352485459507524
242,8eaYvALnJ0o$_$1,zero,T,w1_vs_w3,24,5,0.42857142857142855,0.7519026052938282
242,8eaYvALnJ0o$_$1,zero,T,w3_vs_w5,24,5,0.25,0.7426086956521739
242,8eaYvALnJ0o$_$1,zero,T,w1_vs_w5,24,5,0.25,0.41530768539942503
243,8eaYvALnJ0o$_$0,zero,T,w1_vs_w3,14,3,1.0,0.530253346170072
243,8eaYvALnJ0o$_$0,zero,T,w3_vs_w5,14,3,0.5,0.8725274725274725
243,8eaYvALnJ0o$_$0,zero,T,w1_vs_w5,14,3,0.5,0.45764604150778004
244,8x_nCOh6Wmc$_$6,zero,T,w1_vs_w3,47,10,0.42857142857142855,0.49191801104829086
244,8x_nCOh6Wmc$_$6,zero,T,w3_vs_w5,47,10,0.6666666666666666,0.8259713228492137
244,8x_nCOh6Wmc$_$6,zero,T,w1_vs_w5,47,10,0.25,0.3138536381329737
245,96642$_$1,zero,T,w1_vs_w3,25,5,0.25,0.5153846153846153
245,96642$_$1,zero,T,w3_vs_w5,25,5,0.6666666666666666,0.7546153846153847
245,96642$_$1,zero,T,w1_vs_w5,25,5,0.42857142857142855,0.3984615384615384
246,96642$_$3,zero,T,w1_vs_w3,17,4,0.3333333333333333,0.6372549019607844
246,96642$_$3,zero,T,w3_vs_w5,17,4,0.3333333333333333,0.8014705882352942
246,96642$_$3,zero,T,w1_vs_w5,17,4,0.14285714285714285,0.5171568627450981
247,96642$_$2,zero,T,w1_vs_w3,18,4,0.3333333333333333,0.11661506707946334
247,96642$_$2,zero,T,w3_vs_w5,18,4,0.6,0.7543859649122806
247,96642$_$2,zero,T,w1_vs_w5,18,4,0.3333333333333333,-0.11867905056759545
248,96642$_$4,zero,T,w1_vs_w3,35,7,0.5555555555555556,0.45149541330895737
248,96642$_$4,zero,T,w3_vs_w5,35,7,0.5555555555555556,0.9129490883092823
248,96642$_$4,zero,T,w1_vs_w5,35,7,0.4,0.38184620069248854
249,99501$_$10,zero,V,w1_vs_w3,21,5,0.6666666666666666,0.7996103052448944
249,99501$_$10,zero,V,w3_vs_w5,21,5,0.6666666666666666,0.8662337662337661
249,99501$_$10,zero,V,w1_vs_w5,21,5,0.42857142857142855,0.5417343578994654
250,99501$_$13,zero,T,w1_vs_w3,38,8,0.23076923076923078,0.39643287011708067
250,99501$_$13,zero,T,w3_vs_w5,38,8,0.6,0.7120035014771856
250,99501$_$13,zero,T,w1_vs_w5,38,8,0.14285714285714285,0.14082503556187764
251,99501$_$1,zero,T,w1_vs_w3,18,4,0.3333333333333333,0.31905011995703336
251,99501$_$1,zero,T,w3_vs_w5,18,4,0.14285714285714285,0.2714138286893705
251,99501$_$1,zero,T,w1_vs_w5,18,4,0.0,-0.10325246600551242
252,99501$_$0,zero,T,w1_vs_w3,1,1,1.0,0.0
252,99501$_$0,zero,T,w3_vs_w5,1,1,1.0,0.0
252,99501$_$0,zero,T,w1_vs_w5,1,1,1.0,0.0
253,99501$_$5,zero,T,w1_vs_w3,39,8,0.3333333333333333,0.5637651821862348
253,99501$_$5,zero,T,w3_vs_w5,39,8,0.3333333333333333,0.291497975708502
253,99501$_$5,zero,T,w1_vs_w5,39,8,0.06666666666666667,0.03461538461538462
254,99501$_$7,zero,T,w1_vs_w3,18,4,0.3333333333333333,0.7234262125902993
254,99501$_$7,zero,T,w3_vs_w5,18,4,1.0,0.8740970072239421
254,99501$_$7,zero,T,w1_vs_w5,18,4,0.3333333333333333,0.5397316821465429
255,9QI-9w_VdB4$_$0,zero,T,w1_vs_w3,24,5,0.42857142857142855,0.5501196042201808
255,9QI-9w_VdB4$_$0,zero,T,w3_vs_w5,24,5,0.6666666666666666,0.8939130434782607
255,9QI-9w_VdB4$_$0,zero,T,w1_vs_w5,24,5,0.25,0.40269624783232205
256,AG5EY8ZaFj4$_$3,zero,V,w1_vs_w3,17,4,0.3333333333333333,0.8166770388478585
256,AG5EY8ZaFj4$_$3,zero,V,w3_vs_w5,17,4,1.0,0.9901960784313727
256,AG5EY8ZaFj4$_$3,zero,V,w1_vs_w5,17,4,0.3333333333333333,0.7933784446464931
257,AG5EY8ZaFj4$_$15,zero,V,w1_vs_w3,26,6,0.7142857142857143,0.9599863762504658
257,AG5EY8ZaFj4$_$15,zero,V,w3_vs_w5,26,6,0.5,0.8871794871794871
257,AG5EY8ZaFj4$_$15,zero,V,w1_vs_w5,26,6,0.3333333333333333,0.8019836310321845
258,Arh2TKRi_mg$_$15,zero,T,w1_vs_w3,23,5,0.25,0.32616754146218147
258,Arh2TKRi_mg$_$15,zero,T,w3_vs_w5,23,5,1.0,0.8399209486166009
258,Arh2TKRi_mg$_$15,zero,T,w1_vs_w5,23,5,0.25,0.06869286100491397
259,Arh2TKRi_mg$_$14,zero,V,w1_vs_w3,22,5,0.42857142857142855,0.4174475085088525
259,Arh2TKRi_mg$_$14,zero,V,w3_vs_w5,22,5,0.25,0.09655561829474874
259,Arh2TKRi_mg$_$14,zero,V,w1_vs_w5,22,5,0.25,0.40385355979214627
260,Arh2TKRi_mg$_$16,zero,T,w1_vs_w3,32,7,0.2727272727272727,0.5181926517960169
260,Arh2TKRi_mg$_$16,zero,T,w3_vs_w5,32,7,0.5555555555555556,0.9633431085043987
260,Arh2TKRi_mg$_$16,zero,T,w1_vs_w5,32,7,0.4,0.5064613713874762
261,Arh2TKRi_mg$_$19,zero,V,w1_vs_w3,21,5,0.6666666666666666,0.6608138817031113
261,Arh2TKRi_mg$_$19,zero,V,w3_vs_w5,21,5,0.42857142857142855,0.6220779220779221
261,Arh2TKRi_mg$_$19,zero,V,w1_vs_w5,21,5,0.25,0.48520389345523723
262,Arh2TKRi_mg$_$32,zero,T,w1_vs_w3,28,6,0.5,0.5429666119321293
262,Arh2TKRi_mg$_$32,zero,T,w3_vs_w5,28,6,0.7142857142857143,0.6518883415435139
262,Arh2TKRi_mg$_$32,zero,T,w1_vs_w5,28,6,0.3333333333333333,0.31089217296113847
263,Arh2TKRi_mg$_$28,zero,T,w1_vs_w3,16,4,0.3333333333333333,0.5882352941176471
263,Arh2TKRi_mg$_$28,zero,T,w3_vs_w5,16,4,1.0,0.6617647058823529
263,Arh2TKRi_mg$_$28,zero,T,w1_vs_w5,16,4,0.3333333333333333,0.1647058823529412
264,Arh2TKRi_mg$_$3,zero,T,w1_vs_w3,32,7,0.75,0.5803612968850129
264,Arh2TKRi_mg$_$3,zero,T,w3_vs_w5,32,7,1.0,0.9676473324482396
264,Arh2TKRi_mg$_$3,zero,T,w1_vs_w5,32,7,0.75,0.5871997460787826
265,AxNy9TeTLq8$_$0,zero,T,w1_vs_w3,38,8,0.23076923076923078,0.48719078900012025
265,AxNy9TeTLq8$_$0,zero,T,w3_vs_w5,38,8,0.6,0.932815406499617
265,AxNy9TeTLq8$_$0,zero,T,w1_vs_w5,38,8,0.14285714285714285,0.39161380949515284
266,BSKAHXFYF_I$_$1,zero,T,w1_vs_w3,13,3,0.2,0.40659340659340654
266,BSKAHXFYF_I$_$1,zero,T,w3_vs_w5,13,3,0.5,0.8351648351648352
266,BSKAHXFYF_I$_$1,zero,T,w1_vs_w5,13,3,0.2,0.19780219780219782
267,BSKAHXFYF_I$_$3,zero,T,w1_vs_w3,32,7,0.5555555555555556,0.6851800963613411
267,BSKAHXFYF_I$_$3,zero,T,w3_vs_w5,32,7,0.75,0.879765395894428
267,BSKAHXFYF_I$_$3,zero,T,w1_vs_w5,32,7,0.4,0.6147924139100959
268,BSKAHXFYF_I$_$7,zero,T,w1_vs_w3,14,3,0.5,0.367032967032967
268,BSKAHXFYF_I$_$7,zero,T,w3_vs_w5,14,3,0.5,0.7142857142857143
268,BSKAHXFYF_I$_$7,zero,T,w1_vs_w5,14,3,0.5,0.05054945054945055
269,BSKAHXFYF_I$_$8,zero,V,w1_vs_w3,16,4,0.14285714285714285,0.6588235294117648
269,BSKAHXFYF_I$_$8,zero,V,w3_vs_w5,16,4,0.6,0.9147058823529413
269,BSKAHXFYF_I$_$8,zero,V,w1_vs_w5,16,4,0.14285714285714285,0.6205882352941177
270,Baz0VVQ-E9E$_$10,zero,T,w1_vs_w3,9,2,0.3333333333333333,0.08333333333333334
270,Baz0VVQ-E9E$_$10,zero,T,w3_vs_w5,9,2,0.0,0.7666666666666667
270,Baz0VVQ-E9E$_$10,zero,T,w1_vs_w5,9,2,0.0,-0.25
271,Baz0VVQ-E9E$_$1,zero,T,w1_vs_w3,12,3,1.0,0.6993006993006995
271,Baz0VVQ-E9E$_$1,zero,T,w3_vs_w5,12,3,0.5,0.9440559440559443
271,Baz0VVQ-E9E$_$1,zero,T,w1_vs_w5,12,3,0.5,0.6153846153846154
272,Baz0VVQ-E9E$_$5,zero,T,w1_vs_w3,7,2,0.3333333333333333,0.39285714285714296
272,Baz0VVQ-E9E$_$5,zero,T,w3_vs_w5,7,2,0.3333333333333333,0.8894991799933215
272,Baz0VVQ-E9E$_$5,zero,T,w1_vs_w5,7,2,0.3333333333333333,0.14824986333222023
273,Baz0VVQ-E9E$_$7,zero,T,w1_vs_w3,18,4,0.14285714285714285,0.17234262125902994
273,Baz0VVQ-E9E$_$7,zero,T,w3_vs_w5,18,4,0.14285714285714285,0.4324045407636739
273,Baz0VVQ-E9E$_$7,zero,T,w1_vs_w5,18,4,0.14285714285714285,-0.06914344685242517
274,CJGuudyvA0Y$_$4,zero,V,w1_vs_w3,39,8,0.14285714285714285,0.5948753894848018
274,CJGuudyvA0Y$_$4,zero,V,w3_vs_w5,39,8,1.0,0.8279838553779115
274,CJGuudyvA0Y$_$4,zero,V,w1_vs_w5,39,8,0.14285714285714285,0.3492938255364996
275,CPjbogfLHR4$_$2,zero,T,w1_vs_w3,16,4,0.14285714285714285,0.008823529411764706
275,CPjbogfLHR4$_$2,zero,T,w3_vs_w5,16,4,0.3333333333333333,0.44705882352941173
275,CPjbogfLHR4$_$2,zero,T,w1_vs_w5,16,4,0.14285714285714285,0.049999999999999996
276,CPjbogfLHR4$_$5,zero,A,w1_vs_w3,29,6,0.5,0.8210370797589231
276,CPjbogfLHR4$_$5,zero,A,w3_vs_w5,29,6,1.0,0.8921182266009852
276,CPjbogfLHR4$_$5,zero,A,w1_vs_w5,29,6,0.5,0.6525434216265789
277,DdUJojoFU_c$_$11,zero,T,w1_vs_w3,24,5,0.42857142857142855,0.3074581503428204
277,DdUJojoFU_c$_$11,zero,T,w3_vs_w5,24,5,0.1111111111111111,0.31652173913043474
277,DdUJojoFU_c$_$11,zero,T,w1_vs_w5,24,5,0.0,0.04653185585103506
278,DdUJojoFU_c$_$15,zero,T,w1_vs_w3,16,4,0.3333333333333333,0.10294117647058824
278,DdUJojoFU_c$_$15,zero,T,w3_vs_w5,16,4,0.6,0.9558823529411766
278,DdUJojoFU_c$_$15,zero,T,w1_vs_w5,16,4,0.3333333333333333,0.10294117647058824
279,DdUJojoFU_c$_$14,zero,V,w1_vs_w3,23,5,0.25,0.6027667984189723
279,DdUJojoFU_c$_$14,zero,V,w3_vs_w5,23,5,1.0,0.8577075098814229
279,DdUJojoFU_c$_$14,zero,V,w1_vs_w5,23,5,0.25,0.2717391304347826
280,DdUJojoFU_c$_$17,zero,T,w1_vs_w3,20,4,0.14285714285714285,0.3714285714285714
280,DdUJojoFU_c$_$17,zero,T,w3_vs_w5,20,4,1.0,0.8541353383458646
280,DdUJojoFU_c$_$17,zero,T,w1_vs_w5,20,4,0.14285714285714285,0.2992481203007519
281,DdUJojoFU_c$_$16,zero,V,w1_vs_w3,39,8,0.7777777777777778,0.878991852940069
281,DdUJojoFU_c$_$16,zero,V,w3_vs_w5,39,8,0.7777777777777778,0.9350202429149798
281,DdUJojoFU_c$_$16,zero,V,w1_vs_w5,39,8,0.6,0.7715977539108874
282,DdUJojoFU_c$_$2,zero,A,w1_vs_w3,44,9,0.5,0.678646934460888
282,DdUJojoFU_c$_$2,zero,A,w3_vs_w5,44,9,0.8,0.871599718111346
282,DdUJojoFU_c$_$2,zero,A,w1_vs_w5,44,9,0.5,0.5312191684284707
283,DdUJojoFU_c$_$6,zero,T,w1_vs_w3,32,7,0.4,0.42741935483870963
283,DdUJojoFU_c$_$6,zero,T,w3_vs_w5,32,7,0.4,0.7327712609970675
283,DdUJojoFU_c$_$6,zero,T,w1_vs_w5,32,7,0.2727272727272727,0.33394428152492667
284,DdUJojoFU_c$_$8,zero,T,w1_vs_w3,28,6,0.5,0.3726215235511279
284,DdUJojoFU_c$_$8,zero,T,w3_vs_w5,28,6,0.7142857142857143,0.7744937055281882
284,DdUJojoFU_c$_$8,zero,T,w1_vs_w5,28,6,0.5,0.3770020851799435
285,DlbYiwOnTyk$_$1,zero,T,w1_vs_w3,20,4,0.14285714285714285,0.24511278195488717
285,DlbYiwOnTyk$_$1,zero,T,w3_vs_w5,20,4,0.3333333333333333,0.544360902255639
285,DlbYiwOnTyk$_$1,zero,T,w1_vs_w5,20,4,0.14285714285714285,-0.04360902255639097
286,E8MuzHUhUHk$_$15,zero,T,w1_vs_w3,16,4,0.6,0.4088235294117647
286,E8MuzHUhUHk$_$15,zero,T,w3_vs_w5,16,4,0.6,0.6970588235294117
286,E8MuzHUhUHk$_$15,zero,T,w1_vs_w5,16,4,0.3333333333333333,0.01764705882352941
287,E8MuzHUhUHk$_$14,zero,V,w1_vs_w3,18,4,0.3333333333333333,0.9050567595459237
287,E8MuzHUhUHk$_$14,zero,V,w3_vs_w5,18,4,0.6,0.9917440660474718
287,E8MuzHUhUHk$_$14,zero,V,w1_vs_w5,18,4,0.3333333333333333,0.894736842105263
288,E8MuzHUhUHk$_$16,zero,T,w1_vs_w3,30,6,0.5,0.6363841312885828
288,E8MuzHUhUHk$_$16,zero,T,w3_vs_w5,30,6,1.0,0.9604004449388208
288,E8MuzHUhUHk$_$16,zero,T,w1_vs_w5,30,6,0.5,0.6016479785660429
289,E8MuzHUhUHk$_$2,zero,V,w1_vs_w3,26,6,0.7142857142857143,0.7692326770428112
289,E8MuzHUhUHk$_$2,zero,V,w3_vs_w5,26,6,0.7142857142857143,0.9076923076923077
289,E8MuzHUhUHk$_$2,zero,V,w1_vs_w5,26,6,0.7142857142857143,0.6129876433093938
290,E8MuzHUhUHk$_$9,zero,V,w1_vs_w3,25,5,0.42857142857142855,0.6602389363787742
290,E8MuzHUhUHk$_$9,zero,V,w3_vs_w5,25,5,0.6666666666666666,0.6615384615384615
290,E8MuzHUhUHk$_$9,zero,V,w1_vs_w5,25,5,0.42857142857142855,0.3291547707370511
291,EEjCkc82oyk$_$7,zero,T,w1_vs_w3,22,5,0.25,0.3540372670807454
291,EEjCkc82oyk$_$7,zero,T,w3_vs_w5,22,5,1.0,0.6668548842461888
291,EEjCkc82oyk$_$7,zero,T,w1_vs_w5,22,5,0.25,0.08074534161490683
292,EEjCkc82oyk$_$9,zero,T,w1_vs_w3,21,5,0.42857142857142855,0.43376623376623374
292,EEjCkc82oyk$_$9,zero,T,w3_vs_w5,21,5,0.6666666666666666,0.8948051948051948
292,EEjCkc82oyk$_$9,zero,T,w1_vs_w5,21,5,0.42857142857142855,0.3948051948051948
293,EQxkXiWAm08$_$8,zero,V,w1_vs_w3,13,3,0.2,-0.0577717190274766
293,EQxkXiWAm08$_$8,zero,V,w3_vs_w5,13,3,0.2,0.7417582417582418
293,EQxkXiWAm08$_$8,zero,V,w1_vs_w5,13,3,0.2,-0.3081158348132085
294,ET1cU5_A2YM$_$1,zero,T,w1_vs_w3,24,5,0.25,0.36660144376095843
294,ET1cU5_A2YM$_$1,zero,T,w3_vs_w5,24,5,0.6666666666666666,0.826086956521739
294,ET1cU5_A2YM$_$1,zero,T,w1_vs_w5,24,5,0.25,0.13916069039561885
295,ET1cU5_A2YM$_$3,zero,V,w1_vs_w3,13,3,1.0,0.8186813186813187
295,ET1cU5_A2YM$_$3,zero,V,w3_vs_w5,13,3,0.5,0.9175824175824175
295,ET1cU5_A2YM$_$3,zero,V,w1_vs_w5,13,3,0.5,0.7087912087912087
296,ET1cU5_A2YM$_$6,zero,T,w1_vs_w3,20,4,0.14285714285714285,0.3203007518796992
296,ET1cU5_A2YM$_$6,zero,T,w3_vs_w5,20,4,0.6,0.863157894736842
296,ET1cU5_A2YM$_$6,zero,T,w1_vs_w5,20,4,0.14285714285714285,0.22406015037593985
297,EmmuWoCUgXs$_$22,zero,T,w1_vs_w3,15,3,0.2,-0.1857142857142857
297,EmmuWoCUgXs$_$22,zero,T,w3_vs_w5,15,3,1.0,0.8571428571428571
297,EmmuWoCUgXs$_$22,zero,T,w1_vs_w5,15,3,0.2,-0.2928571428571428
298,EmmuWoCUgXs$_$7,zero,T,w1_vs_w3,34,7,0.4,0.43437738731856373
298,EmmuWoCUgXs$_$7,zero,T,w3_vs_w5,34,7,0.75,0.8444614209320092
298,EmmuWoCUgXs$_$7,zero,T,w1_vs_w5,34,7,0.2727272727272727,0.28158899923605807
299,Es9MkKsMsjU$_$10,zero,T,w1_vs_w3,19,4,0.3333333333333333,0.6315789473684211
299,Es9MkKsMsjU$_$10,zero,T,w3_vs_w5,19,4,0.6,0.8929824561403509
299,Es9MkKsMsjU$_$10,zero,T,w1_vs_w5,19,4,0.6,0.6192982456140351
300,Es9MkKsMsjU$_$12,zero,T,w1_vs_w3,36,8,0.45454545454545453,0.5736925806242391
300,Es9MkKsMsjU$_$12,zero,T,w3_vs_w5,36,8,0.6,0.5087843501107668
300,Es9MkKsMsjU$_$12,zero,T,w1_vs_w5,36,8,0.23076923076923078,0.0511433411017074
301,Es9MkKsMsjU$_$2,zero,T,w1_vs_w3,43,9,0.38461538461538464,0.5879154346854925
301,Es9MkKsMsjU$_$2,zero,T,w3_vs_w5,43,9,0.5,0.7011476895197825
301,Es9MkKsMsjU$_$2,zero,T,w1_vs_w5,43,9,0.2,0.44916920478862066
302,Es9MkKsMsjU$_$7,zero,T,w1_vs_w3,36,8,0.3333333333333333,0.5526791964615585
302,Es9MkKsMsjU$_$7,zero,T,w3_vs_w5,36,8,0.45454545454545453,0.746975546975547
302,Es9MkKsMsjU$_$7,zero,T,w1_vs_w5,36,8,0.23076923076923078,0.4019836336883067
303,Ezn3p5FWF_U$_$4,zero,T,w1_vs_w3,45,9,0.38461538461538464,0.4525927478549339
303,Ezn3p5FWF_U$_$4,zero,T,w3_vs_w5,45,9,1.0,0.8146245059288537
303,Ezn3p5FWF_U$_$4,zero,T,w1_vs_w5,45,9,0.38461538461538464,0.38966858506537766
304,F1U26PLiXjM$_$1,zero,V,w1_vs_w3,21,5,0.42857142857142855,0.4194805194805195
304,F1U26PLiXjM$_$1,zero,V,w3_vs_w5,21,5,1.0,0.8714285714285716
304,F1U26PLiXjM$_$1,zero,V,w1_vs_w5,21,5,0.42857142857142855,0.33896103896103896
305,F6JV-K840EY$_$2,zero,T,w1_vs_w3,20,4,0.3333333333333333,0.47518796992481205
305,F6JV-K840EY$_$2,zero,T,w3_vs_w5,20,4,0.6,0.956390977443609
305,F6JV-K840EY$_$2,zero,T,w1_vs_w5,20,4,0.6,0.362406015037594
306,FB_b1dm0SRY$_$10,zero,T,w1_vs_w3,26,6,0.3333333333333333,0.5529150362909515
306,FB_b1dm0SRY$_$10,zero,T,w3_vs_w5,26,6,0.5,0.6957264957264957
306,FB_b1dm0SRY$_$10,zero,T,w1_vs_w5,26,6,0.3333333333333333,0.3549324722758241
307,FB_b1dm0SRY$_$0,zero,V,w1_vs_w3,26,6,1.0,0.898119658119658
307,FB_b1dm0SRY$_$0,zero,V,w3_vs_w5,26,6,0.3333333333333333,0.9452991452991453
307,FB_b1dm0SRY$_$0,zero,V,w1_vs_w5,26,6,0.3333333333333333,0.7866666666666666
308,FB_b1dm0SRY$_$6,zero,T,w1_vs_w3,13,3,0.5,0.37912087912087916
308,FB_b1dm0SRY$_$6,zero,T,w3_vs_w5,13,3,0.5,0.5934065934065934
308,FB_b1dm0SRY$_$6,zero,T,w1_vs_w5,13,3,0.2,-0.03296703296703297
309,FB_b1dm0SRY$_$9,zero,T,w1_vs_w3,28,6,0.09090909090909091,0.05090311986863711
309,FB_b1dm0SRY$_$9,zero,T,w3_vs_w5,28,6,0.7142857142857143,0.8631636562671045
309,FB_b1dm0SRY$_$9,zero,T,w1_vs_w5,28,6,0.09090909090909091,-0.1434044882320744
310,FB_b1dm0SRY$_$8,zero,T,w1_vs_w3,20,4,0.3333333333333333,0.3744360902255639
310,FB_b1dm0SRY$_$8,zero,T,w3_vs_w5,20,4,1.0,0.7278195488721804
310,FB_b1dm0SRY$_$8,zero,T,w1_vs_w5,20,4,0.3333333333333333,0.10225563909774435
311,FxxJB8hBpyQ$_$1,zero,T,w1_vs_w3,21,5,0.42857142857142855,0.6272727272727273
311,FxxJB8hBpyQ$_$1,zero,T,w3_vs_w5,21,5,0.6666666666666666,0.7766233766233767
311,FxxJB8hBpyQ$_$1,zero,T,w1_vs_w5,21,5,0.42857142857142855,0.4922077922077922
312,Fy0Uid9afM8$_$0,zero,T,w1_vs_w3,18,4,0.14285714285714285,0.3333333333333333
312,Fy0Uid9afM8$_$0,zero,T,w3_vs_w5,18,4,0.14285714285714285,-0.07739938080495357
312,Fy0Uid9afM8$_$0,zero,T,w1_vs_w5,18,4,0.3333333333333333,0.003095975232198142
313,Fy0Uid9afM8$_$3,zero,T,w1_vs_w3,19,4,0.14285714285714285,0.6754385964912282
313,Fy0Uid9afM8$_$3,zero,T,w3_vs_w5,19,4,0.6,0.8280701754385964
313,Fy0Uid9afM8$_$3,zero,T,w1_vs_w5,19,4,0.14285714285714285,0.4298245614035088
314,Fy0Uid9afM8$_$5,zero,T,w1_vs_w3,21,5,0.42857142857142855,0.5558441558441559
314,Fy0Uid9afM8$_$5,zero,T,w3_vs_w5,21,5,0.42857142857142855,0.857142857142857
314,Fy0Uid9afM8$_$5,zero,T,w1_vs_w5,21,5,0.25,0.5207792207792208
315,Fy0Uid9afM8$_$4,zero,T,w1_vs_w3,9,2,0.3333333333333333,0.016666666666666666
315,Fy0Uid9afM8$_$4,zero,T,w3_vs_w5,9,2,0.3333333333333333,0.7166666666666667
315,Fy0Uid9afM8$_$4,zero,T,w1_vs_w5,9,2,0.0,-0.08333333333333334
316,H1DpVwktfDQ$_$0,zero,T,w1_vs_w3,13,3,1.0,0.7637362637362637
316,H1DpVwktfDQ$_$0,zero,T,w3_vs_w5,13,3,0.2,0.4010989010989011
316,H1DpVwktfDQ$_$0,zero,T,w1_vs_w5,13,3,0.2,0.4230769230769231
317,HGicRLwgtkM$_$1,zero,T,w1_vs_w3,35,7,0.5555555555555556,0.5485635059660476
317,HGicRLwgtkM$_$1,zero,T,w3_vs_w5,35,7,0.5555555555555556,0.8004762257882094
317,HGicRLwgtkM$_$1,zero,T,w1_vs_w5,35,7,0.2727272727272727,0.32527509796831294
318,HGicRLwgtkM$_$3,zero,T,w1_vs_w3,26,6,0.3333333333333333,0.4387074777744531
318,HGicRLwgtkM$_$3,zero,T,w3_vs_w5,26,6,0.7142857142857143,0.9138461538461539
318,HGicRLwgtkM$_$3,zero,T,w1_vs_w5,26,6,0.2,0.23388613780025405
319,HGicRLwgtkM$_$2,zero,T,w1_vs_w3,23,5,0.1111111111111111,0.05386706366572391
319,HGicRLwgtkM$_$2,zero,T,w3_vs_w5,23,5,0.6666666666666666,0.6383399209486166
319,HGicRLwgtkM$_$2,zero,T,w1_vs_w5,23,5,0.1111111111111111,0.19619471812194855
320,HGicRLwgtkM$_$6,zero,T,w1_vs_w3,21,5,0.42857142857142855,0.20467840578116625
320,HGicRLwgtkM$_$6,zero,T,w3_vs_w5,21,5,1.0,0.9038961038961039
320,HGicRLwgtkM$_$6,zero,T,w1_vs_w5,21,5,0.42857142857142855,0.30539317687983536
321,HmXXW45eZL4$_$1,zero,T,w1_vs_w3,46,10,0.5384615384615384,0.5706444650015418
321,HmXXW45eZL4$_$1,zero,T,w3_vs_w5,46,10,0.8181818181818182,0.8559358618563058
321,HmXXW45eZL4$_$1,zero,T,w1_vs_w5,46,10,0.5384615384615384,0.44717853839037924
322,HmXXW45eZL4$_$4,zero,T,w1_vs_w3,18,4,0.3333333333333333,-0.0010325246600551242
322,HmXXW45eZL4$_$4,zero,T,w3_vs_w5,18,4,0.14285714285714285,0.46955624355005166
322,HmXXW45eZL4$_$4,zero,T,w1_vs_w5,18,4,0.14285714285714285,-0.18895201279008775
323,IM6HW1HwHhM$_$11,zero,T,w1_vs_w3,25,5,0.6666666666666666,0.786923076923077
323,IM6HW1HwHhM$_$11,zero,T,w3_vs_w5,25,5,1.0,0.9407692307692307
323,IM6HW1HwHhM$_$11,zero,T,w1_vs_w5,25,5,0.6666666666666666,0.703076923076923
324,IM6HW1HwHhM$_$15,zero,T,w1_vs_w3,19,4,0.14285714285714285,0.4168495355219341
324,IM6HW1HwHhM$_$15,zero,T,w3_vs_w5,19,4,1.0,0.7701754385964912
324,IM6HW1HwHhM$_$15,zero,T,w1_vs_w5,19,4,0.14285714285714285,0.2597630789778789
325,IM6HW1HwHhM$_$17,zero,T,w1_vs_w3,25,5,0.25,0.3667501092097629
325,IM6HW1HwHhM$_$17,zero,T,w3_vs_w5,25,5,0.6666666666666666,0.6907692307692308
325,IM6HW1HwHhM$_$17,zero,T,w1_vs_w5,25,5,0.25,0.2651530170467226
326,IUmxJNs2zaY$_$3,zero,T,w1_vs_w3,32,7,0.5555555555555556,0.7126099706744867
326,IUmxJNs2zaY$_$3,zero,T,w3_vs_w5,32,7,0.4,0.8933284457478006
326,IUmxJNs2zaY$_$3,zero,T,w1_vs_w5,32,7,0.2727272727272727,0.5846774193548387
327,IUmxJNs2zaY$_$2,zero,T,w1_vs_w3,19,4,0.14285714285714285,0.32280701754385965
327,IUmxJNs2zaY$_$2,zero,T,w3_vs_w5,19,4,0.14285714285714285,0.7789473684210525
327,IUmxJNs2zaY$_$2,zero,T,w1_vs_w5,19,4,0.14285714285714285,0.23157894736842102
328,JAnRCQ9A0vI$_$1,zero,T,w1_vs_w3,48,10,0.42857142857142855,0.46967806714510235
328,JAnRCQ9A0vI$_$1,zero,T,w3_vs_w5,48,10,0.6666666666666666,0.860616587060356
328,JAnRCQ9A0vI$_$1,zero,T,w1_vs_w5,48,10,0.3333333333333333,0.3134263647703937
329,JAnRCQ9A0vI$_$0,zero,T,w1_vs_w3,10,2,0.0,-0.13939393939393938
329,JAnRCQ9A0vI$_$0,zero,T,w3_vs_w5,10,2,0.0,0.6727272727272726
329,JAnRCQ9A0vI$_$0,zero,T,w1_vs_w5,10,2,0.0,-0.33333333333333326
330,JAnRCQ9A0vI$_$3,zero,T,w1_vs_w3,45,9,0.38461538461538464,0.6446574983845322
330,JAnRCQ9A0vI$_$3,zero,T,w3_vs_w5,45,9,0.8,0.7179419615871471
330,JAnRCQ9A0vI$_$3,zero,T,w1_vs_w5,45,9,0.38461538461538464,0.48316388372880603
331,JAnRCQ9A0vI$_$2,zero,V,w1_vs_w3,48,10,1.0,0.891168649198627
331,JAnRCQ9A0vI$_$2,zero,V,w3_vs_w5,48,10,1.0,0.9259661311333044
331,JAnRCQ9A0vI$_$2,zero,V,w1_vs_w5,48,10,1.0,0.7775606590187801
332,JAnRCQ9A0vI$_$5,zero,T,w1_vs_w3,25,5,0.42857142857142855,0.5559830704116967
332,JAnRCQ9A0vI$_$5,zero,T,w3_vs_w5,25,5,0.6666666666666666,0.8686285984877951
332,JAnRCQ9A0vI$_$5,zero,T,w1_vs_w5,25,5,0.25,0.4296980267984354
333,JAnRCQ9A0vI$_$4,zero,T,w1_vs_w3,14,3,0.2,-0.27472527472527475
333,JAnRCQ9A0vI$_$4,zero,T,w3_vs_w5,14,3,0.0,0.6791208791208792
333,JAnRCQ9A0vI$_$4,zero,T,w1_vs_w5,14,3,0.0,-0.04615384615384615
334,JAnRCQ9A0vI$_$8,zero,A,w1_vs_w3,48,10,0.5384615384615384,0.8292894763343054
334,JAnRCQ9A0vI$_$8,zero,A,w3_vs_w5,48,10,0.8181818181818182,0.9039296569691706
334,JAnRCQ9A0vI$_$8,zero,A,w1_vs_w5,48,10,0.42857142857142855,0.6175432891906919
335,JOK1SSmPtFw$_$10,zero,T,w1_vs_w3,17,4,0.3333333333333333,0.13970588235294118
335,JOK1SSmPtFw$_$10,zero,T,w3_vs_w5,17,4,0.6,0.8725490196078433
335,JOK1SSmPtFw$_$10,zero,T,w1_vs_w5,17,4,0.14285714285714285,-0.09803921568627452
336,JOK1SSmPtFw$_$13,zero,T,w1_vs_w3,18,4,0.6,0.6986584107327141
336,JOK1SSmPtFw$_$13,zero,T,w3_vs_w5,18,4,0.6,0.9318885448916409
336,JOK1SSmPtFw$_$13,zero,T,w1_vs_w5,18,4,0.3333333333333333,0.6635706914344685
337,JOK1SSmPtFw$_$14,zero,T,w1_vs_w3,15,3,1.0,0.4964285714285714
337,JOK1SSmPtFw$_$14,zero,T,w3_vs_w5,15,3,0.5,0.7321428571428571
337,JOK1SSmPtFw$_$14,zero,T,w1_vs_w5,15,3,0.5,0.2071428571428571
338,JOK1SSmPtFw$_$16,zero,T,w1_vs_w3,15,3,0.2,0.3428571428571428
338,JOK1SSmPtFw$_$16,zero,T,w3_vs_w5,15,3,0.5,0.2642857142857143
338,JOK1SSmPtFw$_$16,zero,T,w1_vs_w5,15,3,0.2,-0.16785714285714282
339,JOK1SSmPtFw$_$0,zero,T,w1_vs_w3,48,10,0.5384615384615384,0.646634108623236
339,JOK1SSmPtFw$_$0,zero,T,w3_vs_w5,48,10,0.6666666666666666,0.8871037776812853
339,JOK1SSmPtFw$_$0,zero,T,w1_vs_w5,48,10,0.5384615384615384,0.5102063095324635
340,JOK1SSmPtFw$_$5,zero,T,w1_vs_w3,26,6,0.5,0.3764102564102564
340,JOK1SSmPtFw$_$5,zero,T,w3_vs_w5,26,6,0.3333333333333333,0.7811965811965812
340,JOK1SSmPtFw$_$5,zero,T,w1_vs_w5,26,6,0.2,0.187008547008547
341,JOK1SSmPtFw$_$4,zero,V,w1_vs_w3,12,3,0.2,0.5944055944055945
341,JOK1SSmPtFw$_$4,zero,V,w3_vs_w5,12,3,0.5,0.7902097902097903
341,JOK1SSmPtFw$_$4,zero,V,w1_vs_w5,12,3,0.2,0.2517482517482518
342,JOK1SSmPtFw$_$8,zero,T,w1_vs_w3,14,3,0.2,-0.08131868131868132
342,JOK1SSmPtFw$_$8,zero,T,w3_vs_w5,14,3,1.0,0.7054945054945055
342,JOK1SSmPtFw$_$8,zero,T,w1_vs_w5,14,3,0.2,0.05054945054945055
343,JPT38CA3sGI$_$1,zero,T,w1_vs_w3,18,4,0.3333333333333333,0.23013415892672856
343,JPT38CA3sGI$_$1,zero,T,w3_vs_w5,18,4,1.0,0.7956656346749225
343,JPT38CA3sGI$_$1,zero,T,w1_vs_w5,18,4,0.3333333333333333,0.011351909184726523
344,JPT38CA3sGI$_$0,zero,T,w1_vs_w3,16,4,0.3333333333333333,0.2604857217345777
344,JPT38CA3sGI$_$0,zero,T,w3_vs_w5,16,4,0.6,0.4941176470588235
344,JPT38CA3sGI$_$0,zero,T,w1_vs_w5,16,4,0.14285714285714285,0.027961744140999858
345,JPT38CA3sGI$_$5,zero,T,w1_vs_w3,16,4,0.6,0.7470588235294118
345,JPT38CA3sGI$_$5,zero,T,w3_vs_w5,16,4,0.3333333333333333,0.8088235294117646
345,JPT38CA3sGI$_$5,zero,T,w1_vs_w5,16,4,0.3333333333333333,0.45294117647058824
346,JVpF99zuQhA$_$0,zero,V,w1_vs_w3,22,5,0.42857142857142855,0.6148631765545998
346,JVpF99zuQhA$_$0,zero,V,w3_vs_w5,22,5,0.42857142857142855,0.7967250141163186
346,JVpF99zuQhA$_$0,zero,V,w1_vs_w5,22,5,0.6666666666666666,0.4091552755749358
347,JVpF99zuQhA$_$2,zero,T,w1_vs_w3,27,6,0.5,0.6599511599511599
347,JVpF99zuQhA$_$2,zero,T,w3_vs_w5,27,6,1.0,0.8901098901098901
347,JVpF99zuQhA$_$2,zero,T,w1_vs_w5,27,6,0.5,0.492063492063492
348,JVpF99zuQhA$_$4,zero,T,w1_vs_w3,15,3,0.2,-0.10357142857142855
348,JVpF99zuQhA$_$4,zero,T,w3_vs_w5,15,3,0.5,0.6964285714285713
348,JVpF99zuQhA$_$4,zero,T,w1_vs_w5,15,3,0.2,-0.0857142857142857
349,K0m1tO3Ybyc$_$15,zero,V,w1_vs_w3,14,3,0.0,0.7142857142857143
349,K0m1tO3Ybyc$_$15,zero,V,w3_vs_w5,14,3,0.5,0.6351648351648352
349,K0m1tO3Ybyc$_$15,zero,V,w1_vs_w5,14,3,0.0,0.1824175824175824
350,K0m1tO3Ybyc$_$8,zero,T,w1_vs_w3,32,7,0.4,0.4227702057378464
350,K0m1tO3Ybyc$_$8,zero,T,w3_vs_w5,32,7,1.0,0.8922287390029324
350,K0m1tO3Ybyc$_$8,zero,T,w1_vs_w5,32,7,0.4,0.34851958417504164
351,K8gp7ncdUl8$_$5,zero,T,w1_vs_w3,35,7,0.4,0.5176833124257606
351,K8gp7ncdUl8$_$5,zero,T,w3_vs_w5,35,7,0.75,0.9288515406162465
351,K8gp7ncdUl8$_$5,zero,T,w1_vs_w5,35,7,0.5555555555555556,0.5343511463485597
352,KDjl2exStlI$_$10,zero,T,w1_vs_w3,15,3,0.2,0.41465610838230504
352,KDjl2exStlI$_$10,zero,T,w3_vs_w5,15,3,0.2,0.7149243247970778
352,KDjl2exStlI$_$10,zero,T,w1_vs_w5,15,3,0.0,-0.11071428571428568
353,KDjl2exStlI$_$13,zero,T,w1_vs_w3,14,3,0.2,0.07692307692307693
353,KDjl2exStlI$_$13,zero,T,w3_vs_w5,14,3,0.2,0.1032967032967033
353,KDjl2exStlI$_$13,zero,T,w1_vs_w5,14,3,0.0,-0.0945054945054945
354,KDjl2exStlI$_$5,zero,T,w1_vs_w3,16,4,0.6,0.611764705882353
354,KDjl2exStlI$_$5,zero,T,w3_vs_w5,16,4,0.6,0.6352941176470589
354,KDjl2exStlI$_$5,zero,T,w1_vs_w5,16,4,0.3333333333333333,0.008823529411764706
355,KDjl2exStlI$_$4,zero,T,w1_vs_w3,23,5,0.42857142857142855,0.2707509881422925
355,KDjl2exStlI$_$4,zero,T,w3_vs_w5,23,5,0.42857142857142855,0.8389328063241107
355,KDjl2exStlI$_$4,zero,T,w1_vs_w5,23,5,0.25,0.019762845849802375
356,KkKWFZZmmCM$_$1,zero,T,w1_vs_w3,28,6,0.7142857142857143,0.5435139573070608
356,KkKWFZZmmCM$_$1,zero,T,w3_vs_w5,28,6,0.5,0.8051450465243569
356,KkKWFZZmmCM$_$1,zero,T,w1_vs_w5,28,6,0.5,0.337712096332786
357,KpMCvUyQCXg$_$1,zero,T,w1_vs_w3,24,5,0.6666666666666666,0.6156521739130434
357,KpMCvUyQCXg$_$1,zero,T,w3_vs_w5,24,5,1.0,0.8878260869565217
357,KpMCvUyQCXg$_$1,zero,T,w1_vs_w5,24,5,0.6666666666666666,0.42956521739130427
358,KpMCvUyQCXg$_$3,zero,T,w1_vs_w3,13,3,0.2,0.14835164835164835
358,KpMCvUyQCXg$_$3,zero,T,w3_vs_w5,13,3,0.5,0.8681318681318682
358,KpMCvUyQCXg$_$3,zero,T,w1_vs_w5,13,3,0.2,0.010989010989010988
359,KpMCvUyQCXg$_$5,zero,T,w1_vs_w3,20,4,0.14285714285714285,-0.04968012199482158
359,KpMCvUyQCXg$_$5,zero,T,w3_vs_w5,20,4,0.6,0.8691729323308269
359,KpMCvUyQCXg$_$5,zero,T,w1_vs_w5,20,4,0.14285714285714285,-0.2070005083117566
360,L1eFHRQGFeg$_$2,zero,T,w1_vs_w3,42,9,0.38461538461538464,0.5091159549469249
360,L1eFHRQGFeg$_$2,zero,T,w3_vs_w5,42,9,0.6363636363636364,0.8416659914107446
360,L1eFHRQGFeg$_$2,zero,T,w1_vs_w5,42,9,0.2857142857142857,0.46633173972935743
361,MCsvw5-7lVE$_$1,zero,T,w1_vs_w3,38,8,0.3333333333333333,0.1509539704219832
361,MCsvw5-7lVE$_$1,zero,T,w3_vs_w5,38,8,0.6,0.851233792377689
361,MCsvw5-7lVE$_$1,zero,T,w1_vs_w5,38,8,0.23076923076923078,0.22789842704077845
362,MCsvw5-7lVE$_$2,zero,T,w1_vs_w3,23,5,0.42857142857142855,0.3919921388452181
362,MCsvw5-7lVE$_$2,zero,T,w3_vs_w5,23,5,0.42857142857142855,0.5138339920948617
362,MCsvw5-7lVE$_$2,zero,T,w1_vs_w5,23,5,0.1111111111111111,0.11220960342731967
363,MCsvw5-7lVE$_$4,zero,T,w1_vs_w3,14,3,0.5,0.4153846153846154
363,MCsvw5-7lVE$_$4,zero,T,w3_vs_w5,14,3,0.5,0.7890109890109891
363,MCsvw5-7lVE$_$4,zero,T,w1_vs_w5,14,3,0.2,0.14285714285714285
364,MMpo2bDk-DU$_$10,zero,T,w1_vs_w3,18,4,0.3333333333333333,0.7155395894182012
364,MMpo2bDk-DU$_$10,zero,T,w3_vs_w5,18,4,1.0,0.9793601651186791
364,MMpo2bDk-DU$_$10,zero,T,w1_vs_w5,18,4,0.3333333333333333,0.6701085043757757
365,MMpo2bDk-DU$_$17,zero,T,w1_vs_w3,32,7,0.4,0.7371700879765396
365,MMpo2bDk-DU$_$17,zero,T,w3_vs_w5,32,7,0.5555555555555556,0.9057917888563048
365,MMpo2bDk-DU$_$17,zero,T,w1_vs_w5,32,7,0.2727272727272727,0.6480938416422287
366,MMpo2bDk-DU$_$16,zero,T,w1_vs_w3,20,4,0.3333333333333333,0.5518796992481202
366,MMpo2bDk-DU$_$16,zero,T,w3_vs_w5,20,4,0.6,0.9458646616541352
366,MMpo2bDk-DU$_$16,zero,T,w1_vs_w5,20,4,0.3333333333333333,0.44060150375939844
367,MMpo2bDk-DU$_$19,zero,T,w1_vs_w3,25,5,0.25,0.07887649679661175
367,MMpo2bDk-DU$_$19,zero,T,w3_vs_w5,25,5,0.42857142857142855,0.7361538461538463
367,MMpo2bDk-DU$_$19,zero,T,w1_vs_w5,25,5,0.42857142857142855,0.17045018576048296
368,MjaaudUc5-4$_$1,zero,T,w1_vs_w3,17,4,0.3333333333333333,0.5220588235294118
368,MjaaudUc5-4$_$1,zero,T,w3_vs_w5,17,4,0.0,0.19607843137254904
368,MjaaudUc5-4$_$1,zero,T,w1_vs_w5,17,4,0.0,-0.16421568627450983
369,MjaaudUc5-4$_$0,zero,T,w1_vs_w3,6,2,0.3333333333333333,0.5428571428571429
369,MjaaudUc5-4$_$0,zero,T,w3_vs_w5,6,2,0.3333333333333333,0.8451542547285165
369,MjaaudUc5-4$_$0,zero,T,w1_vs_w5,6,2,0.0,0.304255531702266
370,MjaaudUc5-4$_$3,zero,T,w1_vs_w3,16,4,0.3333333333333333,0.6181017125905233
370,MjaaudUc5-4$_$3,zero,T,w3_vs_w5,16,4,0.6,0.9529411764705882
370,MjaaudUc5-4$_$3,zero,T,w1_vs_w5,16,4,0.3333333333333333,0.5577632120757341
371,MjaaudUc5-4$_$6,zero,T,w1_vs_w3,10,2,0.3333333333333333,0.33333333333333326
371,MjaaudUc5-4$_$6,zero,T,w3_vs_w5,10,2,0.0,0.5515151515151515
371,MjaaudUc5-4$_$6,zero,T,w1_vs_w5,10,2,0.0,0.6
372,MoQmPA7Q07Q$_$1,zero,A,w1_vs_w3,26,6,0.5,0.5170114625058247
372,MoQmPA7Q07Q$_$1,zero,A,w3_vs_w5,26,6,0.3333333333333333,0.71008547008547
372,MoQmPA7Q07Q$_$1,zero,A,w1_vs_w5,26,6,0.5,0.19422123723763784
373,MoQmPA7Q07Q$_$2,zero,T,w1_vs_w3,30,6,0.5,0.45299811160277664
373,MoQmPA7Q07Q$_$2,zero,T,w3_vs_w5,30,6,1.0,0.8687430478309233
373,MoQmPA7Q07Q$_$2,zero,T,w1_vs_w5,30,6,0.5,0.4227389057196835
374,N1X63d_jgmw$_$5,zero,T,w1_vs_w3,44,9,0.6363636363636364,0.6444906448907665
374,N1X63d_jgmw$_$5,zero,T,w3_vs_w5,44,9,0.8,0.960676532769556
374,N1X63d_jgmw$_$5,zero,T,w1_vs_w5,44,9,0.6363636363636364,0.5477994294954541
375,N5xfBtD6rLY$_$7,zero,T,w1_vs_w3,9,2,0.0,0.38333333333333336
375,N5xfBtD6rLY$_$7,zero,T,w3_vs_w5,9,2,0.0,0.7833333333333333
375,N5xfBtD6rLY$_$7,zero,T,w1_vs_w5,9,2,0.3333333333333333,0.26666666666666666
376,NoZsdSGnNpI$_$7,zero,V,w1_vs_w3,38,8,0.6,0.686959481026624
376,NoZsdSGnNpI$_$7,zero,V,w3_vs_w5,38,8,0.7777777777777778,0.8936915262049859
376,NoZsdSGnNpI$_$7,zero,V,w1_vs_w5,38,8,0.6,0.5310123040840902
377,Nrurc5sMUOE$_$5,zero,T,w1_vs_w3,47,10,0.5384615384615384,0.43602197239696067
377,Nrurc5sMUOE$_$5,zero,T,w3_vs_w5,47,10,0.6666666666666666,0.7915124884366327
377,Nrurc5sMUOE$_$5,zero,T,w1_vs_w5,47,10,0.3333333333333333,0.37241977512383284
378,Nrurc5sMUOE$_$7,zero,T,w1_vs_w3,15,3,0.5,0.6714285714285713
378,Nrurc5sMUOE$_$7,zero,T,w3_vs_w5,15,3,1.0,0.8321428571428571
378,Nrurc5sMUOE$_$7,zero,T,w1_vs_w5,15,3,0.5,0.5107142857142856
379,Nrurc5sMUOE$_$8,zero,T,w1_vs_w3,37,8,0.3333333333333333,0.4630156472261735
379,Nrurc5sMUOE$_$8,zero,T,w3_vs_w5,37,8,0.6,0.8359412043622569
379,Nrurc5sMUOE$_$8,zero,T,w1_vs_w5,37,8,0.3333333333333333,0.38074917022285437
380,NzvNW7vP-Co$_$5,zero,T,w1_vs_w3,47,10,0.5384615384615384,0.5954309207566126
380,NzvNW7vP-Co$_$5,zero,T,w3_vs_w5,47,10,0.5384615384615384,0.8803191489361704
380,NzvNW7vP-Co$_$5,zero,T,w1_vs_w5,47,10,0.42857142857142855,0.48253328527172606
381,NzvNW7vP-Co$_$4,zero,T,w1_vs_w3,16,4,0.3333333333333333,0.32989726499101363
381,NzvNW7vP-Co$_$4,zero,T,w3_vs_w5,16,4,0.6,0.9705882352941176
381,NzvNW7vP-Co$_$4,zero,T,w1_vs_w5,16,4,0.3333333333333333,0.2901328625144183
382,NzvNW7vP-Co$_$7,zero,T,w1_vs_w3,38,8,0.3333333333333333,0.5050062928169475
382,NzvNW7vP-Co$_$7,zero,T,w3_vs_w5,38,8,0.7777777777777778,0.9238428712112922
382,NzvNW7vP-Co$_$7,zero,T,w1_vs_w5,38,8,0.23076923076923078,0.4412102649269626
383,OLP0nCKwU6k$_$6,zero,V,w1_vs_w3,47,10,0.42857142857142855,0.5656749667099805
383,OLP0nCKwU6k$_$6,zero,V,w3_vs_w5,47,10,0.5384615384615384,0.7578849993048755
383,OLP0nCKwU6k$_$6,zero,V,w1_vs_w5,47,10,0.17647058823529413,0.25615820687081875
384,OrYBtyO0aPI$_$1,zero,T,w1_vs_w3,17,4,0.3333333333333333,0.5686274509803922
384,OrYBtyO0aPI$_$1,zero,T,w3_vs_w5,17,4,0.3333333333333333,0.6813725490196079
384,OrYBtyO0aPI$_$1,zero,T,w1_vs_w5,17,4,0.14285714285714285,0.35294117647058826
385,OrYBtyO0aPI$_$4,zero,T,w1_vs_w3,6,2,0.3333333333333333,0.2
385,OrYBtyO0aPI$_$4,zero,T,w3_vs_w5,6,2,1.0,0.50709255283711
385,OrYBtyO0aPI$_$4,zero,T,w1_vs_w5,6,2,0.3333333333333333,-0.3718678720805473
386,PboaYD5hlG8$_$10,zero,T,w1_vs_w3,18,4,0.14285714285714285,0.15583075335397317
386,PboaYD5hlG8$_$10,zero,T,w3_vs_w5,18,4,0.6,0.7110423116615068
386,PboaYD5hlG8$_$10,zero,T,w1_vs_w5,18,4,0.0,0.05675954592363261
387,PboaYD5hlG8$_$3,zero,T,w1_vs_w3,17,4,0.3333333333333333,0.2844880976166714
387,PboaYD5hlG8$_$3,zero,T,w3_vs_w5,17,4,1.0,0.786764705882353
387,PboaYD5hlG8$_$3,zero,T,w1_vs_w5,17,4,0.3333333333333333,0.2452483600143719
388,PboaYD5hlG8$_$2,zero,T,w1_vs_w3,16,4,0.3333333333333333,0.25754238024605136
388,PboaYD5hlG8$_$2,zero,T,w3_vs_w5,16,4,1.0,0.8285506290201538
388,PboaYD5hlG8$_$2,zero,T,w1_vs_w5,16,4,0.3333333333333333,0.047058823529411764
389,PboaYD5hlG8$_$7,zero,T,w1_vs_w3,35,7,0.2727272727272727,0.24231388812136526
389,PboaYD5hlG8$_$7,zero,T,w3_vs_w5,35,7,0.75,0.8176470588235296
389,PboaYD5hlG8$_$7,zero,T,w1_vs_w5,35,7,0.2727272727272727,0.08291897212014347
390,PboaYD5hlG8$_$9,zero,T,w1_vs_w3,32,7,0.4,0.5556879850786697
390,PboaYD5hlG8$_$9,zero,T,w3_vs_w5,32,7,0.5555555555555556,0.7254398826979471
390,PboaYD5hlG8$_$9,zero,T,w1_vs_w5,32,7,0.2727272727272727,0.3232193723832711
391,PboaYD5hlG8$_$8,zero,T,w1_vs_w3,33,7,0.4,0.5159241443687353
391,PboaYD5hlG8$_$8,zero,T,w3_vs_w5,33,7,0.5555555555555556,0.6326871657754011
391,PboaYD5hlG8$_$8,zero,T,w1_vs_w5,33,7,0.4,0.208810517276912
392,Pt-D0LUHDSc$_$2,zero,V,w1_vs_w3,25,5,0.6666666666666666,0.7429049966776347
392,Pt-D0LUHDSc$_$2,zero,V,w3_vs_w5,25,5,1.0,0.8912990824320756
392,Pt-D0LUHDSc$_$2,zero,V,w1_vs_w5,25,5,0.6666666666666666,0.5408228317587834
393,PwapK9d8IGk$_$4,zero,V,w1_vs_w3,45,9,0.5,0.7515151515151514
393,PwapK9d8IGk$_$4,zero,V,w3_vs_w5,45,9,0.8,0.9710144927536231
393,PwapK9d8IGk$_$4,zero,V,w1_vs_w5,45,9,0.5,0.6931488801054019
394,PyQrAYl1bFs$_$0,zero,T,w1_vs_w3,9,2,0.0,0.26666666666666666
394,PyQrAYl1bFs$_$0,zero,T,w3_vs_w5,9,2,0.3333333333333333,0.8499999999999999
394,PyQrAYl1bFs$_$0,zero,T,w1_vs_w5,9,2,0.0,-0.06666666666666667
395,PyQrAYl1bFs$_$3,zero,T,w1_vs_w3,14,3,0.5,0.5032967032967033
395,PyQrAYl1bFs$_$3,zero,T,w3_vs_w5,14,3,1.0,0.9692307692307693
395,PyQrAYl1bFs$_$3,zero,T,w1_vs_w5,14,3,0.5,0.3538461538461538
396,PyQrAYl1bFs$_$4,zero,T,w1_vs_w3,19,4,0.3333333333333333,0.6315789473684211
396,PyQrAYl1bFs$_$4,zero,T,w3_vs_w5,19,4,1.0,0.9491228070175438
396,PyQrAYl1bFs$_$4,zero,T,w1_vs_w5,19,4,0.3333333333333333,0.543859649122807
397,Q4WzApjaCNI$_$0,zero,T,w1_vs_w3,13,3,0.5,0.7087912087912087
397,Q4WzApjaCNI$_$0,zero,T,w3_vs_w5,13,3,0.2,0.8296703296703297
397,Q4WzApjaCNI$_$0,zero,T,w1_vs_w5,13,3,0.5,0.7362637362637362
398,Q7S0tX4FUNA$_$4,zero,T,w1_vs_w3,18,4,0.14285714285714285,0.4984520123839009
398,Q7S0tX4FUNA$_$4,zero,T,w3_vs_w5,18,4,0.14285714285714285,0.4179566563467492
398,Q7S0tX4FUNA$_$4,zero,T,w1_vs_w5,18,4,0.3333333333333333,0.15583075335397317
399,Q7S0tX4FUNA$_$7,zero,T,w1_vs_w3,10,2,0.3333333333333333,0.04242424242424241
399,Q7S0tX4FUNA$_$7,zero,T,w3_vs_w5,10,2,0.0,0.43030303030303024
399,Q7S0tX4FUNA$_$7,zero,T,w1_vs_w5,10,2,0.0,-0.33333333333333326
400,Q7S0tX4FUNA$_$8,zero,T,w1_vs_w3,15,3,0.2,-0.13214285714285715
400,Q7S0tX4FUNA$_$8,zero,T,w3_vs_w5,15,3,0.5,0.7714285714285712
400,Q7S0tX4FUNA$_$8,zero,T,w1_vs_w5,15,3,0.2,0.09999999999999999
401,Qa6Yz62V-Yc$_$0,zero,T,w1_vs_w3,32,7,0.5555555555555556,0.6208982689112618
401,Qa6Yz62V-Yc$_$0,zero,T,w3_vs_w5,32,7,0.75,0.8299120234604105
401,Qa6Yz62V-Yc$_$0,zero,T,w1_vs_w5,32,7,0.4,0.5675527134777876
402,QjcQx8_PQfw$_$10,zero,T,w1_vs_w3,24,5,0.42857142857142855,0.8086956521739129
402,QjcQx8_PQfw$_$10,zero,T,w3_vs_w5,24,5,1.0,0.8791304347826084
402,QjcQx8_PQfw$_$10,zero,T,w1_vs_w5,24,5,0.42857142857142855,0.6904347826086955
403,QjcQx8_PQfw$_$7,zero,T,w1_vs_w3,22,5,0.25,0.32137815458333147
403,QjcQx8_PQfw$_$7,zero,T,w3_vs_w5,22,5,0.6666666666666666,0.8735177865612649
403,QjcQx8_PQfw$_$7,zero,T,w1_vs_w5,22,5,0.25,0.2129342078697996
404,QpchvHpGFc8$_$3,zero,T,w1_vs_w3,23,5,0.25,0.48320158102766797
404,QpchvHpGFc8$_$3,zero,T,w3_vs_w5,23,5,0.6666666666666666,0.8863636363636364
404,QpchvHpGFc8$_$3,zero,T,w1_vs_w5,23,5,0.25,0.34189723320158105
405,RArhIHk4Qs4$_$13,zero,V,w1_vs_w3,12,3,0.2,0.17482517482517487
405,RArhIHk4Qs4$_$13,zero,V,w3_vs_w5,12,3,0.2,0.7762237762237763
405,RArhIHk4Qs4$_$13,zero,V,w1_vs_w5,12,3,0.0,-0.1328671328671329
406,RArhIHk4Qs4$_$17,zero,T,w1_vs_w3,6,2,1.0,0.6571428571428573
406,RArhIHk4Qs4$_$17,zero,T,w3_vs_w5,6,2,0.0,0.6761234037828132
406,RArhIHk4Qs4$_$17,zero,T,w1_vs_w5,6,2,0.0,0.2704493615131253
407,RArhIHk4Qs4$_$16,zero,T,w1_vs_w3,20,4,0.6,0.7533834586466165
407,RArhIHk4Qs4$_$16,zero,T,w3_vs_w5,20,4,0.3333333333333333,0.819548872180451
407,RArhIHk4Qs4$_$16,zero,T,w1_vs_w5,20,4,0.3333333333333333,0.6210526315789473
408,RArhIHk4Qs4$_$19,zero,T,w1_vs_w3,10,2,0.3333333333333333,-0.13939393939393938
408,RArhIHk4Qs4$_$19,zero,T,w3_vs_w5,10,2,0.3333333333333333,0.8303030303030302
408,RArhIHk4Qs4$_$19,zero,T,w1_vs_w5,10,2,0.3333333333333333,-0.16363636363636364
409,RArhIHk4Qs4$_$1,zero,T,w1_vs_w3,36,8,0.45454545454545453,0.5490347490347491
409,RArhIHk4Qs4$_$1,zero,T,w3_vs_w5,36,8,0.6,0.9117117117117118
409,RArhIHk4Qs4$_$1,zero,T,w1_vs_w5,36,8,0.3333333333333333,0.35675675675675683
410,RArhIHk4Qs4$_$2,zero,T,w1_vs_w3,30,6,0.3333333333333333,0.43492769744160176
410,RArhIHk4Qs4$_$2,zero,T,w3_vs_w5,30,6,1.0,0.8157953281423804
410,RArhIHk4Qs4$_$2,zero,T,w1_vs_w5,30,6,0.3333333333333333,0.5332591768631813
411,RArhIHk4Qs4$_$7,zero,V,w1_vs_w3,14,3,0.2,0.4153846153846154
411,RArhIHk4Qs4$_$7,zero,V,w3_vs_w5,14,3,0.5,0.9692307692307693
411,RArhIHk4Qs4$_$7,zero,V,w1_vs_w5,14,3,0.0,0.3494505494505495
412,RArhIHk4Qs4$_$6,zero,T,w1_vs_w3,26,6,0.3333333333333333,0.37442298375917865
412,RArhIHk4Qs4$_$6,zero,T,w3_vs_w5,26,6,0.2,0.1569230769230769
412,RArhIHk4Qs4$_$6,zero,T,w1_vs_w5,26,6,0.09090909090909091,-0.07112326997434626
413,RArhIHk4Qs4$_$8,zero,T,w1_vs_w3,8,2,0.0,0.1666666666666667
413,RArhIHk4Qs4$_$8,zero,T,w3_vs_w5,8,2,0.3333333333333333,0.8862434338158116
413,RArhIHk4Qs4$_$8,zero,T,w1_vs_w5,8,2,0.3333333333333333,0.03592878785739777
414,RArhIHk4Qs4$_$21,zero,A,w1_vs_w3,7,2,0.0,0.3214285714285715
414,RArhIHk4Qs4$_$21,zero,A,w3_vs_w5,7,2,0.3333333333333333,0.7783117824941564
414,RArhIHk4Qs4$_$21,zero,A,w1_vs_w5,7,2,0.0,-0.03706246583305506
415,ROcTx5VEn7o$_$11,zero,T,w1_vs_w3,35,7,0.4,0.257703081232493
415,ROcTx5VEn7o$_$11,zero,T,w3_vs_w5,35,7,0.75,0.7781512605042017
415,ROcTx5VEn7o$_$11,zero,T,w1_vs_w5,35,7,0.2727272727272727,0.23193277310924368
416,ROcTx5VEn7o$_$1,zero,T,w1_vs_w3,12,3,0.0,0.4825174825174825
416,ROcTx5VEn7o$_$1,zero,T,w3_vs_w5,12,3,0.2,0.7902097902097903
416,ROcTx5VEn7o$_$1,zero,T,w1_vs_w5,12,3,0.2,0.2027972027972028
417,ROcTx5VEn7o$_$5,zero,T,w1_vs_w3,24,5,0.42857142857142855,0.7547826086956521
417,ROcTx5VEn7o$_$5,zero,T,w3_vs_w5,24,5,0.6666666666666666,0.8704347826086956
417,ROcTx5VEn7o$_$5,zero,T,w1_vs_w5,24,5,0.25,0.5165217391304348
418,ROcTx5VEn7o$_$9,zero,T,w1_vs_w3,15,3,0.2,0.5642857142857142
418,ROcTx5VEn7o$_$9,zero,T,w3_vs_w5,15,3,0.2,0.3928571428571428
418,ROcTx5VEn7o$_$9,zero,T,w1_vs_w5,15,3,0.2,0.16785714285714282
419,RrGpzInAwCg$_$0,zero,T,w1_vs_w3,17,4,0.14285714285714285,0.08093195880474273
419,RrGpzInAwCg$_$0,zero,T,w3_vs_w5,17,4,0.3333333333333333,0.661764705882353
419,RrGpzInAwCg$_$0,zero,T,w1_vs_w5,17,4,0.3333333333333333,0.13488659800790456
420,RzOFxDk26p0$_$1,zero,T,w1_vs_w3,46,10,0.5384615384615384,0.7571084989449971
420,RzOFxDk26p0$_$1,zero,T,w3_vs_w5,46,10,0.8181818181818182,0.9144901173054946
420,RzOFxDk26p0$_$1,zero,T,w1_vs_w5,46,10,0.5384615384615384,0.6316114136516938
421,RzOFxDk26p0$_$0,zero,V,w1_vs_w3,24,5,0.25,0.5148230338251063
421,RzOFxDk26p0$_$0,zero,V,w3_vs_w5,24,5,0.25,0.5156521739130434
421,RzOFxDk26p0$_$0,zero,V,w1_vs_w5,24,5,0.0,-0.0013077638454490424
422,SHa756SwGJQ$_$0,zero,T,w1_vs_w3,16,4,0.3333333333333333,0.44705882352941173
422,SHa756SwGJQ$_$0,zero,T,w3_vs_w5,16,4,0.6,0.9029411764705882
422,SHa756SwGJQ$_$0,zero,T,w1_vs_w5,16,4,0.14285714285714285,0.27058823529411763
423,SHa756SwGJQ$_$2,zero,V,w1_vs_w3,30,6,0.7142857142857143,0.8864167370459047
423,SHa756SwGJQ$_$2,zero,V,w3_vs_w5,30,6,0.7142857142857143,0.9310344827586206
423,SHa756SwGJQ$_$2,zero,V,w1_vs_w5,30,6,0.7142857142857143,0.8258983252797185
424,SHa756SwGJQ$_$4,zero,T,w1_vs_w3,15,3,0.2,0.3
424,SHa756SwGJQ$_$4,zero,T,w3_vs_w5,15,3,0.5,0.7714285714285712
424,SHa756SwGJQ$_$4,zero,T,w1_vs_w5,15,3,0.2,0.28571428571428564
425,SHa756SwGJQ$_$7,zero,T,w1_vs_w3,16,4,0.14285714285714285,0.3119941977837879
425,SHa756SwGJQ$_$7,zero,T,w3_vs_w5,16,4,0.6,0.7999999999999999
425,SHa756SwGJQ$_$7,zero,T,w1_vs_w5,16,4,0.14285714285714285,0.4091244669051558
426,SHa756SwGJQ$_$6,zero,T,w1_vs_w3,13,3,0.0,0.010989010989010988
426,SHa756SwGJQ$_$6,zero,T,w3_vs_w5,13,3,0.2,0.38461538461538464
426,SHa756SwGJQ$_$6,zero,T,w1_vs_w5,13,3,0.2,-0.32417582417582413
427,TH32jop4FiI$_$15,zero,T,w1_vs_w3,22,5,0.42857142857142855,0.4635798983625071
427,TH32jop4FiI$_$15,zero,T,w3_vs_w5,22,5,1.0,0.9390175042348957
427,TH32jop4FiI$_$15,zero,T,w1_vs_w5,22,5,0.42857142857142855,0.48390739695087526
428,TH32jop4FiI$_$17,zero,A,w1_vs_w3,29,6,0.7142857142857143,0.7427023088728332
428,TH32jop4FiI$_$17,zero,A,w3_vs_w5,29,6,0.7142857142857143,0.6591133004926107
428,TH32jop4FiI$_$17,zero,A,w1_vs_w5,29,6,0.5,0.3121074047568424
429,TWszOxkOV0w$_$1,zero,T,w1_vs_w3,38,8,0.45454545454545453,0.5405701162547607
429,TWszOxkOV0w$_$1,zero,T,w3_vs_w5,38,8,0.6,0.8796367217419849
429,TWszOxkOV0w$_$1,zero,T,w1_vs_w5,38,8,0.23076923076923078,0.303660338584405
430,TXCXFYIc3Yo$_$16,zero,V,w1_vs_w3,26,6,0.3333333333333333,0.6289330053169243
430,TXCXFYIc3Yo$_$16,zero,V,w3_vs_w5,26,6,1.0,0.9063247863247862
430,TXCXFYIc3Yo$_$16,zero,V,w1_vs_w5,26,6,0.3333333333333333,0.4764022166429992
431,TXCXFYIc3Yo$_$2,zero,V,w1_vs_w3,20,4,0.6,0.8301960185044024
431,TXCXFYIc3Yo$_$2,zero,V,w3_vs_w5,20,4,0.3333333333333333,0.7208427389014296
431,TXCXFYIc3Yo$_$2,zero,V,w1_vs_w5,20,4,0.14285714285714285,0.4917170068783444
432,TXCXFYIc3Yo$_$7,zero,T,w1_vs_w3,41,9,0.2,0.5216027874564461
432,TXCXFYIc3Yo$_$7,zero,T,w3_vs_w5,41,9,1.0,0.8801393728222998
432,TXCXFYIc3Yo$_$7,zero,T,w1_vs_w5,41,9,0.2,0.24651567944250877
433,TXCXFYIc3Yo$_$6,zero,V,w1_vs_w3,21,5,0.6666666666666666,0.8184782466063457
433,TXCXFYIc3Yo$_$6,zero,V,w3_vs_w5,21,5,0.42857142857142855,0.756089679370477
433,TXCXFYIc3Yo$_$6,zero,V,w1_vs_w5,21,5,0.25,0.5209762984686931
434,TYJzg5IJN8o$_$11,zero,V,w1_vs_w3,48,10,0.5384615384615384,0.6554991991450198
434,TYJzg5IJN8o$_$11,zero,V,w3_vs_w5,48,10,0.6666666666666666,0.80188884064264
434,TYJzg5IJN8o$_$11,zero,V,w1_vs_w5,48,10,0.6666666666666666,0.4701219405398925
435,TYJzg5IJN8o$_$10,zero,T,w1_vs_w3,28,6,0.2,0.26717766219545586
435,TYJzg5IJN8o$_$10,zero,T,w3_vs_w5,28,6,0.2,0.5843142622502054
435,TYJzg5IJN8o$_$10,zero,T,w1_vs_w5,28,6,0.09090909090909091,0.18888584724883659
436,TYJzg5IJN8o$_$14,zero,T,w1_vs_w3,29,6,0.7142857142857143,0.57023113261914
436,TYJzg5IJN8o$_$14,zero,T,w3_vs_w5,29,6,0.7142857142857143,0.9177339901477829
436,TYJzg5IJN8o$_$14,zero,T,w1_vs_w5,29,6,0.5,0.5842895991240237
437,TYJzg5IJN8o$_$0,zero,A,w1_vs_w3,30,6,0.5,0.7721913236929923
437,TYJzg5IJN8o$_$0,zero,A,w3_vs_w5,30,6,0.5,0.7446051167964404
437,TYJzg5IJN8o$_$0,zero,A,w1_vs_w5,30,6,0.3333333333333333,0.48609566184649605
438,TYJzg5IJN8o$_$4,zero,A,w1_vs_w3,33,7,0.2727272727272727,0.5023395721925134
438,TYJzg5IJN8o$_$4,zero,A,w3_vs_w5,33,7,0.4,0.7473262032085563
438,TYJzg5IJN8o$_$4,zero,A,w1_vs_w5,33,7,0.16666666666666666,0.19752673796791445
439,TYJzg5IJN8o$_$7,zero,T,w1_vs_w3,24,5,0.42857142857142855,0.5850370279414047
439,TYJzg5IJN8o$_$7,zero,T,w3_vs_w5,24,5,1.0,0.9634782608695651
439,TYJzg5IJN8o$_$7,zero,T,w1_vs_w5,24,5,0.42857142857142855,0.573292790205778
440,Uc_6d-fkZEc$_$3,zero,T,w1_vs_w3,15,3,0.5,0.4647008111181005
440,Uc_6d-fkZEc$_$3,zero,T,w3_vs_w5,15,3,1.0,0.9857142857142854
440,Uc_6d-fkZEc$_$3,zero,T,w1_vs_w5,15,3,0.5,0.543342486845779
441,UlTJmndbGHM$_$1,zero,T,w1_vs_w3,16,4,0.6,0.5194997727248921
441,UlTJmndbGHM$_$1,zero,T,w3_vs_w5,16,4,1.0,0.9794117647058824
441,UlTJmndbGHM$_$1,zero,T,w1_vs_w5,16,4,0.6,0.5754232610068919
442,UlTJmndbGHM$_$4,zero,T,w1_vs_w3,19,4,0.3333333333333333,0.4263157894736842
442,UlTJmndbGHM$_$4,zero,T,w3_vs_w5,19,4,1.0,0.756140350877193
442,UlTJmndbGHM$_$4,zero,T,w1_vs_w5,19,4,0.3333333333333333,0.2614035087719298
443,VbV9S4svrTg$_$13,zero,T,w1_vs_w3,8,2,0.0,-0.14285714285714288
443,VbV9S4svrTg$_$13,zero,T,w3_vs_w5,8,2,0.3333333333333333,0.7065994945288229
443,VbV9S4svrTg$_$13,zero,T,w1_vs_w5,8,2,0.0,-0.467074242146171
444,VbV9S4svrTg$_$3,zero,T,w1_vs_w3,15,3,0.5,0.8214285714285712
444,VbV9S4svrTg$_$3,zero,T,w3_vs_w5,15,3,1.0,0.8892857142857141
444,VbV9S4svrTg$_$3,zero,T,w1_vs_w5,15,3,0.5,0.7749999999999999
445,VbV9S4svrTg$_$7,zero,T,w1_vs_w3,8,2,0.3333333333333333,0.8095238095238096
445,VbV9S4svrTg$_$7,zero,T,w3_vs_w5,8,2,0.3333333333333333,0.8742671711966791
445,VbV9S4svrTg$_$7,zero,T,w1_vs_w5,8,2,0.0,0.6586944440522925
446,VbV9S4svrTg$_$8,zero,T,w1_vs_w3,13,3,0.0,-0.33516483516483514
446,VbV9S4svrTg$_$8,zero,T,w3_vs_w5,13,3,0.2,0.2692307692307692
446,VbV9S4svrTg$_$8,zero,T,w1_vs_w5,13,3,0.0,-0.4175824175824176
447,VinxKpWioTo$_$1,zero,T,w1_vs_w3,48,10,0.5384615384615384,0.6335914338315618
447,VinxKpWioTo$_$1,zero,T,w3_vs_w5,48,10,0.8181818181818182,0.8618106817194963
447,VinxKpWioTo$_$1,zero,T,w1_vs_w5,48,10,0.5384615384615384,0.5613035718026052
448,VinxKpWioTo$_$0,zero,V,w1_vs_w3,10,2,0.3333333333333333,0.5636363636363636
448,VinxKpWioTo$_$0,zero,V,w3_vs_w5,10,2,0.0,0.7696969696969697
448,VinxKpWioTo$_$0,zero,V,w1_vs_w5,10,2,0.0,0.1515151515151515
449,VinxKpWioTo$_$3,zero,T,w1_vs_w3,28,6,0.5,0.46892115668143425
449,VinxKpWioTo$_$3,zero,T,w3_vs_w5,28,6,1.0,0.9130970387958095
449,VinxKpWioTo$_$3,zero,T,w1_vs_w5,28,6,0.5,0.28227243995680595
450,VinxKpWioTo$_$5,zero,T,w1_vs_w3,20,4,0.3333333333333333,0.27604364494449757
450,VinxKpWioTo$_$5,zero,T,w3_vs_w5,20,4,0.6,0.6646616541353383
450,VinxKpWioTo$_$5,zero,T,w1_vs_w5,20,4,0.3333333333333333,0.133132766090398
451,ViyQVpGW05w$_$1,zero,T,w1_vs_w3,17,4,0.14285714285714285,0.09938657788145229
451,ViyQVpGW05w$_$1,zero,T,w3_vs_w5,17,4,0.0,-0.002450980392156863
451,ViyQVpGW05w$_$1,zero,T,w1_vs_w5,17,4,0.0,-0.49570589461860154
452,ViyQVpGW05w$_$4,zero,T,w1_vs_w3,13,3,1.0,0.6043956043956044
452,ViyQVpGW05w$_$4,zero,T,w3_vs_w5,13,3,1.0,0.989010989010989
452,ViyQVpGW05w$_$4,zero,T,w1_vs_w5,13,3,1.0,0.5439560439560439
453,ViyQVpGW05w$_$6,zero,T,w1_vs_w3,25,5,0.42857142857142855,0.6040785364423437
453,ViyQVpGW05w$_$6,zero,T,w3_vs_w5,25,5,0.6666666666666666,0.916923076923077
453,ViyQVpGW05w$_$6,zero,T,w1_vs_w5,25,5,0.42857142857142855,0.4347826408788843
454,Vuay0mVKkik$_$3,zero,T,w1_vs_w3,26,6,0.5,0.7107692307692307
454,Vuay0mVKkik$_$3,zero,T,w3_vs_w5,26,6,0.7142857142857143,0.9063247863247862
454,Vuay0mVKkik$_$3,zero,T,w1_vs_w5,26,6,0.7142857142857143,0.6287179487179486
455,WmQF5RmbsVQ$_$6,zero,T,w1_vs_w3,48,10,0.17647058823529413,0.2666775230547481
455,WmQF5RmbsVQ$_$6,zero,T,w3_vs_w5,48,10,0.8181818181818182,0.7911419887103778
455,WmQF5RmbsVQ$_$6,zero,T,w1_vs_w5,48,10,0.1111111111111111,0.20132443171383288
456,Wrcf2xtqbkQ$_$9,zero,T,w1_vs_w3,28,6,0.2,0.06434831194962816
456,Wrcf2xtqbkQ$_$9,zero,T,w3_vs_w5,28,6,0.3333333333333333,0.8872468527640941
456,Wrcf2xtqbkQ$_$9,zero,T,w1_vs_w5,28,6,0.09090909090909091,0.0347754707132033
457,Wrcf2xtqbkQ$_$8,zero,V,w1_vs_w3,18,4,0.6,0.5203924286677827
457,Wrcf2xtqbkQ$_$8,zero,V,w3_vs_w5,18,4,0.14285714285714285,0.5376676986584108
457,Wrcf2xtqbkQ$_$8,zero,V,w1_vs_w5,18,4,0.14285714285714285,0.0
458,WxajvjGKz7Y$_$0,zero,T,w1_vs_w3,11,3,0.5,-0.10909090909090911
458,WxajvjGKz7Y$_$0,zero,T,w3_vs_w5,11,3,1.0,0.9818181818181818
458,WxajvjGKz7Y$_$0,zero,T,w1_vs_w5,11,3,0.5,-0.13636363636363638
459,WxajvjGKz7Y$_$3,zero,T,w1_vs_w3,22,5,0.25,0.313382269904009
459,WxajvjGKz7Y$_$3,zero,T,w3_vs_w5,22,5,0.6666666666666666,0.8983625070581593
459,WxajvjGKz7Y$_$3,zero,T,w1_vs_w5,22,5,0.25,0.14737436476566912
460,WxajvjGKz7Y$_$6,zero,T,w1_vs_w3,32,7,0.2727272727272727,0.3669354838709677
460,WxajvjGKz7Y$_$6,zero,T,w3_vs_w5,32,7,0.75,0.6037390029325512
460,WxajvjGKz7Y$_$6,zero,T,w1_vs_w5,32,7,0.2727272727272727,0.17925219941348972
461,XIGpuL-Kkyk$_$12,zero,V,w1_vs_w3,28,6,0.5,0.761720648337199
461,XIGpuL-Kkyk$_$12,zero,V,w3_vs_w5,28,6,0.5,0.8148960696259294
461,XIGpuL-Kkyk$_$12,zero,V,w1_vs_w5,28,6,0.3333333333333333,0.45696868377014627
462,XIGpuL-Kkyk$_$0,zero,T,w1_vs_w3,13,3,0.5,0.3626373626373627
462,XIGpuL-Kkyk$_$0,zero,T,w3_vs_w5,13,3,0.5,0.7857142857142857
462,XIGpuL-Kkyk$_$0,zero,T,w1_vs_w5,13,3,0.2,0.26373626373626374
463,XIGpuL-Kkyk$_$4,zero,V,w1_vs_w3,21,5,0.42857142857142855,0.5909090909090908
463,XIGpuL-Kkyk$_$4,zero,V,w3_vs_w5,21,5,1.0,0.9467532467532468
463,XIGpuL-Kkyk$_$4,zero,V,w1_vs_w5,21,5,0.42857142857142855,0.5402597402597402
464,XIGpuL-Kkyk$_$7,zero,T,w1_vs_w3,7,2,0.3333333333333333,0.07142857142857144
464,XIGpuL-Kkyk$_$7,zero,T,w3_vs_w5,7,2,0.0,0.5929994533288809
464,XIGpuL-Kkyk$_$7,zero,T,w1_vs_w5,7,2,0.0,-0.630061919161936
465,XaVYxIW0FDg$_$2,zero,T,w1_vs_w3,34,7,0.4,0.6447520828845665
465,XaVYxIW0FDg$_$2,zero,T,w3_vs_w5,34,7,0.75,0.7313980137509549
465,XaVYxIW0FDg$_$2,zero,T,w1_vs_w5,34,7,0.2727272727272727,0.30074160470332995
466,XyP8bVmGX6M$_$4,zero,V,w1_vs_w3,18,4,0.6,0.4716202270381837
466,XyP8bVmGX6M$_$4,zero,V,w3_vs_w5,18,4,0.3333333333333333,0.7708978328173374
466,XyP8bVmGX6M$_$4,zero,V,w1_vs_w5,18,4,0.14285714285714285,0.1496388028895769
467,XzVapdEr_GY$_$3,zero,T,w1_vs_w3,33,7,0.5555555555555556,0.7143814307181152
467,XzVapdEr_GY$_$3,zero,T,w3_vs_w5,33,7,0.75,0.9317289244530036
467,XzVapdEr_GY$_$3,zero,T,w1_vs_w5,33,7,0.4,0.613178464436671
468,XzVapdEr_GY$_$4,zero,T,w1_vs_w3,37,8,0.6,0.6213764992447292
468,XzVapdEr_GY$_$4,zero,T,w3_vs_w5,37,8,0.45454545454545453,0.7911332385016595
468,XzVapdEr_GY$_$4,zero,T,w1_vs_w5,37,8,0.3333333333333333,0.3459600505239687
469,Y7h-S3cJ52o$_$0,zero,T,w1_vs_w3,11,3,0.2,0.10000000000000002
469,Y7h-S3cJ52o$_$0,zero,T,w3_vs_w5,11,3,0.5,0.24545454545454545
469,Y7h-S3cJ52o$_$0,zero,T,w1_vs_w5,11,3,0.2,0.26363636363636367
470,Y7qkyMyanjU$_$2,zero,T,w1_vs_w3,11,3,0.2,0.33636363636363636
470,Y7qkyMyanjU$_$2,zero,T,w3_vs_w5,11,3,0.2,0.5272727272727273
470,Y7qkyMyanjU$_$2,zero,T,w1_vs_w5,11,3,0.0,-0.22727272727272727
471,Y7qkyMyanjU$_$4,zero,T,w1_vs_w3,13,3,0.2,0.22527472527472525
471,Y7qkyMyanjU$_$4,zero,T,w3_vs_w5,13,3,1.0,0.7307692307692307
471,Y7qkyMyanjU$_$4,zero,T,w1_vs_w5,13,3,0.2,0.08241758241758242
472,YbuG8xyUO-o$_$3,zero,T,w1_vs_w3,13,3,0.2,0.021978021978021976
472,YbuG8xyUO-o$_$3,zero,T,w3_vs_w5,13,3,0.2,0.8241758241758241
472,YbuG8xyUO-o$_$3,zero,T,w1_vs_w5,13,3,0.0,-0.25274725274725274
473,YbuG8xyUO-o$_$2,zero,T,w1_vs_w3,15,3,0.2,0.2928571428571428
473,YbuG8xyUO-o$_$2,zero,T,w3_vs_w5,15,3,1.0,0.8214285714285712
473,YbuG8xyUO-o$_$2,zero,T,w1_vs_w5,15,3,0.2,0.3321428571428571
474,Z7L3V5bwzI0$_$2,zero,A,w1_vs_w3,27,6,0.7142857142857143,0.8351648351648352
474,Z7L3V5bwzI0$_$2,zero,A,w3_vs_w5,27,6,1.0,0.9804639804639804
474,Z7L3V5bwzI0$_$2,zero,A,w1_vs_w5,27,6,0.7142857142857143,0.8046398046398046
475,ZaoFHcbRM9g$_$3,zero,T,w1_vs_w3,29,6,0.3333333333333333,0.4126123938182407
475,ZaoFHcbRM9g$_$3,zero,T,w3_vs_w5,29,6,0.7142857142857143,0.8073891625615762
475,ZaoFHcbRM9g$_$3,zero,T,w1_vs_w5,29,6,0.3333333333333333,0.33895800232471596
476,ZaoFHcbRM9g$_$2,zero,T,w1_vs_w3,9,2,0.3333333333333333,0.19999999999999998
476,ZaoFHcbRM9g$_$2,zero,T,w3_vs_w5,9,2,0.0,0.45
476,ZaoFHcbRM9g$_$2,zero,T,w1_vs_w5,9,2,0.3333333333333333,0.5333333333333333
477,ZaoFHcbRM9g$_$5,zero,T,w1_vs_w3,14,3,0.2,0.5604395604395604
477,ZaoFHcbRM9g$_$5,zero,T,w3_vs_w5,14,3,0.0,0.6615384615384616
477,ZaoFHcbRM9g$_$5,zero,T,w1_vs_w5,14,3,0.0,0.2087912087912088
478,ZaoFHcbRM9g$_$9,zero,T,w1_vs_w3,6,2,0.3333333333333333,0.028571428571428574
478,ZaoFHcbRM9g$_$9,zero,T,w3_vs_w5,6,2,0.3333333333333333,0.7775419143502353
478,ZaoFHcbRM9g$_$9,zero,T,w1_vs_w5,6,2,0.3333333333333333,-0.3718678720805473
479,ZaoFHcbRM9g$_$8,zero,T,w1_vs_w3,8,2,0.0,-0.5952380952380953
479,ZaoFHcbRM9g$_$8,zero,T,w3_vs_w5,8,2,0.0,0.34731161595484505
479,ZaoFHcbRM9g$_$8,zero,T,w1_vs_w5,8,2,0.0,-0.6586944440522925
480,Zvisaa77Cng$_$1,zero,V,w1_vs_w3,18,4,1.0,0.5665634674922602
480,Zvisaa77Cng$_$1,zero,V,w3_vs_w5,18,4,0.3333333333333333,0.4901960784313726
480,Zvisaa77Cng$_$1,zero,V,w1_vs_w5,18,4,0.3333333333333333,-0.15583075335397317
481,Zvisaa77Cng$_$5,zero,V,w1_vs_w3,16,4,0.3333333333333333,0.5272459499263623
481,Zvisaa77Cng$_$5,zero,V,w3_vs_w5,16,4,0.6,0.6696101886397334
481,Zvisaa77Cng$_$5,zero,V,w1_vs_w5,16,4,0.3333333333333333,0.09124358614431533
482,_7HVhnSYX1Y$_$26,zero,V,w1_vs_w3,16,4,0.3333333333333333,0.30882352941176466
482,_7HVhnSYX1Y$_$26,zero,V,w3_vs_w5,16,4,0.6,0.8970588235294116
482,_7HVhnSYX1Y$_$26,zero,V,w1_vs_w5,16,4,0.6,0.13823529411764704
483,_7HVhnSYX1Y$_$12,zero,V,w1_vs_w3,19,4,0.6,0.50636248841296
483,_7HVhnSYX1Y$_$12,zero,V,w3_vs_w5,19,4,1.0,0.8964912280701753
483,_7HVhnSYX1Y$_$12,zero,V,w1_vs_w5,19,4,0.6,0.44054414069897035
484,_7HVhnSYX1Y$_$14,zero,V,w1_vs_w3,10,2,0.3333333333333333,0.8303030303030302
484,_7HVhnSYX1Y$_$14,zero,V,w3_vs_w5,10,2,0.3333333333333333,0.9151515151515152
484,_7HVhnSYX1Y$_$14,zero,V,w1_vs_w5,10,2,0.0,0.6848484848484848
485,_7HVhnSYX1Y$_$19,zero,T,w1_vs_w3,13,3,1.0,0.7967032967032966
485,_7HVhnSYX1Y$_$19,zero,T,w3_vs_w5,13,3,0.2,0.5659340659340659
485,_7HVhnSYX1Y$_$19,zero,T,w1_vs_w5,13,3,0.2,0.2802197802197803
486,_7HVhnSYX1Y$_$31,zero,T,w1_vs_w3,13,3,0.2,0.0826449416975863
486,_7HVhnSYX1Y$_$31,zero,T,w3_vs_w5,13,3,0.2,0.15384615384615383
486,_7HVhnSYX1Y$_$31,zero,T,w1_vs_w5,13,3,0.0,-0.44628268516696606
487,_7HVhnSYX1Y$_$3,zero,V,w1_vs_w3,23,5,0.42857142857142855,0.7302371541501976
487,_7HVhnSYX1Y$_$3,zero,V,w3_vs_w5,23,5,0.6666666666666666,0.9387351778656127
487,_7HVhnSYX1Y$_$3,zero,V,w1_vs_w5,23,5,0.42857142857142855,0.6254940711462451
488,_BvNNdEkhZA$_$14,zero,T,w1_vs_w3,15,3,0.5,0.7642857142857141
488,_BvNNdEkhZA$_$14,zero,T,w3_vs_w5,15,3,1.0,0.9107142857142855
488,_BvNNdEkhZA$_$14,zero,T,w1_vs_w5,15,3,0.5,0.5642857142857142
489,_BvNNdEkhZA$_$19,zero,V,w1_vs_w3,32,7,0.75,0.7773065814057984
489,_BvNNdEkhZA$_$19,zero,V,w3_vs_w5,32,7,0.75,0.8899074196340421
489,_BvNNdEkhZA$_$19,zero,V,w1_vs_w5,32,7,0.5555555555555556,0.5985891352939385
490,_BvNNdEkhZA$_$7,zero,T,w1_vs_w3,23,5,0.25,0.13837410849910728
490,_BvNNdEkhZA$_$7,zero,T,w3_vs_w5,23,5,0.6666666666666666,0.8349802371541503
490,_BvNNdEkhZA$_$7,zero,T,w1_vs_w5,23,5,0.1111111111111111,0.019767729785586753
491,_BvNNdEkhZA$_$6,zero,T,w1_vs_w3,28,6,0.3333333333333333,0.6326307381852111
491,_BvNNdEkhZA$_$6,zero,T,w3_vs_w5,28,6,0.5,0.926655719759168
491,_BvNNdEkhZA$_$6,zero,T,w1_vs_w5,28,6,0.3333333333333333,0.5680263010533593
492,_BvNNdEkhZA$_$9,zero,T,w1_vs_w3,16,4,0.6,0.6735294117647058
492,_BvNNdEkhZA$_$9,zero,T,w3_vs_w5,16,4,0.0,0.34411764705882353
492,_BvNNdEkhZA$_$9,zero,T,w1_vs_w5,16,4,0.0,0.047058823529411764
493,_aZDaIfGfPo$_$1,zero,T,w1_vs_w3,45,9,0.5,0.6529186995327921
493,_aZDaIfGfPo$_$1,zero,T,w3_vs_w5,45,9,0.8,0.9457492017384002
493,_aZDaIfGfPo$_$1,zero,T,w1_vs_w5,45,9,0.38461538461538464,0.6254241226969187
494,_aZDaIfGfPo$_$0,zero,V,w1_vs_w3,21,5,0.25,0.6168348723102576
494,_aZDaIfGfPo$_$0,zero,V,w3_vs_w5,21,5,0.42857142857142855,0.7818181818181819
494,_aZDaIfGfPo$_$0,zero,V,w1_vs_w5,21,5,0.1111111111111111,0.3301919021428987
495,_gr7o5ynhnw$_$13,zero,T,w1_vs_w3,34,7,0.4,0.5541634835752481
495,_gr7o5ynhnw$_$13,zero,T,w3_vs_w5,34,7,0.75,0.8805194805194805
495,_gr7o5ynhnw$_$13,zero,T,w1_vs_w5,34,7,0.2727272727272727,0.3912910618792972
496,_gr7o5ynhnw$_$12,zero,T,w1_vs_w3,14,3,0.2,-0.10781084631673665
496,_gr7o5ynhnw$_$12,zero,T,w3_vs_w5,14,3,0.5,0.7802197802197802
496,_gr7o5ynhnw$_$12,zero,T,w1_vs_w5,14,3,0.2,-0.2882289972957653
497,_gr7o5ynhnw$_$15,zero,T,w1_vs_w3,48,10,0.42857142857142855,0.6820588199332585
497,_gr7o5ynhnw$_$15,zero,T,w3_vs_w5,48,10,0.8181818181818182,0.9344044294699573
497,_gr7o5ynhnw$_$15,zero,T,w1_vs_w5,48,10,0.42857142857142855,0.5457951229926846
498,_gzYkdjNvPc$_$12,zero,V,w1_vs_w3,9,2,0.0,0.08333333333333334
498,_gzYkdjNvPc$_$12,zero,V,w3_vs_w5,9,2,0.3333333333333333,0.8833333333333333
498,_gzYkdjNvPc$_$12,zero,V,w1_vs_w5,9,2,0.3333333333333333,0.19999999999999998
499,_gzYkdjNvPc$_$17,zero,T,w1_vs_w3,17,4,0.14285714285714285,0.30147058823529416
499,_gzYkdjNvPc$_$17,zero,T,w3_vs_w5,17,4,0.6,0.7058823529411765
499,_gzYkdjNvPc$_$17,zero,T,w1_vs_w5,17,4,0.14285714285714285,0.08088235294117649
500,_gzYkdjNvPc$_$1,zero,T,w1_vs_w3,26,6,0.3333333333333333,0.35931623931623924
500,_gzYkdjNvPc$_$1,zero,T,w3_vs_w5,26,6,0.7142857142857143,0.6854700854700854
500,_gzYkdjNvPc$_$1,zero,T,w1_vs_w5,26,6,0.2,0.3381196581196581
501,_gzYkdjNvPc$_$3,zero,V,w1_vs_w3,16,4,0.6,0.5794117647058823
501,_gzYkdjNvPc$_$3,zero,V,w3_vs_w5,16,4,0.3333333333333333,0.75
501,_gzYkdjNvPc$_$3,zero,V,w1_vs_w5,16,4,0.3333333333333333,0.24705882352941175
502,_gzYkdjNvPc$_$2,zero,T,w1_vs_w3,6,2,0.3333333333333333,0.7714285714285715
502,_gzYkdjNvPc$_$2,zero,T,w3_vs_w5,6,2,0.0,0.50709255283711
502,_gzYkdjNvPc$_$2,zero,T,w1_vs_w5,6,2,0.0,-0.06761234037828133
503,_gzYkdjNvPc$_$5,zero,T,w1_vs_w3,16,4,0.3333333333333333,0.25
503,_gzYkdjNvPc$_$5,zero,T,w3_vs_w5,16,4,1.0,0.8058823529411765
503,_gzYkdjNvPc$_$5,zero,T,w1_vs_w5,16,4,0.3333333333333333,0.10588235294117648
504,_gzYkdjNvPc$_$4,zero,T,w1_vs_w3,22,5,0.25,0.3201581027667985
504,_gzYkdjNvPc$_$4,zero,T,w3_vs_w5,22,5,0.1111111111111111,0.1293054771315641
504,_gzYkdjNvPc$_$4,zero,T,w1_vs_w5,22,5,0.1111111111111111,0.06154714850367025
505,_gzYkdjNvPc$_$6,zero,T,w1_vs_w3,18,4,0.3333333333333333,0.3787409700722394
505,_gzYkdjNvPc$_$6,zero,T,w3_vs_w5,18,4,0.3333333333333333,0.3869969040247678
505,_gzYkdjNvPc$_$6,zero,T,w1_vs_w5,18,4,0.14285714285714285,-0.16821465428276572
506,_gzYkdjNvPc$_$9,zero,V,w1_vs_w3,15,3,0.0,-0.175
506,_gzYkdjNvPc$_$9,zero,V,w3_vs_w5,15,3,0.2,0.5178571428571428
506,_gzYkdjNvPc$_$9,zero,V,w1_vs_w5,15,3,0.0,-0.3214285714285714
507,a-WihYDk6vc$_$8,zero,T,w1_vs_w3,32,7,0.2727272727272727,0.18540255877507292
507,a-WihYDk6vc$_$8,zero,T,w3_vs_w5,32,7,0.4,0.8328445747800586
507,a-WihYDk6vc$_$8,zero,T,w1_vs_w5,32,7,0.16666666666666666,-0.05721621991871687
508,a-WihYDk6vc$_$0,zero,A,w1_vs_w3,15,3,0.2,0.6214285714285712
508,a-WihYDk6vc$_$0,zero,A,w3_vs_w5,15,3,1.0,0.8999999999999999
508,a-WihYDk6vc$_$0,zero,A,w1_vs_w5,15,3,0.2,0.3928571428571428
509,aFhc2ddipoM$_$14,zero,T,w1_vs_w3,32,7,0.5555555555555556,0.664374210137344
509,aFhc2ddipoM$_$14,zero,T,w3_vs_w5,32,7,1.0,0.8959765412023103
509,aFhc2ddipoM$_$14,zero,T,w1_vs_w5,32,7,0.5555555555555556,0.5485054928746222
510,aK5tRCXjUvU$_$0,zero,A,w1_vs_w3,16,4,0.14285714285714285,0.2058823529411765
510,aK5tRCXjUvU$_$0,zero,A,w3_vs_w5,16,4,0.3333333333333333,0.6705882352941177
510,aK5tRCXjUvU$_$0,zero,A,w1_vs_w5,16,4,0.0,-0.05294117647058824
511,b-FX9NOVQOM$_$1,zero,T,w1_vs_w3,27,6,0.2,0.3125763125763126
511,b-FX9NOVQOM$_$1,zero,T,w3_vs_w5,27,6,0.5,0.8284493284493284
511,b-FX9NOVQOM$_$1,zero,T,w1_vs_w5,27,6,0.3333333333333333,0.28266178266178266
512,b-FX9NOVQOM$_$4,zero,T,w1_vs_w3,30,6,0.3333333333333333,0.28409343715239155
512,b-FX9NOVQOM$_$4,zero,T,w3_vs_w5,30,6,0.5,0.639154616240267
512,b-FX9NOVQOM$_$4,zero,T,w1_vs_w5,30,6,0.2,0.030923248053392655
513,b1LEcg6z66g$_$0,zero,T,w1_vs_w3,24,5,0.25,0.17739130434782607
513,b1LEcg6z66g$_$0,zero,T,w3_vs_w5,24,5,0.6666666666666666,0.9443478260869566
513,b1LEcg6z66g$_$0,zero,T,w1_vs_w5,24,5,0.1111111111111111,0.14956521739130432
514,b1LEcg6z66g$_$4,zero,T,w1_vs_w3,30,6,0.2,0.062096600854994084
514,b1LEcg6z66g$_$4,zero,T,w3_vs_w5,30,6,0.0,0.36907675194660733
514,b1LEcg6z66g$_$4,zero,T,w1_vs_w5,30,6,0.2,0.1655909356133176
515,b1LEcg6z66g$_$8,zero,T,w1_vs_w3,24,5,0.6666666666666666,0.7258099758446496
515,b1LEcg6z66g$_$8,zero,T,w3_vs_w5,24,5,0.6666666666666666,0.7626086956521738
515,b1LEcg6z66g$_$8,zero,T,w1_vs_w5,24,5,1.0,0.5257664834009474
516,bAkUEnPoucg$_$3,zero,T,w1_vs_w3,33,7,0.2727272727272727,0.6189839572192514
516,bAkUEnPoucg$_$3,zero,T,w3_vs_w5,33,7,0.5555555555555556,0.7987967914438503
516,bAkUEnPoucg$_$3,zero,T,w1_vs_w5,33,7,0.2727272727272727,0.4719251336898396
517,bNQkb4K5DX0$_$3,zero,T,w1_vs_w3,26,6,0.2,0.16307692307692306
517,bNQkb4K5DX0$_$3,zero,T,w3_vs_w5,26,6,0.7142857142857143,0.8372649572649572
517,bNQkb4K5DX0$_$3,zero,T,w1_vs_w5,26,6,0.09090909090909091,0.04478632478632478
518,bNQkb4K5DX0$_$7,zero,A,w1_vs_w3,21,5,0.25,0.525974025974026
518,bNQkb4K5DX0$_$7,zero,A,w3_vs_w5,21,5,0.42857142857142855,0.5532467532467533
518,bNQkb4K5DX0$_$7,zero,A,w1_vs_w5,21,5,0.1111111111111111,-0.024675324675324677
519,bWunvAd96zI$_$1,zero,T,w1_vs_w3,18,4,0.6,0.6945304437564499
519,bWunvAd96zI$_$1,zero,T,w3_vs_w5,18,4,0.14285714285714285,0.5913312693498451
519,bWunvAd96zI$_$1,zero,T,w1_vs_w5,18,4,0.0,0.35397316821465424
520,bWunvAd96zI$_$2,zero,T,w1_vs_w3,33,7,0.2727272727272727,0.5228583532507676
520,bWunvAd96zI$_$2,zero,T,w3_vs_w5,33,7,0.75,0.8248663101604279
520,bWunvAd96zI$_$2,zero,T,w1_vs_w5,33,7,0.16666666666666666,0.4096949564634372
521,bWunvAd96zI$_$5,zero,T,w1_vs_w3,7,2,0.3333333333333333,-0.03571428571428572
521,bWunvAd96zI$_$5,zero,T,w3_vs_w5,7,2,0.3333333333333333,0.6671243849949912
521,bWunvAd96zI$_$5,zero,T,w1_vs_w5,7,2,0.0,-0.29649972666444047
522,bWunvAd96zI$_$4,zero,T,w1_vs_w3,17,4,0.6,0.17892156862745098
522,bWunvAd96zI$_$4,zero,T,w3_vs_w5,17,4,0.6,0.8382352941176472
522,bWunvAd96zI$_$4,zero,T,w1_vs_w5,17,4,0.3333333333333333,-0.07352941176470588
523,bj9e8w4vNxo$_$12,zero,A,w1_vs_w3,42,9,0.8,0.8880155578964428
523,bj9e8w4vNxo$_$12,zero,A,w3_vs_w5,42,9,0.8,0.9753666639656432
523,bj9e8w4vNxo$_$12,zero,A,w1_vs_w5,42,9,0.6363636363636364,0.8249736650190423
524,bpvYdXVlgvc$_$1,zero,T,w1_vs_w3,10,2,0.3333333333333333,0.5878787878787878
524,bpvYdXVlgvc$_$1,zero,T,w3_vs_w5,10,2,0.0,0.8787878787878788
524,bpvYdXVlgvc$_$1,zero,T,w1_vs_w5,10,2,0.0,0.4545454545454545
525,bpvYdXVlgvc$_$3,zero,T,w1_vs_w3,21,5,0.42857142857142855,0.6532467532467533
525,bpvYdXVlgvc$_$3,zero,T,w3_vs_w5,21,5,0.6666666666666666,0.8948051948051948
525,bpvYdXVlgvc$_$3,zero,T,w1_vs_w5,21,5,0.42857142857142855,0.5948051948051949
526,bpvYdXVlgvc$_$4,zero,T,w1_vs_w3,14,3,1.0,0.24835164835164836
526,bpvYdXVlgvc$_$4,zero,T,w3_vs_w5,14,3,1.0,0.7626373626373627
526,bpvYdXVlgvc$_$4,zero,T,w1_vs_w5,14,3,1.0,0.2351648351648352
527,bpvYdXVlgvc$_$6,zero,T,w1_vs_w3,29,6,0.3333333333333333,0.2778325123152709
527,bpvYdXVlgvc$_$6,zero,T,w3_vs_w5,29,6,1.0,0.8995073891625613
527,bpvYdXVlgvc$_$6,zero,T,w1_vs_w5,29,6,0.3333333333333333,0.31576354679802954
528,c1a1y9ytHH0$_$0,zero,T,w1_vs_w3,27,6,0.3333333333333333,0.4995420080201396
528,c1a1y9ytHH0$_$0,zero,T,w3_vs_w5,27,6,0.3333333333333333,0.7191697191697193
528,c1a1y9ytHH0$_$0,zero,T,w1_vs_w5,27,6,0.2,0.3654962002445642
529,c1a1y9ytHH0$_$3,zero,T,w1_vs_w3,29,6,0.5,0.16728258699344165
529,c1a1y9ytHH0$_$3,zero,T,w3_vs_w5,29,6,0.5,0.8596059113300492
529,c1a1y9ytHH0$_$3,zero,T,w1_vs_w5,29,6,0.3333333333333333,0.19167283163607893
530,c1a1y9ytHH0$_$7,zero,A,w1_vs_w3,22,5,0.6666666666666666,0.6645962732919255
530,c1a1y9ytHH0$_$7,zero,A,w3_vs_w5,22,5,1.0,0.8802936194240545
530,c1a1y9ytHH0$_$7,zero,A,w1_vs_w5,22,5,0.6666666666666666,0.5550536420101638
531,c5cB7AfVgcE$_$12,zero,A,w1_vs_w3,31,7,0.2727272727272727,0.7375
531,c5cB7AfVgcE$_$12,zero,A,w3_vs_w5,31,7,0.5555555555555556,0.9173387096774194
531,c5cB7AfVgcE$_$12,zero,A,w1_vs_w5,31,7,0.4,0.6556451612903226
532,c5cB7AfVgcE$_$5,zero,T,w1_vs_w3,37,8,0.3333333333333333,0.5690401625488328
532,c5cB7AfVgcE$_$5,zero,T,w3_vs_w5,37,8,0.6,0.9227121858700804
532,c5cB7AfVgcE$_$5,zero,T,w1_vs_w5,37,8,0.45454545454545453,0.5423608467385624
533,d8BR6hsvzoY$_$1,zero,V,w1_vs_w3,24,5,0.0,0.49391304347826087
533,d8BR6hsvzoY$_$1,zero,V,w3_vs_w5,24,5,0.1111111111111111,0.5104347826086956
533,d8BR6hsvzoY$_$1,zero,V,w1_vs_w5,24,5,0.25,0.17304347826086955
534,d8BR6hsvzoY$_$0,zero,T,w1_vs_w3,7,2,0.0,-0.21428571428571433
534,d8BR6hsvzoY$_$0,zero,T,w3_vs_w5,7,2,1.0,0.8894991799933215
534,d8BR6hsvzoY$_$0,zero,T,w1_vs_w5,7,2,0.0,-0.2594372608313854
535,d8BR6hsvzoY$_$2,zero,V,w1_vs_w3,17,4,0.3333333333333333,0.022058823529411766
535,d8BR6hsvzoY$_$2,zero,V,w3_vs_w5,17,4,0.14285714285714285,0.37009803921568635
535,d8BR6hsvzoY$_$2,zero,V,w1_vs_w5,17,4,0.14285714285714285,-0.5122549019607844
536,d8BR6hsvzoY$_$5,zero,T,w1_vs_w3,10,2,0.3333333333333333,-0.17575757575757575
536,d8BR6hsvzoY$_$5,zero,T,w3_vs_w5,10,2,0.3333333333333333,0.6848484848484848
536,d8BR6hsvzoY$_$5,zero,T,w1_vs_w5,10,2,0.0,-0.43030303030303024
537,d8BR6hsvzoY$_$6,zero,T,w1_vs_w3,9,2,0.0,0.0
537,d8BR6hsvzoY$_$6,zero,T,w3_vs_w5,9,2,0.3333333333333333,0.9166666666666666
537,d8BR6hsvzoY$_$6,zero,T,w1_vs_w5,9,2,0.3333333333333333,0.19999999999999998
538,d8BR6hsvzoY$_$9,zero,T,w1_vs_w3,17,4,0.3333333333333333,0.5469038428320494
538,d8BR6hsvzoY$_$9,zero,T,w3_vs_w5,17,4,0.6,0.8357843137254902
538,d8BR6hsvzoY$_$9,zero,T,w1_vs_w5,17,4,0.3333333333333333,0.45248322422651616
539,d8BR6hsvzoY$_$8,zero,T,w1_vs_w3,29,6,0.5,0.8098522167487683
539,d8BR6hsvzoY$_$8,zero,T,w3_vs_w5,29,6,0.7142857142857143,0.8522167487684728
539,d8BR6hsvzoY$_$8,zero,T,w1_vs_w5,29,6,0.3333333333333333,0.622167487684729
540,dBWvtPeHpWM$_$4,zero,T,w1_vs_w3,5,1,0.0,-0.7
540,dBWvtPeHpWM$_$4,zero,T,w3_vs_w5,5,1,0.0,0.0
540,dBWvtPeHpWM$_$4,zero,T,w1_vs_w5,5,1,1.0,0.0
541,dEDbm2ubVRQ$_$0,zero,T,w1_vs_w3,12,3,0.5,0.2867132867132868
541,dEDbm2ubVRQ$_$0,zero,T,w3_vs_w5,12,3,0.5,0.8321678321678322
541,dEDbm2ubVRQ$_$0,zero,T,w1_vs_w5,12,3,0.2,0.2377622377622378
542,dEDbm2ubVRQ$_$3,zero,T,w1_vs_w3,33,7,0.4,0.4438502673796792
542,dEDbm2ubVRQ$_$3,zero,T,w3_vs_w5,33,7,0.75,0.8292112299465242
542,dEDbm2ubVRQ$_$3,zero,T,w1_vs_w5,33,7,0.2727272727272727,0.22927807486631016
543,dEDbm2ubVRQ$_$8,zero,T,w1_vs_w3,16,4,0.14285714285714285,-0.0014716707442631505
543,dEDbm2ubVRQ$_$8,zero,T,w3_vs_w5,16,4,0.6,0.6764705882352942
543,dEDbm2ubVRQ$_$8,zero,T,w1_vs_w5,16,4,0.14285714285714285,-0.2766740999214723
544,dt641WxonBI$_$1,zero,T,w1_vs_w3,10,2,0.3333333333333333,0.07878787878787878
544,dt641WxonBI$_$1,zero,T,w3_vs_w5,10,2,1.0,0.9151515151515152
544,dt641WxonBI$_$1,zero,T,w1_vs_w5,10,2,0.3333333333333333,0.006060606060606061
545,dt641WxonBI$_$3,zero,T,w1_vs_w3,24,5,0.42857142857142855,0.5582608695652173
545,dt641WxonBI$_$3,zero,T,w3_vs_w5,24,5,0.42857142857142855,0.8982608695652173
545,dt641WxonBI$_$3,zero,T,w1_vs_w5,24,5,0.42857142857142855,0.37913043478260866
546,eOiC1kb17P4$_$0,zero,V,w1_vs_w3,48,10,0.6666666666666666,0.9375712626369861
546,eOiC1kb17P4$_$0,zero,V,w3_vs_w5,48,10,0.6666666666666666,0.9651260621786414
546,eOiC1kb17P4$_$0,zero,V,w1_vs_w5,48,10,0.5384615384615384,0.8767405960064734
547,erNDEjQeox8$_$12,zero,T,w1_vs_w3,46,10,0.42857142857142855,0.3771367321648649
547,erNDEjQeox8$_$12,zero,T,w3_vs_w5,46,10,0.8181818181818182,0.73938384714592
547,erNDEjQeox8$_$12,zero,T,w1_vs_w5,46,10,0.3333333333333333,0.37437912033316145
548,ewBrNsyY82Q$_$4,zero,T,w1_vs_w3,32,7,0.4,0.3251466275659824
548,ewBrNsyY82Q$_$4,zero,T,w3_vs_w5,32,7,0.75,0.6136363636363635
548,ewBrNsyY82Q$_$4,zero,T,w1_vs_w5,32,7,0.2727272727272727,0.2727272727272727
549,fWOIAxzBQFY$_$12,zero,T,w1_vs_w3,24,5,0.25,0.4609697869354875
549,fWOIAxzBQFY$_$12,zero,T,w3_vs_w5,24,5,0.6666666666666666,0.8095652173913043
549,fWOIAxzBQFY$_$12,zero,T,w1_vs_w5,24,5,0.25,0.28006088942118296
550,fWOIAxzBQFY$_$5,zero,V,w1_vs_w3,16,4,0.3333333333333333,0.26176470588235295
550,fWOIAxzBQFY$_$5,zero,V,w3_vs_w5,16,4,0.0,0.3558823529411765
550,fWOIAxzBQFY$_$5,zero,V,w1_vs_w5,16,4,0.0,-0.5264705882352941
551,fWOIAxzBQFY$_$7,zero,T,w1_vs_w3,19,4,0.14285714285714285,0.30013166557579257
551,fWOIAxzBQFY$_$7,zero,T,w3_vs_w5,19,4,0.6,0.6789473684210526
551,fWOIAxzBQFY$_$7,zero,T,w1_vs_w5,19,4,0.14285714285714285,0.24747698740460086
552,f_ZJ7L14oYQ$_$11,zero,V,w1_vs_w3,40,8,0.7777777777777778,0.7679085683498703
552,f_ZJ7L14oYQ$_$11,zero,V,w3_vs_w5,40,8,0.6,0.6883415624523596
552,f_ZJ7L14oYQ$_$11,zero,V,w1_vs_w5,40,8,0.6,0.47498731403224115
553,f_ZJ7L14oYQ$_$27,zero,V,w1_vs_w3,26,6,0.7142857142857143,0.857901660410694
553,f_ZJ7L14oYQ$_$27,zero,V,w3_vs_w5,26,6,1.0,0.9505898583109741
553,f_ZJ7L14oYQ$_$27,zero,V,w1_vs_w5,26,6,0.7142857142857143,0.7531674299099456
554,f_ZJ7L14oYQ$_$21,zero,T,w1_vs_w3,22,5,0.42857142857142855,0.19604522902825572
554,f_ZJ7L14oYQ$_$21,zero,T,w3_vs_w5,22,5,0.42857142857142855,0.4240542066629024
554,f_ZJ7L14oYQ$_$21,zero,T,w1_vs_w5,22,5,0.1111111111111111,0.1101695091080976
555,f_ZJ7L14oYQ$_$17,zero,T,w1_vs_w3,21,5,0.42857142857142855,0.748051948051948
555,f_ZJ7L14oYQ$_$17,zero,T,w3_vs_w5,21,5,1.0,0.877922077922078
555,f_ZJ7L14oYQ$_$17,zero,T,w1_vs_w5,21,5,0.42857142857142855,0.5844155844155844
556,f_ZJ7L14oYQ$_$9,zero,T,w1_vs_w3,29,6,0.2,0.36777928595261694
556,f_ZJ7L14oYQ$_$9,zero,T,w3_vs_w5,29,6,0.7142857142857143,0.7729064039408866
556,f_ZJ7L14oYQ$_$9,zero,T,w1_vs_w5,29,6,0.2,0.22712156841815995
557,f_ZJ7L14oYQ$_$8,zero,T,w1_vs_w3,21,5,0.25,0.41818181818181815
557,f_ZJ7L14oYQ$_$8,zero,T,w3_vs_w5,21,5,0.42857142857142855,0.7714285714285715
557,f_ZJ7L14oYQ$_$8,zero,T,w1_vs_w5,21,5,0.25,0.06753246753246753
558,ffrJ91swyq0$_$1,zero,T,w1_vs_w3,43,9,0.38461538461538464,0.4426990978723851
558,ffrJ91swyq0$_$1,zero,T,w3_vs_w5,43,9,0.5,0.7792207792207791
558,ffrJ91swyq0$_$1,zero,T,w1_vs_w5,43,9,0.2,0.2544273730351528
559,g8Cl74tS3oY$_$2,zero,T,w1_vs_w3,33,7,0.5555555555555556,0.7723930481283423
559,g8Cl74tS3oY$_$2,zero,T,w3_vs_w5,33,7,0.5555555555555556,0.8385695187165776
559,g8Cl74tS3oY$_$2,zero,T,w1_vs_w5,33,7,0.4,0.599264705882353
560,g8Cl74tS3oY$_$6,zero,T,w1_vs_w3,41,9,0.6363636363636364,0.7111924697915681
560,g8Cl74tS3oY$_$6,zero,T,w3_vs_w5,41,9,0.8,0.8482578397212545
560,g8Cl74tS3oY$_$6,zero,T,w1_vs_w5,41,9,0.5,0.5477279913146039
561,gR4gM_WXesQ$_$10,zero,T,w1_vs_w3,24,5,0.42857142857142855,0.4417391304347826
561,gR4gM_WXesQ$_$10,zero,T,w3_vs_w5,24,5,0.42857142857142855,0.8321739130434782
561,gR4gM_WXesQ$_$10,zero,T,w1_vs_w5,24,5,0.1111111111111111,0.15478260869565216
562,gR4gM_WXesQ$_$26,zero,T,w1_vs_w3,19,4,0.3333333333333333,0.44912280701754387
562,gR4gM_WXesQ$_$26,zero,T,w3_vs_w5,19,4,1.0,0.7964912280701755
562,gR4gM_WXesQ$_$26,zero,T,w1_vs_w5,19,4,0.3333333333333333,0.19649122807017544
563,gR4gM_WXesQ$_$20,zero,T,w1_vs_w3,38,8,0.45454545454545453,0.5849387355643202
563,gR4gM_WXesQ$_$20,zero,T,w3_vs_w5,38,8,0.7777777777777778,0.8142028668344458
563,gR4gM_WXesQ$_$20,zero,T,w1_vs_w5,38,8,0.6,0.4604860143186929
564,gR4gM_WXesQ$_$24,zero,T,w1_vs_w3,12,3,1.0,0.8041958041958043
564,gR4gM_WXesQ$_$24,zero,T,w3_vs_w5,12,3,0.5,0.8671328671328673
564,gR4gM_WXesQ$_$24,zero,T,w1_vs_w5,12,3,0.5,0.5804195804195805
565,gR4gM_WXesQ$_$18,zero,T,w1_vs_w3,31,7,0.5555555555555556,0.5769890351737584
565,gR4gM_WXesQ$_$18,zero,T,w3_vs_w5,31,7,0.5555555555555556,0.9250000000000002
565,gR4gM_WXesQ$_$18,zero,T,w1_vs_w5,31,7,0.2727272727272727,0.4626399324322272
566,gR4gM_WXesQ$_$3,zero,T,w1_vs_w3,27,6,0.3333333333333333,0.30219780219780223
566,gR4gM_WXesQ$_$3,zero,T,w3_vs_w5,27,6,1.0,0.8174603174603173
566,gR4gM_WXesQ$_$3,zero,T,w1_vs_w5,27,6,0.3333333333333333,0.2869352869352869
567,gR4gM_WXesQ$_$4,zero,T,w1_vs_w3,20,4,0.3333333333333333,0.512781954887218
567,gR4gM_WXesQ$_$4,zero,T,w3_vs_w5,20,4,0.6,0.9443609022556391
567,gR4gM_WXesQ$_$4,zero,T,w1_vs_w5,20,4,0.3333333333333333,0.40751879699248117
568,gR4gM_WXesQ$_$8,zero,V,w1_vs_w3,23,5,0.42857142857142855,0.4887571189486325
568,gR4gM_WXesQ$_$8,zero,V,w3_vs_w5,23,5,0.6666666666666666,0.6966403162055337
568,gR4gM_WXesQ$_$8,zero,V,w1_vs_w5,23,5,0.25,0.43587844177218793
569,gVqs4TzqySw$_$1,zero,A,w1_vs_w3,44,9,0.38461538461538464,0.8286116983791402
569,gVqs4TzqySw$_$1,zero,A,w3_vs_w5,44,9,0.6363636363636364,0.8979563072586327
569,gVqs4TzqySw$_$1,zero,A,w1_vs_w5,44,9,0.2857142857142857,0.6555320648343903
570,gVqs4TzqySw$_$3,zero,T,w1_vs_w3,25,5,0.25,0.4116968369384125
570,gVqs4TzqySw$_$3,zero,T,w3_vs_w5,25,5,1.0,0.8738461538461537
570,gVqs4TzqySw$_$3,zero,T,w1_vs_w5,25,5,0.25,0.3170450407824784
571,gVqs4TzqySw$_$2,zero,A,w1_vs_w3,27,6,0.3333333333333333,0.5354090354090354
571,gVqs4TzqySw$_$2,zero,A,w3_vs_w5,27,6,0.5,0.7283272283272283
571,gVqs4TzqySw$_$2,zero,A,w1_vs_w5,27,6,0.5,0.34065934065934067
572,gVqs4TzqySw$_$4,zero,V,w1_vs_w3,8,2,0.3333333333333333,0.4047619047619048
572,gVqs4TzqySw$_$4,zero,V,w3_vs_w5,8,2,0.3333333333333333,0.9221722216732094
572,gVqs4TzqySw$_$4,zero,V,w1_vs_w5,8,2,0.0,0.15569141404872366
573,goMtnNHQ_z4$_$1,zero,V,w1_vs_w3,16,4,0.6,0.8147058823529412
573,goMtnNHQ_z4$_$1,zero,V,w3_vs_w5,16,4,1.0,0.9205882352941176
573,goMtnNHQ_z4$_$1,zero,V,w1_vs_w5,16,4,0.6,0.8088235294117646
574,goMtnNHQ_z4$_$2,zero,T,w1_vs_w3,19,4,0.3333333333333333,0.6508771929824562
574,goMtnNHQ_z4$_$2,zero,T,w3_vs_w5,19,4,1.0,0.6421052631578947
574,goMtnNHQ_z4$_$2,zero,T,w1_vs_w5,19,4,0.3333333333333333,0.30350877192982456
575,goMtnNHQ_z4$_$13,zero,T,w1_vs_w3,21,5,0.25,0.5962975306375411
575,goMtnNHQ_z4$_$13,zero,T,w3_vs_w5,21,5,0.6666666666666666,0.8
575,goMtnNHQ_z4$_$13,zero,T,w1_vs_w5,21,5,0.1111111111111111,0.467034776174719
576,goMtnNHQ_z4$_$12,zero,T,w1_vs_w3,19,4,0.3333333333333333,0.3508771929824562
576,goMtnNHQ_z4$_$12,zero,T,w3_vs_w5,19,4,1.0,0.8543859649122807
576,goMtnNHQ_z4$_$12,zero,T,w1_vs_w5,19,4,0.3333333333333333,0.09824561403508772
577,hqzF4IDaIYE$_$0,zero,T,w1_vs_w3,25,5,0.25,0.48692307692307696
577,hqzF4IDaIYE$_$0,zero,T,w3_vs_w5,25,5,0.42857142857142855,0.6884615384615385
577,hqzF4IDaIYE$_$0,zero,T,w1_vs_w5,25,5,0.1111111111111111,0.17615384615384613
578,hqzF4IDaIYE$_$3,zero,V,w1_vs_w3,40,8,0.23076923076923078,0.23758804372587036
578,hqzF4IDaIYE$_$3,zero,V,w3_vs_w5,40,8,0.6,0.8070424812128374
578,hqzF4IDaIYE$_$3,zero,V,w1_vs_w5,40,8,0.23076923076923078,0.15016845866972198
579,hqzF4IDaIYE$_$2,zero,T,w1_vs_w3,29,6,0.7142857142857143,0.2674235583300749
579,hqzF4IDaIYE$_$2,zero,T,w3_vs_w5,29,6,0.3333333333333333,0.8535533997493756
579,hqzF4IDaIYE$_$2,zero,T,w1_vs_w5,29,6,0.3333333333333333,0.02603012968267854
580,hqzF4IDaIYE$_$4,zero,T,w1_vs_w3,13,3,0.5,0.24175824175824176
580,hqzF4IDaIYE$_$4,zero,T,w3_vs_w5,13,3,0.2,0.37912087912087916
580,hqzF4IDaIYE$_$4,zero,T,w1_vs_w5,13,3,0.2,-0.14285714285714285
581,hqzF4IDaIYE$_$6,zero,T,w1_vs_w3,9,2,0.3333333333333333,0.5
581,hqzF4IDaIYE$_$6,zero,T,w3_vs_w5,9,2,0.0,-0.5666666666666667
581,hqzF4IDaIYE$_$6,zero,T,w1_vs_w5,9,2,0.0,-0.7333333333333334
582,hvfaYsv7p8E$_$0,zero,T,w1_vs_w3,20,4,0.3333333333333333,0.39097744360902253
582,hvfaYsv7p8E$_$0,zero,T,w3_vs_w5,20,4,0.6,0.825563909774436
582,hvfaYsv7p8E$_$0,zero,T,w1_vs_w5,20,4,0.3333333333333333,0.30526315789473685
583,iUXqlrui25c$_$10,zero,T,w1_vs_w3,32,7,0.5555555555555556,0.5059578453484151
583,iUXqlrui25c$_$10,zero,T,w3_vs_w5,32,7,0.5555555555555556,0.8874633431085044
583,iUXqlrui25c$_$10,zero,T,w1_vs_w5,32,7,0.5555555555555556,0.5178735192424903
584,iUXqlrui25c$_$21,zero,T,w1_vs_w3,20,4,0.3333333333333333,0.3969924812030075
584,iUXqlrui25c$_$21,zero,T,w3_vs_w5,20,4,1.0,0.8120300751879698
584,iUXqlrui25c$_$21,zero,T,w1_vs_w5,20,4,0.3333333333333333,0.17744360902255638
585,iUXqlrui25c$_$23,zero,T,w1_vs_w3,25,5,0.25,0.22846153846153847
585,iUXqlrui25c$_$23,zero,T,w3_vs_w5,25,5,1.0,0.8861538461538463
585,iUXqlrui25c$_$23,zero,T,w1_vs_w5,25,5,0.25,0.06230769230769231
586,icbUzboLcDQ$_$0,zero,T,w1_vs_w3,21,5,0.6666666666666666,0.7212477156098239
586,icbUzboLcDQ$_$0,zero,T,w3_vs_w5,21,5,0.6666666666666666,0.6428571428571428
586,icbUzboLcDQ$_$0,zero,T,w1_vs_w5,21,5,0.6666666666666666,0.3502274943366623
587,ioupaiAuRr0$_$5,zero,V,w1_vs_w3,29,6,0.5,0.5824502455140245
587,ioupaiAuRr0$_$5,zero,V,w3_vs_w5,29,6,1.0,0.786206896551724
587,ioupaiAuRr0$_$5,zero,V,w1_vs_w5,29,6,0.5,0.5760415674000318
588,ioupaiAuRr0$_$4,zero,V,w1_vs_w3,40,8,0.45454545454545453,0.6802900404187141
588,ioupaiAuRr0$_$4,zero,V,w3_vs_w5,40,8,0.3333333333333333,0.8170176846550836
588,ioupaiAuRr0$_$4,zero,V,w1_vs_w5,40,8,0.3333333333333333,0.4350608210567197
589,jICmfLeFymA$_$16,zero,T,w1_vs_w3,19,4,0.6,0.4009697080555323
589,jICmfLeFymA$_$16,zero,T,w3_vs_w5,19,4,1.0,0.6739798805912535
589,jICmfLeFymA$_$16,zero,T,w1_vs_w5,19,4,0.6,0.20325657318440488
590,jPrEKz1rAno$_$11,zero,V,w1_vs_w3,14,3,0.5,0.2923076923076923
590,jPrEKz1rAno$_$11,zero,V,w3_vs_w5,14,3,0.0,0.410989010989011
590,jPrEKz1rAno$_$11,zero,V,w1_vs_w5,14,3,0.0,-0.17362637362637365
591,jPrEKz1rAno$_$7,zero,V,w1_vs_w3,35,7,0.75,0.838655462184874
591,jPrEKz1rAno$_$7,zero,V,w3_vs_w5,35,7,1.0,0.9464985994397759
591,jPrEKz1rAno$_$7,zero,V,w1_vs_w5,35,7,0.75,0.7501400560224091
592,jPrEKz1rAno$_$6,zero,T,w1_vs_w3,27,6,0.5,0.7216117216117217
592,jPrEKz1rAno$_$6,zero,T,w3_vs_w5,27,6,0.7142857142857143,0.9212454212454212
592,jPrEKz1rAno$_$6,zero,T,w1_vs_w5,27,6,0.5,0.5293040293040293
593,k5ZOshC2LP4$_$1,zero,T,w1_vs_w3,31,7,0.4,0.4201612903225807
593,k5ZOshC2LP4$_$1,zero,T,w3_vs_w5,31,7,0.75,0.6443548387096775
593,k5ZOshC2LP4$_$1,zero,T,w1_vs_w5,31,7,0.4,0.328225806451613
594,kbGhEJ4W44o$_$0,zero,T,w1_vs_w3,39,8,0.7777777777777778,0.6119433198380567
594,kbGhEJ4W44o$_$0,zero,T,w3_vs_w5,39,8,0.7777777777777778,0.9344129554655871
594,kbGhEJ4W44o$_$0,zero,T,w1_vs_w5,39,8,0.7777777777777778,0.524493927125506
595,kfsO4c0Ekes$_$7,zero,T,w1_vs_w3,27,6,0.3333333333333333,0.7568310269828334
595,kfsO4c0Ekes$_$7,zero,T,w3_vs_w5,27,6,1.0,0.9786324786324787
595,kfsO4c0Ekes$_$7,zero,T,w1_vs_w5,27,6,0.3333333333333333,0.7244695550747333
596,kvUb78Rdzdc$_$3,zero,T,w1_vs_w3,48,10,0.25,0.6334854672149758
596,kvUb78Rdzdc$_$3,zero,T,w3_vs_w5,48,10,0.8181818181818182,0.8966265913688193
596,kvUb78Rdzdc$_$3,zero,T,w1_vs_w5,48,10,0.17647058823529413,0.575416188876474
597,lO87-4Kf0cQ$_$2,zero,V,w1_vs_w3,14,3,0.5,0.7964801299318095
597,lO87-4Kf0cQ$_$2,zero,V,w3_vs_w5,14,3,0.5,0.6351648351648352
597,lO87-4Kf0cQ$_$2,zero,V,w1_vs_w5,14,3,0.2,0.1342135025575701
598,lO87-4Kf0cQ$_$5,zero,T,w1_vs_w3,18,4,0.3333333333333333,0.7207022127184767
598,lO87-4Kf0cQ$_$5,zero,T,w3_vs_w5,18,4,0.6,0.933952528379773
598,lO87-4Kf0cQ$_$5,zero,T,w1_vs_w5,18,4,0.3333333333333333,0.5699536123504286
599,lWf5hHRHIDs$_$11,zero,V,w1_vs_w3,13,3,0.5,0.6648351648351648
599,lWf5hHRHIDs$_$11,zero,V,w3_vs_w5,13,3,0.5,0.8351648351648352
599,lWf5hHRHIDs$_$11,zero,V,w1_vs_w5,13,3,0.2,0.42857142857142855
600,lawHYX5eB20$_$1,zero,T,w1_vs_w3,12,3,0.5,0.8811188811188813
600,lawHYX5eB20$_$1,zero,T,w3_vs_w5,12,3,0.5,0.8181818181818183
600,lawHYX5eB20$_$1,zero,T,w1_vs_w5,12,3,0.2,0.6223776223776225
601,lawHYX5eB20$_$2,zero,V,w1_vs_w3,23,5,0.1111111111111111,0.7420948616600791
601,lawHYX5eB20$_$2,zero,V,w3_vs_w5,23,5,1.0,0.8903162055335968
601,lawHYX5eB20$_$2,zero,V,w1_vs_w5,23,5,0.1111111111111111,0.5484189723320158
602,mHGaQ_nv9UY$_$13,zero,V,w1_vs_w3,48,10,0.25,0.5390794615718627
602,mHGaQ_nv9UY$_$13,zero,V,w3_vs_w5,48,10,0.6666666666666666,0.9039296569691706
602,mHGaQ_nv9UY$_$13,zero,V,w1_vs_w5,48,10,0.3333333333333333,0.4324793747286149
603,mHGaQ_nv9UY$_$14,zero,V,w1_vs_w3,26,6,0.3333333333333333,0.3630455888519275
603,mHGaQ_nv9UY$_$14,zero,V,w3_vs_w5,26,6,0.3333333333333333,0.718974358974359
603,mHGaQ_nv9UY$_$14,zero,V,w1_vs_w5,26,6,0.3333333333333333,0.5581097437685911
604,mHGaQ_nv9UY$_$17,zero,T,w1_vs_w3,29,6,0.2,0.12441488428820031
604,mHGaQ_nv9UY$_$17,zero,T,w3_vs_w5,29,6,0.5,0.8704433497536944
604,mHGaQ_nv9UY$_$17,zero,T,w1_vs_w5,29,6,0.09090909090909091,-0.05641783861781758
605,mHGaQ_nv9UY$_$22,zero,T,w1_vs_w3,48,10,0.17647058823529413,0.3466058713350043
605,mHGaQ_nv9UY$_$22,zero,T,w3_vs_w5,48,10,0.8181818181818182,0.8772253582283976
605,mHGaQ_nv9UY$_$22,zero,T,w1_vs_w5,48,10,0.17647058823529413,0.27348478931648423
606,mHGaQ_nv9UY$_$5,zero,V,w1_vs_w3,33,7,0.75,0.9204545454545454
606,mHGaQ_nv9UY$_$5,zero,V,w3_vs_w5,33,7,0.5555555555555556,0.9281417112299466
606,mHGaQ_nv9UY$_$5,zero,V,w1_vs_w5,33,7,0.4,0.796457219251337
607,mHGaQ_nv9UY$_$4,zero,T,w1_vs_w3,27,6,0.7142857142857143,0.7142857142857142
607,mHGaQ_nv9UY$_$4,zero,T,w3_vs_w5,27,6,0.5,0.8443223443223443
607,mHGaQ_nv9UY$_$4,zero,T,w1_vs_w5,27,6,0.3333333333333333,0.6117216117216117
608,mLW-jn67gRE$_$20,zero,T,w1_vs_w3,40,8,0.45454545454545453,0.6814898238078444
608,mLW-jn67gRE$_$20,zero,T,w3_vs_w5,40,8,0.6,0.8315196998123828
608,mLW-jn67gRE$_$20,zero,T,w1_vs_w5,40,8,0.23076923076923078,0.47359039517923984
609,mLW-jn67gRE$_$17,zero,V,w1_vs_w3,41,9,0.38461538461538464,0.36903312916130976
609,mLW-jn67gRE$_$17,zero,V,w3_vs_w5,41,9,0.5,0.5698226921825175
609,mLW-jn67gRE$_$17,zero,V,w1_vs_w5,41,9,0.2857142857142857,0.2677727111721876
610,mLW-jn67gRE$_$1,zero,T,w1_vs_w3,14,3,1.0,0.5912087912087912
610,mLW-jn67gRE$_$1,zero,T,w3_vs_w5,14,3,0.0,0.3450549450549451
610,mLW-jn67gRE$_$1,zero,T,w1_vs_w5,14,3,0.0,0.03736263736263736
611,mLW-jn67gRE$_$3,zero,T,w1_vs_w3,21,5,0.42857142857142855,0.47792207792207797
611,mLW-jn67gRE$_$3,zero,T,w3_vs_w5,21,5,0.6666666666666666,0.7870129870129869
611,mLW-jn67gRE$_$3,zero,T,w1_vs_w5,21,5,0.25,0.31428571428571433
612,mLW-jn67gRE$_$5,zero,T,w1_vs_w3,23,5,0.1111111111111111,0.00691699604743083
612,mLW-jn67gRE$_$5,zero,T,w3_vs_w5,23,5,0.6666666666666666,0.7411067193675891
612,mLW-jn67gRE$_$5,zero,T,w1_vs_w5,23,5,0.25,-0.05138339920948617
613,mLW-jn67gRE$_$6,zero,T,w1_vs_w3,35,7,0.2727272727272727,0.26050420168067223
613,mLW-jn67gRE$_$6,zero,T,w3_vs_w5,35,7,0.4,0.8299719887955183
613,mLW-jn67gRE$_$6,zero,T,w1_vs_w5,35,7,0.16666666666666666,0.20728291316526612
614,mLW-jn67gRE$_$9,zero,T,w1_vs_w3,13,3,0.2,0.35714285714285715
614,mLW-jn67gRE$_$9,zero,T,w3_vs_w5,13,3,0.5,0.8571428571428571
614,mLW-jn67gRE$_$9,zero,T,w1_vs_w5,13,3,0.2,0.19230769230769232
615,mjpCK2Edsv8$_$0,zero,T,w1_vs_w3,48,10,0.3333333333333333,0.8108783024662733
615,mjpCK2Edsv8$_$0,zero,T,w3_vs_w5,48,10,0.8181818181818182,0.9522362136343899
615,mjpCK2Edsv8$_$0,zero,T,w1_vs_w5,48,10,0.3333333333333333,0.7071979197034818
616,nUZYqTRSGDw$_$4,zero,T,w1_vs_w3,25,5,0.25,0.5184906000827488
616,nUZYqTRSGDw$_$4,zero,T,w3_vs_w5,25,5,0.42857142857142855,0.63
616,nUZYqTRSGDw$_$4,zero,T,w1_vs_w5,25,5,0.1111111111111111,0.019260423480042678
617,nyzIL6YAonY$_$5,zero,T,w1_vs_w3,14,3,0.5,0.6703296703296703
617,nyzIL6YAonY$_$5,zero,T,w3_vs_w5,14,3,1.0,0.8197802197802198
617,nyzIL6YAonY$_$5,zero,T,w1_vs_w5,14,3,0.5,0.5076923076923077
618,nyzIL6YAonY$_$6,zero,T,w1_vs_w3,37,8,0.23076923076923078,0.2963930780265702
618,nyzIL6YAonY$_$6,zero,T,w3_vs_w5,37,8,0.45454545454545453,0.6884002145932001
618,nyzIL6YAonY$_$6,zero,T,w1_vs_w5,37,8,0.14285714285714285,0.17096761825956075
619,ooAF6I-fmTg$_$3,zero,T,w1_vs_w3,19,4,0.14285714285714285,0.5789473684210525
619,ooAF6I-fmTg$_$3,zero,T,w3_vs_w5,19,4,0.3333333333333333,0.556140350877193
619,ooAF6I-fmTg$_$3,zero,T,w1_vs_w5,19,4,0.14285714285714285,0.2157894736842105
620,ooAF6I-fmTg$_$5,zero,T,w1_vs_w3,16,4,0.6,0.5588235294117647
620,ooAF6I-fmTg$_$5,zero,T,w3_vs_w5,16,4,0.6,0.8588235294117647
620,ooAF6I-fmTg$_$5,zero,T,w1_vs_w5,16,4,0.6,0.6
621,ooAF6I-fmTg$_$7,zero,T,w1_vs_w3,22,5,0.25,0.4322034588086905
621,ooAF6I-fmTg$_$7,zero,T,w3_vs_w5,22,5,0.6666666666666666,0.9582156973461323
621,ooAF6I-fmTg$_$7,zero,T,w1_vs_w5,22,5,0.25,0.4259887685513108
622,pOrk7fl1AYo$_$1,zero,T,w1_vs_w3,22,5,0.25,0.4895539243365331
622,pOrk7fl1AYo$_$1,zero,T,w3_vs_w5,22,5,0.25,0.8418972332015812
622,pOrk7fl1AYo$_$1,zero,T,w1_vs_w5,22,5,0.25,0.36420101637492946
623,pOrk7fl1AYo$_$3,zero,T,w1_vs_w3,26,6,0.5,0.30984953932416176
623,pOrk7fl1AYo$_$3,zero,T,w3_vs_w5,26,6,0.7142857142857143,0.7251282051282051
623,pOrk7fl1AYo$_$3,zero,T,w1_vs_w5,26,6,0.3333333333333333,0.18604652250810597
624,pOrk7fl1AYo$_$2,zero,T,w1_vs_w3,10,2,1.0,0.5151515151515151
624,pOrk7fl1AYo$_$2,zero,T,w3_vs_w5,10,2,0.3333333333333333,0.7939393939393938
624,pOrk7fl1AYo$_$2,zero,T,w1_vs_w5,10,2,0.3333333333333333,0.17575757575757575
625,pOrk7fl1AYo$_$4,zero,T,w1_vs_w3,19,4,0.6,0.6929824561403508
625,pOrk7fl1AYo$_$4,zero,T,w3_vs_w5,19,4,0.6,0.7403508771929824
625,pOrk7fl1AYo$_$4,zero,T,w1_vs_w5,19,4,0.3333333333333333,0.356140350877193
626,q9yDL81QppI$_$1,zero,V,w1_vs_w3,23,5,0.42857142857142855,0.6096837944664032
626,q9yDL81QppI$_$1,zero,V,w3_vs_w5,23,5,0.42857142857142855,0.7924901185770751
626,q9yDL81QppI$_$1,zero,V,w1_vs_w5,23,5,0.25,0.25790513833992096
627,q9yDL81QppI$_$0,zero,T,w1_vs_w3,24,5,0.42857142857142855,0.6130434782608695
627,q9yDL81QppI$_$0,zero,T,w3_vs_w5,24,5,1.0,0.8104347826086956
627,q9yDL81QppI$_$0,zero,T,w1_vs_w5,24,5,0.42857142857142855,0.3043478260869565
628,q9yDL81QppI$_$2,zero,V,w1_vs_w3,25,5,0.42857142857142855,0.6876923076923077
628,q9yDL81QppI$_$2,zero,V,w3_vs_w5,25,5,0.42857142857142855,0.8646153846153846
628,q9yDL81QppI$_$2,zero,V,w1_vs_w5,25,5,0.25,0.43538461538461537
629,qK77ZmbqmOM$_$9,zero,T,w1_vs_w3,21,5,0.25,0.3987012987012987
629,qK77ZmbqmOM$_$9,zero,T,w3_vs_w5,21,5,1.0,0.7870129870129869
629,qK77ZmbqmOM$_$9,zero,T,w1_vs_w5,21,5,0.25,0.33246753246753247
630,qK77ZmbqmOM$_$0,zero,V,w1_vs_w3,32,7,0.75,0.845935298209628
630,qK77ZmbqmOM$_$0,zero,V,w3_vs_w5,32,7,0.4,0.7144428152492668
630,qK77ZmbqmOM$_$0,zero,V,w1_vs_w5,32,7,0.2727272727272727,0.4067454879148786
631,qY1sXq-YCHs$_$8,zero,T,w1_vs_w3,15,3,0.5,0.24285714285714283
631,qY1sXq-YCHs$_$8,zero,T,w3_vs_w5,15,3,0.5,0.6785714285714285
631,qY1sXq-YCHs$_$8,zero,T,w1_vs_w5,15,3,0.2,0.18214285714285713
632,qmMSumMloAs$_$1,zero,T,w1_vs_w3,30,6,0.5,0.41579532814238046
632,qmMSumMloAs$_$1,zero,T,w3_vs_w5,30,6,0.7142857142857143,0.8576195773081201
632,qmMSumMloAs$_$1,zero,T,w1_vs_w5,30,6,0.5,0.5056729699666296
633,qmMSumMloAs$_$3,zero,T,w1_vs_w3,15,3,0.5,0.5499999999999999
633,qmMSumMloAs$_$3,zero,T,w3_vs_w5,15,3,1.0,0.9607142857142855
633,qmMSumMloAs$_$3,zero,T,w1_vs_w5,15,3,0.5,0.5071428571428571
634,qmMSumMloAs$_$2,zero,T,w1_vs_w3,41,9,0.5,0.786408829318957
634,qmMSumMloAs$_$2,zero,T,w3_vs_w5,41,9,0.5,0.8942416586810699
634,qmMSumMloAs$_$2,zero,T,w1_vs_w5,41,9,0.2,0.5848046590623096
635,r13W4H8ZhqI$_$12,zero,T,w1_vs_w3,20,4,0.3333333333333333,0.436254261765146
635,r13W4H8ZhqI$_$12,zero,T,w3_vs_w5,20,4,0.3333333333333333,0.6887218045112782
635,r13W4H8ZhqI$_$12,zero,T,w1_vs_w5,20,4,0.14285714285714285,0.15569764169894001
636,r13W4H8ZhqI$_$1,zero,A,w1_vs_w3,42,9,0.8,0.9246789035587133
636,r13W4H8ZhqI$_$1,zero,A,w3_vs_w5,42,9,0.5,0.90778705129244
636,r13W4H8ZhqI$_$1,zero,A,w1_vs_w5,42,9,0.38461538461538464,0.8117175161640199
637,r13W4H8ZhqI$_$5,zero,T,w1_vs_w3,15,3,0.5,0.33928571428571425
637,r13W4H8ZhqI$_$5,zero,T,w3_vs_w5,15,3,1.0,0.9214285714285713
637,r13W4H8ZhqI$_$5,zero,T,w1_vs_w5,15,3,0.5,0.2178571428571428
638,r13W4H8ZhqI$_$8,zero,V,w1_vs_w3,27,6,0.7142857142857143,0.7803241896903702
638,r13W4H8ZhqI$_$8,zero,V,w3_vs_w5,27,6,0.7142857142857143,0.8972676031877965
638,r13W4H8ZhqI$_$8,zero,V,w1_vs_w5,27,6,0.5,0.5967916179962617
639,r5ijC2W9ddk$_$8,zero,V,w1_vs_w3,33,7,0.5555555555555556,0.8011363636363636
639,r5ijC2W9ddk$_$8,zero,V,w3_vs_w5,33,7,0.75,0.9204545454545454
639,r5ijC2W9ddk$_$8,zero,V,w1_vs_w5,33,7,0.5555555555555556,0.6677807486631017
640,r5ijC2W9ddk$_$0,zero,T,w1_vs_w3,15,3,0.2,0.3107142857142856
640,r5ijC2W9ddk$_$0,zero,T,w3_vs_w5,15,3,0.0,0.4392857142857142
640,r5ijC2W9ddk$_$0,zero,T,w1_vs_w5,15,3,0.2,0.575
641,r9tgDqXEcuc$_$4,zero,T,w1_vs_w3,22,5,0.25,0.4850367024280069
641,r9tgDqXEcuc$_$4,zero,T,w3_vs_w5,22,5,0.6666666666666666,0.8080180688876343
641,r9tgDqXEcuc$_$4,zero,T,w1_vs_w5,22,5,0.1111111111111111,0.18238283455674761
642,rf0yDSeVEUA$_$1,zero,T,w1_vs_w3,48,10,0.42857142857142855,0.4974452940401995
642,rf0yDSeVEUA$_$1,zero,T,w3_vs_w5,48,10,0.6666666666666666,0.9165219279201041
642,rf0yDSeVEUA$_$1,zero,T,w1_vs_w5,48,10,0.42857142857142855,0.32443502782138706
643,rf0yDSeVEUA$_$0,zero,T,w1_vs_w3,26,6,0.5,0.5963412636310571
643,rf0yDSeVEUA$_$0,zero,T,w3_vs_w5,26,6,0.5,0.6143589743589742
643,rf0yDSeVEUA$_$0,zero,T,w1_vs_w5,26,6,0.3333333333333333,0.1658403170074901
644,rf0yDSeVEUA$_$3,zero,T,w1_vs_w3,48,10,0.25,0.572828454937123
644,rf0yDSeVEUA$_$3,zero,T,w3_vs_w5,48,10,0.8181818181818182,0.9002089725680652
644,rf0yDSeVEUA$_$3,zero,T,w1_vs_w5,48,10,0.25,0.5003664485967719
645,rojyUp4FPSg$_$26,zero,V,w1_vs_w3,48,10,0.6666666666666666,0.9193062538854031
645,rojyUp4FPSg$_$26,zero,V,w3_vs_w5,48,10,0.8181818181818182,0.9850195397307858
645,rojyUp4FPSg$_$26,zero,V,w1_vs_w5,48,10,0.8181818181818182,0.8997638711633041
646,rojyUp4FPSg$_$20,zero,V,w1_vs_w3,32,7,1.0,0.7864888232902315
646,rojyUp4FPSg$_$20,zero,V,w3_vs_w5,32,7,0.75,0.9617816922439691
646,rojyUp4FPSg$_$20,zero,V,w1_vs_w5,32,7,0.75,0.754842589394831
647,rojyUp4FPSg$_$21,zero,T,w1_vs_w3,13,3,0.5,0.8170571691028833
647,rojyUp4FPSg$_$21,zero,T,w3_vs_w5,13,3,0.5,0.9835164835164836
647,rojyUp4FPSg$_$21,zero,T,w1_vs_w5,13,3,0.5,0.8170571691028833
648,rojyUp4FPSg$_$23,zero,T,w1_vs_w3,7,2,0.3333333333333333,0.642857142857143
648,rojyUp4FPSg$_$23,zero,T,w3_vs_w5,7,2,0.0,0.630061919161936
648,rojyUp4FPSg$_$23,zero,T,w1_vs_w5,7,2,0.3333333333333333,0.5929994533288809
649,rojyUp4FPSg$_$5,zero,T,w1_vs_w3,27,6,0.2,0.49877899877899873
649,rojyUp4FPSg$_$5,zero,T,w3_vs_w5,27,6,0.7142857142857143,0.735042735042735
649,rojyUp4FPSg$_$5,zero,T,w1_vs_w5,27,6,0.2,0.24847374847374848
650,rojyUp4FPSg$_$7,zero,T,w1_vs_w3,45,9,0.38461538461538464,0.43263913211838984
650,rojyUp4FPSg$_$7,zero,T,w3_vs_w5,45,9,0.6363636363636364,0.7653491436100132
650,rojyUp4FPSg$_$7,zero,T,w1_vs_w5,45,9,0.2857142857142857,0.4760744136640965
651,rojyUp4FPSg$_$9,zero,T,w1_vs_w3,26,6,0.3333333333333333,0.47282051282051274
651,rojyUp4FPSg$_$9,zero,T,w3_vs_w5,26,6,0.7142857142857143,0.6102564102564102
651,rojyUp4FPSg$_$9,zero,T,w1_vs_w5,26,6,0.2,0.40786324786324785
652,rojyUp4FPSg$_$10,zero,T,w1_vs_w3,14,3,0.5,0.16556452753372758
652,rojyUp4FPSg$_$10,zero,T,w3_vs_w5,14,3,0.5,0.9604395604395607
652,rojyUp4FPSg$_$10,zero,T,w1_vs_w5,14,3,0.2,0.06843333804727406
653,rojyUp4FPSg$_$12,zero,T,w1_vs_w3,7,2,1.0,0.42857142857142866
653,rojyUp4FPSg$_$12,zero,T,w3_vs_w5,7,2,0.0,0.630061919161936
653,rojyUp4FPSg$_$12,zero,T,w1_vs_w5,7,2,0.0,-0.11118739749916519
654,rojyUp4FPSg$_$16,zero,V,w1_vs_w3,12,3,0.2,-0.15384615384615385
654,rojyUp4FPSg$_$16,zero,V,w3_vs_w5,12,3,0.0,0.2657342657342658
654,rojyUp4FPSg$_$16,zero,V,w1_vs_w5,12,3,0.0,-0.7062937062937064
655,rojyUp4FPSg$_$18,zero,V,w1_vs_w3,17,4,1.0,0.7009803921568628
655,rojyUp4FPSg$_$18,zero,V,w3_vs_w5,17,4,1.0,0.9387254901960785
655,rojyUp4FPSg$_$18,zero,V,w1_vs_w5,17,4,1.0,0.5686274509803922
656,rojyUp4FPSg$_$37,zero,T,w1_vs_w3,21,5,0.6666666666666666,0.6216304322659334
656,rojyUp4FPSg$_$37,zero,T,w3_vs_w5,21,5,0.25,0.8298701298701299
656,rojyUp4FPSg$_$37,zero,T,w1_vs_w5,21,5,0.42857142857142855,0.44235143612654193
657,rojyUp4FPSg$_$36,zero,T,w1_vs_w3,6,2,1.0,0.8285714285714287
657,rojyUp4FPSg$_$36,zero,T,w3_vs_w5,6,2,0.3333333333333333,0.7775419143502353
657,rojyUp4FPSg$_$36,zero,T,w1_vs_w5,6,2,0.3333333333333333,0.3718678720805473
658,rojyUp4FPSg$_$34,zero,V,w1_vs_w3,34,7,0.5555555555555556,0.843520792244795
658,rojyUp4FPSg$_$34,zero,V,w3_vs_w5,34,7,0.5555555555555556,0.9263559969442322
658,rojyUp4FPSg$_$34,zero,V,w1_vs_w5,34,7,0.4,0.733954776295607
659,rojyUp4FPSg$_$32,zero,T,w1_vs_w3,7,2,1.0,0.7500000000000002
659,rojyUp4FPSg$_$32,zero,T,w3_vs_w5,7,2,0.0,0.630061919161936
659,rojyUp4FPSg$_$32,zero,T,w1_vs_w5,7,2,0.0,0.22237479499833038
660,rwNlqh0k1j4$_$15,zero,T,w1_vs_w3,43,9,0.5,0.4650320463759462
660,rwNlqh0k1j4$_$15,zero,T,w3_vs_w5,43,9,0.6363636363636364,0.5102880662073018
660,rwNlqh0k1j4$_$15,zero,T,w1_vs_w5,43,9,0.2857142857142857,-0.029696245443312865
661,rwNlqh0k1j4$_$3,zero,T,w1_vs_w3,17,4,0.6,0.7185776948421096
661,rwNlqh0k1j4$_$3,zero,T,w3_vs_w5,17,4,0.6,0.625
661,rwNlqh0k1j4$_$3,zero,T,w1_vs_w5,17,4,0.3333333333333333,0.5493563264321931
662,rwNlqh0k1j4$_$2,zero,V,w1_vs_w3,22,5,0.42857142857142855,0.15866741953698477
662,rwNlqh0k1j4$_$2,zero,V,w3_vs_w5,22,5,0.6666666666666666,0.8610954263128179
662,rwNlqh0k1j4$_$2,zero,V,w1_vs_w5,22,5,0.25,0.18802936194240544
663,rwNlqh0k1j4$_$7,zero,T,w1_vs_w3,32,7,0.4,0.4019437481112001
663,rwNlqh0k1j4$_$7,zero,T,w3_vs_w5,32,7,0.75,0.911290322580645
663,rwNlqh0k1j4$_$7,zero,T,w1_vs_w5,32,7,0.2727272727272727,0.4156963854781435
664,sC16n1k66io$_$2,zero,T,w1_vs_w3,32,7,0.5555555555555556,0.7459139935626949
664,sC16n1k66io$_$2,zero,T,w3_vs_w5,32,7,1.0,0.8615159050022213
664,sC16n1k66io$_$2,zero,T,w1_vs_w5,32,7,0.5555555555555556,0.6143122653823121
665,sC16n1k66io$_$16,zero,T,w1_vs_w3,12,3,1.0,0.2797202797202798
665,sC16n1k66io$_$16,zero,T,w3_vs_w5,12,3,1.0,0.9090909090909092
665,sC16n1k66io$_$16,zero,T,w1_vs_w5,12,3,1.0,0.18881118881118883
666,sPremsknoLM$_$1,zero,T,w1_vs_w3,6,2,0.0,-0.028571428571428574
666,sPremsknoLM$_$1,zero,T,w3_vs_w5,6,2,0.3333333333333333,0.8451542547285165
666,sPremsknoLM$_$1,zero,T,w1_vs_w5,6,2,0.3333333333333333,0.1690308509457033
667,ssqiwP19JhM$_$10,zero,T,w1_vs_w3,39,8,0.3333333333333333,0.3026315789473684
667,ssqiwP19JhM$_$10,zero,T,w3_vs_w5,39,8,1.0,0.8582995951417004
667,ssqiwP19JhM$_$10,zero,T,w1_vs_w5,39,8,0.3333333333333333,0.32267206477732796
668,ssqiwP19JhM$_$2,zero,T,w1_vs_w3,22,5,0.25,0.27562836456356016
668,ssqiwP19JhM$_$2,zero,T,w3_vs_w5,22,5,0.6666666666666666,0.7594579333709771
668,ssqiwP19JhM$_$2,zero,T,w1_vs_w5,22,5,0.25,-0.028240611123315596
669,szic2IB9HB4$_$5,zero,T,w1_vs_w3,13,3,0.5,0.2087912087912088
669,szic2IB9HB4$_$5,zero,T,w3_vs_w5,13,3,1.0,0.7912087912087913
669,szic2IB9HB4$_$5,zero,T,w1_vs_w5,13,3,0.5,-0.016483516483516484
670,tQ-CIfgj-Js$_$3,zero,T,w1_vs_w3,48,10,0.42857142857142855,0.7575313478021707
670,tQ-CIfgj-Js$_$3,zero,T,w3_vs_w5,48,10,0.42857142857142855,0.8601823708206686
670,tQ-CIfgj-Js$_$3,zero,T,w1_vs_w5,48,10,0.42857142857142855,0.607447213618092
671,tXQpm-nKxNA$_$5,zero,T,w1_vs_w3,19,4,0.6,0.856140350877193
671,tXQpm-nKxNA$_$5,zero,T,w3_vs_w5,19,4,1.0,0.9087719298245613
671,tXQpm-nKxNA$_$5,zero,T,w1_vs_w5,19,4,0.6,0.7456140350877193
672,tXQpm-nKxNA$_$7,zero,T,w1_vs_w3,29,6,0.3333333333333333,0.6999261114114399
672,tXQpm-nKxNA$_$7,zero,T,w3_vs_w5,29,6,0.7142857142857143,0.8369458128078816
672,tXQpm-nKxNA$_$7,zero,T,w1_vs_w5,29,6,0.5,0.5964523462608574
673,uacdDoBtT1k$_$0,zero,T,w1_vs_w3,48,10,0.1111111111111111,0.3970795811046184
673,uacdDoBtT1k$_$0,zero,T,w3_vs_w5,48,10,0.8181818181818182,0.8484585323491098
673,uacdDoBtT1k$_$0,zero,T,w1_vs_w5,48,10,0.17647058823529413,0.3556617109224142
674,uacdDoBtT1k$_$6,zero,T,w1_vs_w3,28,6,0.5,0.6396606054154098
674,uacdDoBtT1k$_$6,zero,T,w3_vs_w5,28,6,0.7142857142857143,0.7000547345374931
674,uacdDoBtT1k$_$6,zero,T,w1_vs_w5,28,6,0.5,0.4978787510700173
675,unNY4zIk8MM$_$1,zero,T,w1_vs_w3,30,6,0.5,0.6520578420467186
675,unNY4zIk8MM$_$1,zero,T,w3_vs_w5,30,6,0.7142857142857143,0.699666295884316
675,unNY4zIk8MM$_$1,zero,T,w1_vs_w5,30,6,0.3333333333333333,0.2943270300333704
676,unNY4zIk8MM$_$3,zero,T,w1_vs_w3,17,4,0.3333333333333333,0.34558823529411764
676,unNY4zIk8MM$_$3,zero,T,w3_vs_w5,17,4,0.3333333333333333,0.7279411764705883
676,unNY4zIk8MM$_$3,zero,T,w1_vs_w5,17,4,0.3333333333333333,0.19117647058823534
677,unNY4zIk8MM$_$5,zero,T,w1_vs_w3,21,5,0.42857142857142855,0.548051948051948
677,unNY4zIk8MM$_$5,zero,T,w3_vs_w5,21,5,0.6666666666666666,0.8476778621808182
677,unNY4zIk8MM$_$5,zero,T,w1_vs_w5,21,5,0.42857142857142855,0.47093214565601005
678,unNY4zIk8MM$_$8,zero,T,w1_vs_w3,12,3,0.2,-0.09090909090909093
678,unNY4zIk8MM$_$8,zero,T,w3_vs_w5,12,3,0.5,0.8951048951048951
678,unNY4zIk8MM$_$8,zero,T,w1_vs_w5,12,3,0.2,-0.06993006993006995
679,uooIiW6dEyg$_$1,zero,T,w1_vs_w3,8,2,0.3333333333333333,-0.09523809523809526
679,uooIiW6dEyg$_$1,zero,T,w3_vs_w5,8,2,0.3333333333333333,0.7185757571479554
679,uooIiW6dEyg$_$1,zero,T,w1_vs_w5,8,2,0.0,-0.17964393928698885
680,uooIiW6dEyg$_$5,zero,A,w1_vs_w3,35,7,0.75,0.8986623735183116
680,uooIiW6dEyg$_$5,zero,A,w3_vs_w5,35,7,1.0,0.9725490196078431
680,uooIiW6dEyg$_$5,zero,A,w1_vs_w5,35,7,0.75,0.8534211100135713
681,v2Rr-EsJda8$_$0,zero,T,w1_vs_w3,10,2,0.0,-0.1515151515151515
681,v2Rr-EsJda8$_$0,zero,T,w3_vs_w5,10,2,0.0,0.49090909090909085
681,v2Rr-EsJda8$_$0,zero,T,w1_vs_w5,10,2,0.0,-0.6484848484848483
682,v2Rr-EsJda8$_$6,zero,T,w1_vs_w3,12,3,0.5,0.6970238359966545
682,v2Rr-EsJda8$_$6,zero,T,w3_vs_w5,12,3,0.5,0.8951048951048951
682,v2Rr-EsJda8$_$6,zero,T,w1_vs_w5,12,3,1.0,0.7600712181471057
683,v9gjg7TDlTA$_$0,zero,T,w1_vs_w3,16,4,0.3333333333333333,0.5794117647058823
683,v9gjg7TDlTA$_$0,zero,T,w3_vs_w5,16,4,1.0,0.8764705882352942
683,v9gjg7TDlTA$_$0,zero,T,w1_vs_w5,16,4,0.3333333333333333,0.488235294117647
684,v9gjg7TDlTA$_$4,zero,T,w1_vs_w3,20,4,1.0,0.7052631578947368
684,v9gjg7TDlTA$_$4,zero,T,w3_vs_w5,20,4,1.0,0.8917293233082706
684,v9gjg7TDlTA$_$4,zero,T,w1_vs_w5,20,4,1.0,0.512781954887218
685,vHzbn_YW76s$_$3,zero,T,w1_vs_w3,19,4,0.3333333333333333,0.4526315789473684
685,vHzbn_YW76s$_$3,zero,T,w3_vs_w5,19,4,1.0,0.8929824561403509
685,vHzbn_YW76s$_$3,zero,T,w1_vs_w5,19,4,0.3333333333333333,0.49473684210526314
686,vU0a4F36Ksw$_$13,zero,T,w1_vs_w3,31,7,0.16666666666666666,0.33467741935483875
686,vU0a4F36Ksw$_$13,zero,T,w3_vs_w5,31,7,0.75,0.8375000000000001
686,vU0a4F36Ksw$_$13,zero,T,w1_vs_w5,31,7,0.16666666666666666,0.22217741935483873
687,vU0a4F36Ksw$_$12,zero,A,w1_vs_w3,22,5,0.42857142857142855,0.8577075098814231
687,vU0a4F36Ksw$_$12,zero,A,w3_vs_w5,22,5,1.0,0.9006211180124224
687,vU0a4F36Ksw$_$12,zero,A,w1_vs_w5,22,5,0.42857142857142855,0.7041219649915303
688,vU0a4F36Ksw$_$17,zero,T,w1_vs_w3,16,4,0.3333333333333333,0.22941176470588234
688,vU0a4F36Ksw$_$17,zero,T,w3_vs_w5,16,4,0.3333333333333333,0.6911764705882353
688,vU0a4F36Ksw$_$17,zero,T,w1_vs_w5,16,4,0.14285714285714285,-0.2029411764705882
689,vU0a4F36Ksw$_$0,zero,T,w1_vs_w3,48,10,0.6666666666666666,0.6177228952488673
689,vU0a4F36Ksw$_$0,zero,T,w3_vs_w5,48,10,0.5384615384615384,0.928354320451585
689,vU0a4F36Ksw$_$0,zero,T,w1_vs_w5,48,10,0.42857142857142855,0.45417288792155286
690,vU0a4F36Ksw$_$3,zero,T,w1_vs_w3,6,2,1.0,0.7247137945655605
690,vU0a4F36Ksw$_$3,zero,T,w3_vs_w5,6,2,0.0,0.50709255283711
690,vU0a4F36Ksw$_$3,zero,T,w1_vs_w5,6,2,0.0,0.5659453309702792
691,vU0a4F36Ksw$_$5,zero,V,w1_vs_w3,28,6,0.3333333333333333,0.5998905309250135
691,vU0a4F36Ksw$_$5,zero,V,w3_vs_w5,28,6,0.3333333333333333,0.782703886152162
691,vU0a4F36Ksw$_$5,zero,V,w1_vs_w5,28,6,0.09090909090909091,0.367816091954023
692,vU0a4F36Ksw$_$7,zero,V,w1_vs_w3,19,4,0.3333333333333333,0.41333922364385467
692,vU0a4F36Ksw$_$7,zero,V,w3_vs_w5,19,4,0.6,0.9118035103311359
692,vU0a4F36Ksw$_$7,zero,V,w1_vs_w5,19,4,0.14285714285714285,0.2589991220368744
693,vU0a4F36Ksw$_$20,zero,T,w1_vs_w3,4,1,0.0,-0.316227766016838
693,vU0a4F36Ksw$_$20,zero,T,w3_vs_w5,4,1,0.0,0.0
693,vU0a4F36Ksw$_$20,zero,T,w1_vs_w5,4,1,0.0,0.0
694,vbr3EA8cJTI$_$0,zero,T,w1_vs_w3,19,4,1.0,0.7543859649122807
694,vbr3EA8cJTI$_$0,zero,T,w3_vs_w5,19,4,0.6,0.9122807017543859
694,vbr3EA8cJTI$_$0,zero,T,w1_vs_w5,19,4,0.6,0.6017543859649123
695,vbr3EA8cJTI$_$2,zero,T,w1_vs_w3,25,5,0.1111111111111111,0.4153846153846154
695,vbr3EA8cJTI$_$2,zero,T,w3_vs_w5,25,5,1.0,0.8261538461538462
695,vbr3EA8cJTI$_$2,zero,T,w1_vs_w5,25,5,0.1111111111111111,0.18
696,vbr3EA8cJTI$_$7,zero,A,w1_vs_w3,22,5,0.6666666666666666,0.8994918125352909
696,vbr3EA8cJTI$_$7,zero,A,w3_vs_w5,22,5,0.6666666666666666,0.9593450028232637
696,vbr3EA8cJTI$_$7,zero,A,w1_vs_w5,22,5,0.42857142857142855,0.7876905702992661
697,vbr3EA8cJTI$_$6,zero,T,w1_vs_w3,28,6,1.0,0.49437985225470016
697,vbr3EA8cJTI$_$6,zero,T,w3_vs_w5,28,6,1.0,0.8149972632731254
697,vbr3EA8cJTI$_$6,zero,T,w1_vs_w5,28,6,1.0,0.5108317608155888
698,wF8980oGklk$_$24,zero,T,w1_vs_w3,22,5,0.42857142857142855,0.3529079616036138
698,wF8980oGklk$_$24,zero,T,w3_vs_w5,22,5,0.6666666666666666,0.6487859966120837
698,wF8980oGklk$_$24,zero,T,w1_vs_w5,22,5,0.42857142857142855,0.48390739695087526
699,wF8980oGklk$_$25,zero,T,w1_vs_w3,10,2,1.0,0.5757575757575757
699,wF8980oGklk$_$25,zero,T,w3_vs_w5,10,2,0.0,0.6363636363636362
699,wF8980oGklk$_$25,zero,T,w1_vs_w5,10,2,0.0,0.13939393939393938
700,wF8980oGklk$_$1,zero,T,w1_vs_w3,7,2,0.0,0.21428571428571433
700,wF8980oGklk$_$1,zero,T,w3_vs_w5,7,2,0.3333333333333333,0.44474958999666075
700,wF8980oGklk$_$1,zero,T,w1_vs_w5,7,2,0.0,-0.630061919161936
701,wF8980oGklk$_$0,zero,T,w1_vs_w3,18,4,0.3333333333333333,0.4324045407636739
701,wF8980oGklk$_$0,zero,T,w3_vs_w5,18,4,0.3333333333333333,0.2239422084623323
701,wF8980oGklk$_$0,zero,T,w1_vs_w5,18,4,0.14285714285714285,0.04231166150670795
702,wF8980oGklk$_$3,zero,T,w1_vs_w3,17,4,1.0,0.6397058823529412
702,wF8980oGklk$_$3,zero,T,w3_vs_w5,17,4,0.3333333333333333,0.627450980392157
702,wF8980oGklk$_$3,zero,T,w1_vs_w5,17,4,0.3333333333333333,0.5196078431372549
703,wF8980oGklk$_$2,zero,T,w1_vs_w3,5,1,0.0,0.6
703,wF8980oGklk$_$2,zero,T,w3_vs_w5,5,1,0.0,0.0
703,wF8980oGklk$_$2,zero,T,w1_vs_w5,5,1,0.0,0.0
704,wF8980oGklk$_$6,zero,T,w1_vs_w3,24,5,0.25,0.4323619373782574
704,wF8980oGklk$_$6,zero,T,w3_vs_w5,24,5,0.6666666666666666,0.7686956521739129
704,wF8980oGklk$_$6,zero,T,w1_vs_w5,24,5,0.25,0.18877774730599972
705,wF8980oGklk$_$17,zero,T,w1_vs_w3,23,5,1.0,0.8110938680461705
705,wF8980oGklk$_$17,zero,T,w3_vs_w5,23,5,0.6666666666666666,0.8399209486166009
705,wF8980oGklk$_$17,zero,T,w1_vs_w5,23,5,0.6666666666666666,0.6808632897212971
706,wosolsrH3sM$_$6,zero,V,w1_vs_w3,48,10,0.3333333333333333,0.5458609765459651
706,wosolsrH3sM$_$6,zero,V,w3_vs_w5,48,10,0.8181818181818182,0.893177007002117
706,wosolsrH3sM$_$6,zero,V,w1_vs_w5,48,10,0.3333333333333333,0.5403137194365013
707,x-zGBp7axao$_$3,zero,T,w1_vs_w3,48,10,0.42857142857142855,0.6363068908902881
707,x-zGBp7axao$_$3,zero,T,w3_vs_w5,48,10,1.0,0.8967650890143292
707,x-zGBp7axao$_$3,zero,T,w1_vs_w5,48,10,0.42857142857142855,0.49648546711366254
708,x2lOwQaAn4g$_$4,zero,T,w1_vs_w3,18,4,0.6,0.7083119167978152
708,x2lOwQaAn4g$_$4,zero,T,w3_vs_w5,18,4,0.6,0.9050567595459237
708,x2lOwQaAn4g$_$4,zero,T,w1_vs_w5,18,4,0.3333333333333333,0.5802788589509797
709,xUgAP84vsg4$_$15,zero,T,w1_vs_w3,21,5,0.42857142857142855,0.5664176979476425
709,xUgAP84vsg4$_$15,zero,T,w3_vs_w5,21,5,0.6666666666666666,0.8792207792207792
709,xUgAP84vsg4$_$15,zero,T,w1_vs_w5,21,5,0.25,0.5514777816026932
710,xUgAP84vsg4$_$4,zero,T,w1_vs_w3,22,5,0.6666666666666666,0.15979672501411638
710,xUgAP84vsg4$_$4,zero,T,w3_vs_w5,22,5,0.6666666666666666,0.8814229249011858
710,xUgAP84vsg4$_$4,zero,T,w1_vs_w5,22,5,0.42857142857142855,0.16544325239977417
711,xUgAP84vsg4$_$8,zero,A,w1_vs_w3,10,2,0.3333333333333333,0.6504589317376691
711,xUgAP84vsg4$_$8,zero,A,w3_vs_w5,10,2,0.0,0.5272727272727272
711,xUgAP84vsg4$_$8,zero,A,w1_vs_w5,10,2,0.0,-0.012158110873601292
712,xivYoEUQ5sk$_$5,zero,T,w1_vs_w3,45,9,0.6363636363636364,0.4533113919870269
712,xivYoEUQ5sk$_$5,zero,T,w3_vs_w5,45,9,0.8,0.9010540184453227
712,xivYoEUQ5sk$_$5,zero,T,w1_vs_w5,45,9,0.6363636363636364,0.36204285326017244
713,xivYoEUQ5sk$_$4,zero,T,w1_vs_w3,26,6,0.3333333333333333,0.6806909625805654
713,xivYoEUQ5sk$_$4,zero,T,w3_vs_w5,26,6,0.7142857142857143,0.8117627063418175
713,xivYoEUQ5sk$_$4,zero,T,w1_vs_w5,26,6,0.3333333333333333,0.4148427055189936
714,xjsaS-LeZ14$_$20,zero,T,w1_vs_w3,19,4,0.14285714285714285,0.20350877192982456
714,xjsaS-LeZ14$_$20,zero,T,w3_vs_w5,19,4,1.0,0.8491228070175438
714,xjsaS-LeZ14$_$20,zero,T,w1_vs_w5,19,4,0.14285714285714285,0.06666666666666667
715,xjsaS-LeZ14$_$14,zero,V,w1_vs_w3,19,4,0.3333333333333333,0.8747617037708951
715,xjsaS-LeZ14$_$14,zero,V,w3_vs_w5,19,4,0.3333333333333333,0.929355069721533
715,xjsaS-LeZ14$_$14,zero,V,w1_vs_w5,19,4,0.0,0.7448404777850475
716,xjsaS-LeZ14$_$6,zero,V,w1_vs_w3,48,10,0.5384615384615384,0.8218337875665179
716,xjsaS-LeZ14$_$6,zero,V,w3_vs_w5,48,10,0.6666666666666666,0.8754884932696482
716,xjsaS-LeZ14$_$6,zero,V,w1_vs_w5,48,10,0.3333333333333333,0.6817762426876213
717,y8HXGm1-Ecw$_$7,zero,T,w1_vs_w3,23,5,0.25,0.4782608695652174
717,y8HXGm1-Ecw$_$7,zero,T,w3_vs_w5,23,5,0.6666666666666666,0.8458498023715416
717,y8HXGm1-Ecw$_$7,zero,T,w1_vs_w5,23,5,0.25,0.3092885375494071
718,y9FyTEyGy5Y$_$1,zero,T,w1_vs_w3,13,3,0.5,0.7190109927690008
718,y9FyTEyGy5Y$_$1,zero,T,w3_vs_w5,13,3,0.5,0.7582417582417583
718,y9FyTEyGy5Y$_$1,zero,T,w1_vs_w5,13,3,0.2,0.3719022376391383
719,zhE_68GMJIk$_$8,zero,T,w1_vs_w3,23,5,0.42857142857142855,0.6788537549407114
719,zhE_68GMJIk$_$8,zero,T,w3_vs_w5,23,5,0.6666666666666666,0.9140316205533597
719,zhE_68GMJIk$_$8,zero,T,w1_vs_w5,23,5,0.25,0.5760869565217391
720,zhE_68GMJIk$_$5,zero,T,w1_vs_w3,29,6,0.2,0.6270935960591133
720,zhE_68GMJIk$_$5,zero,T,w3_vs_w5,29,6,1.0,0.9428571428571426
720,zhE_68GMJIk$_$5,zero,T,w1_vs_w5,29,6,0.2,0.5532019704433496
721,zjYEBwXGD8I$_$13,zero,T,w1_vs_w3,38,8,0.45454545454545453,0.5048172422650684
721,zjYEBwXGD8I$_$13,zero,T,w3_vs_w5,38,8,0.6,0.9557938505306927
721,zjYEBwXGD8I$_$13,zero,T,w1_vs_w5,38,8,0.45454545454545453,0.5166411984924871
722,zjYEBwXGD8I$_$15,zero,T,w1_vs_w3,20,4,0.6,0.5031967260704874
722,zjYEBwXGD8I$_$15,zero,T,w3_vs_w5,20,4,0.6,0.6481203007518795
722,zjYEBwXGD8I$_$15,zero,T,w1_vs_w5,20,4,0.3333333333333333,0.01880406300711836
723,zjYEBwXGD8I$_$0,zero,T,w1_vs_w3,11,3,0.5,0.7272727272727273
723,zjYEBwXGD8I$_$0,zero,T,w3_vs_w5,11,3,0.5,0.9272727272727275
723,zjYEBwXGD8I$_$0,zero,T,w1_vs_w5,11,3,0.2,0.7545454545454545
724,zjYEBwXGD8I$_$2,zero,T,w1_vs_w3,13,3,0.2,0.07692307692307691
724,zjYEBwXGD8I$_$2,zero,T,w3_vs_w5,13,3,0.2,0.4175824175824176
724,zjYEBwXGD8I$_$2,zero,T,w1_vs_w5,13,3,0.0,-0.2747252747252747
725,zjYEBwXGD8I$_$4,zero,T,w1_vs_w3,40,8,0.6,0.4805066986530171
725,zjYEBwXGD8I$_$4,zero,T,w3_vs_w5,40,8,0.6,0.8645403377110695
725,zjYEBwXGD8I$_$4,zero,T,w1_vs_w5,40,8,0.45454545454545453,0.579591852681056
726,zjYEBwXGD8I$_$9,zero,T,w1_vs_w3,26,6,0.5,0.40834475712257073
726,zjYEBwXGD8I$_$9,zero,T,w3_vs_w5,26,6,0.7142857142857143,0.8625641025641025
726,zjYEBwXGD8I$_$9,zero,T,w1_vs_w5,26,6,0.5,0.3242134252530964
727,zk2jTlAtvSU$_$3,zero,T,w1_vs_w3,32,7,0.5555555555555556,0.5098973607038122
727,zk2jTlAtvSU$_$3,zero,T,w3_vs_w5,32,7,0.4,0.8420087976539589
727,zk2jTlAtvSU$_$3,zero,T,w1_vs_w5,32,7,0.2727272727272727,0.25366568914956006
0,-UacrmKiTn4$_$7,missing,T,w1_vs_w3,26,6,0.5,0.4782905982905982
0,-UacrmKiTn4$_$7,missing,T,w3_vs_w5,26,6,0.3333333333333333,0.6082051282051281
0,-UacrmKiTn4$_$7,missing,T,w1_vs_w5,26,6,0.2,0.1288888888888889
1,-qDkUB0GgYY$_$5,missing,T,w1_vs_w3,48,10,0.5384615384615384,0.7316252350140872
1,-qDkUB0GgYY$_$5,missing,T,w3_vs_w5,48,10,0.8181818181818182,0.8567086409031698
1,-qDkUB0GgYY$_$5,missing,T,w1_vs_w5,48,10,0.5384615384615384,0.5689935979683678
2,0utROiKxejc$_$1,missing,T,w1_vs_w3,16,4,0.14285714285714285,0.1764705882352941
2,0utROiKxejc$_$1,missing,T,w3_vs_w5,16,4,0.3333333333333333,0.5882352941176471
2,0utROiKxejc$_$1,missing,T,w1_vs_w5,16,4,0.14285714285714285,-0.055882352941176466
3,0utROiKxejc$_$4,missing,T,w1_vs_w3,33,7,0.5555555555555556,0.5376254481284025
3,0utROiKxejc$_$4,missing,T,w3_vs_w5,33,7,0.75,0.8729734368969566
3,0utROiKxejc$_$4,missing,T,w1_vs_w5,33,7,0.4,0.3379034031487441
4,0y022OlZ3W0$_$3,missing,T,w1_vs_w3,17,4,0.6,0.6323529411764707
4,0y022OlZ3W0$_$3,missing,T,w3_vs_w5,17,4,0.14285714285714285,0.6666666666666667
4,0y022OlZ3W0$_$3,missing,T,w1_vs_w5,17,4,0.14285714285714285,0.06617647058823531
5,0y022OlZ3W0$_$5,missing,T,w1_vs_w3,22,5,0.25,0.7052512704686619
5,0y022OlZ3W0$_$5,missing,T,w3_vs_w5,22,5,1.0,0.8418972332015812
5,0y022OlZ3W0$_$5,missing,T,w1_vs_w5,22,5,0.25,0.4206662902315077
6,0y022OlZ3W0$_$8,missing,T,w1_vs_w3,13,3,0.5,0.40659340659340654
6,0y022OlZ3W0$_$8,missing,T,w3_vs_w5,13,3,0.2,0.6318681318681317
6,0y022OlZ3W0$_$8,missing,T,w1_vs_w5,13,3,0.0,0.5054945054945055
7,101787$_$11,missing,T,w1_vs_w3,32,7,0.2727272727272727,0.4857038123167155
7,101787$_$11,missing,T,w3_vs_w5,32,7,0.5555555555555556,0.7313049853372434
7,101787$_$11,missing,T,w1_vs_w5,32,7,0.07692307692307693,0.1759530791788856
8,101787$_$13,missing,A,w1_vs_w3,19,4,0.3333333333333333,0.882456140350877
8,101787$_$13,missing,A,w3_vs_w5,19,4,0.6,0.9122807017543859
8,101787$_$13,missing,A,w1_vs_w5,19,4,0.14285714285714285,0.7456140350877193
9,101787$_$1,missing,A,w1_vs_w3,16,4,0.6,0.5
9,101787$_$1,missing,A,w3_vs_w5,16,4,1.0,0.9470588235294116
9,101787$_$1,missing,A,w1_vs_w5,16,4,0.6,0.5294117647058824
10,101787$_$5,missing,T,w1_vs_w3,17,4,0.6,0.7549019607843138
10,101787$_$5,missing,T,w3_vs_w5,17,4,0.6,0.9926470588235295
10,101787$_$5,missing,T,w1_vs_w5,17,4,0.3333333333333333,0.7426470588235294
11,101787$_$7,missing,T,w1_vs_w3,8,2,0.3333333333333333,0.9047619047619048
11,101787$_$7,missing,T,w3_vs_w5,8,2,1.0,0.9700772721497398
11,101787$_$7,missing,T,w1_vs_w5,8,2,0.3333333333333333,0.8622909085775463
12,101787$_$9,missing,A,w1_vs_w3,19,4,0.3333333333333333,0.2459378506997778
12,101787$_$9,missing,A,w3_vs_w5,19,4,0.14285714285714285,0.2631578947368421
12,101787$_$9,missing,A,w1_vs_w5,19,4,0.14285714285714285,0.05270096800709524
13,102408$_$2,missing,T,w1_vs_w3,7,2,0.0,-0.5
13,102408$_$2,missing,T,w3_vs_w5,7,2,0.0,0.5929994533288809
13,102408$_$2,missing,T,w1_vs_w5,7,2,0.3333333333333333,-0.29649972666444047
14,102408$_$5,missing,T,w1_vs_w3,29,6,1.0,0.43710733550928
14,102408$_$5,missing,T,w3_vs_w5,29,6,0.5,0.6501601576961598
14,102408$_$5,missing,T,w1_vs_w5,29,6,0.5,0.17843499827407847
15,102408$_$9,missing,A,w1_vs_w3,29,6,0.5,0.23059867662129802
15,102408$_$9,missing,A,w3_vs_w5,29,6,0.2,0.4463054187192117
15,102408$_$9,missing,A,w1_vs_w5,29,6,0.3333333333333333,0.19339739438858863
16,102858$_$20,missing,T,w1_vs_w3,24,5,0.42857142857142855,0.5730434782608694
16,102858$_$20,missing,T,w3_vs_w5,24,5,0.25,0.7
16,102858$_$20,missing,T,w1_vs_w5,24,5,0.25,0.3652173913043478
17,102858$_$21,missing,T,w1_vs_w3,27,6,0.3333333333333333,0.5470085470085471
17,102858$_$21,missing,T,w3_vs_w5,27,6,0.7142857142857143,0.829059829059829
17,102858$_$21,missing,T,w1_vs_w5,27,6,0.2,0.39072039072039066
18,102858$_$1,missing,A,w1_vs_w3,22,5,0.42857142857142855,0.27408882410751917
18,102858$_$1,missing,A,w3_vs_w5,22,5,0.25,0.72557876905703
18,102858$_$1,missing,A,w1_vs_w5,22,5,0.1111111111111111,0.012432895114155506
19,102858$_$0,missing,T,w1_vs_w3,3,1,0.0,0.0
19,102858$_$0,missing,T,w3_vs_w5,3,1,1.0,0.0
19,102858$_$0,missing,T,w1_vs_w5,3,1,0.0,0.0
20,102858$_$4,missing,T,w1_vs_w3,48,10,0.42857142857142855,0.6455692788396113
20,102858$_$4,missing,T,w3_vs_w5,48,10,0.42857142857142855,0.883195831524099
20,102858$_$4,missing,T,w1_vs_w5,48,10,0.25,0.5013977489818793
21,102858$_$6,missing,V,w1_vs_w3,26,6,0.5,0.5206837606837607
21,102858$_$6,missing,V,w3_vs_w5,26,6,1.0,0.8167521367521368
21,102858$_$6,missing,V,w1_vs_w5,26,6,0.5,0.39350427350427347
22,102858$_$10,missing,T,w1_vs_w3,10,2,0.3333333333333333,0.6121212121212121
22,102858$_$10,missing,T,w3_vs_w5,10,2,0.0,0.7696969696969697
22,102858$_$10,missing,T,w1_vs_w5,10,2,0.0,0.1515151515151515
23,102858$_$17,missing,T,w1_vs_w3,9,2,0.3333333333333333,0.3666666666666667
23,102858$_$17,missing,T,w3_vs_w5,9,2,0.0,0.06666666666666667
23,102858$_$17,missing,T,w1_vs_w5,9,2,0.0,-0.4666666666666666
24,102858$_$19,missing,T,w1_vs_w3,12,3,0.2,0.37762237762237766
24,102858$_$19,missing,T,w3_vs_w5,12,3,0.5,0.8531468531468532
24,102858$_$19,missing,T,w1_vs_w5,12,3,0.2,0.3636363636363637
25,112433$_$10,missing,A,w1_vs_w3,1,1,1.0,0.0
25,112433$_$10,missing,A,w3_vs_w5,1,1,1.0,0.0
25,112433$_$10,missing,A,w1_vs_w5,1,1,1.0,0.0
26,112433$_$3,missing,T,w1_vs_w3,32,7,0.4,0.6953812316715542
26,112433$_$3,missing,T,w3_vs_w5,32,7,0.75,0.6785190615835777
26,112433$_$3,missing,T,w1_vs_w5,32,7,0.4,0.2452346041055718
27,112433$_$7,missing,T,w1_vs_w3,9,2,0.3333333333333333,0.48333333333333334
27,112433$_$7,missing,T,w3_vs_w5,9,2,1.0,0.9833333333333333
27,112433$_$7,missing,T,w1_vs_w5,9,2,0.3333333333333333,0.41666666666666663
28,112433$_$6,missing,T,w1_vs_w3,24,5,0.42857142857142855,0.6418315885921136
28,112433$_$6,missing,T,w3_vs_w5,24,5,1.0,0.7043478260869565
28,112433$_$6,missing,T,w1_vs_w5,24,5,0.42857142857142855,0.4357308815968185
29,117tQqLjza4$_$6,missing,T,w1_vs_w3,15,3,0.5,0.38928571428571423
29,117tQqLjza4$_$6,missing,T,w3_vs_w5,15,3,1.0,0.95
29,117tQqLjza4$_$6,missing,T,w1_vs_w5,15,3,0.5,0.4392857142857142
30,11j7EfglCAs$_$2,missing,T,w1_vs_w3,24,5,0.42857142857142855,0.7040661179703341
30,11j7EfglCAs$_$2,missing,T,w3_vs_w5,24,5,0.1111111111111111,0.46434782608695646
30,11j7EfglCAs$_$2,missing,T,w1_vs_w5,24,5,0.25,0.5709937077795236
31,121128$_$10,missing,T,w1_vs_w3,15,3,0.5,0.5392857142857141
31,121128$_$10,missing,T,w3_vs_w5,15,3,0.2,0.5714285714285713
31,121128$_$10,missing,T,w1_vs_w5,15,3,0.2,0.3571428571428571
32,121128$_$1,missing,T,w1_vs_w3,29,6,0.5,0.6192118226600983
32,121128$_$1,missing,T,w3_vs_w5,29,6,0.5,0.8044334975369456
32,121128$_$1,missing,T,w1_vs_w5,29,6,0.2,0.5004926108374383
33,121128$_$0,missing,A,w1_vs_w3,11,3,0.5,0.29090909090909095
33,121128$_$0,missing,A,w3_vs_w5,11,3,0.0,0.11818181818181818
33,121128$_$0,missing,A,w1_vs_w5,11,3,0.0,-0.6727272727272727
34,121128$_$5,missing,T,w1_vs_w3,7,2,0.3333333333333333,0.7142857142857144
34,121128$_$5,missing,T,w3_vs_w5,7,2,0.0,0.5929994533288809
34,121128$_$5,missing,T,w1_vs_w5,7,2,0.0,0.29649972666444047
35,125344$_$0,missing,V,w1_vs_w3,48,10,0.17647058823529413,0.6555597904513384
35,125344$_$0,missing,V,w3_vs_w5,48,10,0.42857142857142855,0.6376614954526251
35,125344$_$0,missing,V,w1_vs_w5,48,10,0.25,0.2580132171932474
36,125676$_$0,missing,T,w1_vs_w3,13,3,0.5,0.532967032967033
36,125676$_$0,missing,T,w3_vs_w5,13,3,0.2,0.8681318681318682
36,125676$_$0,missing,T,w1_vs_w5,13,3,0.2,0.4230769230769231
37,125676$_$4,missing,T,w1_vs_w3,27,6,0.3333333333333333,0.5115995115995117
37,125676$_$4,missing,T,w3_vs_w5,27,6,0.7142857142857143,0.8424908424908425
37,125676$_$4,missing,T,w1_vs_w5,27,6,0.3333333333333333,0.47008547008547
38,128059$_$11,missing,T,w1_vs_w3,38,8,0.45454545454545453,0.6172785477313979
38,128059$_$11,missing,T,w3_vs_w5,38,8,0.7777777777777778,0.9284385600175075
38,128059$_$11,missing,T,w1_vs_w5,38,8,0.45454545454545453,0.6120260445775053
39,128059$_$12,missing,T,w1_vs_w3,16,4,0.6,0.5676470588235295
39,128059$_$12,missing,T,w3_vs_w5,16,4,1.0,0.9941176470588234
39,128059$_$12,missing,T,w1_vs_w5,16,4,0.6,0.5911764705882353
40,128059$_$2,missing,T,w1_vs_w3,14,3,0.2,0.37142857142857144
40,128059$_$2,missing,T,w3_vs_w5,14,3,1.0,0.7846153846153847
40,128059$_$2,missing,T,w1_vs_w5,14,3,0.2,0.1384615384615385
41,128059$_$7,missing,T,w1_vs_w3,48,10,0.6666666666666666,0.6171529382107473
41,128059$_$7,missing,T,w3_vs_w5,48,10,0.6666666666666666,0.9093820395782553
41,128059$_$7,missing,T,w1_vs_w5,48,10,0.5384615384615384,0.5093632966305224
42,128059$_$6,missing,T,w1_vs_w3,48,10,0.25,0.4728842145116546
42,128059$_$6,missing,T,w3_vs_w5,48,10,0.8181818181818182,0.8675640468953539
42,128059$_$6,missing,T,w1_vs_w5,48,10,0.17647058823529413,0.3675696265019415
43,128059$_$9,missing,T,w1_vs_w3,22,5,0.42857142857142855,0.2693393562958781
43,128059$_$9,missing,T,w3_vs_w5,22,5,0.25,0.585544889892716
43,128059$_$9,missing,T,w1_vs_w5,22,5,0.25,-0.023150762281197064
44,128763$_$12,missing,A,w1_vs_w3,18,4,0.3333333333333333,0.6573787409700722
44,128763$_$12,missing,A,w3_vs_w5,18,4,1.0,0.8740970072239421
44,128763$_$12,missing,A,w1_vs_w5,18,4,0.3333333333333333,0.4716202270381837
45,128763$_$3,missing,T,w1_vs_w3,24,5,0.42857142857142855,0.4026086956521739
45,128763$_$3,missing,T,w3_vs_w5,24,5,0.6666666666666666,0.8782608695652172
45,128763$_$3,missing,T,w1_vs_w5,24,5,0.42857142857142855,0.29739130434782607
46,128763$_$2,missing,A,w1_vs_w3,12,3,0.5,0.4825174825174825
46,128763$_$2,missing,A,w3_vs_w5,12,3,0.5,0.6013986013986015
46,128763$_$2,missing,A,w1_vs_w5,12,3,0.2,0.4685314685314686
47,128763$_$5,missing,A,w1_vs_w3,10,2,1.0,0.8666666666666665
47,128763$_$5,missing,A,w3_vs_w5,10,2,0.3333333333333333,0.9030303030303028
47,128763$_$5,missing,A,w1_vs_w5,10,2,0.3333333333333333,0.6242424242424242
48,128763$_$7,missing,T,w1_vs_w3,16,4,0.3333333333333333,0.5411764705882353
48,128763$_$7,missing,T,w3_vs_w5,16,4,0.14285714285714285,0.2529411764705882
48,128763$_$7,missing,T,w1_vs_w5,16,4,0.3333333333333333,0.22058823529411767
49,128763$_$8,missing,T,w1_vs_w3,8,2,1.0,0.9761904761904763
49,128763$_$8,missing,T,w3_vs_w5,8,2,1.0,0.9700772721497398
49,128763$_$8,missing,T,w1_vs_w5,8,2,1.0,0.9461247469114745
50,130456$_$11,missing,T,w1_vs_w3,34,7,0.2727272727272727,0.23622889518098766
50,130456$_$11,missing,T,w3_vs_w5,34,7,0.4,0.7243697478991595
50,130456$_$11,missing,T,w1_vs_w5,34,7,0.07692307692307693,0.11184964506628911
51,130456$_$3,missing,T,w1_vs_w3,19,4,0.14285714285714285,0.4245614035087719
51,130456$_$3,missing,T,w3_vs_w5,19,4,0.6,0.8473684210526315
51,130456$_$3,missing,T,w1_vs_w5,19,4,0.0,0.2982456140350877
52,130456$_$5,missing,T,w1_vs_w3,11,3,0.5,0.41818181818181827
52,130456$_$5,missing,T,w3_vs_w5,11,3,0.5,0.8000000000000002
52,130456$_$5,missing,T,w1_vs_w5,11,3,0.2,0.29090909090909095
53,130456$_$4,missing,T,w1_vs_w3,23,5,0.6666666666666666,0.6403162055335968
53,130456$_$4,missing,T,w3_vs_w5,23,5,1.0,0.7677865612648223
53,130456$_$4,missing,T,w1_vs_w5,23,5,0.6666666666666666,0.42094861660079047
54,130456$_$7,missing,T,w1_vs_w3,8,2,0.3333333333333333,0.30952380952380953
54,130456$_$7,missing,T,w3_vs_w5,8,2,0.0,0.47905050476530353
54,130456$_$7,missing,T,w1_vs_w5,8,2,0.0,-0.22754898976351917
55,130456$_$6,missing,V,w1_vs_w3,33,7,0.4,0.6706337141409191
55,130456$_$6,missing,V,w3_vs_w5,33,7,0.5555555555555556,0.7717245989304813
55,130456$_$6,missing,V,w1_vs_w5,33,7,0.2727272727272727,0.4421190036517326
56,188343$_$13,missing,T,w1_vs_w3,42,9,0.5,0.63228263511871
56,188343$_$13,missing,T,w3_vs_w5,42,9,0.6363636363636364,0.8718094157685764
56,188343$_$13,missing,T,w1_vs_w5,42,9,0.2857142857142857,0.5110606920022689
57,188343$_$12,missing,T,w1_vs_w3,30,6,0.3333333333333333,0.5943480342961371
57,188343$_$12,missing,T,w3_vs_w5,30,6,0.3333333333333333,0.667630700778643
57,188343$_$12,missing,T,w1_vs_w5,30,6,0.09090909090909091,0.46951492039118287
58,188343$_$5,missing,T,w1_vs_w3,20,4,0.3333333333333333,0.4977443609022556
58,188343$_$5,missing,T,w3_vs_w5,20,4,0.6,0.8842105263157894
58,188343$_$5,missing,T,w1_vs_w5,20,4,0.14285714285714285,0.38345864661654133
59,188343$_$9,missing,T,w1_vs_w3,30,6,0.3333333333333333,0.5092324805339266
59,188343$_$9,missing,T,w3_vs_w5,30,6,0.3333333333333333,0.37441601779755285
59,188343$_$9,missing,T,w1_vs_w5,30,6,0.09090909090909091,0.0353726362625139
60,188343$_$8,missing,T,w1_vs_w3,21,5,0.42857142857142855,0.6272727272727273
60,188343$_$8,missing,T,w3_vs_w5,21,5,0.25,0.7974025974025974
60,188343$_$8,missing,T,w1_vs_w5,21,5,0.25,0.38571428571428573
61,1HK7Nea0PFo$_$1,missing,T,w1_vs_w3,17,4,0.14285714285714285,0.45833333333333337
61,1HK7Nea0PFo$_$1,missing,T,w3_vs_w5,17,4,0.6,0.8553921568627452
61,1HK7Nea0PFo$_$1,missing,T,w1_vs_w5,17,4,0.14285714285714285,0.23529411764705882
62,216097$_$1,missing,T,w1_vs_w3,13,3,0.2,0.576923076923077
62,216097$_$1,missing,T,w3_vs_w5,13,3,1.0,0.8681318681318682
62,216097$_$1,missing,T,w1_vs_w5,13,3,0.2,0.4175824175824176
63,216097$_$2,missing,T,w1_vs_w3,24,5,0.42857142857142855,0.5365217391304348
63,216097$_$2,missing,T,w3_vs_w5,24,5,1.0,0.8869565217391304
63,216097$_$2,missing,T,w1_vs_w5,24,5,0.42857142857142855,0.4669565217391304
64,216097$_$5,missing,T,w1_vs_w3,32,7,0.4,0.6239002932551319
64,216097$_$5,missing,T,w3_vs_w5,32,7,0.5555555555555556,0.9362170087976539
64,216097$_$5,missing,T,w1_vs_w5,32,7,0.2727272727272727,0.5084310850439883
65,216097$_$4,missing,T,w1_vs_w3,46,10,0.42857142857142855,0.7141843919336197
65,216097$_$4,missing,T,w3_vs_w5,46,10,0.6666666666666666,0.7143385753931545
65,216097$_$4,missing,T,w1_vs_w5,46,10,0.3333333333333333,0.4930450720958216
66,216097$_$7,missing,T,w1_vs_w3,48,10,0.5384615384615384,0.5231646102292251
66,216097$_$7,missing,T,w3_vs_w5,48,10,0.5384615384615384,0.8343465045592706
66,216097$_$7,missing,T,w1_vs_w5,48,10,0.25,0.40808793730061366
67,216097$_$8,missing,T,w1_vs_w3,12,3,0.0,0.16783216783216784
67,216097$_$8,missing,T,w3_vs_w5,12,3,0.5,0.5664335664335665
67,216097$_$8,missing,T,w1_vs_w5,12,3,0.0,-0.37762237762237766
68,223431$_$11,missing,T,w1_vs_w3,27,6,0.3333333333333333,0.5885225885225885
68,223431$_$11,missing,T,w3_vs_w5,27,6,0.7142857142857143,0.8632478632478632
68,223431$_$11,missing,T,w1_vs_w5,27,6,0.5,0.41208791208791207
69,223431$_$10,missing,T,w1_vs_w3,13,3,0.5,0.42857142857142855
69,223431$_$10,missing,T,w3_vs_w5,13,3,0.2,0.8516483516483516
69,223431$_$10,missing,T,w1_vs_w5,13,3,0.2,0.33516483516483514
70,223431$_$13,missing,T,w1_vs_w3,24,5,0.25,0.3608695652173913
70,223431$_$13,missing,T,w3_vs_w5,24,5,0.42857142857142855,0.8878260869565217
70,223431$_$13,missing,T,w1_vs_w5,24,5,0.25,0.2834782608695652
71,223431$_$0,missing,T,w1_vs_w3,2,1,1.0,0.0
71,223431$_$0,missing,T,w3_vs_w5,2,1,1.0,0.0
71,223431$_$0,missing,T,w1_vs_w5,2,1,1.0,0.0
72,223431$_$5,missing,T,w1_vs_w3,17,4,0.3333333333333333,0.465686274509804
72,223431$_$5,missing,T,w3_vs_w5,17,4,0.6,0.8333333333333335
72,223431$_$5,missing,T,w1_vs_w5,17,4,0.3333333333333333,0.27941176470588236
73,225770$_$3,missing,A,w1_vs_w3,48,10,0.42857142857142855,0.5804595615722016
73,225770$_$3,missing,A,w3_vs_w5,48,10,0.6666666666666666,0.7760529743812418
73,225770$_$3,missing,A,w1_vs_w5,48,10,0.3333333333333333,0.3511106910146223
74,225770$_$5,missing,T,w1_vs_w3,6,2,0.3333333333333333,0.14285714285714288
74,225770$_$5,missing,T,w3_vs_w5,6,2,0.0,0.304255531702266
74,225770$_$5,missing,T,w1_vs_w5,6,2,0.0,-0.101418510567422
75,225770$_$4,missing,T,w1_vs_w3,32,7,0.5555555555555556,0.43841642228739
75,225770$_$4,missing,T,w3_vs_w5,32,7,0.75,0.6755865102639296
75,225770$_$4,missing,T,w1_vs_w5,32,7,0.75,0.35337243401759527
76,225770$_$6,missing,T,w1_vs_w3,33,7,0.2727272727272727,0.5113636363636364
76,225770$_$6,missing,T,w3_vs_w5,33,7,0.75,0.9655748663101605
76,225770$_$6,missing,T,w1_vs_w5,33,7,0.4,0.5153743315508023
77,236021$_$12,missing,V,w1_vs_w3,12,3,0.2,0.5384615384615385
77,236021$_$12,missing,V,w3_vs_w5,12,3,0.2,0.5244755244755246
77,236021$_$12,missing,V,w1_vs_w5,12,3,0.0,-0.08391608391608392
78,236021$_$1,missing,T,w1_vs_w3,27,6,0.09090909090909091,0.37362637362637363
78,236021$_$1,missing,T,w3_vs_w5,27,6,0.7142857142857143,0.7655677655677656
78,236021$_$1,missing,T,w1_vs_w5,27,6,0.09090909090909091,0.31868131868131866
79,236021$_$3,missing,T,w1_vs_w3,7,2,0.3333333333333333,0.7500000000000002
79,236021$_$3,missing,T,w3_vs_w5,7,2,0.0,0.5929994533288809
79,236021$_$3,missing,T,w1_vs_w5,7,2,0.0,0.22237479499833038
80,236021$_$2,missing,T,w1_vs_w3,48,10,0.42857142857142855,0.5796786799826313
80,236021$_$2,missing,T,w3_vs_w5,48,10,0.8181818181818182,0.9025184541901866
80,236021$_$2,missing,T,w1_vs_w5,48,10,0.42857142857142855,0.5100955275727312
81,236021$_$5,missing,T,w1_vs_w3,15,3,0.2,0.25357142857142856
81,236021$_$5,missing,T,w3_vs_w5,15,3,0.2,0.5071428571428571
81,236021$_$5,missing,T,w1_vs_w5,15,3,0.5,0.36785714285714277
82,236021$_$4,missing,A,w1_vs_w3,48,10,0.42857142857142855,0.6387742247641011
82,236021$_$4,missing,A,w3_vs_w5,48,10,0.6666666666666666,0.8850590314021054
82,236021$_$4,missing,A,w1_vs_w5,48,10,0.3333333333333333,0.4261097831847818
83,237009$_$11,missing,T,w1_vs_w3,9,2,0.0,0.6333333333333333
83,237009$_$11,missing,T,w3_vs_w5,9,2,0.0,0.7333333333333334
83,237009$_$11,missing,T,w1_vs_w5,9,2,0.3333333333333333,0.7333333333333334
84,237009$_$12,missing,T,w1_vs_w3,45,9,0.5,0.5567560457434403
84,237009$_$12,missing,T,w3_vs_w5,45,9,0.5,0.7482213438735177
84,237009$_$12,missing,T,w1_vs_w5,45,9,0.2,0.26905593312225895
85,237009$_$4,missing,T,w1_vs_w3,19,4,0.6,0.7950856403849942
85,237009$_$4,missing,T,w3_vs_w5,19,4,0.3333333333333333,0.46315789473684205
85,237009$_$4,missing,T,w1_vs_w5,19,4,0.3333333333333333,0.32470384872234864
86,237009$_$7,missing,T,w1_vs_w3,8,2,0.0,0.4285714285714286
86,237009$_$7,missing,T,w3_vs_w5,8,2,0.0,0.6347419188140273
86,237009$_$7,missing,T,w1_vs_w5,8,2,0.3333333333333333,0.11976262619132588
87,237009$_$9,missing,T,w1_vs_w3,12,3,0.5,0.5664335664335665
87,237009$_$9,missing,T,w3_vs_w5,12,3,0.2,0.6993006993006995
87,237009$_$9,missing,T,w1_vs_w5,12,3,0.0,0.6153846153846154
88,241629$_$10,missing,T,w1_vs_w3,18,4,0.3333333333333333,0.5211558307533539
88,241629$_$10,missing,T,w3_vs_w5,18,4,0.6,0.826625386996904
88,241629$_$10,missing,T,w1_vs_w5,18,4,0.3333333333333333,0.3457172342621259
89,241629$_$0,missing,T,w1_vs_w3,13,3,0.2,0.6263736263736264
89,241629$_$0,missing,T,w3_vs_w5,13,3,0.2,0.8516483516483516
89,241629$_$0,missing,T,w1_vs_w5,13,3,0.2,0.510989010989011
90,241629$_$3,missing,T,w1_vs_w3,28,6,0.2,0.5839036408431427
90,241629$_$3,missing,T,w3_vs_w5,28,6,0.3333333333333333,0.8781823159047359
90,241629$_$3,missing,T,w1_vs_w5,28,6,0.09090909090909091,0.43594306049822074
91,241629$_$5,missing,T,w1_vs_w3,27,6,0.2,0.15934065934065933
91,241629$_$5,missing,T,w3_vs_w5,27,6,0.7142857142857143,0.6196581196581197
91,241629$_$5,missing,T,w1_vs_w5,27,6,0.2,-0.07753357753357752
92,241629$_$8,missing,T,w1_vs_w3,48,10,0.42857142857142855,0.3998588471569399
92,241629$_$8,missing,T,w3_vs_w5,48,10,0.6666666666666666,0.9094363180812743
92,241629$_$8,missing,T,w1_vs_w5,48,10,0.3333333333333333,0.3838844823086675
93,243646$_$11,missing,T,w1_vs_w3,19,4,0.14285714285714285,0.06491228070175438
93,243646$_$11,missing,T,w3_vs_w5,19,4,0.6,0.743859649122807
93,243646$_$11,missing,T,w1_vs_w5,19,4,0.14285714285714285,-0.08070175438596491
94,243646$_$12,missing,V,w1_vs_w3,48,10,0.25,0.40952364032088034
94,243646$_$12,missing,V,w3_vs_w5,48,10,0.8181818181818182,0.7294194286539919
94,243646$_$12,missing,V,w1_vs_w5,48,10,0.3333333333333333,0.362196271702133
95,243646$_$9,missing,V,w1_vs_w3,1,1,1.0,0.0
95,243646$_$9,missing,V,w3_vs_w5,1,1,1.0,0.0
95,243646$_$9,missing,V,w1_vs_w5,1,1,1.0,0.0
96,243646$_$8,missing,A,w1_vs_w3,12,3,0.5,0.8671328671328673
96,243646$_$8,missing,A,w3_vs_w5,12,3,0.0,0.6643356643356644
96,243646$_$8,missing,A,w1_vs_w5,12,3,0.2,0.6783216783216784
97,247318$_$12,missing,T,w1_vs_w3,13,3,0.5,0.6822564913721044
97,247318$_$12,missing,T,w3_vs_w5,13,3,0.5,0.9835164835164836
97,247318$_$12,missing,T,w1_vs_w5,13,3,0.5,0.6327378750628389
98,247318$_$1,missing,T,w1_vs_w3,16,4,0.3333333333333333,0.4650479551871556
98,247318$_$1,missing,T,w3_vs_w5,16,4,0.6,0.9352941176470588
98,247318$_$1,missing,T,w1_vs_w5,16,4,0.14285714285714285,0.31788088076084053
99,247318$_$3,missing,T,w1_vs_w3,5,1,0.0,-0.3
99,247318$_$3,missing,T,w3_vs_w5,5,1,0.0,0.0
99,247318$_$3,missing,T,w1_vs_w5,5,1,0.0,0.0
100,247318$_$2,missing,T,w1_vs_w3,17,4,0.6,0.5857843137254902
100,247318$_$2,missing,T,w3_vs_w5,17,4,1.0,0.8676470588235294
100,247318$_$2,missing,T,w1_vs_w5,17,4,0.6,0.6960784313725491
101,247318$_$5,missing,T,w1_vs_w3,19,4,0.3333333333333333,0.6491228070175438
101,247318$_$5,missing,T,w3_vs_w5,19,4,0.6,0.5578947368421052
101,247318$_$5,missing,T,w1_vs_w5,19,4,0.14285714285714285,0.2210526315789474
102,247318$_$7,missing,T,w1_vs_w3,6,2,0.3333333333333333,0.6
102,247318$_$7,missing,T,w3_vs_w5,6,2,0.0,0.50709255283711
102,247318$_$7,missing,T,w1_vs_w5,6,2,0.0,0.101418510567422
103,247318$_$6,missing,A,w1_vs_w3,5,1,0.0,-0.09999999999999999
103,247318$_$6,missing,A,w3_vs_w5,5,1,0.0,0.0
103,247318$_$6,missing,A,w1_vs_w5,5,1,1.0,0.0
104,252998$_$1,missing,T,w1_vs_w3,18,4,0.3333333333333333,0.7110423116615068
104,252998$_$1,missing,T,w3_vs_w5,18,4,0.3333333333333333,0.6635706914344685
104,252998$_$1,missing,T,w1_vs_w5,18,4,0.3333333333333333,0.413828689370485
105,252998$_$0,missing,T,w1_vs_w3,14,3,0.2,0.8206825648192402
105,252998$_$0,missing,T,w3_vs_w5,14,3,0.0,0.621978021978022
105,252998$_$0,missing,T,w1_vs_w5,14,3,0.5,0.6820686195548645
106,252998$_$5,missing,T,w1_vs_w3,41,9,0.38461538461538464,0.7115041224667019
106,252998$_$5,missing,T,w3_vs_w5,41,9,0.8,0.9486062717770036
106,252998$_$5,missing,T,w1_vs_w5,41,9,0.38461538461538464,0.60443438247508
107,252998$_$4,missing,T,w1_vs_w3,48,10,0.42857142857142855,0.6062481395566685
107,252998$_$4,missing,T,w3_vs_w5,48,10,0.6666666666666666,0.8315240990013025
107,252998$_$4,missing,T,w1_vs_w5,48,10,0.42857142857142855,0.4479548395076673
108,252998$_$7,missing,T,w1_vs_w3,37,8,0.45454545454545453,0.7005689900426741
108,252998$_$7,missing,T,w3_vs_w5,37,8,0.6,0.8423423423423424
108,252998$_$7,missing,T,w1_vs_w5,37,8,0.3333333333333333,0.4364627785680417
109,252998$_$8,missing,T,w1_vs_w3,11,3,0.2,-0.07272727272727274
109,252998$_$8,missing,T,w3_vs_w5,11,3,0.2,0.3545454545454546
109,252998$_$8,missing,T,w1_vs_w5,11,3,0.2,-0.39090909090909093
110,257247$_$10,missing,T,w1_vs_w3,8,2,0.3333333333333333,0.7857142857142858
110,257247$_$10,missing,T,w3_vs_w5,8,2,0.0,0.5269555552418339
110,257247$_$10,missing,T,w1_vs_w5,8,2,0.0,0.16766767666785626
111,257247$_$12,missing,T,w1_vs_w3,19,4,0.3333333333333333,0.7157894736842104
111,257247$_$12,missing,T,w3_vs_w5,19,4,0.14285714285714285,0.7982456140350876
111,257247$_$12,missing,T,w1_vs_w5,19,4,0.3333333333333333,0.5578947368421052
112,257247$_$2,missing,T,w1_vs_w3,18,4,0.3333333333333333,0.12899896800825592
112,257247$_$2,missing,T,w3_vs_w5,18,4,0.6,0.5789473684210527
112,257247$_$2,missing,T,w1_vs_w5,18,4,0.3333333333333333,0.15789473684210525
113,258654$_$1,missing,A,w1_vs_w3,48,10,0.8181818181818182,0.7606741219041212
113,258654$_$1,missing,A,w3_vs_w5,48,10,0.6666666666666666,0.8831641565425246
113,258654$_$1,missing,A,w1_vs_w5,48,10,0.6666666666666666,0.5935198196243106
114,258654$_$3,missing,A,w1_vs_w3,48,10,0.3333333333333333,0.6432739795052275
114,258654$_$3,missing,A,w3_vs_w5,48,10,0.6666666666666666,0.7010667527447428
114,258654$_$3,missing,A,w1_vs_w5,48,10,0.3333333333333333,0.28018962718144996
115,258654$_$4,missing,V,w1_vs_w3,15,3,0.5,0.657142857142857
115,258654$_$4,missing,V,w3_vs_w5,15,3,0.0,0.37499999999999994
115,258654$_$4,missing,V,w1_vs_w5,15,3,0.2,0.07857142857142857
116,266791$_$24,missing,T,w1_vs_w3,16,4,0.14285714285714285,0.5003680530494712
116,266791$_$24,missing,T,w3_vs_w5,16,4,0.3333333333333333,0.3235294117647059
116,266791$_$24,missing,T,w1_vs_w5,16,4,0.14285714285714285,-0.035320097862315616
117,266791$_$20,missing,T,w1_vs_w3,36,8,0.45454545454545453,0.8043758043758045
117,266791$_$20,missing,T,w3_vs_w5,36,8,0.7777777777777778,0.9588159588159589
117,266791$_$20,missing,T,w1_vs_w5,36,8,0.45454545454545453,0.7266409266409267
118,266791$_$21,missing,V,w1_vs_w3,48,10,0.25,0.4956151377120225
118,266791$_$21,missing,V,w3_vs_w5,48,10,0.6666666666666666,0.8603376227188597
118,266791$_$21,missing,V,w1_vs_w5,48,10,0.3333333333333333,0.2723101792339525
119,266791$_$23,missing,T,w1_vs_w3,34,7,0.4,0.7005347593582887
119,266791$_$23,missing,T,w3_vs_w5,34,7,0.75,0.8521008403361343
119,266791$_$23,missing,T,w1_vs_w5,34,7,0.4,0.5893048128342245
120,266791$_$29,missing,A,w1_vs_w3,3,1,1.0,0.0
120,266791$_$29,missing,A,w3_vs_w5,3,1,1.0,0.0
120,266791$_$29,missing,A,w1_vs_w5,3,1,1.0,0.0
121,266791$_$3,missing,A,w1_vs_w3,19,4,0.3333333333333333,0.687719298245614
121,266791$_$3,missing,A,w3_vs_w5,19,4,0.6,0.8228070175438595
121,266791$_$3,missing,A,w1_vs_w5,19,4,0.14285714285714285,0.4350877192982456
122,266791$_$5,missing,T,w1_vs_w3,32,7,0.2727272727272727,0.782258064516129
122,266791$_$5,missing,T,w3_vs_w5,32,7,0.4,0.939882697947214
122,266791$_$5,missing,T,w1_vs_w5,32,7,0.4,0.7265395894428152
123,266791$_$4,missing,T,w1_vs_w3,13,3,0.5,0.4175824175824176
123,266791$_$4,missing,T,w3_vs_w5,13,3,1.0,0.901098901098901
123,266791$_$4,missing,T,w1_vs_w5,13,3,0.5,0.35714285714285715
124,266791$_$6,missing,T,w1_vs_w3,36,8,0.45454545454545453,0.6607464607464608
124,266791$_$6,missing,T,w3_vs_w5,36,8,0.6,0.7683397683397685
124,266791$_$6,missing,T,w1_vs_w5,36,8,0.3333333333333333,0.39047619047619053
125,266791$_$8,missing,A,w1_vs_w3,11,3,0.5,0.8545454545454546
125,266791$_$8,missing,A,w3_vs_w5,11,3,1.0,0.9545454545454546
125,266791$_$8,missing,A,w1_vs_w5,11,3,0.5,0.8090909090909091
126,266791$_$11,missing,T,w1_vs_w3,11,3,0.5,0.6000000000000001
126,266791$_$11,missing,T,w3_vs_w5,11,3,0.5,0.9454545454545454
126,266791$_$11,missing,T,w1_vs_w5,11,3,0.5,0.5818181818181819
127,266791$_$14,missing,T,w1_vs_w3,26,6,0.7142857142857143,0.7059829059829059
127,266791$_$14,missing,T,w3_vs_w5,26,6,1.0,0.9070085470085469
127,266791$_$14,missing,T,w1_vs_w5,26,6,0.7142857142857143,0.5753846153846154
128,270254$_$23,missing,T,w1_vs_w3,17,4,0.6,0.33333333333333337
128,270254$_$23,missing,T,w3_vs_w5,17,4,0.6,0.8725490196078433
128,270254$_$23,missing,T,w1_vs_w5,17,4,0.3333333333333333,0.32843137254901966
129,270254$_$0,missing,T,w1_vs_w3,18,4,0.3333333333333333,0.6491228070175438
129,270254$_$0,missing,T,w3_vs_w5,18,4,0.6,0.7791537667698658
129,270254$_$0,missing,T,w1_vs_w5,18,4,0.3333333333333333,0.541795665634675
130,270254$_$6,missing,T,w1_vs_w3,32,7,0.75,0.784824046920821
130,270254$_$6,missing,T,w3_vs_w5,32,7,0.75,0.8189149560117301
130,270254$_$6,missing,T,w1_vs_w5,32,7,0.5555555555555556,0.6114369501466276
131,270254$_$8,missing,T,w1_vs_w3,24,5,0.25,0.5608695652173912
131,270254$_$8,missing,T,w3_vs_w5,24,5,0.42857142857142855,0.9208695652173912
131,270254$_$8,missing,T,w1_vs_w5,24,5,0.25,0.508695652173913
132,270254$_$11,missing,A,w1_vs_w3,6,2,0.0,-0.2571428571428572
132,270254$_$11,missing,A,w3_vs_w5,6,2,0.3333333333333333,0.8451542547285165
132,270254$_$11,missing,A,w1_vs_w5,6,2,0.3333333333333333,-0.06761234037828133
133,270254$_$14,missing,T,w1_vs_w3,10,2,0.3333333333333333,0.5272727272727272
133,270254$_$14,missing,T,w3_vs_w5,10,2,0.3333333333333333,0.9030303030303028
133,270254$_$14,missing,T,w1_vs_w5,10,2,0.3333333333333333,0.32121212121212117
134,270254$_$16,missing,T,w1_vs_w3,15,3,0.5,0.7428571428571428
134,270254$_$16,missing,T,w3_vs_w5,15,3,0.5,0.8678571428571429
134,270254$_$16,missing,T,w1_vs_w5,15,3,0.5,0.475
135,272624$_$10,missing,A,w1_vs_w3,48,10,0.6666666666666666,0.6502311140889556
135,272624$_$10,missing,A,w3_vs_w5,48,10,0.5384615384615384,0.6687293057591055
135,272624$_$10,missing,A,w1_vs_w5,48,10,0.3333333333333333,0.31842056064125146
136,272624$_$13,missing,T,w1_vs_w3,37,8,0.3333333333333333,0.5160066542996737
136,272624$_$13,missing,T,w3_vs_w5,37,8,0.45454545454545453,0.6680891417733522
136,272624$_$13,missing,T,w1_vs_w5,37,8,0.14285714285714285,0.28147973283718414
137,272624$_$12,missing,T,w1_vs_w3,22,5,0.25,0.4850367024280069
137,272624$_$12,missing,T,w3_vs_w5,22,5,1.0,0.979672501411632
137,272624$_$12,missing,T,w1_vs_w5,22,5,0.25,0.461321287408244
138,272624$_$16,missing,A,w1_vs_w3,48,10,0.5384615384615384,0.6205849838651845
138,272624$_$16,missing,A,w3_vs_w5,48,10,0.8181818181818182,0.8015851521106071
138,272624$_$16,missing,A,w1_vs_w5,48,10,0.5384615384615384,0.4061347524032153
139,272624$_$18,missing,T,w1_vs_w3,36,8,0.23076923076923078,0.4612909463184893
139,272624$_$18,missing,T,w3_vs_w5,36,8,0.45454545454545453,0.4504504504504505
139,272624$_$18,missing,T,w1_vs_w5,36,8,0.14285714285714285,-0.08996717954146877
140,272624$_$2,missing,T,w1_vs_w3,46,10,0.42857142857142855,0.5252444374947981
140,272624$_$2,missing,T,w3_vs_w5,46,10,0.42857142857142855,0.6582176996608079
140,272624$_$2,missing,T,w1_vs_w5,46,10,0.1111111111111111,0.1959103151477955
141,272624$_$6,missing,A,w1_vs_w3,35,7,0.4,0.6112044817927171
141,272624$_$6,missing,A,w3_vs_w5,35,7,0.5555555555555556,0.8750700280112044
141,272624$_$6,missing,A,w1_vs_w5,35,7,0.4,0.49019607843137253
142,272624$_$9,missing,A,w1_vs_w3,47,10,0.42857142857142855,0.4680901630842776
142,272624$_$9,missing,A,w3_vs_w5,47,10,0.5384615384615384,0.39246068455134137
142,272624$_$9,missing,A,w1_vs_w5,47,10,0.25,0.07197826487970843
143,272624$_$8,missing,T,w1_vs_w3,43,9,0.2,0.43953637664881673
143,272624$_$8,missing,T,w3_vs_w5,43,9,0.6363636363636364,0.8536695862277256
143,272624$_$8,missing,T,w1_vs_w5,43,9,0.2,0.3635745840171883
144,273539$_$3,missing,T,w1_vs_w3,30,6,0.09090909090909091,0.250778822407992
144,273539$_$3,missing,T,w3_vs_w5,30,6,0.5,0.8723025583982202
144,273539$_$3,missing,T,w1_vs_w5,30,6,0.2,0.2578994278357256
145,273539$_$2,missing,T,w1_vs_w3,3,1,1.0,0.0
145,273539$_$2,missing,T,w3_vs_w5,3,1,1.0,0.0
145,273539$_$2,missing,T,w1_vs_w5,3,1,1.0,0.0
146,273539$_$9,missing,T,w1_vs_w3,46,10,0.17647058823529413,0.23649149183589052
146,273539$_$9,missing,T,w3_vs_w5,46,10,0.6666666666666666,0.8880049337033612
146,273539$_$9,missing,T,w1_vs_w5,46,10,0.1111111111111111,0.11534665877233054
147,290546$_$3,missing,T,w1_vs_w3,23,5,0.42857142857142855,0.5355731225296443
147,290546$_$3,missing,T,w3_vs_w5,23,5,0.6666666666666666,0.6976284584980238
147,290546$_$3,missing,T,w1_vs_w5,23,5,0.25,0.33300395256917
148,290546$_$5,missing,T,w1_vs_w3,33,7,0.4,0.4669117647058824
148,290546$_$5,missing,T,w3_vs_w5,33,7,0.75,0.6828208556149733
148,290546$_$5,missing,T,w1_vs_w5,33,7,0.4,0.19819518716577542
149,290546$_$7,missing,T,w1_vs_w3,48,10,0.25,0.5680788125955605
149,290546$_$7,missing,T,w3_vs_w5,48,10,0.6666666666666666,0.9139957123348598
149,290546$_$7,missing,T,w1_vs_w5,48,10,0.3333333333333333,0.39513677811550146
150,290546$_$6,missing,T,w1_vs_w3,8,2,0.3333333333333333,0.8333333333333335
150,290546$_$6,missing,T,w3_vs_w5,8,2,0.0,0.670670706671425
150,290546$_$6,missing,T,w1_vs_w5,8,2,0.0,0.3592878785739777
151,2S00zYaVrtc$_$10,missing,T,w1_vs_w3,18,4,0.6,0.46955624355005166
151,2S00zYaVrtc$_$10,missing,T,w3_vs_w5,18,4,1.0,0.8823529411764706
151,2S00zYaVrtc$_$10,missing,T,w1_vs_w5,18,4,0.6,0.43653250773993807
152,2S00zYaVrtc$_$12,missing,T,w1_vs_w3,17,4,0.3333333333333333,0.5122549019607844
152,2S00zYaVrtc$_$12,missing,T,w3_vs_w5,17,4,0.6,0.7941176470588236
152,2S00zYaVrtc$_$12,missing,T,w1_vs_w5,17,4,0.14285714285714285,0.18137254901960786
153,2S00zYaVrtc$_$20,missing,T,w1_vs_w3,16,4,0.3333333333333333,0.4970588235294117
153,2S00zYaVrtc$_$20,missing,T,w3_vs_w5,16,4,0.3333333333333333,0.6970588235294117
153,2S00zYaVrtc$_$20,missing,T,w1_vs_w5,16,4,0.0,0.07941176470588236
154,2S00zYaVrtc$_$17,missing,T,w1_vs_w3,18,4,0.6,0.8142414860681115
154,2S00zYaVrtc$_$17,missing,T,w3_vs_w5,18,4,1.0,0.8121775025799793
154,2S00zYaVrtc$_$17,missing,T,w1_vs_w5,18,4,0.6,0.5562435500515995
155,2S00zYaVrtc$_$5,missing,T,w1_vs_w3,25,5,1.0,0.6923076923076923
155,2S00zYaVrtc$_$5,missing,T,w3_vs_w5,25,5,1.0,0.8115384615384615
155,2S00zYaVrtc$_$5,missing,T,w1_vs_w5,25,5,1.0,0.5053846153846154
156,2S00zYaVrtc$_$4,missing,T,w1_vs_w3,20,4,0.6,0.7593984962406014
156,2S00zYaVrtc$_$4,missing,T,w3_vs_w5,20,4,1.0,0.8872180451127819
156,2S00zYaVrtc$_$4,missing,T,w1_vs_w5,20,4,0.6,0.5578947368421052
157,2Xt31_d0XEE$_$2,missing,T,w1_vs_w3,24,5,0.42857142857142855,0.6686956521739129
157,2Xt31_d0XEE$_$2,missing,T,w3_vs_w5,24,5,0.6666666666666666,0.7278260869565217
157,2Xt31_d0XEE$_$2,missing,T,w1_vs_w5,24,5,0.25,0.41478260869565214
158,31474$_$11,missing,T,w1_vs_w3,7,2,0.3333333333333333,0.14285714285714288
158,31474$_$11,missing,T,w3_vs_w5,7,2,1.0,0.8894991799933215
158,31474$_$11,missing,T,w1_vs_w5,7,2,0.3333333333333333,0.18531232916527532
159,31474$_$14,missing,T,w1_vs_w3,16,4,0.3333333333333333,0.3941176470588235
159,31474$_$14,missing,T,w3_vs_w5,16,4,0.6,0.7705882352941176
159,31474$_$14,missing,T,w1_vs_w5,16,4,0.3333333333333333,0.27941176470588236
160,31474$_$0,missing,T,w1_vs_w3,23,5,0.6666666666666666,0.6225296442687748
160,31474$_$0,missing,T,w3_vs_w5,23,5,0.25,0.7618577075098815
160,31474$_$0,missing,T,w1_vs_w5,23,5,0.25,0.4436758893280633
161,31474$_$3,missing,T,w1_vs_w3,25,5,0.1111111111111111,0.4915384615384616
161,31474$_$3,missing,T,w3_vs_w5,25,5,0.6666666666666666,0.78
161,31474$_$3,missing,T,w1_vs_w5,25,5,0.1111111111111111,0.3815384615384615
162,31474$_$6,missing,T,w1_vs_w3,16,4,0.14285714285714285,0.19117647058823528
162,31474$_$6,missing,T,w3_vs_w5,16,4,0.6,0.9441176470588234
162,31474$_$6,missing,T,w1_vs_w5,16,4,0.14285714285714285,0.11176470588235293
163,31474$_$9,missing,T,w1_vs_w3,8,2,0.3333333333333333,0.880952380952381
163,31474$_$9,missing,T,w3_vs_w5,8,2,0.3333333333333333,0.9101959590540767
163,31474$_$9,missing,T,w1_vs_w5,8,2,0.3333333333333333,0.7425282823862205
164,31474$_$8,missing,T,w1_vs_w3,8,2,0.3333333333333333,0.880952380952381
164,31474$_$8,missing,T,w3_vs_w5,8,2,0.0,0.6347419188140273
164,31474$_$8,missing,T,w1_vs_w5,8,2,0.3333333333333333,0.730552019767088
165,32681$_$1,missing,T,w1_vs_w3,21,5,0.42857142857142855,0.4584415584415585
165,32681$_$1,missing,T,w3_vs_w5,21,5,0.6666666666666666,0.8844155844155844
165,32681$_$1,missing,T,w1_vs_w5,21,5,0.25,0.3051948051948052
166,32681$_$3,missing,T,w1_vs_w3,39,8,0.45454545454545453,0.4588521128883097
166,32681$_$3,missing,T,w3_vs_w5,39,8,0.6,0.8589068825910932
166,32681$_$3,missing,T,w1_vs_w5,39,8,0.3333333333333333,0.34588521282580065
167,32681$_$5,missing,T,w1_vs_w3,39,8,0.23076923076923078,0.5815107807867212
167,32681$_$5,missing,T,w3_vs_w5,39,8,0.6,0.6987854251012147
167,32681$_$5,missing,T,w1_vs_w5,39,8,0.23076923076923078,0.36249496695393735
168,32681$_$6,missing,T,w1_vs_w3,28,6,0.3333333333333333,0.36015325670498083
168,32681$_$6,missing,T,w3_vs_w5,28,6,0.5,0.8385331143951834
168,32681$_$6,missing,T,w1_vs_w5,28,6,0.3333333333333333,0.2714833059660646
169,33170$_$1,missing,T,w1_vs_w3,48,10,0.3333333333333333,0.5886120618778117
169,33170$_$1,missing,T,w3_vs_w5,48,10,0.8181818181818182,0.8290273556231004
169,33170$_$1,missing,T,w1_vs_w5,48,10,0.3333333333333333,0.3735547961861951
170,33170$_$3,missing,T,w1_vs_w3,34,7,0.4,0.6817938747073524
170,33170$_$3,missing,T,w3_vs_w5,34,7,0.5555555555555556,0.9281894576012223
170,33170$_$3,missing,T,w1_vs_w5,34,7,0.4,0.6122698466948366
171,33170$_$4,missing,T,w1_vs_w3,33,7,0.4,0.6165803194931789
171,33170$_$4,missing,T,w3_vs_w5,33,7,0.4,0.733957219251337
171,33170$_$4,missing,T,w1_vs_w5,33,7,0.2727272727272727,0.4150091985095048
172,3MFNIag0wNE$_$12,missing,V,w1_vs_w3,48,10,0.42857142857142855,0.48511554588871625
172,3MFNIag0wNE$_$12,missing,V,w3_vs_w5,48,10,0.42857142857142855,0.9071162962684803
172,3MFNIag0wNE$_$12,missing,V,w1_vs_w5,48,10,0.25,0.3739940014762224
173,3MFNIag0wNE$_$14,missing,T,w1_vs_w3,33,7,0.16666666666666666,0.5013787934276253
173,3MFNIag0wNE$_$14,missing,T,w3_vs_w5,33,7,0.5555555555555556,0.6066176470588236
173,3MFNIag0wNE$_$14,missing,T,w1_vs_w5,33,7,0.16666666666666666,0.25152502803619203
174,3MFNIag0wNE$_$16,missing,T,w1_vs_w3,22,5,0.42857142857142855,0.48390739695087526
174,3MFNIag0wNE$_$16,missing,T,w3_vs_w5,22,5,0.6666666666666666,0.9265951439864484
174,3MFNIag0wNE$_$16,missing,T,w1_vs_w5,22,5,0.42857142857142855,0.5098814229249012
175,3MFNIag0wNE$_$7,missing,A,w1_vs_w3,19,4,1.0,0.8017543859649122
175,3MFNIag0wNE$_$7,missing,A,w3_vs_w5,19,4,0.6,0.8649122807017543
175,3MFNIag0wNE$_$7,missing,A,w1_vs_w5,19,4,0.6,0.6000000000000001
176,3V2qm0rw920$_$11,missing,T,w1_vs_w3,20,4,1.0,0.4781954887218045
176,3V2qm0rw920$_$11,missing,T,w3_vs_w5,20,4,0.6,0.8225563909774435
176,3V2qm0rw920$_$11,missing,T,w1_vs_w5,20,4,0.6,0.34586466165413526
177,3V2qm0rw920$_$13,missing,T,w1_vs_w3,29,6,0.7142857142857143,0.7039408866995073
177,3V2qm0rw920$_$13,missing,T,w3_vs_w5,29,6,0.7142857142857143,0.8763546798029554
177,3V2qm0rw920$_$13,missing,T,w1_vs_w5,29,6,0.5,0.5684729064039408
178,3V2qm0rw920$_$3,missing,T,w1_vs_w3,15,3,0.2,0.25558544611495526
178,3V2qm0rw920$_$3,missing,T,w3_vs_w5,15,3,0.0,0.30357142857142855
178,3V2qm0rw920$_$3,missing,T,w1_vs_w5,15,3,0.2,0.4110814867583197
179,3j94B0pzSVs$_$12,missing,T,w1_vs_w3,12,3,0.5,0.6503496503496504
179,3j94B0pzSVs$_$12,missing,T,w3_vs_w5,12,3,1.0,1.0
179,3j94B0pzSVs$_$12,missing,T,w1_vs_w5,12,3,0.5,0.6503496503496504
180,3j94B0pzSVs$_$17,missing,T,w1_vs_w3,22,5,0.25,0.5211744776962168
180,3j94B0pzSVs$_$17,missing,T,w3_vs_w5,22,5,0.6666666666666666,0.9593450028232637
180,3j94B0pzSVs$_$17,missing,T,w1_vs_w5,22,5,0.1111111111111111,0.4409937888198759
181,3j94B0pzSVs$_$1,missing,T,w1_vs_w3,34,7,0.2727272727272727,0.5792207792207792
181,3j94B0pzSVs$_$1,missing,T,w3_vs_w5,34,7,0.5555555555555556,0.865546218487395
181,3j94B0pzSVs$_$1,missing,T,w1_vs_w5,34,7,0.16666666666666666,0.3674560733384262
182,3j94B0pzSVs$_$0,missing,T,w1_vs_w3,30,6,0.3333333333333333,0.2164627363737486
182,3j94B0pzSVs$_$0,missing,T,w3_vs_w5,30,6,0.7142857142857143,0.742825361512792
182,3j94B0pzSVs$_$0,missing,T,w1_vs_w5,30,6,0.3333333333333333,0.014905450500556172
183,4cFeG2ydm9A$_$8,missing,T,w1_vs_w3,16,4,0.6,0.6558823529411765
183,4cFeG2ydm9A$_$8,missing,T,w3_vs_w5,16,4,0.6,0.8794117647058824
183,4cFeG2ydm9A$_$8,missing,T,w1_vs_w5,16,4,0.3333333333333333,0.3588235294117647
184,4dV3slGSc60$_$10,missing,T,w1_vs_w3,22,5,0.6666666666666666,0.5392433653303219
184,4dV3slGSc60$_$10,missing,T,w3_vs_w5,22,5,0.42857142857142855,0.8464144551101074
184,4dV3slGSc60$_$10,missing,T,w1_vs_w5,22,5,0.42857142857142855,0.339356295878035
185,4dV3slGSc60$_$12,missing,T,w1_vs_w3,20,4,0.14285714285714285,0.7789473684210525
185,4dV3slGSc60$_$12,missing,T,w3_vs_w5,20,4,0.3333333333333333,0.7127819548872181
185,4dV3slGSc60$_$12,missing,T,w1_vs_w5,20,4,0.3333333333333333,0.5052631578947367
186,4dV3slGSc60$_$22,missing,T,w1_vs_w3,48,10,0.25,0.6203490110027384
186,4dV3slGSc60$_$22,missing,T,w3_vs_w5,48,10,0.42857142857142855,0.8971993052540165
186,4dV3slGSc60$_$22,missing,T,w1_vs_w5,48,10,0.1111111111111111,0.4955084540593227
187,4dV3slGSc60$_$9,missing,T,w1_vs_w3,20,4,0.14285714285714285,0.5398496240601504
187,4dV3slGSc60$_$9,missing,T,w3_vs_w5,20,4,0.3333333333333333,0.6962406015037594
187,4dV3slGSc60$_$9,missing,T,w1_vs_w5,20,4,0.14285714285714285,0.08721804511278194
188,4dV3slGSc60$_$8,missing,T,w1_vs_w3,24,5,0.42857142857142855,0.8053924956646441
188,4dV3slGSc60$_$8,missing,T,w3_vs_w5,24,5,1.0,0.9660869565217389
188,4dV3slGSc60$_$8,missing,T,w1_vs_w5,24,5,0.42857142857142855,0.7401609220416978
189,50103$_$3,missing,A,w1_vs_w3,45,9,0.5,0.7593962592854793
189,50103$_$3,missing,A,w3_vs_w5,45,9,0.6363636363636364,0.896619893137978
189,50103$_$3,missing,A,w1_vs_w5,45,9,0.6363636363636364,0.6382691632935519
190,5B0PQx3Ep3k$_$5,missing,T,w1_vs_w3,28,6,0.7142857142857143,0.5428415204765357
190,5B0PQx3Ep3k$_$5,missing,T,w3_vs_w5,28,6,0.5,0.8133552271483305
190,5B0PQx3Ep3k$_$5,missing,T,w1_vs_w5,28,6,0.3333333333333333,0.3126197762905717
191,5O1W39o56gg$_$1,missing,V,w1_vs_w3,14,3,0.5,0.38461538461538464
191,5O1W39o56gg$_$1,missing,V,w3_vs_w5,14,3,1.0,0.8813186813186813
191,5O1W39o56gg$_$1,missing,V,w1_vs_w5,14,3,0.5,0.4241758241758242
192,5O1W39o56gg$_$2,missing,T,w1_vs_w3,16,4,0.6,0.6235294117647059
192,5O1W39o56gg$_$2,missing,T,w3_vs_w5,16,4,0.14285714285714285,0.5617647058823529
192,5O1W39o56gg$_$2,missing,T,w1_vs_w5,16,4,0.14285714285714285,0.15294117647058825
193,5O1W39o56gg$_$9,missing,T,w1_vs_w3,15,3,0.2,0.37499999999999994
193,5O1W39o56gg$_$9,missing,T,w3_vs_w5,15,3,0.5,0.907142857142857
193,5O1W39o56gg$_$9,missing,T,w1_vs_w5,15,3,0.2,0.4107142857142856
194,5i6AgQSjXO4$_$3,missing,T,w1_vs_w3,19,4,0.14285714285714285,-0.1132075580680621
194,5i6AgQSjXO4$_$3,missing,T,w3_vs_w5,19,4,0.0,-0.22641511613612417
194,5i6AgQSjXO4$_$3,missing,T,w1_vs_w5,19,4,0.14285714285714285,0.10350877192982455
195,5i6AgQSjXO4$_$2,missing,T,w1_vs_w3,28,6,0.3333333333333333,0.6272577996715927
195,5i6AgQSjXO4$_$2,missing,T,w3_vs_w5,28,6,0.5,0.9348659003831418
195,5i6AgQSjXO4$_$2,missing,T,w1_vs_w5,28,6,0.3333333333333333,0.6135741652983032
196,5i6AgQSjXO4$_$6,missing,A,w1_vs_w3,9,2,0.3333333333333333,0.5020964452534339
196,5i6AgQSjXO4$_$6,missing,A,w3_vs_w5,9,2,0.3333333333333333,0.7
196,5i6AgQSjXO4$_$6,missing,A,w1_vs_w5,9,2,0.0,0.0
197,5kaCGzjYukM$_$0,missing,T,w1_vs_w3,34,7,0.4,0.4346829640947288
197,5kaCGzjYukM$_$0,missing,T,w3_vs_w5,34,7,0.4,0.5896103896103896
197,5kaCGzjYukM$_$0,missing,T,w1_vs_w5,34,7,0.16666666666666666,0.06829640947288004
198,5kaCGzjYukM$_$3,missing,V,w1_vs_w3,27,6,0.2,0.3253968253968254
198,5kaCGzjYukM$_$3,missing,V,w3_vs_w5,27,6,0.2,0.6959706959706959
198,5kaCGzjYukM$_$3,missing,V,w1_vs_w5,27,6,0.3333333333333333,0.04822954822954823
199,5kaCGzjYukM$_$2,missing,T,w1_vs_w3,36,8,0.23076923076923078,0.37427581007413213
199,5kaCGzjYukM$_$2,missing,T,w3_vs_w5,36,8,0.45454545454545453,0.5135135135135136
199,5kaCGzjYukM$_$2,missing,T,w1_vs_w5,36,8,0.23076923076923078,0.21990474152274433
200,5kaCGzjYukM$_$5,missing,T,w1_vs_w3,32,7,0.4,0.4012102741182964
200,5kaCGzjYukM$_$5,missing,T,w3_vs_w5,32,7,1.0,0.8603372434017593
200,5kaCGzjYukM$_$5,missing,T,w1_vs_w5,32,7,0.4,0.234528309230942
201,5kaCGzjYukM$_$7,missing,T,w1_vs_w3,48,10,0.42857142857142855,0.6717325227963525
201,5kaCGzjYukM$_$7,missing,T,w3_vs_w5,48,10,0.5384615384615384,0.8445505861919236
201,5kaCGzjYukM$_$7,missing,T,w1_vs_w5,48,10,0.17647058823529413,0.40338688666956146
202,6KvG5VbLalY$_$9,missing,T,w1_vs_w3,37,8,0.6,0.700094831673779
202,6KvG5VbLalY$_$9,missing,T,w3_vs_w5,37,8,0.6,0.8978188715030819
202,6KvG5VbLalY$_$9,missing,T,w1_vs_w5,37,8,0.45454545454545453,0.6401137980085349
203,6ZA8I83x-oY$_$0,missing,T,w1_vs_w3,23,5,0.6666666666666666,0.6926877470355731
203,6ZA8I83x-oY$_$0,missing,T,w3_vs_w5,23,5,0.42857142857142855,0.8764822134387351
203,6ZA8I83x-oY$_$0,missing,T,w1_vs_w5,23,5,0.42857142857142855,0.6472332015810277
204,6ZA8I83x-oY$_$2,missing,T,w1_vs_w3,48,10,0.3333333333333333,0.4711501933879938
204,6ZA8I83x-oY$_$2,missing,T,w3_vs_w5,48,10,0.8181818181818182,0.9311767260095527
204,6ZA8I83x-oY$_$2,missing,T,w1_vs_w5,48,10,0.3333333333333333,0.3666612392092049
205,6hFiTU77Sm0$_$1,missing,V,w1_vs_w3,14,3,1.0,0.832967032967033
205,6hFiTU77Sm0$_$1,missing,V,w3_vs_w5,14,3,0.2,0.5780219780219781
205,6hFiTU77Sm0$_$1,missing,V,w1_vs_w5,14,3,0.2,0.1824175824175824
206,6hFiTU77Sm0$_$2,missing,A,w1_vs_w3,16,4,0.6,0.6029411764705882
206,6hFiTU77Sm0$_$2,missing,A,w3_vs_w5,16,4,0.6,0.8558823529411764
206,6hFiTU77Sm0$_$2,missing,A,w1_vs_w5,16,4,0.3333333333333333,0.5411764705882353
207,6uPGcKTpC4I$_$1,missing,T,w1_vs_w3,27,6,0.3333333333333333,0.4511599511599511
207,6uPGcKTpC4I$_$1,missing,T,w3_vs_w5,27,6,0.7142857142857143,0.938949938949939
207,6uPGcKTpC4I$_$1,missing,T,w1_vs_w5,27,6,0.2,0.38461538461538464
208,6uPGcKTpC4I$_$2,missing,T,w1_vs_w3,31,7,0.4,0.7125000000000001
208,6uPGcKTpC4I$_$2,missing,T,w3_vs_w5,31,7,0.5555555555555556,0.8741935483870968
208,6uPGcKTpC4I$_$2,missing,T,w1_vs_w5,31,7,0.4,0.555241935483871
209,6uPGcKTpC4I$_$6,missing,V,w1_vs_w3,16,4,0.3333333333333333,0.15294117647058825
209,6uPGcKTpC4I$_$6,missing,V,w3_vs_w5,16,4,0.6,0.8088235294117646
209,6uPGcKTpC4I$_$6,missing,V,w1_vs_w5,16,4,0.3333333333333333,-0.06470588235294117
210,70280$_$11,missing,T,w1_vs_w3,23,5,0.42857142857142855,0.5248332258073283
210,70280$_$11,missing,T,w3_vs_w5,23,5,0.6666666666666666,0.5247035573122529
210,70280$_$11,missing,T,w1_vs_w5,23,5,0.42857142857142855,0.13442056254198992
211,70280$_$3,missing,T,w1_vs_w3,25,5,0.25,0.49807618314736435
211,70280$_$3,missing,T,w3_vs_w5,25,5,1.0,0.7782265964308277
211,70280$_$3,missing,T,w1_vs_w5,25,5,0.25,0.1954222001912311
212,70280$_$4,missing,T,w1_vs_w3,23,5,0.42857142857142855,0.4941932446396688
212,70280$_$4,missing,T,w3_vs_w5,23,5,0.42857142857142855,0.7934782608695652
212,70280$_$4,missing,T,w1_vs_w5,23,5,0.25,0.43143070257043087
213,70280$_$6,missing,T,w1_vs_w3,26,6,0.3333333333333333,0.6827350427350427
213,70280$_$6,missing,T,w3_vs_w5,26,6,1.0,0.7791452991452991
213,70280$_$6,missing,T,w1_vs_w5,26,6,0.3333333333333333,0.5111111111111111
214,75RGHaxmUK8$_$3,missing,T,w1_vs_w3,19,4,0.3333333333333333,0.30701754385964913
214,75RGHaxmUK8$_$3,missing,T,w3_vs_w5,19,4,0.6,0.8684210526315789
214,75RGHaxmUK8$_$3,missing,T,w1_vs_w5,19,4,0.14285714285714285,0.08771929824561404
215,75RGHaxmUK8$_$5,missing,A,w1_vs_w3,13,3,0.5,0.5714285714285714
215,75RGHaxmUK8$_$5,missing,A,w3_vs_w5,13,3,0.5,0.9615384615384615
215,75RGHaxmUK8$_$5,missing,A,w1_vs_w5,13,3,0.5,0.5549450549450549
216,7_K3F-lAv1k$_$2,missing,T,w1_vs_w3,43,9,0.6363636363636364,0.6578073089700996
216,7_K3F-lAv1k$_$2,missing,T,w3_vs_w5,43,9,0.8,0.8470250679553005
216,7_K3F-lAv1k$_$2,missing,T,w1_vs_w5,43,9,0.5,0.40742977952280285
217,7r4vRxKLFCA$_$6,missing,T,w1_vs_w3,37,8,0.6,0.6552071613667327
217,7r4vRxKLFCA$_$6,missing,T,w3_vs_w5,37,8,0.6,0.9701280227596016
217,7r4vRxKLFCA$_$6,missing,T,w1_vs_w5,37,8,0.3333333333333333,0.6273487059802334
218,80566$_$1,missing,T,w1_vs_w3,13,3,0.5,0.7912087912087913
218,80566$_$1,missing,T,w3_vs_w5,13,3,0.2,0.6373626373626374
218,80566$_$1,missing,T,w1_vs_w5,13,3,0.0,0.3131868131868132
219,80566$_$0,missing,A,w1_vs_w3,12,3,1.0,0.8041958041958043
219,80566$_$0,missing,A,w3_vs_w5,12,3,0.2,0.7972027972027973
219,80566$_$0,missing,A,w1_vs_w5,12,3,0.2,0.49650349650349657
220,80566$_$3,missing,T,w1_vs_w3,17,4,0.3333333333333333,0.3774509803921569
220,80566$_$3,missing,T,w3_vs_w5,17,4,1.0,0.9411764705882353
220,80566$_$3,missing,T,w1_vs_w5,17,4,0.3333333333333333,0.3088235294117647
221,80566$_$2,missing,T,w1_vs_w3,14,3,0.2,0.39780219780219783
221,80566$_$2,missing,T,w3_vs_w5,14,3,0.5,0.7054945054945055
221,80566$_$2,missing,T,w1_vs_w5,14,3,0.2,0.3538461538461538
222,80566$_$4,missing,V,w1_vs_w3,7,2,1.0,0.8928571428571429
222,80566$_$4,missing,V,w3_vs_w5,7,2,0.0,0.630061919161936
222,80566$_$4,missing,V,w1_vs_w5,7,2,0.0,0.3335621924974956
223,80566$_$6,missing,T,w1_vs_w3,17,4,0.3333333333333333,0.7426470588235294
223,80566$_$6,missing,T,w3_vs_w5,17,4,0.6,0.6348039215686275
223,80566$_$6,missing,T,w1_vs_w5,17,4,0.3333333333333333,0.4093137254901961
224,80855$_$11,missing,T,w1_vs_w3,15,3,0.2,0.37857142857142856
224,80855$_$11,missing,T,w3_vs_w5,15,3,0.0,0.7857142857142856
224,80855$_$11,missing,T,w1_vs_w5,15,3,0.2,0.4964285714285714
225,80855$_$10,missing,A,w1_vs_w3,17,4,0.3333333333333333,0.2469294922693917
225,80855$_$10,missing,A,w3_vs_w5,17,4,0.3333333333333333,0.5686274509803922
225,80855$_$10,missing,A,w1_vs_w5,17,4,0.14285714285714285,-0.38943606492237404
226,80855$_$12,missing,T,w1_vs_w3,21,5,0.1111111111111111,0.487012987012987
226,80855$_$12,missing,T,w3_vs_w5,21,5,0.6666666666666666,0.8337662337662338
226,80855$_$12,missing,T,w1_vs_w5,21,5,0.1111111111111111,0.2662337662337662
227,80855$_$15,missing,T,w1_vs_w3,19,4,0.6,0.4245614035087719
227,80855$_$15,missing,T,w3_vs_w5,19,4,1.0,0.8982456140350877
227,80855$_$15,missing,T,w1_vs_w5,19,4,0.6,0.5035087719298245
228,80855$_$17,missing,T,w1_vs_w3,30,6,0.5,0.43759733036707454
228,80855$_$17,missing,T,w3_vs_w5,30,6,0.5,0.8843159065628475
228,80855$_$17,missing,T,w1_vs_w5,30,6,0.2,0.23515016685205786
229,80855$_$0,missing,A,w1_vs_w3,1,1,1.0,0.0
229,80855$_$0,missing,A,w3_vs_w5,1,1,1.0,0.0
229,80855$_$0,missing,A,w1_vs_w5,1,1,1.0,0.0
230,80855$_$3,missing,T,w1_vs_w3,3,1,0.0,0.0
230,80855$_$3,missing,T,w3_vs_w5,3,1,1.0,0.0
230,80855$_$3,missing,T,w1_vs_w5,3,1,0.0,0.0
231,80855$_$2,missing,T,w1_vs_w3,5,1,0.0,-0.3
231,80855$_$2,missing,T,w3_vs_w5,5,1,0.0,0.0
231,80855$_$2,missing,T,w1_vs_w5,5,1,0.0,0.0
232,80855$_$7,missing,T,w1_vs_w3,7,2,0.0,-0.03571428571428572
232,80855$_$7,missing,T,w3_vs_w5,7,2,1.0,0.9265616458263765
232,80855$_$7,missing,T,w1_vs_w5,7,2,0.0,-0.2594372608313854
233,80855$_$20,missing,T,w1_vs_w3,16,4,0.6,0.5852941176470587
233,80855$_$20,missing,T,w3_vs_w5,16,4,0.14285714285714285,0.3911764705882353
233,80855$_$20,missing,T,w1_vs_w5,16,4,0.0,-0.1647058823529412
234,830KzUc6CbU$_$0,missing,T,w1_vs_w3,18,4,0.6,0.6449948400412797
234,830KzUc6CbU$_$0,missing,T,w3_vs_w5,18,4,1.0,0.9236326109391124
234,830KzUc6CbU$_$0,missing,T,w1_vs_w5,18,4,0.6,0.6078431372549019
235,830KzUc6CbU$_$13,missing,T,w1_vs_w3,47,10,0.3333333333333333,0.6495143385753932
235,830KzUc6CbU$_$13,missing,T,w3_vs_w5,47,10,0.5384615384615384,0.7131128584643848
235,830KzUc6CbU$_$13,missing,T,w1_vs_w5,47,10,0.17647058823529413,0.3567298797409805
236,84140$_$0,missing,T,w1_vs_w3,22,5,0.25,0.4680971202710334
236,84140$_$0,missing,T,w3_vs_w5,22,5,1.0,0.7086391869000566
236,84140$_$0,missing,T,w1_vs_w5,22,5,0.25,0.4477696216826652
237,84140$_$5,missing,V,w1_vs_w3,48,10,0.42857142857142855,0.6775015918565166
237,84140$_$5,missing,V,w3_vs_w5,48,10,0.8181818181818182,0.8792963347340325
237,84140$_$5,missing,V,w1_vs_w5,48,10,0.3333333333333333,0.49287798464811583
238,89835$_$1,missing,T,w1_vs_w3,18,4,0.3333333333333333,0.8658410732714137
238,89835$_$1,missing,T,w3_vs_w5,18,4,0.14285714285714285,0.7791537667698658
238,89835$_$1,missing,T,w1_vs_w5,18,4,0.0,0.6862745098039216
239,89835$_$0,missing,T,w1_vs_w3,13,3,0.2,0.10989010989010989
239,89835$_$0,missing,T,w3_vs_w5,13,3,0.0,-0.35714285714285715
239,89835$_$0,missing,T,w1_vs_w5,13,3,0.0,-0.04395604395604395
240,89835$_$4,missing,T,w1_vs_w3,48,10,0.3333333333333333,0.4440584174842538
240,89835$_$4,missing,T,w3_vs_w5,48,10,0.8181818181818182,0.8056882327399045
240,89835$_$4,missing,T,w1_vs_w5,48,10,0.3333333333333333,0.3412409794995134
241,89835$_$7,missing,T,w1_vs_w3,41,9,0.6363636363636364,0.5717025363705742
241,89835$_$7,missing,T,w3_vs_w5,41,9,1.0,0.8710801393728224
241,89835$_$7,missing,T,w1_vs_w5,41,9,0.6363636363636364,0.3864221107114521
242,8eaYvALnJ0o$_$1,missing,T,w1_vs_w3,24,5,0.6666666666666666,0.9104347826086956
242,8eaYvALnJ0o$_$1,missing,T,w3_vs_w5,24,5,0.42857142857142855,0.8130434782608694
242,8eaYvALnJ0o$_$1,missing,T,w1_vs_w5,24,5,0.42857142857142855,0.6930434782608694
243,8eaYvALnJ0o$_$0,missing,T,w1_vs_w3,14,3,1.0,0.8285714285714285
243,8eaYvALnJ0o$_$0,missing,T,w3_vs_w5,14,3,0.5,0.767032967032967
243,8eaYvALnJ0o$_$0,missing,T,w1_vs_w5,14,3,0.5,0.6527472527472528
244,8x_nCOh6Wmc$_$6,missing,T,w1_vs_w3,47,10,0.6666666666666666,0.5945883441258095
244,8x_nCOh6Wmc$_$6,missing,T,w3_vs_w5,47,10,0.6666666666666666,0.8687557816836262
244,8x_nCOh6Wmc$_$6,missing,T,w1_vs_w5,47,10,0.5384615384615384,0.4490055504162812
245,96642$_$1,missing,T,w1_vs_w3,25,5,0.42857142857142855,0.4584615384615385
245,96642$_$1,missing,T,w3_vs_w5,25,5,1.0,0.8976923076923078
245,96642$_$1,missing,T,w1_vs_w5,25,5,0.42857142857142855,0.33999999999999997
246,96642$_$3,missing,T,w1_vs_w3,17,4,0.3333333333333333,0.41666666666666674
246,96642$_$3,missing,T,w3_vs_w5,17,4,0.3333333333333333,0.7647058823529413
246,96642$_$3,missing,T,w1_vs_w5,17,4,0.3333333333333333,0.46813725490196084
247,96642$_$2,missing,A,w1_vs_w3,18,4,0.14285714285714285,0.22715542521212734
247,96642$_$2,missing,A,w3_vs_w5,18,4,1.0,0.8575851393188855
247,96642$_$2,missing,A,w1_vs_w5,18,4,0.14285714285714285,0.0970573180451817
248,96642$_$4,missing,T,w1_vs_w3,35,7,0.2727272727272727,0.5007005941307585
248,96642$_$4,missing,T,w3_vs_w5,35,7,0.75,0.9088871792020455
248,96642$_$4,missing,T,w1_vs_w5,35,7,0.2727272727272727,0.4538003780997109
249,99501$_$10,missing,T,w1_vs_w3,21,5,0.25,0.3337662337662338
249,99501$_$10,missing,T,w3_vs_w5,21,5,0.6666666666666666,0.8948051948051948
249,99501$_$10,missing,T,w1_vs_w5,21,5,0.42857142857142855,0.22207792207792207
250,99501$_$13,missing,T,w1_vs_w3,38,8,0.3333333333333333,0.37581395855210337
250,99501$_$13,missing,T,w3_vs_w5,38,8,0.45454545454545453,0.6500711237553343
250,99501$_$13,missing,T,w1_vs_w5,38,8,0.3333333333333333,0.21800273891548919
251,99501$_$1,missing,T,w1_vs_w3,18,4,0.14285714285714285,0.44272445820433437
251,99501$_$1,missing,T,w3_vs_w5,18,4,0.3333333333333333,0.7523219814241485
251,99501$_$1,missing,T,w1_vs_w5,18,4,0.14285714285714285,0.052631578947368425
252,99501$_$0,missing,A,w1_vs_w3,1,1,1.0,0.0
252,99501$_$0,missing,A,w3_vs_w5,1,1,1.0,0.0
252,99501$_$0,missing,A,w1_vs_w5,1,1,1.0,0.0
253,99501$_$5,missing,T,w1_vs_w3,39,8,0.6,0.42917151732679554
253,99501$_$5,missing,T,w3_vs_w5,39,8,0.3333333333333333,0.47186234817813766
253,99501$_$5,missing,T,w1_vs_w5,39,8,0.3333333333333333,0.15759906898061807
254,99501$_$7,missing,T,w1_vs_w3,18,4,0.0,0.2652218782249742
254,99501$_$7,missing,T,w3_vs_w5,18,4,1.0,0.5665634674922602
254,99501$_$7,missing,T,w1_vs_w5,18,4,0.0,-0.15583075335397317
255,9QI-9w_VdB4$_$0,missing,V,w1_vs_w3,24,5,0.42857142857142855,0.7677251704955979
255,9QI-9w_VdB4$_$0,missing,V,w3_vs_w5,24,5,0.42857142857142855,0.9382608695652173
255,9QI-9w_VdB4$_$0,missing,V,w1_vs_w5,24,5,0.25,0.7285777113768421
256,AG5EY8ZaFj4$_$3,missing,T,w1_vs_w3,17,4,0.14285714285714285,0.4245401968763271
256,AG5EY8ZaFj4$_$3,missing,T,w3_vs_w5,17,4,0.3333333333333333,0.6495098039215687
256,AG5EY8ZaFj4$_$3,missing,T,w1_vs_w5,17,4,0.3333333333333333,0.46380403011344395
257,AG5EY8ZaFj4$_$15,missing,T,w1_vs_w3,26,6,0.3333333333333333,0.42222222222222217
257,AG5EY8ZaFj4$_$15,missing,T,w3_vs_w5,26,6,0.7142857142857143,0.7948717948717947
257,AG5EY8ZaFj4$_$15,missing,T,w1_vs_w5,26,6,0.2,0.2745299145299145
258,Arh2TKRi_mg$_$15,missing,T,w1_vs_w3,23,5,0.25,0.49011857707509887
258,Arh2TKRi_mg$_$15,missing,T,w3_vs_w5,23,5,0.42857142857142855,0.733201581027668
258,Arh2TKRi_mg$_$15,missing,T,w1_vs_w5,23,5,0.25,0.24703557312252966
259,Arh2TKRi_mg$_$14,missing,T,w1_vs_w3,22,5,0.42857142857142855,0.8012422360248449
259,Arh2TKRi_mg$_$14,missing,T,w3_vs_w5,22,5,0.6666666666666666,0.9062676453980804
259,Arh2TKRi_mg$_$14,missing,T,w1_vs_w5,22,5,0.25,0.5821569734613213
260,Arh2TKRi_mg$_$16,missing,A,w1_vs_w3,32,7,0.4,0.4255982843823428
260,Arh2TKRi_mg$_$16,missing,A,w3_vs_w5,32,7,0.75,0.8431085043988268
260,Arh2TKRi_mg$_$16,missing,A,w1_vs_w5,32,7,0.4,0.2460805246191745
261,Arh2TKRi_mg$_$19,missing,T,w1_vs_w3,21,5,0.42857142857142855,0.5844155844155844
261,Arh2TKRi_mg$_$19,missing,T,w3_vs_w5,21,5,0.42857142857142855,0.8311688311688311
261,Arh2TKRi_mg$_$19,missing,T,w1_vs_w5,21,5,0.42857142857142855,0.5545454545454546
262,Arh2TKRi_mg$_$32,missing,T,w1_vs_w3,28,6,0.2,0.4778325123152709
262,Arh2TKRi_mg$_$32,missing,T,w3_vs_w5,28,6,1.0,0.6431308155446086
262,Arh2TKRi_mg$_$32,missing,T,w1_vs_w5,28,6,0.2,0.42255062944718114
263,Arh2TKRi_mg$_$28,missing,T,w1_vs_w3,16,4,0.14285714285714285,0.3764705882352941
263,Arh2TKRi_mg$_$28,missing,T,w3_vs_w5,16,4,0.6,0.8029411764705883
263,Arh2TKRi_mg$_$28,missing,T,w1_vs_w5,16,4,0.14285714285714285,0.4441176470588235
264,Arh2TKRi_mg$_$3,missing,T,w1_vs_w3,32,7,0.4,0.6435707111622977
264,Arh2TKRi_mg$_$3,missing,T,w3_vs_w5,32,7,1.0,0.8588709677419353
264,Arh2TKRi_mg$_$3,missing,T,w1_vs_w5,32,7,0.4,0.5009623336959724
265,AxNy9TeTLq8$_$0,missing,T,w1_vs_w3,38,8,0.14285714285714285,0.2954533024064482
265,AxNy9TeTLq8$_$0,missing,T,w3_vs_w5,38,8,0.45454545454545453,0.7299485720538352
265,AxNy9TeTLq8$_$0,missing,T,w1_vs_w5,38,8,0.06666666666666667,0.1460852439676327
266,BSKAHXFYF_I$_$1,missing,V,w1_vs_w3,13,3,0.2,0.5549450549450549
266,BSKAHXFYF_I$_$1,missing,V,w3_vs_w5,13,3,0.5,0.8736263736263737
266,BSKAHXFYF_I$_$1,missing,V,w1_vs_w5,13,3,0.2,0.48901098901098894
267,BSKAHXFYF_I$_$3,missing,T,w1_vs_w3,32,7,0.2727272727272727,0.5610851457897446
267,BSKAHXFYF_I$_$3,missing,T,w3_vs_w5,32,7,0.75,0.8907624633431085
267,BSKAHXFYF_I$_$3,missing,T,w1_vs_w5,32,7,0.2727272727272727,0.5753826437876538
268,BSKAHXFYF_I$_$7,missing,A,w1_vs_w3,14,3,0.5,0.5604395604395604
268,BSKAHXFYF_I$_$7,missing,A,w3_vs_w5,14,3,1.0,0.6043956043956044
268,BSKAHXFYF_I$_$7,missing,A,w1_vs_w5,14,3,0.5,0.24395604395604395
269,BSKAHXFYF_I$_$8,missing,T,w1_vs_w3,16,4,0.6,0.4735294117647058
269,BSKAHXFYF_I$_$8,missing,T,w3_vs_w5,16,4,1.0,0.9147058823529413
269,BSKAHXFYF_I$_$8,missing,T,w1_vs_w5,16,4,0.6,0.5823529411764706
270,Baz0VVQ-E9E$_$10,missing,T,w1_vs_w3,9,2,0.3333333333333333,0.48333333333333334
270,Baz0VVQ-E9E$_$10,missing,T,w3_vs_w5,9,2,0.0,0.8333333333333333
270,Baz0VVQ-E9E$_$10,missing,T,w1_vs_w5,9,2,0.0,0.3666666666666667
271,Baz0VVQ-E9E$_$1,missing,A,w1_vs_w3,12,3,0.5,0.4895104895104896
271,Baz0VVQ-E9E$_$1,missing,A,w3_vs_w5,12,3,0.0,-0.46153846153846156
271,Baz0VVQ-E9E$_$1,missing,A,w1_vs_w5,12,3,0.0,-0.8601398601398602
272,Baz0VVQ-E9E$_$5,missing,T,w1_vs_w3,7,2,1.0,0.8214285714285715
272,Baz0VVQ-E9E$_$5,missing,T,w3_vs_w5,7,2,0.0,0.630061919161936
272,Baz0VVQ-E9E$_$5,missing,T,w1_vs_w5,7,2,0.0,0.14824986333222023
273,Baz0VVQ-E9E$_$7,missing,T,w1_vs_w3,18,4,0.6,0.5995872033023736
273,Baz0VVQ-E9E$_$7,missing,T,w3_vs_w5,18,4,0.6,0.6676986584107326
273,Baz0VVQ-E9E$_$7,missing,T,w1_vs_w5,18,4,0.3333333333333333,0.2672858617131063
274,CJGuudyvA0Y$_$4,missing,T,w1_vs_w3,39,8,1.0,0.6753378216048066
274,CJGuudyvA0Y$_$4,missing,T,w3_vs_w5,39,8,0.6,0.9190283400809717
274,CJGuudyvA0Y$_$4,missing,T,w1_vs_w5,39,8,0.6,0.5295814572296684
275,CPjbogfLHR4$_$2,missing,T,w1_vs_w3,16,4,0.3333333333333333,0.4588235294117647
275,CPjbogfLHR4$_$2,missing,T,w3_vs_w5,16,4,0.14285714285714285,0.6852941176470588
275,CPjbogfLHR4$_$2,missing,T,w1_vs_w5,16,4,0.3333333333333333,0.1264705882352941
276,CPjbogfLHR4$_$5,missing,T,w1_vs_w3,29,6,0.5,0.7387609367527783
276,CPjbogfLHR4$_$5,missing,T,w3_vs_w5,29,6,0.7142857142857143,0.957142857142857
276,CPjbogfLHR4$_$5,missing,T,w1_vs_w5,29,6,0.3333333333333333,0.6303732034512705
277,DdUJojoFU_c$_$11,missing,T,w1_vs_w3,24,5,0.25,0.7191304347826086
277,DdUJojoFU_c$_$11,missing,T,w3_vs_w5,24,5,1.0,0.9286956521739129
277,DdUJojoFU_c$_$11,missing,T,w1_vs_w5,24,5,0.25,0.6356521739130434
278,DdUJojoFU_c$_$15,missing,A,w1_vs_w3,16,4,0.3333333333333333,0.7970588235294117
278,DdUJojoFU_c$_$15,missing,A,w3_vs_w5,16,4,0.6,0.9411764705882352
278,DdUJojoFU_c$_$15,missing,A,w1_vs_w5,16,4,0.6,0.7617647058823529
279,DdUJojoFU_c$_$14,missing,V,w1_vs_w3,23,5,0.42857142857142855,0.6442687747035574
279,DdUJojoFU_c$_$14,missing,V,w3_vs_w5,23,5,0.42857142857142855,0.8191699604743082
279,DdUJojoFU_c$_$14,missing,V,w1_vs_w5,23,5,0.25,0.4397233201581028
280,DdUJojoFU_c$_$17,missing,V,w1_vs_w3,20,4,0.6,0.6859722184996779
280,DdUJojoFU_c$_$17,missing,V,w3_vs_w5,20,4,0.6,0.7218045112781954
280,DdUJojoFU_c$_$17,missing,V,w1_vs_w5,20,4,0.6,0.3873636979466383
281,DdUJojoFU_c$_$16,missing,V,w1_vs_w3,39,8,0.45454545454545453,0.8629277358490683
281,DdUJojoFU_c$_$16,missing,V,w3_vs_w5,39,8,0.45454545454545453,0.8585020242914979
281,DdUJojoFU_c$_$16,missing,V,w1_vs_w5,39,8,0.23076923076923078,0.6436525744402131
282,DdUJojoFU_c$_$2,missing,T,w1_vs_w3,44,9,0.5,0.5041229133670144
282,DdUJojoFU_c$_$2,missing,T,w3_vs_w5,44,9,0.6363636363636364,0.8102889358703312
282,DdUJojoFU_c$_$2,missing,T,w1_vs_w5,44,9,0.2857142857142857,0.3947424070695719
283,DdUJojoFU_c$_$6,missing,T,w1_vs_w3,32,7,0.4,0.406891495601173
283,DdUJojoFU_c$_$6,missing,T,w3_vs_w5,32,7,0.75,0.7078445747800586
283,DdUJojoFU_c$_$6,missing,T,w1_vs_w5,32,7,0.2727272727272727,0.0975073313782991
284,DdUJojoFU_c$_$8,missing,V,w1_vs_w3,28,6,0.3333333333333333,0.5730706075533661
284,DdUJojoFU_c$_$8,missing,V,w3_vs_w5,28,6,0.7142857142857143,0.7657361795292829
284,DdUJojoFU_c$_$8,missing,V,w1_vs_w5,28,6,0.2,0.15763546798029557
285,DlbYiwOnTyk$_$1,missing,T,w1_vs_w3,20,4,0.3333333333333333,0.58796992481203
285,DlbYiwOnTyk$_$1,missing,T,w3_vs_w5,20,4,0.0,0.5894736842105263
285,DlbYiwOnTyk$_$1,missing,T,w1_vs_w5,20,4,0.0,0.04962406015037594
286,E8MuzHUhUHk$_$15,missing,T,w1_vs_w3,16,4,0.6,0.6529411764705881
286,E8MuzHUhUHk$_$15,missing,T,w3_vs_w5,16,4,0.6,0.9088235294117648
286,E8MuzHUhUHk$_$15,missing,T,w1_vs_w5,16,4,0.3333333333333333,0.38823529411764707
287,E8MuzHUhUHk$_$14,missing,T,w1_vs_w3,18,4,0.6,0.44685242518059853
287,E8MuzHUhUHk$_$14,missing,T,w3_vs_w5,18,4,0.3333333333333333,0.3766769865841073
287,E8MuzHUhUHk$_$14,missing,T,w1_vs_w5,18,4,0.3333333333333333,0.01547987616099071
288,E8MuzHUhUHk$_$16,missing,T,w1_vs_w3,30,6,0.5,0.5781979977753059
288,E8MuzHUhUHk$_$16,missing,T,w3_vs_w5,30,6,1.0,0.96440489432703
288,E8MuzHUhUHk$_$16,missing,T,w1_vs_w5,30,6,0.5,0.5612903225806452
289,E8MuzHUhUHk$_$2,missing,T,w1_vs_w3,26,6,0.5,0.7723076923076921
289,E8MuzHUhUHk$_$2,missing,T,w3_vs_w5,26,6,0.7142857142857143,0.9309401709401708
289,E8MuzHUhUHk$_$2,missing,T,w1_vs_w5,26,6,0.3333333333333333,0.6560683760683761
290,E8MuzHUhUHk$_$9,missing,T,w1_vs_w3,25,5,0.42857142857142855,0.6923076923076923
290,E8MuzHUhUHk$_$9,missing,T,w3_vs_w5,25,5,1.0,0.8723076923076923
290,E8MuzHUhUHk$_$9,missing,T,w1_vs_w5,25,5,0.42857142857142855,0.6792307692307692
291,EEjCkc82oyk$_$7,missing,T,w1_vs_w3,22,5,0.25,0.37436476566911353
291,EEjCkc82oyk$_$7,missing,T,w3_vs_w5,22,5,1.0,0.7888198757763977
291,EEjCkc82oyk$_$7,missing,T,w1_vs_w5,22,5,0.25,0.2603049124788256
292,EEjCkc82oyk$_$9,missing,T,w1_vs_w3,21,5,0.6666666666666666,0.5584415584415584
292,EEjCkc82oyk$_$9,missing,T,w3_vs_w5,21,5,0.6666666666666666,0.9675324675324675
292,EEjCkc82oyk$_$9,missing,T,w1_vs_w5,21,5,0.6666666666666666,0.5441558441558442
293,EQxkXiWAm08$_$8,missing,V,w1_vs_w3,13,3,0.0,-0.04395604395604395
293,EQxkXiWAm08$_$8,missing,V,w3_vs_w5,13,3,1.0,0.8241758241758241
293,EQxkXiWAm08$_$8,missing,V,w1_vs_w5,13,3,0.0,-0.23626373626373626
294,ET1cU5_A2YM$_$1,missing,T,w1_vs_w3,24,5,0.25,0.5227223432985434
294,ET1cU5_A2YM$_$1,missing,T,w3_vs_w5,24,5,1.0,0.7947826086956521
294,ET1cU5_A2YM$_$1,missing,T,w1_vs_w5,24,5,0.25,0.43444228032882265
295,ET1cU5_A2YM$_$3,missing,T,w1_vs_w3,13,3,0.5,0.46703296703296704
295,ET1cU5_A2YM$_$3,missing,T,w3_vs_w5,13,3,0.2,0.016483516483516484
295,ET1cU5_A2YM$_$3,missing,T,w1_vs_w5,13,3,0.0,-0.3131868131868132
296,ET1cU5_A2YM$_$6,missing,T,w1_vs_w3,20,4,0.3333333333333333,0.437593984962406
296,ET1cU5_A2YM$_$6,missing,T,w3_vs_w5,20,4,1.0,0.8691729323308269
296,ET1cU5_A2YM$_$6,missing,T,w1_vs_w5,20,4,0.3333333333333333,0.22255639097744356
297,EmmuWoCUgXs$_$22,missing,T,w1_vs_w3,15,3,0.2,0.47142857142857136
297,EmmuWoCUgXs$_$22,missing,T,w3_vs_w5,15,3,1.0,0.5678571428571427
297,EmmuWoCUgXs$_$22,missing,T,w1_vs_w5,15,3,0.2,0.1714285714285714
298,EmmuWoCUgXs$_$7,missing,T,w1_vs_w3,34,7,0.5555555555555556,0.5934586858325888
298,EmmuWoCUgXs$_$7,missing,T,w3_vs_w5,34,7,0.75,0.8915202444614209
298,EmmuWoCUgXs$_$7,missing,T,w1_vs_w5,34,7,0.4,0.42136636539800343
299,Es9MkKsMsjU$_$10,missing,T,w1_vs_w3,19,4,0.3333333333333333,0.5526315789473685
299,Es9MkKsMsjU$_$10,missing,T,w3_vs_w5,19,4,1.0,0.5543859649122806
299,Es9MkKsMsjU$_$10,missing,T,w1_vs_w5,19,4,0.3333333333333333,0.2210526315789474
300,Es9MkKsMsjU$_$12,missing,T,w1_vs_w3,36,8,0.6,0.6272844272844273
300,Es9MkKsMsjU$_$12,missing,T,w3_vs_w5,36,8,0.45454545454545453,0.6687258687258688
300,Es9MkKsMsjU$_$12,missing,T,w1_vs_w5,36,8,0.3333333333333333,0.2023166023166023
301,Es9MkKsMsjU$_$2,missing,T,w1_vs_w3,43,9,0.38461538461538464,0.5623560542023224
301,Es9MkKsMsjU$_$2,missing,T,w3_vs_w5,43,9,0.5,0.869676834793114
301,Es9MkKsMsjU$_$2,missing,T,w1_vs_w5,43,9,0.2857142857142857,0.43020577961469464
302,Es9MkKsMsjU$_$7,missing,T,w1_vs_w3,36,8,0.6,0.4059463294331796
302,Es9MkKsMsjU$_$7,missing,T,w3_vs_w5,36,8,0.6,0.7997425997425998
302,Es9MkKsMsjU$_$7,missing,T,w1_vs_w5,36,8,0.3333333333333333,0.3013063909965356
303,Ezn3p5FWF_U$_$4,missing,T,w1_vs_w3,45,9,0.2857142857142857,0.5384716732542819
303,Ezn3p5FWF_U$_$4,missing,T,w3_vs_w5,45,9,0.6363636363636364,0.9272727272727271
303,Ezn3p5FWF_U$_$4,missing,T,w1_vs_w5,45,9,0.2857142857142857,0.442292490118577
304,F1U26PLiXjM$_$1,missing,T,w1_vs_w3,21,5,0.42857142857142855,0.7311688311688312
304,F1U26PLiXjM$_$1,missing,T,w3_vs_w5,21,5,0.6666666666666666,0.8
304,F1U26PLiXjM$_$1,missing,T,w1_vs_w5,21,5,0.25,0.7155844155844155
305,F6JV-K840EY$_$2,missing,T,w1_vs_w3,20,4,0.3333333333333333,0.2781954887218045
305,F6JV-K840EY$_$2,missing,T,w3_vs_w5,20,4,0.6,0.9699248120300751
305,F6JV-K840EY$_$2,missing,T,w1_vs_w5,20,4,0.3333333333333333,0.24962406015037594
306,FB_b1dm0SRY$_$10,missing,T,w1_vs_w3,26,6,0.3333333333333333,0.7415384615384616
306,FB_b1dm0SRY$_$10,missing,T,w3_vs_w5,26,6,0.5,0.6827350427350427
306,FB_b1dm0SRY$_$10,missing,T,w1_vs_w5,26,6,0.3333333333333333,0.5145299145299145
307,FB_b1dm0SRY$_$0,missing,T,w1_vs_w3,26,6,0.3333333333333333,0.3709401709401709
307,FB_b1dm0SRY$_$0,missing,T,w3_vs_w5,26,6,1.0,0.8974358974358974
307,FB_b1dm0SRY$_$0,missing,T,w1_vs_w5,26,6,0.3333333333333333,0.32239316239316235
308,FB_b1dm0SRY$_$6,missing,T,w1_vs_w3,13,3,0.2,0.2857142857142857
308,FB_b1dm0SRY$_$6,missing,T,w3_vs_w5,13,3,0.5,0.576923076923077
308,FB_b1dm0SRY$_$6,missing,T,w1_vs_w5,13,3,0.2,-0.22527472527472525
309,FB_b1dm0SRY$_$9,missing,A,w1_vs_w3,28,6,0.5,0.7126436781609196
309,FB_b1dm0SRY$_$9,missing,A,w3_vs_w5,28,6,1.0,0.7339901477832512
309,FB_b1dm0SRY$_$9,missing,A,w1_vs_w5,28,6,0.5,0.4652435686918446
310,FB_b1dm0SRY$_$8,missing,T,w1_vs_w3,20,4,0.3333333333333333,0.32631578947368417
310,FB_b1dm0SRY$_$8,missing,T,w3_vs_w5,20,4,1.0,0.8406015037593983
310,FB_b1dm0SRY$_$8,missing,T,w1_vs_w5,20,4,0.3333333333333333,0.10225563909774435
311,FxxJB8hBpyQ$_$1,missing,T,w1_vs_w3,21,5,0.42857142857142855,0.24545454545454545
311,FxxJB8hBpyQ$_$1,missing,T,w3_vs_w5,21,5,0.42857142857142855,0.9025974025974025
311,FxxJB8hBpyQ$_$1,missing,T,w1_vs_w5,21,5,0.25,0.10909090909090909
312,Fy0Uid9afM8$_$0,missing,A,w1_vs_w3,18,4,0.3333333333333333,0.3498452012383901
312,Fy0Uid9afM8$_$0,missing,A,w3_vs_w5,18,4,1.0,0.8761609907120743
312,Fy0Uid9afM8$_$0,missing,A,w1_vs_w5,18,4,0.3333333333333333,0.2549019607843137
313,Fy0Uid9afM8$_$3,missing,T,w1_vs_w3,19,4,0.14285714285714285,0.4929824561403509
313,Fy0Uid9afM8$_$3,missing,T,w3_vs_w5,19,4,0.3333333333333333,0.7578947368421053
313,Fy0Uid9afM8$_$3,missing,T,w1_vs_w5,19,4,0.14285714285714285,0.1754385964912281
314,Fy0Uid9afM8$_$5,missing,V,w1_vs_w3,21,5,1.0,0.6597402597402597
314,Fy0Uid9afM8$_$5,missing,V,w3_vs_w5,21,5,0.42857142857142855,0.8896103896103895
314,Fy0Uid9afM8$_$5,missing,V,w1_vs_w5,21,5,0.42857142857142855,0.464935064935065
315,Fy0Uid9afM8$_$4,missing,T,w1_vs_w3,9,2,0.0,0.5166666666666667
315,Fy0Uid9afM8$_$4,missing,T,w3_vs_w5,9,2,0.3333333333333333,0.8833333333333333
315,Fy0Uid9afM8$_$4,missing,T,w1_vs_w5,9,2,0.3333333333333333,0.4666666666666666
316,H1DpVwktfDQ$_$0,missing,T,w1_vs_w3,13,3,0.5,0.5164835164835164
316,H1DpVwktfDQ$_$0,missing,T,w3_vs_w5,13,3,0.5,0.7692307692307693
316,H1DpVwktfDQ$_$0,missing,T,w1_vs_w5,13,3,0.2,0.24725274725274726
317,HGicRLwgtkM$_$1,missing,A,w1_vs_w3,35,7,0.5555555555555556,0.7753501400560224
317,HGicRLwgtkM$_$1,missing,A,w3_vs_w5,35,7,0.75,0.9442577030812326
317,HGicRLwgtkM$_$1,missing,A,w1_vs_w5,35,7,0.4,0.6509803921568628
318,HGicRLwgtkM$_$3,missing,A,w1_vs_w3,26,6,0.3333333333333333,0.28351573187414497
318,HGicRLwgtkM$_$3,missing,A,w3_vs_w5,26,6,0.5,0.6537869816872599
318,HGicRLwgtkM$_$3,missing,A,w1_vs_w5,26,6,0.3333333333333333,0.06872969838867116
319,HGicRLwgtkM$_$2,missing,V,w1_vs_w3,23,5,0.6666666666666666,0.6918705424955365
319,HGicRLwgtkM$_$2,missing,V,w3_vs_w5,23,5,0.42857142857142855,0.8102766798418973
319,HGicRLwgtkM$_$2,missing,V,w1_vs_w5,23,5,0.25,0.42352361065619615
320,HGicRLwgtkM$_$6,missing,T,w1_vs_w3,21,5,0.6666666666666666,0.46913590150476836
320,HGicRLwgtkM$_$6,missing,T,w3_vs_w5,21,5,0.25,0.37792207792207794
320,HGicRLwgtkM$_$6,missing,T,w1_vs_w5,21,5,0.25,0.4860299921406741
321,HmXXW45eZL4$_$1,missing,T,w1_vs_w3,46,10,0.42857142857142855,0.575331483194573
321,HmXXW45eZL4$_$1,missing,T,w3_vs_w5,46,10,0.6666666666666666,0.7866173296330558
321,HmXXW45eZL4$_$1,missing,T,w1_vs_w5,46,10,0.25,0.3946345975948196
322,HmXXW45eZL4$_$4,missing,T,w1_vs_w3,18,4,0.3333333333333333,0.38493292053663575
322,HmXXW45eZL4$_$4,missing,T,w3_vs_w5,18,4,0.3333333333333333,0.8844169246646028
322,HmXXW45eZL4$_$4,missing,T,w1_vs_w5,18,4,0.6,0.29411764705882354
323,IM6HW1HwHhM$_$11,missing,T,w1_vs_w3,25,5,0.25,0.7015384615384616
323,IM6HW1HwHhM$_$11,missing,T,w3_vs_w5,25,5,0.6666666666666666,0.9376923076923077
323,IM6HW1HwHhM$_$11,missing,T,w1_vs_w5,25,5,0.42857142857142855,0.5692307692307692
324,IM6HW1HwHhM$_$15,missing,T,w1_vs_w3,19,4,0.3333333333333333,0.46315789473684205
324,IM6HW1HwHhM$_$15,missing,T,w3_vs_w5,19,4,1.0,0.8105263157894737
324,IM6HW1HwHhM$_$15,missing,T,w1_vs_w5,19,4,0.3333333333333333,0.13684210526315788
325,IM6HW1HwHhM$_$17,missing,T,w1_vs_w3,25,5,0.6666666666666666,0.6246153846153846
325,IM6HW1HwHhM$_$17,missing,T,w3_vs_w5,25,5,1.0,0.9138461538461539
325,IM6HW1HwHhM$_$17,missing,T,w1_vs_w5,25,5,0.6666666666666666,0.6607692307692308
326,IUmxJNs2zaY$_$3,missing,T,w1_vs_w3,32,7,0.75,0.6622674393134097
326,IUmxJNs2zaY$_$3,missing,T,w3_vs_w5,32,7,0.5555555555555556,0.7807917888563048
326,IUmxJNs2zaY$_$3,missing,T,w1_vs_w5,32,7,0.5555555555555556,0.40436257158189365
327,IUmxJNs2zaY$_$2,missing,T,w1_vs_w3,19,4,0.3333333333333333,0.487719298245614
327,IUmxJNs2zaY$_$2,missing,T,w3_vs_w5,19,4,0.14285714285714285,0.5914875514563864
327,IUmxJNs2zaY$_$2,missing,T,w1_vs_w5,19,4,0.14285714285714285,0.2597630789778789
328,JAnRCQ9A0vI$_$1,missing,T,w1_vs_w3,48,10,0.3333333333333333,0.5123541075386835
328,JAnRCQ9A0vI$_$1,missing,T,w3_vs_w5,48,10,0.17647058823529413,0.29864842859469143
328,JAnRCQ9A0vI$_$1,missing,T,w1_vs_w5,48,10,0.17647058823529413,0.22818356755458905
329,JAnRCQ9A0vI$_$0,missing,A,w1_vs_w3,10,2,0.3333333333333333,0.8181818181818182
329,JAnRCQ9A0vI$_$0,missing,A,w3_vs_w5,10,2,0.3333333333333333,0.9515151515151514
329,JAnRCQ9A0vI$_$0,missing,A,w1_vs_w5,10,2,0.3333333333333333,0.7333333333333332
330,JAnRCQ9A0vI$_$3,missing,T,w1_vs_w3,45,9,0.5,0.4675033787693391
330,JAnRCQ9A0vI$_$3,missing,T,w3_vs_w5,45,9,1.0,0.710540184453228
330,JAnRCQ9A0vI$_$3,missing,T,w1_vs_w5,45,9,0.5,0.3730276395986468
331,JAnRCQ9A0vI$_$2,missing,T,w1_vs_w3,48,10,0.42857142857142855,0.6197274931540636
331,JAnRCQ9A0vI$_$2,missing,T,w3_vs_w5,48,10,0.6666666666666666,0.8894919669995657
331,JAnRCQ9A0vI$_$2,missing,T,w1_vs_w5,48,10,0.3333333333333333,0.5681559165513691
332,JAnRCQ9A0vI$_$5,missing,T,w1_vs_w3,25,5,0.42857142857142855,0.6292307692307691
332,JAnRCQ9A0vI$_$5,missing,T,w3_vs_w5,25,5,0.6666666666666666,0.8615384615384615
332,JAnRCQ9A0vI$_$5,missing,T,w1_vs_w5,25,5,0.42857142857142855,0.5353846153846153
333,JAnRCQ9A0vI$_$4,missing,V,w1_vs_w3,14,3,1.0,0.7612765882773649
333,JAnRCQ9A0vI$_$4,missing,V,w3_vs_w5,14,3,0.0,0.178021978021978
333,JAnRCQ9A0vI$_$4,missing,V,w1_vs_w5,14,3,0.0,-0.05060509112826414
334,JAnRCQ9A0vI$_$8,missing,T,w1_vs_w3,48,10,0.3333333333333333,0.24143078142796223
334,JAnRCQ9A0vI$_$8,missing,T,w3_vs_w5,48,10,0.6666666666666666,0.9236864958749457
334,JAnRCQ9A0vI$_$8,missing,T,w1_vs_w5,48,10,0.25,0.15377099905247688
335,JOK1SSmPtFw$_$10,missing,T,w1_vs_w3,17,4,0.3333333333333333,0.6813725490196079
335,JOK1SSmPtFw$_$10,missing,T,w3_vs_w5,17,4,0.6,0.34803921568627455
335,JOK1SSmPtFw$_$10,missing,T,w1_vs_w5,17,4,0.14285714285714285,0.16176470588235298
336,JOK1SSmPtFw$_$13,missing,T,w1_vs_w3,18,4,0.3333333333333333,0.6429308565531475
336,JOK1SSmPtFw$_$13,missing,T,w3_vs_w5,18,4,0.6,0.8142414860681115
336,JOK1SSmPtFw$_$13,missing,T,w1_vs_w5,18,4,0.14285714285714285,0.38493292053663575
337,JOK1SSmPtFw$_$14,missing,T,w1_vs_w3,15,3,0.2,0.37499999999999994
337,JOK1SSmPtFw$_$14,missing,T,w3_vs_w5,15,3,0.2,0.457142857142857
337,JOK1SSmPtFw$_$14,missing,T,w1_vs_w5,15,3,0.5,0.2571428571428571
338,JOK1SSmPtFw$_$16,missing,T,w1_vs_w3,15,3,0.2,0.5892857142857142
338,JOK1SSmPtFw$_$16,missing,T,w3_vs_w5,15,3,0.5,0.8178571428571428
338,JOK1SSmPtFw$_$16,missing,T,w1_vs_w5,15,3,0.2,0.5499999999999999
339,JOK1SSmPtFw$_$0,missing,T,w1_vs_w3,48,10,0.5384615384615384,0.638623534520191
339,JOK1SSmPtFw$_$0,missing,T,w3_vs_w5,48,10,0.6666666666666666,0.9198871037776813
339,JOK1SSmPtFw$_$0,missing,T,w1_vs_w5,48,10,0.42857142857142855,0.545158488927486
340,JOK1SSmPtFw$_$5,missing,T,w1_vs_w3,26,6,0.3333333333333333,0.578119658119658
340,JOK1SSmPtFw$_$5,missing,T,w3_vs_w5,26,6,0.3333333333333333,0.6704273504273504
340,JOK1SSmPtFw$_$5,missing,T,w1_vs_w5,26,6,0.2,0.37777777777777777
341,JOK1SSmPtFw$_$4,missing,T,w1_vs_w3,12,3,0.0,-0.027972027972027972
341,JOK1SSmPtFw$_$4,missing,T,w3_vs_w5,12,3,0.5,0.6293706293706295
341,JOK1SSmPtFw$_$4,missing,T,w1_vs_w5,12,3,0.0,-0.04195804195804196
342,JOK1SSmPtFw$_$8,missing,T,w1_vs_w3,14,3,0.2,0.3142857142857143
342,JOK1SSmPtFw$_$8,missing,T,w3_vs_w5,14,3,0.0,-0.367032967032967
342,JOK1SSmPtFw$_$8,missing,T,w1_vs_w5,14,3,0.2,0.01098901098901099
343,JPT38CA3sGI$_$1,missing,V,w1_vs_w3,18,4,0.3333333333333333,0.12280701754385966
343,JPT38CA3sGI$_$1,missing,V,w3_vs_w5,18,4,0.6,0.8163054695562436
343,JPT38CA3sGI$_$1,missing,V,w1_vs_w5,18,4,0.14285714285714285,0.1001031991744066
344,JPT38CA3sGI$_$0,missing,V,w1_vs_w3,16,4,0.3333333333333333,0.611764705882353
344,JPT38CA3sGI$_$0,missing,V,w3_vs_w5,16,4,0.6,0.9382352941176471
344,JPT38CA3sGI$_$0,missing,V,w1_vs_w5,16,4,0.3333333333333333,0.4088235294117647
345,JPT38CA3sGI$_$5,missing,T,w1_vs_w3,16,4,0.6,0.4970588235294117
345,JPT38CA3sGI$_$5,missing,T,w3_vs_w5,16,4,0.6,0.7176470588235294
345,JPT38CA3sGI$_$5,missing,T,w1_vs_w5,16,4,0.3333333333333333,0.1647058823529412
346,JVpF99zuQhA$_$0,missing,T,w1_vs_w3,22,5,0.25,0.4771315640880858
346,JVpF99zuQhA$_$0,missing,T,w3_vs_w5,22,5,0.42857142857142855,0.7108977978543197
346,JVpF99zuQhA$_$0,missing,T,w1_vs_w5,22,5,0.42857142857142855,0.3969508752117449
347,JVpF99zuQhA$_$2,missing,T,w1_vs_w3,27,6,0.2,0.11021218263041664
347,JVpF99zuQhA$_$2,missing,T,w3_vs_w5,27,6,0.7142857142857143,0.8095238095238095
347,JVpF99zuQhA$_$2,missing,T,w1_vs_w5,27,6,0.09090909090909091,0.0726606633408287
348,JVpF99zuQhA$_$4,missing,T,w1_vs_w3,15,3,0.2,0.05714285714285713
348,JVpF99zuQhA$_$4,missing,T,w3_vs_w5,15,3,1.0,0.9571428571428571
348,JVpF99zuQhA$_$4,missing,T,w1_vs_w5,15,3,0.2,0.0857142857142857
349,K0m1tO3Ybyc$_$15,missing,V,w1_vs_w3,14,3,0.5,0.7230769230769231
349,K0m1tO3Ybyc$_$15,missing,V,w3_vs_w5,14,3,0.5,0.5560439560439561
349,K0m1tO3Ybyc$_$15,missing,V,w1_vs_w5,14,3,0.5,0.3758241758241759
350,K0m1tO3Ybyc$_$8,missing,V,w1_vs_w3,32,7,0.2727272727272727,0.203228227844327
350,K0m1tO3Ybyc$_$8,missing,V,w3_vs_w5,32,7,0.4,0.5846774193548387
350,K0m1tO3Ybyc$_$8,missing,V,w1_vs_w5,32,7,0.07692307692307693,-0.024394724100447195
351,K8gp7ncdUl8$_$5,missing,T,w1_vs_w3,35,7,0.4,0.5985994397759105
351,K8gp7ncdUl8$_$5,missing,T,w3_vs_w5,35,7,1.0,0.8949579831932774
351,K8gp7ncdUl8$_$5,missing,T,w1_vs_w5,35,7,0.4,0.6014005602240897
352,KDjl2exStlI$_$10,missing,T,w1_vs_w3,15,3,1.0,0.5892857142857142
352,KDjl2exStlI$_$10,missing,T,w3_vs_w5,15,3,0.5,0.8964285714285712
352,KDjl2exStlI$_$10,missing,T,w1_vs_w5,15,3,0.5,0.4928571428571427
353,KDjl2exStlI$_$13,missing,A,w1_vs_w3,14,3,0.5,0.47252747252747257
353,KDjl2exStlI$_$13,missing,A,w3_vs_w5,14,3,0.5,0.9472527472527472
353,KDjl2exStlI$_$13,missing,A,w1_vs_w5,14,3,0.2,0.3758241758241759
354,KDjl2exStlI$_$5,missing,A,w1_vs_w3,16,4,0.3333333333333333,0.5018397237937344
354,KDjl2exStlI$_$5,missing,A,w3_vs_w5,16,4,0.0,0.047058823529411764
354,KDjl2exStlI$_$5,missing,A,w1_vs_w5,16,4,0.14285714285714285,0.2958058195968933
355,KDjl2exStlI$_$4,missing,A,w1_vs_w3,23,5,0.6666666666666666,0.7697628458498025
355,KDjl2exStlI$_$4,missing,A,w3_vs_w5,23,5,0.42857142857142855,0.9397233201581027
355,KDjl2exStlI$_$4,missing,A,w1_vs_w5,23,5,0.25,0.6205533596837945
356,KkKWFZZmmCM$_$1,missing,T,w1_vs_w3,28,6,0.2,0.6261631089217295
356,KkKWFZZmmCM$_$1,missing,T,w3_vs_w5,28,6,0.5,0.7509578544061303
356,KkKWFZZmmCM$_$1,missing,T,w1_vs_w5,28,6,0.2,0.3420908593322386
357,KpMCvUyQCXg$_$1,missing,A,w1_vs_w3,24,5,0.42857142857142855,0.7214612042697864
357,KpMCvUyQCXg$_$1,missing,A,w3_vs_w5,24,5,0.25,0.28086956521739126
357,KpMCvUyQCXg$_$1,missing,A,w1_vs_w5,24,5,0.42857142857142855,0.34572734020161555
358,KpMCvUyQCXg$_$3,missing,T,w1_vs_w3,13,3,0.5,0.5384615384615384
358,KpMCvUyQCXg$_$3,missing,T,w3_vs_w5,13,3,0.5,0.7307692307692307
358,KpMCvUyQCXg$_$3,missing,T,w1_vs_w5,13,3,0.2,0.03846153846153846
359,KpMCvUyQCXg$_$5,missing,T,w1_vs_w3,20,4,0.6,0.8687477109288684
359,KpMCvUyQCXg$_$5,missing,T,w3_vs_w5,20,4,0.3333333333333333,0.863157894736842
359,KpMCvUyQCXg$_$5,missing,T,w1_vs_w5,20,4,0.14285714285714285,0.7085370941082197
360,L1eFHRQGFeg$_$2,missing,T,w1_vs_w3,42,9,0.5,0.5253220970747914
360,L1eFHRQGFeg$_$2,missing,T,w3_vs_w5,42,9,0.6363636363636364,0.9107041568754559
360,L1eFHRQGFeg$_$2,missing,T,w1_vs_w5,42,9,0.38461538461538464,0.43521594684385384
361,MCsvw5-7lVE$_$1,missing,T,w1_vs_w3,38,8,0.3333333333333333,0.38505306926359556
361,MCsvw5-7lVE$_$1,missing,T,w3_vs_w5,38,8,0.7777777777777778,0.8295218295218295
361,MCsvw5-7lVE$_$1,missing,T,w1_vs_w5,38,8,0.23076923076923078,0.20691541744173325
362,MCsvw5-7lVE$_$2,missing,T,w1_vs_w3,23,5,0.25,0.5256916996047432
362,MCsvw5-7lVE$_$2,missing,T,w3_vs_w5,23,5,0.6666666666666666,0.7322134387351779
362,MCsvw5-7lVE$_$2,missing,T,w1_vs_w5,23,5,0.25,0.2440711462450593
363,MCsvw5-7lVE$_$4,missing,T,w1_vs_w3,14,3,0.5,0.5296703296703297
363,MCsvw5-7lVE$_$4,missing,T,w3_vs_w5,14,3,0.5,0.6879120879120879
363,MCsvw5-7lVE$_$4,missing,T,w1_vs_w5,14,3,0.2,0.18681318681318684
364,MMpo2bDk-DU$_$10,missing,A,w1_vs_w3,18,4,0.3333333333333333,0.5706914344685242
364,MMpo2bDk-DU$_$10,missing,A,w3_vs_w5,18,4,0.6,0.8328173374613003
364,MMpo2bDk-DU$_$10,missing,A,w1_vs_w5,18,4,0.6,0.5149638802889577
365,MMpo2bDk-DU$_$17,missing,T,w1_vs_w3,32,7,0.4,0.5559527106110079
365,MMpo2bDk-DU$_$17,missing,T,w3_vs_w5,32,7,0.5555555555555556,0.8662023460410555
365,MMpo2bDk-DU$_$17,missing,T,w1_vs_w5,32,7,0.16666666666666666,0.42342590224577265
366,MMpo2bDk-DU$_$16,missing,T,w1_vs_w3,20,4,1.0,0.9097744360902256
366,MMpo2bDk-DU$_$16,missing,T,w3_vs_w5,20,4,0.3333333333333333,0.393984962406015
366,MMpo2bDk-DU$_$16,missing,T,w1_vs_w5,20,4,0.3333333333333333,0.3157894736842105
367,MMpo2bDk-DU$_$19,missing,T,w1_vs_w3,25,5,0.6666666666666666,0.5384615384615384
367,MMpo2bDk-DU$_$19,missing,T,w3_vs_w5,25,5,0.42857142857142855,0.8153846153846154
367,MMpo2bDk-DU$_$19,missing,T,w1_vs_w5,25,5,0.42857142857142855,0.42000000000000004
368,MjaaudUc5-4$_$1,missing,T,w1_vs_w3,17,4,0.6,0.4264705882352942
368,MjaaudUc5-4$_$1,missing,T,w3_vs_w5,17,4,0.6,0.8112745098039217
368,MjaaudUc5-4$_$1,missing,T,w1_vs_w5,17,4,0.3333333333333333,0.24264705882352944
369,MjaaudUc5-4$_$0,missing,T,w1_vs_w3,6,2,0.3333333333333333,0.8857142857142858
369,MjaaudUc5-4$_$0,missing,T,w3_vs_w5,6,2,0.3333333333333333,0.8451542547285165
369,MjaaudUc5-4$_$0,missing,T,w1_vs_w5,6,2,0.0,0.6761234037828132
370,MjaaudUc5-4$_$3,missing,T,w1_vs_w3,16,4,0.6,0.34411764705882353
370,MjaaudUc5-4$_$3,missing,T,w3_vs_w5,16,4,0.0,0.011764705882352941
370,MjaaudUc5-4$_$3,missing,T,w1_vs_w5,16,4,0.0,-0.4647058823529412
371,MjaaudUc5-4$_$6,missing,T,w1_vs_w3,10,2,0.0,0.01818181818181818
371,MjaaudUc5-4$_$6,missing,T,w3_vs_w5,10,2,0.3333333333333333,0.8545454545454544
371,MjaaudUc5-4$_$6,missing,T,w1_vs_w5,10,2,0.0,-0.07878787878787878
372,MoQmPA7Q07Q$_$1,missing,T,w1_vs_w3,26,6,0.3333333333333333,0.6116239316239316
372,MoQmPA7Q07Q$_$1,missing,T,w3_vs_w5,26,6,0.7142857142857143,0.9466666666666665
372,MoQmPA7Q07Q$_$1,missing,T,w1_vs_w5,26,6,0.3333333333333333,0.5056410256410256
373,MoQmPA7Q07Q$_$2,missing,T,w1_vs_w3,30,6,0.5,0.6511679644048943
373,MoQmPA7Q07Q$_$2,missing,T,w3_vs_w5,30,6,0.7142857142857143,0.80734149054505
373,MoQmPA7Q07Q$_$2,missing,T,w1_vs_w5,30,6,0.3333333333333333,0.40778642936596216
374,N1X63d_jgmw$_$5,missing,T,w1_vs_w3,44,9,0.6363636363636364,0.6459478505990133
374,N1X63d_jgmw$_$5,missing,T,w3_vs_w5,44,9,0.5,0.7496828752642706
374,N1X63d_jgmw$_$5,missing,T,w1_vs_w5,44,9,0.5,0.3794221282593376
375,N5xfBtD6rLY$_$7,missing,T,w1_vs_w3,9,2,0.0,0.15
375,N5xfBtD6rLY$_$7,missing,T,w3_vs_w5,9,2,0.0,0.6
375,N5xfBtD6rLY$_$7,missing,T,w1_vs_w5,9,2,0.3333333333333333,0.2833333333333333
376,NoZsdSGnNpI$_$7,missing,T,w1_vs_w3,38,8,0.45454545454545453,0.6043661441447457
376,NoZsdSGnNpI$_$7,missing,T,w3_vs_w5,38,8,0.7777777777777778,0.8667250246197614
376,NoZsdSGnNpI$_$7,missing,T,w1_vs_w5,38,8,0.3333333333333333,0.43650489751826727
377,Nrurc5sMUOE$_$5,missing,A,w1_vs_w3,47,10,0.42857142857142855,0.4742871007786397
377,Nrurc5sMUOE$_$5,missing,A,w3_vs_w5,47,10,0.5384615384615384,0.8508571597322664
377,Nrurc5sMUOE$_$5,missing,A,w1_vs_w5,47,10,0.25,0.2654673042413776
378,Nrurc5sMUOE$_$7,missing,T,w1_vs_w3,15,3,0.5,0.575
378,Nrurc5sMUOE$_$7,missing,T,w3_vs_w5,15,3,0.5,0.9107142857142855
378,Nrurc5sMUOE$_$7,missing,T,w1_vs_w5,15,3,0.2,0.5
379,Nrurc5sMUOE$_$8,missing,A,w1_vs_w3,37,8,0.3333333333333333,0.31179608772969775
379,Nrurc5sMUOE$_$8,missing,A,w3_vs_w5,37,8,0.7777777777777778,0.8255586523897099
379,Nrurc5sMUOE$_$8,missing,A,w1_vs_w5,37,8,0.3333333333333333,0.1327722129058695
380,NzvNW7vP-Co$_$5,missing,T,w1_vs_w3,47,10,0.3333333333333333,0.4985689921426565
380,NzvNW7vP-Co$_$5,missing,T,w3_vs_w5,47,10,0.5384615384615384,0.8030758556891767
380,NzvNW7vP-Co$_$5,missing,T,w1_vs_w5,47,10,0.17647058823529413,0.32736839075863633
381,NzvNW7vP-Co$_$4,missing,A,w1_vs_w3,16,4,0.14285714285714285,0.1264705882352941
381,NzvNW7vP-Co$_$4,missing,A,w3_vs_w5,16,4,0.6,0.7176470588235294
381,NzvNW7vP-Co$_$4,missing,A,w1_vs_w5,16,4,0.3333333333333333,0.06470588235294117
382,NzvNW7vP-Co$_$7,missing,T,w1_vs_w3,38,8,0.7777777777777778,0.7381955474199626
382,NzvNW7vP-Co$_$7,missing,T,w3_vs_w5,38,8,0.6,0.901958638800744
382,NzvNW7vP-Co$_$7,missing,T,w1_vs_w5,38,8,0.45454545454545453,0.5273294312209903
383,OLP0nCKwU6k$_$6,missing,T,w1_vs_w3,47,10,0.25,0.4345639040872325
383,OLP0nCKwU6k$_$6,missing,T,w3_vs_w5,47,10,0.6666666666666666,0.6941489361702128
383,OLP0nCKwU6k$_$6,missing,T,w1_vs_w5,47,10,0.17647058823529413,0.24827267218607987
384,OrYBtyO0aPI$_$1,missing,T,w1_vs_w3,17,4,0.3333333333333333,0.6372549019607844
384,OrYBtyO0aPI$_$1,missing,T,w3_vs_w5,17,4,0.6,0.8382352941176472
384,OrYBtyO0aPI$_$1,missing,T,w1_vs_w5,17,4,0.3333333333333333,0.49019607843137264
385,OrYBtyO0aPI$_$4,missing,T,w1_vs_w3,6,2,0.3333333333333333,0.5428571428571429
385,OrYBtyO0aPI$_$4,missing,T,w3_vs_w5,6,2,1.0,0.6761234037828132
385,OrYBtyO0aPI$_$4,missing,T,w1_vs_w5,6,2,0.3333333333333333,0.101418510567422
386,PboaYD5hlG8$_$10,missing,V,w1_vs_w3,18,4,0.6,0.4654282765737873
386,PboaYD5hlG8$_$10,missing,V,w3_vs_w5,18,4,0.3333333333333333,0.4633642930856553
386,PboaYD5hlG8$_$10,missing,V,w1_vs_w5,18,4,0.3333333333333333,-0.11042311661506708
387,PboaYD5hlG8$_$3,missing,T,w1_vs_w3,17,4,0.3333333333333333,0.5027591380294625
387,PboaYD5hlG8$_$3,missing,T,w3_vs_w5,17,4,1.0,0.9191176470588237
387,PboaYD5hlG8$_$3,missing,T,w1_vs_w5,17,4,0.3333333333333333,0.5003066544293187
388,PboaYD5hlG8$_$2,missing,A,w1_vs_w3,16,4,0.6,0.6323529411764706
388,PboaYD5hlG8$_$2,missing,A,w3_vs_w5,16,4,0.3333333333333333,0.7529411764705882
388,PboaYD5hlG8$_$2,missing,A,w1_vs_w5,16,4,0.14285714285714285,0.1647058823529412
389,PboaYD5hlG8$_$7,missing,T,w1_vs_w3,35,7,0.4,0.5906576105247383
389,PboaYD5hlG8$_$7,missing,T,w3_vs_w5,35,7,0.4,0.919047619047619
389,PboaYD5hlG8$_$7,missing,T,w1_vs_w5,35,7,0.4,0.5029764001409378
390,PboaYD5hlG8$_$9,missing,T,w1_vs_w3,32,7,0.4,0.5355571847507331
390,PboaYD5hlG8$_$9,missing,T,w3_vs_w5,32,7,0.5555555555555556,0.7463343108504398
390,PboaYD5hlG8$_$9,missing,T,w1_vs_w5,32,7,0.4,0.32404692082111436
391,PboaYD5hlG8$_$8,missing,T,w1_vs_w3,33,7,0.16666666666666666,0.2990138768157487
391,PboaYD5hlG8$_$8,missing,T,w3_vs_w5,33,7,0.5555555555555556,0.5143716577540107
391,PboaYD5hlG8$_$8,missing,T,w1_vs_w5,33,7,0.07692307692307693,0.021561090055467625
392,Pt-D0LUHDSc$_$2,missing,T,w1_vs_w3,25,5,0.6666666666666666,0.8235521864731299
392,Pt-D0LUHDSc$_$2,missing,T,w3_vs_w5,25,5,1.0,0.9184615384615386
392,Pt-D0LUHDSc$_$2,missing,T,w1_vs_w5,25,5,0.6666666666666666,0.8220128365918717
393,PwapK9d8IGk$_$4,missing,T,w1_vs_w3,45,9,0.38461538461538464,0.5591567852437417
393,PwapK9d8IGk$_$4,missing,T,w3_vs_w5,45,9,0.5,0.6573122529644267
393,PwapK9d8IGk$_$4,missing,T,w1_vs_w5,45,9,0.2,0.15744400527009222
394,PyQrAYl1bFs$_$0,missing,V,w1_vs_w3,9,2,0.3333333333333333,0.6333333333333333
394,PyQrAYl1bFs$_$0,missing,V,w3_vs_w5,9,2,0.0,0.7666666666666667
394,PyQrAYl1bFs$_$0,missing,V,w1_vs_w5,9,2,0.0,0.11666666666666665
395,PyQrAYl1bFs$_$3,missing,T,w1_vs_w3,14,3,0.2,0.7978021978021977
395,PyQrAYl1bFs$_$3,missing,T,w3_vs_w5,14,3,1.0,0.832967032967033
395,PyQrAYl1bFs$_$3,missing,T,w1_vs_w5,14,3,0.2,0.4945054945054946
396,PyQrAYl1bFs$_$4,missing,T,w1_vs_w3,19,4,0.3333333333333333,0.7473684210526316
396,PyQrAYl1bFs$_$4,missing,T,w3_vs_w5,19,4,1.0,0.8543859649122807
396,PyQrAYl1bFs$_$4,missing,T,w1_vs_w5,19,4,0.3333333333333333,0.6210526315789473
397,Q4WzApjaCNI$_$0,missing,A,w1_vs_w3,13,3,0.5,0.2967032967032967
397,Q4WzApjaCNI$_$0,missing,A,w3_vs_w5,13,3,0.5,0.576923076923077
397,Q4WzApjaCNI$_$0,missing,A,w1_vs_w5,13,3,0.2,-0.054945054945054944
398,Q7S0tX4FUNA$_$4,missing,T,w1_vs_w3,18,4,0.3333333333333333,0.49638802889576883
398,Q7S0tX4FUNA$_$4,missing,T,w3_vs_w5,18,4,0.0,0.27347781217750256
398,Q7S0tX4FUNA$_$4,missing,T,w1_vs_w5,18,4,0.14285714285714285,0.021671826625386997
399,Q7S0tX4FUNA$_$7,missing,A,w1_vs_w3,10,2,0.3333333333333333,0.41818181818181815
399,Q7S0tX4FUNA$_$7,missing,A,w3_vs_w5,10,2,1.0,0.6363636363636362
399,Q7S0tX4FUNA$_$7,missing,A,w1_vs_w5,10,2,0.3333333333333333,0.29696969696969694
400,Q7S0tX4FUNA$_$8,missing,T,w1_vs_w3,15,3,0.2,0.8642857142857141
400,Q7S0tX4FUNA$_$8,missing,T,w3_vs_w5,15,3,0.5,0.7321428571428571
400,Q7S0tX4FUNA$_$8,missing,T,w1_vs_w5,15,3,0.2,0.575
401,Qa6Yz62V-Yc$_$0,missing,T,w1_vs_w3,32,7,0.5555555555555556,0.5394555975364974
401,Qa6Yz62V-Yc$_$0,missing,T,w3_vs_w5,32,7,0.4,0.782991202346041
401,Qa6Yz62V-Yc$_$0,missing,T,w1_vs_w5,32,7,0.4,0.3554211361275122
402,QjcQx8_PQfw$_$10,missing,T,w1_vs_w3,24,5,0.25,0.7347826086956522
402,QjcQx8_PQfw$_$10,missing,T,w3_vs_w5,24,5,1.0,0.8078260869565217
402,QjcQx8_PQfw$_$10,missing,T,w1_vs_w5,24,5,0.25,0.5147826086956522
403,QjcQx8_PQfw$_$7,missing,A,w1_vs_w3,22,5,0.25,0.2428692556605141
403,QjcQx8_PQfw$_$7,missing,A,w3_vs_w5,22,5,0.42857142857142855,0.6160361377752683
403,QjcQx8_PQfw$_$7,missing,A,w1_vs_w5,22,5,0.25,-0.009036995559460989
404,QpchvHpGFc8$_$3,missing,A,w1_vs_w3,23,5,0.42857142857142855,0.6320731598941365
404,QpchvHpGFc8$_$3,missing,A,w3_vs_w5,23,5,0.25,0.6956521739130435
404,QpchvHpGFc8$_$3,missing,A,w1_vs_w5,23,5,0.1111111111111111,0.3068940049212343
405,RArhIHk4Qs4$_$13,missing,T,w1_vs_w3,12,3,0.2,0.31468531468531474
405,RArhIHk4Qs4$_$13,missing,T,w3_vs_w5,12,3,0.5,0.7482517482517484
405,RArhIHk4Qs4$_$13,missing,T,w1_vs_w5,12,3,0.2,0.27272727272727276
406,RArhIHk4Qs4$_$17,missing,T,w1_vs_w3,6,2,1.0,1.0
406,RArhIHk4Qs4$_$17,missing,T,w3_vs_w5,6,2,0.0,0.6761234037828132
406,RArhIHk4Qs4$_$17,missing,T,w1_vs_w5,6,2,0.0,0.6761234037828132
407,RArhIHk4Qs4$_$16,missing,T,w1_vs_w3,20,4,0.3333333333333333,0.512781954887218
407,RArhIHk4Qs4$_$16,missing,T,w3_vs_w5,20,4,0.3333333333333333,0.77593984962406
407,RArhIHk4Qs4$_$16,missing,T,w1_vs_w5,20,4,0.3333333333333333,0.37293233082706767
408,RArhIHk4Qs4$_$19,missing,A,w1_vs_w3,10,2,0.3333333333333333,0.34545454545454546
408,RArhIHk4Qs4$_$19,missing,A,w3_vs_w5,10,2,0.0,-0.24848484848484845
408,RArhIHk4Qs4$_$19,missing,A,w1_vs_w5,10,2,0.0,-0.6848484848484848
409,RArhIHk4Qs4$_$1,missing,T,w1_vs_w3,36,8,0.3333333333333333,0.24221364221364225
409,RArhIHk4Qs4$_$1,missing,T,w3_vs_w5,36,8,0.45454545454545453,0.7196911196911198
409,RArhIHk4Qs4$_$1,missing,T,w1_vs_w5,36,8,0.3333333333333333,0.23835263835263834
410,RArhIHk4Qs4$_$2,missing,T,w1_vs_w3,30,6,0.2,0.385539488320356
410,RArhIHk4Qs4$_$2,missing,T,w3_vs_w5,30,6,1.0,0.9439377085650723
410,RArhIHk4Qs4$_$2,missing,T,w1_vs_w5,30,6,0.2,0.33704115684093433
411,RArhIHk4Qs4$_$7,missing,T,w1_vs_w3,14,3,0.2,0.09240929684291713
411,RArhIHk4Qs4$_$7,missing,T,w3_vs_w5,14,3,0.5,0.7714285714285714
411,RArhIHk4Qs4$_$7,missing,T,w1_vs_w5,14,3,0.2,0.4092411717329187
412,RArhIHk4Qs4$_$6,missing,A,w1_vs_w3,26,6,0.2,0.6347469220246237
412,RArhIHk4Qs4$_$6,missing,A,w3_vs_w5,26,6,0.5,0.8462985249351297
412,RArhIHk4Qs4$_$6,missing,A,w1_vs_w5,26,6,0.2,0.4038297203831872
413,RArhIHk4Qs4$_$8,missing,T,w1_vs_w3,8,2,0.3333333333333333,0.38095238095238104
413,RArhIHk4Qs4$_$8,missing,T,w3_vs_w5,8,2,0.3333333333333333,0.8503146459584138
413,RArhIHk4Qs4$_$8,missing,T,w1_vs_w5,8,2,0.3333333333333333,0.2515015150017844
414,RArhIHk4Qs4$_$21,missing,T,w1_vs_w3,7,2,0.0,0.0
414,RArhIHk4Qs4$_$21,missing,T,w3_vs_w5,7,2,0.3333333333333333,0.8894991799933215
414,RArhIHk4Qs4$_$21,missing,T,w1_vs_w5,7,2,0.0,-0.03706246583305506
415,ROcTx5VEn7o$_$11,missing,T,w1_vs_w3,35,7,0.4,0.5030812324929972
415,ROcTx5VEn7o$_$11,missing,T,w3_vs_w5,35,7,0.75,0.8047619047619048
415,ROcTx5VEn7o$_$11,missing,T,w1_vs_w5,35,7,0.2727272727272727,0.42212885154061625
416,ROcTx5VEn7o$_$1,missing,T,w1_vs_w3,12,3,0.2,0.44055944055944063
416,ROcTx5VEn7o$_$1,missing,T,w3_vs_w5,12,3,0.5,0.6433566433566434
416,ROcTx5VEn7o$_$1,missing,T,w1_vs_w5,12,3,0.2,0.20979020979020982
417,ROcTx5VEn7o$_$5,missing,V,w1_vs_w3,24,5,0.25,0.5260869565217391
417,ROcTx5VEn7o$_$5,missing,V,w3_vs_w5,24,5,0.42857142857142855,0.8086956521739129
417,ROcTx5VEn7o$_$5,missing,V,w1_vs_w5,24,5,0.25,0.3304347826086956
418,ROcTx5VEn7o$_$9,missing,V,w1_vs_w3,15,3,0.2,0.6107142857142855
418,ROcTx5VEn7o$_$9,missing,V,w3_vs_w5,15,3,0.0,0.06071428571428571
418,ROcTx5VEn7o$_$9,missing,V,w1_vs_w5,15,3,0.2,-0.2928571428571428
419,RrGpzInAwCg$_$0,missing,V,w1_vs_w3,17,4,0.6,0.4093137254901961
419,RrGpzInAwCg$_$0,missing,V,w3_vs_w5,17,4,0.14285714285714285,0.49509803921568635
419,RrGpzInAwCg$_$0,missing,V,w1_vs_w5,17,4,0.14285714285714285,-0.16911764705882354
420,RzOFxDk26p0$_$1,missing,T,w1_vs_w3,46,10,0.5384615384615384,0.8260655092766066
420,RzOFxDk26p0$_$1,missing,T,w3_vs_w5,46,10,0.5384615384615384,0.8933086648165279
420,RzOFxDk26p0$_$1,missing,T,w1_vs_w5,46,10,0.3333333333333333,0.6413988823241569
421,RzOFxDk26p0$_$0,missing,T,w1_vs_w3,24,5,0.1111111111111111,0.368695652173913
421,RzOFxDk26p0$_$0,missing,T,w3_vs_w5,24,5,0.6666666666666666,0.6095652173913042
421,RzOFxDk26p0$_$0,missing,T,w1_vs_w5,24,5,0.1111111111111111,0.32260869565217387
422,SHa756SwGJQ$_$0,missing,A,w1_vs_w3,16,4,0.3333333333333333,0.5298014679347343
422,SHa756SwGJQ$_$0,missing,A,w3_vs_w5,16,4,0.3333333333333333,0.7029411764705883
422,SHa756SwGJQ$_$0,missing,A,w1_vs_w5,16,4,0.14285714285714285,0.09418692763284163
423,SHa756SwGJQ$_$2,missing,T,w1_vs_w3,30,6,0.5,0.5243604004449388
423,SHa756SwGJQ$_$2,missing,T,w3_vs_w5,30,6,0.5,0.7067853170189099
423,SHa756SwGJQ$_$2,missing,T,w1_vs_w5,30,6,0.2,0.2587319243604005
424,SHa756SwGJQ$_$4,missing,T,w1_vs_w3,15,3,0.2,0.35
424,SHa756SwGJQ$_$4,missing,T,w3_vs_w5,15,3,0.2,0.7035714285714285
424,SHa756SwGJQ$_$4,missing,T,w1_vs_w5,15,3,0.2,0.07857142857142857
425,SHa756SwGJQ$_$7,missing,T,w1_vs_w3,16,4,0.3333333333333333,0.5117647058823529
425,SHa756SwGJQ$_$7,missing,T,w3_vs_w5,16,4,0.6,0.8411764705882352
425,SHa756SwGJQ$_$7,missing,T,w1_vs_w5,16,4,0.3333333333333333,0.5676470588235295
426,SHa756SwGJQ$_$6,missing,A,w1_vs_w3,13,3,0.2,0.2692307692307692
426,SHa756SwGJQ$_$6,missing,A,w3_vs_w5,13,3,0.0,0.2582417582417582
426,SHa756SwGJQ$_$6,missing,A,w1_vs_w5,13,3,0.5,0.37912087912087916
427,TH32jop4FiI$_$15,missing,T,w1_vs_w3,22,5,0.25,0.35177865612648224
427,TH32jop4FiI$_$15,missing,T,w3_vs_w5,22,5,0.42857142857142855,0.7380011293054772
427,TH32jop4FiI$_$15,missing,T,w1_vs_w5,22,5,0.6666666666666666,0.35855448898927167
428,TH32jop4FiI$_$17,missing,T,w1_vs_w3,29,6,0.3333333333333333,0.6587018155641646
428,TH32jop4FiI$_$17,missing,T,w3_vs_w5,29,6,1.0,0.7689655172413792
428,TH32jop4FiI$_$17,missing,T,w1_vs_w5,29,6,0.3333333333333333,0.2729400193137974
429,TWszOxkOV0w$_$1,missing,A,w1_vs_w3,38,8,0.45454545454545453,0.5181942614281332
429,TWszOxkOV0w$_$1,missing,A,w3_vs_w5,38,8,1.0,0.8986760039391618
429,TWszOxkOV0w$_$1,missing,A,w1_vs_w5,38,8,0.45454545454545453,0.34298222076362606
430,TXCXFYIc3Yo$_$16,missing,T,w1_vs_w3,26,6,0.5,0.5138461538461538
430,TXCXFYIc3Yo$_$16,missing,T,w3_vs_w5,26,6,1.0,0.5904273504273503
430,TXCXFYIc3Yo$_$16,missing,T,w1_vs_w5,26,6,0.5,0.27794871794871795
431,TXCXFYIc3Yo$_$2,missing,T,w1_vs_w3,20,4,0.3333333333333333,0.3413533834586466
431,TXCXFYIc3Yo$_$2,missing,T,w3_vs_w5,20,4,0.3333333333333333,0.38496240601503756
431,TXCXFYIc3Yo$_$2,missing,T,w1_vs_w5,20,4,0.14285714285714285,0.04661654135338346
432,TXCXFYIc3Yo$_$7,missing,T,w1_vs_w3,41,9,0.38461538461538464,0.6095818815331012
432,TXCXFYIc3Yo$_$7,missing,T,w3_vs_w5,41,9,0.38461538461538464,0.8287456445993034
432,TXCXFYIc3Yo$_$7,missing,T,w1_vs_w5,41,9,0.125,0.3036585365853659
433,TXCXFYIc3Yo$_$6,missing,T,w1_vs_w3,21,5,0.6666666666666666,0.7285714285714285
433,TXCXFYIc3Yo$_$6,missing,T,w3_vs_w5,21,5,0.25,0.7545454545454545
433,TXCXFYIc3Yo$_$6,missing,T,w1_vs_w5,21,5,0.25,0.535064935064935
434,TYJzg5IJN8o$_$11,missing,T,w1_vs_w3,48,10,0.6666666666666666,0.7522796352583587
434,TYJzg5IJN8o$_$11,missing,T,w3_vs_w5,48,10,0.8181818181818182,0.8384715588363004
434,TYJzg5IJN8o$_$11,missing,T,w1_vs_w5,48,10,0.5384615384615384,0.504776378636561
435,TYJzg5IJN8o$_$10,missing,T,w1_vs_w3,28,6,0.2,0.25208704218553374
435,TYJzg5IJN8o$_$10,missing,T,w3_vs_w5,28,6,0.7142857142857143,0.4521072796934866
435,TYJzg5IJN8o$_$10,missing,T,w1_vs_w5,28,6,0.2,-0.08895579664527521
436,TYJzg5IJN8o$_$14,missing,T,w1_vs_w3,29,6,0.5,0.44433497536945804
436,TYJzg5IJN8o$_$14,missing,T,w3_vs_w5,29,6,1.0,0.9054187192118225
436,TYJzg5IJN8o$_$14,missing,T,w1_vs_w5,29,6,0.5,0.31576354679802954
437,TYJzg5IJN8o$_$0,missing,T,w1_vs_w3,30,6,0.5,0.5838896450741535
437,TYJzg5IJN8o$_$0,missing,T,w3_vs_w5,30,6,0.3333333333333333,0.5813125695216907
437,TYJzg5IJN8o$_$0,missing,T,w1_vs_w5,30,6,0.3333333333333333,0.046506454199884945
438,TYJzg5IJN8o$_$4,missing,T,w1_vs_w3,33,7,0.5555555555555556,0.5528074866310161
438,TYJzg5IJN8o$_$4,missing,T,w3_vs_w5,33,7,0.75,0.8977272727272728
438,TYJzg5IJN8o$_$4,missing,T,w1_vs_w5,33,7,0.5555555555555556,0.4187834224598931
439,TYJzg5IJN8o$_$7,missing,T,w1_vs_w3,24,5,0.42857142857142855,0.677391304347826
439,TYJzg5IJN8o$_$7,missing,T,w3_vs_w5,24,5,0.6666666666666666,0.9799999999999999
439,TYJzg5IJN8o$_$7,missing,T,w1_vs_w5,24,5,0.25,0.6304347826086956
440,Uc_6d-fkZEc$_$3,missing,T,w1_vs_w3,15,3,0.5,0.5290440003498376
440,Uc_6d-fkZEc$_$3,missing,T,w3_vs_w5,15,3,0.5,0.914285714285714
440,Uc_6d-fkZEc$_$3,missing,T,w1_vs_w5,15,3,0.5,0.46291350030610784
441,UlTJmndbGHM$_$1,missing,T,w1_vs_w3,16,4,0.6,0.5117647058823529
441,UlTJmndbGHM$_$1,missing,T,w3_vs_w5,16,4,1.0,0.988235294117647
441,UlTJmndbGHM$_$1,missing,T,w1_vs_w5,16,4,0.6,0.4794117647058824
442,UlTJmndbGHM$_$4,missing,T,w1_vs_w3,19,4,0.3333333333333333,0.6964912280701754
442,UlTJmndbGHM$_$4,missing,T,w3_vs_w5,19,4,0.6,0.8754385964912281
442,UlTJmndbGHM$_$4,missing,T,w1_vs_w5,19,4,0.3333333333333333,0.4719298245614035
443,VbV9S4svrTg$_$13,missing,T,w1_vs_w3,8,2,0.3333333333333333,0.5714285714285715
443,VbV9S4svrTg$_$13,missing,T,w3_vs_w5,8,2,1.0,0.9700772721497398
443,VbV9S4svrTg$_$13,missing,T,w1_vs_w5,8,2,0.3333333333333333,0.43114545428877316
444,VbV9S4svrTg$_$3,missing,T,w1_vs_w3,15,3,0.5,0.6749999999999999
444,VbV9S4svrTg$_$3,missing,T,w3_vs_w5,15,3,1.0,0.9357142857142854
444,VbV9S4svrTg$_$3,missing,T,w1_vs_w5,15,3,0.5,0.5678571428571427
445,VbV9S4svrTg$_$7,missing,T,w1_vs_w3,8,2,0.3333333333333333,0.8571428571428572
445,VbV9S4svrTg$_$7,missing,T,w3_vs_w5,8,2,0.3333333333333333,0.934148484292342
445,VbV9S4svrTg$_$7,missing,T,w1_vs_w5,8,2,0.3333333333333333,0.8263621207201486
446,VbV9S4svrTg$_$8,missing,T,w1_vs_w3,13,3,0.2,0.5969744299505915
446,VbV9S4svrTg$_$8,missing,T,w3_vs_w5,13,3,0.2,0.8021978021978022
446,VbV9S4svrTg$_$8,missing,T,w1_vs_w5,13,3,0.2,0.5749661560353623
447,VinxKpWioTo$_$1,missing,T,w1_vs_w3,48,10,0.3333333333333333,0.5349222451228849
447,VinxKpWioTo$_$1,missing,T,w3_vs_w5,48,10,0.5384615384615384,0.7434867564046895
447,VinxKpWioTo$_$1,missing,T,w1_vs_w5,48,10,0.42857142857142855,0.35581857246883064
448,VinxKpWioTo$_$0,missing,T,w1_vs_w3,10,2,0.3333333333333333,0.01818181818181818
448,VinxKpWioTo$_$0,missing,T,w3_vs_w5,10,2,0.3333333333333333,0.8909090909090909
448,VinxKpWioTo$_$0,missing,T,w1_vs_w5,10,2,0.3333333333333333,-0.05454545454545454
449,VinxKpWioTo$_$3,missing,T,w1_vs_w3,28,6,0.3333333333333333,0.48002189381499727
449,VinxKpWioTo$_$3,missing,T,w3_vs_w5,28,6,0.7142857142857143,0.9080459770114943
449,VinxKpWioTo$_$3,missing,T,w1_vs_w5,28,6,0.2,0.3760262725779967
450,VinxKpWioTo$_$5,missing,T,w1_vs_w3,20,4,0.14285714285714285,0.5022556390977443
450,VinxKpWioTo$_$5,missing,T,w3_vs_w5,20,4,1.0,0.7037593984962407
450,VinxKpWioTo$_$5,missing,T,w1_vs_w5,20,4,0.14285714285714285,0.13233082706766916
451,ViyQVpGW05w$_$1,missing,V,w1_vs_w3,17,4,0.6,0.5416666666666667
451,ViyQVpGW05w$_$1,missing,V,w3_vs_w5,17,4,0.14285714285714285,0.4191176470588236
451,ViyQVpGW05w$_$1,missing,V,w1_vs_w5,17,4,0.0,-0.2132352941176471
452,ViyQVpGW05w$_$4,missing,V,w1_vs_w3,13,3,0.2,0.40440203319233614
452,ViyQVpGW05w$_$4,missing,V,w3_vs_w5,13,3,0.0,0.4731778891774273
452,ViyQVpGW05w$_$4,missing,V,w1_vs_w5,13,3,0.0,-0.25619834710743805
453,ViyQVpGW05w$_$6,missing,T,w1_vs_w3,25,5,0.1111111111111111,0.48538461538461536
453,ViyQVpGW05w$_$6,missing,T,w3_vs_w5,25,5,0.42857142857142855,0.8792307692307693
453,ViyQVpGW05w$_$6,missing,T,w1_vs_w5,25,5,0.25,0.34153846153846157
454,Vuay0mVKkik$_$3,missing,T,w1_vs_w3,26,6,0.7142857142857143,0.6895726495726495
454,Vuay0mVKkik$_$3,missing,T,w3_vs_w5,26,6,0.7142857142857143,0.894017094017094
454,Vuay0mVKkik$_$3,missing,T,w1_vs_w5,26,6,0.5,0.5801709401709401
455,WmQF5RmbsVQ$_$6,missing,T,w1_vs_w3,48,10,0.42857142857142855,0.5340970986254265
455,WmQF5RmbsVQ$_$6,missing,T,w3_vs_w5,48,10,0.5384615384615384,0.7802746566791511
455,WmQF5RmbsVQ$_$6,missing,T,w1_vs_w5,48,10,0.25,0.17488327281412006
456,Wrcf2xtqbkQ$_$9,missing,T,w1_vs_w3,28,6,0.5,0.8084291187739463
456,Wrcf2xtqbkQ$_$9,missing,T,w3_vs_w5,28,6,0.5,0.7673782156540777
456,Wrcf2xtqbkQ$_$9,missing,T,w1_vs_w5,28,6,0.3333333333333333,0.5407772304324029
457,Wrcf2xtqbkQ$_$8,missing,T,w1_vs_w3,18,4,0.14285714285714285,0.3746130030959752
457,Wrcf2xtqbkQ$_$8,missing,T,w3_vs_w5,18,4,0.6,0.6676986584107326
457,Wrcf2xtqbkQ$_$8,missing,T,w1_vs_w5,18,4,0.14285714285714285,0.1929824561403509
458,WxajvjGKz7Y$_$0,missing,A,w1_vs_w3,11,3,0.5,0.7454545454545456
458,WxajvjGKz7Y$_$0,missing,A,w3_vs_w5,11,3,0.0,0.3272727272727273
458,WxajvjGKz7Y$_$0,missing,A,w1_vs_w5,11,3,0.2,-0.06363636363636364
459,WxajvjGKz7Y$_$3,missing,T,w1_vs_w3,22,5,0.25,0.2783738001129306
459,WxajvjGKz7Y$_$3,missing,T,w3_vs_w5,22,5,0.6666666666666666,0.4409937888198759
459,WxajvjGKz7Y$_$3,missing,T,w1_vs_w5,22,5,0.1111111111111111,0.007340485601355168
460,WxajvjGKz7Y$_$6,missing,T,w1_vs_w3,32,7,0.4,0.47470674486803516
460,WxajvjGKz7Y$_$6,missing,T,w3_vs_w5,32,7,0.75,0.8651026392961876
460,WxajvjGKz7Y$_$6,missing,T,w1_vs_w5,32,7,0.4,0.43731671554252194
461,XIGpuL-Kkyk$_$12,missing,T,w1_vs_w3,28,6,0.2,0.615216201423098
461,XIGpuL-Kkyk$_$12,missing,T,w3_vs_w5,28,6,1.0,0.9140667761357416
461,XIGpuL-Kkyk$_$12,missing,T,w1_vs_w5,28,6,0.2,0.5079365079365079
462,XIGpuL-Kkyk$_$0,missing,T,w1_vs_w3,13,3,0.5,0.5
462,XIGpuL-Kkyk$_$0,missing,T,w3_vs_w5,13,3,0.5,0.6538461538461539
462,XIGpuL-Kkyk$_$0,missing,T,w1_vs_w5,13,3,0.5,0.3131868131868132
463,XIGpuL-Kkyk$_$4,missing,T,w1_vs_w3,21,5,0.42857142857142855,0.5987012987012986
463,XIGpuL-Kkyk$_$4,missing,T,w3_vs_w5,21,5,1.0,0.6844155844155844
463,XIGpuL-Kkyk$_$4,missing,T,w1_vs_w5,21,5,0.42857142857142855,0.43636363636363634
464,XIGpuL-Kkyk$_$7,missing,A,w1_vs_w3,7,2,0.3333333333333333,0.25
464,XIGpuL-Kkyk$_$7,missing,A,w3_vs_w5,7,2,1.0,0.9636241116594317
464,XIGpuL-Kkyk$_$7,missing,A,w1_vs_w5,7,2,0.3333333333333333,0.22237479499833038
465,XaVYxIW0FDg$_$2,missing,T,w1_vs_w3,34,7,0.5555555555555556,0.6671250687970195
465,XaVYxIW0FDg$_$2,missing,T,w3_vs_w5,34,7,0.75,0.9202444614209321
465,XaVYxIW0FDg$_$2,missing,T,w1_vs_w5,34,7,0.5555555555555556,0.5603178257624073
466,XyP8bVmGX6M$_$4,missing,V,w1_vs_w3,18,4,0.6,0.6676986584107326
466,XyP8bVmGX6M$_$4,missing,V,w3_vs_w5,18,4,0.3333333333333333,0.6945304437564499
466,XyP8bVmGX6M$_$4,missing,V,w1_vs_w5,18,4,0.14285714285714285,0.17853457172342618
467,XzVapdEr_GY$_$3,missing,T,w1_vs_w3,33,7,0.4,0.6450534759358288
467,XzVapdEr_GY$_$3,missing,T,w3_vs_w5,33,7,0.75,0.9575534759358288
467,XzVapdEr_GY$_$3,missing,T,w1_vs_w5,33,7,0.2727272727272727,0.636029411764706
468,XzVapdEr_GY$_$4,missing,T,w1_vs_w3,37,8,0.3333333333333333,0.48544840343708534
468,XzVapdEr_GY$_$4,missing,T,w3_vs_w5,37,8,0.45454545454545453,0.804646752015173
468,XzVapdEr_GY$_$4,missing,T,w1_vs_w5,37,8,0.23076923076923078,0.26483314609974323
469,Y7h-S3cJ52o$_$0,missing,T,w1_vs_w3,11,3,0.2,0.06363636363636364
469,Y7h-S3cJ52o$_$0,missing,T,w3_vs_w5,11,3,0.2,0.690909090909091
469,Y7h-S3cJ52o$_$0,missing,T,w1_vs_w5,11,3,0.2,-0.06363636363636364
470,Y7qkyMyanjU$_$2,missing,A,w1_vs_w3,11,3,0.5,0.2687934080711411
470,Y7qkyMyanjU$_$2,missing,A,w3_vs_w5,11,3,0.2,0.19090909090909092
470,Y7qkyMyanjU$_$2,missing,A,w1_vs_w5,11,3,0.0,0.23234684426488467
471,Y7qkyMyanjU$_$4,missing,T,w1_vs_w3,13,3,0.5,0.4230769230769231
471,Y7qkyMyanjU$_$4,missing,T,w3_vs_w5,13,3,0.0,0.1043956043956044
471,Y7qkyMyanjU$_$4,missing,T,w1_vs_w5,13,3,0.2,0.24175824175824176
472,YbuG8xyUO-o$_$3,missing,V,w1_vs_w3,13,3,0.2,0.07142857142857142
472,YbuG8xyUO-o$_$3,missing,V,w3_vs_w5,13,3,0.0,0.46153846153846156
472,YbuG8xyUO-o$_$3,missing,V,w1_vs_w5,13,3,0.2,0.4230769230769231
473,YbuG8xyUO-o$_$2,missing,V,w1_vs_w3,15,3,0.2,0.5214285714285714
473,YbuG8xyUO-o$_$2,missing,V,w3_vs_w5,15,3,0.5,0.6392857142857141
473,YbuG8xyUO-o$_$2,missing,V,w1_vs_w5,15,3,0.5,0.2821428571428571
474,Z7L3V5bwzI0$_$2,missing,T,w1_vs_w3,27,6,0.3333333333333333,0.742979242979243
474,Z7L3V5bwzI0$_$2,missing,T,w3_vs_w5,27,6,0.5,0.8547008547008547
474,Z7L3V5bwzI0$_$2,missing,T,w1_vs_w5,27,6,0.09090909090909091,0.5714285714285714
475,ZaoFHcbRM9g$_$3,missing,V,w1_vs_w3,29,6,0.5,0.8953534702118733
475,ZaoFHcbRM9g$_$3,missing,V,w3_vs_w5,29,6,0.7142857142857143,0.933990147783251
475,ZaoFHcbRM9g$_$3,missing,V,w1_vs_w5,29,6,0.3333333333333333,0.8162211838853284
476,ZaoFHcbRM9g$_$2,missing,T,w1_vs_w3,9,2,0.3333333333333333,-0.06666666666666667
476,ZaoFHcbRM9g$_$2,missing,T,w3_vs_w5,9,2,0.3333333333333333,0.8499999999999999
476,ZaoFHcbRM9g$_$2,missing,T,w1_vs_w5,9,2,0.3333333333333333,-0.38333333333333336
477,ZaoFHcbRM9g$_$5,missing,T,w1_vs_w3,14,3,1.0,0.8285714285714285
477,ZaoFHcbRM9g$_$5,missing,T,w3_vs_w5,14,3,0.2,0.8065934065934066
477,ZaoFHcbRM9g$_$5,missing,T,w1_vs_w5,14,3,0.2,0.7978021978021977
478,ZaoFHcbRM9g$_$9,missing,T,w1_vs_w3,6,2,0.3333333333333333,0.6571428571428573
478,ZaoFHcbRM9g$_$9,missing,T,w3_vs_w5,6,2,0.3333333333333333,0.7775419143502353
478,ZaoFHcbRM9g$_$9,missing,T,w1_vs_w5,6,2,1.0,0.5408987230262506
479,ZaoFHcbRM9g$_$8,missing,T,w1_vs_w3,8,2,0.0,-0.5476190476190477
479,ZaoFHcbRM9g$_$8,missing,T,w3_vs_w5,8,2,0.0,0.21557272714438658
479,ZaoFHcbRM9g$_$8,missing,T,w1_vs_w5,8,2,0.0,-0.3353353533357125
480,Zvisaa77Cng$_$1,missing,T,w1_vs_w3,18,4,0.3333333333333333,0.3973168214654283
480,Zvisaa77Cng$_$1,missing,T,w3_vs_w5,18,4,0.3333333333333333,0.6862745098039216
480,Zvisaa77Cng$_$1,missing,T,w1_vs_w5,18,4,0.14285714285714285,0.16615067079463364
481,Zvisaa77Cng$_$5,missing,T,w1_vs_w3,16,4,0.3333333333333333,0.3590876616002087
481,Zvisaa77Cng$_$5,missing,T,w3_vs_w5,16,4,0.14285714285714285,0.11470588235294117
481,Zvisaa77Cng$_$5,missing,T,w1_vs_w5,16,4,0.0,0.24724068503620925
482,_7HVhnSYX1Y$_$26,missing,T,w1_vs_w3,16,4,0.3333333333333333,0.3852941176470588
482,_7HVhnSYX1Y$_$26,missing,T,w3_vs_w5,16,4,0.3333333333333333,0.6764705882352942
482,_7HVhnSYX1Y$_$26,missing,T,w1_vs_w5,16,4,0.14285714285714285,0.02647058823529412
483,_7HVhnSYX1Y$_$12,missing,T,w1_vs_w3,19,4,0.14285714285714285,0.3649122807017544
483,_7HVhnSYX1Y$_$12,missing,T,w3_vs_w5,19,4,0.3333333333333333,0.3017543859649123
483,_7HVhnSYX1Y$_$12,missing,T,w1_vs_w5,19,4,0.14285714285714285,-0.0824561403508772
484,_7HVhnSYX1Y$_$14,missing,T,w1_vs_w3,10,2,0.3333333333333333,0.29696969696969694
484,_7HVhnSYX1Y$_$14,missing,T,w3_vs_w5,10,2,0.3333333333333333,0.7696969696969697
484,_7HVhnSYX1Y$_$14,missing,T,w1_vs_w5,10,2,0.0,0.006060606060606061
485,_7HVhnSYX1Y$_$19,missing,V,w1_vs_w3,13,3,0.2,-0.07142857142857142
485,_7HVhnSYX1Y$_$19,missing,V,w3_vs_w5,13,3,0.5,0.8571428571428571
485,_7HVhnSYX1Y$_$19,missing,V,w1_vs_w5,13,3,0.0,-0.11538461538461539
486,_7HVhnSYX1Y$_$31,missing,T,w1_vs_w3,13,3,0.5,0.38461538461538464
486,_7HVhnSYX1Y$_$31,missing,T,w3_vs_w5,13,3,0.2,0.40659340659340654
486,_7HVhnSYX1Y$_$31,missing,T,w1_vs_w5,13,3,0.2,0.2582417582417582
487,_7HVhnSYX1Y$_$3,missing,T,w1_vs_w3,23,5,0.25,0.4891304347826087
487,_7HVhnSYX1Y$_$3,missing,T,w3_vs_w5,23,5,0.1111111111111111,0.5029644268774703
487,_7HVhnSYX1Y$_$3,missing,T,w1_vs_w5,23,5,0.0,0.24011857707509882
488,_BvNNdEkhZA$_$14,missing,T,w1_vs_w3,15,3,0.5,0.2607142857142857
488,_BvNNdEkhZA$_$14,missing,T,w3_vs_w5,15,3,1.0,0.9642857142857141
488,_BvNNdEkhZA$_$14,missing,T,w1_vs_w5,15,3,0.5,0.1928571428571428
489,_BvNNdEkhZA$_$19,missing,T,w1_vs_w3,32,7,0.5555555555555556,0.6473607038123167
489,_BvNNdEkhZA$_$19,missing,T,w3_vs_w5,32,7,0.5555555555555556,0.8903958944281525
489,_BvNNdEkhZA$_$19,missing,T,w1_vs_w5,32,7,0.4,0.5146627565982405
490,_BvNNdEkhZA$_$7,missing,T,w1_vs_w3,23,5,0.42857142857142855,0.5118577075098815
490,_BvNNdEkhZA$_$7,missing,T,w3_vs_w5,23,5,0.6666666666666666,0.816205533596838
490,_BvNNdEkhZA$_$7,missing,T,w1_vs_w5,23,5,0.42857142857142855,0.44960474308300397
491,_BvNNdEkhZA$_$6,missing,T,w1_vs_w3,28,6,0.09090909090909091,0.3563218390804598
491,_BvNNdEkhZA$_$6,missing,T,w3_vs_w5,28,6,0.5,0.7843459222769567
491,_BvNNdEkhZA$_$6,missing,T,w1_vs_w5,28,6,0.09090909090909091,0.19978106185002736
492,_BvNNdEkhZA$_$9,missing,V,w1_vs_w3,16,4,0.3333333333333333,0.43529411764705883
492,_BvNNdEkhZA$_$9,missing,V,w3_vs_w5,16,4,0.14285714285714285,0.4735294117647058
492,_BvNNdEkhZA$_$9,missing,V,w1_vs_w5,16,4,0.14285714285714285,-0.12352941176470587
493,_aZDaIfGfPo$_$1,missing,T,w1_vs_w3,45,9,0.5,0.6113050938886976
493,_aZDaIfGfPo$_$1,missing,T,w3_vs_w5,45,9,0.8,0.9395256916996045
493,_aZDaIfGfPo$_$1,missing,T,w1_vs_w5,45,9,0.38461538461538464,0.5140654863254129
494,_aZDaIfGfPo$_$0,missing,V,w1_vs_w3,21,5,0.42857142857142855,0.36363636363636365
494,_aZDaIfGfPo$_$0,missing,V,w3_vs_w5,21,5,0.1111111111111111,0.49870129870129876
494,_aZDaIfGfPo$_$0,missing,V,w1_vs_w5,21,5,0.0,-0.2675324675324675
495,_gr7o5ynhnw$_$13,missing,T,w1_vs_w3,34,7,0.2727272727272727,0.532355414495835
495,_gr7o5ynhnw$_$13,missing,T,w3_vs_w5,34,7,0.75,0.9208556149732621
495,_gr7o5ynhnw$_$13,missing,T,w1_vs_w5,34,7,0.2727272727272727,0.4703185895000518
496,_gr7o5ynhnw$_$12,missing,T,w1_vs_w3,14,3,0.5,0.23076923076923075
496,_gr7o5ynhnw$_$12,missing,T,w3_vs_w5,14,3,0.5,0.8637362637362638
496,_gr7o5ynhnw$_$12,missing,T,w1_vs_w5,14,3,0.5,0.178021978021978
497,_gr7o5ynhnw$_$15,missing,T,w1_vs_w3,48,10,0.42857142857142855,0.6792227529309596
497,_gr7o5ynhnw$_$15,missing,T,w3_vs_w5,48,10,0.6666666666666666,0.899587494572297
497,_gr7o5ynhnw$_$15,missing,T,w1_vs_w5,48,10,0.3333333333333333,0.595636126791142
498,_gzYkdjNvPc$_$12,missing,T,w1_vs_w3,9,2,0.0,-0.2333333333333333
498,_gzYkdjNvPc$_$12,missing,T,w3_vs_w5,9,2,0.3333333333333333,0.7999999999999999
498,_gzYkdjNvPc$_$12,missing,T,w1_vs_w5,9,2,0.0,-0.26666666666666666
499,_gzYkdjNvPc$_$17,missing,T,w1_vs_w3,17,4,0.3333333333333333,0.5000000000000001
499,_gzYkdjNvPc$_$17,missing,T,w3_vs_w5,17,4,0.3333333333333333,0.5955882352941178
499,_gzYkdjNvPc$_$17,missing,T,w1_vs_w5,17,4,0.14285714285714285,0.08333333333333334
500,_gzYkdjNvPc$_$1,missing,A,w1_vs_w3,26,6,0.3333333333333333,0.509059829059829
500,_gzYkdjNvPc$_$1,missing,A,w3_vs_w5,26,6,0.09090909090909091,0.5876923076923077
500,_gzYkdjNvPc$_$1,missing,A,w1_vs_w5,26,6,0.2,0.4502564102564102
501,_gzYkdjNvPc$_$3,missing,T,w1_vs_w3,16,4,0.6,0.3852941176470588
501,_gzYkdjNvPc$_$3,missing,T,w3_vs_w5,16,4,0.14285714285714285,0.05294117647058824
501,_gzYkdjNvPc$_$3,missing,T,w1_vs_w5,16,4,0.3333333333333333,0.05294117647058824
502,_gzYkdjNvPc$_$2,missing,T,w1_vs_w3,6,2,0.3333333333333333,0.3714285714285715
502,_gzYkdjNvPc$_$2,missing,T,w3_vs_w5,6,2,0.0,0.50709255283711
502,_gzYkdjNvPc$_$2,missing,T,w1_vs_w5,6,2,0.0,0.1690308509457033
503,_gzYkdjNvPc$_$5,missing,T,w1_vs_w3,16,4,0.3333333333333333,0.3205882352941176
503,_gzYkdjNvPc$_$5,missing,T,w3_vs_w5,16,4,0.14285714285714285,0.45294117647058824
503,_gzYkdjNvPc$_$5,missing,T,w1_vs_w5,16,4,0.14285714285714285,0.22058823529411767
504,_gzYkdjNvPc$_$4,missing,A,w1_vs_w3,22,5,0.6666666666666666,0.5184976202240743
504,_gzYkdjNvPc$_$4,missing,A,w3_vs_w5,22,5,0.6666666666666666,0.9277244494635801
504,_gzYkdjNvPc$_$4,missing,A,w1_vs_w5,22,5,0.42857142857142855,0.4450720313034537
505,_gzYkdjNvPc$_$6,missing,T,w1_vs_w3,18,4,0.3333333333333333,0.5706914344685242
505,_gzYkdjNvPc$_$6,missing,T,w3_vs_w5,18,4,0.3333333333333333,0.7894736842105263
505,_gzYkdjNvPc$_$6,missing,T,w1_vs_w5,18,4,0.14285714285714285,0.2280701754385965
506,_gzYkdjNvPc$_$9,missing,T,w1_vs_w3,15,3,0.0,0.2928571428571428
506,_gzYkdjNvPc$_$9,missing,T,w3_vs_w5,15,3,0.2,0.3321428571428571
506,_gzYkdjNvPc$_$9,missing,T,w1_vs_w5,15,3,0.0,-0.05714285714285713
507,a-WihYDk6vc$_$8,missing,T,w1_vs_w3,32,7,0.5555555555555556,0.504398826979472
507,a-WihYDk6vc$_$8,missing,T,w3_vs_w5,32,7,1.0,0.9479472140762463
507,a-WihYDk6vc$_$8,missing,T,w1_vs_w5,32,7,0.5555555555555556,0.44538123167155425
508,a-WihYDk6vc$_$0,missing,T,w1_vs_w3,15,3,0.2,0.42499999999999993
508,a-WihYDk6vc$_$0,missing,T,w3_vs_w5,15,3,0.0,0.35357142857142854
508,a-WihYDk6vc$_$0,missing,T,w1_vs_w5,15,3,0.0,0.3214285714285714
509,aFhc2ddipoM$_$14,missing,T,w1_vs_w3,32,7,0.4,0.5187425555651672
509,aFhc2ddipoM$_$14,missing,T,w3_vs_w5,32,7,0.5555555555555556,0.8812316715542521
509,aFhc2ddipoM$_$14,missing,T,w1_vs_w5,32,7,0.2727272727272727,0.4952799947480855
510,aK5tRCXjUvU$_$0,missing,A,w1_vs_w3,16,4,0.14285714285714285,0.538235294117647
510,aK5tRCXjUvU$_$0,missing,A,w3_vs_w5,16,4,0.3333333333333333,0.6941176470588235
510,aK5tRCXjUvU$_$0,missing,A,w1_vs_w5,16,4,0.14285714285714285,0.10294117647058824
511,b-FX9NOVQOM$_$1,missing,A,w1_vs_w3,27,6,0.3333333333333333,0.6404151404151404
511,b-FX9NOVQOM$_$1,missing,A,w3_vs_w5,27,6,0.3333333333333333,0.724053724053724
511,b-FX9NOVQOM$_$1,missing,A,w1_vs_w5,27,6,0.2,0.2673992673992674
512,b-FX9NOVQOM$_$4,missing,T,w1_vs_w3,30,6,0.5,0.44694104560622916
512,b-FX9NOVQOM$_$4,missing,T,w3_vs_w5,30,6,0.3333333333333333,0.6743047830923248
512,b-FX9NOVQOM$_$4,missing,T,w1_vs_w5,30,6,0.3333333333333333,0.4255839822024471
513,b1LEcg6z66g$_$0,missing,T,w1_vs_w3,24,5,0.42857142857142855,0.38869565217391305
513,b1LEcg6z66g$_$0,missing,T,w3_vs_w5,24,5,0.6666666666666666,0.7713043478260868
513,b1LEcg6z66g$_$0,missing,T,w1_vs_w5,24,5,0.25,0.42956521739130427
514,b1LEcg6z66g$_$4,missing,T,w1_vs_w3,30,6,0.3333333333333333,0.6347052280311457
514,b1LEcg6z66g$_$4,missing,T,w3_vs_w5,30,6,0.7142857142857143,0.6649610678531702
514,b1LEcg6z66g$_$4,missing,T,w1_vs_w5,30,6,0.2,0.32413793103448274
515,b1LEcg6z66g$_$8,missing,T,w1_vs_w3,24,5,0.42857142857142855,0.6136116692131819
515,b1LEcg6z66g$_$8,missing,T,w3_vs_w5,24,5,0.6666666666666666,0.9423788002728315
515,b1LEcg6z66g$_$8,missing,T,w1_vs_w5,24,5,0.42857142857142855,0.5643478260869564
516,bAkUEnPoucg$_$3,missing,T,w1_vs_w3,33,7,0.2727272727272727,0.44639425241506236
516,bAkUEnPoucg$_$3,missing,T,w3_vs_w5,33,7,0.75,0.886697860962567
516,bAkUEnPoucg$_$3,missing,T,w1_vs_w5,33,7,0.16666666666666666,0.3238907005542459
517,bNQkb4K5DX0$_$3,missing,T,w1_vs_w3,26,6,0.09090909090909091,0.31418803418803415
517,bNQkb4K5DX0$_$3,missing,T,w3_vs_w5,26,6,0.7142857142857143,0.8064957264957264
517,bNQkb4K5DX0$_$3,missing,T,w1_vs_w5,26,6,0.09090909090909091,0.3852991452991453
518,bNQkb4K5DX0$_$7,missing,T,w1_vs_w3,21,5,0.25,0.6181818181818182
518,bNQkb4K5DX0$_$7,missing,T,w3_vs_w5,21,5,0.6666666666666666,0.8532467532467533
518,bNQkb4K5DX0$_$7,missing,T,w1_vs_w5,21,5,0.25,0.461038961038961
519,bWunvAd96zI$_$1,missing,T,w1_vs_w3,18,4,0.3333333333333333,0.40144478844169246
519,bWunvAd96zI$_$1,missing,T,w3_vs_w5,18,4,0.3333333333333333,0.5170278637770898
519,bWunvAd96zI$_$1,missing,T,w1_vs_w5,18,4,0.14285714285714285,0.3415892672858617
520,bWunvAd96zI$_$2,missing,T,w1_vs_w3,33,7,0.2727272727272727,0.47459893048128343
520,bWunvAd96zI$_$2,missing,T,w3_vs_w5,33,7,0.5555555555555556,0.7192513368983957
520,bWunvAd96zI$_$2,missing,T,w1_vs_w5,33,7,0.07692307692307693,0.22760695187165775
521,bWunvAd96zI$_$5,missing,A,w1_vs_w3,7,2,0.0,0.3214285714285715
521,bWunvAd96zI$_$5,missing,A,w3_vs_w5,7,2,0.3333333333333333,0.9636241116594317
521,bWunvAd96zI$_$5,missing,A,w1_vs_w5,7,2,0.0,0.2594372608313854
522,bWunvAd96zI$_$4,missing,T,w1_vs_w3,17,4,0.6,0.7377450980392158
522,bWunvAd96zI$_$4,missing,T,w3_vs_w5,17,4,1.0,0.8039215686274511
522,bWunvAd96zI$_$4,missing,T,w1_vs_w5,17,4,0.6,0.42892156862745107
523,bj9e8w4vNxo$_$12,missing,T,w1_vs_w3,42,9,0.5,0.5945464127079381
523,bj9e8w4vNxo$_$12,missing,T,w3_vs_w5,42,9,0.6363636363636364,0.739567296005186
523,bj9e8w4vNxo$_$12,missing,T,w1_vs_w5,42,9,0.2857142857142857,0.39884931761598347
524,bpvYdXVlgvc$_$1,missing,V,w1_vs_w3,10,2,0.3333333333333333,0.8060606060606059
524,bpvYdXVlgvc$_$1,missing,V,w3_vs_w5,10,2,0.0,0.8424242424242423
524,bpvYdXVlgvc$_$1,missing,V,w1_vs_w5,10,2,0.3333333333333333,0.6848484848484848
525,bpvYdXVlgvc$_$3,missing,A,w1_vs_w3,21,5,0.42857142857142855,0.461038961038961
525,bpvYdXVlgvc$_$3,missing,A,w3_vs_w5,21,5,0.6666666666666666,0.6467532467532467
525,bpvYdXVlgvc$_$3,missing,A,w1_vs_w5,21,5,0.42857142857142855,0.062337662337662345
526,bpvYdXVlgvc$_$4,missing,T,w1_vs_w3,14,3,1.0,0.6879120879120879
526,bpvYdXVlgvc$_$4,missing,T,w3_vs_w5,14,3,1.0,0.9604395604395607
526,bpvYdXVlgvc$_$4,missing,T,w1_vs_w5,14,3,1.0,0.6439560439560439
527,bpvYdXVlgvc$_$6,missing,T,w1_vs_w3,29,6,0.3333333333333333,0.5669950738916255
527,bpvYdXVlgvc$_$6,missing,T,w3_vs_w5,29,6,0.7142857142857143,0.8157635467980293
527,bpvYdXVlgvc$_$6,missing,T,w1_vs_w5,29,6,0.5,0.360591133004926
528,c1a1y9ytHH0$_$0,missing,T,w1_vs_w3,27,6,0.3333333333333333,0.31511451850659167
528,c1a1y9ytHH0$_$0,missing,T,w3_vs_w5,27,6,0.5,0.8205128205128205
528,c1a1y9ytHH0$_$0,missing,T,w1_vs_w5,27,6,0.2,0.24916031695870045
529,c1a1y9ytHH0$_$3,missing,T,w1_vs_w3,29,6,0.2,0.3194974774819452
529,c1a1y9ytHH0$_$3,missing,T,w3_vs_w5,29,6,0.3333333333333333,0.7586206896551723
529,c1a1y9ytHH0$_$3,missing,T,w1_vs_w5,29,6,0.3333333333333333,0.3187584702094349
530,c1a1y9ytHH0$_$7,missing,T,w1_vs_w3,22,5,0.42857142857142855,0.5889328063241107
530,c1a1y9ytHH0$_$7,missing,T,w3_vs_w5,22,5,0.6666666666666666,0.8498023715415021
530,c1a1y9ytHH0$_$7,missing,T,w1_vs_w5,22,5,0.25,0.47826086956521746
531,c5cB7AfVgcE$_$12,missing,T,w1_vs_w3,31,7,0.4,0.6270161290322582
531,c5cB7AfVgcE$_$12,missing,T,w3_vs_w5,31,7,0.75,0.8620967741935485
531,c5cB7AfVgcE$_$12,missing,T,w1_vs_w5,31,7,0.2727272727272727,0.5322580645161291
532,c5cB7AfVgcE$_$5,missing,A,w1_vs_w3,37,8,0.45454545454545453,0.3214901009170152
532,c5cB7AfVgcE$_$5,missing,A,w3_vs_w5,37,8,0.45454545454545453,0.8359412043622569
532,c5cB7AfVgcE$_$5,missing,A,w1_vs_w5,37,8,0.3333333333333333,0.2389229015671102
533,d8BR6hsvzoY$_$1,missing,T,w1_vs_w3,24,5,0.25,0.26655092715574036
533,d8BR6hsvzoY$_$1,missing,T,w3_vs_w5,24,5,0.6666666666666666,0.8173913043478259
533,d8BR6hsvzoY$_$1,missing,T,w1_vs_w5,24,5,0.25,0.35191691036248074
534,d8BR6hsvzoY$_$0,missing,A,w1_vs_w3,7,2,0.0,-0.642857142857143
534,d8BR6hsvzoY$_$0,missing,A,w3_vs_w5,7,2,0.3333333333333333,0.8524367141602663
534,d8BR6hsvzoY$_$0,missing,A,w1_vs_w5,7,2,0.0,-0.7041868508280462
535,d8BR6hsvzoY$_$2,missing,T,w1_vs_w3,17,4,0.14285714285714285,0.6470588235294119
535,d8BR6hsvzoY$_$2,missing,T,w3_vs_w5,17,4,0.3333333333333333,0.5784313725490197
535,d8BR6hsvzoY$_$2,missing,T,w1_vs_w5,17,4,0.3333333333333333,0.5637254901960785
536,d8BR6hsvzoY$_$5,missing,T,w1_vs_w3,10,2,0.3333333333333333,0.4787878787878787
536,d8BR6hsvzoY$_$5,missing,T,w3_vs_w5,10,2,0.0,0.406060606060606
536,d8BR6hsvzoY$_$5,missing,T,w1_vs_w5,10,2,0.0,0.17575757575757575
537,d8BR6hsvzoY$_$6,missing,T,w1_vs_w3,9,2,0.3333333333333333,0.33333333333333337
537,d8BR6hsvzoY$_$6,missing,T,w3_vs_w5,9,2,1.0,0.9666666666666667
537,d8BR6hsvzoY$_$6,missing,T,w1_vs_w5,9,2,0.3333333333333333,0.4666666666666666
538,d8BR6hsvzoY$_$9,missing,A,w1_vs_w3,17,4,0.3333333333333333,0.6069896910355704
538,d8BR6hsvzoY$_$9,missing,A,w3_vs_w5,17,4,0.6,0.8627450980392157
538,d8BR6hsvzoY$_$9,missing,A,w1_vs_w5,17,4,0.3333333333333333,0.5787861296339177
539,d8BR6hsvzoY$_$8,missing,T,w1_vs_w3,29,6,0.5,0.48669950738916246
539,d8BR6hsvzoY$_$8,missing,T,w3_vs_w5,29,6,0.2,0.7635467980295565
539,d8BR6hsvzoY$_$8,missing,T,w1_vs_w5,29,6,0.2,0.17783251231527092
540,dBWvtPeHpWM$_$4,missing,V,w1_vs_w3,5,1,0.0,-0.6
540,dBWvtPeHpWM$_$4,missing,V,w3_vs_w5,5,1,0.0,0.0
540,dBWvtPeHpWM$_$4,missing,V,w1_vs_w5,5,1,1.0,0.0
541,dEDbm2ubVRQ$_$0,missing,V,w1_vs_w3,12,3,0.5,0.4755244755244756
541,dEDbm2ubVRQ$_$0,missing,V,w3_vs_w5,12,3,0.5,0.6293706293706295
541,dEDbm2ubVRQ$_$0,missing,V,w1_vs_w5,12,3,0.2,0.09090909090909093
542,dEDbm2ubVRQ$_$3,missing,T,w1_vs_w3,33,7,0.16666666666666666,0.3054812834224599
542,dEDbm2ubVRQ$_$3,missing,T,w3_vs_w5,33,7,0.5555555555555556,0.8312165775401069
542,dEDbm2ubVRQ$_$3,missing,T,w1_vs_w5,33,7,0.07692307692307693,0.11363636363636365
543,dEDbm2ubVRQ$_$8,missing,T,w1_vs_w3,16,4,0.3333333333333333,0.33529411764705885
543,dEDbm2ubVRQ$_$8,missing,T,w3_vs_w5,16,4,0.3333333333333333,0.4705882352941176
543,dEDbm2ubVRQ$_$8,missing,T,w1_vs_w5,16,4,0.14285714285714285,-0.2088235294117647
544,dt641WxonBI$_$1,missing,V,w1_vs_w3,10,2,0.3333333333333333,0.6
544,dt641WxonBI$_$1,missing,V,w3_vs_w5,10,2,0.3333333333333333,0.9393939393939393
544,dt641WxonBI$_$1,missing,V,w1_vs_w5,10,2,0.3333333333333333,0.4424242424242424
545,dt641WxonBI$_$3,missing,T,w1_vs_w3,24,5,0.6666666666666666,0.5947826086956521
545,dt641WxonBI$_$3,missing,T,w3_vs_w5,24,5,0.6666666666666666,0.8217391304347826
545,dt641WxonBI$_$3,missing,T,w1_vs_w5,24,5,0.42857142857142855,0.4434782608695652
546,eOiC1kb17P4$_$0,missing,T,w1_vs_w3,48,10,0.42857142857142855,0.5990718378193389
546,eOiC1kb17P4$_$0,missing,T,w3_vs_w5,48,10,0.8181818181818182,0.8712548849326964
546,eOiC1kb17P4$_$0,missing,T,w1_vs_w5,48,10,0.3333333333333333,0.4516514236200706
547,erNDEjQeox8$_$12,missing,T,w1_vs_w3,46,10,0.3333333333333333,0.6848013934173334
547,erNDEjQeox8$_$12,missing,T,w3_vs_w5,46,10,0.42857142857142855,0.7612087573234658
547,erNDEjQeox8$_$12,missing,T,w1_vs_w5,46,10,0.25,0.4402294671968572
548,ewBrNsyY82Q$_$4,missing,T,w1_vs_w3,32,7,0.75,0.7823297622445704
548,ewBrNsyY82Q$_$4,missing,T,w3_vs_w5,32,7,1.0,0.9035923753665688
548,ewBrNsyY82Q$_$4,missing,T,w1_vs_w5,32,7,0.75,0.6488864475974178
549,fWOIAxzBQFY$_$12,missing,T,w1_vs_w3,24,5,0.25,0.4709719615576726
549,fWOIAxzBQFY$_$12,missing,T,w3_vs_w5,24,5,1.0,0.9078260869565216
549,fWOIAxzBQFY$_$12,missing,T,w1_vs_w5,24,5,0.25,0.3839965300604108
550,fWOIAxzBQFY$_$5,missing,T,w1_vs_w3,16,4,0.6,0.5989699929151022
550,fWOIAxzBQFY$_$5,missing,T,w3_vs_w5,16,4,1.0,0.95
550,fWOIAxzBQFY$_$5,missing,T,w1_vs_w5,16,4,0.6,0.5754232610068919
551,fWOIAxzBQFY$_$7,missing,T,w1_vs_w3,19,4,0.14285714285714285,0.3315789473684211
551,fWOIAxzBQFY$_$7,missing,T,w3_vs_w5,19,4,0.6,0.5684210526315789
551,fWOIAxzBQFY$_$7,missing,T,w1_vs_w5,19,4,0.14285714285714285,0.20526315789473687
552,f_ZJ7L14oYQ$_$11,missing,T,w1_vs_w3,40,8,0.6,0.6682926829268294
552,f_ZJ7L14oYQ$_$11,missing,T,w3_vs_w5,40,8,0.7777777777777778,0.9099437148217637
552,f_ZJ7L14oYQ$_$11,missing,T,w1_vs_w5,40,8,0.45454545454545453,0.5307692307692309
553,f_ZJ7L14oYQ$_$27,missing,T,w1_vs_w3,26,6,0.3333333333333333,0.524102564102564
553,f_ZJ7L14oYQ$_$27,missing,T,w3_vs_w5,26,6,0.5,0.7401709401709401
553,f_ZJ7L14oYQ$_$27,missing,T,w1_vs_w5,26,6,0.2,0.4365811965811965
554,f_ZJ7L14oYQ$_$21,missing,T,w1_vs_w3,22,5,0.42857142857142855,0.5998305802592232
554,f_ZJ7L14oYQ$_$21,missing,T,w3_vs_w5,22,5,0.42857142857142855,0.4692264257481649
554,f_ZJ7L14oYQ$_$21,missing,T,w1_vs_w5,22,5,0.1111111111111111,-0.0237221133435851
555,f_ZJ7L14oYQ$_$17,missing,A,w1_vs_w3,21,5,0.6666666666666666,0.5376623376623377
555,f_ZJ7L14oYQ$_$17,missing,A,w3_vs_w5,21,5,0.6666666666666666,0.8623376623376624
555,f_ZJ7L14oYQ$_$17,missing,A,w1_vs_w5,21,5,0.42857142857142855,0.24285714285714283
556,f_ZJ7L14oYQ$_$9,missing,T,w1_vs_w3,29,6,0.5,0.534975369458128
556,f_ZJ7L14oYQ$_$9,missing,T,w3_vs_w5,29,6,0.3333333333333333,0.6886699507389161
556,f_ZJ7L14oYQ$_$9,missing,T,w1_vs_w5,29,6,0.2,0.17733990147783246
557,f_ZJ7L14oYQ$_$8,missing,T,w1_vs_w3,21,5,0.6666666666666666,0.4832738156800987
557,f_ZJ7L14oYQ$_$8,missing,T,w3_vs_w5,21,5,0.6666666666666666,0.7168831168831169
557,f_ZJ7L14oYQ$_$8,missing,T,w1_vs_w5,21,5,0.6666666666666666,0.3676518544017955
558,ffrJ91swyq0$_$1,missing,T,w1_vs_w3,43,9,0.38461538461538464,0.5507060349461862
558,ffrJ91swyq0$_$1,missing,T,w3_vs_w5,43,9,0.5,0.7887345212926609
558,ffrJ91swyq0$_$1,missing,T,w1_vs_w5,43,9,0.2857142857142857,0.3873744630843186
559,g8Cl74tS3oY$_$2,missing,V,w1_vs_w3,33,7,0.4,0.509024064171123
559,g8Cl74tS3oY$_$2,missing,V,w3_vs_w5,33,7,0.4,0.8495989304812835
559,g8Cl74tS3oY$_$2,missing,V,w1_vs_w5,33,7,0.16666666666666666,0.2259358288770054
560,g8Cl74tS3oY$_$6,missing,T,w1_vs_w3,41,9,0.38461538461538464,0.7175958188153312
560,g8Cl74tS3oY$_$6,missing,T,w3_vs_w5,41,9,0.38461538461538464,0.7339721254355402
560,g8Cl74tS3oY$_$6,missing,T,w1_vs_w5,41,9,0.2,0.4421602787456447
561,gR4gM_WXesQ$_$10,missing,V,w1_vs_w3,24,5,0.6666666666666666,0.7156521739130434
561,gR4gM_WXesQ$_$10,missing,V,w3_vs_w5,24,5,1.0,0.9521739130434782
561,gR4gM_WXesQ$_$10,missing,V,w1_vs_w5,24,5,0.6666666666666666,0.6521739130434783
562,gR4gM_WXesQ$_$26,missing,T,w1_vs_w3,19,4,0.3333333333333333,0.30877192982456136
562,gR4gM_WXesQ$_$26,missing,T,w3_vs_w5,19,4,1.0,0.7964912280701755
562,gR4gM_WXesQ$_$26,missing,T,w1_vs_w5,19,4,0.3333333333333333,0.13333333333333333
563,gR4gM_WXesQ$_$20,missing,T,w1_vs_w3,38,8,0.45454545454545453,0.6596629498899642
563,gR4gM_WXesQ$_$20,missing,T,w3_vs_w5,38,8,0.7777777777777778,0.8872962030856767
563,gR4gM_WXesQ$_$20,missing,T,w1_vs_w5,38,8,0.3333333333333333,0.5563580685535132
564,gR4gM_WXesQ$_$24,missing,T,w1_vs_w3,12,3,0.5,0.7832167832167832
564,gR4gM_WXesQ$_$24,missing,T,w3_vs_w5,12,3,0.5,0.6853146853146854
564,gR4gM_WXesQ$_$24,missing,T,w1_vs_w5,12,3,0.2,0.4685314685314686
565,gR4gM_WXesQ$_$18,missing,T,w1_vs_w3,31,7,0.2727272727272727,0.7321501200768301
565,gR4gM_WXesQ$_$18,missing,T,w3_vs_w5,31,7,0.75,0.7310483870967742
565,gR4gM_WXesQ$_$18,missing,T,w1_vs_w5,31,7,0.2727272727272727,0.3686970852618307
566,gR4gM_WXesQ$_$3,missing,T,w1_vs_w3,27,6,0.3333333333333333,0.38217338217338215
566,gR4gM_WXesQ$_$3,missing,T,w3_vs_w5,27,6,1.0,0.8754578754578756
566,gR4gM_WXesQ$_$3,missing,T,w1_vs_w5,27,6,0.3333333333333333,0.28266178266178266
567,gR4gM_WXesQ$_$4,missing,T,w1_vs_w3,20,4,0.3333333333333333,0.600904295916312
567,gR4gM_WXesQ$_$4,missing,T,w3_vs_w5,20,4,1.0,0.9248120300751879
567,gR4gM_WXesQ$_$4,missing,T,w1_vs_w5,20,4,0.3333333333333333,0.48945838639799855
568,gR4gM_WXesQ$_$8,missing,T,w1_vs_w3,23,5,0.6666666666666666,0.6926877470355731
568,gR4gM_WXesQ$_$8,missing,T,w3_vs_w5,23,5,0.42857142857142855,0.8290513833992096
568,gR4gM_WXesQ$_$8,missing,T,w1_vs_w5,23,5,0.42857142857142855,0.4594861660079051
569,gVqs4TzqySw$_$1,missing,T,w1_vs_w3,44,9,0.38461538461538464,0.6730565948070723
569,gVqs4TzqySw$_$1,missing,T,w3_vs_w5,44,9,0.6363636363636364,0.8937279774489078
569,gVqs4TzqySw$_$1,missing,T,w1_vs_w5,44,9,0.2857142857142857,0.5453520346195943
570,gVqs4TzqySw$_$3,missing,T,w1_vs_w3,25,5,0.42857142857142855,0.4000001852674834
570,gVqs4TzqySw$_$3,missing,T,w3_vs_w5,25,5,0.42857142857142855,0.6335833931396804
570,gVqs4TzqySw$_$3,missing,T,w1_vs_w5,25,5,0.42857142857142855,0.5964576277796071
571,gVqs4TzqySw$_$2,missing,T,w1_vs_w3,27,6,0.3333333333333333,0.47717209290439955
571,gVqs4TzqySw$_$2,missing,T,w3_vs_w5,27,6,0.5,0.8768127105666389
571,gVqs4TzqySw$_$2,missing,T,w1_vs_w5,27,6,0.3333333333333333,0.3025954339535198
572,gVqs4TzqySw$_$4,missing,A,w1_vs_w3,8,2,0.3333333333333333,0.4761904761904762
572,gVqs4TzqySw$_$4,missing,A,w3_vs_w5,8,2,0.3333333333333333,0.8742671711966791
572,gVqs4TzqySw$_$4,missing,A,w1_vs_w5,8,2,0.3333333333333333,0.2515015150017844
573,goMtnNHQ_z4$_$1,missing,T,w1_vs_w3,16,4,0.3333333333333333,0.5088235294117647
573,goMtnNHQ_z4$_$1,missing,T,w3_vs_w5,16,4,0.3333333333333333,0.8823529411764707
573,goMtnNHQ_z4$_$1,missing,T,w1_vs_w5,16,4,0.14285714285714285,0.2411764705882353
574,goMtnNHQ_z4$_$2,missing,T,w1_vs_w3,19,4,0.14285714285714285,0.6140350877192983
574,goMtnNHQ_z4$_$2,missing,T,w3_vs_w5,19,4,0.6,0.8315789473684211
574,goMtnNHQ_z4$_$2,missing,T,w1_vs_w5,19,4,0.14285714285714285,0.4526315789473684
575,goMtnNHQ_z4$_$13,missing,T,w1_vs_w3,21,5,0.25,0.6116883116883116
575,goMtnNHQ_z4$_$13,missing,T,w3_vs_w5,21,5,0.25,0.6298701298701298
575,goMtnNHQ_z4$_$13,missing,T,w1_vs_w5,21,5,0.1111111111111111,0.23766233766233766
576,goMtnNHQ_z4$_$12,missing,T,w1_vs_w3,19,4,0.14285714285714285,0.4421052631578948
576,goMtnNHQ_z4$_$12,missing,T,w3_vs_w5,19,4,0.6,0.6982456140350877
576,goMtnNHQ_z4$_$12,missing,T,w1_vs_w5,19,4,0.14285714285714285,0.3543859649122807
577,hqzF4IDaIYE$_$0,missing,T,w1_vs_w3,25,5,0.42857142857142855,0.6000000000000001
577,hqzF4IDaIYE$_$0,missing,T,w3_vs_w5,25,5,0.6666666666666666,0.8353846153846154
577,hqzF4IDaIYE$_$0,missing,T,w1_vs_w5,25,5,0.25,0.3738461538461539
578,hqzF4IDaIYE$_$3,missing,T,w1_vs_w3,40,8,0.45454545454545453,0.5505206891663589
578,hqzF4IDaIYE$_$3,missing,T,w3_vs_w5,40,8,0.6,0.8949343339587243
578,hqzF4IDaIYE$_$3,missing,T,w1_vs_w5,40,8,0.45454545454545453,0.5479876185106854
579,hqzF4IDaIYE$_$2,missing,T,w1_vs_w3,29,6,0.7142857142857143,0.7586206896551723
579,hqzF4IDaIYE$_$2,missing,T,w3_vs_w5,29,6,0.5,0.8507389162561575
579,hqzF4IDaIYE$_$2,missing,T,w1_vs_w5,29,6,0.3333333333333333,0.4975369458128077
580,hqzF4IDaIYE$_$4,missing,A,w1_vs_w3,13,3,0.5,0.6354889093022426
580,hqzF4IDaIYE$_$4,missing,A,w3_vs_w5,13,3,0.0,0.4010989010989011
580,hqzF4IDaIYE$_$4,missing,A,w1_vs_w5,13,3,0.2,0.5281985739655003
581,hqzF4IDaIYE$_$6,missing,V,w1_vs_w3,9,2,0.3333333333333333,0.6333333333333333
581,hqzF4IDaIYE$_$6,missing,V,w3_vs_w5,9,2,0.0,0.75
581,hqzF4IDaIYE$_$6,missing,V,w1_vs_w5,9,2,0.0,0.15
582,hvfaYsv7p8E$_$0,missing,T,w1_vs_w3,20,4,0.3333333333333333,0.3082706766917293
582,hvfaYsv7p8E$_$0,missing,T,w3_vs_w5,20,4,1.0,0.9488721804511278
582,hvfaYsv7p8E$_$0,missing,T,w1_vs_w5,20,4,0.3333333333333333,0.23308270676691725
583,iUXqlrui25c$_$10,missing,T,w1_vs_w3,32,7,0.2727272727272727,0.3799835044828947
583,iUXqlrui25c$_$10,missing,T,w3_vs_w5,32,7,0.5555555555555556,0.8709677419354838
583,iUXqlrui25c$_$10,missing,T,w1_vs_w5,32,7,0.2727272727272727,0.29126569639330424
584,iUXqlrui25c$_$21,missing,T,w1_vs_w3,20,4,0.6,0.7849624060150376
584,iUXqlrui25c$_$21,missing,T,w3_vs_w5,20,4,0.6,0.8330827067669173
584,iUXqlrui25c$_$21,missing,T,w1_vs_w5,20,4,0.3333333333333333,0.8075187969924811
585,iUXqlrui25c$_$23,missing,T,w1_vs_w3,25,5,0.1111111111111111,0.2530769230769231
585,iUXqlrui25c$_$23,missing,T,w3_vs_w5,25,5,0.6666666666666666,0.8361538461538461
585,iUXqlrui25c$_$23,missing,T,w1_vs_w5,25,5,0.1111111111111111,0.2907692307692308
586,icbUzboLcDQ$_$0,missing,T,w1_vs_w3,21,5,0.6666666666666666,0.7558441558441559
586,icbUzboLcDQ$_$0,missing,T,w3_vs_w5,21,5,0.6666666666666666,0.6675324675324676
586,icbUzboLcDQ$_$0,missing,T,w1_vs_w5,21,5,0.6666666666666666,0.44155844155844154
587,ioupaiAuRr0$_$5,missing,T,w1_vs_w3,29,6,0.2,0.4118226600985221
587,ioupaiAuRr0$_$5,missing,T,w3_vs_w5,29,6,0.5,0.6093596059113299
587,ioupaiAuRr0$_$5,missing,T,w1_vs_w5,29,6,0.2,-0.0625615763546798
588,ioupaiAuRr0$_$4,missing,T,w1_vs_w3,40,8,0.23076923076923078,0.5127820259874483
588,ioupaiAuRr0$_$4,missing,T,w3_vs_w5,40,8,0.6,0.803001876172608
588,ioupaiAuRr0$_$4,missing,T,w1_vs_w5,40,8,0.23076923076923078,0.36183685953779515
589,jICmfLeFymA$_$16,missing,T,w1_vs_w3,19,4,0.6,0.30276439948435213
589,jICmfLeFymA$_$16,missing,T,w3_vs_w5,19,4,0.6,0.7789473684210525
589,jICmfLeFymA$_$16,missing,T,w1_vs_w5,19,4,0.3333333333333333,0.15006583278789629
590,jPrEKz1rAno$_$11,missing,A,w1_vs_w3,14,3,0.5,0.45054945054945056
590,jPrEKz1rAno$_$11,missing,A,w3_vs_w5,14,3,1.0,0.9076923076923077
590,jPrEKz1rAno$_$11,missing,A,w1_vs_w5,14,3,0.5,0.4241758241758242
591,jPrEKz1rAno$_$7,missing,T,w1_vs_w3,35,7,0.16666666666666666,0.5016806722689076
591,jPrEKz1rAno$_$7,missing,T,w3_vs_w5,35,7,0.4,0.7459383753501402
591,jPrEKz1rAno$_$7,missing,T,w1_vs_w5,35,7,0.16666666666666666,0.25266106442577035
592,jPrEKz1rAno$_$6,missing,T,w1_vs_w3,27,6,0.2,0.4377289377289378
592,jPrEKz1rAno$_$6,missing,T,w3_vs_w5,27,6,0.5,0.8717948717948717
592,jPrEKz1rAno$_$6,missing,T,w1_vs_w5,27,6,0.09090909090909091,0.19291819291819293
593,k5ZOshC2LP4$_$1,missing,A,w1_vs_w3,31,7,0.75,0.7879032258064517
593,k5ZOshC2LP4$_$1,missing,A,w3_vs_w5,31,7,0.2727272727272727,0.8846774193548388
593,k5ZOshC2LP4$_$1,missing,A,w1_vs_w5,31,7,0.4,0.642741935483871
594,kbGhEJ4W44o$_$0,missing,A,w1_vs_w3,39,8,0.7777777777777778,0.8035226237473428
594,kbGhEJ4W44o$_$0,missing,A,w3_vs_w5,39,8,0.7777777777777778,0.8792955120325171
594,kbGhEJ4W44o$_$0,missing,A,w1_vs_w5,39,8,0.6,0.6185535713169923
595,kfsO4c0Ekes$_$7,missing,T,w1_vs_w3,27,6,0.2,0.647130647130647
595,kfsO4c0Ekes$_$7,missing,T,w3_vs_w5,27,6,1.0,0.967032967032967
595,kfsO4c0Ekes$_$7,missing,T,w1_vs_w5,27,6,0.2,0.568986568986569
596,kvUb78Rdzdc$_$3,missing,T,w1_vs_w3,48,10,0.42857142857142855,0.6516677072446301
596,kvUb78Rdzdc$_$3,missing,T,w3_vs_w5,48,10,0.8181818181818182,0.77181936604429
596,kvUb78Rdzdc$_$3,missing,T,w1_vs_w5,48,10,0.42857142857142855,0.4025836568910063
597,lO87-4Kf0cQ$_$2,missing,V,w1_vs_w3,14,3,0.5,0.4197802197802198
597,lO87-4Kf0cQ$_$2,missing,V,w3_vs_w5,14,3,1.0,0.5472527472527472
597,lO87-4Kf0cQ$_$2,missing,V,w1_vs_w5,14,3,0.5,0.2923076923076923
598,lO87-4Kf0cQ$_$5,missing,T,w1_vs_w3,18,4,0.6,0.78328173374613
598,lO87-4Kf0cQ$_$5,missing,T,w3_vs_w5,18,4,0.6,0.6264189886480908
598,lO87-4Kf0cQ$_$5,missing,T,w1_vs_w5,18,4,0.6,0.15789473684210525
599,lWf5hHRHIDs$_$11,missing,T,w1_vs_w3,13,3,0.2,0.6043956043956044
599,lWf5hHRHIDs$_$11,missing,T,w3_vs_w5,13,3,1.0,0.9120879120879121
599,lWf5hHRHIDs$_$11,missing,T,w1_vs_w5,13,3,0.2,0.532967032967033
600,lawHYX5eB20$_$1,missing,T,w1_vs_w3,12,3,0.5,0.3356643356643357
600,lawHYX5eB20$_$1,missing,T,w3_vs_w5,12,3,0.2,0.8321678321678322
600,lawHYX5eB20$_$1,missing,T,w1_vs_w5,12,3,0.2,0.27272727272727276
601,lawHYX5eB20$_$2,missing,T,w1_vs_w3,23,5,0.42857142857142855,0.2005928853754941
601,lawHYX5eB20$_$2,missing,T,w3_vs_w5,23,5,0.25,0.3567193675889328
601,lawHYX5eB20$_$2,missing,T,w1_vs_w5,23,5,0.42857142857142855,0.4535573122529644
602,mHGaQ_nv9UY$_$13,missing,T,w1_vs_w3,48,10,0.42857142857142855,0.5490962392065605
602,mHGaQ_nv9UY$_$13,missing,T,w3_vs_w5,48,10,0.5384615384615384,0.896113764654798
602,mHGaQ_nv9UY$_$13,missing,T,w1_vs_w5,48,10,0.17647058823529413,0.41670737726263
603,mHGaQ_nv9UY$_$14,missing,T,w1_vs_w3,26,6,0.7142857142857143,0.5173534013037783
603,mHGaQ_nv9UY$_$14,missing,T,w3_vs_w5,26,6,0.3333333333333333,0.6950427350427351
603,mHGaQ_nv9UY$_$14,missing,T,w1_vs_w5,26,6,0.3333333333333333,0.32928706242930506
604,mHGaQ_nv9UY$_$17,missing,T,w1_vs_w3,29,6,0.5,0.4889764786443032
604,mHGaQ_nv9UY$_$17,missing,T,w3_vs_w5,29,6,0.7142857142857143,0.4359605911330048
604,mHGaQ_nv9UY$_$17,missing,T,w1_vs_w5,29,6,0.3333333333333333,0.0
605,mHGaQ_nv9UY$_$22,missing,T,w1_vs_w3,48,10,0.25,0.4139091846967294
605,mHGaQ_nv9UY$_$22,missing,T,w3_vs_w5,48,10,0.3333333333333333,0.7660325131054027
605,mHGaQ_nv9UY$_$22,missing,T,w1_vs_w5,48,10,0.1111111111111111,0.27004724020254794
606,mHGaQ_nv9UY$_$5,missing,T,w1_vs_w3,33,7,0.2727272727272727,0.5648395721925135
606,mHGaQ_nv9UY$_$5,missing,T,w3_vs_w5,33,7,0.4,0.5254010695187167
606,mHGaQ_nv9UY$_$5,missing,T,w1_vs_w5,33,7,0.2727272727272727,0.18783422459893048
607,mHGaQ_nv9UY$_$4,missing,T,w1_vs_w3,27,6,0.5,0.6794871794871794
607,mHGaQ_nv9UY$_$4,missing,T,w3_vs_w5,27,6,0.7142857142857143,0.7973137973137973
607,mHGaQ_nv9UY$_$4,missing,T,w1_vs_w5,27,6,0.3333333333333333,0.48107448107448103
608,mLW-jn67gRE$_$20,missing,T,w1_vs_w3,40,8,0.45454545454545453,0.6431519699812384
608,mLW-jn67gRE$_$20,missing,T,w3_vs_w5,40,8,0.3333333333333333,0.7099437148217638
608,mLW-jn67gRE$_$20,missing,T,w1_vs_w5,40,8,0.45454545454545453,0.34709193245778613
609,mLW-jn67gRE$_$17,missing,T,w1_vs_w3,41,9,0.5,0.6669571057803213
609,mLW-jn67gRE$_$17,missing,T,w3_vs_w5,41,9,0.6363636363636364,0.7301393728222999
609,mLW-jn67gRE$_$17,missing,T,w1_vs_w5,41,9,0.38461538461538464,0.41603137558472036
610,mLW-jn67gRE$_$1,missing,T,w1_vs_w3,14,3,0.2,0.5604395604395604
610,mLW-jn67gRE$_$1,missing,T,w3_vs_w5,14,3,1.0,0.4769230769230769
610,mLW-jn67gRE$_$1,missing,T,w1_vs_w5,14,3,0.2,0.665934065934066
611,mLW-jn67gRE$_$3,missing,A,w1_vs_w3,21,5,0.25,0.34361807593383364
611,mLW-jn67gRE$_$3,missing,A,w3_vs_w5,21,5,0.42857142857142855,0.6675324675324676
611,mLW-jn67gRE$_$3,missing,A,w1_vs_w5,21,5,0.25,-0.05131536483699972
612,mLW-jn67gRE$_$5,missing,T,w1_vs_w3,23,5,0.25,0.2396837236502394
612,mLW-jn67gRE$_$5,missing,T,w3_vs_w5,23,5,0.25,0.6271312274477397
612,mLW-jn67gRE$_$5,missing,T,w1_vs_w5,23,5,0.42857142857142855,0.34189723320158105
613,mLW-jn67gRE$_$6,missing,T,w1_vs_w3,35,7,0.2727272727272727,0.45129210839713224
613,mLW-jn67gRE$_$6,missing,T,w3_vs_w5,35,7,0.75,0.8198879551820729
613,mLW-jn67gRE$_$6,missing,T,w1_vs_w5,35,7,0.2727272727272727,0.3075845654997214
614,mLW-jn67gRE$_$9,missing,T,w1_vs_w3,13,3,0.2,-0.19780219780219782
614,mLW-jn67gRE$_$9,missing,T,w3_vs_w5,13,3,0.2,-0.12637362637362637
614,mLW-jn67gRE$_$9,missing,T,w1_vs_w5,13,3,0.0,-0.23626373626373626
615,mjpCK2Edsv8$_$0,missing,T,w1_vs_w3,48,10,0.42857142857142855,0.7107612996826597
615,mjpCK2Edsv8$_$0,missing,T,w3_vs_w5,48,10,0.5384615384615384,0.937798523664785
615,mjpCK2Edsv8$_$0,missing,T,w1_vs_w5,48,10,0.3333333333333333,0.6125661575468776
616,nUZYqTRSGDw$_$4,missing,T,w1_vs_w3,25,5,0.6666666666666666,0.4761538461538461
616,nUZYqTRSGDw$_$4,missing,T,w3_vs_w5,25,5,0.42857142857142855,0.6384615384615384
616,nUZYqTRSGDw$_$4,missing,T,w1_vs_w5,25,5,0.25,0.23384615384615384
617,nyzIL6YAonY$_$5,missing,T,w1_vs_w3,14,3,0.5,0.6571428571428571
617,nyzIL6YAonY$_$5,missing,T,w3_vs_w5,14,3,1.0,0.8681318681318682
617,nyzIL6YAonY$_$5,missing,T,w1_vs_w5,14,3,0.5,0.6043956043956044
618,nyzIL6YAonY$_$6,missing,T,w1_vs_w3,37,8,0.6,0.6149834044570887
618,nyzIL6YAonY$_$6,missing,T,w3_vs_w5,37,8,0.3333333333333333,0.906116642958748
618,nyzIL6YAonY$_$6,missing,T,w1_vs_w5,37,8,0.45454545454545453,0.47297297297297297
619,ooAF6I-fmTg$_$3,missing,T,w1_vs_w3,19,4,0.3333333333333333,0.3333333333333333
619,ooAF6I-fmTg$_$3,missing,T,w3_vs_w5,19,4,0.3333333333333333,0.7052631578947368
619,ooAF6I-fmTg$_$3,missing,T,w1_vs_w5,19,4,0.3333333333333333,0.2157894736842105
620,ooAF6I-fmTg$_$5,missing,T,w1_vs_w3,16,4,0.3333333333333333,0.4441176470588235
620,ooAF6I-fmTg$_$5,missing,T,w3_vs_w5,16,4,0.6,0.7735294117647058
620,ooAF6I-fmTg$_$5,missing,T,w1_vs_w5,16,4,0.14285714285714285,0.36176470588235293
621,ooAF6I-fmTg$_$7,missing,T,w1_vs_w3,22,5,0.6666666666666666,0.7910784867306607
621,ooAF6I-fmTg$_$7,missing,T,w3_vs_w5,22,5,1.0,0.9333709768492378
621,ooAF6I-fmTg$_$7,missing,T,w1_vs_w5,22,5,0.6666666666666666,0.6499153020892152
622,pOrk7fl1AYo$_$1,missing,V,w1_vs_w3,22,5,0.25,0.6883116883116884
622,pOrk7fl1AYo$_$1,missing,V,w3_vs_w5,22,5,0.6666666666666666,0.8181818181818183
622,pOrk7fl1AYo$_$1,missing,V,w1_vs_w5,22,5,0.42857142857142855,0.4116318464144552
623,pOrk7fl1AYo$_$3,missing,T,w1_vs_w3,26,6,0.2,0.5600957510479768
623,pOrk7fl1AYo$_$3,missing,T,w3_vs_w5,26,6,0.7142857142857143,0.9097435897435897
623,pOrk7fl1AYo$_$3,missing,T,w1_vs_w5,26,6,0.2,0.4824756439125123
624,pOrk7fl1AYo$_$2,missing,V,w1_vs_w3,10,2,0.3333333333333333,-0.3696969696969697
624,pOrk7fl1AYo$_$2,missing,V,w3_vs_w5,10,2,0.0,0.709090909090909
624,pOrk7fl1AYo$_$2,missing,V,w1_vs_w5,10,2,0.0,-0.6606060606060605
625,pOrk7fl1AYo$_$4,missing,T,w1_vs_w3,19,4,0.3333333333333333,0.6824561403508772
625,pOrk7fl1AYo$_$4,missing,T,w3_vs_w5,19,4,0.3333333333333333,0.8052631578947368
625,pOrk7fl1AYo$_$4,missing,T,w1_vs_w5,19,4,0.3333333333333333,0.5491228070175439
626,q9yDL81QppI$_$1,missing,T,w1_vs_w3,23,5,0.25,0.2707509881422925
626,q9yDL81QppI$_$1,missing,T,w3_vs_w5,23,5,0.1111111111111111,0.48320158102766797
626,q9yDL81QppI$_$1,missing,T,w1_vs_w5,23,5,0.1111111111111111,0.05632411067193676
627,q9yDL81QppI$_$0,missing,T,w1_vs_w3,24,5,0.25,0.6034370384237084
627,q9yDL81QppI$_$0,missing,T,w3_vs_w5,24,5,0.6666666666666666,0.9445531860602631
627,q9yDL81QppI$_$0,missing,T,w1_vs_w5,24,5,0.25,0.44889086456173205
628,q9yDL81QppI$_$2,missing,T,w1_vs_w3,25,5,0.42857142857142855,0.5590612187584237
628,q9yDL81QppI$_$2,missing,T,w3_vs_w5,25,5,0.0,0.33615384615384614
628,q9yDL81QppI$_$2,missing,T,w1_vs_w5,25,5,0.1111111111111111,0.3843786356088544
629,qK77ZmbqmOM$_$9,missing,A,w1_vs_w3,21,5,0.25,0.487012987012987
629,qK77ZmbqmOM$_$9,missing,A,w3_vs_w5,21,5,0.6666666666666666,0.8662337662337661
629,qK77ZmbqmOM$_$9,missing,A,w1_vs_w5,21,5,0.25,0.3025974025974026
630,qK77ZmbqmOM$_$0,missing,T,w1_vs_w3,32,7,0.4,0.5960410557184751
630,qK77ZmbqmOM$_$0,missing,T,w3_vs_w5,32,7,0.75,0.8244134897360703
630,qK77ZmbqmOM$_$0,missing,T,w1_vs_w5,32,7,0.4,0.4494134897360703
631,qY1sXq-YCHs$_$8,missing,V,w1_vs_w3,15,3,0.5,0.6749999999999999
631,qY1sXq-YCHs$_$8,missing,V,w3_vs_w5,15,3,0.5,0.9785714285714284
631,qY1sXq-YCHs$_$8,missing,V,w1_vs_w5,15,3,0.5,0.6678571428571428
632,qmMSumMloAs$_$1,missing,T,w1_vs_w3,30,6,0.3333333333333333,0.4067193261345165
632,qmMSumMloAs$_$1,missing,T,w3_vs_w5,30,6,0.7142857142857143,0.8389321468298109
632,qmMSumMloAs$_$1,missing,T,w1_vs_w5,30,6,0.2,0.29569473984287337
633,qmMSumMloAs$_$3,missing,T,w1_vs_w3,15,3,0.2,0.47857142857142854
633,qmMSumMloAs$_$3,missing,T,w3_vs_w5,15,3,1.0,0.9464285714285712
633,qmMSumMloAs$_$3,missing,T,w1_vs_w5,15,3,0.2,0.3607142857142856
634,qmMSumMloAs$_$2,missing,T,w1_vs_w3,41,9,0.5,0.703658536585366
634,qmMSumMloAs$_$2,missing,T,w3_vs_w5,41,9,0.6363636363636364,0.9067944250871081
634,qmMSumMloAs$_$2,missing,T,w1_vs_w5,41,9,0.2857142857142857,0.5095818815331011
635,r13W4H8ZhqI$_$12,missing,T,w1_vs_w3,20,4,1.0,0.78796992481203
635,r13W4H8ZhqI$_$12,missing,T,w3_vs_w5,20,4,0.6,0.8120300751879698
635,r13W4H8ZhqI$_$12,missing,T,w1_vs_w5,20,4,0.6,0.6781954887218045
636,r13W4H8ZhqI$_$1,missing,T,w1_vs_w3,42,9,0.5,0.5621100397050482
636,r13W4H8ZhqI$_$1,missing,T,w3_vs_w5,42,9,0.8,0.8505793695810713
636,r13W4H8ZhqI$_$1,missing,T,w1_vs_w5,42,9,0.38461538461538464,0.3831942306134025
637,r13W4H8ZhqI$_$5,missing,A,w1_vs_w3,15,3,0.5,0.7607142857142856
637,r13W4H8ZhqI$_$5,missing,A,w3_vs_w5,15,3,0.5,0.9642857142857141
637,r13W4H8ZhqI$_$5,missing,A,w1_vs_w5,15,3,1.0,0.7607142857142856
638,r13W4H8ZhqI$_$8,missing,T,w1_vs_w3,27,6,0.3333333333333333,0.5245000824350576
638,r13W4H8ZhqI$_$8,missing,T,w3_vs_w5,27,6,0.5,0.8876678876678876
638,r13W4H8ZhqI$_$8,missing,T,w1_vs_w5,27,6,0.2,0.3611662383705897
639,r5ijC2W9ddk$_$8,missing,T,w1_vs_w3,33,7,0.4,0.5741978609625669
639,r5ijC2W9ddk$_$8,missing,T,w3_vs_w5,33,7,0.75,0.9268048128342247
639,r5ijC2W9ddk$_$8,missing,T,w1_vs_w5,33,7,0.4,0.49598930481283426
640,r5ijC2W9ddk$_$0,missing,T,w1_vs_w3,15,3,0.5,0.48571428571428565
640,r5ijC2W9ddk$_$0,missing,T,w3_vs_w5,15,3,1.0,0.914285714285714
640,r5ijC2W9ddk$_$0,missing,T,w1_vs_w5,15,3,0.5,0.4071428571428571
641,r9tgDqXEcuc$_$4,missing,T,w1_vs_w3,22,5,0.42857142857142855,0.48729531338226995
641,r9tgDqXEcuc$_$4,missing,T,w3_vs_w5,22,5,0.6666666666666666,0.8881987577639752
641,r9tgDqXEcuc$_$4,missing,T,w1_vs_w5,22,5,0.25,0.5042348955392434
642,rf0yDSeVEUA$_$1,missing,T,w1_vs_w3,48,10,0.42857142857142855,0.41788372243854505
642,rf0yDSeVEUA$_$1,missing,T,w3_vs_w5,48,10,0.5384615384615384,0.8605080330004343
642,rf0yDSeVEUA$_$1,missing,T,w1_vs_w5,48,10,0.42857142857142855,0.3939410536590987
643,rf0yDSeVEUA$_$0,missing,T,w1_vs_w3,26,6,0.5,0.589059829059829
643,rf0yDSeVEUA$_$0,missing,T,w3_vs_w5,26,6,0.5,0.6738461538461538
643,rf0yDSeVEUA$_$0,missing,T,w1_vs_w5,26,6,0.3333333333333333,0.2957264957264957
644,rf0yDSeVEUA$_$3,missing,T,w1_vs_w3,48,10,0.42857142857142855,0.28712548849326963
644,rf0yDSeVEUA$_$3,missing,T,w3_vs_w5,48,10,0.3333333333333333,0.6607685627442467
644,rf0yDSeVEUA$_$3,missing,T,w1_vs_w5,48,10,0.25,0.16337386018237082
645,rojyUp4FPSg$_$26,missing,T,w1_vs_w3,48,10,0.5384615384615384,0.6070507777631138
645,rojyUp4FPSg$_$26,missing,T,w3_vs_w5,48,10,0.6666666666666666,0.9034114042461789
645,rojyUp4FPSg$_$26,missing,T,w1_vs_w5,48,10,0.5384615384615384,0.5260272485480106
646,rojyUp4FPSg$_$20,missing,T,w1_vs_w3,32,7,0.5555555555555556,0.6084884270788864
646,rojyUp4FPSg$_$20,missing,T,w3_vs_w5,32,7,0.75,0.8925953079178885
646,rojyUp4FPSg$_$20,missing,T,w1_vs_w5,32,7,0.4,0.49848750624510163
647,rojyUp4FPSg$_$21,missing,T,w1_vs_w3,13,3,0.2,0.8241758241758241
647,rojyUp4FPSg$_$21,missing,T,w3_vs_w5,13,3,0.5,0.9835164835164836
647,rojyUp4FPSg$_$21,missing,T,w1_vs_w5,13,3,0.5,0.8516483516483516
648,rojyUp4FPSg$_$23,missing,T,w1_vs_w3,7,2,1.0,0.9285714285714288
648,rojyUp4FPSg$_$23,missing,T,w3_vs_w5,7,2,0.0,0.7783117824941564
648,rojyUp4FPSg$_$23,missing,T,w1_vs_w5,7,2,0.0,0.7412493166611013
649,rojyUp4FPSg$_$5,missing,T,w1_vs_w3,27,6,0.5,0.6544566544566545
649,rojyUp4FPSg$_$5,missing,T,w3_vs_w5,27,6,0.7142857142857143,0.8901098901098901
649,rojyUp4FPSg$_$5,missing,T,w1_vs_w5,27,6,0.7142857142857143,0.6086691086691086
650,rojyUp4FPSg$_$7,missing,T,w1_vs_w3,45,9,0.5,0.592490118577075
650,rojyUp4FPSg$_$7,missing,T,w3_vs_w5,45,9,0.5,0.8722002635046113
650,rojyUp4FPSg$_$7,missing,T,w1_vs_w5,45,9,0.2857142857142857,0.44005270092226606
651,rojyUp4FPSg$_$9,missing,T,w1_vs_w3,26,6,0.3333333333333333,0.6198290598290598
651,rojyUp4FPSg$_$9,missing,T,w3_vs_w5,26,6,0.7142857142857143,0.6909401709401709
651,rojyUp4FPSg$_$9,missing,T,w1_vs_w5,26,6,0.2,0.4741880341880342
652,rojyUp4FPSg$_$10,missing,T,w1_vs_w3,14,3,0.2,0.45494505494505494
652,rojyUp4FPSg$_$10,missing,T,w3_vs_w5,14,3,1.0,0.9692307692307693
652,rojyUp4FPSg$_$10,missing,T,w1_vs_w5,14,3,0.2,0.45054945054945056
653,rojyUp4FPSg$_$12,missing,T,w1_vs_w3,7,2,1.0,0.3214285714285715
653,rojyUp4FPSg$_$12,missing,T,w3_vs_w5,7,2,0.0,0.630061919161936
653,rojyUp4FPSg$_$12,missing,T,w1_vs_w5,7,2,0.0,0.11118739749916519
654,rojyUp4FPSg$_$16,missing,T,w1_vs_w3,12,3,0.5,0.5814369687208275
654,rojyUp4FPSg$_$16,missing,T,w3_vs_w5,12,3,0.5,0.8391608391608393
654,rojyUp4FPSg$_$16,missing,T,w1_vs_w5,12,3,0.5,0.5954474980875943
655,rojyUp4FPSg$_$18,missing,T,w1_vs_w3,17,4,0.0,0.4093137254901961
655,rojyUp4FPSg$_$18,missing,T,w3_vs_w5,17,4,0.3333333333333333,0.41421568627450983
655,rojyUp4FPSg$_$18,missing,T,w1_vs_w5,17,4,0.0,-0.06127450980392158
656,rojyUp4FPSg$_$37,missing,T,w1_vs_w3,21,5,0.42857142857142855,0.4285714285714285
656,rojyUp4FPSg$_$37,missing,T,w3_vs_w5,21,5,0.25,0.8298701298701299
656,rojyUp4FPSg$_$37,missing,T,w1_vs_w5,21,5,0.42857142857142855,0.3649350649350649
657,rojyUp4FPSg$_$36,missing,T,w1_vs_w3,6,2,1.0,0.8857142857142858
657,rojyUp4FPSg$_$36,missing,T,w3_vs_w5,6,2,0.3333333333333333,0.7775419143502353
657,rojyUp4FPSg$_$36,missing,T,w1_vs_w5,6,2,0.3333333333333333,0.8451542547285165
658,rojyUp4FPSg$_$34,missing,T,w1_vs_w3,34,7,0.75,0.7225362872421696
658,rojyUp4FPSg$_$34,missing,T,w3_vs_w5,34,7,0.75,0.9303284950343774
658,rojyUp4FPSg$_$34,missing,T,w1_vs_w5,34,7,0.5555555555555556,0.6721161191749426
659,rojyUp4FPSg$_$32,missing,T,w1_vs_w3,7,2,1.0,0.7500000000000002
659,rojyUp4FPSg$_$32,missing,T,w3_vs_w5,7,2,0.0,0.630061919161936
659,rojyUp4FPSg$_$32,missing,T,w1_vs_w5,7,2,0.0,0.22237479499833038
660,rwNlqh0k1j4$_$15,missing,T,w1_vs_w3,43,9,0.38461538461538464,0.6525218967079432
660,rwNlqh0k1j4$_$15,missing,T,w3_vs_w5,43,9,0.6363636363636364,0.8205980066445182
660,rwNlqh0k1j4$_$15,missing,T,w1_vs_w5,43,9,0.38461538461538464,0.41709453337360314
661,rwNlqh0k1j4$_$3,missing,T,w1_vs_w3,17,4,0.6,0.9012877230528168
661,rwNlqh0k1j4$_$3,missing,T,w3_vs_w5,17,4,0.6,0.7720588235294118
661,rwNlqh0k1j4$_$3,missing,T,w1_vs_w5,17,4,0.3333333333333333,0.6854691662401695
662,rwNlqh0k1j4$_$2,missing,T,w1_vs_w3,22,5,0.42857142857142855,0.8690005646527387
662,rwNlqh0k1j4$_$2,missing,T,w3_vs_w5,22,5,0.6666666666666666,0.8836815358554491
662,rwNlqh0k1j4$_$2,missing,T,w1_vs_w5,22,5,0.42857142857142855,0.743647656691135
663,rwNlqh0k1j4$_$7,missing,V,w1_vs_w3,32,7,0.2727272727272727,0.1851173020527859
663,rwNlqh0k1j4$_$7,missing,V,w3_vs_w5,32,7,0.75,0.9461143695014661
663,rwNlqh0k1j4$_$7,missing,V,w1_vs_w5,32,7,0.16666666666666666,0.1063049853372434
664,sC16n1k66io$_$2,missing,T,w1_vs_w3,32,7,0.4,0.6755865102639296
664,sC16n1k66io$_$2,missing,T,w3_vs_w5,32,7,0.5555555555555556,0.8793988269794721
664,sC16n1k66io$_$2,missing,T,w1_vs_w5,32,7,0.4,0.5073313782991201
665,sC16n1k66io$_$16,missing,T,w1_vs_w3,12,3,0.5,0.8741258741258742
665,sC16n1k66io$_$16,missing,T,w3_vs_w5,12,3,1.0,0.9720279720279721
665,sC16n1k66io$_$16,missing,T,w1_vs_w5,12,3,0.5,0.7762237762237763
666,sPremsknoLM$_$1,missing,A,w1_vs_w3,6,2,0.0,-0.2
666,sPremsknoLM$_$1,missing,A,w3_vs_w5,6,2,0.3333333333333333,0.8451542547285165
666,sPremsknoLM$_$1,missing,A,w1_vs_w5,6,2,0.0,-0.304255531702266
667,ssqiwP19JhM$_$10,missing,T,w1_vs_w3,39,8,0.45454545454545453,0.39635627530364376
667,ssqiwP19JhM$_$10,missing,T,w3_vs_w5,39,8,0.7777777777777778,0.8876518218623481
667,ssqiwP19JhM$_$10,missing,T,w1_vs_w5,39,8,0.45454545454545453,0.3315789473684211
668,ssqiwP19JhM$_$2,missing,V,w1_vs_w3,22,5,0.42857142857142855,0.6265202754217207
668,ssqiwP19JhM$_$2,missing,V,w3_vs_w5,22,5,0.42857142857142855,0.665725578769057
668,ssqiwP19JhM$_$2,missing,V,w1_vs_w5,22,5,0.25,0.17811722631574187
669,szic2IB9HB4$_$5,missing,T,w1_vs_w3,13,3,0.2,0.45604395604395603
669,szic2IB9HB4$_$5,missing,T,w3_vs_w5,13,3,1.0,0.7967032967032966
669,szic2IB9HB4$_$5,missing,T,w1_vs_w5,13,3,0.2,0.21428571428571427
670,tQ-CIfgj-Js$_$3,missing,T,w1_vs_w3,48,10,0.6666666666666666,0.6536760118563286
670,tQ-CIfgj-Js$_$3,missing,T,w3_vs_w5,48,10,0.6666666666666666,0.8573599652627008
670,tQ-CIfgj-Js$_$3,missing,T,w1_vs_w5,48,10,0.6666666666666666,0.4985480502283798
671,tXQpm-nKxNA$_$5,missing,T,w1_vs_w3,19,4,0.6,0.6719298245614035
671,tXQpm-nKxNA$_$5,missing,T,w3_vs_w5,19,4,1.0,0.8982456140350877
671,tXQpm-nKxNA$_$5,missing,T,w1_vs_w5,19,4,0.6,0.6175438596491227
672,tXQpm-nKxNA$_$7,missing,T,w1_vs_w3,29,6,0.3333333333333333,0.2990147783251231
672,tXQpm-nKxNA$_$7,missing,T,w3_vs_w5,29,6,0.7142857142857143,0.9137931034482757
672,tXQpm-nKxNA$_$7,missing,T,w1_vs_w5,29,6,0.5,0.24088669950738908
673,uacdDoBtT1k$_$0,missing,V,w1_vs_w3,48,10,0.3333333333333333,0.5265604421286858
673,uacdDoBtT1k$_$0,missing,V,w3_vs_w5,48,10,0.42857142857142855,0.861603822021812
673,uacdDoBtT1k$_$0,missing,V,w1_vs_w5,48,10,0.3333333333333333,0.33283087721508087
674,uacdDoBtT1k$_$6,missing,V,w1_vs_w3,28,6,0.7142857142857143,0.35670886334313273
674,uacdDoBtT1k$_$6,missing,V,w3_vs_w5,28,6,0.5,0.9033407707311629
674,uacdDoBtT1k$_$6,missing,V,w1_vs_w5,28,6,0.3333333333333333,0.2609375894160041
675,unNY4zIk8MM$_$1,missing,T,w1_vs_w3,30,6,0.3333333333333333,0.5123470522803114
675,unNY4zIk8MM$_$1,missing,T,w3_vs_w5,30,6,0.7142857142857143,0.6858731924360401
675,unNY4zIk8MM$_$1,missing,T,w1_vs_w5,30,6,0.3333333333333333,0.1385984427141268
676,unNY4zIk8MM$_$3,missing,T,w1_vs_w3,17,4,0.3333333333333333,0.7254901960784315
676,unNY4zIk8MM$_$3,missing,T,w3_vs_w5,17,4,0.3333333333333333,0.6470588235294119
676,unNY4zIk8MM$_$3,missing,T,w1_vs_w5,17,4,0.3333333333333333,0.30637254901960786
677,unNY4zIk8MM$_$5,missing,T,w1_vs_w3,21,5,0.42857142857142855,0.7883116883116883
677,unNY4zIk8MM$_$5,missing,T,w3_vs_w5,21,5,0.42857142857142855,0.7948051948051948
677,unNY4zIk8MM$_$5,missing,T,w1_vs_w5,21,5,0.42857142857142855,0.6155844155844156
678,unNY4zIk8MM$_$8,missing,V,w1_vs_w3,12,3,0.5,0.8811188811188813
678,unNY4zIk8MM$_$8,missing,V,w3_vs_w5,12,3,1.0,0.6503496503496504
678,unNY4zIk8MM$_$8,missing,V,w1_vs_w5,12,3,0.5,0.44055944055944063
679,uooIiW6dEyg$_$1,missing,T,w1_vs_w3,8,2,0.3333333333333333,0.2380952380952381
679,uooIiW6dEyg$_$1,missing,T,w3_vs_w5,8,2,0.3333333333333333,0.8024095954818835
679,uooIiW6dEyg$_$1,missing,T,w1_vs_w5,8,2,0.3333333333333333,0.09581010095306072
680,uooIiW6dEyg$_$5,missing,T,w1_vs_w3,35,7,0.4,0.6993976816058677
680,uooIiW6dEyg$_$5,missing,T,w3_vs_w5,35,7,0.4,0.8885154061624652
680,uooIiW6dEyg$_$5,missing,T,w1_vs_w5,35,7,0.4,0.547975912365743
681,v2Rr-EsJda8$_$0,missing,A,w1_vs_w3,10,2,0.3333333333333333,0.23708316203522517
681,v2Rr-EsJda8$_$0,missing,A,w3_vs_w5,10,2,0.0,-0.34545454545454546
681,v2Rr-EsJda8$_$0,missing,A,w1_vs_w5,10,2,0.0,-0.35258521533443743
682,v2Rr-EsJda8$_$6,missing,T,w1_vs_w3,12,3,0.5,0.4895104895104896
682,v2Rr-EsJda8$_$6,missing,T,w3_vs_w5,12,3,0.5,0.9160839160839163
682,v2Rr-EsJda8$_$6,missing,T,w1_vs_w5,12,3,1.0,0.5874125874125874
683,v9gjg7TDlTA$_$0,missing,T,w1_vs_w3,16,4,0.14285714285714285,0.22663729461652515
683,v9gjg7TDlTA$_$0,missing,T,w3_vs_w5,16,4,1.0,0.8705882352941177
683,v9gjg7TDlTA$_$0,missing,T,w1_vs_w5,16,4,0.14285714285714285,0.1486387451705782
684,v9gjg7TDlTA$_$4,missing,T,w1_vs_w3,20,4,0.6,0.4541353383458646
684,v9gjg7TDlTA$_$4,missing,T,w3_vs_w5,20,4,1.0,0.8766917293233082
684,v9gjg7TDlTA$_$4,missing,T,w1_vs_w5,20,4,0.6,0.3533834586466165
685,vHzbn_YW76s$_$3,missing,T,w1_vs_w3,19,4,0.3333333333333333,0.531578947368421
685,vHzbn_YW76s$_$3,missing,T,w3_vs_w5,19,4,1.0,0.7859649122807018
685,vHzbn_YW76s$_$3,missing,T,w1_vs_w5,19,4,0.3333333333333333,0.4736842105263158
686,vU0a4F36Ksw$_$13,missing,T,w1_vs_w3,31,7,0.16666666666666666,0.25970360047295277
686,vU0a4F36Ksw$_$13,missing,T,w3_vs_w5,31,7,0.07692307692307693,0.267741935483871
686,vU0a4F36Ksw$_$13,missing,T,w1_vs_w5,31,7,0.16666666666666666,0.4480290374618798
687,vU0a4F36Ksw$_$12,missing,T,w1_vs_w3,22,5,0.6666666666666666,0.8226990400903446
687,vU0a4F36Ksw$_$12,missing,T,w3_vs_w5,22,5,0.6666666666666666,0.9040090344438172
687,vU0a4F36Ksw$_$12,missing,T,w1_vs_w5,22,5,0.42857142857142855,0.7108977978543197
688,vU0a4F36Ksw$_$17,missing,T,w1_vs_w3,16,4,0.6,0.8470588235294119
688,vU0a4F36Ksw$_$17,missing,T,w3_vs_w5,16,4,0.6,0.9529411764705882
688,vU0a4F36Ksw$_$17,missing,T,w1_vs_w5,16,4,0.3333333333333333,0.7852941176470588
689,vU0a4F36Ksw$_$0,missing,T,w1_vs_w3,48,10,0.42857142857142855,0.618737448667021
689,vU0a4F36Ksw$_$0,missing,T,w3_vs_w5,48,10,0.8181818181818182,0.9448545375597046
689,vU0a4F36Ksw$_$0,missing,T,w1_vs_w5,48,10,0.3333333333333333,0.48618574679450016
690,vU0a4F36Ksw$_$3,missing,T,w1_vs_w3,6,2,1.0,0.48571428571428577
690,vU0a4F36Ksw$_$3,missing,T,w3_vs_w5,6,2,0.0,0.6761234037828132
690,vU0a4F36Ksw$_$3,missing,T,w1_vs_w5,6,2,0.0,0.5408987230262506
691,vU0a4F36Ksw$_$5,missing,T,w1_vs_w3,28,6,0.3333333333333333,0.7443897099069513
691,vU0a4F36Ksw$_$5,missing,T,w3_vs_w5,28,6,0.5,0.886152162014231
691,vU0a4F36Ksw$_$5,missing,T,w1_vs_w5,28,6,0.2,0.6124794745484401
692,vU0a4F36Ksw$_$7,missing,T,w1_vs_w3,19,4,0.3333333333333333,0.5649122807017544
692,vU0a4F36Ksw$_$7,missing,T,w3_vs_w5,19,4,0.6,0.9245614035087718
692,vU0a4F36Ksw$_$7,missing,T,w1_vs_w5,19,4,0.3333333333333333,0.5473684210526315
693,vU0a4F36Ksw$_$20,missing,T,w1_vs_w3,4,1,0.0,0.7378647873726218
693,vU0a4F36Ksw$_$20,missing,T,w3_vs_w5,4,1,0.0,0.0
693,vU0a4F36Ksw$_$20,missing,T,w1_vs_w5,4,1,0.0,0.0
694,vbr3EA8cJTI$_$0,missing,T,w1_vs_w3,19,4,0.6,0.6368421052631579
694,vbr3EA8cJTI$_$0,missing,T,w3_vs_w5,19,4,1.0,0.887719298245614
694,vbr3EA8cJTI$_$0,missing,T,w1_vs_w5,19,4,0.6,0.6350877192982456
695,vbr3EA8cJTI$_$2,missing,T,w1_vs_w3,25,5,0.1111111111111111,0.536923076923077
695,vbr3EA8cJTI$_$2,missing,T,w3_vs_w5,25,5,0.6666666666666666,0.8253846153846154
695,vbr3EA8cJTI$_$2,missing,T,w1_vs_w5,25,5,0.1111111111111111,0.3569230769230769
696,vbr3EA8cJTI$_$7,missing,T,w1_vs_w3,22,5,0.6666666666666666,0.751552795031056
696,vbr3EA8cJTI$_$7,missing,T,w3_vs_w5,22,5,1.0,0.8927159796725015
696,vbr3EA8cJTI$_$7,missing,T,w1_vs_w5,22,5,0.6666666666666666,0.6973461321287409
697,vbr3EA8cJTI$_$6,missing,T,w1_vs_w3,28,6,0.7142857142857143,0.3700054734537493
697,vbr3EA8cJTI$_$6,missing,T,w3_vs_w5,28,6,1.0,0.9419813902572524
697,vbr3EA8cJTI$_$6,missing,T,w1_vs_w5,28,6,0.7142857142857143,0.3223864258347017
698,wF8980oGklk$_$24,missing,T,w1_vs_w3,22,5,0.6666666666666666,0.7684923771880295
698,wF8980oGklk$_$24,missing,T,w3_vs_w5,22,5,0.6666666666666666,0.865612648221344
698,wF8980oGklk$_$24,missing,T,w1_vs_w5,22,5,0.6666666666666666,0.6205533596837945
699,wF8980oGklk$_$25,missing,T,w1_vs_w3,10,2,1.0,0.35757575757575755
699,wF8980oGklk$_$25,missing,T,w3_vs_w5,10,2,0.0,0.6848484848484848
699,wF8980oGklk$_$25,missing,T,w1_vs_w5,10,2,0.0,-0.09090909090909088
700,wF8980oGklk$_$1,missing,A,w1_vs_w3,7,2,0.3333333333333333,-0.14285714285714288
700,wF8980oGklk$_$1,missing,A,w3_vs_w5,7,2,0.3333333333333333,0.7041868508280462
700,wF8980oGklk$_$1,missing,A,w1_vs_w5,7,2,0.3333333333333333,-0.18531232916527532
701,wF8980oGklk$_$0,missing,A,w1_vs_w3,18,4,0.6,0.543859649122807
701,wF8980oGklk$_$0,missing,A,w3_vs_w5,18,4,1.0,0.8080495356037152
701,wF8980oGklk$_$0,missing,A,w1_vs_w5,18,4,0.6,0.587203302373581
702,wF8980oGklk$_$3,missing,V,w1_vs_w3,17,4,0.3333333333333333,0.3090129336181086
702,wF8980oGklk$_$3,missing,V,w3_vs_w5,17,4,0.3333333333333333,0.6838235294117648
702,wF8980oGklk$_$3,missing,V,w1_vs_w5,17,4,0.0,-0.1459227742085513
703,wF8980oGklk$_$2,missing,T,w1_vs_w3,5,1,0.0,0.3
703,wF8980oGklk$_$2,missing,T,w3_vs_w5,5,1,0.0,0.0
703,wF8980oGklk$_$2,missing,T,w1_vs_w5,5,1,0.0,0.0
704,wF8980oGklk$_$6,missing,T,w1_vs_w3,24,5,0.6666666666666666,0.7701674459082531
704,wF8980oGklk$_$6,missing,T,w3_vs_w5,24,5,0.42857142857142855,0.9008695652173913
704,wF8980oGklk$_$6,missing,T,w1_vs_w5,24,5,0.25,0.5836051453466267
705,wF8980oGklk$_$17,missing,T,w1_vs_w3,23,5,0.42857142857142855,0.42391304347826086
705,wF8980oGklk$_$17,missing,T,w3_vs_w5,23,5,1.0,0.8290513833992096
705,wF8980oGklk$_$17,missing,T,w1_vs_w5,23,5,0.42857142857142855,0.49011857707509887
706,wosolsrH3sM$_$6,missing,T,w1_vs_w3,48,10,0.42857142857142855,0.7061441597915763
706,wosolsrH3sM$_$6,missing,T,w3_vs_w5,48,10,0.6666666666666666,0.9373643074250976
706,wosolsrH3sM$_$6,missing,T,w1_vs_w5,48,10,0.42857142857142855,0.6207121146330872
707,x-zGBp7axao$_$3,missing,T,w1_vs_w3,48,10,0.5384615384615384,0.6045375597047329
707,x-zGBp7axao$_$3,missing,T,w3_vs_w5,48,10,0.6666666666666666,0.8436821537125488
707,x-zGBp7axao$_$3,missing,T,w1_vs_w5,48,10,0.3333333333333333,0.38341293964394263
708,x2lOwQaAn4g$_$4,missing,T,w1_vs_w3,18,4,0.6,0.6577182084551142
708,x2lOwQaAn4g$_$4,missing,T,w3_vs_w5,18,4,0.6,0.9298245614035088
708,x2lOwQaAn4g$_$4,missing,T,w1_vs_w5,18,4,0.3333333333333333,0.5967992535118618
709,xUgAP84vsg4$_$15,missing,T,w1_vs_w3,21,5,0.42857142857142855,0.5025974025974026
709,xUgAP84vsg4$_$15,missing,T,w3_vs_w5,21,5,1.0,0.877922077922078
709,xUgAP84vsg4$_$15,missing,T,w1_vs_w5,21,5,0.42857142857142855,0.3025974025974026
710,xUgAP84vsg4$_$4,missing,T,w1_vs_w3,22,5,0.25,0.5561829474872955
710,xUgAP84vsg4$_$4,missing,T,w3_vs_w5,22,5,0.25,0.7583286278938454
710,xUgAP84vsg4$_$4,missing,T,w1_vs_w5,22,5,0.25,0.21287408243929987
711,xUgAP84vsg4$_$8,missing,T,w1_vs_w3,10,2,0.3333333333333333,0.22424242424242422
711,xUgAP84vsg4$_$8,missing,T,w3_vs_w5,10,2,0.3333333333333333,0.8545454545454544
711,xUgAP84vsg4$_$8,missing,T,w1_vs_w5,10,2,0.3333333333333333,0.01818181818181818
712,xivYoEUQ5sk$_$5,missing,T,w1_vs_w3,45,9,0.6363636363636364,0.4816364177980944
712,xivYoEUQ5sk$_$5,missing,T,w3_vs_w5,45,9,0.6363636363636364,0.8787878787878787
712,xivYoEUQ5sk$_$5,missing,T,w1_vs_w5,45,9,0.5,0.4068645214500111
713,xivYoEUQ5sk$_$4,missing,T,w1_vs_w3,26,6,0.3333333333333333,0.7634188034188034
713,xivYoEUQ5sk$_$4,missing,T,w3_vs_w5,26,6,0.5,0.7921367521367522
713,xivYoEUQ5sk$_$4,missing,T,w1_vs_w5,26,6,0.2,0.4892307692307692
714,xjsaS-LeZ14$_$20,missing,T,w1_vs_w3,19,4,0.6,0.5046073324739202
714,xjsaS-LeZ14$_$20,missing,T,w3_vs_w5,19,4,0.14285714285714285,0.2368421052631579
714,xjsaS-LeZ14$_$20,missing,T,w1_vs_w5,19,4,0.14285714285714285,-0.03773585268935404
715,xjsaS-LeZ14$_$14,missing,T,w1_vs_w3,19,4,0.6,0.5844669277002276
715,xjsaS-LeZ14$_$14,missing,T,w3_vs_w5,19,4,0.0,0.46491228070175433
715,xjsaS-LeZ14$_$14,missing,T,w1_vs_w5,19,4,0.0,0.40631859988769575
716,xjsaS-LeZ14$_$6,missing,T,w1_vs_w3,48,10,0.6666666666666666,0.6022363359032018
716,xjsaS-LeZ14$_$6,missing,T,w3_vs_w5,48,10,0.42857142857142855,0.904363873208858
716,xjsaS-LeZ14$_$6,missing,T,w1_vs_w5,48,10,0.3333333333333333,0.43999348705104585
717,y8HXGm1-Ecw$_$7,missing,T,w1_vs_w3,23,5,0.25,0.35375494071146246
717,y8HXGm1-Ecw$_$7,missing,T,w3_vs_w5,23,5,1.0,0.8873517786561266
717,y8HXGm1-Ecw$_$7,missing,T,w1_vs_w5,23,5,0.25,0.3201581027667984
718,y9FyTEyGy5Y$_$1,missing,T,w1_vs_w3,13,3,1.0,0.7637362637362637
718,y9FyTEyGy5Y$_$1,missing,T,w3_vs_w5,13,3,0.2,0.7637362637362637
718,y9FyTEyGy5Y$_$1,missing,T,w1_vs_w5,13,3,0.2,0.48901098901098894
719,zhE_68GMJIk$_$8,missing,A,w1_vs_w3,23,5,0.25,0.5039525691699606
719,zhE_68GMJIk$_$8,missing,A,w3_vs_w5,23,5,0.42857142857142855,0.9288537549407114
719,zhE_68GMJIk$_$8,missing,A,w1_vs_w5,23,5,0.42857142857142855,0.3448616600790514
720,zhE_68GMJIk$_$5,missing,T,w1_vs_w3,29,6,0.3333333333333333,0.4148294156357715
720,zhE_68GMJIk$_$5,missing,T,w3_vs_w5,29,6,0.7142857142857143,0.8172413793103447
720,zhE_68GMJIk$_$5,missing,T,w1_vs_w5,29,6,0.3333333333333333,0.17268136600990253
721,zjYEBwXGD8I$_$13,missing,T,w1_vs_w3,38,8,0.45454545454545453,0.630375314585841
721,zjYEBwXGD8I$_$13,missing,T,w3_vs_w5,38,8,0.7777777777777778,0.9330342488237224
721,zjYEBwXGD8I$_$13,missing,T,w1_vs_w5,38,8,0.3333333333333333,0.5143888828099354
722,zjYEBwXGD8I$_$15,missing,T,w1_vs_w3,20,4,0.6,0.12180451127819547
722,zjYEBwXGD8I$_$15,missing,T,w3_vs_w5,20,4,0.3333333333333333,0.7218045112781954
722,zjYEBwXGD8I$_$15,missing,T,w1_vs_w5,20,4,0.14285714285714285,0.09924812030075188
723,zjYEBwXGD8I$_$0,missing,T,w1_vs_w3,11,3,0.5,0.03644656380625642
723,zjYEBwXGD8I$_$0,missing,T,w3_vs_w5,11,3,0.5,0.5545454545454546
723,zjYEBwXGD8I$_$0,missing,T,w1_vs_w5,11,3,0.5,0.6287032256579232
724,zjYEBwXGD8I$_$2,missing,T,w1_vs_w3,13,3,0.5,0.5879120879120878
724,zjYEBwXGD8I$_$2,missing,T,w3_vs_w5,13,3,0.5,0.7307692307692307
724,zjYEBwXGD8I$_$2,missing,T,w1_vs_w5,13,3,0.5,0.5549450549450549
725,zjYEBwXGD8I$_$4,missing,V,w1_vs_w3,40,8,0.45454545454545453,0.7565318094781905
725,zjYEBwXGD8I$_$4,missing,V,w3_vs_w5,40,8,0.7777777777777778,0.7904315196998125
725,zjYEBwXGD8I$_$4,missing,V,w1_vs_w5,40,8,0.3333333333333333,0.5291306196959
726,zjYEBwXGD8I$_$9,missing,T,w1_vs_w3,26,6,0.5,0.6116239316239316
726,zjYEBwXGD8I$_$9,missing,T,w3_vs_w5,26,6,0.7142857142857143,0.9083760683760682
726,zjYEBwXGD8I$_$9,missing,T,w1_vs_w5,26,6,0.3333333333333333,0.4345299145299145
727,zk2jTlAtvSU$_$3,missing,T,w1_vs_w3,32,7,0.4,0.597873900293255
727,zk2jTlAtvSU$_$3,missing,T,w3_vs_w5,32,7,0.75,0.8222140762463344
727,zk2jTlAtvSU$_$3,missing,T,w1_vs_w5,32,7,0.5555555555555556,0.4450146627565982
