sample_index,sample_id,baseline,coalition,c_star,pred_class_id,logit_negative,logit_neutral,logit_positive,v_cls,y_raw,v_reg,v_reg_clipped,weight_text,weight_audio,weight_vision
0,-UacrmKiTn4$_$7,missing,EMPTY,1,1,0.8364258,1.3271484,-1.6230469,0.49072266,-0.50341796875,-0.39368489086627967,-0.39368489086627967,0.4368359,0.30249837,0.2606657
1,-qDkUB0GgYY$_$5,missing,EMPTY,2,0,2.6464844,-1.5214844,-2.3164062,-4.9628906,-2.2890625,-1.8222005158662797,-1.8222005158662797,0.49836522,0.25794253,0.24369225
2,0utROiKxejc$_$1,missing,EMPTY,2,1,-0.41381836,2.453125,-0.5498047,-3.0029297,0.1123046875,0.09889323413372034,0.09889323413372034,0.38861182,0.32657254,0.28481564
3,0utROiKxejc$_$4,missing,EMPTY,0,0,1.7197266,0.20568848,-2.1582031,1.5140381,-1.427734375,-1.1331380158662798,-1.1331380158662798,0.46495458,0.28216094,0.25288445
4,0y022OlZ3W0$_$3,missing,EMPTY,2,1,-0.43701172,2.4335938,-0.5185547,-2.9521484,0.12646484375,0.11022135913372035,0.11022135913372035,0.39023554,0.32626238,0.283502
5,0y022OlZ3W0$_$5,missing,EMPTY,0,1,0.28271484,1.9072266,-1.2539062,-1.6245117,-0.173583984375,-0.12981770336627968,-0.12981770336627968,0.42120984,0.31324163,0.2655485
6,0y022OlZ3W0$_$8,missing,EMPTY,1,1,-0.515625,2.46875,-0.40771484,2.8764648,0.11993408203125,0.10499674975872034,0.10499674975872034,0.38892555,0.3223813,0.28869316
7,101787$_$11,missing,EMPTY,0,0,1.4677734,0.6035156,-2.0351562,0.8642578,-1.1767578125,-0.9323567658662797,-0.9323567658662797,0.4546084,0.28739515,0.25799644
8,101787$_$13,missing,EMPTY,0,1,0.4296875,1.7626953,-1.3515625,-1.3330078,-0.28125,-0.21595051586627967,-0.21595051586627967,0.43084466,0.3084127,0.26074266
9,101787$_$1,missing,EMPTY,0,1,-0.41381836,2.453125,-0.5498047,-2.8669434,0.1123046875,0.09889323413372034,0.09889323413372034,0.38861182,0.32657254,0.28481564
10,101787$_$5,missing,EMPTY,0,1,-0.43701172,2.4335938,-0.5185547,-2.8706055,0.12646484375,0.11022135913372035,0.11022135913372035,0.39023554,0.32626238,0.283502
11,101787$_$7,missing,EMPTY,2,1,-0.18225098,2.484375,-0.7055664,-3.1899414,0.06866455078125,0.06398112475872034,0.06398112475872034,0.393385,0.31647,0.29014498
12,101787$_$9,missing,EMPTY,1,1,0.4296875,1.7626953,-1.3515625,1.3330078,-0.28125,-0.21595051586627967,-0.21595051586627967,0.43084466,0.3084127,0.26074266
13,102408$_$2,missing,EMPTY,1,1,-0.40649414,2.5566406,-0.4729004,2.9631348,0.0987548828125,0.08805339038372034,0.08805339038372034,0.38222137,0.3227475,0.29503113
14,102408$_$5,missing,EMPTY,2,0,1.7490234,0.10510254,-2.1386719,-3.8876953,-1.4287109375,-1.1339192658662798,-1.1339192658662798,0.46371529,0.28324437,0.25304034
15,102408$_$9,missing,EMPTY,0,0,1.7490234,0.10510254,-2.1386719,1.6439209,-1.4287109375,-1.1339192658662798,-1.1339192658662798,0.46371529,0.28324437,0.25304034
16,102858$_$20,missing,EMPTY,0,1,0.15698242,2.0488281,-1.1289062,-1.8918457,-0.07659912109375,-0.05222981274127966,-0.05222981274127966,0.41448227,0.31649125,0.2690265
17,102858$_$21,missing,EMPTY,0,0,1.2763672,0.78271484,-1.8896484,0.49365234,-0.8779296875,-0.6932942658662797,-0.6932942658662797,0.44927675,0.29498726,0.25573596
18,102858$_$1,missing,EMPTY,1,1,0.28271484,1.9072266,-1.2539062,1.6245117,-0.173583984375,-0.12981770336627968,-0.12981770336627968,0.42120984,0.31324163,0.2655485
19,102858$_$0,missing,EMPTY,2,1,-0.06008911,2.3359375,-0.8354492,-3.1713867,0.03936767578125,0.04054362475872034,0.04054362475872034,0.38176745,0.32993197,0.28830057
20,102858$_$4,missing,EMPTY,2,0,2.6464844,-1.5214844,-2.3164062,-4.9628906,-2.2890625,-1.8222005158662797,-1.8222005158662797,0.49836522,0.25794253,0.24369225
21,102858$_$6,missing,EMPTY,0,1,0.8364258,1.3271484,-1.6230469,-0.49072266,-0.50341796875,-0.39368489086627967,-0.39368489086627967,0.4368359,0.30249837,0.2606657
22,102858$_$10,missing,EMPTY,2,1,-0.0690918,2.390625,-0.89501953,-3.2856445,0.0235595703125,0.027897140383720338,0.027897140383720338,0.4037197,0.316987,0.27929327
23,102858$_$17,missing,EMPTY,0,1,-0.0034484863,2.3847656,-0.9277344,-2.388214,0.0198974609375,0.024967452883720338,0.024967452883720338,0.40533015,0.31023377,0.28443614
24,102858$_$19,missing,EMPTY,1,1,-0.42260742,2.4667969,-0.5371094,2.8894043,0.10491943359375,0.09298503100872034,0.09298503100872034,0.39544466,0.31962752,0.28492776
25,112433$_$10,missing,EMPTY,1,1,-0.027496338,2.3339844,-0.8364258,2.3614807,0.0526123046875,0.05113932788372034,0.05113932788372034,0.3787869,0.3277254,0.2934877
26,112433$_$3,missing,EMPTY,0,0,1.4677734,0.6035156,-2.0351562,0.8642578,-1.1767578125,-0.9323567658662797,-0.9323567658662797,0.4546084,0.28739515,0.25799644
27,112433$_$7,missing,EMPTY,0,1,-0.0034484863,2.3847656,-0.9277344,-2.388214,0.0198974609375,0.024967452883720338,0.024967452883720338,0.40533015,0.31023377,0.28443614
28,112433$_$6,missing,EMPTY,0,1,0.15698242,2.0488281,-1.1289062,-1.8918457,-0.07659912109375,-0.05222981274127966,-0.05222981274127966,0.41448227,0.31649125,0.2690265
29,117tQqLjza4$_$6,missing,EMPTY,2,1,-0.48168945,2.4765625,-0.4477539,-2.9243164,0.1136474609375,0.09996745288372035,0.09996745288372035,0.38320726,0.32911128,0.28768146
30,11j7EfglCAs$_$2,missing,EMPTY,1,1,0.15698242,2.0488281,-1.1289062,1.8918457,-0.07659912109375,-0.05222981274127966,-0.05222981274127966,0.41448227,0.31649125,0.2690265
31,121128$_$10,missing,EMPTY,2,1,-0.48168945,2.4765625,-0.4477539,-2.9243164,0.1136474609375,0.09996745288372035,0.09996745288372035,0.38320726,0.32911128,0.28768146
32,121128$_$1,missing,EMPTY,1,0,1.7490234,0.10510254,-2.1386719,-1.6439209,-1.4287109375,-1.1339192658662798,-1.1339192658662798,0.46371529,0.28324437,0.25304034
33,121128$_$0,missing,EMPTY,1,1,-0.26635742,2.4296875,-0.7060547,2.696045,0.061981201171875,0.05863444507122034,0.05863444507122034,0.4005634,0.31552827,0.2839083
34,121128$_$5,missing,EMPTY,2,1,-0.40649414,2.5566406,-0.4729004,-3.029541,0.0987548828125,0.08805339038372034,0.08805339038372034,0.38222137,0.3227475,0.29503113
35,125344$_$0,missing,EMPTY,0,0,2.6464844,-1.5214844,-2.3164062,4.1679688,-2.2890625,-1.8222005158662797,-1.8222005158662797,0.49836522,0.25794253,0.24369225
36,125676$_$0,missing,EMPTY,1,1,-0.515625,2.46875,-0.40771484,2.8764648,0.11993408203125,0.10499674975872034,0.10499674975872034,0.38892555,0.3223813,0.28869316
37,125676$_$4,missing,EMPTY,2,0,1.2763672,0.78271484,-1.8896484,-3.1660156,-0.8779296875,-0.6932942658662797,-0.6932942658662797,0.44927675,0.29498726,0.25573596
38,128059$_$11,missing,EMPTY,0,0,1.6259766,0.21472168,-2.0976562,1.4112549,-1.43359375,-1.1378255158662798,-1.1378255158662798,0.46007767,0.28488967,0.25503263
39,128059$_$12,missing,EMPTY,0,1,-0.41381836,2.453125,-0.5498047,-2.8669434,0.1123046875,0.09889323413372034,0.09889323413372034,0.38861182,0.32657254,0.28481564
40,128059$_$2,missing,EMPTY,0,1,-0.61572266,2.4628906,-0.27075195,-3.0786133,0.121337890625,0.10611979663372034,0.10611979663372034,0.3773635,0.33306068,0.28957585
41,128059$_$7,missing,EMPTY,1,0,2.6464844,-1.5214844,-2.3164062,-4.1679688,-2.2890625,-1.8222005158662797,-1.8222005158662797,0.49836522,0.25794253,0.24369225
42,128059$_$6,missing,EMPTY,0,0,2.6464844,-1.5214844,-2.3164062,4.1679688,-2.2890625,-1.8222005158662797,-1.8222005158662797,0.49836522,0.25794253,0.24369225
43,128059$_$9,missing,EMPTY,0,1,0.28271484,1.9072266,-1.2539062,-1.6245117,-0.173583984375,-0.12981770336627968,-0.12981770336627968,0.42120984,0.31324163,0.2655485
44,128763$_$12,missing,EMPTY,0,1,0.103881836,2.015625,-1.1015625,-1.9117432,-0.1416015625,-0.10423176586627966,-0.10423176586627966,0.42175442,0.31213802,0.26610756
45,128763$_$3,missing,EMPTY,0,1,0.15698242,2.0488281,-1.1289062,-1.8918457,-0.07659912109375,-0.05222981274127966,-0.05222981274127966,0.41448227,0.31649125,0.2690265
46,128763$_$2,missing,EMPTY,1,1,-0.42260742,2.4667969,-0.5371094,2.8894043,0.10491943359375,0.09298503100872034,0.09298503100872034,0.39544466,0.31962752,0.28492776
47,128763$_$5,missing,EMPTY,1,1,-0.0690918,2.390625,-0.89501953,2.4597168,0.0235595703125,0.027897140383720338,0.027897140383720338,0.4037197,0.316987,0.27929327
48,128763$_$7,missing,EMPTY,0,1,-0.41381836,2.453125,-0.5498047,-2.8669434,0.1123046875,0.09889323413372034,0.09889323413372034,0.38861182,0.32657254,0.28481564
49,128763$_$8,missing,EMPTY,0,1,-0.18225098,2.484375,-0.7055664,-2.666626,0.06866455078125,0.06398112475872034,0.06398112475872034,0.393385,0.31647,0.29014498
50,130456$_$11,missing,EMPTY,0,0,1.8623047,-0.13684082,-2.1992188,1.9991455,-1.658203125,-1.3175130158662798,-1.3175130158662798,0.46871716,0.2789207,0.25236207
51,130456$_$3,missing,EMPTY,0,1,0.4296875,1.7626953,-1.3515625,-1.3330078,-0.28125,-0.21595051586627967,-0.21595051586627967,0.43084466,0.3084127,0.26074266
52,130456$_$5,missing,EMPTY,0,1,-0.26635742,2.4296875,-0.7060547,-2.696045,0.061981201171875,0.05863444507122034,0.05863444507122034,0.4005634,0.31552827,0.2839083
53,130456$_$4,missing,EMPTY,1,1,0.17419434,2.0351562,-1.1474609,1.8609619,-0.08477783203125,-0.058772781491279666,-0.058772781491279666,0.41494876,0.31592426,0.26912695
54,130456$_$7,missing,EMPTY,0,1,-0.18225098,2.484375,-0.7055664,-2.666626,0.06866455078125,0.06398112475872034,0.06398112475872034,0.393385,0.31647,0.29014498
55,130456$_$6,missing,EMPTY,0,0,1.7197266,0.20568848,-2.1582031,1.5140381,-1.427734375,-1.1331380158662798,-1.1331380158662798,0.46495458,0.28216094,0.25288445
56,188343$_$13,missing,EMPTY,2,0,2.0761719,-0.45581055,-2.2851562,-4.361328,-1.8076171875,-1.4370442658662799,-1.4370442658662799,0.47499067,0.2755109,0.24949841
57,188343$_$12,missing,EMPTY,0,0,1.7392578,0.1270752,-2.1347656,1.6121826,-1.4189453125,-1.1261067658662798,-1.1261067658662798,0.46289712,0.28327587,0.253827
58,188343$_$5,missing,EMPTY,0,1,0.5078125,1.6865234,-1.4111328,-1.1787109,-0.300048828125,-0.23098957836627967,-0.23098957836627967,0.43258712,0.30692294,0.26048994
59,188343$_$9,missing,EMPTY,0,0,1.7392578,0.1270752,-2.1347656,1.6121826,-1.4189453125,-1.1261067658662798,-1.1261067658662798,0.46289712,0.28327587,0.253827
60,188343$_$8,missing,EMPTY,0,1,0.28808594,1.9169922,-1.25,-1.6289062,-0.176025390625,-0.13177082836627968,-0.13177082836627968,0.42334962,0.31197715,0.26467323
61,1HK7Nea0PFo$_$1,missing,EMPTY,0,1,-0.43701172,2.4335938,-0.5185547,-2.8706055,0.12646484375,0.11022135913372035,0.11022135913372035,0.39023554,0.32626238,0.283502
62,216097$_$1,missing,EMPTY,0,1,-0.515625,2.46875,-0.40771484,-2.984375,0.11993408203125,0.10499674975872034,0.10499674975872034,0.38892555,0.3223813,0.28869316
63,216097$_$2,missing,EMPTY,1,1,0.15698242,2.0488281,-1.1289062,1.8918457,-0.07659912109375,-0.05222981274127966,-0.05222981274127966,0.41448227,0.31649125,0.2690265
64,216097$_$5,missing,EMPTY,1,0,1.4677734,0.6035156,-2.0351562,-0.8642578,-1.1767578125,-0.9323567658662797,-0.9323567658662797,0.4546084,0.28739515,0.25799644
65,216097$_$4,missing,EMPTY,0,0,2.6113281,-1.4501953,-2.3203125,4.0615234,-2.2578125,-1.7972005158662798,-1.7972005158662798,0.49584004,0.2596589,0.24450111
66,216097$_$7,missing,EMPTY,2,0,2.6464844,-1.5214844,-2.3164062,-4.9628906,-2.2890625,-1.8222005158662797,-1.8222005158662797,0.49836522,0.25794253,0.24369225
67,216097$_$8,missing,EMPTY,0,1,-0.42260742,2.4667969,-0.5371094,-2.8894043,0.10491943359375,0.09298503100872034,0.09298503100872034,0.39544466,0.31962752,0.28492776
68,223431$_$11,missing,EMPTY,0,0,1.2763672,0.78271484,-1.8896484,0.49365234,-0.8779296875,-0.6932942658662797,-0.6932942658662797,0.44927675,0.29498726,0.25573596
69,223431$_$10,missing,EMPTY,2,1,-0.515625,2.46875,-0.40771484,-2.8764648,0.11993408203125,0.10499674975872034,0.10499674975872034,0.38892555,0.3223813,0.28869316
70,223431$_$13,missing,EMPTY,0,1,0.15698242,2.0488281,-1.1289062,-1.8918457,-0.07659912109375,-0.05222981274127966,-0.05222981274127966,0.41448227,0.31649125,0.2690265
71,223431$_$0,missing,EMPTY,1,1,-0.12426758,2.3398438,-0.80371094,2.4641113,0.042236328125,0.04283854663372034,0.04283854663372034,0.37630248,0.34200722,0.2816903
72,223431$_$5,missing,EMPTY,1,1,-0.43701172,2.4335938,-0.5185547,2.8706055,0.12646484375,0.11022135913372035,0.11022135913372035,0.39023554,0.32626238,0.283502
73,225770$_$3,missing,EMPTY,0,0,2.6464844,-1.5214844,-2.3164062,4.1679688,-2.2890625,-1.8222005158662797,-1.8222005158662797,0.49836522,0.25794253,0.24369225
74,225770$_$5,missing,EMPTY,1,1,-0.35717773,2.5078125,-0.55029297,2.8649902,0.0570068359375,0.05465495288372034,0.05465495288372034,0.3726501,0.33333975,0.29401016
75,225770$_$4,missing,EMPTY,1,0,1.4677734,0.6035156,-2.0351562,-0.8642578,-1.1767578125,-0.9323567658662797,-0.9323567658662797,0.4546084,0.28739515,0.25799644
76,225770$_$6,missing,EMPTY,0,0,1.7197266,0.20568848,-2.1582031,1.5140381,-1.427734375,-1.1331380158662798,-1.1331380158662798,0.46495458,0.28216094,0.25288445
77,236021$_$12,missing,EMPTY,2,1,-0.42260742,2.4667969,-0.5371094,-3.0039062,0.10491943359375,0.09298503100872034,0.09298503100872034,0.39544466,0.31962752,0.28492776
78,236021$_$1,missing,EMPTY,1,0,1.2763672,0.78271484,-1.8896484,-0.49365234,-0.8779296875,-0.6932942658662797,-0.6932942658662797,0.44927675,0.29498726,0.25573596
79,236021$_$3,missing,EMPTY,0,1,-0.40649414,2.5566406,-0.4729004,-2.9631348,0.0987548828125,0.08805339038372034,0.08805339038372034,0.38222137,0.3227475,0.29503113
80,236021$_$2,missing,EMPTY,0,0,2.6464844,-1.5214844,-2.3164062,4.1679688,-2.2890625,-1.8222005158662797,-1.8222005158662797,0.49836522,0.25794253,0.24369225
81,236021$_$5,missing,EMPTY,0,1,-0.48168945,2.4765625,-0.4477539,-2.958252,0.1136474609375,0.09996745288372035,0.09996745288372035,0.38320726,0.32911128,0.28768146
82,236021$_$4,missing,EMPTY,0,0,2.6464844,-1.5214844,-2.3164062,4.1679688,-2.2890625,-1.8222005158662797,-1.8222005158662797,0.49836522,0.25794253,0.24369225
83,237009$_$11,missing,EMPTY,0,1,-0.0034484863,2.3847656,-0.9277344,-2.388214,0.0198974609375,0.024967452883720338,0.024967452883720338,0.40533015,0.31023377,0.28443614
84,237009$_$12,missing,EMPTY,0,0,2.5859375,-1.3984375,-2.3144531,3.984375,-2.224609375,-1.7706380158662798,-1.7706380158662798,0.49465516,0.26166874,0.24367617
85,237009$_$4,missing,EMPTY,2,1,0.4296875,1.7626953,-1.3515625,-3.1142578,-0.28125,-0.21595051586627967,-0.21595051586627967,0.43084466,0.3084127,0.26074266
86,237009$_$7,missing,EMPTY,0,1,-0.18225098,2.484375,-0.7055664,-2.666626,0.06866455078125,0.06398112475872034,0.06398112475872034,0.393385,0.31647,0.29014498
87,237009$_$9,missing,EMPTY,0,1,-0.42260742,2.4667969,-0.5371094,-2.8894043,0.10491943359375,0.09298503100872034,0.09298503100872034,0.39544466,0.31962752,0.28492776
88,241629$_$10,missing,EMPTY,0,1,0.103881836,2.015625,-1.1015625,-1.9117432,-0.1416015625,-0.10423176586627966,-0.10423176586627966,0.42175442,0.31213802,0.26610756
89,241629$_$0,missing,EMPTY,2,1,-0.515625,2.46875,-0.40771484,-2.8764648,0.11993408203125,0.10499674975872034,0.10499674975872034,0.38892555,0.3223813,0.28869316
90,241629$_$3,missing,EMPTY,2,0,1.7177734,0.10412598,-2.0996094,-3.8173828,-1.361328125,-1.0800130158662797,-1.0800130158662797,0.46377948,0.28492886,0.25129166
91,241629$_$5,missing,EMPTY,0,0,1.2763672,0.78271484,-1.8896484,0.49365234,-0.8779296875,-0.6932942658662797,-0.6932942658662797,0.44927675,0.29498726,0.25573596
92,241629$_$8,missing,EMPTY,0,0,2.6464844,-1.5214844,-2.3164062,4.1679688,-2.2890625,-1.8222005158662797,-1.8222005158662797,0.49836522,0.25794253,0.24369225
93,243646$_$11,missing,EMPTY,0,1,0.4296875,1.7626953,-1.3515625,-1.3330078,-0.28125,-0.21595051586627967,-0.21595051586627967,0.43084466,0.3084127,0.26074266
94,243646$_$12,missing,EMPTY,0,0,2.6464844,-1.5214844,-2.3164062,4.1679688,-2.2890625,-1.8222005158662797,-1.8222005158662797,0.49836522,0.25794253,0.24369225
95,243646$_$9,missing,EMPTY,1,1,-0.027496338,2.3339844,-0.8364258,2.3614807,0.0526123046875,0.05113932788372034,0.05113932788372034,0.3787869,0.3277254,0.2934877
96,243646$_$8,missing,EMPTY,1,1,-0.42260742,2.4667969,-0.5371094,2.8894043,0.10491943359375,0.09298503100872034,0.09298503100872034,0.39544466,0.31962752,0.28492776
97,247318$_$12,missing,EMPTY,0,1,-0.515625,2.46875,-0.40771484,-2.984375,0.11993408203125,0.10499674975872034,0.10499674975872034,0.38892555,0.3223813,0.28869316
98,247318$_$1,missing,EMPTY,1,1,-0.41381836,2.453125,-0.5498047,2.8669434,0.1123046875,0.09889323413372034,0.09889323413372034,0.38861182,0.32657254,0.28481564
99,247318$_$3,missing,EMPTY,0,1,-0.42871094,2.4628906,-0.43774414,-2.8916016,0.07720947265625,0.07081706225872034,0.07081706225872034,0.3660728,0.34651798,0.28740922
100,247318$_$2,missing,EMPTY,1,1,-0.43701172,2.4335938,-0.5185547,2.8706055,0.12646484375,0.11022135913372035,0.11022135913372035,0.39023554,0.32626238,0.283502
101,247318$_$5,missing,EMPTY,0,1,0.4296875,1.7626953,-1.3515625,-1.3330078,-0.28125,-0.21595051586627967,-0.21595051586627967,0.43084466,0.3084127,0.26074266
102,247318$_$7,missing,EMPTY,0,1,-0.35717773,2.5078125,-0.55029297,-2.8649902,0.0570068359375,0.05465495288372034,0.05465495288372034,0.3726501,0.33333975,0.29401016
103,247318$_$6,missing,EMPTY,1,1,-0.42871094,2.4628906,-0.43774414,2.8916016,0.07720947265625,0.07081706225872034,0.07081706225872034,0.3660728,0.34651798,0.28740922
104,252998$_$1,missing,EMPTY,1,1,0.103881836,2.015625,-1.1015625,1.9117432,-0.1416015625,-0.10423176586627966,-0.10423176586627966,0.42175442,0.31213802,0.26610756
105,252998$_$0,missing,EMPTY,1,1,-0.61572266,2.4628906,-0.27075195,2.7336426,0.121337890625,0.10611979663372034,0.10611979663372034,0.3773635,0.33306068,0.28957585
106,252998$_$5,missing,EMPTY,0,0,1.7626953,0.050933838,-2.1679688,1.7117615,-1.5439453125,-1.2261067658662799,-1.2261067658662799,0.46509552,0.280927,0.25397745
107,252998$_$4,missing,EMPTY,0,0,2.6464844,-1.5214844,-2.3164062,4.1679688,-2.2890625,-1.8222005158662797,-1.8222005158662797,0.49836522,0.25794253,0.24369225
108,252998$_$7,missing,EMPTY,2,0,1.6513672,0.16027832,-2.1132812,-3.7646484,-1.4931640625,-1.1854817658662797,-1.1854817658662797,0.46162477,0.28321123,0.25516397
109,252998$_$8,missing,EMPTY,0,1,-0.26635742,2.4296875,-0.7060547,-2.696045,0.061981201171875,0.05863444507122034,0.05863444507122034,0.4005634,0.31552827,0.2839083
110,257247$_$10,missing,EMPTY,0,1,-0.18225098,2.484375,-0.7055664,-2.666626,0.06866455078125,0.06398112475872034,0.06398112475872034,0.393385,0.31647,0.29014498
111,257247$_$12,missing,EMPTY,0,1,0.4296875,1.7626953,-1.3515625,-1.3330078,-0.28125,-0.21595051586627967,-0.21595051586627967,0.43084466,0.3084127,0.26074266
112,257247$_$2,missing,EMPTY,1,1,0.103881836,2.015625,-1.1015625,1.9117432,-0.1416015625,-0.10423176586627966,-0.10423176586627966,0.42175442,0.31213802,0.26610756
113,258654$_$1,missing,EMPTY,0,0,2.6464844,-1.5214844,-2.3164062,4.1679688,-2.2890625,-1.8222005158662797,-1.8222005158662797,0.49836522,0.25794253,0.24369225
114,258654$_$3,missing,EMPTY,0,0,2.6464844,-1.5214844,-2.3164062,4.1679688,-2.2890625,-1.8222005158662797,-1.8222005158662797,0.49836522,0.25794253,0.24369225
115,258654$_$4,missing,EMPTY,1,1,-0.48168945,2.4765625,-0.4477539,2.9243164,0.1136474609375,0.09996745288372035,0.09996745288372035,0.38320726,0.32911128,0.28768146
116,266791$_$24,missing,EMPTY,0,1,-0.41381836,2.453125,-0.5498047,-2.8669434,0.1123046875,0.09889323413372034,0.09889323413372034,0.38861182,0.32657254,0.28481564
117,266791$_$20,missing,EMPTY,2,0,1.7509766,-0.024017334,-2.1367188,-3.8876953,-1.60546875,-1.2753255158662797,-1.2753255158662797,0.46480596,0.28143063,0.25376344
118,266791$_$21,missing,EMPTY,0,0,2.6464844,-1.5214844,-2.3164062,4.1679688,-2.2890625,-1.8222005158662797,-1.8222005158662797,0.49836522,0.25794253,0.24369225
119,266791$_$23,missing,EMPTY,1,0,1.8623047,-0.13684082,-2.1992188,-1.9991455,-1.658203125,-1.3175130158662798,-1.3175130158662798,0.46871716,0.2789207,0.25236207
120,266791$_$29,missing,EMPTY,1,1,-0.06008911,2.3359375,-0.8354492,2.3960266,0.03936767578125,0.04054362475872034,0.04054362475872034,0.38176745,0.32993197,0.28830057
121,266791$_$3,missing,EMPTY,0,1,0.4296875,1.7626953,-1.3515625,-1.3330078,-0.28125,-0.21595051586627967,-0.21595051586627967,0.43084466,0.3084127,0.26074266
122,266791$_$5,missing,EMPTY,0,0,1.4677734,0.6035156,-2.0351562,0.8642578,-1.1767578125,-0.9323567658662797,-0.9323567658662797,0.4546084,0.28739515,0.25799644
123,266791$_$4,missing,EMPTY,0,1,-0.515625,2.46875,-0.40771484,-2.984375,0.11993408203125,0.10499674975872034,0.10499674975872034,0.38892555,0.3223813,0.28869316
124,266791$_$6,missing,EMPTY,1,0,1.7509766,-0.024017334,-2.1367188,-1.7749939,-1.60546875,-1.2753255158662797,-1.2753255158662797,0.46480596,0.28143063,0.25376344
125,266791$_$8,missing,EMPTY,0,1,-0.26635742,2.4296875,-0.7060547,-2.696045,0.061981201171875,0.05863444507122034,0.05863444507122034,0.4005634,0.31552827,0.2839083
126,266791$_$11,missing,EMPTY,2,1,-0.26635742,2.4296875,-0.7060547,-3.1357422,0.061981201171875,0.05863444507122034,0.05863444507122034,0.4005634,0.31552827,0.2839083
127,266791$_$14,missing,EMPTY,1,1,0.8364258,1.3271484,-1.6230469,0.49072266,-0.50341796875,-0.39368489086627967,-0.39368489086627967,0.4368359,0.30249837,0.2606657
128,270254$_$23,missing,EMPTY,0,1,-0.43701172,2.4335938,-0.5185547,-2.8706055,0.12646484375,0.11022135913372035,0.11022135913372035,0.39023554,0.32626238,0.283502
129,270254$_$0,missing,EMPTY,2,1,0.103881836,2.015625,-1.1015625,-3.1171875,-0.1416015625,-0.10423176586627966,-0.10423176586627966,0.42175442,0.31213802,0.26610756
130,270254$_$6,missing,EMPTY,1,0,1.4677734,0.6035156,-2.0351562,-0.8642578,-1.1767578125,-0.9323567658662797,-0.9323567658662797,0.4546084,0.28739515,0.25799644
131,270254$_$8,missing,EMPTY,0,1,0.15698242,2.0488281,-1.1289062,-1.8918457,-0.07659912109375,-0.05222981274127966,-0.05222981274127966,0.41448227,0.31649125,0.2690265
132,270254$_$11,missing,EMPTY,2,1,-0.35717773,2.5078125,-0.55029297,-3.0581055,0.0570068359375,0.05465495288372034,0.05465495288372034,0.3726501,0.33333975,0.29401016
133,270254$_$14,missing,EMPTY,0,1,-0.0690918,2.390625,-0.89501953,-2.4597168,0.0235595703125,0.027897140383720338,0.027897140383720338,0.4037197,0.316987,0.27929327
134,270254$_$16,missing,EMPTY,1,1,-0.48168945,2.4765625,-0.4477539,2.9243164,0.1136474609375,0.09996745288372035,0.09996745288372035,0.38320726,0.32911128,0.28768146
135,272624$_$10,missing,EMPTY,0,0,2.6464844,-1.5214844,-2.3164062,4.1679688,-2.2890625,-1.8222005158662797,-1.8222005158662797,0.49836522,0.25794253,0.24369225
136,272624$_$13,missing,EMPTY,2,0,1.6513672,0.16027832,-2.1132812,-3.7646484,-1.4931640625,-1.1854817658662797,-1.1854817658662797,0.46162477,0.28321123,0.25516397
137,272624$_$12,missing,EMPTY,0,1,0.28271484,1.9072266,-1.2539062,-1.6245117,-0.173583984375,-0.12981770336627968,-0.12981770336627968,0.42120984,0.31324163,0.2655485
138,272624$_$16,missing,EMPTY,0,0,2.6464844,-1.5214844,-2.3164062,4.1679688,-2.2890625,-1.8222005158662797,-1.8222005158662797,0.49836522,0.25794253,0.24369225
139,272624$_$18,missing,EMPTY,1,0,1.7509766,-0.024017334,-2.1367188,-1.7749939,-1.60546875,-1.2753255158662797,-1.2753255158662797,0.46480596,0.28143063,0.25376344
140,272624$_$2,missing,EMPTY,1,0,2.6113281,-1.4501953,-2.3203125,-4.0615234,-2.2578125,-1.7972005158662798,-1.7972005158662798,0.49584004,0.2596589,0.24450111
141,272624$_$6,missing,EMPTY,1,0,1.7626953,0.015777588,-2.15625,-1.7469177,-1.580078125,-1.2550130158662798,-1.2550130158662798,0.46547374,0.28136525,0.253161
142,272624$_$9,missing,EMPTY,0,0,2.6113281,-1.4541016,-2.3183594,4.0654297,-2.26171875,-1.8003255158662799,-1.8003255158662799,0.496862,0.25889418,0.24424383
143,272624$_$8,missing,EMPTY,0,0,2.2597656,-0.8046875,-2.3203125,3.0644531,-1.99609375,-1.5878255158662797,-1.5878255158662797,0.48258874,0.27086982,0.24654141
144,273539$_$3,missing,EMPTY,0,0,1.7392578,0.1270752,-2.1347656,1.6121826,-1.4189453125,-1.1261067658662798,-1.1261067658662798,0.46289712,0.28327587,0.253827
145,273539$_$2,missing,EMPTY,1,1,-0.06008911,2.3359375,-0.8354492,2.3960266,0.03936767578125,0.04054362475872034,0.04054362475872034,0.38176745,0.32993197,0.28830057
146,273539$_$9,missing,EMPTY,0,0,2.6113281,-1.4501953,-2.3203125,4.0615234,-2.2578125,-1.7972005158662798,-1.7972005158662798,0.49584004,0.2596589,0.24450111
147,290546$_$3,missing,EMPTY,0,1,0.17419434,2.0351562,-1.1474609,-1.8609619,-0.08477783203125,-0.058772781491279666,-0.058772781491279666,0.41494876,0.31592426,0.26912695
148,290546$_$5,missing,EMPTY,0,0,1.7197266,0.20568848,-2.1582031,1.5140381,-1.427734375,-1.1331380158662798,-1.1331380158662798,0.46495458,0.28216094,0.25288445
149,290546$_$7,missing,EMPTY,0,0,2.6464844,-1.5214844,-2.3164062,4.1679688,-2.2890625,-1.8222005158662797,-1.8222005158662797,0.49836522,0.25794253,0.24369225
150,290546$_$6,missing,EMPTY,0,1,-0.18225098,2.484375,-0.7055664,-2.666626,0.06866455078125,0.06398112475872034,0.06398112475872034,0.393385,0.31647,0.29014498
151,2S00zYaVrtc$_$10,missing,EMPTY,0,1,0.103881836,2.015625,-1.1015625,-1.9117432,-0.1416015625,-0.10423176586627966,-0.10423176586627966,0.42175442,0.31213802,0.26610756
152,2S00zYaVrtc$_$12,missing,EMPTY,2,1,-0.43701172,2.4335938,-0.5185547,-2.9521484,0.12646484375,0.11022135913372035,0.11022135913372035,0.39023554,0.32626238,0.283502
153,2S00zYaVrtc$_$20,missing,EMPTY,2,1,-0.41381836,2.453125,-0.5498047,-3.0029297,0.1123046875,0.09889323413372034,0.09889323413372034,0.38861182,0.32657254,0.28481564
154,2S00zYaVrtc$_$17,missing,EMPTY,0,1,0.103881836,2.015625,-1.1015625,-1.9117432,-0.1416015625,-0.10423176586627966,-0.10423176586627966,0.42175442,0.31213802,0.26610756
155,2S00zYaVrtc$_$5,missing,EMPTY,2,1,0.17663574,1.9912109,-1.125,-3.116211,-0.0843505859375,-0.05843098461627967,-0.05843098461627967,0.41520825,0.31423438,0.27055734
156,2S00zYaVrtc$_$4,missing,EMPTY,2,1,0.5078125,1.6865234,-1.4111328,-3.0976562,-0.300048828125,-0.23098957836627967,-0.23098957836627967,0.43258712,0.30692294,0.26048994
157,2Xt31_d0XEE$_$2,missing,EMPTY,2,1,0.15698242,2.0488281,-1.1289062,-3.1777344,-0.07659912109375,-0.05222981274127966,-0.05222981274127966,0.41448227,0.31649125,0.2690265
158,31474$_$11,missing,EMPTY,1,1,-0.40649414,2.5566406,-0.4729004,2.9631348,0.0987548828125,0.08805339038372034,0.08805339038372034,0.38222137,0.3227475,0.29503113
159,31474$_$14,missing,EMPTY,0,1,-0.41381836,2.453125,-0.5498047,-2.8669434,0.1123046875,0.09889323413372034,0.09889323413372034,0.38861182,0.32657254,0.28481564
160,31474$_$0,missing,EMPTY,2,1,0.17419434,2.0351562,-1.1474609,-3.1826172,-0.08477783203125,-0.058772781491279666,-0.058772781491279666,0.41494876,0.31592426,0.26912695
161,31474$_$3,missing,EMPTY,1,1,0.17663574,1.9912109,-1.125,1.8145752,-0.0843505859375,-0.05843098461627967,-0.05843098461627967,0.41520825,0.31423438,0.27055734
162,31474$_$6,missing,EMPTY,0,1,-0.41381836,2.453125,-0.5498047,-2.8669434,0.1123046875,0.09889323413372034,0.09889323413372034,0.38861182,0.32657254,0.28481564
163,31474$_$9,missing,EMPTY,0,1,-0.18225098,2.484375,-0.7055664,-2.666626,0.06866455078125,0.06398112475872034,0.06398112475872034,0.393385,0.31647,0.29014498
164,31474$_$8,missing,EMPTY,0,1,-0.18225098,2.484375,-0.7055664,-2.666626,0.06866455078125,0.06398112475872034,0.06398112475872034,0.393385,0.31647,0.29014498
165,32681$_$1,missing,EMPTY,0,1,0.28808594,1.9169922,-1.25,-1.6289062,-0.176025390625,-0.13177082836627968,-0.13177082836627968,0.42334962,0.31197715,0.26467323
166,32681$_$3,missing,EMPTY,0,0,1.6230469,0.22521973,-2.1035156,1.3978271,-1.4169921875,-1.1245442658662796,-1.1245442658662796,0.46086103,0.28490242,0.25423652
167,32681$_$5,missing,EMPTY,0,0,1.6230469,0.22521973,-2.1035156,1.3978271,-1.4169921875,-1.1245442658662796,-1.1245442658662796,0.46086103,0.28490242,0.25423652
168,32681$_$6,missing,EMPTY,0,0,1.7177734,0.10412598,-2.0996094,1.6136475,-1.361328125,-1.0800130158662797,-1.0800130158662797,0.46377948,0.28492886,0.25129166
169,33170$_$1,missing,EMPTY,0,0,2.6464844,-1.5214844,-2.3164062,4.1679688,-2.2890625,-1.8222005158662797,-1.8222005158662797,0.49836522,0.25794253,0.24369225
170,33170$_$3,missing,EMPTY,0,0,1.8623047,-0.13684082,-2.1992188,1.9991455,-1.658203125,-1.3175130158662798,-1.3175130158662798,0.46871716,0.2789207,0.25236207
171,33170$_$4,missing,EMPTY,0,0,1.7197266,0.20568848,-2.1582031,1.5140381,-1.427734375,-1.1331380158662798,-1.1331380158662798,0.46495458,0.28216094,0.25288445
172,3MFNIag0wNE$_$12,missing,EMPTY,0,0,2.6464844,-1.5214844,-2.3164062,4.1679688,-2.2890625,-1.8222005158662797,-1.8222005158662797,0.49836522,0.25794253,0.24369225
173,3MFNIag0wNE$_$14,missing,EMPTY,0,0,1.7197266,0.20568848,-2.1582031,1.5140381,-1.427734375,-1.1331380158662798,-1.1331380158662798,0.46495458,0.28216094,0.25288445
174,3MFNIag0wNE$_$16,missing,EMPTY,1,1,0.28271484,1.9072266,-1.2539062,1.6245117,-0.173583984375,-0.12981770336627968,-0.12981770336627968,0.42120984,0.31324163,0.2655485
175,3MFNIag0wNE$_$7,missing,EMPTY,0,1,0.4296875,1.7626953,-1.3515625,-1.3330078,-0.28125,-0.21595051586627967,-0.21595051586627967,0.43084466,0.3084127,0.26074266
176,3V2qm0rw920$_$11,missing,EMPTY,2,1,0.5078125,1.6865234,-1.4111328,-3.0976562,-0.300048828125,-0.23098957836627967,-0.23098957836627967,0.43258712,0.30692294,0.26048994
177,3V2qm0rw920$_$13,missing,EMPTY,2,0,1.7490234,0.10510254,-2.1386719,-3.8876953,-1.4287109375,-1.1339192658662798,-1.1339192658662798,0.46371529,0.28324437,0.25304034
178,3V2qm0rw920$_$3,missing,EMPTY,1,1,-0.48168945,2.4765625,-0.4477539,2.9243164,0.1136474609375,0.09996745288372035,0.09996745288372035,0.38320726,0.32911128,0.28768146
179,3j94B0pzSVs$_$12,missing,EMPTY,2,1,-0.42260742,2.4667969,-0.5371094,-3.0039062,0.10491943359375,0.09298503100872034,0.09298503100872034,0.39544466,0.31962752,0.28492776
180,3j94B0pzSVs$_$17,missing,EMPTY,0,1,0.28271484,1.9072266,-1.2539062,-1.6245117,-0.173583984375,-0.12981770336627968,-0.12981770336627968,0.42120984,0.31324163,0.2655485
181,3j94B0pzSVs$_$1,missing,EMPTY,0,0,1.8623047,-0.13684082,-2.1992188,1.9991455,-1.658203125,-1.3175130158662798,-1.3175130158662798,0.46871716,0.2789207,0.25236207
182,3j94B0pzSVs$_$0,missing,EMPTY,1,0,1.7392578,0.1270752,-2.1347656,-1.6121826,-1.4189453125,-1.1261067658662798,-1.1261067658662798,0.46289712,0.28327587,0.253827
183,4cFeG2ydm9A$_$8,missing,EMPTY,2,1,-0.41381836,2.453125,-0.5498047,-3.0029297,0.1123046875,0.09889323413372034,0.09889323413372034,0.38861182,0.32657254,0.28481564
184,4dV3slGSc60$_$10,missing,EMPTY,2,1,0.28271484,1.9072266,-1.2539062,-3.1611328,-0.173583984375,-0.12981770336627968,-0.12981770336627968,0.42120984,0.31324163,0.2655485
185,4dV3slGSc60$_$12,missing,EMPTY,2,1,0.5078125,1.6865234,-1.4111328,-3.0976562,-0.300048828125,-0.23098957836627967,-0.23098957836627967,0.43258712,0.30692294,0.26048994
186,4dV3slGSc60$_$22,missing,EMPTY,2,0,2.6464844,-1.5214844,-2.3164062,-4.9628906,-2.2890625,-1.8222005158662797,-1.8222005158662797,0.49836522,0.25794253,0.24369225
187,4dV3slGSc60$_$9,missing,EMPTY,2,1,0.5078125,1.6865234,-1.4111328,-3.0976562,-0.300048828125,-0.23098957836627967,-0.23098957836627967,0.43258712,0.30692294,0.26048994
188,4dV3slGSc60$_$8,missing,EMPTY,2,1,0.15698242,2.0488281,-1.1289062,-3.1777344,-0.07659912109375,-0.05222981274127966,-0.05222981274127966,0.41448227,0.31649125,0.2690265
189,50103$_$3,missing,EMPTY,0,0,2.5859375,-1.3984375,-2.3144531,3.984375,-2.224609375,-1.7706380158662798,-1.7706380158662798,0.49465516,0.26166874,0.24367617
190,5B0PQx3Ep3k$_$5,missing,EMPTY,2,0,1.7177734,0.10412598,-2.0996094,-3.8173828,-1.361328125,-1.0800130158662797,-1.0800130158662797,0.46377948,0.28492886,0.25129166
191,5O1W39o56gg$_$1,missing,EMPTY,1,1,-0.61572266,2.4628906,-0.27075195,2.7336426,0.121337890625,0.10611979663372034,0.10611979663372034,0.3773635,0.33306068,0.28957585
192,5O1W39o56gg$_$2,missing,EMPTY,1,1,-0.41381836,2.453125,-0.5498047,2.8669434,0.1123046875,0.09889323413372034,0.09889323413372034,0.38861182,0.32657254,0.28481564
193,5O1W39o56gg$_$9,missing,EMPTY,2,1,-0.48168945,2.4765625,-0.4477539,-2.9243164,0.1136474609375,0.09996745288372035,0.09996745288372035,0.38320726,0.32911128,0.28768146
194,5i6AgQSjXO4$_$3,missing,EMPTY,2,1,0.4296875,1.7626953,-1.3515625,-3.1142578,-0.28125,-0.21595051586627967,-0.21595051586627967,0.43084466,0.3084127,0.26074266
195,5i6AgQSjXO4$_$2,missing,EMPTY,2,0,1.7177734,0.10412598,-2.0996094,-3.8173828,-1.361328125,-1.0800130158662797,-1.0800130158662797,0.46377948,0.28492886,0.25129166
196,5i6AgQSjXO4$_$6,missing,EMPTY,1,1,-0.0034484863,2.3847656,-0.9277344,2.388214,0.0198974609375,0.024967452883720338,0.024967452883720338,0.40533015,0.31023377,0.28443614
197,5kaCGzjYukM$_$0,missing,EMPTY,1,0,1.8623047,-0.13684082,-2.1992188,-1.9991455,-1.658203125,-1.3175130158662798,-1.3175130158662798,0.46871716,0.2789207,0.25236207
198,5kaCGzjYukM$_$3,missing,EMPTY,0,0,1.2763672,0.78271484,-1.8896484,0.49365234,-0.8779296875,-0.6932942658662797,-0.6932942658662797,0.44927675,0.29498726,0.25573596
199,5kaCGzjYukM$_$2,missing,EMPTY,0,0,1.7509766,-0.024017334,-2.1367188,1.7749939,-1.60546875,-1.2753255158662797,-1.2753255158662797,0.46480596,0.28143063,0.25376344
200,5kaCGzjYukM$_$5,missing,EMPTY,0,0,1.4677734,0.6035156,-2.0351562,0.8642578,-1.1767578125,-0.9323567658662797,-0.9323567658662797,0.4546084,0.28739515,0.25799644
201,5kaCGzjYukM$_$7,missing,EMPTY,2,0,2.6464844,-1.5214844,-2.3164062,-4.9628906,-2.2890625,-1.8222005158662797,-1.8222005158662797,0.49836522,0.25794253,0.24369225
202,6KvG5VbLalY$_$9,missing,EMPTY,2,0,1.6513672,0.16027832,-2.1132812,-3.7646484,-1.4931640625,-1.1854817658662797,-1.1854817658662797,0.46162477,0.28321123,0.25516397
203,6ZA8I83x-oY$_$0,missing,EMPTY,2,1,0.17419434,2.0351562,-1.1474609,-3.1826172,-0.08477783203125,-0.058772781491279666,-0.058772781491279666,0.41494876,0.31592426,0.26912695
204,6ZA8I83x-oY$_$2,missing,EMPTY,2,0,2.6464844,-1.5214844,-2.3164062,-4.9628906,-2.2890625,-1.8222005158662797,-1.8222005158662797,0.49836522,0.25794253,0.24369225
205,6hFiTU77Sm0$_$1,missing,EMPTY,2,1,-0.61572266,2.4628906,-0.27075195,-2.7336426,0.121337890625,0.10611979663372034,0.10611979663372034,0.3773635,0.33306068,0.28957585
206,6hFiTU77Sm0$_$2,missing,EMPTY,1,1,-0.41381836,2.453125,-0.5498047,2.8669434,0.1123046875,0.09889323413372034,0.09889323413372034,0.38861182,0.32657254,0.28481564
207,6uPGcKTpC4I$_$1,missing,EMPTY,2,0,1.2763672,0.78271484,-1.8896484,-3.1660156,-0.8779296875,-0.6932942658662797,-0.6932942658662797,0.44927675,0.29498726,0.25573596
208,6uPGcKTpC4I$_$2,missing,EMPTY,2,0,1.5527344,0.46166992,-2.0664062,-3.6191406,-1.259765625,-0.9987630158662797,-0.9987630158662797,0.4569837,0.28616673,0.25684965
209,6uPGcKTpC4I$_$6,missing,EMPTY,2,1,-0.41381836,2.453125,-0.5498047,-3.0029297,0.1123046875,0.09889323413372034,0.09889323413372034,0.38861182,0.32657254,0.28481564
210,70280$_$11,missing,EMPTY,0,1,0.17419434,2.0351562,-1.1474609,-1.8609619,-0.08477783203125,-0.058772781491279666,-0.058772781491279666,0.41494876,0.31592426,0.26912695
211,70280$_$3,missing,EMPTY,0,1,0.17663574,1.9912109,-1.125,-1.8145752,-0.0843505859375,-0.05843098461627967,-0.05843098461627967,0.41520825,0.31423438,0.27055734
212,70280$_$4,missing,EMPTY,2,1,0.17419434,2.0351562,-1.1474609,-3.1826172,-0.08477783203125,-0.058772781491279666,-0.058772781491279666,0.41494876,0.31592426,0.26912695
213,70280$_$6,missing,EMPTY,0,1,0.8364258,1.3271484,-1.6230469,-0.49072266,-0.50341796875,-0.39368489086627967,-0.39368489086627967,0.4368359,0.30249837,0.2606657
214,75RGHaxmUK8$_$3,missing,EMPTY,2,1,0.4296875,1.7626953,-1.3515625,-3.1142578,-0.28125,-0.21595051586627967,-0.21595051586627967,0.43084466,0.3084127,0.26074266
215,75RGHaxmUK8$_$5,missing,EMPTY,1,1,-0.515625,2.46875,-0.40771484,2.8764648,0.11993408203125,0.10499674975872034,0.10499674975872034,0.38892555,0.3223813,0.28869316
216,7_K3F-lAv1k$_$2,missing,EMPTY,2,0,2.2597656,-0.8046875,-2.3203125,-4.580078,-1.99609375,-1.5878255158662797,-1.5878255158662797,0.48258874,0.27086982,0.24654141
217,7r4vRxKLFCA$_$6,missing,EMPTY,2,0,1.6513672,0.16027832,-2.1132812,-3.7646484,-1.4931640625,-1.1854817658662797,-1.1854817658662797,0.46162477,0.28321123,0.25516397
218,80566$_$1,missing,EMPTY,2,1,-0.515625,2.46875,-0.40771484,-2.8764648,0.11993408203125,0.10499674975872034,0.10499674975872034,0.38892555,0.3223813,0.28869316
219,80566$_$0,missing,EMPTY,1,1,-0.42260742,2.4667969,-0.5371094,2.8894043,0.10491943359375,0.09298503100872034,0.09298503100872034,0.39544466,0.31962752,0.28492776
220,80566$_$3,missing,EMPTY,1,1,-0.43701172,2.4335938,-0.5185547,2.8706055,0.12646484375,0.11022135913372035,0.11022135913372035,0.39023554,0.32626238,0.283502
221,80566$_$2,missing,EMPTY,1,1,-0.61572266,2.4628906,-0.27075195,2.7336426,0.121337890625,0.10611979663372034,0.10611979663372034,0.3773635,0.33306068,0.28957585
222,80566$_$4,missing,EMPTY,0,1,-0.40649414,2.5566406,-0.4729004,-2.9631348,0.0987548828125,0.08805339038372034,0.08805339038372034,0.38222137,0.3227475,0.29503113
223,80566$_$6,missing,EMPTY,0,1,-0.43701172,2.4335938,-0.5185547,-2.8706055,0.12646484375,0.11022135913372035,0.11022135913372035,0.39023554,0.32626238,0.283502
224,80855$_$11,missing,EMPTY,1,1,-0.48168945,2.4765625,-0.4477539,2.9243164,0.1136474609375,0.09996745288372035,0.09996745288372035,0.38320726,0.32911128,0.28768146
225,80855$_$10,missing,EMPTY,1,1,-0.43701172,2.4335938,-0.5185547,2.8706055,0.12646484375,0.11022135913372035,0.11022135913372035,0.39023554,0.32626238,0.283502
226,80855$_$12,missing,EMPTY,0,1,0.28808594,1.9169922,-1.25,-1.6289062,-0.176025390625,-0.13177082836627968,-0.13177082836627968,0.42334962,0.31197715,0.26467323
227,80855$_$15,missing,EMPTY,2,1,0.4296875,1.7626953,-1.3515625,-3.1142578,-0.28125,-0.21595051586627967,-0.21595051586627967,0.43084466,0.3084127,0.26074266
228,80855$_$17,missing,EMPTY,0,0,1.7392578,0.1270752,-2.1347656,1.6121826,-1.4189453125,-1.1261067658662798,-1.1261067658662798,0.46289712,0.28327587,0.253827
229,80855$_$0,missing,EMPTY,1,1,-0.027496338,2.3339844,-0.8364258,2.3614807,0.0526123046875,0.05113932788372034,0.05113932788372034,0.3787869,0.3277254,0.2934877
230,80855$_$3,missing,EMPTY,1,1,-0.06008911,2.3359375,-0.8354492,2.3960266,0.03936767578125,0.04054362475872034,0.04054362475872034,0.38176745,0.32993197,0.28830057
231,80855$_$2,missing,EMPTY,1,1,-0.42871094,2.4628906,-0.43774414,2.8916016,0.07720947265625,0.07081706225872034,0.07081706225872034,0.3660728,0.34651798,0.28740922
232,80855$_$7,missing,EMPTY,1,1,-0.40649414,2.5566406,-0.4729004,2.9631348,0.0987548828125,0.08805339038372034,0.08805339038372034,0.38222137,0.3227475,0.29503113
233,80855$_$20,missing,EMPTY,2,1,-0.41381836,2.453125,-0.5498047,-3.0029297,0.1123046875,0.09889323413372034,0.09889323413372034,0.38861182,0.32657254,0.28481564
234,830KzUc6CbU$_$0,missing,EMPTY,1,1,0.103881836,2.015625,-1.1015625,1.9117432,-0.1416015625,-0.10423176586627966,-0.10423176586627966,0.42175442,0.31213802,0.26610756
235,830KzUc6CbU$_$13,missing,EMPTY,0,0,2.6113281,-1.4541016,-2.3183594,4.0654297,-2.26171875,-1.8003255158662799,-1.8003255158662799,0.496862,0.25889418,0.24424383
236,84140$_$0,missing,EMPTY,2,1,0.28271484,1.9072266,-1.2539062,-3.1611328,-0.173583984375,-0.12981770336627968,-0.12981770336627968,0.42120984,0.31324163,0.2655485
237,84140$_$5,missing,EMPTY,0,0,2.6464844,-1.5214844,-2.3164062,4.1679688,-2.2890625,-1.8222005158662797,-1.8222005158662797,0.49836522,0.25794253,0.24369225
238,89835$_$1,missing,EMPTY,2,1,0.103881836,2.015625,-1.1015625,-3.1171875,-0.1416015625,-0.10423176586627966,-0.10423176586627966,0.42175442,0.31213802,0.26610756
239,89835$_$0,missing,EMPTY,1,1,-0.515625,2.46875,-0.40771484,2.8764648,0.11993408203125,0.10499674975872034,0.10499674975872034,0.38892555,0.3223813,0.28869316
240,89835$_$4,missing,EMPTY,0,0,2.6464844,-1.5214844,-2.3164062,4.1679688,-2.2890625,-1.8222005158662797,-1.8222005158662797,0.49836522,0.25794253,0.24369225
241,89835$_$7,missing,EMPTY,0,0,1.7626953,0.050933838,-2.1679688,1.7117615,-1.5439453125,-1.2261067658662799,-1.2261067658662799,0.46509552,0.280927,0.25397745
242,8eaYvALnJ0o$_$1,missing,EMPTY,2,1,0.15698242,2.0488281,-1.1289062,-3.1777344,-0.07659912109375,-0.05222981274127966,-0.05222981274127966,0.41448227,0.31649125,0.2690265
243,8eaYvALnJ0o$_$0,missing,EMPTY,2,1,-0.61572266,2.4628906,-0.27075195,-2.7336426,0.121337890625,0.10611979663372034,0.10611979663372034,0.3773635,0.33306068,0.28957585
244,8x_nCOh6Wmc$_$6,missing,EMPTY,2,0,2.6113281,-1.4541016,-2.3183594,-4.9296875,-2.26171875,-1.8003255158662799,-1.8003255158662799,0.496862,0.25889418,0.24424383
245,96642$_$1,missing,EMPTY,0,1,0.17663574,1.9912109,-1.125,-1.8145752,-0.0843505859375,-0.05843098461627967,-0.05843098461627967,0.41520825,0.31423438,0.27055734
246,96642$_$3,missing,EMPTY,2,1,-0.43701172,2.4335938,-0.5185547,-2.9521484,0.12646484375,0.11022135913372035,0.11022135913372035,0.39023554,0.32626238,0.283502
247,96642$_$2,missing,EMPTY,1,1,0.103881836,2.015625,-1.1015625,1.9117432,-0.1416015625,-0.10423176586627966,-0.10423176586627966,0.42175442,0.31213802,0.26610756
248,96642$_$4,missing,EMPTY,0,0,1.7626953,0.015777588,-2.15625,1.7469177,-1.580078125,-1.2550130158662798,-1.2550130158662798,0.46547374,0.28136525,0.253161
249,99501$_$10,missing,EMPTY,0,1,0.28808594,1.9169922,-1.25,-1.6289062,-0.176025390625,-0.13177082836627968,-0.13177082836627968,0.42334962,0.31197715,0.26467323
250,99501$_$13,missing,EMPTY,0,0,1.6259766,0.21472168,-2.0976562,1.4112549,-1.43359375,-1.1378255158662798,-1.1378255158662798,0.46007767,0.28488967,0.25503263
251,99501$_$1,missing,EMPTY,1,1,0.103881836,2.015625,-1.1015625,1.9117432,-0.1416015625,-0.10423176586627966,-0.10423176586627966,0.42175442,0.31213802,0.26610756
252,99501$_$0,missing,EMPTY,1,1,-0.027496338,2.3339844,-0.8364258,2.3614807,0.0526123046875,0.05113932788372034,0.05113932788372034,0.3787869,0.3277254,0.2934877
253,99501$_$5,missing,EMPTY,0,0,1.6230469,0.22521973,-2.1035156,1.3978271,-1.4169921875,-1.1245442658662796,-1.1245442658662796,0.46086103,0.28490242,0.25423652
254,99501$_$7,missing,EMPTY,2,1,0.103881836,2.015625,-1.1015625,-3.1171875,-0.1416015625,-0.10423176586627966,-0.10423176586627966,0.42175442,0.31213802,0.26610756
255,9QI-9w_VdB4$_$0,missing,EMPTY,2,1,0.15698242,2.0488281,-1.1289062,-3.1777344,-0.07659912109375,-0.05222981274127966,-0.05222981274127966,0.41448227,0.31649125,0.2690265
256,AG5EY8ZaFj4$_$3,missing,EMPTY,1,1,-0.43701172,2.4335938,-0.5185547,2.8706055,0.12646484375,0.11022135913372035,0.11022135913372035,0.39023554,0.32626238,0.283502
257,AG5EY8ZaFj4$_$15,missing,EMPTY,1,1,0.8364258,1.3271484,-1.6230469,0.49072266,-0.50341796875,-0.39368489086627967,-0.39368489086627967,0.4368359,0.30249837,0.2606657
258,Arh2TKRi_mg$_$15,missing,EMPTY,2,1,0.17419434,2.0351562,-1.1474609,-3.1826172,-0.08477783203125,-0.058772781491279666,-0.058772781491279666,0.41494876,0.31592426,0.26912695
259,Arh2TKRi_mg$_$14,missing,EMPTY,2,1,0.28271484,1.9072266,-1.2539062,-3.1611328,-0.173583984375,-0.12981770336627968,-0.12981770336627968,0.42120984,0.31324163,0.2655485
260,Arh2TKRi_mg$_$16,missing,EMPTY,1,0,1.4677734,0.6035156,-2.0351562,-0.8642578,-1.1767578125,-0.9323567658662797,-0.9323567658662797,0.4546084,0.28739515,0.25799644
261,Arh2TKRi_mg$_$19,missing,EMPTY,2,1,0.28808594,1.9169922,-1.25,-3.1669922,-0.176025390625,-0.13177082836627968,-0.13177082836627968,0.42334962,0.31197715,0.26467323
262,Arh2TKRi_mg$_$32,missing,EMPTY,2,0,1.7177734,0.10412598,-2.0996094,-3.8173828,-1.361328125,-1.0800130158662797,-1.0800130158662797,0.46377948,0.28492886,0.25129166
263,Arh2TKRi_mg$_$28,missing,EMPTY,0,1,-0.41381836,2.453125,-0.5498047,-2.8669434,0.1123046875,0.09889323413372034,0.09889323413372034,0.38861182,0.32657254,0.28481564
264,Arh2TKRi_mg$_$3,missing,EMPTY,2,0,1.4677734,0.6035156,-2.0351562,-3.5029297,-1.1767578125,-0.9323567658662797,-0.9323567658662797,0.4546084,0.28739515,0.25799644
265,AxNy9TeTLq8$_$0,missing,EMPTY,2,0,1.6259766,0.21472168,-2.0976562,-3.7236328,-1.43359375,-1.1378255158662798,-1.1378255158662798,0.46007767,0.28488967,0.25503263
266,BSKAHXFYF_I$_$1,missing,EMPTY,1,1,-0.515625,2.46875,-0.40771484,2.8764648,0.11993408203125,0.10499674975872034,0.10499674975872034,0.38892555,0.3223813,0.28869316
267,BSKAHXFYF_I$_$3,missing,EMPTY,1,0,1.4677734,0.6035156,-2.0351562,-0.8642578,-1.1767578125,-0.9323567658662797,-0.9323567658662797,0.4546084,0.28739515,0.25799644
268,BSKAHXFYF_I$_$7,missing,EMPTY,1,1,-0.61572266,2.4628906,-0.27075195,2.7336426,0.121337890625,0.10611979663372034,0.10611979663372034,0.3773635,0.33306068,0.28957585
269,BSKAHXFYF_I$_$8,missing,EMPTY,1,1,-0.41381836,2.453125,-0.5498047,2.8669434,0.1123046875,0.09889323413372034,0.09889323413372034,0.38861182,0.32657254,0.28481564
270,Baz0VVQ-E9E$_$10,missing,EMPTY,0,1,-0.0034484863,2.3847656,-0.9277344,-2.388214,0.0198974609375,0.024967452883720338,0.024967452883720338,0.40533015,0.31023377,0.28443614
271,Baz0VVQ-E9E$_$1,missing,EMPTY,1,1,-0.42260742,2.4667969,-0.5371094,2.8894043,0.10491943359375,0.09298503100872034,0.09298503100872034,0.39544466,0.31962752,0.28492776
272,Baz0VVQ-E9E$_$5,missing,EMPTY,0,1,-0.40649414,2.5566406,-0.4729004,-2.9631348,0.0987548828125,0.08805339038372034,0.08805339038372034,0.38222137,0.3227475,0.29503113
273,Baz0VVQ-E9E$_$7,missing,EMPTY,2,1,0.103881836,2.015625,-1.1015625,-3.1171875,-0.1416015625,-0.10423176586627966,-0.10423176586627966,0.42175442,0.31213802,0.26610756
274,CJGuudyvA0Y$_$4,missing,EMPTY,2,0,1.6230469,0.22521973,-2.1035156,-3.7265625,-1.4169921875,-1.1245442658662796,-1.1245442658662796,0.46086103,0.28490242,0.25423652
275,CPjbogfLHR4$_$2,missing,EMPTY,2,1,-0.41381836,2.453125,-0.5498047,-3.0029297,0.1123046875,0.09889323413372034,0.09889323413372034,0.38861182,0.32657254,0.28481564
276,CPjbogfLHR4$_$5,missing,EMPTY,2,0,1.7490234,0.10510254,-2.1386719,-3.8876953,-1.4287109375,-1.1339192658662798,-1.1339192658662798,0.46371529,0.28324437,0.25304034
277,DdUJojoFU_c$_$11,missing,EMPTY,2,1,0.15698242,2.0488281,-1.1289062,-3.1777344,-0.07659912109375,-0.05222981274127966,-0.05222981274127966,0.41448227,0.31649125,0.2690265
278,DdUJojoFU_c$_$15,missing,EMPTY,2,1,-0.41381836,2.453125,-0.5498047,-3.0029297,0.1123046875,0.09889323413372034,0.09889323413372034,0.38861182,0.32657254,0.28481564
279,DdUJojoFU_c$_$14,missing,EMPTY,2,1,0.17419434,2.0351562,-1.1474609,-3.1826172,-0.08477783203125,-0.058772781491279666,-0.058772781491279666,0.41494876,0.31592426,0.26912695
280,DdUJojoFU_c$_$17,missing,EMPTY,1,1,0.5078125,1.6865234,-1.4111328,1.1787109,-0.300048828125,-0.23098957836627967,-0.23098957836627967,0.43258712,0.30692294,0.26048994
281,DdUJojoFU_c$_$16,missing,EMPTY,2,0,1.6230469,0.22521973,-2.1035156,-3.7265625,-1.4169921875,-1.1245442658662796,-1.1245442658662796,0.46086103,0.28490242,0.25423652
282,DdUJojoFU_c$_$2,missing,EMPTY,2,0,2.5253906,-1.2480469,-2.3359375,-4.861328,-2.185546875,-1.7393880158662798,-1.7393880158662798,0.49273193,0.26318187,0.2440862
283,DdUJojoFU_c$_$6,missing,EMPTY,1,0,1.4677734,0.6035156,-2.0351562,-0.8642578,-1.1767578125,-0.9323567658662797,-0.9323567658662797,0.4546084,0.28739515,0.25799644
284,DdUJojoFU_c$_$8,missing,EMPTY,2,0,1.7177734,0.10412598,-2.0996094,-3.8173828,-1.361328125,-1.0800130158662797,-1.0800130158662797,0.46377948,0.28492886,0.25129166
285,DlbYiwOnTyk$_$1,missing,EMPTY,1,1,0.5078125,1.6865234,-1.4111328,1.1787109,-0.300048828125,-0.23098957836627967,-0.23098957836627967,0.43258712,0.30692294,0.26048994
286,E8MuzHUhUHk$_$15,missing,EMPTY,2,1,-0.41381836,2.453125,-0.5498047,-3.0029297,0.1123046875,0.09889323413372034,0.09889323413372034,0.38861182,0.32657254,0.28481564
287,E8MuzHUhUHk$_$14,missing,EMPTY,2,1,0.103881836,2.015625,-1.1015625,-3.1171875,-0.1416015625,-0.10423176586627966,-0.10423176586627966,0.42175442,0.31213802,0.26610756
288,E8MuzHUhUHk$_$16,missing,EMPTY,2,0,1.7392578,0.1270752,-2.1347656,-3.8740234,-1.4189453125,-1.1261067658662798,-1.1261067658662798,0.46289712,0.28327587,0.253827
289,E8MuzHUhUHk$_$2,missing,EMPTY,2,1,0.8364258,1.3271484,-1.6230469,-2.9501953,-0.50341796875,-0.39368489086627967,-0.39368489086627967,0.4368359,0.30249837,0.2606657
290,E8MuzHUhUHk$_$9,missing,EMPTY,2,1,0.17663574,1.9912109,-1.125,-3.116211,-0.0843505859375,-0.05843098461627967,-0.05843098461627967,0.41520825,0.31423438,0.27055734
291,EEjCkc82oyk$_$7,missing,EMPTY,0,1,0.28271484,1.9072266,-1.2539062,-1.6245117,-0.173583984375,-0.12981770336627968,-0.12981770336627968,0.42120984,0.31324163,0.2655485
292,EEjCkc82oyk$_$9,missing,EMPTY,0,1,0.28808594,1.9169922,-1.25,-1.6289062,-0.176025390625,-0.13177082836627968,-0.13177082836627968,0.42334962,0.31197715,0.26467323
293,EQxkXiWAm08$_$8,missing,EMPTY,1,1,-0.515625,2.46875,-0.40771484,2.8764648,0.11993408203125,0.10499674975872034,0.10499674975872034,0.38892555,0.3223813,0.28869316
294,ET1cU5_A2YM$_$1,missing,EMPTY,0,1,0.15698242,2.0488281,-1.1289062,-1.8918457,-0.07659912109375,-0.05222981274127966,-0.05222981274127966,0.41448227,0.31649125,0.2690265
295,ET1cU5_A2YM$_$3,missing,EMPTY,0,1,-0.515625,2.46875,-0.40771484,-2.984375,0.11993408203125,0.10499674975872034,0.10499674975872034,0.38892555,0.3223813,0.28869316
296,ET1cU5_A2YM$_$6,missing,EMPTY,0,1,0.5078125,1.6865234,-1.4111328,-1.1787109,-0.300048828125,-0.23098957836627967,-0.23098957836627967,0.43258712,0.30692294,0.26048994
297,EmmuWoCUgXs$_$22,missing,EMPTY,1,1,-0.48168945,2.4765625,-0.4477539,2.9243164,0.1136474609375,0.09996745288372035,0.09996745288372035,0.38320726,0.32911128,0.28768146
298,EmmuWoCUgXs$_$7,missing,EMPTY,0,0,1.8623047,-0.13684082,-2.1992188,1.9991455,-1.658203125,-1.3175130158662798,-1.3175130158662798,0.46871716,0.2789207,0.25236207
299,Es9MkKsMsjU$_$10,missing,EMPTY,1,1,0.4296875,1.7626953,-1.3515625,1.3330078,-0.28125,-0.21595051586627967,-0.21595051586627967,0.43084466,0.3084127,0.26074266
300,Es9MkKsMsjU$_$12,missing,EMPTY,0,0,1.7509766,-0.024017334,-2.1367188,1.7749939,-1.60546875,-1.2753255158662797,-1.2753255158662797,0.46480596,0.28143063,0.25376344
301,Es9MkKsMsjU$_$2,missing,EMPTY,0,0,2.2597656,-0.8046875,-2.3203125,3.0644531,-1.99609375,-1.5878255158662797,-1.5878255158662797,0.48258874,0.27086982,0.24654141
302,Es9MkKsMsjU$_$7,missing,EMPTY,0,0,1.7509766,-0.024017334,-2.1367188,1.7749939,-1.60546875,-1.2753255158662797,-1.2753255158662797,0.46480596,0.28143063,0.25376344
303,Ezn3p5FWF_U$_$4,missing,EMPTY,2,0,2.5859375,-1.3984375,-2.3144531,-4.9003906,-2.224609375,-1.7706380158662798,-1.7706380158662798,0.49465516,0.26166874,0.24367617
304,F1U26PLiXjM$_$1,missing,EMPTY,2,1,0.28808594,1.9169922,-1.25,-3.1669922,-0.176025390625,-0.13177082836627968,-0.13177082836627968,0.42334962,0.31197715,0.26467323
305,F6JV-K840EY$_$2,missing,EMPTY,0,1,0.5078125,1.6865234,-1.4111328,-1.1787109,-0.300048828125,-0.23098957836627967,-0.23098957836627967,0.43258712,0.30692294,0.26048994
306,FB_b1dm0SRY$_$10,missing,EMPTY,0,1,0.8364258,1.3271484,-1.6230469,-0.49072266,-0.50341796875,-0.39368489086627967,-0.39368489086627967,0.4368359,0.30249837,0.2606657
307,FB_b1dm0SRY$_$0,missing,EMPTY,1,1,0.8364258,1.3271484,-1.6230469,0.49072266,-0.50341796875,-0.39368489086627967,-0.39368489086627967,0.4368359,0.30249837,0.2606657
308,FB_b1dm0SRY$_$6,missing,EMPTY,0,1,-0.515625,2.46875,-0.40771484,-2.984375,0.11993408203125,0.10499674975872034,0.10499674975872034,0.38892555,0.3223813,0.28869316
309,FB_b1dm0SRY$_$9,missing,EMPTY,0,0,1.7177734,0.10412598,-2.0996094,1.6136475,-1.361328125,-1.0800130158662797,-1.0800130158662797,0.46377948,0.28492886,0.25129166
310,FB_b1dm0SRY$_$8,missing,EMPTY,2,1,0.5078125,1.6865234,-1.4111328,-3.0976562,-0.300048828125,-0.23098957836627967,-0.23098957836627967,0.43258712,0.30692294,0.26048994
311,FxxJB8hBpyQ$_$1,missing,EMPTY,0,1,0.28808594,1.9169922,-1.25,-1.6289062,-0.176025390625,-0.13177082836627968,-0.13177082836627968,0.42334962,0.31197715,0.26467323
312,Fy0Uid9afM8$_$0,missing,EMPTY,1,1,0.103881836,2.015625,-1.1015625,1.9117432,-0.1416015625,-0.10423176586627966,-0.10423176586627966,0.42175442,0.31213802,0.26610756
313,Fy0Uid9afM8$_$3,missing,EMPTY,0,1,0.4296875,1.7626953,-1.3515625,-1.3330078,-0.28125,-0.21595051586627967,-0.21595051586627967,0.43084466,0.3084127,0.26074266
314,Fy0Uid9afM8$_$5,missing,EMPTY,1,1,0.28808594,1.9169922,-1.25,1.6289062,-0.176025390625,-0.13177082836627968,-0.13177082836627968,0.42334962,0.31197715,0.26467323
315,Fy0Uid9afM8$_$4,missing,EMPTY,0,1,-0.0034484863,2.3847656,-0.9277344,-2.388214,0.0198974609375,0.024967452883720338,0.024967452883720338,0.40533015,0.31023377,0.28443614
316,H1DpVwktfDQ$_$0,missing,EMPTY,0,1,-0.515625,2.46875,-0.40771484,-2.984375,0.11993408203125,0.10499674975872034,0.10499674975872034,0.38892555,0.3223813,0.28869316
317,HGicRLwgtkM$_$1,missing,EMPTY,2,0,1.7626953,0.015777588,-2.15625,-3.9189453,-1.580078125,-1.2550130158662798,-1.2550130158662798,0.46547374,0.28136525,0.253161
318,HGicRLwgtkM$_$3,missing,EMPTY,1,1,0.8364258,1.3271484,-1.6230469,0.49072266,-0.50341796875,-0.39368489086627967,-0.39368489086627967,0.4368359,0.30249837,0.2606657
319,HGicRLwgtkM$_$2,missing,EMPTY,2,1,0.17419434,2.0351562,-1.1474609,-3.1826172,-0.08477783203125,-0.058772781491279666,-0.058772781491279666,0.41494876,0.31592426,0.26912695
320,HGicRLwgtkM$_$6,missing,EMPTY,2,1,0.28808594,1.9169922,-1.25,-3.1669922,-0.176025390625,-0.13177082836627968,-0.13177082836627968,0.42334962,0.31197715,0.26467323
321,HmXXW45eZL4$_$1,missing,EMPTY,0,0,2.6113281,-1.4501953,-2.3203125,4.0615234,-2.2578125,-1.7972005158662798,-1.7972005158662798,0.49584004,0.2596589,0.24450111
322,HmXXW45eZL4$_$4,missing,EMPTY,0,1,0.103881836,2.015625,-1.1015625,-1.9117432,-0.1416015625,-0.10423176586627966,-0.10423176586627966,0.42175442,0.31213802,0.26610756
323,IM6HW1HwHhM$_$11,missing,EMPTY,0,1,0.17663574,1.9912109,-1.125,-1.8145752,-0.0843505859375,-0.05843098461627967,-0.05843098461627967,0.41520825,0.31423438,0.27055734
324,IM6HW1HwHhM$_$15,missing,EMPTY,2,1,0.4296875,1.7626953,-1.3515625,-3.1142578,-0.28125,-0.21595051586627967,-0.21595051586627967,0.43084466,0.3084127,0.26074266
325,IM6HW1HwHhM$_$17,missing,EMPTY,2,1,0.17663574,1.9912109,-1.125,-3.116211,-0.0843505859375,-0.05843098461627967,-0.05843098461627967,0.41520825,0.31423438,0.27055734
326,IUmxJNs2zaY$_$3,missing,EMPTY,1,0,1.4677734,0.6035156,-2.0351562,-0.8642578,-1.1767578125,-0.9323567658662797,-0.9323567658662797,0.4546084,0.28739515,0.25799644
327,IUmxJNs2zaY$_$2,missing,EMPTY,1,1,0.4296875,1.7626953,-1.3515625,1.3330078,-0.28125,-0.21595051586627967,-0.21595051586627967,0.43084466,0.3084127,0.26074266
328,JAnRCQ9A0vI$_$1,missing,EMPTY,1,0,2.6464844,-1.5214844,-2.3164062,-4.1679688,-2.2890625,-1.8222005158662797,-1.8222005158662797,0.49836522,0.25794253,0.24369225
329,JAnRCQ9A0vI$_$0,missing,EMPTY,1,1,-0.0690918,2.390625,-0.89501953,2.4597168,0.0235595703125,0.027897140383720338,0.027897140383720338,0.4037197,0.316987,0.27929327
330,JAnRCQ9A0vI$_$3,missing,EMPTY,2,0,2.5859375,-1.3984375,-2.3144531,-4.9003906,-2.224609375,-1.7706380158662798,-1.7706380158662798,0.49465516,0.26166874,0.24367617
331,JAnRCQ9A0vI$_$2,missing,EMPTY,2,0,2.6464844,-1.5214844,-2.3164062,-4.9628906,-2.2890625,-1.8222005158662797,-1.8222005158662797,0.49836522,0.25794253,0.24369225
332,JAnRCQ9A0vI$_$5,missing,EMPTY,2,1,0.17663574,1.9912109,-1.125,-3.116211,-0.0843505859375,-0.05843098461627967,-0.05843098461627967,0.41520825,0.31423438,0.27055734
333,JAnRCQ9A0vI$_$4,missing,EMPTY,1,1,-0.61572266,2.4628906,-0.27075195,2.7336426,0.121337890625,0.10611979663372034,0.10611979663372034,0.3773635,0.33306068,0.28957585
334,JAnRCQ9A0vI$_$8,missing,EMPTY,2,0,2.6464844,-1.5214844,-2.3164062,-4.9628906,-2.2890625,-1.8222005158662797,-1.8222005158662797,0.49836522,0.25794253,0.24369225
335,JOK1SSmPtFw$_$10,missing,EMPTY,2,1,-0.43701172,2.4335938,-0.5185547,-2.9521484,0.12646484375,0.11022135913372035,0.11022135913372035,0.39023554,0.32626238,0.283502
336,JOK1SSmPtFw$_$13,missing,EMPTY,2,1,0.103881836,2.015625,-1.1015625,-3.1171875,-0.1416015625,-0.10423176586627966,-0.10423176586627966,0.42175442,0.31213802,0.26610756
337,JOK1SSmPtFw$_$14,missing,EMPTY,1,1,-0.48168945,2.4765625,-0.4477539,2.9243164,0.1136474609375,0.09996745288372035,0.09996745288372035,0.38320726,0.32911128,0.28768146
338,JOK1SSmPtFw$_$16,missing,EMPTY,1,1,-0.48168945,2.4765625,-0.4477539,2.9243164,0.1136474609375,0.09996745288372035,0.09996745288372035,0.38320726,0.32911128,0.28768146
339,JOK1SSmPtFw$_$0,missing,EMPTY,2,0,2.6464844,-1.5214844,-2.3164062,-4.9628906,-2.2890625,-1.8222005158662797,-1.8222005158662797,0.49836522,0.25794253,0.24369225
340,JOK1SSmPtFw$_$5,missing,EMPTY,1,1,0.8364258,1.3271484,-1.6230469,0.49072266,-0.50341796875,-0.39368489086627967,-0.39368489086627967,0.4368359,0.30249837,0.2606657
341,JOK1SSmPtFw$_$4,missing,EMPTY,1,1,-0.42260742,2.4667969,-0.5371094,2.8894043,0.10491943359375,0.09298503100872034,0.09298503100872034,0.39544466,0.31962752,0.28492776
342,JOK1SSmPtFw$_$8,missing,EMPTY,1,1,-0.61572266,2.4628906,-0.27075195,2.7336426,0.121337890625,0.10611979663372034,0.10611979663372034,0.3773635,0.33306068,0.28957585
343,JPT38CA3sGI$_$1,missing,EMPTY,0,1,0.103881836,2.015625,-1.1015625,-1.9117432,-0.1416015625,-0.10423176586627966,-0.10423176586627966,0.42175442,0.31213802,0.26610756
344,JPT38CA3sGI$_$0,missing,EMPTY,2,1,-0.41381836,2.453125,-0.5498047,-3.0029297,0.1123046875,0.09889323413372034,0.09889323413372034,0.38861182,0.32657254,0.28481564
345,JPT38CA3sGI$_$5,missing,EMPTY,2,1,-0.41381836,2.453125,-0.5498047,-3.0029297,0.1123046875,0.09889323413372034,0.09889323413372034,0.38861182,0.32657254,0.28481564
346,JVpF99zuQhA$_$0,missing,EMPTY,1,1,0.28271484,1.9072266,-1.2539062,1.6245117,-0.173583984375,-0.12981770336627968,-0.12981770336627968,0.42120984,0.31324163,0.2655485
347,JVpF99zuQhA$_$2,missing,EMPTY,1,0,1.2763672,0.78271484,-1.8896484,-0.49365234,-0.8779296875,-0.6932942658662797,-0.6932942658662797,0.44927675,0.29498726,0.25573596
348,JVpF99zuQhA$_$4,missing,EMPTY,1,1,-0.48168945,2.4765625,-0.4477539,2.9243164,0.1136474609375,0.09996745288372035,0.09996745288372035,0.38320726,0.32911128,0.28768146
349,K0m1tO3Ybyc$_$15,missing,EMPTY,2,1,-0.61572266,2.4628906,-0.27075195,-2.7336426,0.121337890625,0.10611979663372034,0.10611979663372034,0.3773635,0.33306068,0.28957585
350,K0m1tO3Ybyc$_$8,missing,EMPTY,2,0,1.4677734,0.6035156,-2.0351562,-3.5029297,-1.1767578125,-0.9323567658662797,-0.9323567658662797,0.4546084,0.28739515,0.25799644
351,K8gp7ncdUl8$_$5,missing,EMPTY,0,0,1.7626953,0.015777588,-2.15625,1.7469177,-1.580078125,-1.2550130158662798,-1.2550130158662798,0.46547374,0.28136525,0.253161
352,KDjl2exStlI$_$10,missing,EMPTY,1,1,-0.48168945,2.4765625,-0.4477539,2.9243164,0.1136474609375,0.09996745288372035,0.09996745288372035,0.38320726,0.32911128,0.28768146
353,KDjl2exStlI$_$13,missing,EMPTY,1,1,-0.61572266,2.4628906,-0.27075195,2.7336426,0.121337890625,0.10611979663372034,0.10611979663372034,0.3773635,0.33306068,0.28957585
354,KDjl2exStlI$_$5,missing,EMPTY,1,1,-0.41381836,2.453125,-0.5498047,2.8669434,0.1123046875,0.09889323413372034,0.09889323413372034,0.38861182,0.32657254,0.28481564
355,KDjl2exStlI$_$4,missing,EMPTY,1,1,0.17419434,2.0351562,-1.1474609,1.8609619,-0.08477783203125,-0.058772781491279666,-0.058772781491279666,0.41494876,0.31592426,0.26912695
356,KkKWFZZmmCM$_$1,missing,EMPTY,2,0,1.7177734,0.10412598,-2.0996094,-3.8173828,-1.361328125,-1.0800130158662797,-1.0800130158662797,0.46377948,0.28492886,0.25129166
357,KpMCvUyQCXg$_$1,missing,EMPTY,1,1,0.15698242,2.0488281,-1.1289062,1.8918457,-0.07659912109375,-0.05222981274127966,-0.05222981274127966,0.41448227,0.31649125,0.2690265
358,KpMCvUyQCXg$_$3,missing,EMPTY,1,1,-0.515625,2.46875,-0.40771484,2.8764648,0.11993408203125,0.10499674975872034,0.10499674975872034,0.38892555,0.3223813,0.28869316
359,KpMCvUyQCXg$_$5,missing,EMPTY,2,1,0.5078125,1.6865234,-1.4111328,-3.0976562,-0.300048828125,-0.23098957836627967,-0.23098957836627967,0.43258712,0.30692294,0.26048994
360,L1eFHRQGFeg$_$2,missing,EMPTY,0,0,2.0761719,-0.45581055,-2.2851562,2.5319824,-1.8076171875,-1.4370442658662799,-1.4370442658662799,0.47499067,0.2755109,0.24949841
361,MCsvw5-7lVE$_$1,missing,EMPTY,2,0,1.6259766,0.21472168,-2.0976562,-3.7236328,-1.43359375,-1.1378255158662798,-1.1378255158662798,0.46007767,0.28488967,0.25503263
362,MCsvw5-7lVE$_$2,missing,EMPTY,2,1,0.17419434,2.0351562,-1.1474609,-3.1826172,-0.08477783203125,-0.058772781491279666,-0.058772781491279666,0.41494876,0.31592426,0.26912695
363,MCsvw5-7lVE$_$4,missing,EMPTY,2,1,-0.61572266,2.4628906,-0.27075195,-2.7336426,0.121337890625,0.10611979663372034,0.10611979663372034,0.3773635,0.33306068,0.28957585
364,MMpo2bDk-DU$_$10,missing,EMPTY,0,1,0.103881836,2.015625,-1.1015625,-1.9117432,-0.1416015625,-0.10423176586627966,-0.10423176586627966,0.42175442,0.31213802,0.26610756
365,MMpo2bDk-DU$_$17,missing,EMPTY,0,0,1.4677734,0.6035156,-2.0351562,0.8642578,-1.1767578125,-0.9323567658662797,-0.9323567658662797,0.4546084,0.28739515,0.25799644
366,MMpo2bDk-DU$_$16,missing,EMPTY,1,1,0.5078125,1.6865234,-1.4111328,1.1787109,-0.300048828125,-0.23098957836627967,-0.23098957836627967,0.43258712,0.30692294,0.26048994
367,MMpo2bDk-DU$_$19,missing,EMPTY,2,1,0.17663574,1.9912109,-1.125,-3.116211,-0.0843505859375,-0.05843098461627967,-0.05843098461627967,0.41520825,0.31423438,0.27055734
368,MjaaudUc5-4$_$1,missing,EMPTY,0,1,-0.43701172,2.4335938,-0.5185547,-2.8706055,0.12646484375,0.11022135913372035,0.11022135913372035,0.39023554,0.32626238,0.283502
369,MjaaudUc5-4$_$0,missing,EMPTY,2,1,-0.35717773,2.5078125,-0.55029297,-3.0581055,0.0570068359375,0.05465495288372034,0.05465495288372034,0.3726501,0.33333975,0.29401016
370,MjaaudUc5-4$_$3,missing,EMPTY,2,1,-0.41381836,2.453125,-0.5498047,-3.0029297,0.1123046875,0.09889323413372034,0.09889323413372034,0.38861182,0.32657254,0.28481564
371,MjaaudUc5-4$_$6,missing,EMPTY,0,1,-0.0690918,2.390625,-0.89501953,-2.4597168,0.0235595703125,0.027897140383720338,0.027897140383720338,0.4037197,0.316987,0.27929327
372,MoQmPA7Q07Q$_$1,missing,EMPTY,2,1,0.8364258,1.3271484,-1.6230469,-2.9501953,-0.50341796875,-0.39368489086627967,-0.39368489086627967,0.4368359,0.30249837,0.2606657
373,MoQmPA7Q07Q$_$2,missing,EMPTY,2,0,1.7392578,0.1270752,-2.1347656,-3.8740234,-1.4189453125,-1.1261067658662798,-1.1261067658662798,0.46289712,0.28327587,0.253827
374,N1X63d_jgmw$_$5,missing,EMPTY,0,0,2.5253906,-1.2480469,-2.3359375,3.7734375,-2.185546875,-1.7393880158662798,-1.7393880158662798,0.49273193,0.26318187,0.2440862
375,N5xfBtD6rLY$_$7,missing,EMPTY,1,1,-0.0034484863,2.3847656,-0.9277344,2.388214,0.0198974609375,0.024967452883720338,0.024967452883720338,0.40533015,0.31023377,0.28443614
376,NoZsdSGnNpI$_$7,missing,EMPTY,2,0,1.6259766,0.21472168,-2.0976562,-3.7236328,-1.43359375,-1.1378255158662798,-1.1378255158662798,0.46007767,0.28488967,0.25503263
377,Nrurc5sMUOE$_$5,missing,EMPTY,0,0,2.6113281,-1.4541016,-2.3183594,4.0654297,-2.26171875,-1.8003255158662799,-1.8003255158662799,0.496862,0.25889418,0.24424383
378,Nrurc5sMUOE$_$7,missing,EMPTY,0,1,-0.48168945,2.4765625,-0.4477539,-2.958252,0.1136474609375,0.09996745288372035,0.09996745288372035,0.38320726,0.32911128,0.28768146
379,Nrurc5sMUOE$_$8,missing,EMPTY,0,0,1.6513672,0.16027832,-2.1132812,1.4910889,-1.4931640625,-1.1854817658662797,-1.1854817658662797,0.46162477,0.28321123,0.25516397
380,NzvNW7vP-Co$_$5,missing,EMPTY,2,0,2.6113281,-1.4541016,-2.3183594,-4.9296875,-2.26171875,-1.8003255158662799,-1.8003255158662799,0.496862,0.25889418,0.24424383
381,NzvNW7vP-Co$_$4,missing,EMPTY,1,1,-0.41381836,2.453125,-0.5498047,2.8669434,0.1123046875,0.09889323413372034,0.09889323413372034,0.38861182,0.32657254,0.28481564
382,NzvNW7vP-Co$_$7,missing,EMPTY,2,0,1.6259766,0.21472168,-2.0976562,-3.7236328,-1.43359375,-1.1378255158662798,-1.1378255158662798,0.46007767,0.28488967,0.25503263
383,OLP0nCKwU6k$_$6,missing,EMPTY,0,0,2.6113281,-1.4541016,-2.3183594,4.0654297,-2.26171875,-1.8003255158662799,-1.8003255158662799,0.496862,0.25889418,0.24424383
384,OrYBtyO0aPI$_$1,missing,EMPTY,0,1,-0.43701172,2.4335938,-0.5185547,-2.8706055,0.12646484375,0.11022135913372035,0.11022135913372035,0.39023554,0.32626238,0.283502
385,OrYBtyO0aPI$_$4,missing,EMPTY,2,1,-0.35717773,2.5078125,-0.55029297,-3.0581055,0.0570068359375,0.05465495288372034,0.05465495288372034,0.3726501,0.33333975,0.29401016
386,PboaYD5hlG8$_$10,missing,EMPTY,2,1,0.103881836,2.015625,-1.1015625,-3.1171875,-0.1416015625,-0.10423176586627966,-0.10423176586627966,0.42175442,0.31213802,0.26610756
387,PboaYD5hlG8$_$3,missing,EMPTY,2,1,-0.43701172,2.4335938,-0.5185547,-2.9521484,0.12646484375,0.11022135913372035,0.11022135913372035,0.39023554,0.32626238,0.283502
388,PboaYD5hlG8$_$2,missing,EMPTY,2,1,-0.41381836,2.453125,-0.5498047,-3.0029297,0.1123046875,0.09889323413372034,0.09889323413372034,0.38861182,0.32657254,0.28481564
389,PboaYD5hlG8$_$7,missing,EMPTY,1,0,1.7626953,0.015777588,-2.15625,-1.7469177,-1.580078125,-1.2550130158662798,-1.2550130158662798,0.46547374,0.28136525,0.253161
390,PboaYD5hlG8$_$9,missing,EMPTY,1,0,1.4677734,0.6035156,-2.0351562,-0.8642578,-1.1767578125,-0.9323567658662797,-0.9323567658662797,0.4546084,0.28739515,0.25799644
391,PboaYD5hlG8$_$8,missing,EMPTY,0,0,1.7197266,0.20568848,-2.1582031,1.5140381,-1.427734375,-1.1331380158662798,-1.1331380158662798,0.46495458,0.28216094,0.25288445
392,Pt-D0LUHDSc$_$2,missing,EMPTY,2,1,0.17663574,1.9912109,-1.125,-3.116211,-0.0843505859375,-0.05843098461627967,-0.05843098461627967,0.41520825,0.31423438,0.27055734
393,PwapK9d8IGk$_$4,missing,EMPTY,0,0,2.5859375,-1.3984375,-2.3144531,3.984375,-2.224609375,-1.7706380158662798,-1.7706380158662798,0.49465516,0.26166874,0.24367617
394,PyQrAYl1bFs$_$0,missing,EMPTY,2,1,-0.0034484863,2.3847656,-0.9277344,-3.3125,0.0198974609375,0.024967452883720338,0.024967452883720338,0.40533015,0.31023377,0.28443614
395,PyQrAYl1bFs$_$3,missing,EMPTY,2,1,-0.61572266,2.4628906,-0.27075195,-2.7336426,0.121337890625,0.10611979663372034,0.10611979663372034,0.3773635,0.33306068,0.28957585
396,PyQrAYl1bFs$_$4,missing,EMPTY,2,1,0.4296875,1.7626953,-1.3515625,-3.1142578,-0.28125,-0.21595051586627967,-0.21595051586627967,0.43084466,0.3084127,0.26074266
397,Q4WzApjaCNI$_$0,missing,EMPTY,1,1,-0.515625,2.46875,-0.40771484,2.8764648,0.11993408203125,0.10499674975872034,0.10499674975872034,0.38892555,0.3223813,0.28869316
398,Q7S0tX4FUNA$_$4,missing,EMPTY,1,1,0.103881836,2.015625,-1.1015625,1.9117432,-0.1416015625,-0.10423176586627966,-0.10423176586627966,0.42175442,0.31213802,0.26610756
399,Q7S0tX4FUNA$_$7,missing,EMPTY,1,1,-0.0690918,2.390625,-0.89501953,2.4597168,0.0235595703125,0.027897140383720338,0.027897140383720338,0.4037197,0.316987,0.27929327
400,Q7S0tX4FUNA$_$8,missing,EMPTY,0,1,-0.48168945,2.4765625,-0.4477539,-2.958252,0.1136474609375,0.09996745288372035,0.09996745288372035,0.38320726,0.32911128,0.28768146
401,Qa6Yz62V-Yc$_$0,missing,EMPTY,1,0,1.4677734,0.6035156,-2.0351562,-0.8642578,-1.1767578125,-0.9323567658662797,-0.9323567658662797,0.4546084,0.28739515,0.25799644
402,QjcQx8_PQfw$_$10,missing,EMPTY,2,1,0.15698242,2.0488281,-1.1289062,-3.1777344,-0.07659912109375,-0.05222981274127966,-0.05222981274127966,0.41448227,0.31649125,0.2690265
403,QjcQx8_PQfw$_$7,missing,EMPTY,1,1,0.28271484,1.9072266,-1.2539062,1.6245117,-0.173583984375,-0.12981770336627968,-0.12981770336627968,0.42120984,0.31324163,0.2655485
404,QpchvHpGFc8$_$3,missing,EMPTY,1,1,0.17419434,2.0351562,-1.1474609,1.8609619,-0.08477783203125,-0.058772781491279666,-0.058772781491279666,0.41494876,0.31592426,0.26912695
405,RArhIHk4Qs4$_$13,missing,EMPTY,2,1,-0.42260742,2.4667969,-0.5371094,-3.0039062,0.10491943359375,0.09298503100872034,0.09298503100872034,0.39544466,0.31962752,0.28492776
406,RArhIHk4Qs4$_$17,missing,EMPTY,0,1,-0.35717773,2.5078125,-0.55029297,-2.8649902,0.0570068359375,0.05465495288372034,0.05465495288372034,0.3726501,0.33333975,0.29401016
407,RArhIHk4Qs4$_$16,missing,EMPTY,0,1,0.5078125,1.6865234,-1.4111328,-1.1787109,-0.300048828125,-0.23098957836627967,-0.23098957836627967,0.43258712,0.30692294,0.26048994
408,RArhIHk4Qs4$_$19,missing,EMPTY,1,1,-0.0690918,2.390625,-0.89501953,2.4597168,0.0235595703125,0.027897140383720338,0.027897140383720338,0.4037197,0.316987,0.27929327
409,RArhIHk4Qs4$_$1,missing,EMPTY,1,0,1.7509766,-0.024017334,-2.1367188,-1.7749939,-1.60546875,-1.2753255158662797,-1.2753255158662797,0.46480596,0.28143063,0.25376344
410,RArhIHk4Qs4$_$2,missing,EMPTY,0,0,1.7392578,0.1270752,-2.1347656,1.6121826,-1.4189453125,-1.1261067658662798,-1.1261067658662798,0.46289712,0.28327587,0.253827
411,RArhIHk4Qs4$_$7,missing,EMPTY,1,1,-0.61572266,2.4628906,-0.27075195,2.7336426,0.121337890625,0.10611979663372034,0.10611979663372034,0.3773635,0.33306068,0.28957585
412,RArhIHk4Qs4$_$6,missing,EMPTY,0,1,0.8364258,1.3271484,-1.6230469,-0.49072266,-0.50341796875,-0.39368489086627967,-0.39368489086627967,0.4368359,0.30249837,0.2606657
413,RArhIHk4Qs4$_$8,missing,EMPTY,0,1,-0.18225098,2.484375,-0.7055664,-2.666626,0.06866455078125,0.06398112475872034,0.06398112475872034,0.393385,0.31647,0.29014498
414,RArhIHk4Qs4$_$21,missing,EMPTY,2,1,-0.40649414,2.5566406,-0.4729004,-3.029541,0.0987548828125,0.08805339038372034,0.08805339038372034,0.38222137,0.3227475,0.29503113
415,ROcTx5VEn7o$_$11,missing,EMPTY,1,0,1.7626953,0.015777588,-2.15625,-1.7469177,-1.580078125,-1.2550130158662798,-1.2550130158662798,0.46547374,0.28136525,0.253161
416,ROcTx5VEn7o$_$1,missing,EMPTY,1,1,-0.42260742,2.4667969,-0.5371094,2.8894043,0.10491943359375,0.09298503100872034,0.09298503100872034,0.39544466,0.31962752,0.28492776
417,ROcTx5VEn7o$_$5,missing,EMPTY,1,1,0.15698242,2.0488281,-1.1289062,1.8918457,-0.07659912109375,-0.05222981274127966,-0.05222981274127966,0.41448227,0.31649125,0.2690265
418,ROcTx5VEn7o$_$9,missing,EMPTY,1,1,-0.48168945,2.4765625,-0.4477539,2.9243164,0.1136474609375,0.09996745288372035,0.09996745288372035,0.38320726,0.32911128,0.28768146
419,RrGpzInAwCg$_$0,missing,EMPTY,2,1,-0.43701172,2.4335938,-0.5185547,-2.9521484,0.12646484375,0.11022135913372035,0.11022135913372035,0.39023554,0.32626238,0.283502
420,RzOFxDk26p0$_$1,missing,EMPTY,2,0,2.6113281,-1.4501953,-2.3203125,-4.9316406,-2.2578125,-1.7972005158662798,-1.7972005158662798,0.49584004,0.2596589,0.24450111
421,RzOFxDk26p0$_$0,missing,EMPTY,1,1,0.15698242,2.0488281,-1.1289062,1.8918457,-0.07659912109375,-0.05222981274127966,-0.05222981274127966,0.41448227,0.31649125,0.2690265
422,SHa756SwGJQ$_$0,missing,EMPTY,1,1,-0.41381836,2.453125,-0.5498047,2.8669434,0.1123046875,0.09889323413372034,0.09889323413372034,0.38861182,0.32657254,0.28481564
423,SHa756SwGJQ$_$2,missing,EMPTY,2,0,1.7392578,0.1270752,-2.1347656,-3.8740234,-1.4189453125,-1.1261067658662798,-1.1261067658662798,0.46289712,0.28327587,0.253827
424,SHa756SwGJQ$_$4,missing,EMPTY,0,1,-0.48168945,2.4765625,-0.4477539,-2.958252,0.1136474609375,0.09996745288372035,0.09996745288372035,0.38320726,0.32911128,0.28768146
425,SHa756SwGJQ$_$7,missing,EMPTY,1,1,-0.41381836,2.453125,-0.5498047,2.8669434,0.1123046875,0.09889323413372034,0.09889323413372034,0.38861182,0.32657254,0.28481564
426,SHa756SwGJQ$_$6,missing,EMPTY,1,1,-0.515625,2.46875,-0.40771484,2.8764648,0.11993408203125,0.10499674975872034,0.10499674975872034,0.38892555,0.3223813,0.28869316
427,TH32jop4FiI$_$15,missing,EMPTY,0,1,0.28271484,1.9072266,-1.2539062,-1.6245117,-0.173583984375,-0.12981770336627968,-0.12981770336627968,0.42120984,0.31324163,0.2655485
428,TH32jop4FiI$_$17,missing,EMPTY,2,0,1.7490234,0.10510254,-2.1386719,-3.8876953,-1.4287109375,-1.1339192658662798,-1.1339192658662798,0.46371529,0.28324437,0.25304034
429,TWszOxkOV0w$_$1,missing,EMPTY,0,0,1.6259766,0.21472168,-2.0976562,1.4112549,-1.43359375,-1.1378255158662798,-1.1378255158662798,0.46007767,0.28488967,0.25503263
430,TXCXFYIc3Yo$_$16,missing,EMPTY,1,1,0.8364258,1.3271484,-1.6230469,0.49072266,-0.50341796875,-0.39368489086627967,-0.39368489086627967,0.4368359,0.30249837,0.2606657
431,TXCXFYIc3Yo$_$2,missing,EMPTY,2,1,0.5078125,1.6865234,-1.4111328,-3.0976562,-0.300048828125,-0.23098957836627967,-0.23098957836627967,0.43258712,0.30692294,0.26048994
432,TXCXFYIc3Yo$_$7,missing,EMPTY,0,0,1.7626953,0.050933838,-2.1679688,1.7117615,-1.5439453125,-1.2261067658662799,-1.2261067658662799,0.46509552,0.280927,0.25397745
433,TXCXFYIc3Yo$_$6,missing,EMPTY,2,1,0.28808594,1.9169922,-1.25,-3.1669922,-0.176025390625,-0.13177082836627968,-0.13177082836627968,0.42334962,0.31197715,0.26467323
434,TYJzg5IJN8o$_$11,missing,EMPTY,1,0,2.6464844,-1.5214844,-2.3164062,-4.1679688,-2.2890625,-1.8222005158662797,-1.8222005158662797,0.49836522,0.25794253,0.24369225
435,TYJzg5IJN8o$_$10,missing,EMPTY,1,0,1.7177734,0.10412598,-2.0996094,-1.6136475,-1.361328125,-1.0800130158662797,-1.0800130158662797,0.46377948,0.28492886,0.25129166
436,TYJzg5IJN8o$_$14,missing,EMPTY,2,0,1.7490234,0.10510254,-2.1386719,-3.8876953,-1.4287109375,-1.1339192658662798,-1.1339192658662798,0.46371529,0.28324437,0.25304034
437,TYJzg5IJN8o$_$0,missing,EMPTY,2,0,1.7392578,0.1270752,-2.1347656,-3.8740234,-1.4189453125,-1.1261067658662798,-1.1261067658662798,0.46289712,0.28327587,0.253827
438,TYJzg5IJN8o$_$4,missing,EMPTY,2,0,1.7197266,0.20568848,-2.1582031,-3.8779297,-1.427734375,-1.1331380158662798,-1.1331380158662798,0.46495458,0.28216094,0.25288445
439,TYJzg5IJN8o$_$7,missing,EMPTY,2,1,0.15698242,2.0488281,-1.1289062,-3.1777344,-0.07659912109375,-0.05222981274127966,-0.05222981274127966,0.41448227,0.31649125,0.2690265
440,Uc_6d-fkZEc$_$3,missing,EMPTY,2,1,-0.48168945,2.4765625,-0.4477539,-2.9243164,0.1136474609375,0.09996745288372035,0.09996745288372035,0.38320726,0.32911128,0.28768146
441,UlTJmndbGHM$_$1,missing,EMPTY,2,1,-0.41381836,2.453125,-0.5498047,-3.0029297,0.1123046875,0.09889323413372034,0.09889323413372034,0.38861182,0.32657254,0.28481564
442,UlTJmndbGHM$_$4,missing,EMPTY,0,1,0.4296875,1.7626953,-1.3515625,-1.3330078,-0.28125,-0.21595051586627967,-0.21595051586627967,0.43084466,0.3084127,0.26074266
443,VbV9S4svrTg$_$13,missing,EMPTY,2,1,-0.18225098,2.484375,-0.7055664,-3.1899414,0.06866455078125,0.06398112475872034,0.06398112475872034,0.393385,0.31647,0.29014498
444,VbV9S4svrTg$_$3,missing,EMPTY,2,1,-0.48168945,2.4765625,-0.4477539,-2.9243164,0.1136474609375,0.09996745288372035,0.09996745288372035,0.38320726,0.32911128,0.28768146
445,VbV9S4svrTg$_$7,missing,EMPTY,2,1,-0.18225098,2.484375,-0.7055664,-3.1899414,0.06866455078125,0.06398112475872034,0.06398112475872034,0.393385,0.31647,0.29014498
446,VbV9S4svrTg$_$8,missing,EMPTY,2,1,-0.515625,2.46875,-0.40771484,-2.8764648,0.11993408203125,0.10499674975872034,0.10499674975872034,0.38892555,0.3223813,0.28869316
447,VinxKpWioTo$_$1,missing,EMPTY,2,0,2.6464844,-1.5214844,-2.3164062,-4.9628906,-2.2890625,-1.8222005158662797,-1.8222005158662797,0.49836522,0.25794253,0.24369225
448,VinxKpWioTo$_$0,missing,EMPTY,1,1,-0.0690918,2.390625,-0.89501953,2.4597168,0.0235595703125,0.027897140383720338,0.027897140383720338,0.4037197,0.316987,0.27929327
449,VinxKpWioTo$_$3,missing,EMPTY,2,0,1.7177734,0.10412598,-2.0996094,-3.8173828,-1.361328125,-1.0800130158662797,-1.0800130158662797,0.46377948,0.28492886,0.25129166
450,VinxKpWioTo$_$5,missing,EMPTY,2,1,0.5078125,1.6865234,-1.4111328,-3.0976562,-0.300048828125,-0.23098957836627967,-0.23098957836627967,0.43258712,0.30692294,0.26048994
451,ViyQVpGW05w$_$1,missing,EMPTY,2,1,-0.43701172,2.4335938,-0.5185547,-2.9521484,0.12646484375,0.11022135913372035,0.11022135913372035,0.39023554,0.32626238,0.283502
452,ViyQVpGW05w$_$4,missing,EMPTY,1,1,-0.515625,2.46875,-0.40771484,2.8764648,0.11993408203125,0.10499674975872034,0.10499674975872034,0.38892555,0.3223813,0.28869316
453,ViyQVpGW05w$_$6,missing,EMPTY,0,1,0.17663574,1.9912109,-1.125,-1.8145752,-0.0843505859375,-0.05843098461627967,-0.05843098461627967,0.41520825,0.31423438,0.27055734
454,Vuay0mVKkik$_$3,missing,EMPTY,0,1,0.8364258,1.3271484,-1.6230469,-0.49072266,-0.50341796875,-0.39368489086627967,-0.39368489086627967,0.4368359,0.30249837,0.2606657
455,WmQF5RmbsVQ$_$6,missing,EMPTY,1,0,2.6464844,-1.5214844,-2.3164062,-4.1679688,-2.2890625,-1.8222005158662797,-1.8222005158662797,0.49836522,0.25794253,0.24369225
456,Wrcf2xtqbkQ$_$9,missing,EMPTY,1,0,1.7177734,0.10412598,-2.0996094,-1.6136475,-1.361328125,-1.0800130158662797,-1.0800130158662797,0.46377948,0.28492886,0.25129166
457,Wrcf2xtqbkQ$_$8,missing,EMPTY,1,1,0.103881836,2.015625,-1.1015625,1.9117432,-0.1416015625,-0.10423176586627966,-0.10423176586627966,0.42175442,0.31213802,0.26610756
458,WxajvjGKz7Y$_$0,missing,EMPTY,1,1,-0.26635742,2.4296875,-0.7060547,2.696045,0.061981201171875,0.05863444507122034,0.05863444507122034,0.4005634,0.31552827,0.2839083
459,WxajvjGKz7Y$_$3,missing,EMPTY,1,1,0.28271484,1.9072266,-1.2539062,1.6245117,-0.173583984375,-0.12981770336627968,-0.12981770336627968,0.42120984,0.31324163,0.2655485
460,WxajvjGKz7Y$_$6,missing,EMPTY,1,0,1.4677734,0.6035156,-2.0351562,-0.8642578,-1.1767578125,-0.9323567658662797,-0.9323567658662797,0.4546084,0.28739515,0.25799644
461,XIGpuL-Kkyk$_$12,missing,EMPTY,2,0,1.7177734,0.10412598,-2.0996094,-3.8173828,-1.361328125,-1.0800130158662797,-1.0800130158662797,0.46377948,0.28492886,0.25129166
462,XIGpuL-Kkyk$_$0,missing,EMPTY,0,1,-0.515625,2.46875,-0.40771484,-2.984375,0.11993408203125,0.10499674975872034,0.10499674975872034,0.38892555,0.3223813,0.28869316
463,XIGpuL-Kkyk$_$4,missing,EMPTY,2,1,0.28808594,1.9169922,-1.25,-3.1669922,-0.176025390625,-0.13177082836627968,-0.13177082836627968,0.42334962,0.31197715,0.26467323
464,XIGpuL-Kkyk$_$7,missing,EMPTY,1,1,-0.40649414,2.5566406,-0.4729004,2.9631348,0.0987548828125,0.08805339038372034,0.08805339038372034,0.38222137,0.3227475,0.29503113
465,XaVYxIW0FDg$_$2,missing,EMPTY,2,0,1.8623047,-0.13684082,-2.1992188,-4.0615234,-1.658203125,-1.3175130158662798,-1.3175130158662798,0.46871716,0.2789207,0.25236207
466,XyP8bVmGX6M$_$4,missing,EMPTY,2,1,0.103881836,2.015625,-1.1015625,-3.1171875,-0.1416015625,-0.10423176586627966,-0.10423176586627966,0.42175442,0.31213802,0.26610756
467,XzVapdEr_GY$_$3,missing,EMPTY,2,0,1.7197266,0.20568848,-2.1582031,-3.8779297,-1.427734375,-1.1331380158662798,-1.1331380158662798,0.46495458,0.28216094,0.25288445
468,XzVapdEr_GY$_$4,missing,EMPTY,2,0,1.6513672,0.16027832,-2.1132812,-3.7646484,-1.4931640625,-1.1854817658662797,-1.1854817658662797,0.46162477,0.28321123,0.25516397
469,Y7h-S3cJ52o$_$0,missing,EMPTY,1,1,-0.26635742,2.4296875,-0.7060547,2.696045,0.061981201171875,0.05863444507122034,0.05863444507122034,0.4005634,0.31552827,0.2839083
470,Y7qkyMyanjU$_$2,missing,EMPTY,1,1,-0.26635742,2.4296875,-0.7060547,2.696045,0.061981201171875,0.05863444507122034,0.05863444507122034,0.4005634,0.31552827,0.2839083
471,Y7qkyMyanjU$_$4,missing,EMPTY,1,1,-0.515625,2.46875,-0.40771484,2.8764648,0.11993408203125,0.10499674975872034,0.10499674975872034,0.38892555,0.3223813,0.28869316
472,YbuG8xyUO-o$_$3,missing,EMPTY,1,1,-0.515625,2.46875,-0.40771484,2.8764648,0.11993408203125,0.10499674975872034,0.10499674975872034,0.38892555,0.3223813,0.28869316
473,YbuG8xyUO-o$_$2,missing,EMPTY,1,1,-0.48168945,2.4765625,-0.4477539,2.9243164,0.1136474609375,0.09996745288372035,0.09996745288372035,0.38320726,0.32911128,0.28768146
474,Z7L3V5bwzI0$_$2,missing,EMPTY,2,0,1.2763672,0.78271484,-1.8896484,-3.1660156,-0.8779296875,-0.6932942658662797,-0.6932942658662797,0.44927675,0.29498726,0.25573596
475,ZaoFHcbRM9g$_$3,missing,EMPTY,2,0,1.7490234,0.10510254,-2.1386719,-3.8876953,-1.4287109375,-1.1339192658662798,-1.1339192658662798,0.46371529,0.28324437,0.25304034
476,ZaoFHcbRM9g$_$2,missing,EMPTY,1,1,-0.0034484863,2.3847656,-0.9277344,2.388214,0.0198974609375,0.024967452883720338,0.024967452883720338,0.40533015,0.31023377,0.28443614
477,ZaoFHcbRM9g$_$5,missing,EMPTY,1,1,-0.61572266,2.4628906,-0.27075195,2.7336426,0.121337890625,0.10611979663372034,0.10611979663372034,0.3773635,0.33306068,0.28957585
478,ZaoFHcbRM9g$_$9,missing,EMPTY,0,1,-0.35717773,2.5078125,-0.55029297,-2.8649902,0.0570068359375,0.05465495288372034,0.05465495288372034,0.3726501,0.33333975,0.29401016
479,ZaoFHcbRM9g$_$8,missing,EMPTY,0,1,-0.18225098,2.484375,-0.7055664,-2.666626,0.06866455078125,0.06398112475872034,0.06398112475872034,0.393385,0.31647,0.29014498
480,Zvisaa77Cng$_$1,missing,EMPTY,2,1,0.103881836,2.015625,-1.1015625,-3.1171875,-0.1416015625,-0.10423176586627966,-0.10423176586627966,0.42175442,0.31213802,0.26610756
481,Zvisaa77Cng$_$5,missing,EMPTY,2,1,-0.41381836,2.453125,-0.5498047,-3.0029297,0.1123046875,0.09889323413372034,0.09889323413372034,0.38861182,0.32657254,0.28481564
482,_7HVhnSYX1Y$_$26,missing,EMPTY,2,1,-0.41381836,2.453125,-0.5498047,-3.0029297,0.1123046875,0.09889323413372034,0.09889323413372034,0.38861182,0.32657254,0.28481564
483,_7HVhnSYX1Y$_$12,missing,EMPTY,2,1,0.4296875,1.7626953,-1.3515625,-3.1142578,-0.28125,-0.21595051586627967,-0.21595051586627967,0.43084466,0.3084127,0.26074266
484,_7HVhnSYX1Y$_$14,missing,EMPTY,1,1,-0.0690918,2.390625,-0.89501953,2.4597168,0.0235595703125,0.027897140383720338,0.027897140383720338,0.4037197,0.316987,0.27929327
485,_7HVhnSYX1Y$_$19,missing,EMPTY,1,1,-0.515625,2.46875,-0.40771484,2.8764648,0.11993408203125,0.10499674975872034,0.10499674975872034,0.38892555,0.3223813,0.28869316
486,_7HVhnSYX1Y$_$31,missing,EMPTY,2,1,-0.515625,2.46875,-0.40771484,-2.8764648,0.11993408203125,0.10499674975872034,0.10499674975872034,0.38892555,0.3223813,0.28869316
487,_7HVhnSYX1Y$_$3,missing,EMPTY,1,1,0.17419434,2.0351562,-1.1474609,1.8609619,-0.08477783203125,-0.058772781491279666,-0.058772781491279666,0.41494876,0.31592426,0.26912695
488,_BvNNdEkhZA$_$14,missing,EMPTY,0,1,-0.48168945,2.4765625,-0.4477539,-2.958252,0.1136474609375,0.09996745288372035,0.09996745288372035,0.38320726,0.32911128,0.28768146
489,_BvNNdEkhZA$_$19,missing,EMPTY,2,0,1.4677734,0.6035156,-2.0351562,-3.5029297,-1.1767578125,-0.9323567658662797,-0.9323567658662797,0.4546084,0.28739515,0.25799644
490,_BvNNdEkhZA$_$7,missing,EMPTY,1,1,0.17419434,2.0351562,-1.1474609,1.8609619,-0.08477783203125,-0.058772781491279666,-0.058772781491279666,0.41494876,0.31592426,0.26912695
491,_BvNNdEkhZA$_$6,missing,EMPTY,0,0,1.7177734,0.10412598,-2.0996094,1.6136475,-1.361328125,-1.0800130158662797,-1.0800130158662797,0.46377948,0.28492886,0.25129166
492,_BvNNdEkhZA$_$9,missing,EMPTY,1,1,-0.41381836,2.453125,-0.5498047,2.8669434,0.1123046875,0.09889323413372034,0.09889323413372034,0.38861182,0.32657254,0.28481564
493,_aZDaIfGfPo$_$1,missing,EMPTY,2,0,2.5859375,-1.3984375,-2.3144531,-4.9003906,-2.224609375,-1.7706380158662798,-1.7706380158662798,0.49465516,0.26166874,0.24367617
494,_aZDaIfGfPo$_$0,missing,EMPTY,2,1,0.28808594,1.9169922,-1.25,-3.1669922,-0.176025390625,-0.13177082836627968,-0.13177082836627968,0.42334962,0.31197715,0.26467323
495,_gr7o5ynhnw$_$13,missing,EMPTY,1,0,1.8623047,-0.13684082,-2.1992188,-1.9991455,-1.658203125,-1.3175130158662798,-1.3175130158662798,0.46871716,0.2789207,0.25236207
496,_gr7o5ynhnw$_$12,missing,EMPTY,2,1,-0.61572266,2.4628906,-0.27075195,-2.7336426,0.121337890625,0.10611979663372034,0.10611979663372034,0.3773635,0.33306068,0.28957585
497,_gr7o5ynhnw$_$15,missing,EMPTY,2,0,2.6464844,-1.5214844,-2.3164062,-4.9628906,-2.2890625,-1.8222005158662797,-1.8222005158662797,0.49836522,0.25794253,0.24369225
498,_gzYkdjNvPc$_$12,missing,EMPTY,1,1,-0.0034484863,2.3847656,-0.9277344,2.388214,0.0198974609375,0.024967452883720338,0.024967452883720338,0.40533015,0.31023377,0.28443614
499,_gzYkdjNvPc$_$17,missing,EMPTY,0,1,-0.43701172,2.4335938,-0.5185547,-2.8706055,0.12646484375,0.11022135913372035,0.11022135913372035,0.39023554,0.32626238,0.283502
500,_gzYkdjNvPc$_$1,missing,EMPTY,0,1,0.8364258,1.3271484,-1.6230469,-0.49072266,-0.50341796875,-0.39368489086627967,-0.39368489086627967,0.4368359,0.30249837,0.2606657
501,_gzYkdjNvPc$_$3,missing,EMPTY,1,1,-0.41381836,2.453125,-0.5498047,2.8669434,0.1123046875,0.09889323413372034,0.09889323413372034,0.38861182,0.32657254,0.28481564
502,_gzYkdjNvPc$_$2,missing,EMPTY,0,1,-0.35717773,2.5078125,-0.55029297,-2.8649902,0.0570068359375,0.05465495288372034,0.05465495288372034,0.3726501,0.33333975,0.29401016
503,_gzYkdjNvPc$_$5,missing,EMPTY,1,1,-0.41381836,2.453125,-0.5498047,2.8669434,0.1123046875,0.09889323413372034,0.09889323413372034,0.38861182,0.32657254,0.28481564
504,_gzYkdjNvPc$_$4,missing,EMPTY,1,1,0.28271484,1.9072266,-1.2539062,1.6245117,-0.173583984375,-0.12981770336627968,-0.12981770336627968,0.42120984,0.31324163,0.2655485
505,_gzYkdjNvPc$_$6,missing,EMPTY,0,1,0.103881836,2.015625,-1.1015625,-1.9117432,-0.1416015625,-0.10423176586627966,-0.10423176586627966,0.42175442,0.31213802,0.26610756
506,_gzYkdjNvPc$_$9,missing,EMPTY,0,1,-0.48168945,2.4765625,-0.4477539,-2.958252,0.1136474609375,0.09996745288372035,0.09996745288372035,0.38320726,0.32911128,0.28768146
507,a-WihYDk6vc$_$8,missing,EMPTY,2,0,1.4677734,0.6035156,-2.0351562,-3.5029297,-1.1767578125,-0.9323567658662797,-0.9323567658662797,0.4546084,0.28739515,0.25799644
508,a-WihYDk6vc$_$0,missing,EMPTY,2,1,-0.48168945,2.4765625,-0.4477539,-2.9243164,0.1136474609375,0.09996745288372035,0.09996745288372035,0.38320726,0.32911128,0.28768146
509,aFhc2ddipoM$_$14,missing,EMPTY,2,0,1.4677734,0.6035156,-2.0351562,-3.5029297,-1.1767578125,-0.9323567658662797,-0.9323567658662797,0.4546084,0.28739515,0.25799644
510,aK5tRCXjUvU$_$0,missing,EMPTY,2,1,-0.41381836,2.453125,-0.5498047,-3.0029297,0.1123046875,0.09889323413372034,0.09889323413372034,0.38861182,0.32657254,0.28481564
511,b-FX9NOVQOM$_$1,missing,EMPTY,1,0,1.2763672,0.78271484,-1.8896484,-0.49365234,-0.8779296875,-0.6932942658662797,-0.6932942658662797,0.44927675,0.29498726,0.25573596
512,b-FX9NOVQOM$_$4,missing,EMPTY,0,0,1.7392578,0.1270752,-2.1347656,1.6121826,-1.4189453125,-1.1261067658662798,-1.1261067658662798,0.46289712,0.28327587,0.253827
513,b1LEcg6z66g$_$0,missing,EMPTY,0,1,0.15698242,2.0488281,-1.1289062,-1.8918457,-0.07659912109375,-0.05222981274127966,-0.05222981274127966,0.41448227,0.31649125,0.2690265
514,b1LEcg6z66g$_$4,missing,EMPTY,2,0,1.7392578,0.1270752,-2.1347656,-3.8740234,-1.4189453125,-1.1261067658662798,-1.1261067658662798,0.46289712,0.28327587,0.253827
515,b1LEcg6z66g$_$8,missing,EMPTY,0,1,0.15698242,2.0488281,-1.1289062,-1.8918457,-0.07659912109375,-0.05222981274127966,-0.05222981274127966,0.41448227,0.31649125,0.2690265
516,bAkUEnPoucg$_$3,missing,EMPTY,2,0,1.7197266,0.20568848,-2.1582031,-3.8779297,-1.427734375,-1.1331380158662798,-1.1331380158662798,0.46495458,0.28216094,0.25288445
517,bNQkb4K5DX0$_$3,missing,EMPTY,1,1,0.8364258,1.3271484,-1.6230469,0.49072266,-0.50341796875,-0.39368489086627967,-0.39368489086627967,0.4368359,0.30249837,0.2606657
518,bNQkb4K5DX0$_$7,missing,EMPTY,2,1,0.28808594,1.9169922,-1.25,-3.1669922,-0.176025390625,-0.13177082836627968,-0.13177082836627968,0.42334962,0.31197715,0.26467323
519,bWunvAd96zI$_$1,missing,EMPTY,0,1,0.103881836,2.015625,-1.1015625,-1.9117432,-0.1416015625,-0.10423176586627966,-0.10423176586627966,0.42175442,0.31213802,0.26610756
520,bWunvAd96zI$_$2,missing,EMPTY,0,0,1.7197266,0.20568848,-2.1582031,1.5140381,-1.427734375,-1.1331380158662798,-1.1331380158662798,0.46495458,0.28216094,0.25288445
521,bWunvAd96zI$_$5,missing,EMPTY,1,1,-0.40649414,2.5566406,-0.4729004,2.9631348,0.0987548828125,0.08805339038372034,0.08805339038372034,0.38222137,0.3227475,0.29503113
522,bWunvAd96zI$_$4,missing,EMPTY,2,1,-0.43701172,2.4335938,-0.5185547,-2.9521484,0.12646484375,0.11022135913372035,0.11022135913372035,0.39023554,0.32626238,0.283502
523,bj9e8w4vNxo$_$12,missing,EMPTY,2,0,2.0761719,-0.45581055,-2.2851562,-4.361328,-1.8076171875,-1.4370442658662799,-1.4370442658662799,0.47499067,0.2755109,0.24949841
524,bpvYdXVlgvc$_$1,missing,EMPTY,1,1,-0.0690918,2.390625,-0.89501953,2.4597168,0.0235595703125,0.027897140383720338,0.027897140383720338,0.4037197,0.316987,0.27929327
525,bpvYdXVlgvc$_$3,missing,EMPTY,0,1,0.28808594,1.9169922,-1.25,-1.6289062,-0.176025390625,-0.13177082836627968,-0.13177082836627968,0.42334962,0.31197715,0.26467323
526,bpvYdXVlgvc$_$4,missing,EMPTY,0,1,-0.61572266,2.4628906,-0.27075195,-3.0786133,0.121337890625,0.10611979663372034,0.10611979663372034,0.3773635,0.33306068,0.28957585
527,bpvYdXVlgvc$_$6,missing,EMPTY,0,0,1.7490234,0.10510254,-2.1386719,1.6439209,-1.4287109375,-1.1339192658662798,-1.1339192658662798,0.46371529,0.28324437,0.25304034
528,c1a1y9ytHH0$_$0,missing,EMPTY,1,0,1.2763672,0.78271484,-1.8896484,-0.49365234,-0.8779296875,-0.6932942658662797,-0.6932942658662797,0.44927675,0.29498726,0.25573596
529,c1a1y9ytHH0$_$3,missing,EMPTY,1,0,1.7490234,0.10510254,-2.1386719,-1.6439209,-1.4287109375,-1.1339192658662798,-1.1339192658662798,0.46371529,0.28324437,0.25304034
530,c1a1y9ytHH0$_$7,missing,EMPTY,2,1,0.28271484,1.9072266,-1.2539062,-3.1611328,-0.173583984375,-0.12981770336627968,-0.12981770336627968,0.42120984,0.31324163,0.2655485
531,c5cB7AfVgcE$_$12,missing,EMPTY,2,0,1.5527344,0.46166992,-2.0664062,-3.6191406,-1.259765625,-0.9987630158662797,-0.9987630158662797,0.4569837,0.28616673,0.25684965
532,c5cB7AfVgcE$_$5,missing,EMPTY,0,0,1.6513672,0.16027832,-2.1132812,1.4910889,-1.4931640625,-1.1854817658662797,-1.1854817658662797,0.46162477,0.28321123,0.25516397
533,d8BR6hsvzoY$_$1,missing,EMPTY,1,1,0.15698242,2.0488281,-1.1289062,1.8918457,-0.07659912109375,-0.05222981274127966,-0.05222981274127966,0.41448227,0.31649125,0.2690265
534,d8BR6hsvzoY$_$0,missing,EMPTY,1,1,-0.40649414,2.5566406,-0.4729004,2.9631348,0.0987548828125,0.08805339038372034,0.08805339038372034,0.38222137,0.3227475,0.29503113
535,d8BR6hsvzoY$_$2,missing,EMPTY,1,1,-0.43701172,2.4335938,-0.5185547,2.8706055,0.12646484375,0.11022135913372035,0.11022135913372035,0.39023554,0.32626238,0.283502
536,d8BR6hsvzoY$_$5,missing,EMPTY,1,1,-0.0690918,2.390625,-0.89501953,2.4597168,0.0235595703125,0.027897140383720338,0.027897140383720338,0.4037197,0.316987,0.27929327
537,d8BR6hsvzoY$_$6,missing,EMPTY,1,1,-0.0034484863,2.3847656,-0.9277344,2.388214,0.0198974609375,0.024967452883720338,0.024967452883720338,0.40533015,0.31023377,0.28443614
538,d8BR6hsvzoY$_$9,missing,EMPTY,1,1,-0.43701172,2.4335938,-0.5185547,2.8706055,0.12646484375,0.11022135913372035,0.11022135913372035,0.39023554,0.32626238,0.283502
539,d8BR6hsvzoY$_$8,missing,EMPTY,0,0,1.7490234,0.10510254,-2.1386719,1.6439209,-1.4287109375,-1.1339192658662798,-1.1339192658662798,0.46371529,0.28324437,0.25304034
540,dBWvtPeHpWM$_$4,missing,EMPTY,2,1,-0.42871094,2.4628906,-0.43774414,-2.9006348,0.07720947265625,0.07081706225872034,0.07081706225872034,0.3660728,0.34651798,0.28740922
541,dEDbm2ubVRQ$_$0,missing,EMPTY,1,1,-0.42260742,2.4667969,-0.5371094,2.8894043,0.10491943359375,0.09298503100872034,0.09298503100872034,0.39544466,0.31962752,0.28492776
542,dEDbm2ubVRQ$_$3,missing,EMPTY,0,0,1.7197266,0.20568848,-2.1582031,1.5140381,-1.427734375,-1.1331380158662798,-1.1331380158662798,0.46495458,0.28216094,0.25288445
543,dEDbm2ubVRQ$_$8,missing,EMPTY,2,1,-0.41381836,2.453125,-0.5498047,-3.0029297,0.1123046875,0.09889323413372034,0.09889323413372034,0.38861182,0.32657254,0.28481564
544,dt641WxonBI$_$1,missing,EMPTY,2,1,-0.0690918,2.390625,-0.89501953,-3.2856445,0.0235595703125,0.027897140383720338,0.027897140383720338,0.4037197,0.316987,0.27929327
545,dt641WxonBI$_$3,missing,EMPTY,1,1,0.15698242,2.0488281,-1.1289062,1.8918457,-0.07659912109375,-0.05222981274127966,-0.05222981274127966,0.41448227,0.31649125,0.2690265
546,eOiC1kb17P4$_$0,missing,EMPTY,2,0,2.6464844,-1.5214844,-2.3164062,-4.9628906,-2.2890625,-1.8222005158662797,-1.8222005158662797,0.49836522,0.25794253,0.24369225
547,erNDEjQeox8$_$12,missing,EMPTY,2,0,2.6113281,-1.4501953,-2.3203125,-4.9316406,-2.2578125,-1.7972005158662798,-1.7972005158662798,0.49584004,0.2596589,0.24450111
548,ewBrNsyY82Q$_$4,missing,EMPTY,1,0,1.4677734,0.6035156,-2.0351562,-0.8642578,-1.1767578125,-0.9323567658662797,-0.9323567658662797,0.4546084,0.28739515,0.25799644
549,fWOIAxzBQFY$_$12,missing,EMPTY,1,1,0.15698242,2.0488281,-1.1289062,1.8918457,-0.07659912109375,-0.05222981274127966,-0.05222981274127966,0.41448227,0.31649125,0.2690265
550,fWOIAxzBQFY$_$5,missing,EMPTY,2,1,-0.41381836,2.453125,-0.5498047,-3.0029297,0.1123046875,0.09889323413372034,0.09889323413372034,0.38861182,0.32657254,0.28481564
551,fWOIAxzBQFY$_$7,missing,EMPTY,2,1,0.4296875,1.7626953,-1.3515625,-3.1142578,-0.28125,-0.21595051586627967,-0.21595051586627967,0.43084466,0.3084127,0.26074266
552,f_ZJ7L14oYQ$_$11,missing,EMPTY,2,0,1.5966797,0.26635742,-2.0976562,-3.694336,-1.416015625,-1.1237630158662797,-1.1237630158662797,0.4603455,0.28416702,0.2554875
553,f_ZJ7L14oYQ$_$27,missing,EMPTY,2,1,0.8364258,1.3271484,-1.6230469,-2.9501953,-0.50341796875,-0.39368489086627967,-0.39368489086627967,0.4368359,0.30249837,0.2606657
554,f_ZJ7L14oYQ$_$21,missing,EMPTY,0,1,0.28271484,1.9072266,-1.2539062,-1.6245117,-0.173583984375,-0.12981770336627968,-0.12981770336627968,0.42120984,0.31324163,0.2655485
555,f_ZJ7L14oYQ$_$17,missing,EMPTY,0,1,0.28808594,1.9169922,-1.25,-1.6289062,-0.176025390625,-0.13177082836627968,-0.13177082836627968,0.42334962,0.31197715,0.26467323
556,f_ZJ7L14oYQ$_$9,missing,EMPTY,0,0,1.7490234,0.10510254,-2.1386719,1.6439209,-1.4287109375,-1.1339192658662798,-1.1339192658662798,0.46371529,0.28324437,0.25304034
557,f_ZJ7L14oYQ$_$8,missing,EMPTY,2,1,0.28808594,1.9169922,-1.25,-3.1669922,-0.176025390625,-0.13177082836627968,-0.13177082836627968,0.42334962,0.31197715,0.26467323
558,ffrJ91swyq0$_$1,missing,EMPTY,2,0,2.2597656,-0.8046875,-2.3203125,-4.580078,-1.99609375,-1.5878255158662797,-1.5878255158662797,0.48258874,0.27086982,0.24654141
559,g8Cl74tS3oY$_$2,missing,EMPTY,0,0,1.7197266,0.20568848,-2.1582031,1.5140381,-1.427734375,-1.1331380158662798,-1.1331380158662798,0.46495458,0.28216094,0.25288445
560,g8Cl74tS3oY$_$6,missing,EMPTY,2,0,1.7626953,0.050933838,-2.1679688,-3.930664,-1.5439453125,-1.2261067658662799,-1.2261067658662799,0.46509552,0.280927,0.25397745
561,gR4gM_WXesQ$_$10,missing,EMPTY,1,1,0.15698242,2.0488281,-1.1289062,1.8918457,-0.07659912109375,-0.05222981274127966,-0.05222981274127966,0.41448227,0.31649125,0.2690265
562,gR4gM_WXesQ$_$26,missing,EMPTY,0,1,0.4296875,1.7626953,-1.3515625,-1.3330078,-0.28125,-0.21595051586627967,-0.21595051586627967,0.43084466,0.3084127,0.26074266
563,gR4gM_WXesQ$_$20,missing,EMPTY,2,0,1.6259766,0.21472168,-2.0976562,-3.7236328,-1.43359375,-1.1378255158662798,-1.1378255158662798,0.46007767,0.28488967,0.25503263
564,gR4gM_WXesQ$_$24,missing,EMPTY,1,1,-0.42260742,2.4667969,-0.5371094,2.8894043,0.10491943359375,0.09298503100872034,0.09298503100872034,0.39544466,0.31962752,0.28492776
565,gR4gM_WXesQ$_$18,missing,EMPTY,0,0,1.5527344,0.46166992,-2.0664062,1.0910645,-1.259765625,-0.9987630158662797,-0.9987630158662797,0.4569837,0.28616673,0.25684965
566,gR4gM_WXesQ$_$3,missing,EMPTY,0,0,1.2763672,0.78271484,-1.8896484,0.49365234,-0.8779296875,-0.6932942658662797,-0.6932942658662797,0.44927675,0.29498726,0.25573596
567,gR4gM_WXesQ$_$4,missing,EMPTY,2,1,0.5078125,1.6865234,-1.4111328,-3.0976562,-0.300048828125,-0.23098957836627967,-0.23098957836627967,0.43258712,0.30692294,0.26048994
568,gR4gM_WXesQ$_$8,missing,EMPTY,2,1,0.17419434,2.0351562,-1.1474609,-3.1826172,-0.08477783203125,-0.058772781491279666,-0.058772781491279666,0.41494876,0.31592426,0.26912695
569,gVqs4TzqySw$_$1,missing,EMPTY,2,0,2.5253906,-1.2480469,-2.3359375,-4.861328,-2.185546875,-1.7393880158662798,-1.7393880158662798,0.49273193,0.26318187,0.2440862
570,gVqs4TzqySw$_$3,missing,EMPTY,1,1,0.17663574,1.9912109,-1.125,1.8145752,-0.0843505859375,-0.05843098461627967,-0.05843098461627967,0.41520825,0.31423438,0.27055734
571,gVqs4TzqySw$_$2,missing,EMPTY,2,0,1.2763672,0.78271484,-1.8896484,-3.1660156,-0.8779296875,-0.6932942658662797,-0.6932942658662797,0.44927675,0.29498726,0.25573596
572,gVqs4TzqySw$_$4,missing,EMPTY,1,1,-0.18225098,2.484375,-0.7055664,2.666626,0.06866455078125,0.06398112475872034,0.06398112475872034,0.393385,0.31647,0.29014498
573,goMtnNHQ_z4$_$1,missing,EMPTY,2,1,-0.41381836,2.453125,-0.5498047,-3.0029297,0.1123046875,0.09889323413372034,0.09889323413372034,0.38861182,0.32657254,0.28481564
574,goMtnNHQ_z4$_$2,missing,EMPTY,2,1,0.4296875,1.7626953,-1.3515625,-3.1142578,-0.28125,-0.21595051586627967,-0.21595051586627967,0.43084466,0.3084127,0.26074266
575,goMtnNHQ_z4$_$13,missing,EMPTY,2,1,0.28808594,1.9169922,-1.25,-3.1669922,-0.176025390625,-0.13177082836627968,-0.13177082836627968,0.42334962,0.31197715,0.26467323
576,goMtnNHQ_z4$_$12,missing,EMPTY,1,1,0.4296875,1.7626953,-1.3515625,1.3330078,-0.28125,-0.21595051586627967,-0.21595051586627967,0.43084466,0.3084127,0.26074266
577,hqzF4IDaIYE$_$0,missing,EMPTY,0,1,0.17663574,1.9912109,-1.125,-1.8145752,-0.0843505859375,-0.05843098461627967,-0.05843098461627967,0.41520825,0.31423438,0.27055734
578,hqzF4IDaIYE$_$3,missing,EMPTY,2,0,1.5966797,0.26635742,-2.0976562,-3.694336,-1.416015625,-1.1237630158662797,-1.1237630158662797,0.4603455,0.28416702,0.2554875
579,hqzF4IDaIYE$_$2,missing,EMPTY,2,0,1.7490234,0.10510254,-2.1386719,-3.8876953,-1.4287109375,-1.1339192658662798,-1.1339192658662798,0.46371529,0.28324437,0.25304034
580,hqzF4IDaIYE$_$4,missing,EMPTY,1,1,-0.515625,2.46875,-0.40771484,2.8764648,0.11993408203125,0.10499674975872034,0.10499674975872034,0.38892555,0.3223813,0.28869316
581,hqzF4IDaIYE$_$6,missing,EMPTY,2,1,-0.0034484863,2.3847656,-0.9277344,-3.3125,0.0198974609375,0.024967452883720338,0.024967452883720338,0.40533015,0.31023377,0.28443614
582,hvfaYsv7p8E$_$0,missing,EMPTY,0,1,0.5078125,1.6865234,-1.4111328,-1.1787109,-0.300048828125,-0.23098957836627967,-0.23098957836627967,0.43258712,0.30692294,0.26048994
583,iUXqlrui25c$_$10,missing,EMPTY,0,0,1.4677734,0.6035156,-2.0351562,0.8642578,-1.1767578125,-0.9323567658662797,-0.9323567658662797,0.4546084,0.28739515,0.25799644
584,iUXqlrui25c$_$21,missing,EMPTY,1,1,0.5078125,1.6865234,-1.4111328,1.1787109,-0.300048828125,-0.23098957836627967,-0.23098957836627967,0.43258712,0.30692294,0.26048994
585,iUXqlrui25c$_$23,missing,EMPTY,1,1,0.17663574,1.9912109,-1.125,1.8145752,-0.0843505859375,-0.05843098461627967,-0.05843098461627967,0.41520825,0.31423438,0.27055734
586,icbUzboLcDQ$_$0,missing,EMPTY,2,1,0.28808594,1.9169922,-1.25,-3.1669922,-0.176025390625,-0.13177082836627968,-0.13177082836627968,0.42334962,0.31197715,0.26467323
587,ioupaiAuRr0$_$5,missing,EMPTY,2,0,1.7490234,0.10510254,-2.1386719,-3.8876953,-1.4287109375,-1.1339192658662798,-1.1339192658662798,0.46371529,0.28324437,0.25304034
588,ioupaiAuRr0$_$4,missing,EMPTY,1,0,1.5966797,0.26635742,-2.0976562,-1.3303223,-1.416015625,-1.1237630158662797,-1.1237630158662797,0.4603455,0.28416702,0.2554875
589,jICmfLeFymA$_$16,missing,EMPTY,2,1,0.4296875,1.7626953,-1.3515625,-3.1142578,-0.28125,-0.21595051586627967,-0.21595051586627967,0.43084466,0.3084127,0.26074266
590,jPrEKz1rAno$_$11,missing,EMPTY,1,1,-0.61572266,2.4628906,-0.27075195,2.7336426,0.121337890625,0.10611979663372034,0.10611979663372034,0.3773635,0.33306068,0.28957585
591,jPrEKz1rAno$_$7,missing,EMPTY,1,0,1.7626953,0.015777588,-2.15625,-1.7469177,-1.580078125,-1.2550130158662798,-1.2550130158662798,0.46547374,0.28136525,0.253161
592,jPrEKz1rAno$_$6,missing,EMPTY,1,0,1.2763672,0.78271484,-1.8896484,-0.49365234,-0.8779296875,-0.6932942658662797,-0.6932942658662797,0.44927675,0.29498726,0.25573596
593,k5ZOshC2LP4$_$1,missing,EMPTY,1,0,1.5527344,0.46166992,-2.0664062,-1.0910645,-1.259765625,-0.9987630158662797,-0.9987630158662797,0.4569837,0.28616673,0.25684965
594,kbGhEJ4W44o$_$0,missing,EMPTY,0,0,1.6230469,0.22521973,-2.1035156,1.3978271,-1.4169921875,-1.1245442658662796,-1.1245442658662796,0.46086103,0.28490242,0.25423652
595,kfsO4c0Ekes$_$7,missing,EMPTY,2,0,1.2763672,0.78271484,-1.8896484,-3.1660156,-0.8779296875,-0.6932942658662797,-0.6932942658662797,0.44927675,0.29498726,0.25573596
596,kvUb78Rdzdc$_$3,missing,EMPTY,2,0,2.6464844,-1.5214844,-2.3164062,-4.9628906,-2.2890625,-1.8222005158662797,-1.8222005158662797,0.49836522,0.25794253,0.24369225
597,lO87-4Kf0cQ$_$2,missing,EMPTY,1,1,-0.61572266,2.4628906,-0.27075195,2.7336426,0.121337890625,0.10611979663372034,0.10611979663372034,0.3773635,0.33306068,0.28957585
598,lO87-4Kf0cQ$_$5,missing,EMPTY,1,1,0.103881836,2.015625,-1.1015625,1.9117432,-0.1416015625,-0.10423176586627966,-0.10423176586627966,0.42175442,0.31213802,0.26610756
599,lWf5hHRHIDs$_$11,missing,EMPTY,2,1,-0.515625,2.46875,-0.40771484,-2.8764648,0.11993408203125,0.10499674975872034,0.10499674975872034,0.38892555,0.3223813,0.28869316
600,lawHYX5eB20$_$1,missing,EMPTY,0,1,-0.42260742,2.4667969,-0.5371094,-2.8894043,0.10491943359375,0.09298503100872034,0.09298503100872034,0.39544466,0.31962752,0.28492776
601,lawHYX5eB20$_$2,missing,EMPTY,1,1,0.17419434,2.0351562,-1.1474609,1.8609619,-0.08477783203125,-0.058772781491279666,-0.058772781491279666,0.41494876,0.31592426,0.26912695
602,mHGaQ_nv9UY$_$13,missing,EMPTY,1,0,2.6464844,-1.5214844,-2.3164062,-4.1679688,-2.2890625,-1.8222005158662797,-1.8222005158662797,0.49836522,0.25794253,0.24369225
603,mHGaQ_nv9UY$_$14,missing,EMPTY,2,1,0.8364258,1.3271484,-1.6230469,-2.9501953,-0.50341796875,-0.39368489086627967,-0.39368489086627967,0.4368359,0.30249837,0.2606657
604,mHGaQ_nv9UY$_$17,missing,EMPTY,1,0,1.7490234,0.10510254,-2.1386719,-1.6439209,-1.4287109375,-1.1339192658662798,-1.1339192658662798,0.46371529,0.28324437,0.25304034
605,mHGaQ_nv9UY$_$22,missing,EMPTY,0,0,2.6464844,-1.5214844,-2.3164062,4.1679688,-2.2890625,-1.8222005158662797,-1.8222005158662797,0.49836522,0.25794253,0.24369225
606,mHGaQ_nv9UY$_$5,missing,EMPTY,0,0,1.7197266,0.20568848,-2.1582031,1.5140381,-1.427734375,-1.1331380158662798,-1.1331380158662798,0.46495458,0.28216094,0.25288445
607,mHGaQ_nv9UY$_$4,missing,EMPTY,0,0,1.2763672,0.78271484,-1.8896484,0.49365234,-0.8779296875,-0.6932942658662797,-0.6932942658662797,0.44927675,0.29498726,0.25573596
608,mLW-jn67gRE$_$20,missing,EMPTY,2,0,1.5966797,0.26635742,-2.0976562,-3.694336,-1.416015625,-1.1237630158662797,-1.1237630158662797,0.4603455,0.28416702,0.2554875
609,mLW-jn67gRE$_$17,missing,EMPTY,2,0,1.7626953,0.050933838,-2.1679688,-3.930664,-1.5439453125,-1.2261067658662799,-1.2261067658662799,0.46509552,0.280927,0.25397745
610,mLW-jn67gRE$_$1,missing,EMPTY,1,1,-0.61572266,2.4628906,-0.27075195,2.7336426,0.121337890625,0.10611979663372034,0.10611979663372034,0.3773635,0.33306068,0.28957585
611,mLW-jn67gRE$_$3,missing,EMPTY,1,1,0.28808594,1.9169922,-1.25,1.6289062,-0.176025390625,-0.13177082836627968,-0.13177082836627968,0.42334962,0.31197715,0.26467323
612,mLW-jn67gRE$_$5,missing,EMPTY,1,1,0.17419434,2.0351562,-1.1474609,1.8609619,-0.08477783203125,-0.058772781491279666,-0.058772781491279666,0.41494876,0.31592426,0.26912695
613,mLW-jn67gRE$_$6,missing,EMPTY,0,0,1.7626953,0.015777588,-2.15625,1.7469177,-1.580078125,-1.2550130158662798,-1.2550130158662798,0.46547374,0.28136525,0.253161
614,mLW-jn67gRE$_$9,missing,EMPTY,1,1,-0.515625,2.46875,-0.40771484,2.8764648,0.11993408203125,0.10499674975872034,0.10499674975872034,0.38892555,0.3223813,0.28869316
615,mjpCK2Edsv8$_$0,missing,EMPTY,2,0,2.6464844,-1.5214844,-2.3164062,-4.9628906,-2.2890625,-1.8222005158662797,-1.8222005158662797,0.49836522,0.25794253,0.24369225
616,nUZYqTRSGDw$_$4,missing,EMPTY,0,1,0.17663574,1.9912109,-1.125,-1.8145752,-0.0843505859375,-0.05843098461627967,-0.05843098461627967,0.41520825,0.31423438,0.27055734
617,nyzIL6YAonY$_$5,missing,EMPTY,2,1,-0.61572266,2.4628906,-0.27075195,-2.7336426,0.121337890625,0.10611979663372034,0.10611979663372034,0.3773635,0.33306068,0.28957585
618,nyzIL6YAonY$_$6,missing,EMPTY,2,0,1.6513672,0.16027832,-2.1132812,-3.7646484,-1.4931640625,-1.1854817658662797,-1.1854817658662797,0.46162477,0.28321123,0.25516397
619,ooAF6I-fmTg$_$3,missing,EMPTY,0,1,0.4296875,1.7626953,-1.3515625,-1.3330078,-0.28125,-0.21595051586627967,-0.21595051586627967,0.43084466,0.3084127,0.26074266
620,ooAF6I-fmTg$_$5,missing,EMPTY,0,1,-0.41381836,2.453125,-0.5498047,-2.8669434,0.1123046875,0.09889323413372034,0.09889323413372034,0.38861182,0.32657254,0.28481564
621,ooAF6I-fmTg$_$7,missing,EMPTY,0,1,0.28271484,1.9072266,-1.2539062,-1.6245117,-0.173583984375,-0.12981770336627968,-0.12981770336627968,0.42120984,0.31324163,0.2655485
622,pOrk7fl1AYo$_$1,missing,EMPTY,1,1,0.28271484,1.9072266,-1.2539062,1.6245117,-0.173583984375,-0.12981770336627968,-0.12981770336627968,0.42120984,0.31324163,0.2655485
623,pOrk7fl1AYo$_$3,missing,EMPTY,2,1,0.8364258,1.3271484,-1.6230469,-2.9501953,-0.50341796875,-0.39368489086627967,-0.39368489086627967,0.4368359,0.30249837,0.2606657
624,pOrk7fl1AYo$_$2,missing,EMPTY,0,1,-0.0690918,2.390625,-0.89501953,-2.4597168,0.0235595703125,0.027897140383720338,0.027897140383720338,0.4037197,0.316987,0.27929327
625,pOrk7fl1AYo$_$4,missing,EMPTY,0,1,0.4296875,1.7626953,-1.3515625,-1.3330078,-0.28125,-0.21595051586627967,-0.21595051586627967,0.43084466,0.3084127,0.26074266
626,q9yDL81QppI$_$1,missing,EMPTY,1,1,0.17419434,2.0351562,-1.1474609,1.8609619,-0.08477783203125,-0.058772781491279666,-0.058772781491279666,0.41494876,0.31592426,0.26912695
627,q9yDL81QppI$_$0,missing,EMPTY,1,1,0.15698242,2.0488281,-1.1289062,1.8918457,-0.07659912109375,-0.05222981274127966,-0.05222981274127966,0.41448227,0.31649125,0.2690265
628,q9yDL81QppI$_$2,missing,EMPTY,1,1,0.17663574,1.9912109,-1.125,1.8145752,-0.0843505859375,-0.05843098461627967,-0.05843098461627967,0.41520825,0.31423438,0.27055734
629,qK77ZmbqmOM$_$9,missing,EMPTY,1,1,0.28808594,1.9169922,-1.25,1.6289062,-0.176025390625,-0.13177082836627968,-0.13177082836627968,0.42334962,0.31197715,0.26467323
630,qK77ZmbqmOM$_$0,missing,EMPTY,1,0,1.4677734,0.6035156,-2.0351562,-0.8642578,-1.1767578125,-0.9323567658662797,-0.9323567658662797,0.4546084,0.28739515,0.25799644
631,qY1sXq-YCHs$_$8,missing,EMPTY,0,1,-0.48168945,2.4765625,-0.4477539,-2.958252,0.1136474609375,0.09996745288372035,0.09996745288372035,0.38320726,0.32911128,0.28768146
632,qmMSumMloAs$_$1,missing,EMPTY,2,0,1.7392578,0.1270752,-2.1347656,-3.8740234,-1.4189453125,-1.1261067658662798,-1.1261067658662798,0.46289712,0.28327587,0.253827
633,qmMSumMloAs$_$3,missing,EMPTY,2,1,-0.48168945,2.4765625,-0.4477539,-2.9243164,0.1136474609375,0.09996745288372035,0.09996745288372035,0.38320726,0.32911128,0.28768146
634,qmMSumMloAs$_$2,missing,EMPTY,2,0,1.7626953,0.050933838,-2.1679688,-3.930664,-1.5439453125,-1.2261067658662799,-1.2261067658662799,0.46509552,0.280927,0.25397745
635,r13W4H8ZhqI$_$12,missing,EMPTY,1,1,0.5078125,1.6865234,-1.4111328,1.1787109,-0.300048828125,-0.23098957836627967,-0.23098957836627967,0.43258712,0.30692294,0.26048994
636,r13W4H8ZhqI$_$1,missing,EMPTY,2,0,2.0761719,-0.45581055,-2.2851562,-4.361328,-1.8076171875,-1.4370442658662799,-1.4370442658662799,0.47499067,0.2755109,0.24949841
637,r13W4H8ZhqI$_$5,missing,EMPTY,1,1,-0.48168945,2.4765625,-0.4477539,2.9243164,0.1136474609375,0.09996745288372035,0.09996745288372035,0.38320726,0.32911128,0.28768146
638,r13W4H8ZhqI$_$8,missing,EMPTY,2,0,1.2763672,0.78271484,-1.8896484,-3.1660156,-0.8779296875,-0.6932942658662797,-0.6932942658662797,0.44927675,0.29498726,0.25573596
639,r5ijC2W9ddk$_$8,missing,EMPTY,2,0,1.7197266,0.20568848,-2.1582031,-3.8779297,-1.427734375,-1.1331380158662798,-1.1331380158662798,0.46495458,0.28216094,0.25288445
640,r5ijC2W9ddk$_$0,missing,EMPTY,1,1,-0.48168945,2.4765625,-0.4477539,2.9243164,0.1136474609375,0.09996745288372035,0.09996745288372035,0.38320726,0.32911128,0.28768146
641,r9tgDqXEcuc$_$4,missing,EMPTY,1,1,0.28271484,1.9072266,-1.2539062,1.6245117,-0.173583984375,-0.12981770336627968,-0.12981770336627968,0.42120984,0.31324163,0.2655485
642,rf0yDSeVEUA$_$1,missing,EMPTY,2,0,2.6464844,-1.5214844,-2.3164062,-4.9628906,-2.2890625,-1.8222005158662797,-1.8222005158662797,0.49836522,0.25794253,0.24369225
643,rf0yDSeVEUA$_$0,missing,EMPTY,2,1,0.8364258,1.3271484,-1.6230469,-2.9501953,-0.50341796875,-0.39368489086627967,-0.39368489086627967,0.4368359,0.30249837,0.2606657
644,rf0yDSeVEUA$_$3,missing,EMPTY,2,0,2.6464844,-1.5214844,-2.3164062,-4.9628906,-2.2890625,-1.8222005158662797,-1.8222005158662797,0.49836522,0.25794253,0.24369225
645,rojyUp4FPSg$_$26,missing,EMPTY,2,0,2.6464844,-1.5214844,-2.3164062,-4.9628906,-2.2890625,-1.8222005158662797,-1.8222005158662797,0.49836522,0.25794253,0.24369225
646,rojyUp4FPSg$_$20,missing,EMPTY,2,0,1.4677734,0.6035156,-2.0351562,-3.5029297,-1.1767578125,-0.9323567658662797,-0.9323567658662797,0.4546084,0.28739515,0.25799644
647,rojyUp4FPSg$_$21,missing,EMPTY,2,1,-0.515625,2.46875,-0.40771484,-2.8764648,0.11993408203125,0.10499674975872034,0.10499674975872034,0.38892555,0.3223813,0.28869316
648,rojyUp4FPSg$_$23,missing,EMPTY,2,1,-0.40649414,2.5566406,-0.4729004,-3.029541,0.0987548828125,0.08805339038372034,0.08805339038372034,0.38222137,0.3227475,0.29503113
649,rojyUp4FPSg$_$5,missing,EMPTY,1,0,1.2763672,0.78271484,-1.8896484,-0.49365234,-0.8779296875,-0.6932942658662797,-0.6932942658662797,0.44927675,0.29498726,0.25573596
650,rojyUp4FPSg$_$7,missing,EMPTY,2,0,2.5859375,-1.3984375,-2.3144531,-4.9003906,-2.224609375,-1.7706380158662798,-1.7706380158662798,0.49465516,0.26166874,0.24367617
651,rojyUp4FPSg$_$9,missing,EMPTY,0,1,0.8364258,1.3271484,-1.6230469,-0.49072266,-0.50341796875,-0.39368489086627967,-0.39368489086627967,0.4368359,0.30249837,0.2606657
652,rojyUp4FPSg$_$10,missing,EMPTY,2,1,-0.61572266,2.4628906,-0.27075195,-2.7336426,0.121337890625,0.10611979663372034,0.10611979663372034,0.3773635,0.33306068,0.28957585
653,rojyUp4FPSg$_$12,missing,EMPTY,2,1,-0.40649414,2.5566406,-0.4729004,-3.029541,0.0987548828125,0.08805339038372034,0.08805339038372034,0.38222137,0.3227475,0.29503113
654,rojyUp4FPSg$_$16,missing,EMPTY,2,1,-0.42260742,2.4667969,-0.5371094,-3.0039062,0.10491943359375,0.09298503100872034,0.09298503100872034,0.39544466,0.31962752,0.28492776
655,rojyUp4FPSg$_$18,missing,EMPTY,2,1,-0.43701172,2.4335938,-0.5185547,-2.9521484,0.12646484375,0.11022135913372035,0.11022135913372035,0.39023554,0.32626238,0.283502
656,rojyUp4FPSg$_$37,missing,EMPTY,2,1,0.28808594,1.9169922,-1.25,-3.1669922,-0.176025390625,-0.13177082836627968,-0.13177082836627968,0.42334962,0.31197715,0.26467323
657,rojyUp4FPSg$_$36,missing,EMPTY,2,1,-0.35717773,2.5078125,-0.55029297,-3.0581055,0.0570068359375,0.05465495288372034,0.05465495288372034,0.3726501,0.33333975,0.29401016
658,rojyUp4FPSg$_$34,missing,EMPTY,2,0,1.8623047,-0.13684082,-2.1992188,-4.0615234,-1.658203125,-1.3175130158662798,-1.3175130158662798,0.46871716,0.2789207,0.25236207
659,rojyUp4FPSg$_$32,missing,EMPTY,2,1,-0.40649414,2.5566406,-0.4729004,-3.029541,0.0987548828125,0.08805339038372034,0.08805339038372034,0.38222137,0.3227475,0.29503113
660,rwNlqh0k1j4$_$15,missing,EMPTY,2,0,2.2597656,-0.8046875,-2.3203125,-4.580078,-1.99609375,-1.5878255158662797,-1.5878255158662797,0.48258874,0.27086982,0.24654141
661,rwNlqh0k1j4$_$3,missing,EMPTY,0,1,-0.43701172,2.4335938,-0.5185547,-2.8706055,0.12646484375,0.11022135913372035,0.11022135913372035,0.39023554,0.32626238,0.283502
662,rwNlqh0k1j4$_$2,missing,EMPTY,2,1,0.28271484,1.9072266,-1.2539062,-3.1611328,-0.173583984375,-0.12981770336627968,-0.12981770336627968,0.42120984,0.31324163,0.2655485
663,rwNlqh0k1j4$_$7,missing,EMPTY,0,0,1.4677734,0.6035156,-2.0351562,0.8642578,-1.1767578125,-0.9323567658662797,-0.9323567658662797,0.4546084,0.28739515,0.25799644
664,sC16n1k66io$_$2,missing,EMPTY,2,0,1.4677734,0.6035156,-2.0351562,-3.5029297,-1.1767578125,-0.9323567658662797,-0.9323567658662797,0.4546084,0.28739515,0.25799644
665,sC16n1k66io$_$16,missing,EMPTY,2,1,-0.42260742,2.4667969,-0.5371094,-3.0039062,0.10491943359375,0.09298503100872034,0.09298503100872034,0.39544466,0.31962752,0.28492776
666,sPremsknoLM$_$1,missing,EMPTY,1,1,-0.35717773,2.5078125,-0.55029297,2.8649902,0.0570068359375,0.05465495288372034,0.05465495288372034,0.3726501,0.33333975,0.29401016
667,ssqiwP19JhM$_$10,missing,EMPTY,0,0,1.6230469,0.22521973,-2.1035156,1.3978271,-1.4169921875,-1.1245442658662796,-1.1245442658662796,0.46086103,0.28490242,0.25423652
668,ssqiwP19JhM$_$2,missing,EMPTY,1,1,0.28271484,1.9072266,-1.2539062,1.6245117,-0.173583984375,-0.12981770336627968,-0.12981770336627968,0.42120984,0.31324163,0.2655485
669,szic2IB9HB4$_$5,missing,EMPTY,0,1,-0.515625,2.46875,-0.40771484,-2.984375,0.11993408203125,0.10499674975872034,0.10499674975872034,0.38892555,0.3223813,0.28869316
670,tQ-CIfgj-Js$_$3,missing,EMPTY,1,0,2.6464844,-1.5214844,-2.3164062,-4.1679688,-2.2890625,-1.8222005158662797,-1.8222005158662797,0.49836522,0.25794253,0.24369225
671,tXQpm-nKxNA$_$5,missing,EMPTY,2,1,0.4296875,1.7626953,-1.3515625,-3.1142578,-0.28125,-0.21595051586627967,-0.21595051586627967,0.43084466,0.3084127,0.26074266
672,tXQpm-nKxNA$_$7,missing,EMPTY,2,0,1.7490234,0.10510254,-2.1386719,-3.8876953,-1.4287109375,-1.1339192658662798,-1.1339192658662798,0.46371529,0.28324437,0.25304034
673,uacdDoBtT1k$_$0,missing,EMPTY,0,0,2.6464844,-1.5214844,-2.3164062,4.1679688,-2.2890625,-1.8222005158662797,-1.8222005158662797,0.49836522,0.25794253,0.24369225
674,uacdDoBtT1k$_$6,missing,EMPTY,0,0,1.7177734,0.10412598,-2.0996094,1.6136475,-1.361328125,-1.0800130158662797,-1.0800130158662797,0.46377948,0.28492886,0.25129166
675,unNY4zIk8MM$_$1,missing,EMPTY,2,0,1.7392578,0.1270752,-2.1347656,-3.8740234,-1.4189453125,-1.1261067658662798,-1.1261067658662798,0.46289712,0.28327587,0.253827
676,unNY4zIk8MM$_$3,missing,EMPTY,2,1,-0.43701172,2.4335938,-0.5185547,-2.9521484,0.12646484375,0.11022135913372035,0.11022135913372035,0.39023554,0.32626238,0.283502
677,unNY4zIk8MM$_$5,missing,EMPTY,2,1,0.28808594,1.9169922,-1.25,-3.1669922,-0.176025390625,-0.13177082836627968,-0.13177082836627968,0.42334962,0.31197715,0.26467323
678,unNY4zIk8MM$_$8,missing,EMPTY,1,1,-0.42260742,2.4667969,-0.5371094,2.8894043,0.10491943359375,0.09298503100872034,0.09298503100872034,0.39544466,0.31962752,0.28492776
679,uooIiW6dEyg$_$1,missing,EMPTY,0,1,-0.18225098,2.484375,-0.7055664,-2.666626,0.06866455078125,0.06398112475872034,0.06398112475872034,0.393385,0.31647,0.29014498
680,uooIiW6dEyg$_$5,missing,EMPTY,2,0,1.7626953,0.015777588,-2.15625,-3.9189453,-1.580078125,-1.2550130158662798,-1.2550130158662798,0.46547374,0.28136525,0.253161
681,v2Rr-EsJda8$_$0,missing,EMPTY,1,1,-0.0690918,2.390625,-0.89501953,2.4597168,0.0235595703125,0.027897140383720338,0.027897140383720338,0.4037197,0.316987,0.27929327
682,v2Rr-EsJda8$_$6,missing,EMPTY,2,1,-0.42260742,2.4667969,-0.5371094,-3.0039062,0.10491943359375,0.09298503100872034,0.09298503100872034,0.39544466,0.31962752,0.28492776
683,v9gjg7TDlTA$_$0,missing,EMPTY,0,1,-0.41381836,2.453125,-0.5498047,-2.8669434,0.1123046875,0.09889323413372034,0.09889323413372034,0.38861182,0.32657254,0.28481564
684,v9gjg7TDlTA$_$4,missing,EMPTY,0,1,0.5078125,1.6865234,-1.4111328,-1.1787109,-0.300048828125,-0.23098957836627967,-0.23098957836627967,0.43258712,0.30692294,0.26048994
685,vHzbn_YW76s$_$3,missing,EMPTY,0,1,0.4296875,1.7626953,-1.3515625,-1.3330078,-0.28125,-0.21595051586627967,-0.21595051586627967,0.43084466,0.3084127,0.26074266
686,vU0a4F36Ksw$_$13,missing,EMPTY,1,0,1.5527344,0.46166992,-2.0664062,-1.0910645,-1.259765625,-0.9987630158662797,-0.9987630158662797,0.4569837,0.28616673,0.25684965
687,vU0a4F36Ksw$_$12,missing,EMPTY,2,1,0.28271484,1.9072266,-1.2539062,-3.1611328,-0.173583984375,-0.12981770336627968,-0.12981770336627968,0.42120984,0.31324163,0.2655485
688,vU0a4F36Ksw$_$17,missing,EMPTY,1,1,-0.41381836,2.453125,-0.5498047,2.8669434,0.1123046875,0.09889323413372034,0.09889323413372034,0.38861182,0.32657254,0.28481564
689,vU0a4F36Ksw$_$0,missing,EMPTY,2,0,2.6464844,-1.5214844,-2.3164062,-4.9628906,-2.2890625,-1.8222005158662797,-1.8222005158662797,0.49836522,0.25794253,0.24369225
690,vU0a4F36Ksw$_$3,missing,EMPTY,2,1,-0.35717773,2.5078125,-0.55029297,-3.0581055,0.0570068359375,0.05465495288372034,0.05465495288372034,0.3726501,0.33333975,0.29401016
691,vU0a4F36Ksw$_$5,missing,EMPTY,1,0,1.7177734,0.10412598,-2.0996094,-1.6136475,-1.361328125,-1.0800130158662797,-1.0800130158662797,0.46377948,0.28492886,0.25129166
692,vU0a4F36Ksw$_$7,missing,EMPTY,2,1,0.4296875,1.7626953,-1.3515625,-3.1142578,-0.28125,-0.21595051586627967,-0.21595051586627967,0.43084466,0.3084127,0.26074266
693,vU0a4F36Ksw$_$20,missing,EMPTY,1,1,-0.34643555,2.4433594,-0.5708008,2.789795,0.0697021484375,0.06481120288372033,0.06481120288372033,0.3732443,0.34048137,0.28627437
694,vbr3EA8cJTI$_$0,missing,EMPTY,2,1,0.4296875,1.7626953,-1.3515625,-3.1142578,-0.28125,-0.21595051586627967,-0.21595051586627967,0.43084466,0.3084127,0.26074266
695,vbr3EA8cJTI$_$2,missing,EMPTY,0,1,0.17663574,1.9912109,-1.125,-1.8145752,-0.0843505859375,-0.05843098461627967,-0.05843098461627967,0.41520825,0.31423438,0.27055734
696,vbr3EA8cJTI$_$7,missing,EMPTY,2,1,0.28271484,1.9072266,-1.2539062,-3.1611328,-0.173583984375,-0.12981770336627968,-0.12981770336627968,0.42120984,0.31324163,0.2655485
697,vbr3EA8cJTI$_$6,missing,EMPTY,2,0,1.7177734,0.10412598,-2.0996094,-3.8173828,-1.361328125,-1.0800130158662797,-1.0800130158662797,0.46377948,0.28492886,0.25129166
698,wF8980oGklk$_$24,missing,EMPTY,2,1,0.28271484,1.9072266,-1.2539062,-3.1611328,-0.173583984375,-0.12981770336627968,-0.12981770336627968,0.42120984,0.31324163,0.2655485
699,wF8980oGklk$_$25,missing,EMPTY,2,1,-0.0690918,2.390625,-0.89501953,-3.2856445,0.0235595703125,0.027897140383720338,0.027897140383720338,0.4037197,0.316987,0.27929327
700,wF8980oGklk$_$1,missing,EMPTY,1,1,-0.40649414,2.5566406,-0.4729004,2.9631348,0.0987548828125,0.08805339038372034,0.08805339038372034,0.38222137,0.3227475,0.29503113
701,wF8980oGklk$_$0,missing,EMPTY,1,1,0.103881836,2.015625,-1.1015625,1.9117432,-0.1416015625,-0.10423176586627966,-0.10423176586627966,0.42175442,0.31213802,0.26610756
702,wF8980oGklk$_$3,missing,EMPTY,1,1,-0.43701172,2.4335938,-0.5185547,2.8706055,0.12646484375,0.11022135913372035,0.11022135913372035,0.39023554,0.32626238,0.283502
703,wF8980oGklk$_$2,missing,EMPTY,0,1,-0.42871094,2.4628906,-0.43774414,-2.8916016,0.07720947265625,0.07081706225872034,0.07081706225872034,0.3660728,0.34651798,0.28740922
704,wF8980oGklk$_$6,missing,EMPTY,2,1,0.15698242,2.0488281,-1.1289062,-3.1777344,-0.07659912109375,-0.05222981274127966,-0.05222981274127966,0.41448227,0.31649125,0.2690265
705,wF8980oGklk$_$17,missing,EMPTY,2,1,0.17419434,2.0351562,-1.1474609,-3.1826172,-0.08477783203125,-0.058772781491279666,-0.058772781491279666,0.41494876,0.31592426,0.26912695
706,wosolsrH3sM$_$6,missing,EMPTY,2,0,2.6464844,-1.5214844,-2.3164062,-4.9628906,-2.2890625,-1.8222005158662797,-1.8222005158662797,0.49836522,0.25794253,0.24369225
707,x-zGBp7axao$_$3,missing,EMPTY,0,0,2.6464844,-1.5214844,-2.3164062,4.1679688,-2.2890625,-1.8222005158662797,-1.8222005158662797,0.49836522,0.25794253,0.24369225
708,x2lOwQaAn4g$_$4,missing,EMPTY,2,1,0.103881836,2.015625,-1.1015625,-3.1171875,-0.1416015625,-0.10423176586627966,-0.10423176586627966,0.42175442,0.31213802,0.26610756
709,xUgAP84vsg4$_$15,missing,EMPTY,2,1,0.28808594,1.9169922,-1.25,-3.1669922,-0.176025390625,-0.13177082836627968,-0.13177082836627968,0.42334962,0.31197715,0.26467323
710,xUgAP84vsg4$_$4,missing,EMPTY,2,1,0.28271484,1.9072266,-1.2539062,-3.1611328,-0.173583984375,-0.12981770336627968,-0.12981770336627968,0.42120984,0.31324163,0.2655485
711,xUgAP84vsg4$_$8,missing,EMPTY,2,1,-0.0690918,2.390625,-0.89501953,-3.2856445,0.0235595703125,0.027897140383720338,0.027897140383720338,0.4037197,0.316987,0.27929327
712,xivYoEUQ5sk$_$5,missing,EMPTY,2,0,2.5859375,-1.3984375,-2.3144531,-4.9003906,-2.224609375,-1.7706380158662798,-1.7706380158662798,0.49465516,0.26166874,0.24367617
713,xivYoEUQ5sk$_$4,missing,EMPTY,2,1,0.8364258,1.3271484,-1.6230469,-2.9501953,-0.50341796875,-0.39368489086627967,-0.39368489086627967,0.4368359,0.30249837,0.2606657
714,xjsaS-LeZ14$_$20,missing,EMPTY,1,1,0.4296875,1.7626953,-1.3515625,1.3330078,-0.28125,-0.21595051586627967,-0.21595051586627967,0.43084466,0.3084127,0.26074266
715,xjsaS-LeZ14$_$14,missing,EMPTY,1,1,0.4296875,1.7626953,-1.3515625,1.3330078,-0.28125,-0.21595051586627967,-0.21595051586627967,0.43084466,0.3084127,0.26074266
716,xjsaS-LeZ14$_$6,missing,EMPTY,2,0,2.6464844,-1.5214844,-2.3164062,-4.9628906,-2.2890625,-1.8222005158662797,-1.8222005158662797,0.49836522,0.25794253,0.24369225
717,y8HXGm1-Ecw$_$7,missing,EMPTY,0,1,0.17419434,2.0351562,-1.1474609,-1.8609619,-0.08477783203125,-0.058772781491279666,-0.058772781491279666,0.41494876,0.31592426,0.26912695
718,y9FyTEyGy5Y$_$1,missing,EMPTY,2,1,-0.515625,2.46875,-0.40771484,-2.8764648,0.11993408203125,0.10499674975872034,0.10499674975872034,0.38892555,0.3223813,0.28869316
719,zhE_68GMJIk$_$8,missing,EMPTY,0,1,0.17419434,2.0351562,-1.1474609,-1.8609619,-0.08477783203125,-0.058772781491279666,-0.058772781491279666,0.41494876,0.31592426,0.26912695
720,zhE_68GMJIk$_$5,missing,EMPTY,0,0,1.7490234,0.10510254,-2.1386719,1.6439209,-1.4287109375,-1.1339192658662798,-1.1339192658662798,0.46371529,0.28324437,0.25304034
721,zjYEBwXGD8I$_$13,missing,EMPTY,2,0,1.6259766,0.21472168,-2.0976562,-3.7236328,-1.43359375,-1.1378255158662798,-1.1378255158662798,0.46007767,0.28488967,0.25503263
722,zjYEBwXGD8I$_$15,missing,EMPTY,2,1,0.5078125,1.6865234,-1.4111328,-3.0976562,-0.300048828125,-0.23098957836627967,-0.23098957836627967,0.43258712,0.30692294,0.26048994
723,zjYEBwXGD8I$_$0,missing,EMPTY,1,1,-0.26635742,2.4296875,-0.7060547,2.696045,0.061981201171875,0.05863444507122034,0.05863444507122034,0.4005634,0.31552827,0.2839083
724,zjYEBwXGD8I$_$2,missing,EMPTY,2,1,-0.515625,2.46875,-0.40771484,-2.8764648,0.11993408203125,0.10499674975872034,0.10499674975872034,0.38892555,0.3223813,0.28869316
725,zjYEBwXGD8I$_$4,missing,EMPTY,1,0,1.5966797,0.26635742,-2.0976562,-1.3303223,-1.416015625,-1.1237630158662797,-1.1237630158662797,0.4603455,0.28416702,0.2554875
726,zjYEBwXGD8I$_$9,missing,EMPTY,2,1,0.8364258,1.3271484,-1.6230469,-2.9501953,-0.50341796875,-0.39368489086627967,-0.39368489086627967,0.4368359,0.30249837,0.2606657
727,zk2jTlAtvSU$_$3,missing,EMPTY,1,0,1.4677734,0.6035156,-2.0351562,-0.8642578,-1.1767578125,-0.9323567658662797,-0.9323567658662797,0.4546084,0.28739515,0.25799644
0,-UacrmKiTn4$_$7,missing,T,1,2,-1.03125,1.0869141,1.2949219,-0.20800781,0.335205078125,0.27721354663372033,0.27721354663372033,0.39439636,0.31904984,0.28655383
1,-qDkUB0GgYY$_$5,missing,T,2,1,-0.6044922,1.5654297,0.6479492,-0.91748047,0.19921875,0.16842448413372035,0.16842448413372035,0.41333503,0.29638013,0.2902848
2,0utROiKxejc$_$1,missing,T,2,2,-0.6035156,-0.46166992,1.0966797,1.5583496,0.7890625,0.6402994841337204,0.6402994841337204,0.48440823,0.26267782,0.25291398
3,0utROiKxejc$_$4,missing,T,0,0,2.46875,-1.7880859,-1.7490234,4.2177734,-1.87890625,-1.4940755158662797,-1.4940755158662797,0.58394253,0.21243456,0.20362292
4,0y022OlZ3W0$_$3,missing,T,2,2,-1.0595703,0.0061950684,1.7236328,1.7174377,0.84765625,0.6871744841337204,0.6871744841337204,0.4165083,0.29951033,0.28398138
5,0y022OlZ3W0$_$5,missing,T,0,0,1.8964844,-0.39135742,-1.5849609,2.2878418,-0.83203125,-0.6565755158662797,-0.6565755158662797,0.504928,0.2637849,0.23128708
6,0y022OlZ3W0$_$8,missing,T,1,1,-0.61328125,2.0175781,0.41625977,1.6013184,0.1044921875,0.09264323413372035,0.09264323413372035,0.38628238,0.31300393,0.30071372
7,101787$_$11,missing,T,0,0,0.9604492,-0.24304199,-0.66796875,1.2034912,-0.329345703125,-0.25442707836627965,-0.25442707836627965,0.49736708,0.26148668,0.24114628
8,101787$_$13,missing,T,0,2,-0.0769043,-1.4638672,0.99316406,-1.0700684,1.162109375,0.9387369841337203,0.9387369841337203,0.55664855,0.23188421,0.2114673
9,101787$_$1,missing,T,0,1,0.6821289,1.4130859,-0.99658203,-0.73095703,-0.08782958984375,-0.061214187741279666,-0.061214187741279666,0.45367575,0.28858274,0.2577415
10,101787$_$5,missing,T,0,0,2.4550781,-1.6396484,-1.9189453,4.0947266,-1.908203125,-1.5175130158662797,-1.5175130158662797,0.594405,0.21248509,0.19311002
11,101787$_$7,missing,T,2,2,-1.3847656,-0.7260742,2.4707031,3.1967773,1.69921875,1.3684244841337203,1.3684244841337203,0.53148574,0.2346816,0.23383264
12,101787$_$9,missing,T,1,1,0.61328125,1.6992188,-1.015625,1.0859375,-0.09619140625,-0.06790364086627967,-0.06790364086627967,0.45706835,0.29920033,0.24373128
13,102408$_$2,missing,T,1,1,0.7631836,1.4472656,-1.0751953,0.68408203,0.016204833984375,0.022013351321220335,0.022013351321220335,0.46695602,0.27555406,0.25748992
14,102408$_$5,missing,T,2,0,0.69140625,-1.7539062,0.35083008,-0.34057617,0.3359375,0.27779948413372035,0.27779948413372035,0.523157,0.24271277,0.23413026
15,102408$_$9,missing,T,0,0,2.0761719,-0.6430664,-1.6533203,2.7192383,-0.955078125,-0.7550130158662798,-0.7550130158662798,0.5297445,0.2452317,0.22502379
16,102858$_$20,missing,T,0,0,2.0351562,-1.3017578,-1.4677734,3.336914,-1.73828125,-1.3815755158662797,-1.3815755158662797,0.5318382,0.25029534,0.21786645
17,102858$_$21,missing,T,0,0,2.2460938,-0.8564453,-2.0410156,3.102539,-1.70703125,-1.3565755158662798,-1.3565755158662798,0.57706654,0.22867358,0.1942599
18,102858$_$1,missing,T,1,1,-0.6430664,2.140625,0.2524414,1.8881836,0.09234619140625,0.08292643725872034,0.08292643725872034,0.3974552,0.3302643,0.27228054
19,102858$_$0,missing,T,2,1,-0.89990234,1.5800781,0.6425781,-0.9375,0.1600341796875,0.13707682788372033,0.13707682788372033,0.40447932,0.32080787,0.2747128
20,102858$_$4,missing,T,2,2,-1.0556641,0.35546875,1.4667969,1.1113281,0.75439453125,0.6125651091337203,0.6125651091337203,0.46553403,0.27347773,0.26098827
21,102858$_$6,missing,T,0,2,-0.0101623535,-0.0002746582,0.30004883,-0.31021118,0.4208984375,0.3457682341337204,0.3457682341337204,0.49036714,0.26681724,0.24281563
22,102858$_$10,missing,T,2,2,-1.4570312,-0.8198242,2.4960938,3.315918,1.8828125,1.5152994841337204,1.5152994841337204,0.56651574,0.22560127,0.20788296
23,102858$_$17,missing,T,0,0,1.2978516,-0.15515137,-1.0917969,1.4530029,-0.5849609375,-0.45891926586627974,-0.45891926586627974,0.5049402,0.24956064,0.24549915
24,102858$_$19,missing,T,1,1,-0.83740234,1.9287109,0.5996094,1.3291016,0.1849365234375,0.15699870288372034,0.15699870288372034,0.4073792,0.31555605,0.27706477
25,112433$_$10,missing,T,1,1,-0.1895752,2.0683594,-0.40795898,2.2579346,-0.06182861328125,-0.04041340649127967,-0.04041340649127967,0.41183016,0.29973415,0.28843573
26,112433$_$3,missing,T,0,0,0.9814453,-1.1572266,-0.5463867,1.527832,-0.3154296875,-0.2432942658662797,-0.2432942658662797,0.4939578,0.25111166,0.25493062
27,112433$_$7,missing,T,0,0,1.2617188,-1.5458984,-0.6010742,1.862793,-0.428466796875,-0.3337239533662797,-0.3337239533662797,0.50989497,0.24597766,0.24412729
28,112433$_$6,missing,T,0,0,2.2792969,-1.8349609,-1.6240234,3.9033203,-2.2421875,-1.7847005158662799,-1.7847005158662799,0.61113495,0.2132256,0.17563939
29,117tQqLjza4$_$6,missing,T,2,1,-1.0957031,1.6669922,1.1865234,-0.48046875,0.2265625,0.19029948413372036,0.19029948413372036,0.38901782,0.32146564,0.28951654
30,11j7EfglCAs$_$2,missing,T,1,1,-0.9975586,1.5996094,1.1503906,0.44921875,0.260009765625,0.21705729663372034,0.21705729663372034,0.39665824,0.32269776,0.280644
31,121128$_$10,missing,T,2,2,-0.55810547,-1.2587891,1.6162109,2.1743164,1.560546875,1.2574869841337204,1.2574869841337204,0.56382257,0.22603448,0.21014296
32,121128$_$1,missing,T,1,1,0.0519104,1.7998047,-0.26733398,1.7478943,0.08514404296875,0.07716471850872034,0.07716471850872034,0.437522,0.29928422,0.2631938
33,121128$_$0,missing,T,1,1,-0.4194336,2.2890625,-0.036499023,2.3255615,0.0161590576171875,0.021976730227470338,0.021976730227470338,0.37643245,0.32954413,0.2940234
34,121128$_$5,missing,T,2,2,-1.2929688,-0.85302734,2.1523438,3.005371,1.859375,1.4965494841337204,1.4965494841337204,0.5622822,0.2235598,0.214158
35,125344$_$0,missing,T,0,0,1.9794922,-1.2099609,-1.5166016,3.1894531,-1.234375,-0.9784505158662797,-0.9784505158662797,0.53399307,0.23030941,0.23569752
36,125676$_$0,missing,T,1,1,-0.69970703,1.6728516,0.53466797,1.1381836,0.1884765625,0.15983073413372034,0.15983073413372034,0.4344157,0.2991447,0.26643962
37,125676$_$4,missing,T,2,2,-1.5849609,0.13635254,2.3203125,2.18396,1.08203125,0.8746744841337204,0.8746744841337204,0.4560168,0.2843661,0.2596171
38,128059$_$11,missing,T,0,0,2.4609375,-1.8798828,-1.7080078,4.1689453,-2.078125,-1.6534505158662798,-1.6534505158662798,0.6099192,0.2021106,0.18797019
39,128059$_$12,missing,T,0,0,1.9521484,-0.40649414,-1.6943359,2.3586426,-1.0615234375,-0.8401692658662797,-0.8401692658662797,0.5339236,0.24792913,0.21814725
40,128059$_$2,missing,T,0,0,0.52001953,-1.2412109,0.14794922,0.3720703,0.0849609375,0.07701823413372035,0.07701823413372035,0.5463341,0.23330446,0.2203615
41,128059$_$7,missing,T,1,1,0.9560547,1.1621094,-1.0664062,0.20605469,-0.1195068359375,-0.08655598461627967,-0.08655598461627967,0.48002678,0.26342857,0.25654468
42,128059$_$6,missing,T,0,0,1.1650391,-1.6572266,-0.63720703,1.8022461,-0.392578125,-0.3050130158662797,-0.3050130158662797,0.5599169,0.21610431,0.22397874
43,128059$_$9,missing,T,0,0,0.33398438,0.13464355,-0.03857422,0.19934082,0.118896484375,0.10416667163372034,0.10416667163372034,0.4998479,0.26547,0.23468208
44,128763$_$12,missing,T,0,1,0.31762695,0.9277344,-0.34033203,-0.6101074,-0.0155487060546875,-0.003389480710029664,-0.003389480710029664,0.44282523,0.29747468,0.25970006
45,128763$_$3,missing,T,0,0,2.7558594,-1.5615234,-2.125,4.317383,-2.3125,-1.8409505158662798,-1.8409505158662798,0.6115291,0.20867278,0.17979813
46,128763$_$2,missing,T,1,1,0.3581543,2.1269531,-1.0068359,1.7687988,-0.21044921875,-0.15930989086627967,-0.15930989086627967,0.47473475,0.282685,0.24258025
47,128763$_$5,missing,T,1,1,-0.18664551,2.3339844,-0.24304199,2.52063,-0.00615692138671875,0.004123947024345337,0.004123947024345337,0.38739482,0.32539847,0.28720668
48,128763$_$7,missing,T,0,0,2.0800781,-1.0029297,-1.6552734,3.0830078,-1.138671875,-0.9018880158662798,-0.9018880158662798,0.53988403,0.2394388,0.22067711
49,128763$_$8,missing,T,0,0,1.8671875,-0.6689453,-1.59375,2.5361328,-0.958984375,-0.7581380158662797,-0.7581380158662797,0.51438,0.24474223,0.24087782
50,130456$_$11,missing,T,0,0,0.95410156,-1.8818359,-0.17126465,1.1253662,-0.56103515625,-0.4397786408662797,-0.4397786408662797,0.59465384,0.20801997,0.19732618
51,130456$_$3,missing,T,0,0,1.3066406,-1.5263672,-0.58740234,1.894043,-0.81005859375,-0.6389973908662797,-0.6389973908662797,0.564187,0.23236747,0.20344551
52,130456$_$5,missing,T,0,0,2.2871094,-1.5859375,-1.7294922,3.8730469,-1.916015625,-1.5237630158662798,-1.5237630158662798,0.56479216,0.22445989,0.21074802
53,130456$_$4,missing,T,1,1,-0.35473633,2.2695312,-0.27661133,2.5461426,-0.0250396728515625,-0.010982254147529666,-0.010982254147529666,0.37767467,0.34660327,0.27572206
54,130456$_$7,missing,T,0,0,2.5605469,-1.1523438,-2.1875,3.7128906,-1.9248046875,-1.5307942658662799,-1.5307942658662799,0.60911095,0.20612769,0.18476135
55,130456$_$6,missing,T,0,0,1.78125,-0.059173584,-1.5732422,1.8404236,-0.7548828125,-0.5948567658662798,-0.5948567658662798,0.5274486,0.25017276,0.22237863
56,188343$_$13,missing,T,2,2,-0.4050293,-1.0996094,1.3251953,1.7302246,1.38671875,1.1184244841337203,1.1184244841337203,0.5408576,0.23672815,0.22241424
57,188343$_$12,missing,T,0,0,2.6113281,-1.8486328,-1.8632812,4.459961,-2.17578125,-1.7315755158662798,-1.7315755158662798,0.6153853,0.1999231,0.18469164
58,188343$_$5,missing,T,0,0,1.1962891,-0.49829102,-1.1416016,1.6945801,-0.890625,-0.7034505158662797,-0.7034505158662797,0.5335126,0.24897982,0.21750759
59,188343$_$9,missing,T,0,2,0.09326172,0.10913086,0.34814453,-0.2548828,0.2685546875,0.22389323413372034,0.22389323413372034,0.48517525,0.27384028,0.24098447
60,188343$_$8,missing,T,0,0,2.5273438,-1.1494141,-2.046875,3.6767578,-1.8515625,-1.4722005158662799,-1.4722005158662799,0.58094513,0.22731547,0.19173937
61,1HK7Nea0PFo$_$1,missing,T,0,0,1.2919922,-0.7675781,-0.97216797,2.0595703,-0.4208984375,-0.32766926586627965,-0.32766926586627965,0.51113427,0.2546255,0.23424023
62,216097$_$1,missing,T,0,0,2.3300781,-1.1591797,-1.9130859,3.4892578,-1.546875,-1.2284505158662797,-1.2284505158662797,0.58128303,0.21677472,0.20194227
63,216097$_$2,missing,T,1,1,-0.33129883,2.1308594,-0.07946777,2.2103271,-0.037872314453125,-0.021248367428779665,-0.021248367428779665,0.39229503,0.33395055,0.27375442
64,216097$_$5,missing,T,1,1,-0.0050354004,1.4560547,-0.09338379,1.4610901,0.12255859375,0.10709635913372034,0.10709635913372034,0.42970854,0.30058494,0.26970655
65,216097$_$4,missing,T,0,0,2.1699219,-1.0800781,-1.7099609,3.25,-1.40234375,-1.1128255158662796,-1.1128255158662796,0.5429718,0.23085319,0.22617505
66,216097$_$7,missing,T,2,2,-0.5805664,-1.0195312,1.4599609,2.0405273,1.2978515625,1.0473307341337204,1.0473307341337204,0.5455843,0.22475797,0.22965765
67,216097$_$8,missing,T,0,0,2.6855469,-1.7431641,-1.9541016,4.428711,-1.978515625,-1.5737630158662799,-1.5737630158662799,0.6257579,0.19440588,0.17983618
68,223431$_$11,missing,T,0,0,2.2753906,-1.0488281,-1.8056641,3.3242188,-1.484375,-1.1784505158662797,-1.1784505158662797,0.59620047,0.21587726,0.18792227
69,223431$_$10,missing,T,2,2,-1.1728516,-0.07055664,1.8076172,1.8781738,1.1044921875,0.8926432341337204,0.8926432341337204,0.46314773,0.27282473,0.26402754
70,223431$_$13,missing,T,0,0,2.5449219,-1.1875,-2.0703125,3.7324219,-1.955078125,-1.5550130158662798,-1.5550130158662798,0.58921605,0.22241402,0.18836999
71,223431$_$0,missing,T,1,1,-0.83251953,2.0722656,0.5053711,1.5668945,0.05364990234375,0.05196940600872034,0.05196940600872034,0.36390004,0.34784433,0.28825563
72,223431$_$5,missing,T,1,1,0.5756836,0.6879883,-0.5097656,0.11230469,0.0199127197265625,0.024979659914970337,0.024979659914970337,0.4420449,0.29270804,0.26524705
73,225770$_$3,missing,T,0,0,1.7841797,-0.019134521,-1.6357422,1.8033142,-0.916015625,-0.7237630158662798,-0.7237630158662798,0.54414487,0.23668855,0.21916655
74,225770$_$5,missing,T,1,1,-0.34301758,2.0976562,0.13293457,1.9647217,0.07830810546875,0.07169596850872034,0.07169596850872034,0.3885323,0.32322612,0.28824157
75,225770$_$4,missing,T,1,1,0.49047852,1.9345703,-0.9355469,1.4440918,-0.0540771484375,-0.03421223461627967,-0.03421223461627967,0.4722368,0.284531,0.24323216
76,225770$_$6,missing,T,0,0,1.2050781,-0.7451172,-0.8774414,1.9501953,-0.3388671875,-0.2620442658662797,-0.2620442658662797,0.52455676,0.24852125,0.22692196
77,236021$_$12,missing,T,2,1,-0.6591797,1.4755859,0.5307617,-0.9448242,0.2470703125,0.20670573413372034,0.20670573413372034,0.42000228,0.31360176,0.2663959
78,236021$_$1,missing,T,1,1,-0.32226562,2.4023438,-0.16760254,2.5699463,0.063232421875,0.05963542163372034,0.05963542163372034,0.38593495,0.32928985,0.28477517
79,236021$_$3,missing,T,0,0,2.7207031,-1.3632812,-2.1601562,4.0839844,-2.03125,-1.6159505158662797,-1.6159505158662797,0.6069205,0.203852,0.1892275
80,236021$_$2,missing,T,0,0,1.1630859,-0.92041016,-0.70214844,1.8652344,-0.640625,-0.5034505158662798,-0.5034505158662798,0.50996095,0.23854065,0.2514984
81,236021$_$5,missing,T,0,0,0.7739258,0.21655273,-0.61572266,0.55737305,-0.27490234375,-0.21087239086627968,-0.21087239086627968,0.5092332,0.26506582,0.22570099
82,236021$_$4,missing,T,0,0,2.3066406,-1.7177734,-1.6923828,3.9990234,-1.833984375,-1.4581380158662798,-1.4581380158662798,0.56573224,0.21703658,0.2172312
83,237009$_$11,missing,T,0,0,2.1640625,-0.25610352,-1.9443359,2.420166,-1.2509765625,-0.9917317658662796,-0.9917317658662796,0.5600919,0.231916,0.20799214
84,237009$_$12,missing,T,0,0,2.7441406,-1.6416016,-2.1289062,4.385742,-2.30859375,-1.8378255158662797,-1.8378255158662797,0.64027256,0.18756162,0.17216586
85,237009$_$4,missing,T,2,2,-0.50683594,-0.31103516,1.25,1.5610352,0.9755859375,0.7895182341337204,0.7895182341337204,0.47318676,0.27587238,0.2509409
86,237009$_$7,missing,T,0,0,2.5214844,-1.5488281,-2.0429688,4.0703125,-2.271484375,-1.8081380158662799,-1.8081380158662799,0.6130292,0.20293152,0.18403932
87,237009$_$9,missing,T,0,0,2.3984375,-0.5996094,-2.2265625,2.9980469,-1.724609375,-1.3706380158662799,-1.3706380158662799,0.57920605,0.22280507,0.19798888
88,241629$_$10,missing,T,0,0,2.6425781,-1.8681641,-1.8544922,4.4970703,-2.234375,-1.7784505158662798,-1.7784505158662798,0.60232973,0.21157475,0.18609557
89,241629$_$0,missing,T,2,2,-1.4501953,-0.010955811,2.125,2.1359558,1.2265625,0.9902994841337204,0.9902994841337204,0.4909644,0.26302922,0.24600632
90,241629$_$3,missing,T,2,2,-0.7495117,-1.2734375,1.8173828,2.5668945,1.84375,1.4840494841337204,1.4840494841337204,0.58435416,0.21769728,0.19794852
91,241629$_$5,missing,T,0,0,2.0859375,-0.9453125,-1.8095703,3.03125,-1.388671875,-1.1018880158662798,-1.1018880158662798,0.5490651,0.23910947,0.21182539
92,241629$_$8,missing,T,0,0,2.1738281,-0.89990234,-1.7802734,3.0737305,-1.42578125,-1.1315755158662797,-1.1315755158662797,0.57420516,0.21552847,0.21026641
93,243646$_$11,missing,T,0,0,2.3066406,-0.6347656,-1.9580078,2.9414062,-1.3662109375,-1.0839192658662797,-1.0839192658662797,0.5612474,0.23874238,0.20001021
94,243646$_$12,missing,T,0,0,2.1445312,-1.3564453,-1.5966797,3.5009766,-1.56640625,-1.2440755158662797,-1.2440755158662797,0.57096297,0.22114223,0.20789486
95,243646$_$9,missing,T,1,1,0.062469482,2.3496094,-0.70996094,2.28714,-0.027618408203125,-0.013045242428779663,-0.013045242428779663,0.39723912,0.32054767,0.28221318
96,243646$_$8,missing,T,1,1,-0.62841797,2.2734375,0.28100586,1.9924316,0.0643310546875,0.06051432788372034,0.06051432788372034,0.37365583,0.3358888,0.29045534
97,247318$_$12,missing,T,0,0,2.5722656,-1.1699219,-1.9091797,3.7421875,-1.81640625,-1.4440755158662797,-1.4440755158662797,0.5734165,0.22322066,0.20336291
98,247318$_$1,missing,T,1,1,-0.9448242,1.9970703,0.7207031,1.2763672,0.14013671875,0.12115885913372035,0.12115885913372035,0.39731327,0.319867,0.28281975
99,247318$_$3,missing,T,0,0,1.7568359,-0.01083374,-1.7011719,1.7676697,-0.853515625,-0.6737630158662797,-0.6737630158662797,0.50792646,0.260132,0.23194157
100,247318$_$2,missing,T,1,1,-0.5283203,1.0986328,0.5361328,0.5625,0.34228515625,0.2828776091337204,0.2828776091337204,0.50494105,0.26633003,0.22872896
101,247318$_$5,missing,T,0,1,0.13378906,0.26733398,-0.095214844,-0.13354492,0.1396484375,0.12076823413372034,0.12076823413372034,0.5040484,0.26366085,0.23229074
102,247318$_$7,missing,T,0,0,2.5722656,-1.0957031,-1.9931641,3.6679688,-1.912109375,-1.5206380158662798,-1.5206380158662798,0.58352464,0.220679,0.19579636
103,247318$_$6,missing,T,1,1,-0.57421875,2.125,0.19274902,1.932251,0.0142822265625,0.02047526538372034,0.02047526538372034,0.39842016,0.3286539,0.2729259
104,252998$_$1,missing,T,1,1,-0.1986084,2.1894531,-0.29003906,2.3880615,0.014892578125,0.02096354663372034,0.02096354663372034,0.39317173,0.3328074,0.27402088
105,252998$_$0,missing,T,1,1,-0.72021484,2.2832031,0.42456055,1.8586426,0.09039306640625,0.08136393725872033,0.08136393725872033,0.39888972,0.32426107,0.2768492
106,252998$_$5,missing,T,0,0,2.7753906,-1.7392578,-2.0058594,4.5146484,-2.26953125,-1.8065755158662797,-1.8065755158662797,0.6215841,0.19740987,0.18100607
107,252998$_$4,missing,T,0,0,1.9287109,0.015289307,-1.8164062,1.9134216,-1.17578125,-0.9315755158662797,-0.9315755158662797,0.52589273,0.24355927,0.23054802
108,252998$_$7,missing,T,2,2,-0.032196045,-1.4384766,0.8725586,0.90475464,0.986328125,0.7981119841337203,0.7981119841337203,0.5763007,0.21627,0.20742925
109,252998$_$8,missing,T,0,0,1.8935547,0.13098145,-1.9824219,1.7625732,-1.12109375,-0.8878255158662798,-0.8878255158662798,0.5579509,0.23483974,0.20720938
110,257247$_$10,missing,T,0,0,2.4589844,-1.2480469,-1.8759766,3.7070312,-1.5498046875,-1.2307942658662798,-1.2307942658662798,0.54648995,0.23142338,0.2220867
111,257247$_$12,missing,T,0,0,2.5058594,-1.4541016,-1.9228516,3.959961,-1.8837890625,-1.4979817658662797,-1.4979817658662797,0.590903,0.22237058,0.1867264
112,257247$_$2,missing,T,1,1,-0.75146484,1.9482422,0.5966797,1.3515625,0.07293701171875,0.06739909350872034,0.06739909350872034,0.38657898,0.334621,0.27880007
113,258654$_$1,missing,T,0,0,2.4082031,-1.6494141,-1.7900391,4.057617,-2.03515625,-1.6190755158662797,-1.6190755158662797,0.59807813,0.20710403,0.19481784
114,258654$_$3,missing,T,0,0,2.1289062,-2.2265625,-1.2919922,3.4208984,-1.923828125,-1.5300130158662797,-1.5300130158662797,0.62315637,0.19263062,0.18421298
115,258654$_$4,missing,T,1,1,-0.25561523,2.140625,-0.1217041,2.262329,-0.0234832763671875,-0.009737136960029664,-0.009737136960029664,0.38578436,0.32323653,0.29097912
116,266791$_$24,missing,T,0,0,2.4609375,-1.1787109,-1.9287109,3.6396484,-1.6845703125,-1.3386067658662797,-1.3386067658662797,0.569095,0.22774355,0.20316145
117,266791$_$20,missing,T,2,2,-0.5991211,-0.76464844,1.2978516,1.8969727,1.3837890625,1.1160807341337204,1.1160807341337204,0.5404008,0.2384663,0.2211329
118,266791$_$21,missing,T,0,0,2.421875,-1.2861328,-1.8623047,3.7080078,-1.583984375,-1.2581380158662798,-1.2581380158662798,0.57065016,0.21779688,0.21155304
119,266791$_$23,missing,T,1,2,-0.8334961,0.6972656,1.2070312,-0.5097656,0.44287109375,0.3633463591337204,0.3633463591337204,0.43101096,0.29267967,0.27630934
120,266791$_$29,missing,T,1,1,-0.36987305,2.3769531,-0.13989258,2.5168457,-0.00536346435546875,0.004758712649345337,0.004758712649345337,0.39279276,0.32177362,0.2854336
121,266791$_$3,missing,T,0,1,0.8461914,0.89160156,-0.8300781,-0.045410156,-0.06719970703125,-0.04471028149127967,-0.04471028149127967,0.4314116,0.30170742,0.26688105
122,266791$_$5,missing,T,0,0,2.2949219,-1.1855469,-1.8945312,3.4804688,-1.798828125,-1.4300130158662798,-1.4300130158662798,0.5935827,0.2141083,0.1923089
123,266791$_$4,missing,T,0,0,2.4941406,-1.3486328,-1.9443359,3.8427734,-1.8603515625,-1.4792317658662797,-1.4792317658662797,0.57000226,0.21698543,0.21301232
124,266791$_$6,missing,T,1,1,-0.26879883,2.1679688,-0.0035362244,2.171505,0.07470703125,0.06881510913372034,0.06881510913372034,0.39653277,0.31942773,0.28403953
125,266791$_$8,missing,T,0,1,1.1113281,1.1923828,-1.359375,-0.08105469,-0.1171875,-0.08470051586627966,-0.08470051586627966,0.49635485,0.26337087,0.24027428
126,266791$_$11,missing,T,2,2,-0.12451172,-0.6972656,0.91308594,1.0375977,0.82421875,0.6684244841337204,0.6684244841337204,0.5169488,0.24647814,0.23657306
127,266791$_$14,missing,T,1,1,-0.12609863,0.93310547,0.10656738,0.8265381,0.10162353515625,0.09034831225872034,0.09034831225872034,0.45916438,0.29361492,0.24722068
128,270254$_$23,missing,T,0,0,1.5712891,-0.6953125,-1.1367188,2.2666016,-0.6396484375,-0.5026692658662797,-0.5026692658662797,0.47871694,0.28157783,0.23970528
129,270254$_$0,missing,T,2,1,-1.1474609,1.7861328,1.2021484,-0.5839844,0.33935546875,0.2805338591337203,0.2805338591337203,0.4022487,0.32293501,0.2748163
130,270254$_$6,missing,T,1,1,0.043792725,1.0078125,-0.05126953,0.9640198,0.08251953125,0.07506510913372035,0.07506510913372035,0.42654553,0.29714355,0.2763109
131,270254$_$8,missing,T,0,0,2.6191406,-1.7949219,-1.8652344,4.4140625,-2.15234375,-1.7128255158662797,-1.7128255158662797,0.6142347,0.20352165,0.1822436
132,270254$_$11,missing,T,2,1,-0.9482422,1.7246094,1.0878906,-0.63671875,0.1697998046875,0.14488932788372033,0.14488932788372033,0.39863408,0.31099558,0.29037032
133,270254$_$14,missing,T,0,1,0.19555664,1.1259766,-0.2775879,-0.9304199,-0.0970458984375,-0.06858723461627966,-0.06858723461627966,0.4686828,0.28108573,0.2502315
134,270254$_$16,missing,T,1,1,0.33081055,0.49975586,-0.171875,0.16894531,-0.022857666015625,-0.009236648678779665,-0.009236648678779665,0.45939657,0.2791376,0.2614658
135,272624$_$10,missing,T,0,0,2.5605469,-1.3212891,-1.9794922,3.881836,-1.7841796875,-1.4182942658662798,-1.4182942658662798,0.56986046,0.22285654,0.20728298
136,272624$_$13,missing,T,2,2,0.17456055,-1.6123047,0.7807617,0.6062012,0.71240234375,0.5789713591337203,0.5789713591337203,0.52621365,0.24677731,0.22700906
137,272624$_$12,missing,T,0,0,1.8261719,-0.61279297,-1.4736328,2.4389648,-0.73974609375,-0.5827473908662797,-0.5827473908662797,0.51260597,0.26122907,0.226165
138,272624$_$16,missing,T,0,0,2.0683594,-1.1347656,-1.6201172,3.203125,-1.4501953125,-1.1511067658662797,-1.1511067658662797,0.5591856,0.22378178,0.21703261
139,272624$_$18,missing,T,1,1,-0.46704102,1.6240234,0.46850586,1.1555176,0.2333984375,0.19576823413372035,0.19576823413372035,0.43107504,0.28936532,0.2795596
140,272624$_$2,missing,T,1,1,-0.45898438,1.984375,0.06921387,1.9151611,0.0225372314453125,0.02707926928997034,0.02707926928997034,0.42153716,0.2984247,0.28003815
141,272624$_$6,missing,T,1,1,0.6899414,0.7832031,-0.8491211,0.09326172,-0.371826171875,-0.2884114533662797,-0.2884114533662797,0.5002516,0.26446852,0.2352798
142,272624$_$9,missing,T,0,0,1.2099609,-2.1113281,-0.31689453,1.5268555,-0.5849609375,-0.45891926586627974,-0.45891926586627974,0.62256426,0.19030035,0.18713538
143,272624$_$8,missing,T,0,0,2.5683594,-1.7851562,-1.9492188,4.3535156,-2.12890625,-1.6940755158662797,-1.6940755158662797,0.60414875,0.20950258,0.1863487
144,273539$_$3,missing,T,0,0,2.625,-1.3876953,-2.0898438,4.0126953,-1.984375,-1.5784505158662798,-1.5784505158662798,0.59143776,0.2112332,0.19732906
145,273539$_$2,missing,T,1,1,-0.30029297,2.4667969,-0.19824219,2.665039,0.06109619140625,0.05792643725872034,0.05792643725872034,0.3924027,0.32288262,0.28471467
146,273539$_$9,missing,T,0,0,2.015625,-1.6503906,-1.3408203,3.3564453,-1.40234375,-1.1128255158662796,-1.1128255158662796,0.56985503,0.21714254,0.2130024
147,290546$_$3,missing,T,0,0,0.79296875,0.14038086,-0.6201172,0.6525879,0.004547119140625,0.012687179446220337,0.012687179446220337,0.4493623,0.2982031,0.2524346
148,290546$_$5,missing,T,0,0,2.2011719,-0.41308594,-1.9404297,2.6142578,-1.271484375,-1.0081380158662798,-1.0081380158662798,0.5645693,0.22947755,0.20595312
149,290546$_$7,missing,T,0,0,0.5864258,-0.3840332,-0.23791504,0.8243408,0.0279693603515625,0.03142497241497034,0.03142497241497034,0.5360394,0.2370078,0.22695282
150,290546$_$6,missing,T,0,1,0.625,0.9736328,-0.6699219,-0.3486328,-0.09393310546875,-0.06609700024127967,-0.06609700024127967,0.44027454,0.28368863,0.2760369
151,2S00zYaVrtc$_$10,missing,T,0,0,1.9521484,-1.4277344,-1.3574219,3.3095703,-1.111328125,-0.8800130158662798,-0.8800130158662798,0.5708095,0.22562008,0.20357049
152,2S00zYaVrtc$_$12,missing,T,2,2,-1.4833984,-0.24279785,2.4453125,2.6881104,1.2353515625,0.9973307341337203,0.9973307341337203,0.48355523,0.26369953,0.25274518
153,2S00zYaVrtc$_$20,missing,T,2,2,-1.5927734,-0.56884766,2.5878906,3.1567383,1.5380859375,1.2395182341337203,1.2395182341337203,0.50867516,0.25855154,0.2327733
154,2S00zYaVrtc$_$17,missing,T,0,0,0.3408203,-0.22155762,0.020126343,0.32069397,0.090087890625,0.08111979663372033,0.08111979663372033,0.4661018,0.28182828,0.25206992
155,2S00zYaVrtc$_$5,missing,T,2,2,-1.6015625,-0.59472656,2.671875,3.2666016,1.603515625,1.2918619841337204,1.2918619841337204,0.52214044,0.2482542,0.22960539
156,2S00zYaVrtc$_$4,missing,T,2,2,-1.0634766,0.028289795,1.7255859,1.6972961,0.875,0.7090494841337204,0.7090494841337204,0.46914256,0.27748406,0.25337335
157,2Xt31_d0XEE$_$2,missing,T,2,2,-1.5380859,-0.40014648,2.5117188,2.9118652,1.404296875,1.1324869841337204,1.1324869841337204,0.45913145,0.2815099,0.25935858
158,31474$_$11,missing,T,1,1,-0.09423828,1.1386719,-0.009399414,1.1480713,-0.08056640625,-0.05540364086627966,-0.05540364086627966,0.371967,0.32504055,0.30299246
159,31474$_$14,missing,T,0,0,0.9873047,-1.3486328,-0.43530273,1.4226074,0.04095458984375,0.04181315600872034,0.04181315600872034,0.5167596,0.248161,0.23507945
160,31474$_$0,missing,T,2,1,-1.2373047,1.6025391,1.3339844,-0.2685547,0.412109375,0.33873698413372033,0.33873698413372033,0.39585984,0.3273119,0.27682823
161,31474$_$3,missing,T,1,1,-0.5810547,1.8994141,0.46069336,1.4387207,0.1988525390625,0.16813151538372034,0.16813151538372034,0.3944949,0.32143757,0.28406757
162,31474$_$6,missing,T,0,0,2.7207031,-1.7636719,-1.9873047,4.484375,-2.201171875,-1.7518880158662797,-1.7518880158662797,0.6102895,0.20268841,0.18702206
163,31474$_$9,missing,T,0,0,2.1816406,-0.6015625,-1.8173828,2.7832031,-1.3623046875,-1.0807942658662797,-1.0807942658662797,0.56578404,0.22434795,0.20986807
164,31474$_$8,missing,T,0,0,2.4277344,-0.8198242,-1.9492188,3.2475586,-1.56640625,-1.2440755158662797,-1.2440755158662797,0.60658056,0.19996804,0.19345143
165,32681$_$1,missing,T,0,2,-0.021087646,-0.6035156,0.4243164,-0.44540405,0.6630859375,0.5395182341337204,0.5395182341337204,0.51514155,0.2603574,0.22450107
166,32681$_$3,missing,T,0,0,2.5742188,-1.6386719,-1.9990234,4.2128906,-2.19921875,-1.7503255158662798,-1.7503255158662798,0.6047328,0.20790532,0.1873619
167,32681$_$5,missing,T,0,0,1.9912109,-1.5517578,-1.3974609,3.3886719,-1.70703125,-1.3565755158662798,-1.3565755158662798,0.594324,0.21068627,0.19498979
168,32681$_$6,missing,T,0,0,2.3828125,-0.88623047,-2.0019531,3.269043,-1.66796875,-1.3253255158662798,-1.3253255158662798,0.5850303,0.22288491,0.19208482
169,33170$_$1,missing,T,0,0,1.7373047,0.16589355,-1.7333984,1.5714111,-1.2705078125,-1.0073567658662796,-1.0073567658662796,0.55792403,0.23124021,0.2108358
170,33170$_$3,missing,T,0,0,1.7880859,-2.0097656,-0.99853516,2.786621,-1.619140625,-1.2862630158662798,-1.2862630158662798,0.6267503,0.19219266,0.18105698
171,33170$_$4,missing,T,0,0,2.3945312,-1.7314453,-1.6708984,4.0654297,-1.9306640625,-1.5354817658662798,-1.5354817658662798,0.61180705,0.20571506,0.18247792
172,3MFNIag0wNE$_$12,missing,T,0,0,2.3789062,-1.6152344,-1.7783203,3.9941406,-1.66796875,-1.3253255158662798,-1.3253255158662798,0.56478345,0.22034077,0.21487574
173,3MFNIag0wNE$_$14,missing,T,0,0,2.6855469,-1.7558594,-1.8955078,4.4414062,-1.9541015625,-1.5542317658662799,-1.5542317658662799,0.58581764,0.215926,0.19825642
174,3MFNIag0wNE$_$16,missing,T,1,1,-1.0849609,1.2841797,1.2392578,0.044921875,0.3701171875,0.30514323413372035,0.30514323413372035,0.42794946,0.30600277,0.26604775
175,3MFNIag0wNE$_$7,missing,T,0,2,-0.33129883,-0.24987793,0.9033203,-1.2346191,0.669921875,0.5449869841337204,0.5449869841337204,0.46378058,0.27743998,0.2587794
176,3V2qm0rw920$_$11,missing,T,2,1,-1.0146484,1.4306641,1.1767578,-0.25390625,0.240234375,0.20123698413372035,0.20123698413372035,0.3926492,0.32345444,0.28389633
177,3V2qm0rw920$_$13,missing,T,2,2,-1.6220703,-0.41674805,2.640625,3.057373,1.4501953125,1.1692057341337203,1.1692057341337203,0.50841653,0.25093007,0.24065344
178,3V2qm0rw920$_$3,missing,T,1,1,-0.9301758,1.1884766,1.1621094,0.026367188,0.3173828125,0.2629557341337203,0.2629557341337203,0.41967702,0.29526386,0.28505915
179,3j94B0pzSVs$_$12,missing,T,2,2,-1.5517578,0.20568848,2.1582031,1.9525146,0.865234375,0.7012369841337204,0.7012369841337204,0.44647905,0.29149765,0.26202327
180,3j94B0pzSVs$_$17,missing,T,0,0,1.9287109,-0.81347656,-1.5009766,2.7421875,-1.0,-0.7909505158662797,-0.7909505158662797,0.5287127,0.24993904,0.22134829
181,3j94B0pzSVs$_$1,missing,T,0,0,0.29345703,0.17883301,-0.083740234,0.11462402,0.1729736328125,0.14742839038372035,0.14742839038372035,0.47943607,0.2699594,0.2506045
182,3j94B0pzSVs$_$0,missing,T,1,1,-0.5083008,1.8740234,0.4296875,1.4443359,0.135986328125,0.11783854663372034,0.11783854663372034,0.39321995,0.31612724,0.29065275
183,4cFeG2ydm9A$_$8,missing,T,2,2,-0.9091797,-0.35864258,1.6201172,1.9787598,0.98046875,0.7934244841337204,0.7934244841337204,0.45587316,0.27952883,0.26459795
184,4dV3slGSc60$_$10,missing,T,2,2,-1.2636719,1.3339844,1.6835938,0.34960938,0.4140625,0.34029948413372035,0.34029948413372035,0.3943057,0.31759498,0.28809938
185,4dV3slGSc60$_$12,missing,T,2,2,-1.2314453,1.1445312,1.7333984,0.5888672,0.5771484375,0.4707682341337204,0.4707682341337204,0.4218131,0.29931548,0.27887145
186,4dV3slGSc60$_$22,missing,T,2,2,-1.0068359,1.1181641,1.3818359,0.26367188,0.3583984375,0.29576823413372033,0.29576823413372033,0.4196863,0.2872578,0.29305592
187,4dV3slGSc60$_$9,missing,T,2,2,-1.1484375,1.25,1.4697266,0.21972656,0.422607421875,0.34713542163372035,0.34713542163372035,0.3982857,0.31978756,0.28192675
188,4dV3slGSc60$_$8,missing,T,2,2,-1.3183594,-0.2734375,2.2539062,2.5273438,1.4111328125,1.1379557341337203,1.1379557341337203,0.4798942,0.26752594,0.2525799
189,50103$_$3,missing,T,0,0,2.7519531,-1.6845703,-2.0292969,4.4365234,-2.1875,-1.7409505158662797,-1.7409505158662797,0.60782087,0.20116404,0.19101506
190,5B0PQx3Ep3k$_$5,missing,T,2,2,-1.2988281,0.4477539,1.9873047,1.5395508,0.7041015625,0.5723307341337204,0.5723307341337204,0.43019003,0.29219863,0.27761135
191,5O1W39o56gg$_$1,missing,T,1,1,-0.8798828,2.1972656,0.6689453,1.5283203,0.118408203125,0.10377604663372034,0.10377604663372034,0.3702973,0.33880556,0.29089713
192,5O1W39o56gg$_$2,missing,T,1,1,-1.03125,1.8710938,1.0048828,0.86621094,0.208984375,0.17623698413372035,0.17623698413372035,0.39880517,0.32151854,0.27967632
193,5O1W39o56gg$_$9,missing,T,2,2,-1.4980469,0.5908203,1.9462891,1.3554688,0.74609375,0.6059244841337204,0.6059244841337204,0.44514608,0.29363453,0.26121935
194,5i6AgQSjXO4$_$3,missing,T,2,1,-0.74902344,1.8935547,0.71240234,-1.1811523,0.2479248046875,0.20738932788372036,0.20738932788372036,0.38946423,0.32781425,0.28272152
195,5i6AgQSjXO4$_$2,missing,T,2,2,-0.68408203,0.85595703,0.9277344,0.071777344,0.338134765625,0.2795572966337203,0.2795572966337203,0.41658986,0.3028917,0.2805184
196,5i6AgQSjXO4$_$6,missing,T,1,1,-0.43603516,2.2441406,0.12976074,2.11438,0.05157470703125,0.05030924975872034,0.05030924975872034,0.3779678,0.3232865,0.29874572
197,5kaCGzjYukM$_$0,missing,T,1,1,-0.8442383,1.3740234,0.9897461,0.38427734,0.271484375,0.22623698413372034,0.22623698413372034,0.39967263,0.31574523,0.28458214
198,5kaCGzjYukM$_$3,missing,T,0,0,1.0458984,0.3166504,-0.9291992,0.72924805,-0.1689453125,-0.12610676586627967,-0.12610676586627967,0.44762644,0.28915623,0.26321736
199,5kaCGzjYukM$_$2,missing,T,0,0,2.0136719,-1.2832031,-1.4775391,3.296875,-1.1826171875,-0.9370442658662798,-0.9370442658662798,0.5372998,0.23989953,0.22280066
200,5kaCGzjYukM$_$5,missing,T,0,0,2.1269531,-1.0351562,-1.6787109,3.1621094,-1.3828125,-1.0972005158662796,-1.0972005158662796,0.58413947,0.21718982,0.1986707
201,5kaCGzjYukM$_$7,missing,T,2,2,-1.1953125,-0.21472168,1.9931641,2.2078857,1.099609375,0.8887369841337204,0.8887369841337204,0.45656404,0.2755497,0.26788634
202,6KvG5VbLalY$_$9,missing,T,2,1,-0.37402344,0.9301758,0.4753418,-0.45483398,0.171630859375,0.14635417163372033,0.14635417163372033,0.40450716,0.3074824,0.28801042
203,6ZA8I83x-oY$_$0,missing,T,2,2,-0.28271484,0.39404297,0.52685547,0.1328125,0.303955078125,0.2522135466337203,0.2522135466337203,0.43159854,0.2924786,0.27592286
204,6ZA8I83x-oY$_$2,missing,T,2,2,-1.2392578,-1.0322266,2.2871094,3.319336,1.8251953125,1.4692057341337204,1.4692057341337204,0.50962067,0.24139985,0.24897945
205,6hFiTU77Sm0$_$1,missing,T,2,1,-0.19470215,0.9580078,0.2565918,-0.701416,0.0653076171875,0.06129557788372034,0.06129557788372034,0.4314534,0.29137334,0.2771732
206,6hFiTU77Sm0$_$2,missing,T,1,1,0.31469727,1.1777344,-0.38745117,0.8630371,0.03741455078125,0.03898112475872034,0.03898112475872034,0.4123999,0.30209514,0.28550497
207,6uPGcKTpC4I$_$1,missing,T,2,2,-0.9926758,0.7558594,1.4033203,0.64746094,0.587890625,0.47936198413372033,0.47936198413372033,0.43843538,0.295113,0.26645157
208,6uPGcKTpC4I$_$2,missing,T,2,2,-1.0820312,0.10864258,1.6230469,1.5144043,0.84521484375,0.6852213591337204,0.6852213591337204,0.48067704,0.27031466,0.24900833
209,6uPGcKTpC4I$_$6,missing,T,2,1,-1.0878906,1.7490234,1.1962891,-0.5527344,0.2296142578125,0.19274089038372036,0.19274089038372036,0.39401287,0.31682748,0.28915966
210,70280$_$11,missing,T,0,0,2.1542969,-1.7871094,-1.4267578,3.5810547,-1.8125,-1.4409505158662799,-1.4409505158662799,0.59453124,0.21410865,0.19136009
211,70280$_$3,missing,T,0,0,2.0507812,-0.9951172,-1.6621094,3.0458984,-1.2734375,-1.0097005158662797,-1.0097005158662797,0.5584577,0.23420341,0.20733897
212,70280$_$4,missing,T,2,2,-1.1826172,0.46606445,1.703125,1.2370605,0.8955078125,0.7254557341337203,0.7254557341337203,0.4374144,0.3036654,0.25892028
213,70280$_$6,missing,T,0,0,0.8120117,-1.2636719,-0.08532715,0.89733887,-0.239501953125,-0.18255207836627968,-0.18255207836627968,0.57194597,0.23047192,0.19758214
214,75RGHaxmUK8$_$3,missing,T,2,1,-1.1337891,1.7080078,1.3144531,-0.3935547,0.294677734375,0.24479167163372034,0.24479167163372034,0.37689984,0.3354842,0.28761598
215,75RGHaxmUK8$_$5,missing,T,1,1,-0.5673828,2.3476562,0.31079102,2.0368652,0.0782470703125,0.07164714038372035,0.07164714038372035,0.38231036,0.32055718,0.29713246
216,7_K3F-lAv1k$_$2,missing,T,2,2,-0.24572754,0.13476562,0.69384766,0.55908203,0.5244140625,0.42858073413372033,0.42858073413372033,0.46252432,0.26733372,0.2701419
217,7r4vRxKLFCA$_$6,missing,T,2,2,-1.1943359,-0.0055236816,1.9306641,1.9361877,1.103515625,0.8918619841337203,0.8918619841337203,0.44078547,0.2839125,0.27530205
218,80566$_$1,missing,T,2,2,-1.2919922,0.11413574,1.9951172,1.8809814,1.076171875,0.8699869841337203,0.8699869841337203,0.4757819,0.2684438,0.25577432
219,80566$_$0,missing,T,1,1,-0.3955078,2.1738281,0.021606445,2.1522217,0.025238037109375,0.029239913821220338,0.029239913821220338,0.4049653,0.3149624,0.28007227
220,80566$_$3,missing,T,1,2,-0.8852539,1.1025391,1.1669922,-0.064453125,0.320556640625,0.26549479663372033,0.26549479663372033,0.39471534,0.31173158,0.29355305
221,80566$_$2,missing,T,1,1,-1.1123047,1.5449219,1.1621094,0.3828125,0.25830078125,0.21569010913372036,0.21569010913372036,0.39477494,0.31223196,0.2929931
222,80566$_$4,missing,T,0,0,0.4729004,-1.1572266,0.057678223,0.41522217,0.255859375,0.21373698413372036,0.21373698413372036,0.5063621,0.24144019,0.25219774
223,80566$_$6,missing,T,0,0,1.7226562,-0.08874512,-1.5732422,1.8114014,-0.7646484375,-0.6026692658662798,-0.6026692658662798,0.54933065,0.24427195,0.20639738
224,80855$_$11,missing,T,1,1,-0.73779297,2.0214844,0.55615234,1.465332,0.0653076171875,0.06129557788372034,0.06129557788372034,0.402537,0.3126553,0.2848077
225,80855$_$10,missing,T,1,1,-0.46875,2.2988281,0.060180664,2.2386475,0.004230499267578125,0.012433883547782836,0.012433883547782836,0.382221,0.3331325,0.28464642
226,80855$_$12,missing,T,0,0,1.2998047,0.8852539,-1.5380859,0.41455078,-0.4306640625,-0.33548176586627965,-0.33548176586627965,0.4871997,0.28520566,0.2275946
227,80855$_$15,missing,T,2,2,-1.4160156,-0.4465332,2.34375,2.7902832,1.5791015625,1.2723307341337204,1.2723307341337204,0.52368176,0.24890134,0.22741692
228,80855$_$17,missing,T,0,0,2.1582031,-1.5361328,-1.4873047,3.6455078,-1.419921875,-1.1268880158662797,-1.1268880158662797,0.54451925,0.23526564,0.22021514
229,80855$_$0,missing,T,1,1,-0.39282227,2.1972656,-0.053100586,2.2503662,0.0131683349609375,0.01958415210247034,0.01958415210247034,0.38575232,0.31578118,0.29846656
230,80855$_$3,missing,T,1,1,-0.8276367,1.8603516,0.7265625,1.1337891,0.1009521484375,0.08981120288372034,0.08981120288372034,0.42862082,0.29682207,0.2745571
231,80855$_$2,missing,T,1,1,0.41601562,1.4091797,-0.7285156,0.99316406,-0.04498291015625,-0.026936843991279665,-0.026936843991279665,0.46356672,0.28120598,0.2552273
232,80855$_$7,missing,T,1,1,0.31884766,1.7460938,-0.58740234,1.4272461,0.0311279296875,0.03395182788372034,0.03395182788372034,0.42038646,0.2958444,0.28376907
233,80855$_$20,missing,T,2,2,-1.1494141,0.91064453,1.5,0.58935547,0.66650390625,0.5422526091337203,0.5422526091337203,0.42052582,0.30191818,0.27755606
234,830KzUc6CbU$_$0,missing,T,1,1,-0.8876953,2.1699219,0.7060547,1.4638672,0.2041015625,0.17233073413372035,0.17233073413372035,0.37848902,0.340951,0.28056
235,830KzUc6CbU$_$13,missing,T,0,0,1.1650391,0.37817383,-1.0458984,0.78686523,-0.315185546875,-0.24309895336627965,-0.24309895336627965,0.48613882,0.26102448,0.25283667
236,84140$_$0,missing,T,2,2,0.25341797,-0.75097656,0.43579102,0.18237305,0.6064453125,0.4942057341337204,0.4942057341337204,0.52379876,0.25160953,0.22459169
237,84140$_$5,missing,T,0,0,2.4589844,-1.7177734,-1.7958984,4.176758,-1.93359375,-1.5378255158662797,-1.5378255158662797,0.593059,0.20504631,0.20189469
238,89835$_$1,missing,T,2,1,-0.9057617,1.7666016,0.9536133,-0.8129883,0.268310546875,0.22369792163372035,0.22369792163372035,0.39490145,0.31796098,0.2871376
239,89835$_$0,missing,T,1,1,-0.9609375,1.8759766,0.8510742,1.0249023,0.187744140625,0.15924479663372035,0.15924479663372035,0.37676555,0.32922822,0.2940063
240,89835$_$4,missing,T,0,0,1.6757812,-0.047698975,-1.5175781,1.7234802,-0.70947265625,-0.5585286408662797,-0.5585286408662797,0.5266034,0.24358872,0.22980787
241,89835$_$7,missing,T,0,0,2.4277344,-1.9228516,-1.6083984,4.036133,-2.03125,-1.6159505158662797,-1.6159505158662797,0.60744005,0.20658526,0.18597475
242,8eaYvALnJ0o$_$1,missing,T,2,2,-1.6005859,0.21789551,2.3730469,2.1551514,0.984375,0.7965494841337204,0.7965494841337204,0.44408423,0.29588288,0.26003286
243,8eaYvALnJ0o$_$0,missing,T,2,2,-1.6445312,0.1529541,2.4765625,2.3236084,1.1025390625,0.8910807341337204,0.8910807341337204,0.47911048,0.2767678,0.24412175
244,8x_nCOh6Wmc$_$6,missing,T,2,2,-1.0507812,-0.99121094,2.1191406,3.1103516,1.568359375,1.2637369841337205,1.2637369841337205,0.49983266,0.2531015,0.24706584
245,96642$_$1,missing,T,0,0,1.8369141,-0.048919678,-1.8330078,1.8858337,-1.3046875,-1.0347005158662796,-1.0347005158662796,0.5722878,0.22742377,0.20028841
246,96642$_$3,missing,T,2,2,-1.2636719,-0.013885498,1.9482422,1.9621277,1.26171875,1.0184244841337204,1.0184244841337204,0.47671357,0.269249,0.25403738
247,96642$_$2,missing,T,1,1,-0.78466797,2.1738281,0.54785156,1.6259766,0.05181884765625,0.05050456225872034,0.05050456225872034,0.37540522,0.33681744,0.28777736
248,96642$_$4,missing,T,0,0,2.6269531,-1.7236328,-1.9228516,4.350586,-2.119140625,-1.6862630158662797,-1.6862630158662797,0.62116694,0.19555207,0.18328096
249,99501$_$10,missing,T,0,2,0.34057617,-1.171875,0.42016602,-0.079589844,0.72998046875,0.5930338591337203,0.5930338591337203,0.5366371,0.2503815,0.21298139
250,99501$_$13,missing,T,0,0,2.3496094,-1.5878906,-1.7587891,3.9375,-1.73828125,-1.3815755158662797,-1.3815755158662797,0.56076276,0.22513315,0.21410409
251,99501$_$1,missing,T,1,1,-1.0683594,2.0917969,0.8613281,1.2304688,0.1893310546875,0.16051432788372036,0.16051432788372036,0.38856572,0.33224624,0.2791881
252,99501$_$0,missing,T,1,1,-0.68408203,2.1757812,0.20373535,1.9720459,-0.01166534423828125,-0.00028279125690466346,-0.00028279125690466346,0.39936802,0.3087045,0.29192746
253,99501$_$5,missing,T,0,0,1.1630859,-0.63134766,-0.74365234,1.7944336,-0.3798828125,-0.29485676586627974,-0.29485676586627974,0.53891635,0.23823158,0.22285213
254,99501$_$7,missing,T,2,2,-0.8959961,-0.5722656,1.7753906,2.3476562,1.259765625,1.0168619841337203,1.0168619841337203,0.46482468,0.27862698,0.25654835
255,9QI-9w_VdB4$_$0,missing,T,2,1,-0.63427734,1.2402344,0.70654297,-0.5336914,0.190185546875,0.16119792163372035,0.16119792163372035,0.3812491,0.32929838,0.2894525
256,AG5EY8ZaFj4$_$3,missing,T,1,1,-1.2060547,1.6650391,1.3417969,0.3232422,0.349365234375,0.28854167163372035,0.28854167163372035,0.3982692,0.31742558,0.28430519
257,AG5EY8ZaFj4$_$15,missing,T,1,2,-1.0117188,1.0566406,1.2753906,-0.21875,0.4189453125,0.34420573413372035,0.34420573413372035,0.3575724,0.3523213,0.2901063
258,Arh2TKRi_mg$_$15,missing,T,2,2,-1.5136719,0.30664062,2.3007812,1.9941406,0.90625,0.7340494841337204,0.7340494841337204,0.42883545,0.30196536,0.26919925
259,Arh2TKRi_mg$_$14,missing,T,2,2,-1.3125,1.0458984,1.8222656,0.7763672,0.466552734375,0.38229167163372035,0.38229167163372035,0.40967953,0.31072712,0.27959335
260,Arh2TKRi_mg$_$16,missing,T,1,1,-0.7324219,1.0878906,0.92285156,0.16503906,0.40771484375,0.3352213591337203,0.3352213591337203,0.3894561,0.30664,0.3039039
261,Arh2TKRi_mg$_$19,missing,T,2,2,-0.9760742,0.39648438,1.4462891,1.0498047,0.57470703125,0.4688151091337204,0.4688151091337204,0.42020753,0.30050322,0.27928928
262,Arh2TKRi_mg$_$32,missing,T,2,2,-1.6523438,-0.37548828,2.6425781,3.0180664,1.515625,1.2215494841337204,1.2215494841337204,0.49694437,0.26056018,0.24249545
263,Arh2TKRi_mg$_$28,missing,T,0,0,1.8056641,-0.32177734,-1.4394531,2.1274414,-0.6845703125,-0.5386067658662798,-0.5386067658662798,0.5242774,0.24517362,0.23054904
264,Arh2TKRi_mg$_$3,missing,T,2,2,-0.9399414,1.1181641,1.2392578,0.12109375,0.43408203125,0.35631510913372033,0.35631510913372033,0.4065159,0.3043067,0.28917745
265,AxNy9TeTLq8$_$0,missing,T,2,2,-1.6572266,-0.39233398,2.671875,3.064209,1.5498046875,1.2488932341337204,1.2488932341337204,0.5204319,0.24443635,0.23513179
266,BSKAHXFYF_I$_$1,missing,T,1,1,-0.21655273,2.296875,-0.11071777,2.4075928,0.11669921875,0.10240885913372035,0.10240885913372035,0.40068513,0.30961305,0.28970185
267,BSKAHXFYF_I$_$3,missing,T,1,1,-0.61376953,1.9580078,0.49731445,1.4606934,0.203125,0.17154948413372034,0.17154948413372034,0.38732082,0.3197215,0.2929577
268,BSKAHXFYF_I$_$7,missing,T,1,1,-0.4428711,2.1113281,0.26000977,1.8513184,0.1229248046875,0.10738932788372034,0.10738932788372034,0.38761026,0.32849917,0.2838906
269,BSKAHXFYF_I$_$8,missing,T,1,1,-0.73779297,1.7041016,0.7998047,0.9042969,0.1737060546875,0.14801432788372035,0.14801432788372035,0.3729242,0.33120796,0.2958678
270,Baz0VVQ-E9E$_$10,missing,T,0,0,2.2207031,-1.0576172,-1.7802734,3.2783203,-1.28125,-1.0159505158662798,-1.0159505158662798,0.5341483,0.23274764,0.2331041
271,Baz0VVQ-E9E$_$1,missing,T,1,1,-0.119506836,1.6435547,-0.033081055,1.6766357,0.03173828125,0.03444010913372034,0.03444010913372034,0.40602088,0.31403497,0.27994415
272,Baz0VVQ-E9E$_$5,missing,T,0,0,1.6865234,0.20202637,-1.7646484,1.4844971,-0.7392578125,-0.5823567658662797,-0.5823567658662797,0.52557576,0.24278897,0.23163523
273,Baz0VVQ-E9E$_$7,missing,T,2,2,-0.98291016,-0.36743164,1.8056641,2.1730957,1.0341796875,0.8363932341337204,0.8363932341337204,0.45748606,0.2726199,0.26989403
274,CJGuudyvA0Y$_$4,missing,T,2,2,-0.0826416,-0.5859375,0.58447266,0.66711426,0.4541015625,0.3723307341337203,0.3723307341337203,0.47111154,0.26572105,0.26316744
275,CPjbogfLHR4$_$2,missing,T,2,1,-0.6826172,1.1962891,0.7895508,-0.40673828,0.303955078125,0.2522135466337203,0.2522135466337203,0.41979143,0.3041491,0.2760595
276,CPjbogfLHR4$_$5,missing,T,2,2,-1.2207031,1.4658203,1.4726562,0.0068359375,0.47705078125,0.3906901091337204,0.3906901091337204,0.4159238,0.30557263,0.27850354
277,DdUJojoFU_c$_$11,missing,T,2,1,-0.6743164,1.5751953,0.67822266,-0.89697266,0.25537109375,0.21334635913372035,0.21334635913372035,0.4150467,0.3132374,0.2717159
278,DdUJojoFU_c$_$15,missing,T,2,1,-0.9848633,2.0019531,0.8769531,-1.125,0.1929931640625,0.16344401538372036,0.16344401538372036,0.36457953,0.3368125,0.29860795
279,DdUJojoFU_c$_$14,missing,T,2,1,-1.2109375,1.4384766,1.3828125,-0.055664062,0.39306640625,0.3235026091337203,0.3235026091337203,0.38918936,0.32615033,0.2846603
280,DdUJojoFU_c$_$17,missing,T,1,1,0.39038086,1.8701172,-0.71728516,1.4797363,0.1517333984375,0.13043620288372035,0.13043620288372035,0.4352733,0.3053194,0.2594073
281,DdUJojoFU_c$_$16,missing,T,2,1,-1.2568359,1.5791016,1.3623047,-0.21679688,0.327392578125,0.27096354663372035,0.27096354663372035,0.37889326,0.32689542,0.29421136
282,DdUJojoFU_c$_$2,missing,T,2,1,-0.8334961,1.3271484,1.0595703,-0.26757812,0.25537109375,0.21334635913372035,0.21334635913372035,0.3880131,0.3054412,0.3065457
283,DdUJojoFU_c$_$6,missing,T,1,1,-0.122558594,2.1015625,-0.27246094,2.224121,0.07940673828125,0.07257487475872033,0.07257487475872033,0.42411193,0.3004208,0.2754673
284,DdUJojoFU_c$_$8,missing,T,2,1,-0.46899414,1.7919922,0.35180664,-1.4401855,0.1329345703125,0.11539714038372034,0.11539714038372034,0.39146546,0.32709953,0.281435
285,DlbYiwOnTyk$_$1,missing,T,1,1,-0.72509766,1.8339844,0.53564453,1.2983398,0.187255859375,0.15885417163372034,0.15885417163372034,0.39886445,0.32016456,0.28097102
286,E8MuzHUhUHk$_$15,missing,T,2,2,-1.5390625,0.6464844,2.1015625,1.4550781,0.73828125,0.5996744841337204,0.5996744841337204,0.44083124,0.29560396,0.26356477
287,E8MuzHUhUHk$_$14,missing,T,2,2,-1.1162109,0.7314453,1.5478516,0.81640625,0.5029296875,0.4113932341337203,0.4113932341337203,0.40070373,0.314097,0.28519934
288,E8MuzHUhUHk$_$16,missing,T,2,2,-1.5332031,0.4543457,2.1796875,1.7253418,0.79248046875,0.6430338591337204,0.6430338591337204,0.43547267,0.29260907,0.27191827
289,E8MuzHUhUHk$_$2,missing,T,2,2,-1.2402344,0.5371094,1.8056641,1.2685547,0.8330078125,0.6754557341337204,0.6754557341337204,0.4182565,0.3086272,0.27311638
290,E8MuzHUhUHk$_$9,missing,T,2,2,-0.25170898,-0.5341797,0.87841797,1.130127,0.8388671875,0.6801432341337204,0.6801432341337204,0.49386537,0.26459903,0.24153563
291,EEjCkc82oyk$_$7,missing,T,0,0,1.3164062,0.16711426,-1.1357422,1.149292,-0.24853515625,-0.18977864086627969,-0.18977864086627969,0.45279488,0.28655252,0.26065263
292,EEjCkc82oyk$_$9,missing,T,0,0,1.0136719,-0.27807617,-0.7211914,1.291748,-0.29638671875,-0.22805989086627967,-0.22805989086627967,0.45773545,0.28686643,0.25539812
293,EQxkXiWAm08$_$8,missing,T,1,1,-0.22717285,2.3457031,-0.12438965,2.4700928,0.05810546875,0.05553385913372034,0.05553385913372034,0.39395714,0.3201672,0.28587568
294,ET1cU5_A2YM$_$1,missing,T,0,0,1.8525391,-0.6074219,-1.5595703,2.459961,-0.83056640625,-0.6554036408662798,-0.6554036408662798,0.5148278,0.2553318,0.22984038
295,ET1cU5_A2YM$_$3,missing,T,0,2,0.04837036,-0.17785645,0.22668457,-0.17831421,0.3271484375,0.2707682341337203,0.2707682341337203,0.47067738,0.26848805,0.26083457
296,ET1cU5_A2YM$_$6,missing,T,0,0,1.5087891,0.12512207,-1.3603516,1.383667,-0.4052734375,-0.3151692658662797,-0.3151692658662797,0.49989223,0.2654912,0.23461653
297,EmmuWoCUgXs$_$22,missing,T,1,1,-0.79248047,1.8037109,0.7578125,1.0458984,0.230712890625,0.19361979663372034,0.19361979663372034,0.40631315,0.30835825,0.28532854
298,EmmuWoCUgXs$_$7,missing,T,0,0,2.0878906,-1.8720703,-1.3427734,3.430664,-1.3671875,-1.0847005158662797,-1.0847005158662797,0.54029393,0.23406328,0.22564285
299,Es9MkKsMsjU$_$10,missing,T,1,1,-0.10021973,0.8876953,0.14074707,0.74694824,0.201171875,0.16998698413372035,0.16998698413372035,0.41580442,0.3067273,0.27746832
300,Es9MkKsMsjU$_$12,missing,T,0,0,2.3417969,-1.4970703,-1.7597656,3.8388672,-1.5625,-1.2409505158662797,-1.2409505158662797,0.55361,0.22764514,0.21874486
301,Es9MkKsMsjU$_$2,missing,T,0,0,2.4941406,-1.5048828,-1.9619141,3.9990234,-1.826171875,-1.4518880158662797,-1.4518880158662797,0.5855852,0.20822224,0.20619263
302,Es9MkKsMsjU$_$7,missing,T,0,0,2.5097656,-1.6337891,-1.7792969,4.1435547,-1.76953125,-1.4065755158662798,-1.4065755158662798,0.58247924,0.21225834,0.20526238
303,Ezn3p5FWF_U$_$4,missing,T,2,2,-1.1992188,-0.23522949,1.9296875,2.164917,1.021484375,0.8262369841337204,0.8262369841337204,0.47408858,0.2582499,0.26766157
304,F1U26PLiXjM$_$1,missing,T,2,2,-0.74853516,0.7080078,1.1113281,0.4033203,0.457763671875,0.3752604216337203,0.3752604216337203,0.41371363,0.30318072,0.28310564
305,F6JV-K840EY$_$2,missing,T,0,0,0.83447266,0.49731445,-0.81884766,0.3371582,-0.019195556640625,-0.0063069611787796645,-0.0063069611787796645,0.45323333,0.2932343,0.25353238
306,FB_b1dm0SRY$_$10,missing,T,0,0,1.1826172,0.23449707,-1.0664062,0.9481201,-0.2353515625,-0.17923176586627967,-0.17923176586627967,0.48543802,0.2677488,0.24681316
307,FB_b1dm0SRY$_$0,missing,T,1,2,-0.9321289,1.2119141,1.2207031,-0.0087890625,0.396484375,0.3262369841337204,0.3262369841337204,0.42218488,0.29169458,0.2861205
308,FB_b1dm0SRY$_$6,missing,T,0,0,1.0771484,-0.09863281,-0.90527344,1.1757812,-0.139892578125,-0.10286457836627967,-0.10286457836627967,0.43777782,0.28680542,0.27541676
309,FB_b1dm0SRY$_$9,missing,T,0,0,1.2519531,-0.29223633,-0.9995117,1.5441895,-0.3046875,-0.23470051586627969,-0.23470051586627969,0.45358092,0.27622473,0.27019438
310,FB_b1dm0SRY$_$8,missing,T,2,2,-1.3017578,-0.63671875,2.3125,2.9492188,1.65234375,1.3309244841337204,1.3309244841337204,0.542965,0.23255986,0.2244751
311,FxxJB8hBpyQ$_$1,missing,T,0,0,1.7373047,-0.7636719,-1.3496094,2.5009766,-0.7392578125,-0.5823567658662797,-0.5823567658662797,0.49160394,0.26822144,0.24017467
312,Fy0Uid9afM8$_$0,missing,T,1,1,0.54589844,0.93847656,-0.67626953,0.39257812,-0.03411865234375,-0.018245437741279666,-0.018245437741279666,0.43956536,0.29161006,0.26882458
313,Fy0Uid9afM8$_$3,missing,T,0,0,1.6689453,0.064331055,-1.4365234,1.6046143,-0.45068359375,-0.35149739086627974,-0.35149739086627974,0.49910173,0.26560465,0.23529366
314,Fy0Uid9afM8$_$5,missing,T,1,1,0.5864258,0.8022461,-0.55078125,0.21582031,0.040679931640625,0.04159342944622034,0.04159342944622034,0.43718627,0.2902303,0.27258343
315,Fy0Uid9afM8$_$4,missing,T,0,0,1.0253906,0.7158203,-1.09375,0.3095703,-0.1578369140625,-0.11722004711627967,-0.11722004711627967,0.46521166,0.27012527,0.2646631
316,H1DpVwktfDQ$_$0,missing,T,0,0,1.2382812,0.34057617,-1.1777344,0.8977051,-0.53125,-0.41595051586627974,-0.41595051586627974,0.4866318,0.26121488,0.2521533
317,HGicRLwgtkM$_$1,missing,T,2,1,-0.33154297,1.2607422,0.31713867,-0.9436035,0.151123046875,0.12994792163372035,0.12994792163372035,0.42493725,0.2974054,0.27765736
318,HGicRLwgtkM$_$3,missing,T,1,1,-0.17797852,1.2216797,0.068481445,1.1531982,0.048431396484375,0.04779460132122034,0.04779460132122034,0.39409012,0.32382733,0.2820826
319,HGicRLwgtkM$_$2,missing,T,2,1,-0.80322266,1.7158203,0.8178711,-0.8979492,0.18505859375,0.15709635913372033,0.15709635913372033,0.38744888,0.32620746,0.28634366
320,HGicRLwgtkM$_$6,missing,T,2,1,-0.7939453,1.8466797,0.7607422,-1.0859375,0.14453125,0.12467448413372034,0.12467448413372034,0.37821707,0.33407927,0.2877037
321,HmXXW45eZL4$_$1,missing,T,0,0,1.0654297,-0.8515625,-0.61816406,1.6835938,-0.38525390625,-0.2991536408662797,-0.2991536408662797,0.50751877,0.25262997,0.23985131
322,HmXXW45eZL4$_$4,missing,T,0,0,2.2636719,-0.86035156,-1.7822266,3.1240234,-1.244140625,-0.9862630158662797,-0.9862630158662797,0.5429058,0.24329476,0.21379943
323,IM6HW1HwHhM$_$11,missing,T,0,0,0.81103516,-0.42626953,-0.46411133,1.2373047,-0.04400634765625,-0.026155593991279667,-0.026155593991279667,0.4573672,0.2827802,0.25985256
324,IM6HW1HwHhM$_$15,missing,T,2,2,-1.1064453,0.24145508,1.7978516,1.5563965,0.779296875,0.6324869841337204,0.6324869841337204,0.4103232,0.31054267,0.27913412
325,IM6HW1HwHhM$_$17,missing,T,2,2,-1.3017578,0.6923828,1.8798828,1.1875,0.609375,0.49654948413372035,0.49654948413372035,0.40614876,0.31351972,0.28033155
326,IUmxJNs2zaY$_$3,missing,T,1,1,-0.6347656,2.1582031,0.51416016,1.644043,0.098876953125,0.08815104663372034,0.08815104663372034,0.39607474,0.31691682,0.28700843
327,IUmxJNs2zaY$_$2,missing,T,1,1,-0.3557129,1.9462891,0.2631836,1.6831055,0.1197509765625,0.10485026538372035,0.10485026538372035,0.40816376,0.32067755,0.2711587
328,JAnRCQ9A0vI$_$1,missing,T,1,1,-0.79345703,1.4824219,0.93652344,0.54589844,0.247802734375,0.20729167163372034,0.20729167163372034,0.37165427,0.31683937,0.31150636
329,JAnRCQ9A0vI$_$0,missing,T,1,1,-0.2388916,2.0742188,-0.09338379,2.1676025,0.10125732421875,0.09005534350872034,0.09005534350872034,0.38448456,0.31746542,0.29805002
330,JAnRCQ9A0vI$_$3,missing,T,2,2,-1.3789062,0.33544922,2.1035156,1.7680664,0.970703125,0.7856119841337204,0.7856119841337204,0.46511066,0.26980647,0.26508287
331,JAnRCQ9A0vI$_$2,missing,T,2,2,-1.0859375,1.0292969,1.4160156,0.38671875,0.487060546875,0.3986979216337203,0.3986979216337203,0.3956939,0.30278715,0.30151898
332,JAnRCQ9A0vI$_$5,missing,T,2,2,-1.2304688,1.3037109,1.5332031,0.22949219,0.41943359375,0.34459635913372033,0.34459635913372033,0.40880832,0.31299585,0.2781959
333,JAnRCQ9A0vI$_$4,missing,T,1,1,-0.5161133,1.3369141,0.54541016,0.7915039,0.191650390625,0.16236979663372034,0.16236979663372034,0.3884837,0.31436992,0.29714638
334,JAnRCQ9A0vI$_$8,missing,T,2,2,-1.2519531,1.2089844,1.6601562,0.45117188,0.431396484375,0.3541666716337204,0.3541666716337204,0.41506362,0.29372752,0.29120886
335,JOK1SSmPtFw$_$10,missing,T,2,1,-0.76416016,1.5644531,0.7241211,-0.84033203,0.14208984375,0.12272135913372034,0.12272135913372034,0.35772142,0.34581304,0.29646552
336,JOK1SSmPtFw$_$13,missing,T,2,2,-0.9057617,0.17419434,1.4580078,1.2838135,0.68212890625,0.5547526091337204,0.5547526091337204,0.4096206,0.31180435,0.27857503
337,JOK1SSmPtFw$_$14,missing,T,1,1,-0.8671875,1.8193359,0.8461914,0.97314453,0.28076171875,0.23365885913372034,0.23365885913372034,0.41081578,0.31121668,0.2779675
338,JOK1SSmPtFw$_$16,missing,T,1,1,-0.78759766,2.1640625,0.57128906,1.5927734,0.1368408203125,0.11852214038372035,0.11852214038372035,0.39005572,0.32261816,0.28732616
339,JOK1SSmPtFw$_$0,missing,T,2,2,-1.5166016,-1.0166016,2.6679688,3.6845703,1.9541015625,1.5723307341337205,1.5723307341337205,0.5316578,0.23518196,0.23316023
340,JOK1SSmPtFw$_$5,missing,T,1,1,-0.3322754,1.3876953,0.3701172,1.0175781,0.1966552734375,0.16637370288372036,0.16637370288372036,0.41856056,0.30793473,0.27350473
341,JOK1SSmPtFw$_$4,missing,T,1,1,-1.0273438,1.8505859,1.1318359,0.71875,0.21533203125,0.18131510913372034,0.18131510913372034,0.40462,0.30720687,0.2881732
342,JOK1SSmPtFw$_$8,missing,T,1,1,-0.8886719,1.9697266,0.7998047,1.1699219,0.1649169921875,0.14098307788372033,0.14098307788372033,0.36540556,0.34054524,0.2940492
343,JPT38CA3sGI$_$1,missing,T,0,1,0.3503418,0.6425781,-0.3779297,-0.29223633,0.04803466796875,0.04747721850872034,0.04747721850872034,0.41645592,0.30425116,0.2792929
344,JPT38CA3sGI$_$0,missing,T,2,1,-0.45654297,1.4326172,0.42944336,-1.0031738,0.1553955078125,0.13336589038372035,0.13336589038372035,0.39500314,0.31024534,0.29475152
345,JPT38CA3sGI$_$5,missing,T,2,1,-1.0644531,1.5400391,1.1826172,-0.35742188,0.22900390625,0.19225260913372036,0.19225260913372036,0.3529744,0.3382527,0.30877286
346,JVpF99zuQhA$_$0,missing,T,1,1,-1.0761719,1.9189453,1.0917969,0.82714844,0.257080078125,0.21471354663372036,0.21471354663372036,0.37853578,0.33688238,0.28458187
347,JVpF99zuQhA$_$2,missing,T,1,1,-0.5444336,1.9550781,0.46679688,1.4882812,0.142822265625,0.12330729663372034,0.12330729663372034,0.39420438,0.32040122,0.2853944
348,JVpF99zuQhA$_$4,missing,T,1,1,-0.58447266,2.1035156,0.45043945,1.6530762,0.14208984375,0.12272135913372034,0.12272135913372034,0.39111888,0.32274842,0.2861327
349,K0m1tO3Ybyc$_$15,missing,T,2,1,-0.97558594,1.2753906,1.2216797,-0.053710938,0.28759765625,0.23912760913372036,0.23912760913372036,0.38918027,0.31029195,0.30052775
350,K0m1tO3Ybyc$_$8,missing,T,2,0,0.67626953,0.026153564,-0.4050293,-1.0812988,-0.1126708984375,-0.08108723461627967,-0.08108723461627967,0.44812232,0.28351322,0.26836443
351,K8gp7ncdUl8$_$5,missing,T,0,0,0.93359375,0.13415527,-0.7631836,0.7994385,-0.28369140625,-0.21790364086627967,-0.21790364086627967,0.4794678,0.2692199,0.2513123
352,KDjl2exStlI$_$10,missing,T,1,1,0.054534912,1.3369141,-0.1965332,1.2823792,0.1072998046875,0.09488932788372034,0.09488932788372034,0.42232472,0.2985377,0.2791376
353,KDjl2exStlI$_$13,missing,T,1,1,0.06298828,2.0644531,-0.3947754,2.0014648,0.07305908203125,0.06749674975872033,0.06749674975872033,0.4055968,0.32409024,0.27031296
354,KDjl2exStlI$_$5,missing,T,1,1,-0.45263672,2.2773438,0.20056152,2.0767822,0.1171875,0.10279948413372034,0.10279948413372034,0.3690914,0.33924332,0.29166526
355,KDjl2exStlI$_$4,missing,T,1,1,-0.67529297,2.0585938,0.56884766,1.4897461,0.1793212890625,0.15250651538372034,0.15250651538372034,0.37021747,0.34301654,0.28676593
356,KkKWFZZmmCM$_$1,missing,T,2,2,-0.9604492,-0.44604492,1.7958984,2.2419434,1.09375,0.8840494841337203,0.8840494841337203,0.47444385,0.2672709,0.25828525
357,KpMCvUyQCXg$_$1,missing,T,1,1,0.25341797,1.6708984,-0.4411621,1.4174805,0.07867431640625,0.07198893725872034,0.07198893725872034,0.4013787,0.31564987,0.28297144
358,KpMCvUyQCXg$_$3,missing,T,1,1,0.11791992,1.3789062,-0.20349121,1.2609863,0.039825439453125,0.04090983569622034,0.04090983569622034,0.41718647,0.29779968,0.2850138
359,KpMCvUyQCXg$_$5,missing,T,2,1,-0.65478516,1.8203125,0.6279297,-1.1923828,0.1153564453125,0.10133464038372034,0.10133464038372034,0.37453833,0.3341798,0.29128182
360,L1eFHRQGFeg$_$2,missing,T,0,0,0.40942383,0.18139648,-0.28759766,0.22802734,-0.032196044921875,-0.016707351803779663,-0.016707351803779663,0.4672272,0.27705353,0.2557193
361,MCsvw5-7lVE$_$1,missing,T,2,2,-1.3642578,0.20385742,2.1367188,1.9328613,0.9228515625,0.7473307341337203,0.7473307341337203,0.44581947,0.2808601,0.27332038
362,MCsvw5-7lVE$_$2,missing,T,2,2,-1.2919922,0.09899902,2.0195312,1.9205322,0.8740234375,0.7082682341337203,0.7082682341337203,0.4278747,0.29351127,0.27861404
363,MCsvw5-7lVE$_$4,missing,T,2,2,-1.2060547,0.921875,1.6025391,0.68066406,0.505859375,0.4137369841337204,0.4137369841337204,0.39545742,0.31725097,0.28729168
364,MMpo2bDk-DU$_$10,missing,T,0,1,0.092163086,0.8027344,-0.07470703,-0.7105713,0.017669677734375,0.02318522632122034,0.02318522632122034,0.40967512,0.3097511,0.28057384
365,MMpo2bDk-DU$_$17,missing,T,0,0,0.6591797,0.33325195,-0.5859375,0.32592773,-0.08563232421875,-0.05945637524127967,-0.05945637524127967,0.43744782,0.29856217,0.26398998
366,MMpo2bDk-DU$_$16,missing,T,1,1,-0.22045898,1.7792969,-0.003047943,1.7823448,0.1845703125,0.15670573413372035,0.15670573413372035,0.4145838,0.3191738,0.2662424
367,MMpo2bDk-DU$_$19,missing,T,2,2,-1.5097656,1.0595703,1.9101562,0.85058594,0.5771484375,0.4707682341337204,0.4707682341337204,0.41802794,0.31015798,0.27181408
368,MjaaudUc5-4$_$1,missing,T,0,0,2.1601562,-1.1787109,-1.6894531,3.3388672,-1.3125,-1.0409505158662797,-1.0409505158662797,0.55100965,0.23381574,0.2151746
369,MjaaudUc5-4$_$0,missing,T,2,2,-0.75341797,-0.037200928,1.2548828,1.2920837,0.5322265625,0.4348307341337203,0.4348307341337203,0.4328438,0.29138333,0.27577287
370,MjaaudUc5-4$_$3,missing,T,2,2,-0.8413086,-0.0023498535,1.5058594,1.5082092,0.76318359375,0.6195963591337204,0.6195963591337204,0.39311048,0.313855,0.29303455
371,MjaaudUc5-4$_$6,missing,T,0,0,1.7871094,-0.78027344,-1.4677734,2.5673828,-0.89501953125,-0.7069661408662797,-0.7069661408662797,0.51042765,0.25767803,0.2318943
372,MoQmPA7Q07Q$_$1,missing,T,2,2,-0.90527344,0.73828125,1.2509766,0.5126953,0.459228515625,0.37643229663372035,0.37643229663372035,0.42493486,0.29198995,0.28307518
373,MoQmPA7Q07Q$_$2,missing,T,2,2,-1.5947266,-0.88671875,2.7402344,3.6269531,1.91796875,1.5434244841337204,1.5434244841337204,0.5516117,0.22568415,0.22270411
374,N1X63d_jgmw$_$5,missing,T,0,0,0.7753906,-0.47192383,-0.47802734,1.2473145,-0.1778564453125,-0.13323567211627968,-0.13323567211627968,0.4326206,0.2911861,0.2761933
375,N5xfBtD6rLY$_$7,missing,T,1,1,-0.72265625,2.0253906,0.66845703,1.3569336,0.08648681640625,0.07823893725872035,0.07823893725872035,0.39552993,0.3097079,0.29476216
376,NoZsdSGnNpI$_$7,missing,T,2,2,-0.48608398,-0.23156738,1.0673828,1.2989502,0.548828125,0.44811198413372033,0.44811198413372033,0.4003002,0.30227855,0.29742125
377,Nrurc5sMUOE$_$5,missing,T,0,0,2.4628906,-1.2119141,-1.9814453,3.6748047,-1.693359375,-1.3456380158662797,-1.3456380158662797,0.59551144,0.20903334,0.19545524
378,Nrurc5sMUOE$_$7,missing,T,0,0,0.94140625,0.5673828,-0.9477539,0.37402344,-0.1214599609375,-0.08811848461627966,-0.08811848461627966,0.44679323,0.29582134,0.2573855
379,Nrurc5sMUOE$_$8,missing,T,0,0,1.7021484,-0.32495117,-1.3544922,2.0270996,-0.6083984375,-0.47766926586627967,-0.47766926586627967,0.5163016,0.25606912,0.22762929
380,NzvNW7vP-Co$_$5,missing,T,2,2,-1.421875,-0.4338379,2.4140625,2.8479004,1.4111328125,1.1379557341337203,1.1379557341337203,0.49381882,0.25222522,0.25395593
381,NzvNW7vP-Co$_$4,missing,T,1,1,0.3564453,1.5927734,-0.6279297,1.2363281,0.044952392578125,0.04501139819622034,0.04501139819622034,0.4430691,0.29597065,0.26096025
382,NzvNW7vP-Co$_$7,missing,T,2,2,-0.5517578,-0.88671875,1.2294922,1.78125,0.9326171875,0.7551432341337203,0.7551432341337203,0.49745864,0.25197643,0.25056496
383,OLP0nCKwU6k$_$6,missing,T,0,0,0.7060547,0.68896484,-0.6323242,0.017089844,-0.07476806640625,-0.05076496899127966,-0.05076496899127966,0.4573291,0.27048913,0.27218172
384,OrYBtyO0aPI$_$1,missing,T,0,0,1.2373047,0.42700195,-1.3427734,0.81030273,-0.4990234375,-0.39016926586627965,-0.39016926586627965,0.50207895,0.25829428,0.23962674
385,OrYBtyO0aPI$_$4,missing,T,2,2,-1.0898438,1.1162109,1.3583984,0.2421875,0.3828125,0.31529948413372033,0.31529948413372033,0.42637706,0.29327914,0.28034383
386,PboaYD5hlG8$_$10,missing,T,2,1,-0.95654297,1.6787109,1.0419922,-0.63671875,0.259033203125,0.21627604663372035,0.21627604663372035,0.38577527,0.3251005,0.28912425
387,PboaYD5hlG8$_$3,missing,T,2,2,-1.2167969,-0.21594238,2.0117188,2.2276611,1.146484375,0.9262369841337204,0.9262369841337204,0.44796523,0.28401563,0.2680192
388,PboaYD5hlG8$_$2,missing,T,2,1,-0.6074219,2.1777344,0.3762207,-1.8015137,0.1304931640625,0.11344401538372034,0.11344401538372034,0.3756171,0.33177,0.2926129
389,PboaYD5hlG8$_$7,missing,T,1,1,0.095458984,0.8432617,-0.06262207,0.74780273,0.1619873046875,0.13863932788372035,0.13863932788372035,0.44288975,0.28895617,0.26815405
390,PboaYD5hlG8$_$9,missing,T,1,1,0.45898438,0.89990234,-0.47875977,0.44091797,-0.0079498291015625,0.0026896208524703367,0.0026896208524703367,0.4470956,0.28878996,0.26411444
391,PboaYD5hlG8$_$8,missing,T,0,0,2.1855469,-1.3154297,-1.7412109,3.5009766,-1.505859375,-1.1956380158662798,-1.1956380158662798,0.5392009,0.23679325,0.22400583
392,Pt-D0LUHDSc$_$2,missing,T,2,2,-1.5009766,0.79003906,2.0507812,1.2607422,0.85693359375,0.6945963591337203,0.6945963591337203,0.44689032,0.2886808,0.26442888
393,PwapK9d8IGk$_$4,missing,T,0,1,0.032714844,0.29077148,0.19250488,-0.25805664,0.1240234375,0.10826823413372035,0.10826823413372035,0.4475316,0.2715758,0.28089258
394,PyQrAYl1bFs$_$0,missing,T,2,1,-0.9082031,1.9765625,0.82666016,-1.1499023,0.145263671875,0.12526042163372034,0.12526042163372034,0.37773058,0.32050693,0.30176252
395,PyQrAYl1bFs$_$3,missing,T,2,2,-1.609375,-0.5097656,2.5585938,3.0683594,1.52734375,1.2309244841337204,1.2309244841337204,0.47364283,0.27522355,0.25113362
396,PyQrAYl1bFs$_$4,missing,T,2,2,-1.5146484,-0.58691406,2.5078125,3.0947266,1.62890625,1.3121744841337204,1.3121744841337204,0.4906474,0.26680726,0.24254534
397,Q4WzApjaCNI$_$0,missing,T,1,1,-0.22290039,1.4501953,0.107543945,1.3426514,0.094482421875,0.08463542163372034,0.08463542163372034,0.4145501,0.30525655,0.2801934
398,Q7S0tX4FUNA$_$4,missing,T,1,1,-0.5097656,1.7617188,0.34985352,1.4118652,0.08880615234375,0.08009440600872034,0.08009440600872034,0.38212544,0.32934332,0.28853124
399,Q7S0tX4FUNA$_$7,missing,T,1,1,-0.09362793,2.0234375,-0.10559082,2.1170654,0.10272216796875,0.09122721850872034,0.09122721850872034,0.42153588,0.30216202,0.2763021
400,Q7S0tX4FUNA$_$8,missing,T,0,0,1.6962891,-0.20227051,-1.4355469,1.8985596,-0.5185546875,-0.40579426586627965,-0.40579426586627965,0.49023062,0.2683414,0.24142803
401,Qa6Yz62V-Yc$_$0,missing,T,1,1,0.46069336,1.1865234,-0.5239258,0.7258301,-0.023223876953125,-0.009529617428779665,-0.009529617428779665,0.41280466,0.30355668,0.28363872
402,QjcQx8_PQfw$_$10,missing,T,2,2,-1.5986328,-0.09680176,2.515625,2.6124268,1.337890625,1.0793619841337203,1.0793619841337203,0.46836522,0.2801501,0.25148466
403,QjcQx8_PQfw$_$7,missing,T,1,1,-0.040618896,1.3544922,0.018432617,1.3360596,0.0693359375,0.06451823413372035,0.06451823413372035,0.37755656,0.33280393,0.2896395
404,QpchvHpGFc8$_$3,missing,T,1,1,-0.66748047,1.6347656,0.7104492,0.9243164,0.19091796875,0.16178385913372034,0.16178385913372034,0.39871743,0.31689596,0.2843866
405,RArhIHk4Qs4$_$13,missing,T,2,2,-0.17126465,-0.16955566,0.5678711,0.73742676,0.40625,0.3340494841337204,0.3340494841337204,0.4445402,0.28589922,0.2695606
406,RArhIHk4Qs4$_$17,missing,T,0,0,1.9980469,-1.3935547,-1.4716797,3.3916016,-1.263671875,-1.0018880158662797,-1.0018880158662797,0.52354735,0.2503245,0.22612815
407,RArhIHk4Qs4$_$16,missing,T,0,0,1.5488281,0.26879883,-1.4638672,1.2800293,-0.5634765625,-0.4417317658662797,-0.4417317658662797,0.5007098,0.2651432,0.23414706
408,RArhIHk4Qs4$_$19,missing,T,1,1,-0.20153809,2.2402344,-0.15490723,2.3951416,0.0986328125,0.08795573413372035,0.08795573413372035,0.40304556,0.31514475,0.28180966
409,RArhIHk4Qs4$_$1,missing,T,1,1,-0.9038086,1.7685547,1.0146484,0.75390625,0.2587890625,0.21608073413372034,0.21608073413372034,0.40171236,0.3089246,0.28936306
410,RArhIHk4Qs4$_$2,missing,T,0,0,1.1650391,0.1739502,-1.0341797,0.99108887,-0.490234375,-0.3831380158662797,-0.3831380158662797,0.48620716,0.26903674,0.24475615
411,RArhIHk4Qs4$_$7,missing,T,1,1,-1.0839844,1.3916016,1.2988281,0.09277344,0.439453125,0.3606119841337203,0.3606119841337203,0.42355144,0.29857197,0.2778766
412,RArhIHk4Qs4$_$6,missing,T,0,0,1.5498047,0.053131104,-1.3994141,1.4966736,-0.4033203125,-0.31360676586627967,-0.31360676586627967,0.47773066,0.2755535,0.24671583
413,RArhIHk4Qs4$_$8,missing,T,0,0,1.3623047,-1.1513672,-0.82177734,2.184082,-0.6865234375,-0.5401692658662797,-0.5401692658662797,0.5509563,0.2247965,0.22424717
414,RArhIHk4Qs4$_$21,missing,T,2,2,-1.1845703,1.3007812,1.5615234,0.2607422,0.33349609375,0.27584635913372035,0.27584635913372035,0.4019609,0.306057,0.2919821
415,ROcTx5VEn7o$_$11,missing,T,1,1,-0.5654297,2.0703125,0.5024414,1.5678711,0.22802734375,0.19147135913372035,0.19147135913372035,0.40187368,0.31056795,0.2875584
416,ROcTx5VEn7o$_$1,missing,T,1,1,-0.57714844,2.3730469,0.30444336,2.0686035,0.1143798828125,0.10055339038372034,0.10055339038372034,0.3836449,0.3223286,0.29402646
417,ROcTx5VEn7o$_$5,missing,T,1,1,0.046844482,1.9853516,-0.2800293,1.9385071,0.11444091796875,0.10060221850872034,0.10060221850872034,0.41601306,0.3127694,0.27121753
418,ROcTx5VEn7o$_$9,missing,T,1,1,-0.38305664,2.1542969,0.10559082,2.048706,0.113037109375,0.09947917163372035,0.09947917163372035,0.3936238,0.32003286,0.28634334
419,RrGpzInAwCg$_$0,missing,T,2,1,-0.6772461,2.0273438,0.5463867,-1.480957,0.06536865234375,0.06134440600872034,0.06134440600872034,0.36241236,0.34142008,0.29616758
420,RzOFxDk26p0$_$1,missing,T,2,2,-1.6396484,-0.9501953,2.7890625,3.7392578,1.96484375,1.5809244841337204,1.5809244841337204,0.54310393,0.22859721,0.22829895
421,RzOFxDk26p0$_$0,missing,T,1,1,-0.70703125,2.2480469,0.46166992,1.786377,0.12432861328125,0.10851237475872035,0.10851237475872035,0.3875238,0.33710036,0.2753758
422,SHa756SwGJQ$_$0,missing,T,1,1,-0.034332275,1.5546875,-0.15063477,1.5890198,0.0941162109375,0.08434245288372035,0.08434245288372035,0.41256952,0.3068804,0.28055006
423,SHa756SwGJQ$_$2,missing,T,2,1,-0.8105469,1.3359375,1.0302734,-0.30566406,0.366943359375,0.30260417163372033,0.30260417163372033,0.4261577,0.29336607,0.2804762
424,SHa756SwGJQ$_$4,missing,T,0,0,1.6181641,-0.77246094,-1.2216797,2.390625,-0.671875,-0.5284505158662797,-0.5284505158662797,0.5065336,0.26256377,0.23090261
425,SHa756SwGJQ$_$7,missing,T,1,1,0.4501953,1.3232422,-0.6923828,0.8730469,-0.044036865234375,-0.026180008053779666,-0.026180008053779666,0.45071167,0.29685503,0.25243333
426,SHa756SwGJQ$_$6,missing,T,1,1,-0.6845703,1.6455078,0.64208984,1.003418,0.14453125,0.12467448413372034,0.12467448413372034,0.42583305,0.3015333,0.27263364
427,TH32jop4FiI$_$15,missing,T,0,1,0.83496094,1.1464844,-0.9770508,-0.31152344,-0.024169921875,-0.010286453366279664,-0.010286453366279664,0.42152825,0.31408736,0.2643844
428,TH32jop4FiI$_$17,missing,T,2,2,-0.7573242,0.5415039,1.1113281,0.5698242,0.4609375,0.37779948413372033,0.37779948413372033,0.41941705,0.29801154,0.28257143
429,TWszOxkOV0w$_$1,missing,T,0,0,1.7158203,-0.8564453,-1.3115234,2.5722656,-0.8310546875,-0.6557942658662798,-0.6557942658662798,0.5124175,0.25190413,0.23567836
430,TXCXFYIc3Yo$_$16,missing,T,1,2,-0.18566895,0.40698242,0.4699707,-0.06298828,0.2568359375,0.21451823413372034,0.21451823413372034,0.39613703,0.32026133,0.28360158
431,TXCXFYIc3Yo$_$2,missing,T,2,2,-1.3164062,0.7636719,1.7685547,1.0048828,0.6845703125,0.5567057341337204,0.5567057341337204,0.40278313,0.31580928,0.28140756
432,TXCXFYIc3Yo$_$7,missing,T,0,0,0.78759766,-1.0966797,-0.17272949,0.96032715,-0.235107421875,-0.17903645336627969,-0.17903645336627969,0.48154494,0.25354022,0.2649148
433,TXCXFYIc3Yo$_$6,missing,T,2,2,-0.81884766,0.31054688,1.3076172,0.9970703,0.54736328125,0.4469401091337204,0.4469401091337204,0.404667,0.31103572,0.28429726
434,TYJzg5IJN8o$_$11,missing,T,1,0,0.54833984,0.23791504,-0.48291016,-0.3104248,-0.0780029296875,-0.05335285961627967,-0.05335285961627967,0.45623893,0.28061828,0.26314276
435,TYJzg5IJN8o$_$10,missing,T,1,1,0.77978516,1.0947266,-0.9399414,0.3149414,-0.103271484375,-0.07356770336627967,-0.07356770336627967,0.46394017,0.2829528,0.25310704
436,TYJzg5IJN8o$_$14,missing,T,2,2,-1.3505859,-0.00491333,2.1640625,2.1689758,0.9912109375,0.8020182341337203,0.8020182341337203,0.43419194,0.28870884,0.2770992
437,TYJzg5IJN8o$_$0,missing,T,2,1,-0.9296875,1.7851562,1.0214844,-0.7636719,0.2978515625,0.24733073413372034,0.24733073413372034,0.3920056,0.3203504,0.287644
438,TYJzg5IJN8o$_$4,missing,T,2,2,-1.0927734,1.0039062,1.4365234,0.4326172,0.52978515625,0.4328776091337203,0.4328776091337203,0.4078994,0.30814382,0.28395677
439,TYJzg5IJN8o$_$7,missing,T,2,2,-1.4326172,-0.4958496,2.4335938,2.9294434,1.4609375,1.1777994841337203,1.1777994841337203,0.48095563,0.26997507,0.2490693
440,Uc_6d-fkZEc$_$3,missing,T,2,2,-1.5166016,-0.05154419,2.3964844,2.4480286,1.1064453125,0.8942057341337204,0.8942057341337204,0.46747035,0.27091858,0.2616111
441,UlTJmndbGHM$_$1,missing,T,2,2,-1.5839844,-0.018035889,2.5351562,2.5531921,1.267578125,1.0231119841337204,1.0231119841337204,0.46703047,0.2697966,0.26317295
442,UlTJmndbGHM$_$4,missing,T,0,0,2.0800781,-0.5234375,-1.7490234,2.6035156,-1.052734375,-0.8331380158662798,-0.8331380158662798,0.52505046,0.24613108,0.22881845
443,VbV9S4svrTg$_$13,missing,T,2,2,-1.015625,1.2333984,1.3925781,0.15917969,0.248046875,0.20748698413372035,0.20748698413372035,0.3815113,0.3108865,0.3076022
444,VbV9S4svrTg$_$3,missing,T,2,1,-1.03125,1.3388672,1.2978516,-0.041015625,0.362060546875,0.29869792163372033,0.29869792163372033,0.38413408,0.3180064,0.29785946
445,VbV9S4svrTg$_$7,missing,T,2,2,-1.4648438,-0.5864258,2.4882812,3.074707,1.4658203125,1.1817057341337203,1.1817057341337203,0.5181624,0.23866609,0.24317145
446,VbV9S4svrTg$_$8,missing,T,2,2,-0.88427734,1.0683594,1.1503906,0.08203125,0.228271484375,0.19166667163372034,0.19166667163372034,0.38212103,0.32330447,0.29457456
447,VinxKpWioTo$_$1,missing,T,2,2,-1.6074219,-0.42211914,2.5390625,2.9611816,1.431640625,1.1543619841337203,1.1543619841337203,0.49199867,0.25605094,0.2519504
448,VinxKpWioTo$_$0,missing,T,1,1,-1.0244141,1.6757812,1.2060547,0.46972656,0.245361328125,0.20533854663372034,0.20533854663372034,0.38934684,0.32094252,0.28971067
449,VinxKpWioTo$_$3,missing,T,2,2,-1.3378906,0.609375,2.0078125,1.3984375,0.62353515625,0.5078776091337204,0.5078776091337204,0.43914273,0.28969496,0.2711623
450,VinxKpWioTo$_$5,missing,T,2,2,-1.4560547,0.23181152,2.2832031,2.0513916,0.900390625,0.7293619841337203,0.7293619841337203,0.44235775,0.29059228,0.26704997
451,ViyQVpGW05w$_$1,missing,T,2,1,-0.7026367,2.3886719,0.35791016,-2.0307617,0.016326904296875,0.022111007571220337,0.022111007571220337,0.354946,0.35093293,0.2941211
452,ViyQVpGW05w$_$4,missing,T,1,1,-0.012969971,1.7226562,-0.13598633,1.7356262,0.05126953125,0.05006510913372034,0.05006510913372034,0.417507,0.30328903,0.27920398
453,ViyQVpGW05w$_$6,missing,T,0,0,1.6142578,-0.11682129,-1.3974609,1.7310791,-0.6181640625,-0.48548176586627967,-0.48548176586627967,0.49978936,0.26454148,0.23566921
454,Vuay0mVKkik$_$3,missing,T,0,0,2.2636719,-1.3994141,-1.6806641,3.663086,-1.5087890625,-1.1979817658662797,-1.1979817658662797,0.5604432,0.22790143,0.21165535
455,WmQF5RmbsVQ$_$6,missing,T,1,1,-0.7392578,1.9130859,0.68408203,1.2290039,0.225341796875,0.18932292163372036,0.18932292163372036,0.39229828,0.31179076,0.29591095
456,Wrcf2xtqbkQ$_$9,missing,T,1,1,-0.14709473,2.1542969,-0.14245605,2.296753,0.1126708984375,0.09918620288372035,0.09918620288372035,0.39315146,0.32344854,0.28339997
457,Wrcf2xtqbkQ$_$8,missing,T,1,2,-1.140625,1.3779297,1.4462891,-0.068359375,0.33642578125,0.27819010913372033,0.27819010913372033,0.39841828,0.3200174,0.28156438
458,WxajvjGKz7Y$_$0,missing,T,1,1,-0.63623047,2.1699219,0.43920898,1.7307129,0.09222412109375,0.08282878100872033,0.08282878100872033,0.37565967,0.3281428,0.29619753
459,WxajvjGKz7Y$_$3,missing,T,1,1,-0.5493164,1.2919922,0.65234375,0.63964844,0.283935546875,0.23619792163372036,0.23619792163372036,0.41596028,0.3128371,0.27120265
460,WxajvjGKz7Y$_$6,missing,T,1,1,-0.19934082,1.4990234,0.13903809,1.3599854,0.132080078125,0.11471354663372034,0.11471354663372034,0.42806387,0.3041804,0.2677557
461,XIGpuL-Kkyk$_$12,missing,T,2,2,-1.0449219,1.2695312,1.3720703,0.10253906,0.354248046875,0.29244792163372035,0.29244792163372035,0.40911543,0.30251175,0.2883728
462,XIGpuL-Kkyk$_$0,missing,T,0,0,1.0712891,0.8178711,-1.0751953,0.25341797,-0.25,-0.19095051586627967,-0.19095051586627967,0.44530067,0.28500214,0.26969722
463,XIGpuL-Kkyk$_$4,missing,T,2,2,-1.4228516,0.4333496,2.1484375,1.7150879,0.865234375,0.7012369841337204,0.7012369841337204,0.44898596,0.2923708,0.25864324
464,XIGpuL-Kkyk$_$7,missing,T,1,1,-0.4338379,1.7851562,0.37036133,1.4147949,0.07940673828125,0.07257487475872033,0.07257487475872033,0.38115925,0.30584526,0.31299546
465,XaVYxIW0FDg$_$2,missing,T,2,1,-0.3486328,1.1396484,0.38110352,-0.7585449,0.1549072265625,0.13297526538372034,0.13297526538372034,0.39133766,0.3124735,0.29618886
466,XyP8bVmGX6M$_$4,missing,T,2,2,-1.1630859,1.3505859,1.3779297,0.02734375,0.31591796875,0.2617838591337204,0.2617838591337204,0.3905532,0.32961017,0.27983665
467,XzVapdEr_GY$_$3,missing,T,2,2,-1.3935547,-0.53564453,2.4707031,3.0063477,1.51953125,1.2246744841337205,1.2246744841337205,0.51228493,0.24487013,0.24284488
468,XzVapdEr_GY$_$4,missing,T,2,2,-1.5859375,-0.8955078,2.8125,3.7080078,1.859375,1.4965494841337204,1.4965494841337204,0.5430574,0.23432061,0.22262196
469,Y7h-S3cJ52o$_$0,missing,T,1,1,-0.8881836,1.9677734,0.73828125,1.2294922,0.08538818359375,0.07736003100872034,0.07736003100872034,0.37951374,0.32811782,0.29236847
470,Y7qkyMyanjU$_$2,missing,T,1,1,-0.1027832,2.2011719,-0.25927734,2.303955,0.15185546875,0.13053385913372034,0.13053385913372034,0.43484667,0.29366234,0.271491
471,Y7qkyMyanjU$_$4,missing,T,1,1,-0.7939453,2.0390625,0.7426758,1.2963867,0.139892578125,0.12096354663372035,0.12096354663372035,0.41562977,0.30232516,0.28204504
472,YbuG8xyUO-o$_$3,missing,T,1,1,-0.4711914,2.1230469,0.2775879,1.845459,0.051910400390625,0.05057780444622034,0.05057780444622034,0.38807392,0.32545298,0.28647313
473,YbuG8xyUO-o$_$2,missing,T,1,1,-0.32763672,2.328125,-0.003047943,2.331173,0.13671875,0.11842448413372034,0.11842448413372034,0.37985253,0.32900563,0.2911418
474,Z7L3V5bwzI0$_$2,missing,T,2,2,-0.9741211,0.08795166,1.6259766,1.5380249,0.880859375,0.7137369841337203,0.7137369841337203,0.43523374,0.2923783,0.27238795
475,ZaoFHcbRM9g$_$3,missing,T,2,0,0.9692383,-1.2802734,-0.37475586,-1.3439941,-0.306396484375,-0.23606770336627966,-0.23606770336627966,0.5170086,0.24386206,0.23912929
476,ZaoFHcbRM9g$_$2,missing,T,1,0,0.95996094,0.92333984,-1.0117188,-0.036621094,-0.08819580078125,-0.06150715649127966,-0.06150715649127966,0.46829718,0.2707715,0.26093137
477,ZaoFHcbRM9g$_$5,missing,T,1,1,0.44848633,1.2802734,-0.57958984,0.8317871,0.034698486328125,0.036808273196220334,0.036808273196220334,0.4259788,0.29605967,0.27796152
478,ZaoFHcbRM9g$_$9,missing,T,0,0,2.1464844,-0.75146484,-1.8115234,2.8979492,-1.2060546875,-0.9557942658662797,-0.9557942658662797,0.5179555,0.24565396,0.23639056
479,ZaoFHcbRM9g$_$8,missing,T,0,0,2.1679688,-1.3486328,-1.6386719,3.5166016,-1.26953125,-1.0065755158662797,-1.0065755158662797,0.53970355,0.22894025,0.23135619
480,Zvisaa77Cng$_$1,missing,T,2,2,-0.80810547,0.6791992,1.2138672,0.53466797,0.4677734375,0.38326823413372035,0.38326823413372035,0.4223557,0.30287656,0.2747677
481,Zvisaa77Cng$_$5,missing,T,2,2,-0.46313477,0.6279297,0.6459961,0.018066406,0.28662109375,0.23834635913372035,0.23834635913372035,0.39407122,0.30903858,0.2968902
482,_7HVhnSYX1Y$_$26,missing,T,2,2,-1.1630859,1.2060547,1.3779297,0.171875,0.361328125,0.2981119841337203,0.2981119841337203,0.36553314,0.33255136,0.30191553
483,_7HVhnSYX1Y$_$12,missing,T,2,1,-1.0947266,1.4726562,1.2695312,-0.203125,0.293701171875,0.24401042163372036,0.24401042163372036,0.35668522,0.3474635,0.29585126
484,_7HVhnSYX1Y$_$14,missing,T,1,1,-0.5996094,1.2119141,0.6611328,0.55078125,0.1484375,0.12779948413372033,0.12779948413372033,0.38046372,0.3299043,0.28963196
485,_7HVhnSYX1Y$_$19,missing,T,1,1,-0.27685547,1.6025391,0.13549805,1.467041,0.0657958984375,0.06168620288372034,0.06168620288372034,0.40174183,0.30839592,0.28986225
486,_7HVhnSYX1Y$_$31,missing,T,2,2,-1.1611328,0.6088867,1.6884766,1.0795898,0.54736328125,0.4469401091337204,0.4469401091337204,0.42170104,0.29640132,0.2818977
487,_7HVhnSYX1Y$_$3,missing,T,1,1,-1.1025391,1.5722656,1.2744141,0.29785156,0.271240234375,0.22604167163372035,0.22604167163372035,0.37528476,0.3326925,0.29202273
488,_BvNNdEkhZA$_$14,missing,T,0,0,0.47216797,-0.08642578,-0.15539551,0.55859375,0.00682830810546875,0.014512130618095337,0.014512130618095337,0.42212462,0.29570422,0.28217113
489,_BvNNdEkhZA$_$19,missing,T,2,2,-1.2236328,1.0048828,1.6484375,0.6435547,0.53369140625,0.43600260913372035,0.43600260913372035,0.4135759,0.30124688,0.28517723
490,_BvNNdEkhZA$_$7,missing,T,1,1,-0.70703125,1.5859375,0.70214844,0.88378906,0.2413330078125,0.20211589038372035,0.20211589038372035,0.38179097,0.33004493,0.28816405
491,_BvNNdEkhZA$_$6,missing,T,0,0,0.51953125,0.14746094,-0.30737305,0.3720703,-0.05096435546875,-0.03172200024127966,-0.03172200024127966,0.4417773,0.28850004,0.26972267
492,_BvNNdEkhZA$_$9,missing,T,1,1,0.04776001,2.1953125,-0.4675293,2.1475525,0.11224365234375,0.09884440600872034,0.09884440600872034,0.42038828,0.31629568,0.26331604
493,_aZDaIfGfPo$_$1,missing,T,2,2,-1.2636719,-0.3984375,2.0859375,2.484375,1.287109375,1.0387369841337204,1.0387369841337204,0.48985267,0.2514083,0.25873905
494,_aZDaIfGfPo$_$0,missing,T,2,1,-1.0478516,1.9970703,1.0527344,-0.94433594,0.2442626953125,0.20445964038372036,0.20445964038372036,0.3778748,0.33816057,0.2839646
495,_gr7o5ynhnw$_$13,missing,T,1,1,-0.99853516,1.7539062,1.0976562,0.65625,0.2288818359375,0.19215495288372034,0.19215495288372034,0.38557366,0.3178222,0.29660416
496,_gr7o5ynhnw$_$12,missing,T,2,2,-1.2617188,1.1982422,1.6435547,0.4453125,0.405029296875,0.3330729216337204,0.3330729216337204,0.4100174,0.30683568,0.28314698
497,_gr7o5ynhnw$_$15,missing,T,2,2,-1.6230469,-0.9091797,2.828125,3.7373047,1.939453125,1.5606119841337205,1.5606119841337205,0.56025654,0.21961567,0.22012785
498,_gzYkdjNvPc$_$12,missing,T,1,1,-0.9169922,1.4394531,1.1162109,0.3232422,0.32470703125,0.2688151091337203,0.2688151091337203,0.42281502,0.2881199,0.2890651
499,_gzYkdjNvPc$_$17,missing,T,0,0,2.0371094,-1.0869141,-1.5341797,3.1240234,-1.349609375,-1.0706380158662798,-1.0706380158662798,0.5240138,0.25140578,0.22458047
500,_gzYkdjNvPc$_$1,missing,T,0,0,1.4521484,-0.0748291,-1.3505859,1.5269775,-0.6435546875,-0.5057942658662797,-0.5057942658662797,0.4991486,0.2663332,0.23451816
501,_gzYkdjNvPc$_$3,missing,T,1,1,-0.8466797,1.9765625,0.6816406,1.2949219,0.091552734375,0.08229167163372034,0.08229167163372034,0.33610672,0.34810796,0.3157853
502,_gzYkdjNvPc$_$2,missing,T,0,0,2.2207031,-0.7314453,-1.8828125,2.9521484,-1.3173828125,-1.0448567658662797,-1.0448567658662797,0.54536426,0.23432094,0.22031476
503,_gzYkdjNvPc$_$5,missing,T,1,1,-0.5126953,1.7822266,0.43579102,1.3464355,0.12548828125,0.10944010913372035,0.10944010913372035,0.39437625,0.31483638,0.29078734
504,_gzYkdjNvPc$_$4,missing,T,1,1,-0.55566406,1.9951172,0.43676758,1.5583496,0.1268310546875,0.11051432788372034,0.11051432788372034,0.3778603,0.3313483,0.2907914
505,_gzYkdjNvPc$_$6,missing,T,0,0,1.5908203,-0.42944336,-1.3251953,2.0202637,-0.69091796875,-0.5436848908662797,-0.5436848908662797,0.49557915,0.25906697,0.24535389
506,_gzYkdjNvPc$_$9,missing,T,0,1,0.7397461,1.0791016,-0.81933594,-0.33935547,-0.1241455078125,-0.09026692211627967,-0.09026692211627967,0.45620304,0.27905822,0.26473874
507,a-WihYDk6vc$_$8,missing,T,2,1,-0.88427734,1.515625,0.99560547,-0.52001953,0.27734375,0.23092448413372035,0.23092448413372035,0.38019702,0.32004645,0.29975653
508,a-WihYDk6vc$_$0,missing,T,2,2,-1.3652344,1.0039062,1.7958984,0.7919922,0.5087890625,0.4160807341337204,0.4160807341337204,0.41825897,0.30368754,0.2780535
509,aFhc2ddipoM$_$14,missing,T,2,2,-1.4101562,0.90625,2.0390625,1.1328125,0.736328125,0.5981119841337204,0.5981119841337204,0.43749246,0.28524348,0.27726406
510,aK5tRCXjUvU$_$0,missing,T,2,1,-0.9848633,1.9033203,0.9316406,-0.9716797,0.186279296875,0.15807292163372033,0.15807292163372033,0.37022427,0.33704382,0.2927319
511,b-FX9NOVQOM$_$1,missing,T,1,0,0.796875,0.6958008,-0.80029297,-0.10107422,-0.0538330078125,-0.034016922116279665,-0.034016922116279665,0.43003884,0.29784295,0.2721182
512,b-FX9NOVQOM$_$4,missing,T,0,0,2.3144531,-1.6025391,-1.7509766,3.9169922,-1.703125,-1.3534505158662797,-1.3534505158662797,0.5699771,0.22421767,0.20580529
513,b1LEcg6z66g$_$0,missing,T,0,0,0.640625,-0.8676758,-0.12432861,0.7649536,0.0169830322265625,0.02263590991497034,0.02263590991497034,0.49341834,0.26643342,0.24014829
514,b1LEcg6z66g$_$4,missing,T,2,2,-1.2548828,0.22070312,2.0058594,1.7851562,0.873046875,0.7074869841337204,0.7074869841337204,0.4744768,0.26322642,0.26229674
515,b1LEcg6z66g$_$8,missing,T,0,0,2.3183594,-1.3603516,-1.7314453,3.678711,-1.5625,-1.2409505158662797,-1.2409505158662797,0.56278193,0.22834444,0.20887366
516,bAkUEnPoucg$_$3,missing,T,2,2,-1.2490234,-0.42016602,2.171875,2.592041,1.4736328125,1.1879557341337204,1.1879557341337204,0.5298876,0.24093048,0.22918189
517,bNQkb4K5DX0$_$3,missing,T,1,1,-0.41381836,1.6191406,0.38110352,1.2380371,0.209716796875,0.17682292163372035,0.17682292163372035,0.41159773,0.31310377,0.27529848
518,bNQkb4K5DX0$_$7,missing,T,2,2,-1.4482422,0.79345703,2.0078125,1.2143555,0.70361328125,0.5719401091337203,0.5719401091337203,0.41508707,0.30598113,0.2789318
519,bWunvAd96zI$_$1,missing,T,0,1,0.20947266,0.36206055,0.035583496,-0.15258789,0.06365966796875,0.05997721850872034,0.05997721850872034,0.4764369,0.27797675,0.2455863
520,bWunvAd96zI$_$2,missing,T,0,0,1.9072266,-0.12731934,-1.7392578,2.034546,-0.9609375,-0.7597005158662797,-0.7597005158662797,0.5418609,0.23768258,0.22045654
521,bWunvAd96zI$_$5,missing,T,1,1,-0.7788086,1.7900391,0.71191406,1.078125,0.06982421875,0.06490885913372034,0.06490885913372034,0.3978375,0.31005907,0.2921034
522,bWunvAd96zI$_$4,missing,T,2,2,-1.0410156,1.0439453,1.3134766,0.26953125,0.31005859375,0.2570963591337203,0.2570963591337203,0.40825725,0.30454943,0.2871933
523,bj9e8w4vNxo$_$12,missing,T,2,2,-0.3474121,0.03363037,0.7260742,0.69244385,0.359130859375,0.29635417163372035,0.29635417163372035,0.40835962,0.29688028,0.29476008
524,bpvYdXVlgvc$_$1,missing,T,1,1,-0.079589844,1.3730469,-0.053100586,1.4261475,0.06329345703125,0.05968424975872034,0.05968424975872034,0.39619926,0.311366,0.29243472
525,bpvYdXVlgvc$_$3,missing,T,0,0,0.92041016,0.11193848,-0.8100586,0.8084717,-0.08807373046875,-0.06140950024127967,-0.06140950024127967,0.45330903,0.2945196,0.25217143
526,bpvYdXVlgvc$_$4,missing,T,0,0,1.7089844,-0.14440918,-1.5439453,1.8533936,-0.72900390625,-0.5741536408662797,-0.5741536408662797,0.509578,0.25494212,0.23547988
527,bpvYdXVlgvc$_$6,missing,T,0,0,1.4697266,-0.50097656,-1.0732422,1.9707031,-0.5322265625,-0.4167317658662797,-0.4167317658662797,0.49058324,0.2636771,0.24573961
528,c1a1y9ytHH0$_$0,missing,T,1,1,-0.5786133,1.8818359,0.5102539,1.371582,0.1580810546875,0.13551432788372034,0.13551432788372034,0.39965993,0.31638852,0.28395152
529,c1a1y9ytHH0$_$3,missing,T,1,1,-0.5415039,2.0117188,0.39038086,1.6213379,0.120849609375,0.10572917163372034,0.10572917163372034,0.37818724,0.33396542,0.28784734
530,c1a1y9ytHH0$_$7,missing,T,2,2,-1.2138672,1.3037109,1.5390625,0.23535156,0.381591796875,0.31432292163372033,0.31432292163372033,0.4029723,0.320822,0.27620563
531,c5cB7AfVgcE$_$12,missing,T,2,2,-1.1210938,0.17626953,1.7519531,1.5756836,0.6669921875,0.5426432341337203,0.5426432341337203,0.42943308,0.28943148,0.2811354
532,c5cB7AfVgcE$_$5,missing,T,0,0,1.5957031,-1.9677734,-0.7397461,2.3354492,-0.96875,-0.7659505158662797,-0.7659505158662797,0.5681598,0.21419899,0.21764125
533,d8BR6hsvzoY$_$1,missing,T,1,1,-1.0039062,1.3291016,1.1162109,0.21289062,0.312255859375,0.2588541716337204,0.2588541716337204,0.36942407,0.3429201,0.2876558
534,d8BR6hsvzoY$_$0,missing,T,1,1,-0.2064209,2.3164062,-0.18798828,2.5043945,0.0916748046875,0.08238932788372035,0.08238932788372035,0.38619107,0.31976473,0.2940442
535,d8BR6hsvzoY$_$2,missing,T,1,1,-1.0214844,1.3730469,1.1132812,0.25976562,0.27001953125,0.22506510913372035,0.22506510913372035,0.3571535,0.3437502,0.29909632
536,d8BR6hsvzoY$_$5,missing,T,1,1,-0.4880371,1.9296875,0.34838867,1.5812988,0.1727294921875,0.14723307788372034,0.14723307788372034,0.39853248,0.3138616,0.2876059
537,d8BR6hsvzoY$_$6,missing,T,1,1,-0.28930664,2.2207031,-0.04650879,2.267212,0.08050537109375,0.07345378100872034,0.07345378100872034,0.39520654,0.30913657,0.2956569
538,d8BR6hsvzoY$_$9,missing,T,1,1,-0.41577148,1.8701172,0.19030762,1.6798096,0.110595703125,0.09752604663372035,0.09752604663372035,0.39496097,0.3275465,0.27749255
539,d8BR6hsvzoY$_$8,missing,T,0,0,0.87939453,-0.51708984,-0.46875,1.3481445,-0.140380859375,-0.10325520336627966,-0.10325520336627966,0.45408165,0.28694275,0.2589756
540,dBWvtPeHpWM$_$4,missing,T,2,1,0.029388428,0.21679688,0.12365723,-0.09313965,0.188720703125,0.16002604663372036,0.16002604663372036,0.3936236,0.31832364,0.2880528
541,dEDbm2ubVRQ$_$0,missing,T,1,1,-0.5214844,2.1816406,0.38500977,1.7966309,0.176025390625,0.14986979663372035,0.14986979663372035,0.39497805,0.32148218,0.28353974
542,dEDbm2ubVRQ$_$3,missing,T,0,0,0.99072266,0.3449707,-0.7602539,0.64575195,-0.12286376953125,-0.08924153149127967,-0.08924153149127967,0.47368234,0.27498424,0.2513334
543,dEDbm2ubVRQ$_$8,missing,T,2,1,-0.8901367,1.8994141,0.8256836,-1.0737305,0.11370849609375,0.10001628100872034,0.10001628100872034,0.35986313,0.34325433,0.2968825
544,dt641WxonBI$_$1,missing,T,2,1,-0.81884766,1.9951172,0.69384766,-1.3012695,0.1396484375,0.12076823413372034,0.12076823413372034,0.3911245,0.31904247,0.28983307
545,dt641WxonBI$_$3,missing,T,1,1,-0.3708496,1.5830078,0.42016602,1.1628418,0.18115234375,0.15397135913372034,0.15397135913372034,0.3928975,0.31854528,0.28855732
546,eOiC1kb17P4$_$0,missing,T,2,2,-1.0205078,0.515625,1.4355469,0.9199219,0.69384765625,0.5641276091337203,0.5641276091337203,0.45989218,0.2689096,0.27119818
547,erNDEjQeox8$_$12,missing,T,2,2,-0.34350586,-1.3427734,1.1494141,1.4929199,0.875,0.7090494841337204,0.7090494841337204,0.5033509,0.241907,0.25474215
548,ewBrNsyY82Q$_$4,missing,T,1,1,-0.26342773,1.2900391,0.27172852,1.0183105,0.130859375,0.11373698413372034,0.11373698413372034,0.40639177,0.30449998,0.28910828
549,fWOIAxzBQFY$_$12,missing,T,1,1,-0.51953125,2.1367188,0.26733398,1.8693848,0.157958984375,0.13541667163372034,0.13541667163372034,0.35822862,0.3498862,0.2918852
550,fWOIAxzBQFY$_$5,missing,T,2,2,-1.2685547,0.9902344,1.7080078,0.71777344,0.546875,0.4465494841337203,0.4465494841337203,0.4233654,0.299455,0.27717966
551,fWOIAxzBQFY$_$7,missing,T,2,1,-1.0136719,1.5986328,1.0703125,-0.5283203,0.2156982421875,0.18160807788372035,0.18160807788372035,0.40165457,0.33014902,0.26819643
552,f_ZJ7L14oYQ$_$11,missing,T,2,2,-0.7558594,0.5708008,1.0673828,0.49658203,0.45556640625,0.37350260913372035,0.37350260913372035,0.40904963,0.30231774,0.2886326
553,f_ZJ7L14oYQ$_$27,missing,T,2,2,-0.62841797,0.14916992,1.0488281,0.8996582,0.66748046875,0.5430338591337204,0.5430338591337204,0.44160458,0.28911498,0.2692804
554,f_ZJ7L14oYQ$_$21,missing,T,0,0,2.2714844,-1.5234375,-1.5439453,3.7949219,-1.5,-1.1909505158662799,-1.1909505158662799,0.5256329,0.2503762,0.22399092
555,f_ZJ7L14oYQ$_$17,missing,T,0,0,0.89990234,0.5126953,-0.88916016,0.38720703,-0.24462890625,-0.18665364086627967,-0.18665364086627967,0.4282381,0.30473787,0.26702404
556,f_ZJ7L14oYQ$_$9,missing,T,0,2,-0.06506348,-0.41333008,0.5107422,-0.57580566,0.2705078125,0.22545573413372036,0.22545573413372036,0.39922175,0.30550134,0.29527688
557,f_ZJ7L14oYQ$_$8,missing,T,2,1,-0.21459961,0.46948242,0.38305664,-0.08642578,0.312744140625,0.25924479663372035,0.25924479663372035,0.395987,0.3212545,0.28275853
558,ffrJ91swyq0$_$1,missing,T,2,2,-1.5478516,-0.013519287,2.3867188,2.400238,1.193359375,0.9637369841337203,0.9637369841337203,0.48519388,0.26230124,0.2525049
559,g8Cl74tS3oY$_$2,missing,T,0,0,1.0068359,0.12194824,-0.85058594,0.8848877,-0.1651611328125,-0.12307942211627967,-0.12307942211627967,0.47105217,0.27313176,0.2558161
560,g8Cl74tS3oY$_$6,missing,T,2,2,-1.4111328,-0.5625,2.3671875,2.9296875,1.4609375,1.1777994841337203,1.1777994841337203,0.48818967,0.262072,0.24973838
561,gR4gM_WXesQ$_$10,missing,T,1,1,0.08459473,1.5869141,-0.23486328,1.5023193,0.0399169921875,0.04098307788372034,0.04098307788372034,0.42023256,0.3072029,0.27256456
562,gR4gM_WXesQ$_$26,missing,T,0,0,1.7666016,0.04458618,-1.5722656,1.7220154,-0.646484375,-0.5081380158662797,-0.5081380158662797,0.4982347,0.26647732,0.23528801
563,gR4gM_WXesQ$_$20,missing,T,2,2,-0.74121094,0.5991211,1.0146484,0.41552734,0.40478515625,0.33287760913372033,0.33287760913372033,0.41456547,0.29310516,0.29232937
564,gR4gM_WXesQ$_$24,missing,T,1,1,0.78759766,1.0810547,-0.8461914,0.29345703,-0.11151123046875,-0.08015950024127967,-0.08015950024127967,0.4514328,0.27552888,0.27303833
565,gR4gM_WXesQ$_$18,missing,T,0,0,1.8818359,-0.54296875,-1.4580078,2.4248047,-0.67431640625,-0.5304036408662797,-0.5304036408662797,0.50388956,0.25220498,0.24390544
566,gR4gM_WXesQ$_$3,missing,T,0,0,1.5478516,-0.36547852,-1.3017578,1.9133301,-0.46923828125,-0.36634114086627967,-0.36634114086627967,0.5049284,0.25972056,0.23535104
567,gR4gM_WXesQ$_$4,missing,T,2,2,-1.5253906,0.5419922,2.1054688,1.5634766,0.8251953125,0.6692057341337203,0.6692057341337203,0.42991164,0.30170628,0.26838204
568,gR4gM_WXesQ$_$8,missing,T,2,2,-0.7944336,0.515625,1.109375,0.59375,0.49560546875,0.4055338591337203,0.4055338591337203,0.44756892,0.28970394,0.26272717
569,gVqs4TzqySw$_$1,missing,T,2,2,-0.91748047,-0.3112793,1.7978516,2.1091309,1.1689453125,0.9442057341337203,0.9442057341337203,0.45945382,0.27422208,0.26632407
570,gVqs4TzqySw$_$3,missing,T,1,1,-0.42163086,1.4521484,0.37573242,1.076416,0.23095703125,0.19381510913372035,0.19381510913372035,0.4110775,0.31616047,0.27276206
571,gVqs4TzqySw$_$2,missing,T,2,1,-0.85791016,1.4755859,0.98583984,-0.4897461,0.2587890625,0.21608073413372034,0.21608073413372034,0.3931287,0.31858575,0.28828558
572,gVqs4TzqySw$_$4,missing,T,1,1,-0.63427734,1.8183594,0.44213867,1.3762207,0.1800537109375,0.15309245288372034,0.15309245288372034,0.3956058,0.3134959,0.2908983
573,goMtnNHQ_z4$_$1,missing,T,2,1,-0.97314453,1.8242188,0.9609375,-0.86328125,0.22119140625,0.18600260913372035,0.18600260913372035,0.35987616,0.3414961,0.29862773
574,goMtnNHQ_z4$_$2,missing,T,2,2,-1.1923828,-0.6953125,2.2304688,2.9257812,1.462890625,1.1793619841337204,1.1793619841337204,0.4872342,0.26237312,0.25039268
575,goMtnNHQ_z4$_$13,missing,T,2,2,-1.3066406,-0.12658691,2.0996094,2.2261963,1.1201171875,0.9051432341337203,0.9051432341337203,0.44676661,0.2920801,0.26115325
576,goMtnNHQ_z4$_$12,missing,T,1,1,-0.4765625,2.2050781,0.20227051,2.0028076,0.09033203125,0.08131510913372034,0.08131510913372034,0.37950188,0.33901104,0.28148708
577,hqzF4IDaIYE$_$0,missing,T,0,0,1.4902344,-0.49438477,-1.2080078,1.9846191,-0.5869140625,-0.46048176586627965,-0.46048176586627965,0.47916344,0.27339613,0.24744037
578,hqzF4IDaIYE$_$3,missing,T,2,2,-1.1650391,0.6298828,1.7412109,1.1113281,0.6513671875,0.5301432341337203,0.5301432341337203,0.4361116,0.28949016,0.27439824
579,hqzF4IDaIYE$_$2,missing,T,2,2,-1.2529297,0.039154053,1.9892578,1.9501038,0.90380859375,0.7320963591337204,0.7320963591337204,0.45216832,0.2751077,0.27272397
580,hqzF4IDaIYE$_$4,missing,T,1,1,-0.48950195,2.0566406,0.40161133,1.6550293,0.05511474609375,0.05314128100872034,0.05314128100872034,0.38708097,0.31964925,0.29326975
581,hqzF4IDaIYE$_$6,missing,T,2,1,0.6069336,0.85546875,-0.7104492,-1.565918,0.031005859375,0.03385417163372034,0.03385417163372034,0.3939849,0.30305052,0.30296457
582,hvfaYsv7p8E$_$0,missing,T,0,0,1.8076172,-0.86816406,-1.3544922,2.6757812,-0.8369140625,-0.6604817658662797,-0.6604817658662797,0.4919921,0.27052256,0.23748536
583,iUXqlrui25c$_$10,missing,T,0,0,1.6044922,-0.52734375,-1.2822266,2.131836,-0.57568359375,-0.4514973908662797,-0.4514973908662797,0.47962514,0.26290742,0.25746748
584,iUXqlrui25c$_$21,missing,T,1,1,-0.10864258,0.92089844,0.10253906,0.8183594,0.1051025390625,0.09313151538372035,0.09313151538372035,0.3982893,0.3185974,0.2831133
585,iUXqlrui25c$_$23,missing,T,1,1,-0.47802734,1.5224609,0.5498047,0.97265625,0.195068359375,0.16510417163372035,0.16510417163372035,0.37728715,0.32682016,0.2958927
586,icbUzboLcDQ$_$0,missing,T,2,2,-1.4990234,-0.20959473,2.4804688,2.6900635,1.26171875,1.0184244841337204,1.0184244841337204,0.47906312,0.27493542,0.24600145
587,ioupaiAuRr0$_$5,missing,T,2,2,-1.3037109,1.0449219,1.7744141,0.7294922,0.490234375,0.40123698413372033,0.40123698413372033,0.41765836,0.3000987,0.28224292
588,ioupaiAuRr0$_$4,missing,T,1,2,-0.79589844,0.875,1.1259766,-0.25097656,0.468017578125,0.3834635466337204,0.3834635466337204,0.40303332,0.30414122,0.29282546
589,jICmfLeFymA$_$16,missing,T,2,2,-1.6455078,0.24255371,2.4472656,2.204712,1.048828125,0.8481119841337204,0.8481119841337204,0.44089198,0.29905027,0.2600577
590,jPrEKz1rAno$_$11,missing,T,1,1,-0.76464844,1.8544922,0.75341797,1.1010742,0.10595703125,0.09381510913372035,0.09381510913372035,0.38462102,0.3248652,0.29051378
591,jPrEKz1rAno$_$7,missing,T,1,1,-0.6425781,1.4501953,0.6948242,0.7553711,0.316162109375,0.2619791716337203,0.2619791716337203,0.4164603,0.2945331,0.28900662
592,jPrEKz1rAno$_$6,missing,T,1,1,-0.22790527,1.9589844,0.023071289,1.9359131,0.146484375,0.12623698413372034,0.12623698413372034,0.39983514,0.3188881,0.28127673
593,k5ZOshC2LP4$_$1,missing,T,1,1,0.53808594,0.5541992,-0.6152344,0.016113281,0.04986572265625,0.04894206225872034,0.04894206225872034,0.43639576,0.30059317,0.26301104
594,kbGhEJ4W44o$_$0,missing,T,0,0,1.3408203,-0.51953125,-1.0419922,1.8603516,-0.421875,-0.3284505158662797,-0.3284505158662797,0.4747709,0.2665971,0.25863203
595,kfsO4c0Ekes$_$7,missing,T,2,2,-1.5058594,-0.96191406,2.7285156,3.6904297,1.841796875,1.4824869841337205,1.4824869841337205,0.50842035,0.25668323,0.23489645
596,kvUb78Rdzdc$_$3,missing,T,2,2,-1.2548828,-1.2646484,2.4570312,3.711914,1.908203125,1.5356119841337204,1.5356119841337204,0.54602414,0.22783676,0.22613907
597,lO87-4Kf0cQ$_$2,missing,T,1,1,-0.5493164,2.1660156,0.33129883,1.8347168,0.102294921875,0.09088542163372035,0.09088542163372035,0.37120682,0.33727252,0.29152066
598,lO87-4Kf0cQ$_$5,missing,T,1,1,-0.48999023,1.8720703,0.32104492,1.5510254,0.1334228515625,0.11578776538372035,0.11578776538372035,0.37646145,0.33730027,0.28623825
599,lWf5hHRHIDs$_$11,missing,T,2,2,-1.2597656,0.8183594,1.8134766,0.9951172,0.5263671875,0.43014323413372035,0.43014323413372035,0.4311799,0.29101905,0.27780107
600,lawHYX5eB20$_$1,missing,T,0,0,0.80126953,0.66552734,-0.7583008,0.13574219,-0.058135986328125,-0.03745930492877966,-0.03745930492877966,0.44378677,0.2850444,0.2711689
601,lawHYX5eB20$_$2,missing,T,1,1,-0.85546875,1.6113281,0.92626953,0.6850586,0.1802978515625,0.15328776538372035,0.15328776538372035,0.3593887,0.34743422,0.29317707
602,mHGaQ_nv9UY$_$13,missing,T,1,2,-0.375,0.122680664,0.76904297,-0.6463623,0.505859375,0.4137369841337204,0.4137369841337204,0.5033323,0.25210962,0.24455813
603,mHGaQ_nv9UY$_$14,missing,T,2,2,-0.8300781,1.0390625,1.0917969,0.052734375,0.468017578125,0.3834635466337204,0.3834635466337204,0.42831367,0.30475,0.2669363
604,mHGaQ_nv9UY$_$17,missing,T,1,1,0.25756836,0.78125,-0.24731445,0.52368164,0.018829345703125,0.024112960696220338,0.024112960696220338,0.44832292,0.29271588,0.25896126
605,mHGaQ_nv9UY$_$22,missing,T,0,0,1.9726562,-0.87841797,-1.4726562,2.8510742,-1.029296875,-0.8143880158662797,-0.8143880158662797,0.5177381,0.24080497,0.2414569
606,mHGaQ_nv9UY$_$5,missing,T,0,2,0.21472168,-0.8730469,0.31860352,-0.103881836,0.4091796875,0.33639323413372035,0.33639323413372035,0.54797375,0.23265365,0.21937265
607,mHGaQ_nv9UY$_$4,missing,T,0,0,2.3261719,-1.2460938,-1.9248047,3.5722656,-1.73828125,-1.3815755158662797,-1.3815755158662797,0.5869211,0.22225812,0.19082078
608,mLW-jn67gRE$_$20,missing,T,2,2,-1.53125,0.8730469,1.9697266,1.0966797,0.607421875,0.49498698413372033,0.49498698413372033,0.41930565,0.30922905,0.27146527
609,mLW-jn67gRE$_$17,missing,T,2,2,-0.09387207,-0.33447266,0.5073242,0.6011963,0.431640625,0.35436198413372033,0.35436198413372033,0.5077387,0.25763237,0.23462892
610,mLW-jn67gRE$_$1,missing,T,1,1,0.15637207,1.5458984,-0.34814453,1.3895264,0.1107177734375,0.09762370288372034,0.09762370288372034,0.43826616,0.29956985,0.262164
611,mLW-jn67gRE$_$3,missing,T,1,1,-0.60253906,2.0214844,0.5205078,1.5009766,0.158203125,0.13561198413372033,0.13561198413372033,0.36949155,0.33988255,0.2906259
612,mLW-jn67gRE$_$5,missing,T,1,1,-0.89746094,1.7314453,0.9013672,0.8300781,0.2391357421875,0.20035807788372034,0.20035807788372034,0.37704647,0.33672297,0.28623053
613,mLW-jn67gRE$_$6,missing,T,0,0,1.6298828,-0.25048828,-1.3310547,1.8803711,-0.625,-0.4909505158662797,-0.4909505158662797,0.5191763,0.2550235,0.2258001
614,mLW-jn67gRE$_$9,missing,T,1,1,0.49731445,0.60791016,-0.49389648,0.1105957,0.06866455078125,0.06398112475872034,0.06398112475872034,0.46092966,0.2807733,0.25829706
615,mjpCK2Edsv8$_$0,missing,T,2,2,-1.6337891,-1.0146484,2.7558594,3.7705078,1.9833984375,1.5957682341337205,1.5957682341337205,0.5635819,0.21801935,0.21839878
616,nUZYqTRSGDw$_$4,missing,T,0,0,2.375,-1.2597656,-1.7763672,3.6347656,-1.544921875,-1.2268880158662798,-1.2268880158662798,0.55767584,0.23155822,0.21076594
617,nyzIL6YAonY$_$5,missing,T,2,2,-1.6083984,0.20471191,2.2558594,2.0511475,0.98046875,0.7934244841337204,0.7934244841337204,0.4549735,0.28850546,0.25652105
618,nyzIL6YAonY$_$6,missing,T,2,2,-1.109375,0.98535156,1.4746094,0.4892578,0.53955078125,0.4406901091337203,0.4406901091337203,0.39404052,0.3181866,0.28777286
619,ooAF6I-fmTg$_$3,missing,T,0,1,0.2208252,0.83251953,-0.14904785,-0.61169434,0.0223388671875,0.026920577883720338,0.026920577883720338,0.4475491,0.29493603,0.2575148
620,ooAF6I-fmTg$_$5,missing,T,0,1,0.33862305,0.89746094,-0.41601562,-0.5588379,-0.11553955078125,-0.08338215649127967,-0.08338215649127967,0.45993084,0.27606642,0.26400274
621,ooAF6I-fmTg$_$7,missing,T,0,0,2.0527344,-0.79833984,-1.6679688,2.8510742,-1.0234375,-0.8097005158662798,-0.8097005158662798,0.5160324,0.25568235,0.2282853
622,pOrk7fl1AYo$_$1,missing,T,1,1,0.19006348,1.5839844,-0.4560547,1.3939209,0.0063018798828125,0.014090988039970338,0.014090988039970338,0.43316066,0.30865797,0.25818133
623,pOrk7fl1AYo$_$3,missing,T,2,2,-0.8408203,-0.36401367,1.6142578,1.9782715,1.1220703125,0.9067057341337204,0.9067057341337204,0.5091234,0.25658876,0.23428784
624,pOrk7fl1AYo$_$2,missing,T,0,1,0.75390625,1.5302734,-0.9790039,-0.7763672,-0.0645751953125,-0.04261067211627967,-0.04261067211627967,0.46243337,0.28537297,0.25219366
625,pOrk7fl1AYo$_$4,missing,T,0,0,1.6865234,-0.5078125,-1.3095703,2.194336,-0.4970703125,-0.38860676586627974,-0.38860676586627974,0.48030964,0.2753366,0.2443538
626,q9yDL81QppI$_$1,missing,T,1,1,-0.80615234,2.03125,0.70751953,1.3237305,0.14111328125,0.12194010913372035,0.12194010913372035,0.3703804,0.3413198,0.28829983
627,q9yDL81QppI$_$0,missing,T,1,1,-0.6826172,1.4541016,0.7729492,0.68115234,0.19189453125,0.16256510913372035,0.16256510913372035,0.3824995,0.32074064,0.2967599
628,q9yDL81QppI$_$2,missing,T,1,1,-0.91845703,1.7041016,0.9794922,0.7246094,0.2493896484375,0.20856120288372035,0.20856120288372035,0.37999043,0.32693878,0.29307076
629,qK77ZmbqmOM$_$9,missing,T,1,1,-0.11682129,1.2802734,0.05090332,1.2293701,0.1534423828125,0.13180339038372035,0.13180339038372035,0.4068538,0.3105307,0.28261548
630,qK77ZmbqmOM$_$0,missing,T,1,1,-0.5649414,1.8261719,0.46948242,1.3566895,0.220458984375,0.18541667163372036,0.18541667163372036,0.37662014,0.32861573,0.2947641
631,qY1sXq-YCHs$_$8,missing,T,0,1,0.61376953,0.9951172,-0.63623047,-0.38134766,-0.002986907958984375,0.0066599577665328365,0.0066599577665328365,0.46062034,0.28557613,0.2538035
632,qmMSumMloAs$_$1,missing,T,2,2,-1.7021484,-0.67529297,2.7851562,3.4604492,1.7724609375,1.4270182341337203,1.4270182341337203,0.5253912,0.24146862,0.2331402
633,qmMSumMloAs$_$3,missing,T,2,2,-1.5888672,-0.9423828,2.8652344,3.8076172,1.892578125,1.5231119841337204,1.5231119841337204,0.5283394,0.23994572,0.2317149
634,qmMSumMloAs$_$2,missing,T,2,2,-1.1455078,-1.5947266,2.421875,3.5673828,2.138671875,1.7199869841337203,1.7199869841337203,0.5981982,0.20307097,0.19873075
635,r13W4H8ZhqI$_$12,missing,T,1,1,-0.0034484863,1.3847656,-0.10510254,1.3882141,0.092041015625,0.08268229663372034,0.08268229663372034,0.38709784,0.324185,0.28871715
636,r13W4H8ZhqI$_$1,missing,T,2,2,-0.97753906,1.015625,1.3212891,0.30566406,0.37158203125,0.3063151091337204,0.3063151091337204,0.40862304,0.3033125,0.2880644
637,r13W4H8ZhqI$_$5,missing,T,1,1,-0.6303711,2.0371094,0.4248047,1.6123047,0.0838623046875,0.07613932788372034,0.07613932788372034,0.3541595,0.34788308,0.29795742
638,r13W4H8ZhqI$_$8,missing,T,2,2,-1.0712891,0.73339844,1.5068359,0.7734375,0.5205078125,0.4254557341337204,0.4254557341337204,0.3993368,0.31215358,0.28850958
639,r5ijC2W9ddk$_$8,missing,T,2,2,-1.421875,0.50439453,2.0351562,1.5307617,0.9208984375,0.7457682341337204,0.7457682341337204,0.4415195,0.2923849,0.26609564
640,r5ijC2W9ddk$_$0,missing,T,1,1,0.43408203,1.6123047,-0.7011719,1.1782227,0.043701171875,0.04401042163372034,0.04401042163372034,0.4360591,0.29612708,0.2678138
641,r9tgDqXEcuc$_$4,missing,T,1,1,-0.84228516,1.6162109,0.8911133,0.72509766,0.26806640625,0.22350260913372036,0.22350260913372036,0.38227415,0.33473006,0.28299582
642,rf0yDSeVEUA$_$1,missing,T,2,2,-1.5185547,-0.43237305,2.4863281,2.9187012,1.3642578125,1.1004557341337204,1.1004557341337204,0.5015999,0.24982984,0.24857026
643,rf0yDSeVEUA$_$0,missing,T,2,2,-1.6337891,-0.36547852,2.6835938,3.0490723,1.5439453125,1.2442057341337205,1.2442057341337205,0.5086402,0.25571027,0.23564948
644,rf0yDSeVEUA$_$3,missing,T,2,0,0.9995117,-1.8154297,-0.29223633,-1.291748,-0.419921875,-0.3268880158662797,-0.3268880158662797,0.55587226,0.21628064,0.2278471
645,rojyUp4FPSg$_$26,missing,T,2,2,-1.2841797,1.1669922,1.5751953,0.40820312,0.428466796875,0.3518229216337203,0.3518229216337203,0.40956923,0.30012706,0.29030368
646,rojyUp4FPSg$_$20,missing,T,2,2,-0.056671143,-0.57958984,0.6020508,0.6587219,0.63427734375,0.5164713591337203,0.5164713591337203,0.43381214,0.28659868,0.27958918
647,rojyUp4FPSg$_$21,missing,T,2,2,-1.328125,-1.0703125,2.4726562,3.5429688,1.958984375,1.5762369841337205,1.5762369841337205,0.57432723,0.21409506,0.21157773
648,rojyUp4FPSg$_$23,missing,T,2,2,-1.0644531,-0.52441406,1.8916016,2.4160156,1.365234375,1.1012369841337204,1.1012369841337204,0.53123516,0.22597718,0.24278763
649,rojyUp4FPSg$_$5,missing,T,1,1,-0.69873047,1.9189453,0.56689453,1.3520508,0.1153564453125,0.10133464038372034,0.10133464038372034,0.38561642,0.32676393,0.28761962
650,rojyUp4FPSg$_$7,missing,T,2,2,-1.4345703,0.6113281,2.0097656,1.3984375,0.7265625,0.5902994841337204,0.5902994841337204,0.4309392,0.2882015,0.2808593
651,rojyUp4FPSg$_$9,missing,T,0,0,1.9794922,-1.2744141,-1.3457031,3.2539062,-0.9287109375,-0.7339192658662798,-0.7339192658662798,0.5169916,0.25275445,0.23025392
652,rojyUp4FPSg$_$10,missing,T,2,2,-1.1523438,-0.016326904,1.8994141,1.915741,1.041015625,0.8418619841337204,0.8418619841337204,0.45435825,0.27758905,0.2680527
653,rojyUp4FPSg$_$12,missing,T,2,2,-1.3818359,-0.70458984,2.328125,3.0327148,1.609375,1.2965494841337204,1.2965494841337204,0.47887978,0.2655325,0.2555877
654,rojyUp4FPSg$_$16,missing,T,2,1,-0.9321289,1.3720703,1.0878906,-0.2841797,0.2197265625,0.18483073413372034,0.18483073413372034,0.38449663,0.31572348,0.29977992
655,rojyUp4FPSg$_$18,missing,T,2,1,-0.81396484,1.6025391,0.85839844,-0.7441406,0.18505859375,0.15709635913372033,0.15709635913372033,0.38649416,0.32246244,0.2910434
656,rojyUp4FPSg$_$37,missing,T,2,2,-1.4541016,0.89453125,1.7080078,0.81347656,0.5224609375,0.4270182341337203,0.4270182341337203,0.3948827,0.32819963,0.27691767
657,rojyUp4FPSg$_$36,missing,T,2,2,-1.2226562,-0.88378906,2.2421875,3.1259766,1.640625,1.3215494841337203,1.3215494841337203,0.5465708,0.23840992,0.21501932
658,rojyUp4FPSg$_$34,missing,T,2,1,-1.3242188,1.4853516,1.4179688,-0.06738281,0.35693359375,0.2945963591337204,0.2945963591337204,0.38876152,0.32039103,0.29084745
659,rojyUp4FPSg$_$32,missing,T,2,2,-1.5146484,-0.41235352,2.4335938,2.8459473,1.564453125,1.2606119841337204,1.2606119841337204,0.5213544,0.2404436,0.23820204
660,rwNlqh0k1j4$_$15,missing,T,2,2,-1.2275391,-0.12927246,1.9638672,2.0931396,1.0,0.8090494841337204,0.8090494841337204,0.44390446,0.28310502,0.27299055
661,rwNlqh0k1j4$_$3,missing,T,0,0,2.4316406,-1.2382812,-1.8671875,3.6699219,-1.546875,-1.2284505158662797,-1.2284505158662797,0.577367,0.22286104,0.19977199
662,rwNlqh0k1j4$_$2,missing,T,2,1,-0.94091797,1.2998047,1.1572266,-0.14257812,0.302978515625,0.25143229663372035,0.25143229663372035,0.40942207,0.30777135,0.28280655
663,rwNlqh0k1j4$_$7,missing,T,0,0,1.2724609,0.05166626,-1.1240234,1.2207947,-0.359375,-0.27845051586627967,-0.27845051586627967,0.48647818,0.26673788,0.24678393
664,sC16n1k66io$_$2,missing,T,2,2,-1.1572266,-0.26000977,1.9833984,2.2434082,1.0810546875,0.8738932341337203,0.8738932341337203,0.46797815,0.26542875,0.26659313
665,sC16n1k66io$_$16,missing,T,2,2,-1.2324219,0.064697266,1.9755859,1.9108887,1.03515625,0.8371744841337203,0.8371744841337203,0.48054355,0.26441815,0.25503835
666,sPremsknoLM$_$1,missing,T,1,1,-0.022369385,2.0683594,-0.40112305,2.0907288,0.0163116455078125,0.022098800539970338,0.022098800539970338,0.4302272,0.29047036,0.27930245
667,ssqiwP19JhM$_$10,missing,T,0,0,0.7519531,0.39501953,-0.60009766,0.3569336,-0.0894775390625,-0.06253254711627966,-0.06253254711627966,0.49253744,0.25576386,0.2516987
668,ssqiwP19JhM$_$2,missing,T,1,1,-0.58935547,2.1601562,0.3852539,1.7749023,0.10400390625,0.09225260913372034,0.09225260913372034,0.36430284,0.34083644,0.29486075
669,szic2IB9HB4$_$5,missing,T,0,0,1.1064453,0.9511719,-1.1904297,0.15527344,-0.2259521484375,-0.17171223461627969,-0.17171223461627969,0.46294376,0.28140292,0.25565335
670,tQ-CIfgj-Js$_$3,missing,T,1,1,0.5151367,0.83496094,-0.4777832,0.31982422,-0.0306243896484375,-0.015450027585029665,-0.015450027585029665,0.43184665,0.2801007,0.28805268
671,tXQpm-nKxNA$_$5,missing,T,2,2,-1.453125,-1.0478516,2.6835938,3.7314453,1.966796875,1.5824869841337204,1.5824869841337204,0.5651805,0.22872026,0.20609933
672,tXQpm-nKxNA$_$7,missing,T,2,2,-1.3222656,-0.6875,2.4179688,3.1054688,1.5146484375,1.2207682341337205,1.2207682341337205,0.4847505,0.26129398,0.25395554
673,uacdDoBtT1k$_$0,missing,T,0,0,2.375,-1.2089844,-1.8798828,3.5839844,-1.669921875,-1.3268880158662797,-1.3268880158662797,0.60708463,0.19789281,0.19502254
674,uacdDoBtT1k$_$6,missing,T,0,0,1.7392578,-0.63720703,-1.3583984,2.3764648,-0.69921875,-0.5503255158662798,-0.5503255158662798,0.49872977,0.25676227,0.24450795
675,unNY4zIk8MM$_$1,missing,T,2,2,-1.4208984,-1.1005859,2.6015625,3.7021484,1.955078125,1.5731119841337204,1.5731119841337204,0.5535426,0.22943735,0.21702
676,unNY4zIk8MM$_$3,missing,T,2,2,-1.1416016,1.1201172,1.5068359,0.38671875,0.38818359375,0.3195963591337203,0.3195963591337203,0.37700763,0.3252531,0.29773927
677,unNY4zIk8MM$_$5,missing,T,2,2,-1.2685547,0.99902344,1.7275391,0.7285156,0.5869140625,0.4785807341337204,0.4785807341337204,0.41346473,0.30822465,0.2783107
678,unNY4zIk8MM$_$8,missing,T,1,1,-0.5205078,2.109375,0.26904297,1.840332,0.1392822265625,0.12047526538372035,0.12047526538372035,0.40203995,0.31337243,0.28458762
679,uooIiW6dEyg$_$1,missing,T,0,0,2.3027344,-1.2470703,-1.7861328,3.5498047,-1.51171875,-1.2003255158662798,-1.2003255158662798,0.54144704,0.22800882,0.23054413
680,uooIiW6dEyg$_$5,missing,T,2,2,-1.1953125,1.0810547,1.6220703,0.5410156,0.447509765625,0.36705729663372033,0.36705729663372033,0.41600913,0.29668298,0.28730786
681,v2Rr-EsJda8$_$0,missing,T,1,1,0.35668945,1.7431641,-0.67089844,1.3864746,0.0701904296875,0.06520182788372034,0.06520182788372034,0.44161654,0.2932156,0.26516786
682,v2Rr-EsJda8$_$6,missing,T,2,2,-1.1904297,-0.61865234,2.0546875,2.6733398,1.63671875,1.3184244841337205,1.3184244841337205,0.55670303,0.22632515,0.2169718
683,v9gjg7TDlTA$_$0,missing,T,0,0,1.3017578,-0.07385254,-1.1064453,1.3756104,-0.31689453125,-0.24446614086627969,-0.24446614086627969,0.45786095,0.2780403,0.2640987
684,v9gjg7TDlTA$_$4,missing,T,0,0,2.0078125,-1.3447266,-1.5078125,3.352539,-1.2919921875,-1.0245442658662798,-1.0245442658662798,0.5306623,0.24493192,0.22440575
685,vHzbn_YW76s$_$3,missing,T,0,0,0.87158203,-0.39233398,-0.6166992,1.263916,-0.08074951171875,-0.05555012524127967,-0.05555012524127967,0.43219185,0.29823503,0.26957315
686,vU0a4F36Ksw$_$13,missing,T,1,1,-0.6713867,1.6259766,0.73291016,0.8930664,0.219970703125,0.18502604663372035,0.18502604663372035,0.38899767,0.31181106,0.29919127
687,vU0a4F36Ksw$_$12,missing,T,2,1,-1.0664062,1.8203125,1.1669922,-0.6533203,0.27099609375,0.22584635913372034,0.22584635913372034,0.38276553,0.32809404,0.28914046
688,vU0a4F36Ksw$_$17,missing,T,1,1,-0.8588867,2.125,0.7089844,1.4160156,0.12249755859375,0.10704753100872035,0.10704753100872035,0.38444936,0.32702506,0.28852558
689,vU0a4F36Ksw$_$0,missing,T,2,2,-1.6191406,-0.43237305,2.640625,3.072998,1.517578125,1.2231119841337204,1.2231119841337204,0.50290716,0.24737248,0.2497203
690,vU0a4F36Ksw$_$3,missing,T,2,2,-1.4580078,-0.27856445,2.28125,2.5598145,1.287109375,1.0387369841337204,1.0387369841337204,0.47740948,0.26301435,0.25957614
691,vU0a4F36Ksw$_$5,missing,T,1,2,-0.3269043,0.3996582,0.54541016,-0.14575195,0.2099609375,0.17701823413372034,0.17701823413372034,0.41253442,0.29750904,0.28995654
692,vU0a4F36Ksw$_$7,missing,T,2,2,-1.203125,1.3779297,1.4746094,0.09667969,0.3447265625,0.2848307341337204,0.2848307341337204,0.38901538,0.32947952,0.28150508
693,vU0a4F36Ksw$_$20,missing,T,1,1,0.35766602,0.5551758,-0.37573242,0.19750977,-0.09112548828125,-0.06385090649127967,-0.06385090649127967,0.39960662,0.31545275,0.2849406
694,vbr3EA8cJTI$_$0,missing,T,2,2,-1.6572266,-0.49975586,2.6992188,3.1989746,1.60546875,1.2934244841337204,1.2934244841337204,0.49828714,0.26295114,0.23876172
695,vbr3EA8cJTI$_$2,missing,T,0,0,1.9736328,-0.8808594,-1.6650391,2.8544922,-1.1953125,-0.9472005158662797,-0.9472005158662797,0.5450049,0.24001,0.2149851
696,vbr3EA8cJTI$_$7,missing,T,2,1,-0.5258789,0.7338867,0.7211914,-0.0126953125,0.4697265625,0.3848307341337204,0.3848307341337204,0.4239107,0.30376282,0.27232647
697,vbr3EA8cJTI$_$6,missing,T,2,2,-1.5673828,-0.07556152,2.4492188,2.5247803,1.17578125,0.9496744841337204,0.9496744841337204,0.46451256,0.2777481,0.25773934
698,wF8980oGklk$_$24,missing,T,2,2,-1.3603516,0.53222656,1.9541016,1.421875,0.6689453125,0.5442057341337203,0.5442057341337203,0.4202999,0.30049732,0.27920273
699,wF8980oGklk$_$25,missing,T,2,2,-1.5400391,-0.43286133,2.5976562,3.0305176,1.58203125,1.2746744841337203,1.2746744841337203,0.5245036,0.24230856,0.23318787
700,wF8980oGklk$_$1,missing,T,1,1,-0.0871582,1.7568359,-0.13708496,1.8439941,0.07659912109375,0.07032878100872034,0.07032878100872034,0.3754466,0.31952778,0.30502564
701,wF8980oGklk$_$0,missing,T,1,1,-0.64990234,2.1445312,0.46118164,1.6833496,0.1209716796875,0.10582682788372035,0.10582682788372035,0.3671461,0.33745286,0.295401
702,wF8980oGklk$_$3,missing,T,1,1,0.17272949,1.7880859,-0.40795898,1.6153564,0.061614990234375,0.05834147632122034,0.05834147632122034,0.4194092,0.30837336,0.27221742
703,wF8980oGklk$_$2,missing,T,0,0,2.3183594,-0.64746094,-1.9384766,2.9658203,-1.36328125,-1.0815755158662796,-1.0815755158662796,0.5320533,0.25128624,0.21666045
704,wF8980oGklk$_$6,missing,T,2,2,-1.0869141,0.8774414,1.4677734,0.59033203,0.51123046875,0.4180338591337204,0.4180338591337204,0.40709597,0.31216997,0.2807341
705,wF8980oGklk$_$17,missing,T,2,2,-1.5253906,-0.8652344,2.8046875,3.6699219,1.83203125,1.4746744841337205,1.4746744841337205,0.5256679,0.24371742,0.23061465
706,wosolsrH3sM$_$6,missing,T,2,2,0.05508423,-1.8232422,1.0253906,0.9703064,1.0458984375,0.8457682341337204,0.8457682341337204,0.5810716,0.20978348,0.20914494
707,x-zGBp7axao$_$3,missing,T,0,0,1.0615234,-1.5830078,-0.5024414,1.5639648,-0.391845703125,-0.3044270783662797,-0.3044270783662797,0.48150116,0.2529335,0.26556534
708,x2lOwQaAn4g$_$4,missing,T,2,2,-1.5605469,-0.50097656,2.6523438,3.1533203,1.5390625,1.2402994841337205,1.2402994841337205,0.47487354,0.27264318,0.2524832
709,xUgAP84vsg4$_$15,missing,T,2,2,-1.6171875,-0.6611328,2.8046875,3.4658203,1.685546875,1.3574869841337205,1.3574869841337205,0.511463,0.25606418,0.23247284
710,xUgAP84vsg4$_$4,missing,T,2,2,-1.5185547,0.064453125,2.4472656,2.3828125,1.140625,0.9215494841337204,0.9215494841337204,0.44965434,0.2910907,0.25925496
711,xUgAP84vsg4$_$8,missing,T,2,1,-1.1777344,1.6025391,1.40625,-0.19628906,0.25732421875,0.21490885913372035,0.21490885913372035,0.41655788,0.3040323,0.27940986
712,xivYoEUQ5sk$_$5,missing,T,2,2,-1.5664062,-0.7080078,2.671875,3.3798828,1.701171875,1.3699869841337204,1.3699869841337204,0.5408855,0.23062925,0.22848518
713,xivYoEUQ5sk$_$4,missing,T,2,2,-1.4189453,-1.3574219,2.6992188,4.0566406,2.1796875,1.7527994841337204,1.7527994841337204,0.591911,0.20984499,0.19824393
714,xjsaS-LeZ14$_$20,missing,T,1,1,-0.72509766,1.9677734,0.48510742,1.482666,0.175537109375,0.14947917163372035,0.14947917163372035,0.37755316,0.3371674,0.28527942
715,xjsaS-LeZ14$_$14,missing,T,1,1,-1.1738281,1.7177734,1.3144531,0.4033203,0.281005859375,0.23385417163372035,0.23385417163372035,0.36865765,0.33845556,0.2928868
716,xjsaS-LeZ14$_$6,missing,T,2,2,-0.62646484,-0.071899414,1.1708984,1.2427979,0.55859375,0.45592448413372033,0.45592448413372033,0.4409765,0.27505818,0.28396535
717,y8HXGm1-Ecw$_$7,missing,T,0,0,1.3447266,-1.0185547,-0.89208984,2.2368164,-0.47705078125,-0.37259114086627965,-0.37259114086627965,0.47296003,0.2702193,0.2568207
718,y9FyTEyGy5Y$_$1,missing,T,2,2,-1.3964844,0.14135742,2.1582031,2.0168457,1.0166015625,0.8223307341337204,0.8223307341337204,0.46968377,0.2665368,0.26377943
719,zhE_68GMJIk$_$8,missing,T,0,0,0.48754883,-0.49145508,-0.04727173,0.53482056,0.1175537109375,0.10309245288372035,0.10309245288372035,0.46204957,0.27900815,0.2589423
720,zhE_68GMJIk$_$5,missing,T,0,0,1.6845703,-0.40527344,-1.3994141,2.0898438,-0.7158203125,-0.5636067658662797,-0.5636067658662797,0.48826402,0.25970456,0.2520314
721,zjYEBwXGD8I$_$13,missing,T,2,2,-1.2392578,0.65527344,1.765625,1.1103516,0.634765625,0.5168619841337203,0.5168619841337203,0.42920727,0.29356837,0.27722436
722,zjYEBwXGD8I$_$15,missing,T,2,1,-0.7114258,1.0185547,0.8564453,-0.16210938,0.4052734375,0.3332682341337203,0.3332682341337203,0.4209317,0.3100999,0.2689684
723,zjYEBwXGD8I$_$0,missing,T,1,1,-0.8623047,1.9599609,0.8051758,1.1547852,0.195068359375,0.16510417163372035,0.16510417163372035,0.38460577,0.32070556,0.29468867
724,zjYEBwXGD8I$_$2,missing,T,2,2,-1.0957031,0.08972168,1.7744141,1.6846924,0.9609375,0.7777994841337204,0.7777994841337204,0.46403491,0.27325788,0.26270717
725,zjYEBwXGD8I$_$4,missing,T,1,1,0.07836914,0.5644531,-0.03491211,0.48608398,0.1185302734375,0.10387370288372035,0.10387370288372035,0.43635818,0.29243442,0.2712074
726,zjYEBwXGD8I$_$9,missing,T,2,2,-1.5048828,0.49169922,2.1484375,1.6567383,0.77197265625,0.6266276091337204,0.6266276091337204,0.42760304,0.2998446,0.27255234
727,zk2jTlAtvSU$_$3,missing,T,1,1,-0.14685059,2.0957031,-0.107788086,2.2034912,0.09210205078125,0.08273112475872034,0.08273112475872034,0.4158935,0.30018345,0.28392303
0,-UacrmKiTn4$_$7,missing,A,1,0,0.9291992,0.8339844,-1.2197266,-0.095214844,-0.50830078125,-0.39759114086627967,-0.39759114086627967,0.4842902,0.22018777,0.295522
1,-qDkUB0GgYY$_$5,missing,A,2,0,1.4912109,-0.6845703,-1.2666016,-2.7578125,-1.3486328125,-1.0698567658662796,-1.0698567658662796,0.49663368,0.2595459,0.24382041
2,0utROiKxejc$_$1,missing,A,2,1,0.2442627,1.1767578,-0.7265625,-1.9033203,-0.0189208984375,-0.006087234616279663,-0.006087234616279663,0.4532406,0.20710476,0.33965465
3,0utROiKxejc$_$4,missing,A,0,0,1.5878906,-0.35913086,-1.5068359,1.9470215,-1.1552734375,-0.9151692658662798,-0.9151692658662798,0.53268075,0.17468052,0.29263878
4,0y022OlZ3W0$_$3,missing,A,2,1,-0.2783203,1.5048828,-0.0925293,-1.5974121,0.168701171875,0.14401042163372035,0.14401042163372035,0.40455446,0.30835846,0.28708705
5,0y022OlZ3W0$_$5,missing,A,0,1,0.57421875,1.2783203,-0.953125,-0.70410156,-0.162353515625,-0.12083332836627966,-0.12083332836627966,0.47932443,0.21540241,0.30527315
6,0y022OlZ3W0$_$8,missing,A,1,1,-0.056365967,1.515625,-0.4519043,1.571991,0.11370849609375,0.10001628100872034,0.10001628100872034,0.41657105,0.27353877,0.3098902
7,101787$_$11,missing,A,0,0,1.4775391,0.024810791,-1.6494141,1.4527283,-1.32421875,-1.0503255158662796,-1.0503255158662796,0.5230171,0.19580145,0.28118145
8,101787$_$13,missing,A,0,0,0.9838867,0.8095703,-1.3535156,0.1743164,-0.5107421875,-0.39954426586627967,-0.39954426586627967,0.49415508,0.2192694,0.2865756
9,101787$_$1,missing,A,0,1,0.28930664,1.8085938,-0.8886719,-1.5192871,-0.130615234375,-0.09544270336627966,-0.09544270336627966,0.43290874,0.24555823,0.321533
10,101787$_$5,missing,A,0,1,0.2854004,1.609375,-0.8959961,-1.3239746,-0.1558837890625,-0.11565754711627967,-0.11565754711627967,0.47187445,0.20284264,0.32528287
11,101787$_$7,missing,A,2,1,0.49609375,1.6318359,-1.0595703,-2.6914062,-0.1923828125,-0.14485676586627969,-0.14485676586627969,0.4647236,0.20053908,0.33473736
12,101787$_$9,missing,A,1,0,0.8276367,0.6699219,-1.296875,-0.15771484,-0.60546875,-0.4753255158662797,-0.4753255158662797,0.5021471,0.22049259,0.2773603
13,102408$_$2,missing,A,1,1,-0.5854492,1.9853516,0.0513916,1.93396,0.0076904296875,0.015201827883720338,0.015201827883720338,0.39603117,0.30190578,0.30206308
14,102408$_$5,missing,A,2,1,-0.33007812,1.0966797,-0.25317383,-1.3498535,-0.00140380859375,0.007926437258720337,0.007926437258720337,0.44545892,0.3070717,0.24746944
15,102408$_$9,missing,A,0,1,-0.026641846,1.1269531,-0.7373047,-1.153595,-0.296142578125,-0.22786457836627969,-0.22786457836627969,0.43254626,0.3135224,0.25393137
16,102858$_$20,missing,A,0,1,0.20996094,1.4648438,-0.63183594,-1.2548828,-0.04534912109375,-0.02722981274127966,-0.02722981274127966,0.42986202,0.29216483,0.27797318
17,102858$_$21,missing,A,0,1,0.75439453,0.8017578,-1.0869141,-0.04736328,-0.65380859375,-0.5139973908662797,-0.5139973908662797,0.48729926,0.2379906,0.27471012
18,102858$_$1,missing,A,1,1,0.059906006,1.5869141,-0.5883789,1.527008,-0.05145263671875,-0.03211262524127967,-0.03211262524127967,0.4321165,0.29859295,0.26929054
19,102858$_$0,missing,A,2,1,-0.22912598,1.5371094,-0.13427734,-1.6713867,0.1346435546875,0.11676432788372035,0.11676432788372035,0.36349338,0.3316311,0.30487552
20,102858$_$4,missing,A,2,0,2.1425781,-1.1171875,-1.7597656,-3.9023438,-1.873046875,-1.4893880158662798,-1.4893880158662798,0.516756,0.24223739,0.24100652
21,102858$_$6,missing,A,0,0,1.046875,0.7651367,-1.2841797,0.28173828,-0.6123046875,-0.4807942658662797,-0.4807942658662797,0.47396868,0.24105178,0.2849796
22,102858$_$10,missing,A,2,1,0.36767578,1.7333984,-0.91552734,-2.6489258,-0.0201568603515625,-0.007076004147529662,-0.007076004147529662,0.44758677,0.23048632,0.32192686
23,102858$_$17,missing,A,0,1,0.35058594,1.7294922,-0.8803711,-1.3789062,-0.05120849609375,-0.031917312741279666,-0.031917312741279666,0.46414003,0.20387682,0.33198315
24,102858$_$19,missing,A,1,1,0.3955078,1.7333984,-0.8803711,1.3378906,-0.05572509765625,-0.03553059399127967,-0.03553059399127967,0.45685259,0.20437728,0.33877015
25,112433$_$10,missing,A,1,1,0.3947754,1.8505859,-0.92041016,1.4558105,-0.1134033203125,-0.08167317211627967,-0.08167317211627967,0.46203694,0.17399085,0.36397228
26,112433$_$3,missing,A,0,1,0.43554688,1.0185547,-0.9663086,-0.5830078,-0.469482421875,-0.3665364533662797,-0.3665364533662797,0.49928844,0.23974337,0.26096818
27,112433$_$7,missing,A,0,1,0.26098633,2.1738281,-0.9633789,-1.9128418,-0.10528564453125,-0.07517903149127966,-0.07517903149127966,0.4838458,0.18554395,0.33061025
28,112433$_$6,missing,A,0,1,0.26171875,1.4033203,-0.8510742,-1.1416016,-0.22705078125,-0.17259114086627966,-0.17259114086627966,0.49836177,0.1956564,0.30598184
29,117tQqLjza4$_$6,missing,A,2,1,-0.5029297,1.6142578,0.19592285,-1.418335,0.08099365234375,0.07384440600872035,0.07384440600872035,0.36545798,0.35049063,0.28405136
30,11j7EfglCAs$_$2,missing,A,1,1,0.5258789,1.5039062,-1.0644531,0.97802734,-0.252685546875,-0.19309895336627966,-0.19309895336627966,0.4587856,0.23835394,0.30286047
31,121128$_$10,missing,A,2,1,-0.07702637,1.6943359,-0.6635742,-2.3579102,-0.072265625,-0.048763015866279666,-0.048763015866279666,0.40600127,0.28730002,0.3066987
32,121128$_$1,missing,A,1,0,1.3271484,0.071899414,-1.3564453,-1.255249,-1.115234375,-0.8831380158662797,-0.8831380158662797,0.46404096,0.2793675,0.25659153
33,121128$_$0,missing,A,1,1,0.17480469,1.171875,-0.45043945,0.9970703,-0.0340576171875,-0.018196609616279665,-0.018196609616279665,0.40223756,0.30809706,0.28966543
34,121128$_$5,missing,A,2,1,-0.7524414,1.4941406,0.7241211,-0.77001953,0.35302734375,0.29147135913372035,0.29147135913372035,0.32118234,0.42596287,0.2528548
35,125344$_$0,missing,A,0,0,2.3320312,-1.3837891,-1.9287109,3.7158203,-2.140625,-1.7034505158662798,-1.7034505158662798,0.56767064,0.17112233,0.26120707
36,125676$_$0,missing,A,1,1,0.25463867,1.7119141,-0.84521484,1.4572754,-0.151123046875,-0.11184895336627967,-0.11184895336627967,0.42466828,0.26856124,0.30677047
37,125676$_$4,missing,A,2,0,0.97802734,0.1459961,-0.98291016,-1.9609375,-0.59228515625,-0.46477864086627974,-0.46477864086627974,0.4424735,0.30346683,0.25405967
38,128059$_$11,missing,A,0,0,0.94091797,0.35131836,-1.3134766,0.5895996,-0.96826171875,-0.7655598908662797,-0.7655598908662797,0.49109754,0.22347674,0.28542572
39,128059$_$12,missing,A,0,1,-0.29248047,1.5068359,-0.3725586,-1.7993164,0.1011962890625,0.09000651538372034,0.09000651538372034,0.42213503,0.2642522,0.31361276
40,128059$_$2,missing,A,0,1,-0.1986084,1.7021484,-0.5395508,-1.9007568,0.0184783935546875,0.02383219897747034,0.02383219897747034,0.41282243,0.26363894,0.3235386
41,128059$_$7,missing,A,1,0,1.5888672,-0.47338867,-1.6806641,-2.0622559,-1.681640625,-1.3362630158662798,-1.3362630158662798,0.51205635,0.2275154,0.26042825
42,128059$_$6,missing,A,0,0,2.03125,-0.7973633,-1.8564453,2.8286133,-1.84375,-1.4659505158662798,-1.4659505158662798,0.5256396,0.2081929,0.26616752
43,128059$_$9,missing,A,0,0,0.69677734,0.69628906,-1.203125,0.00048828125,-0.68994140625,-0.5429036408662797,-0.5429036408662797,0.45178935,0.2597802,0.28843048
44,128763$_$12,missing,A,0,1,0.62646484,0.96191406,-1.0869141,-0.33544922,-0.6767578125,-0.5323567658662797,-0.5323567658662797,0.5008272,0.17824422,0.32092857
45,128763$_$3,missing,A,0,1,0.4975586,1.3046875,-0.9291992,-0.8071289,-0.32421875,-0.2503255158662797,-0.2503255158662797,0.4605592,0.21934047,0.32010043
46,128763$_$2,missing,A,1,1,0.15966797,1.6787109,-0.7192383,1.519043,-0.427001953125,-0.33255207836627965,-0.33255207836627965,0.43507847,0.22845748,0.336464
47,128763$_$5,missing,A,1,1,0.33398438,1.6640625,-0.97998047,1.3300781,-0.3740234375,-0.29016926586627967,-0.29016926586627967,0.47346973,0.20088504,0.32564524
48,128763$_$7,missing,A,0,1,0.10571289,1.5078125,-0.6850586,-1.4020996,-0.19091796875,-0.14368489086627967,-0.14368489086627967,0.45349783,0.21043445,0.3360678
49,128763$_$8,missing,A,0,1,0.5371094,1.5458984,-1.0488281,-1.0087891,-0.39404296875,-0.30618489086627965,-0.30618489086627965,0.45427805,0.20494275,0.3407792
50,130456$_$11,missing,A,0,0,1.3173828,-0.27026367,-1.2636719,1.5876465,-1.1826171875,-0.9370442658662798,-0.9370442658662798,0.48756272,0.26054662,0.2518907
51,130456$_$3,missing,A,0,1,0.2854004,1.1386719,-0.7182617,-0.8532715,-0.0826416015625,-0.057063797116279666,-0.057063797116279666,0.42473817,0.29471758,0.28054428
52,130456$_$5,missing,A,0,1,0.15185547,2.0078125,-0.8461914,-1.855957,-0.11956787109375,-0.08660481274127967,-0.08660481274127967,0.42971924,0.2579077,0.31237313
53,130456$_$4,missing,A,1,1,0.23449707,1.1298828,-0.8022461,0.89538574,-0.05859375,-0.03782551586627966,-0.03782551586627966,0.45590287,0.25006318,0.29403397
54,130456$_$7,missing,A,0,1,-0.34350586,1.6953125,-0.15844727,-2.0388184,0.1658935546875,0.14176432788372034,0.14176432788372034,0.3464004,0.36744446,0.28615513
55,130456$_$6,missing,A,0,0,0.9067383,0.45092773,-1.2333984,0.45581055,-0.8310546875,-0.6557942658662798,-0.6557942658662798,0.48159388,0.25318968,0.26521644
56,188343$_$13,missing,A,2,0,1.9121094,-1.1025391,-1.7636719,-3.6757812,-1.6552734375,-1.3151692658662797,-1.3151692658662797,0.5019985,0.2445972,0.25340435
57,188343$_$12,missing,A,0,0,1.6650391,-0.66796875,-1.6669922,2.3330078,-1.373046875,-1.0893880158662796,-1.0893880158662796,0.5103023,0.21673381,0.27296382
58,188343$_$5,missing,A,0,0,0.62402344,0.3112793,-1.0048828,0.31274414,-0.435546875,-0.33938801586627965,-0.33938801586627965,0.45703185,0.28193688,0.26103127
59,188343$_$9,missing,A,0,0,1.5087891,-0.60791016,-1.5224609,2.1166992,-1.1259765625,-0.8917317658662798,-0.8917317658662798,0.4924735,0.24984148,0.257685
60,188343$_$8,missing,A,0,1,0.51123047,0.5517578,-0.9946289,-0.040527344,-0.48876953125,-0.38196614086627967,-0.38196614086627967,0.4723733,0.23240276,0.29522395
61,1HK7Nea0PFo$_$1,missing,A,0,1,0.4675293,1.5986328,-1.0634766,-1.1311035,-0.240478515625,-0.18333332836627966,-0.18333332836627966,0.45942488,0.20695752,0.3336176
62,216097$_$1,missing,A,0,1,-0.3503418,1.8681641,-0.19030762,-2.2185059,0.1119384765625,0.09860026538372034,0.09860026538372034,0.44667113,0.2176082,0.3357206
63,216097$_$2,missing,A,1,1,0.5932617,1.4560547,-1.0068359,0.86279297,-0.41259765625,-0.3210286408662797,-0.3210286408662797,0.47872883,0.19936302,0.32190812
64,216097$_$5,missing,A,1,0,1.3867188,0.5625,-1.6025391,-0.82421875,-0.912109375,-0.7206380158662797,-0.7206380158662797,0.5298541,0.17493162,0.29521433
65,216097$_$4,missing,A,0,0,2.1777344,-0.91259766,-1.9052734,3.090332,-1.955078125,-1.5550130158662798,-1.5550130158662798,0.56639314,0.16287744,0.27072942
66,216097$_$7,missing,A,2,0,2.0761719,-0.71777344,-1.8388672,-3.915039,-1.7373046875,-1.3807942658662797,-1.3807942658662797,0.5394447,0.19949803,0.26105738
67,216097$_$8,missing,A,0,1,-0.14782715,2.0117188,-0.35351562,-2.159546,-0.085205078125,-0.05911457836627966,-0.05911457836627966,0.44722992,0.22526622,0.32750386
68,223431$_$11,missing,A,0,0,1.3779297,0.27368164,-1.6162109,1.104248,-1.056640625,-0.8362630158662797,-0.8362630158662797,0.5450572,0.17750968,0.27743316
69,223431$_$10,missing,A,2,1,-0.095214844,1.921875,-0.55615234,-2.4780273,-0.078125,-0.05345051586627966,-0.05345051586627966,0.4519149,0.2270268,0.32105827
70,223431$_$13,missing,A,0,1,0.51464844,1.3583984,-1.1523438,-0.84375,-0.28076171875,-0.21555989086627966,-0.21555989086627966,0.46050724,0.24350086,0.29599193
71,223431$_$0,missing,A,1,1,0.22265625,1.8466797,-0.8510742,1.6240234,0.1448974609375,0.12496745288372034,0.12496745288372034,0.43751016,0.22586419,0.33662567
72,223431$_$5,missing,A,1,1,-0.13830566,1.8408203,-0.55615234,1.979126,-0.0269775390625,-0.012532547116279665,-0.012532547116279665,0.41626883,0.28485394,0.29887724
73,225770$_$3,missing,A,0,0,1.0039062,-0.6621094,-0.5214844,1.5253906,-0.419677734375,-0.32669270336627965,-0.32669270336627965,0.47386292,0.27946272,0.24667428
74,225770$_$5,missing,A,1,1,0.027862549,1.6748047,-0.49731445,1.6469421,-0.002246856689453125,0.007251998782157837,0.007251998782157837,0.39220512,0.28669405,0.32110083
75,225770$_$4,missing,A,1,1,0.2849121,0.75146484,-0.6430664,0.46655273,-0.309814453125,-0.23880207836627967,-0.23880207836627967,0.44197053,0.30749792,0.25053155
76,225770$_$6,missing,A,0,0,1.1025391,0.23327637,-1.3408203,0.8692627,-0.951171875,-0.7518880158662797,-0.7518880158662797,0.48789766,0.25186554,0.2602368
77,236021$_$12,missing,A,2,1,0.19360352,1.6162109,-0.9223633,-2.5385742,-0.212158203125,-0.16067707836627967,-0.16067707836627967,0.44804257,0.22497082,0.32698664
78,236021$_$1,missing,A,1,1,0.54345703,0.69140625,-1.0439453,0.14794922,-0.662109375,-0.5206380158662797,-0.5206380158662797,0.45634302,0.2787471,0.26490992
79,236021$_$3,missing,A,0,1,0.19519043,1.6572266,-0.56347656,-1.4620361,0.0859375,0.07779948413372034,0.07779948413372034,0.41065824,0.24537605,0.3439657
80,236021$_$2,missing,A,0,0,1.8193359,-0.93603516,-1.5810547,2.755371,-1.7548828125,-1.3948567658662798,-1.3948567658662798,0.53069615,0.20578262,0.2635212
81,236021$_$5,missing,A,0,1,-0.018951416,1.1982422,-0.4621582,-1.2171936,-0.00862884521484375,0.0021464079618453364,0.0021464079618453364,0.4120935,0.26180995,0.32609653
82,236021$_$4,missing,A,0,0,1.6162109,-0.8046875,-1.4033203,2.4208984,-1.51171875,-1.2003255158662798,-1.2003255158662798,0.514045,0.23243667,0.25351825
83,237009$_$11,missing,A,0,1,0.58935547,1.2460938,-1.1181641,-0.6567383,-0.07586669921875,-0.05164387524127967,-0.05164387524127967,0.45358753,0.22278477,0.32362765
84,237009$_$12,missing,A,0,0,2.1816406,-1.0126953,-1.7978516,3.194336,-1.8671875,-1.4847005158662798,-1.4847005158662798,0.5310305,0.2041777,0.26479185
85,237009$_$4,missing,A,2,1,0.75439453,0.7631836,-0.96728516,-1.7304688,-0.4970703125,-0.38860676586627974,-0.38860676586627974,0.46327174,0.25492027,0.28180805
86,237009$_$7,missing,A,0,1,0.12841797,1.5693359,-0.49682617,-1.440918,0.1072998046875,0.09488932788372034,0.09488932788372034,0.4106372,0.28244418,0.30691868
87,237009$_$9,missing,A,0,1,-0.12194824,1.2695312,-0.25463867,-1.3914795,0.25390625,0.21217448413372034,0.21217448413372034,0.44179723,0.23514684,0.32305595
88,241629$_$10,missing,A,0,0,1.0419922,0.87939453,-1.3994141,0.16259766,-0.6728515625,-0.5292317658662797,-0.5292317658662797,0.47846594,0.21805334,0.3034807
89,241629$_$0,missing,A,2,1,-0.17175293,1.6308594,-0.27734375,-1.9082031,0.04962158203125,0.04874674975872034,0.04874674975872034,0.39576188,0.29967296,0.30456522
90,241629$_$3,missing,A,2,0,1.6318359,-0.047454834,-1.6972656,-3.3291016,-1.24609375,-0.9878255158662798,-0.9878255158662798,0.5139167,0.20945793,0.27662545
91,241629$_$5,missing,A,0,0,1.59375,0.06359863,-1.6865234,1.5301514,-1.220703125,-0.9675130158662797,-0.9675130158662797,0.5196766,0.19372049,0.28660288
92,241629$_$8,missing,A,0,0,2.0683594,-0.98339844,-1.8173828,3.0517578,-1.6435546875,-1.3057942658662798,-1.3057942658662798,0.5281265,0.20190035,0.26997316
93,243646$_$11,missing,A,0,0,0.8208008,0.73583984,-1.1357422,0.08496094,-0.4248046875,-0.3307942658662797,-0.3307942658662797,0.5259127,0.15046717,0.3236201
94,243646$_$12,missing,A,0,0,2.1894531,-1.2060547,-1.9775391,3.3955078,-1.923828125,-1.5300130158662797,-1.5300130158662797,0.57598764,0.1405097,0.28350267
95,243646$_$9,missing,A,1,1,0.44506836,1.6162109,-0.94384766,1.1711426,-0.0189361572265625,-0.006099441647529664,-0.006099441647529664,0.43987057,0.20341682,0.3567126
96,243646$_$8,missing,A,1,1,0.07476807,1.7666016,-0.66015625,1.6918335,-0.2646484375,-0.20266926586627967,-0.20266926586627967,0.46538162,0.1970552,0.33756322
97,247318$_$12,missing,A,0,1,-0.1697998,1.6318359,-0.107055664,-1.8016357,0.1705322265625,0.14547526538372035,0.14547526538372035,0.44691798,0.21447845,0.3386036
98,247318$_$1,missing,A,1,1,-0.1661377,1.6259766,-0.39648438,1.7921143,0.05267333984375,0.05118815600872034,0.05118815600872034,0.45581838,0.20220661,0.341975
99,247318$_$3,missing,A,0,1,0.14978027,2.0078125,-0.7783203,-1.8580322,-0.1865234375,-0.14016926586627967,-0.14016926586627967,0.4536299,0.18541864,0.36095148
100,247318$_$2,missing,A,1,1,0.046417236,1.5615234,-0.51220703,1.5151062,0.0718994140625,0.06656901538372034,0.06656901538372034,0.4588899,0.20414732,0.33696276
101,247318$_$5,missing,A,0,1,0.63183594,1.0605469,-0.9995117,-0.42871094,-0.34619140625,-0.2679036408662797,-0.2679036408662797,0.48903385,0.21857361,0.29239255
102,247318$_$7,missing,A,0,1,-0.08691406,1.8173828,-0.38964844,-1.9042969,0.28076171875,0.23365885913372034,0.23365885913372034,0.4543743,0.18507466,0.360551
103,247318$_$6,missing,A,1,1,-0.015350342,1.8134766,-0.50634766,1.8288269,0.1529541015625,0.13141276538372035,0.13141276538372035,0.43823734,0.20820728,0.3535554
104,252998$_$1,missing,A,1,1,0.16430664,1.3535156,-0.5854492,1.189209,-0.12548828125,-0.09134114086627967,-0.09134114086627967,0.494306,0.17894009,0.3267539
105,252998$_$0,missing,A,1,1,-0.25268555,1.828125,-0.13952637,1.9676514,0.1024169921875,0.09098307788372034,0.09098307788372034,0.4501524,0.20204,0.3478076
106,252998$_$5,missing,A,0,0,1.2451172,0.47143555,-1.3935547,0.77368164,-0.8134765625,-0.6417317658662798,-0.6417317658662798,0.50382394,0.2183282,0.27784786
107,252998$_$4,missing,A,0,0,2.0859375,-0.8017578,-1.8505859,2.8876953,-1.7900390625,-1.4229817658662798,-1.4229817658662798,0.53757906,0.19955578,0.2628651
108,252998$_$7,missing,A,2,0,1.3701172,0.26489258,-1.5751953,-2.9453125,-1.2353515625,-0.9792317658662797,-0.9792317658662797,0.5239924,0.18922779,0.28677976
109,252998$_$8,missing,A,0,1,-0.05581665,1.7705078,-0.44921875,-1.8263245,0.07421875,0.06842448413372035,0.06842448413372035,0.42519537,0.25944722,0.31535742
110,257247$_$10,missing,A,0,1,-0.050445557,1.8925781,-0.4675293,-1.9430237,0.0499267578125,0.04899089038372034,0.04899089038372034,0.43020272,0.25773287,0.3120644
111,257247$_$12,missing,A,0,1,0.24609375,1.4716797,-0.7163086,-1.2255859,-0.184326171875,-0.13841145336627966,-0.13841145336627966,0.4634155,0.2426428,0.29394174
112,257247$_$2,missing,A,1,1,0.059295654,1.6357422,-0.7114258,1.5764465,-0.1602783203125,-0.11917317211627967,-0.11917317211627967,0.49767113,0.20140538,0.30092356
113,258654$_$1,missing,A,0,0,1.7412109,-0.8154297,-1.5830078,2.5566406,-1.462890625,-1.1612630158662798,-1.1612630158662798,0.5023809,0.2586287,0.23899037
114,258654$_$3,missing,A,0,0,1.7734375,-1.0039062,-1.6162109,2.7773438,-1.509765625,-1.1987630158662799,-1.1987630158662799,0.5164573,0.24225739,0.24128534
115,258654$_$4,missing,A,1,1,0.013519287,1.7851562,-0.6274414,1.771637,-0.0299835205078125,-0.014937332272529663,-0.014937332272529663,0.42713994,0.26790434,0.30495572
116,266791$_$24,missing,A,0,1,0.11352539,1.4541016,-0.73291016,-1.3405762,0.00951385498046875,0.016660568118095336,0.016660568118095336,0.44549403,0.22418343,0.3303226
117,266791$_$20,missing,A,2,0,1.6123047,-0.29248047,-1.7021484,-3.3144531,-1.451171875,-1.1518880158662796,-1.1518880158662796,0.48486197,0.24263991,0.27249816
118,266791$_$21,missing,A,0,0,2.2675781,-1.0185547,-1.9404297,3.2861328,-1.927734375,-1.5331380158662797,-1.5331380158662797,0.53655124,0.19540848,0.26804027
119,266791$_$23,missing,A,1,0,1.7041016,-0.16589355,-1.7646484,-1.8699951,-1.392578125,-1.1050130158662796,-1.1050130158662796,0.500642,0.22094914,0.27840886
120,266791$_$29,missing,A,1,1,0.34106445,1.7929688,-0.8232422,1.4519043,0.06207275390625,0.05870768725872034,0.05870768725872034,0.42278486,0.23771572,0.33949944
121,266791$_$3,missing,A,0,0,1.2763672,0.50439453,-1.5556641,0.77197266,-1.09765625,-0.8690755158662797,-0.8690755158662797,0.47073528,0.24178028,0.28748444
122,266791$_$5,missing,A,0,0,1.0078125,0.4873047,-1.2275391,0.5205078,-0.681640625,-0.5362630158662797,-0.5362630158662797,0.44685987,0.2855077,0.2676324
123,266791$_$4,missing,A,0,1,0.11975098,1.8359375,-0.81933594,-1.7161865,-0.11962890625,-0.08665364086627966,-0.08665364086627966,0.41873455,0.25761157,0.32365385
124,266791$_$6,missing,A,1,0,1.4013672,0.115600586,-1.5048828,-1.2857666,-0.9794921875,-0.7745442658662798,-0.7745442658662798,0.4683609,0.25092688,0.28071222
125,266791$_$8,missing,A,0,1,0.65966797,1.2666016,-1.1826172,-0.6069336,-0.5791015625,-0.45423176586627967,-0.45423176586627967,0.43122703,0.24779606,0.3209769
126,266791$_$11,missing,A,2,1,0.19555664,1.7314453,-0.66064453,-2.3920898,0.08111572265625,0.07394206225872034,0.07394206225872034,0.41466215,0.25524032,0.33009756
127,266791$_$14,missing,A,1,0,0.84228516,0.65234375,-1.2412109,-0.1899414,-0.6875,-0.5409505158662797,-0.5409505158662797,0.4523385,0.25639936,0.29126215
128,270254$_$23,missing,A,0,1,-0.05911255,1.8818359,-0.5957031,-1.9409485,-0.0634765625,-0.04173176586627966,-0.04173176586627966,0.43683,0.25670162,0.3064684
129,270254$_$0,missing,A,2,1,0.0657959,0.6347656,-0.20153809,-0.8363037,0.186767578125,0.15846354663372034,0.15846354663372034,0.4355367,0.28338292,0.28108037
130,270254$_$6,missing,A,1,0,1.4775391,-0.055023193,-1.4746094,-1.5325623,-1.111328125,-0.8800130158662798,-0.8800130158662798,0.51997954,0.1830526,0.2969679
131,270254$_$8,missing,A,0,1,0.5966797,0.97216797,-1.0107422,-0.37548828,-0.31591796875,-0.24368489086627967,-0.24368489086627967,0.4988602,0.17715852,0.32398129
132,270254$_$11,missing,A,2,1,-0.5131836,1.0712891,0.15222168,-0.9190674,0.4580078125,0.37545573413372035,0.37545573413372035,0.4118819,0.27211928,0.31599885
133,270254$_$14,missing,A,0,1,0.29467773,1.4726562,-0.76416016,-1.1779785,-0.07269287109375,-0.04910481274127967,-0.04910481274127967,0.4687302,0.1874597,0.3438101
134,270254$_$16,missing,A,1,1,0.36547852,1.4345703,-0.8774414,1.0690918,-0.0882568359375,-0.06155598461627966,-0.06155598461627966,0.46563494,0.17360151,0.36076355
135,272624$_$10,missing,A,0,0,1.1142578,-0.56933594,-0.86279297,1.6835938,-0.59228515625,-0.46477864086627974,-0.46477864086627974,0.4754028,0.2959345,0.22866267
136,272624$_$13,missing,A,2,1,0.45507812,0.5439453,-0.6767578,-1.2207031,-0.23193359375,-0.17649739086627966,-0.17649739086627966,0.46828505,0.2834797,0.24823526
137,272624$_$12,missing,A,0,1,-0.15319824,1.5771484,-0.29345703,-1.7303467,0.1414794921875,0.12223307788372034,0.12223307788372034,0.42513704,0.3101562,0.26470676
138,272624$_$16,missing,A,0,0,1.1884766,-0.4362793,-1.0527344,1.6247559,-0.76318359375,-0.6014973908662797,-0.6014973908662797,0.48856613,0.2768385,0.23459537
139,272624$_$18,missing,A,1,1,0.5136719,0.75097656,-0.87353516,0.23730469,-0.3984375,-0.30970051586627967,-0.30970051586627967,0.46980658,0.26702702,0.26316643
140,272624$_$2,missing,A,1,0,1.0751953,-0.4440918,-0.89990234,-1.5192871,-0.66650390625,-0.5241536408662797,-0.5241536408662797,0.48042536,0.2894348,0.23013985
141,272624$_$6,missing,A,1,1,0.40942383,0.6118164,-0.76708984,0.20239258,-0.2310791015625,-0.17581379711627967,-0.17581379711627967,0.45330027,0.29975346,0.24694629
142,272624$_$9,missing,A,0,0,0.8652344,-0.24645996,-0.75634766,1.1116943,-0.51904296875,-0.40618489086627974,-0.40618489086627974,0.47627568,0.29630497,0.22741933
143,272624$_$8,missing,A,0,0,0.94384766,0.16992188,-1.0771484,0.7739258,-0.703125,-0.5534505158662797,-0.5534505158662797,0.48054793,0.27963245,0.23981962
144,273539$_$3,missing,A,0,0,1.5087891,-0.025482178,-1.5966797,1.5342712,-1.2490234375,-0.9901692658662797,-0.9901692658662797,0.52414924,0.19056383,0.28528693
145,273539$_$2,missing,A,1,1,0.5229492,1.6923828,-1.0507812,1.1694336,-0.035888671875,-0.019661453366279665,-0.019661453366279665,0.47042722,0.16274087,0.36683193
146,273539$_$9,missing,A,0,0,2.15625,-1.1796875,-1.8496094,3.3359375,-2.021484375,-1.6081380158662797,-1.6081380158662797,0.571542,0.1569155,0.2715425
147,290546$_$3,missing,A,0,1,0.03036499,0.82470703,-0.40063477,-0.79434204,0.26611328125,0.22194010913372034,0.22194010913372034,0.44214866,0.2721799,0.2856715
148,290546$_$5,missing,A,0,0,1.0234375,-0.08459473,-1.1796875,1.1080322,-0.8564453125,-0.6761067658662797,-0.6761067658662797,0.48879373,0.25720984,0.2539965
149,290546$_$7,missing,A,0,0,1.4267578,-1.1005859,-1.1376953,2.5273438,-1.3232421875,-1.0495442658662797,-1.0495442658662797,0.49429363,0.26717836,0.238528
150,290546$_$6,missing,A,0,1,0.17407227,1.3603516,-0.6274414,-1.1862793,-0.0229949951171875,-0.009346511960029665,-0.009346511960029665,0.4302271,0.2535836,0.31618926
151,2S00zYaVrtc$_$10,missing,A,0,1,0.58154297,1.0751953,-1.0791016,-0.49365234,-0.640625,-0.5034505158662798,-0.5034505158662798,0.49116573,0.20756225,0.30127198
152,2S00zYaVrtc$_$12,missing,A,2,1,0.33129883,1.5068359,-0.8676758,-2.3745117,-0.255615234375,-0.19544270336627967,-0.19544270336627967,0.4623408,0.18097301,0.3566862
153,2S00zYaVrtc$_$20,missing,A,2,1,-0.011993408,1.5302734,-0.59277344,-2.1230469,0.021942138671875,0.02660319507122034,0.02660319507122034,0.45892578,0.20145261,0.3396216
154,2S00zYaVrtc$_$17,missing,A,0,1,0.4777832,1.1904297,-0.8208008,-0.7126465,-0.45068359375,-0.35149739086627974,-0.35149739086627974,0.47520298,0.21503548,0.30976152
155,2S00zYaVrtc$_$5,missing,A,2,1,0.47583008,1.2832031,-0.97802734,-2.2612305,-0.39111328125,-0.30384114086627967,-0.30384114086627967,0.47135195,0.21874727,0.3099008
156,2S00zYaVrtc$_$4,missing,A,2,1,0.6508789,1.1494141,-1.2314453,-2.3808594,-0.5283203125,-0.41360676586627965,-0.41360676586627965,0.49752247,0.20747103,0.29500648
157,2Xt31_d0XEE$_$2,missing,A,2,1,-0.08081055,1.0556641,-0.13195801,-1.1876221,0.1343994140625,0.11656901538372035,0.11656901538372035,0.40558293,0.3238544,0.27056268
158,31474$_$11,missing,A,1,1,-0.022369385,1.9941406,-0.56591797,2.01651,0.13427734375,0.11647135913372034,0.11647135913372034,0.44583642,0.20027491,0.35388866
159,31474$_$14,missing,A,0,1,-0.068115234,1.5761719,-0.5073242,-1.6442871,-0.07623291015625,-0.051936843991279666,-0.051936843991279666,0.45107523,0.20225675,0.34666795
160,31474$_$0,missing,A,2,1,0.6113281,0.9248047,-0.9682617,-1.8930664,-0.240966796875,-0.18372395336627967,-0.18372395336627967,0.46279693,0.24321581,0.29398724
161,31474$_$3,missing,A,1,1,0.15014648,1.2900391,-0.6567383,1.1398926,-0.035400390625,-0.019270828366279663,-0.019270828366279663,0.45793706,0.24137107,0.30069184
162,31474$_$6,missing,A,0,1,0.25268555,1.6152344,-0.7915039,-1.3625488,-0.075927734375,-0.051692703366279666,-0.051692703366279666,0.46152484,0.2020219,0.33645323
163,31474$_$9,missing,A,0,1,-0.05923462,1.8779297,-0.5932617,-1.9371643,-0.025482177734375,-0.011336258053779663,-0.011336258053779663,0.42508554,0.24716881,0.32774562
164,31474$_$8,missing,A,0,1,0.23364258,1.7900391,-0.85058594,-1.5563965,-0.1134033203125,-0.08167317211627967,-0.08167317211627967,0.42745775,0.2480123,0.3245299
165,32681$_$1,missing,A,0,1,0.65771484,1.0224609,-0.9301758,-0.3647461,-0.31591796875,-0.24368489086627967,-0.24368489086627967,0.4806385,0.20379058,0.31557092
166,32681$_$3,missing,A,0,0,1.3193359,0.2915039,-1.5654297,1.027832,-1.0859375,-0.8597005158662797,-0.8597005158662797,0.4795415,0.25527185,0.2651866
167,32681$_$5,missing,A,0,0,1.4541016,0.15319824,-1.6054688,1.3009033,-1.115234375,-0.8831380158662797,-0.8831380158662797,0.5042116,0.21793872,0.27784964
168,32681$_$6,missing,A,0,1,0.7192383,0.73339844,-1.0830078,-0.014160156,-0.50341796875,-0.39368489086627967,-0.39368489086627967,0.4479261,0.30224875,0.24982515
169,33170$_$1,missing,A,0,0,1.5527344,-0.81152344,-1.2666016,2.3642578,-1.451171875,-1.1518880158662796,-1.1518880158662796,0.48454744,0.2759897,0.2394629
170,33170$_$3,missing,A,0,0,1.2587891,-0.3203125,-1.1103516,1.5791016,-1.1103515625,-0.8792317658662797,-0.8792317658662797,0.46585596,0.27069384,0.26345024
171,33170$_$4,missing,A,0,0,1.0039062,-0.015716553,-0.94091797,1.0196228,-0.77197265625,-0.6085286408662798,-0.6085286408662798,0.47004864,0.27037224,0.25957912
172,3MFNIag0wNE$_$12,missing,A,0,0,2.2011719,-1.2861328,-1.8642578,3.4873047,-1.970703125,-1.5675130158662798,-1.5675130158662798,0.56392217,0.16510208,0.2709757
173,3MFNIag0wNE$_$14,missing,A,0,0,1.4785156,0.33276367,-1.5957031,1.145752,-1.052734375,-0.8331380158662798,-0.8331380158662798,0.5202517,0.1911491,0.28859928
174,3MFNIag0wNE$_$16,missing,A,1,1,0.43530273,1.1601562,-1.0498047,0.7248535,-0.44873046875,-0.3499348908662797,-0.3499348908662797,0.47775725,0.23556519,0.28667757
175,3MFNIag0wNE$_$7,missing,A,0,0,1.0927734,0.6347656,-1.4130859,0.4580078,-0.833984375,-0.6581380158662797,-0.6581380158662797,0.50048655,0.20461486,0.2948986
176,3V2qm0rw920$_$11,missing,A,2,1,0.6845703,0.7680664,-0.96435547,-1.7324219,-0.35498046875,-0.27493489086627965,-0.27493489086627965,0.44833973,0.27058375,0.28107655
177,3V2qm0rw920$_$13,missing,A,2,0,0.58447266,0.46606445,-0.7705078,-1.3549805,-0.205322265625,-0.15520832836627968,-0.15520832836627968,0.4680328,0.26293385,0.26903334
178,3V2qm0rw920$_$3,missing,A,1,1,0.15441895,1.5498047,-0.6479492,1.3953857,0.14111328125,0.12194010913372035,0.12194010913372035,0.44186974,0.20129429,0.35683596
179,3j94B0pzSVs$_$12,missing,A,2,1,0.05343628,1.9267578,-0.62353516,-2.550293,-0.187744140625,-0.14114582836627967,-0.14114582836627967,0.43821415,0.24168696,0.3200989
180,3j94B0pzSVs$_$17,missing,A,0,1,0.81396484,0.94433594,-1.1865234,-0.1303711,-0.74072265625,-0.5835286408662798,-0.5835286408662798,0.4874438,0.21091966,0.30163658
181,3j94B0pzSVs$_$1,missing,A,0,0,1.3232422,-0.045013428,-1.4638672,1.3682556,-1.150390625,-0.9112630158662798,-0.9112630158662798,0.50073594,0.23916003,0.26010406
182,3j94B0pzSVs$_$0,missing,A,1,0,1.6181641,-0.13000488,-1.7255859,-1.748169,-1.3564453125,-1.0761067658662797,-1.0761067658662797,0.5094378,0.22331657,0.26724565
183,4cFeG2ydm9A$_$8,missing,A,2,1,-0.20141602,1.7841797,-0.35791016,-2.1420898,0.1207275390625,0.10563151538372034,0.10563151538372034,0.4490167,0.19798669,0.35299662
184,4dV3slGSc60$_$10,missing,A,2,1,0.34277344,1.2216797,-0.88916016,-2.1108398,-0.172607421875,-0.12903645336627967,-0.12903645336627967,0.46671724,0.24234577,0.29093698
185,4dV3slGSc60$_$12,missing,A,2,1,0.1295166,0.99609375,-0.52441406,-1.5205078,-0.150146484375,-0.11106770336627966,-0.11106770336627966,0.45055678,0.26838455,0.28105867
186,4dV3slGSc60$_$22,missing,A,2,0,2.2832031,-1.1572266,-1.6982422,-3.9814453,-1.85546875,-1.4753255158662797,-1.4753255158662797,0.5396042,0.19165303,0.26874274
187,4dV3slGSc60$_$9,missing,A,2,0,0.6791992,0.5449219,-1.0654297,-1.7446289,-0.458984375,-0.3581380158662797,-0.3581380158662797,0.4611766,0.26614544,0.27267793
188,4dV3slGSc60$_$8,missing,A,2,1,0.29760742,0.78808594,-0.67822266,-1.4663086,-0.003635406494140625,0.0061411589384078365,0.0061411589384078365,0.45283148,0.25813204,0.28903645
189,50103$_$3,missing,A,0,0,2.0351562,-1.0732422,-1.9951172,3.1083984,-1.85546875,-1.4753255158662797,-1.4753255158662797,0.52073914,0.2236046,0.2556563
190,5B0PQx3Ep3k$_$5,missing,A,2,0,1.6494141,-0.18579102,-1.4873047,-3.1367188,-1.2841796875,-1.0182942658662797,-1.0182942658662797,0.5396833,0.16846651,0.29185024
191,5O1W39o56gg$_$1,missing,A,1,1,-0.14465332,1.7080078,-0.37280273,1.8526611,0.0701904296875,0.06520182788372034,0.06520182788372034,0.4536737,0.21329072,0.3330356
192,5O1W39o56gg$_$2,missing,A,1,1,0.37817383,1.4755859,-0.84521484,1.0974121,-0.1629638671875,-0.12132160961627966,-0.12132160961627966,0.45133272,0.22552358,0.32314363
193,5O1W39o56gg$_$9,missing,A,2,1,-0.013397217,1.6962891,-0.54785156,-2.2441406,0.01110076904296875,0.017930099368095337,0.017930099368095337,0.4568851,0.202423,0.3406919
194,5i6AgQSjXO4$_$3,missing,A,2,1,-0.022125244,1.3525391,-0.44580078,-1.7983398,-0.0350341796875,-0.018977859616279666,-0.018977859616279666,0.44341895,0.290793,0.26578802
195,5i6AgQSjXO4$_$2,missing,A,2,0,1.1728516,0.23547363,-1.3701172,-2.5429688,-0.90087890625,-0.7116536408662797,-0.7116536408662797,0.5051069,0.24261853,0.25227454
196,5i6AgQSjXO4$_$6,missing,A,1,1,0.30786133,1.6025391,-0.96240234,1.2946777,0.07275390625,0.06725260913372033,0.06725260913372033,0.47808284,0.19474487,0.32717225
197,5kaCGzjYukM$_$0,missing,A,1,0,1.3603516,0.18127441,-1.5576172,-1.1790771,-1.1181640625,-0.8854817658662797,-0.8854817658662797,0.5013149,0.22469388,0.27399126
198,5kaCGzjYukM$_$3,missing,A,0,0,1.2255859,0.6230469,-1.4013672,0.60253906,-0.6044921875,-0.47454426586627974,-0.47454426586627974,0.515105,0.18883969,0.29605535
199,5kaCGzjYukM$_$2,missing,A,0,0,1.2900391,0.22839355,-1.4082031,1.0616455,-0.8330078125,-0.6573567658662798,-0.6573567658662798,0.4922495,0.234458,0.2732925
200,5kaCGzjYukM$_$5,missing,A,0,0,1.1728516,0.38842773,-1.3017578,0.7844238,-0.6787109375,-0.5339192658662797,-0.5339192658662797,0.49548155,0.21646579,0.28805265
201,5kaCGzjYukM$_$7,missing,A,2,0,2.3164062,-1.1660156,-1.9072266,-4.223633,-2.013671875,-1.6018880158662798,-1.6018880158662798,0.5592972,0.16271102,0.2779918
202,6KvG5VbLalY$_$9,missing,A,2,0,0.6230469,0.50390625,-0.88720703,-1.5102539,-0.319091796875,-0.2462239533662797,-0.2462239533662797,0.42950365,0.31757307,0.25292328
203,6ZA8I83x-oY$_$0,missing,A,2,1,0.30395508,0.87890625,-0.7089844,-1.5878906,-0.1201171875,-0.08704426586627967,-0.08704426586627967,0.4496952,0.260328,0.2899768
204,6ZA8I83x-oY$_$2,missing,A,2,0,1.5947266,-0.4387207,-1.6044922,-3.1992188,-1.390625,-1.1034505158662797,-1.1034505158662797,0.4944491,0.26023167,0.24531917
205,6hFiTU77Sm0$_$1,missing,A,2,1,-0.34375,1.8056641,-0.2454834,-2.0511475,0.094482421875,0.08463542163372034,0.08463542163372034,0.41339755,0.26452973,0.32207268
206,6hFiTU77Sm0$_$2,missing,A,1,1,-0.59277344,1.5361328,0.20166016,1.3344727,0.26708984375,0.22272135913372035,0.22272135913372035,0.3729959,0.3569009,0.2701032
207,6uPGcKTpC4I$_$1,missing,A,2,0,1.3583984,0.23132324,-1.4589844,-2.8173828,-1.1005859375,-0.8714192658662797,-0.8714192658662797,0.50796205,0.20630379,0.28573415
208,6uPGcKTpC4I$_$2,missing,A,2,0,1.0351562,-0.12133789,-1.0419922,-2.0771484,-0.83984375,-0.6628255158662797,-0.6628255158662797,0.4685424,0.26166165,0.26979595
209,6uPGcKTpC4I$_$6,missing,A,2,1,0.0036315918,1.3857422,-0.41967773,-1.8054199,0.3154296875,0.2613932341337204,0.2613932341337204,0.433677,0.2503111,0.3160119
210,70280$_$11,missing,A,0,1,0.040740967,1.4619141,-0.34301758,-1.4211731,0.10595703125,0.09381510913372035,0.09381510913372035,0.4441362,0.2656368,0.290227
211,70280$_$3,missing,A,0,1,0.37646484,1.359375,-0.79541016,-0.98291016,-0.2109375,-0.15970051586627967,-0.15970051586627967,0.45604283,0.26270482,0.2812524
212,70280$_$4,missing,A,2,1,0.15283203,1.4482422,-0.6010742,-2.0493164,-0.07061767578125,-0.047444656491279665,-0.047444656491279665,0.4391324,0.27740034,0.2834672
213,70280$_$6,missing,A,0,1,0.44482422,1.0390625,-0.73779297,-0.5942383,-0.1572265625,-0.11673176586627967,-0.11673176586627967,0.45888138,0.27642748,0.26469117
214,75RGHaxmUK8$_$3,missing,A,2,0,0.99072266,0.58203125,-1.1494141,-2.1401367,-0.6455078125,-0.5073567658662798,-0.5073567658662798,0.4777903,0.22090696,0.30130276
215,75RGHaxmUK8$_$5,missing,A,1,1,0.04156494,1.6669922,-0.546875,1.6254272,-0.1259765625,-0.09173176586627967,-0.09173176586627967,0.42261055,0.2525979,0.32479152
216,7_K3F-lAv1k$_$2,missing,A,2,0,1.9892578,-0.7128906,-1.8037109,-3.7929688,-1.681640625,-1.3362630158662798,-1.3362630158662798,0.52930325,0.1934469,0.2772498
217,7r4vRxKLFCA$_$6,missing,A,2,0,0.87353516,0.19116211,-1.0507812,-1.9243164,-0.6875,-0.5409505158662797,-0.5409505158662797,0.4707852,0.2662682,0.26294658
218,80566$_$1,missing,A,2,1,0.18566895,1.5185547,-0.6064453,-2.125,0.0136871337890625,0.019999191164970335,0.019999191164970335,0.42837447,0.23053843,0.34108707
219,80566$_$0,missing,A,1,1,0.38989258,1.5410156,-0.99560547,1.151123,-0.43115234375,-0.33587239086627974,-0.33587239086627974,0.47560552,0.18574552,0.33864895
220,80566$_$3,missing,A,1,1,0.44848633,1.6005859,-0.8881836,1.1520996,-0.15185546875,-0.11243489086627967,-0.11243489086627967,0.43986535,0.22109737,0.3390373
221,80566$_$2,missing,A,1,1,0.0005187988,1.7451172,-0.41137695,1.7445984,0.16455078125,0.14069010913372035,0.14069010913372035,0.40560532,0.2670488,0.3273459
222,80566$_$4,missing,A,0,1,0.35083008,1.3359375,-0.75146484,-0.9851074,0.04339599609375,0.04376628100872034,0.04376628100872034,0.40421984,0.26673725,0.329043
223,80566$_$6,missing,A,0,1,0.32104492,1.5546875,-0.83740234,-1.2336426,-0.1263427734375,-0.09202473461627966,-0.09202473461627966,0.467325,0.19630612,0.33636886
224,80855$_$11,missing,A,1,1,-0.10900879,1.7568359,-0.4807129,1.8658447,0.13623046875,0.11803385913372035,0.11803385913372035,0.4262231,0.245803,0.3279739
225,80855$_$10,missing,A,1,1,0.46655273,1.3583984,-0.99316406,0.8918457,-0.473876953125,-0.37005207836627974,-0.37005207836627974,0.44955534,0.22495383,0.32549083
226,80855$_$12,missing,A,0,1,0.75146484,1.0673828,-1.3369141,-0.31591797,-0.5234375,-0.40970051586627965,-0.40970051586627965,0.4809991,0.23646963,0.2825313
227,80855$_$15,missing,A,2,1,0.7680664,0.97265625,-1.1279297,-2.100586,-0.58740234375,-0.46087239086627974,-0.46087239086627974,0.4774744,0.23174563,0.29077995
228,80855$_$17,missing,A,0,0,1.8095703,-0.30664062,-1.7910156,2.116211,-1.537109375,-1.2206380158662797,-1.2206380158662797,0.53748876,0.16552009,0.29699114
229,80855$_$0,missing,A,1,1,0.27661133,1.6347656,-0.7680664,1.3581543,-0.04901123046875,-0.03015950024127967,-0.03015950024127967,0.4342918,0.21359958,0.3521086
230,80855$_$3,missing,A,1,1,0.30664062,1.796875,-0.92626953,1.4902344,0.0012226104736328125,0.010027572512626587,0.010027572512626587,0.44113678,0.21824534,0.34061795
231,80855$_$2,missing,A,1,1,0.10131836,1.7587891,-0.5913086,1.6574707,-0.055938720703125,-0.035701492428779666,-0.035701492428779666,0.43893012,0.20453586,0.356534
232,80855$_$7,missing,A,1,1,0.12780762,1.7724609,-0.49853516,1.6446533,0.01047515869140625,0.017429611086845338,0.017429611086845338,0.4425897,0.19709252,0.36031783
233,80855$_$20,missing,A,2,1,0.16809082,1.5224609,-0.68896484,-2.2114258,-0.265869140625,-0.20364582836627967,-0.20364582836627967,0.43752134,0.23154919,0.3309295
234,830KzUc6CbU$_$0,missing,A,1,1,0.8286133,0.8720703,-1.3330078,0.04345703,-1.017578125,-0.8050130158662797,-0.8050130158662797,0.4978811,0.20443924,0.2976796
235,830KzUc6CbU$_$13,missing,A,0,0,1.8535156,-0.7661133,-1.8232422,2.619629,-1.857421875,-1.4768880158662798,-1.4768880158662798,0.5342303,0.20735347,0.2584162
236,84140$_$0,missing,A,2,0,0.5854492,0.118652344,-0.85839844,-1.4438477,-0.314453125,-0.24251301586627969,-0.24251301586627969,0.44166443,0.29024133,0.26809427
237,84140$_$5,missing,A,0,0,1.7763672,-1.2626953,-1.6669922,3.0390625,-1.75390625,-1.3940755158662799,-1.3940755158662799,0.5101708,0.24841586,0.24141334
238,89835$_$1,missing,A,2,0,1.1416016,0.5986328,-1.3564453,-2.4980469,-0.74072265625,-0.5835286408662798,-0.5835286408662798,0.45445052,0.2530888,0.2924607
239,89835$_$0,missing,A,1,1,0.57958984,1.2900391,-0.92578125,0.7104492,-0.04254150390625,-0.024983718991279665,-0.024983718991279665,0.45068023,0.20791088,0.3414089
240,89835$_$4,missing,A,0,0,2.3164062,-1.0380859,-1.9736328,3.3544922,-1.78515625,-1.4190755158662798,-1.4190755158662798,0.51651734,0.22169612,0.26178652
241,89835$_$7,missing,A,0,0,1.7255859,-0.1217041,-1.7705078,1.84729,-1.2822265625,-1.0167317658662798,-1.0167317658662798,0.47684413,0.25495443,0.26820147
242,8eaYvALnJ0o$_$1,missing,A,2,1,0.34155273,1.5898438,-0.95751953,-2.5473633,-0.1080322265625,-0.07737629711627966,-0.07737629711627966,0.4703376,0.22751354,0.30214888
243,8eaYvALnJ0o$_$0,missing,A,2,1,-0.32250977,1.5830078,-0.15405273,-1.7370605,0.1966552734375,0.16637370288372036,0.16637370288372036,0.4347908,0.22149485,0.34371436
244,8x_nCOh6Wmc$_$6,missing,A,2,0,2.1542969,-1.1464844,-1.7529297,-3.9072266,-1.87109375,-1.4878255158662799,-1.4878255158662799,0.5470209,0.18595485,0.26702428
245,96642$_$1,missing,A,0,0,0.7602539,0.5239258,-1.1962891,0.23632812,-0.61962890625,-0.4866536408662797,-0.4866536408662797,0.48482433,0.20368744,0.31148827
246,96642$_$3,missing,A,2,1,0.20080566,0.9707031,-0.74658203,-1.7172852,-0.231689453125,-0.17630207836627967,-0.17630207836627967,0.45173946,0.23030435,0.3179562
247,96642$_$2,missing,A,1,0,0.7036133,0.3791504,-1.1298828,-0.3244629,-0.755859375,-0.5956380158662797,-0.5956380158662797,0.4734447,0.23584437,0.29071093
248,96642$_$4,missing,A,0,0,1.8359375,-0.61572266,-1.7763672,2.4516602,-1.6845703125,-1.3386067658662797,-1.3386067658662797,0.5395615,0.18700533,0.27343318
249,99501$_$10,missing,A,0,1,0.5175781,1.0078125,-1.1181641,-0.49023438,-0.4423828125,-0.34485676586627967,-0.34485676586627967,0.465788,0.2562821,0.27792987
250,99501$_$13,missing,A,0,0,1.5771484,-0.32348633,-1.75,1.9006348,-1.560546875,-1.2393880158662798,-1.2393880158662798,0.5046892,0.23205233,0.26325843
251,99501$_$1,missing,A,1,1,0.6147461,0.9814453,-1.0673828,0.36669922,-0.7197265625,-0.5667317658662797,-0.5667317658662797,0.48187464,0.22272916,0.29539615
252,99501$_$0,missing,A,1,1,0.17211914,1.9873047,-0.72265625,1.8151855,0.147705078125,0.12721354663372034,0.12721354663372034,0.41683188,0.24218512,0.34098294
253,99501$_$5,missing,A,0,0,1.2734375,-0.13012695,-1.5703125,1.4035645,-1.16796875,-0.9253255158662798,-0.9253255158662798,0.49939778,0.24124683,0.2593554
254,99501$_$7,missing,A,2,1,0.5878906,1.2353516,-1.1884766,-2.4238281,-0.4091796875,-0.31829426586627974,-0.31829426586627974,0.47222394,0.23613915,0.29163688
255,9QI-9w_VdB4$_$0,missing,A,2,1,-0.115722656,0.9404297,-0.017822266,-0.95825195,0.228759765625,0.19205729663372034,0.19205729663372034,0.41112947,0.30615428,0.28271624
256,AG5EY8ZaFj4$_$3,missing,A,1,1,-0.2619629,1.9697266,-0.3881836,2.2316895,0.0733642578125,0.06774089038372033,0.06774089038372033,0.41340557,0.2783474,0.30824697
257,AG5EY8ZaFj4$_$15,missing,A,1,1,0.74902344,0.8676758,-1.1494141,0.118652344,-0.46826171875,-0.3655598908662797,-0.3655598908662797,0.45951515,0.27204186,0.26844302
258,Arh2TKRi_mg$_$15,missing,A,2,1,0.28027344,1.6318359,-0.87939453,-2.5112305,-0.14453125,-0.10657551586627967,-0.10657551586627967,0.45077556,0.24658386,0.30264062
259,Arh2TKRi_mg$_$14,missing,A,2,1,0.35131836,1.5498047,-0.84716797,-2.3969727,0.01763916015625,0.02316081225872034,0.02316081225872034,0.47386202,0.22145458,0.3046834
260,Arh2TKRi_mg$_$16,missing,A,1,1,0.5761719,1.015625,-0.9370117,0.43945312,-0.1627197265625,-0.12112629711627967,-0.12112629711627967,0.44788715,0.28110328,0.27100965
261,Arh2TKRi_mg$_$19,missing,A,2,1,0.118652344,1.6396484,-0.61865234,-2.2583008,-0.08966064453125,-0.06267903149127967,-0.06267903149127967,0.47308496,0.22232194,0.30459312
262,Arh2TKRi_mg$_$32,missing,A,2,0,1.7490234,-0.039642334,-1.7294922,-3.4785156,-1.3056640625,-1.0354817658662798,-1.0354817658662798,0.541827,0.15727952,0.30089343
263,Arh2TKRi_mg$_$28,missing,A,0,1,-0.21569824,2.0507812,-0.29516602,-2.2664795,0.043975830078125,0.044230148196220335,0.044230148196220335,0.42548668,0.24548848,0.32902485
264,Arh2TKRi_mg$_$3,missing,A,2,0,1.1337891,0.7836914,-1.4228516,-2.5566406,-0.7578125,-0.5972005158662798,-0.5972005158662798,0.5001217,0.20740506,0.29247323
265,AxNy9TeTLq8$_$0,missing,A,2,1,0.18835449,0.48999023,-0.45996094,-0.9499512,-0.13720703125,-0.10071614086627967,-0.10071614086627967,0.45205832,0.3084897,0.23945203
266,BSKAHXFYF_I$_$1,missing,A,1,1,-0.2130127,1.7724609,-0.35083008,1.9854736,0.1654052734375,0.14137370288372034,0.14137370288372034,0.42071125,0.26612324,0.31316555
267,BSKAHXFYF_I$_$3,missing,A,1,0,0.93310547,0.3544922,-1.3515625,-0.5786133,-0.93017578125,-0.7350911408662797,-0.7350911408662797,0.49815032,0.25202903,0.24982065
268,BSKAHXFYF_I$_$7,missing,A,1,1,-0.25390625,1.6591797,-0.33618164,1.9130859,0.1341552734375,0.11637370288372034,0.11637370288372034,0.42077637,0.26885772,0.31036592
269,BSKAHXFYF_I$_$8,missing,A,1,1,0.17382812,1.7490234,-0.77734375,1.5751953,0.0240325927734375,0.028275558352470337,0.028275558352470337,0.44329676,0.23391731,0.3227859
270,Baz0VVQ-E9E$_$10,missing,A,0,1,-0.44677734,1.4560547,0.20751953,-1.902832,0.188232421875,0.15963542163372035,0.15963542163372035,0.37370375,0.35543644,0.2708598
271,Baz0VVQ-E9E$_$1,missing,A,1,1,-0.28564453,1.2851562,-0.08666992,1.3718262,0.09307861328125,0.08351237475872034,0.08351237475872034,0.40783706,0.2881928,0.30397013
272,Baz0VVQ-E9E$_$5,missing,A,0,1,0.3400879,1.4208984,-0.70654297,-1.0808105,-0.08935546875,-0.062434890866279666,-0.062434890866279666,0.43979964,0.20565198,0.35454836
273,Baz0VVQ-E9E$_$7,missing,A,2,1,0.42041016,0.8569336,-0.6069336,-1.4638672,-0.372314453125,-0.2888020783662797,-0.2888020783662797,0.45909673,0.24703369,0.29386958
274,CJGuudyvA0Y$_$4,missing,A,2,0,1.34375,0.0082092285,-1.5185547,-2.8623047,-1.2529296875,-0.9932942658662798,-0.9932942658662798,0.49825397,0.23645273,0.2652933
275,CPjbogfLHR4$_$2,missing,A,2,1,0.39233398,1.5488281,-0.8208008,-2.369629,-0.08984375,-0.06282551586627967,-0.06282551586627967,0.43932465,0.22045046,0.3402249
276,CPjbogfLHR4$_$5,missing,A,2,0,1.3408203,0.20422363,-1.5263672,-2.8671875,-0.904296875,-0.7143880158662798,-0.7143880158662798,0.4983302,0.22526585,0.27640387
277,DdUJojoFU_c$_$11,missing,A,2,1,0.10021973,0.8544922,-0.43017578,-1.284668,-0.028594970703125,-0.013826492428779664,-0.013826492428779664,0.4436696,0.2657065,0.29062393
278,DdUJojoFU_c$_$15,missing,A,2,1,-0.39672852,1.7197266,-0.08465576,-1.8043823,0.27587890625,0.22975260913372034,0.22975260913372034,0.37543428,0.36097252,0.26359317
279,DdUJojoFU_c$_$14,missing,A,2,1,0.1541748,1.0585938,-0.5932617,-1.6518555,0.0517578125,0.05045573413372034,0.05045573413372034,0.45063105,0.24801186,0.30135703
280,DdUJojoFU_c$_$17,missing,A,1,1,0.69384766,0.7832031,-1.0175781,0.08935547,-0.3193359375,-0.24641926586627969,-0.24641926586627969,0.48198444,0.23583172,0.28218383
281,DdUJojoFU_c$_$16,missing,A,2,0,0.9741211,0.07409668,-1.0947266,-2.0688477,-0.7119140625,-0.5604817658662797,-0.5604817658662797,0.51185274,0.19711529,0.29103202
282,DdUJojoFU_c$_$2,missing,A,2,0,1.6640625,-1.0771484,-1.2138672,-2.8779297,-1.580078125,-1.2550130158662798,-1.2550130158662798,0.49834815,0.25138655,0.2502653
283,DdUJojoFU_c$_$6,missing,A,1,0,0.74902344,0.05130005,-0.82177734,-0.6977234,-0.611328125,-0.48001301586627965,-0.48001301586627965,0.49948287,0.20259956,0.29791754
284,DdUJojoFU_c$_$8,missing,A,2,0,1.0771484,-0.26464844,-1.0146484,-2.0917969,-0.865234375,-0.6831380158662798,-0.6831380158662798,0.48823652,0.23881708,0.2729464
285,DlbYiwOnTyk$_$1,missing,A,1,1,0.8520508,1.0175781,-1.3251953,0.16552734,-0.5146484375,-0.4026692658662797,-0.4026692658662797,0.47826207,0.23737298,0.28436497
286,E8MuzHUhUHk$_$15,missing,A,2,1,0.0018463135,1.53125,-0.4958496,-2.0270996,0.00308990478515625,0.011521407961845337,0.011521407961845337,0.42558777,0.23870195,0.3357103
287,E8MuzHUhUHk$_$14,missing,A,2,1,0.19506836,1.1738281,-0.6459961,-1.8198242,-0.035186767578125,-0.019099929928779666,-0.019099929928779666,0.42668453,0.29364568,0.27966982
288,E8MuzHUhUHk$_$16,missing,A,2,0,1.8095703,-0.37768555,-1.6298828,-3.4394531,-1.3681640625,-1.0854817658662796,-1.0854817658662796,0.5142001,0.19848087,0.28731897
289,E8MuzHUhUHk$_$2,missing,A,2,1,0.6538086,0.88671875,-0.94384766,-1.8305664,-0.2763671875,-0.21204426586627967,-0.21204426586627967,0.45960647,0.25791842,0.28247514
290,E8MuzHUhUHk$_$9,missing,A,2,1,-0.0871582,1.4326172,-0.5180664,-1.9506836,-0.0259552001953125,-0.011714676022529666,-0.011714676022529666,0.42264017,0.28919128,0.28816852
291,EEjCkc82oyk$_$7,missing,A,0,1,0.68896484,1.0595703,-1.03125,-0.37060547,-0.564453125,-0.44251301586627967,-0.44251301586627967,0.47833252,0.22556323,0.29610428
292,EEjCkc82oyk$_$9,missing,A,0,1,0.4169922,1.2158203,-0.8647461,-0.7988281,-0.3447265625,-0.26673176586627967,-0.26673176586627967,0.48449105,0.21474612,0.3007628
293,EQxkXiWAm08$_$8,missing,A,1,1,0.6245117,1.2910156,-1.1142578,0.6665039,-0.35986328125,-0.27884114086627965,-0.27884114086627965,0.4205517,0.25768968,0.3217586
294,ET1cU5_A2YM$_$1,missing,A,0,1,0.30249023,1.2558594,-0.7919922,-0.95336914,-0.373291015625,-0.28958332836627965,-0.28958332836627965,0.4755758,0.21490431,0.3095199
295,ET1cU5_A2YM$_$3,missing,A,0,1,0.057006836,1.4091797,-0.6274414,-1.3521729,-0.152099609375,-0.11263020336627967,-0.11263020336627967,0.44698572,0.22638924,0.32662502
296,ET1cU5_A2YM$_$6,missing,A,0,1,0.8232422,0.8413086,-1.2158203,-0.018066406,-0.6435546875,-0.5057942658662797,-0.5057942658662797,0.47824544,0.22417606,0.29757854
297,EmmuWoCUgXs$_$22,missing,A,1,1,0.3815918,1.5185547,-0.8852539,1.1369629,-0.22607421875,-0.17180989086627968,-0.17180989086627968,0.4590099,0.1813804,0.3596097
298,EmmuWoCUgXs$_$7,missing,A,0,0,1.6025391,-0.26098633,-1.5947266,1.8635254,-1.3564453125,-1.0761067658662797,-1.0761067658662797,0.5298211,0.1871235,0.28305542
299,Es9MkKsMsjU$_$10,missing,A,1,1,-0.09423828,0.9140625,-0.17456055,1.0083008,0.10675048828125,0.09444987475872034,0.09444987475872034,0.41620028,0.32319933,0.26060042
300,Es9MkKsMsjU$_$12,missing,A,0,0,0.6166992,-0.013580322,-0.5439453,0.63027954,-0.33154296875,-0.2561848908662797,-0.2561848908662797,0.460596,0.284808,0.25459602
301,Es9MkKsMsjU$_$2,missing,A,0,0,1.3505859,-0.28100586,-1.2802734,1.6315918,-1.146484375,-0.9081380158662797,-0.9081380158662797,0.4809216,0.27671278,0.24236564
302,Es9MkKsMsjU$_$7,missing,A,0,0,0.7290039,0.3215332,-0.9399414,0.4074707,-0.7421875,-0.5847005158662797,-0.5847005158662797,0.456834,0.29023117,0.25293478
303,Ezn3p5FWF_U$_$4,missing,A,2,0,1.7119141,-0.49389648,-1.6591797,-3.3710938,-1.517578125,-1.2050130158662797,-1.2050130158662797,0.4975314,0.25385126,0.24861732
304,F1U26PLiXjM$_$1,missing,A,2,1,0.39233398,1.4130859,-0.9042969,-2.3173828,-0.16259765625,-0.12102864086627968,-0.12102864086627968,0.47814277,0.22798936,0.29386786
305,F6JV-K840EY$_$2,missing,A,0,0,0.84228516,0.8120117,-1.1162109,0.030273438,-0.5556640625,-0.43548176586627974,-0.43548176586627974,0.48431513,0.2085436,0.30714127
306,FB_b1dm0SRY$_$10,missing,A,0,0,0.98583984,0.9194336,-1.4619141,0.06640625,-0.8857421875,-0.6995442658662797,-0.6995442658662797,0.4909668,0.2169261,0.2921071
307,FB_b1dm0SRY$_$0,missing,A,1,1,0.7885742,0.88964844,-1.171875,0.10107422,-0.6494140625,-0.5104817658662797,-0.5104817658662797,0.46754688,0.24706785,0.28538528
308,FB_b1dm0SRY$_$6,missing,A,0,1,-0.7270508,2.0039062,0.16442871,-2.730957,0.1502685546875,0.12926432788372033,0.12926432788372033,0.39004758,0.31761673,0.2923357
309,FB_b1dm0SRY$_$9,missing,A,0,0,0.76416016,0.3322754,-1.0400391,0.43188477,-0.5234375,-0.40970051586627965,-0.40970051586627965,0.48298854,0.24845313,0.26855832
310,FB_b1dm0SRY$_$8,missing,A,2,1,0.10144043,1.1689453,-0.6352539,-1.8041992,-0.0389404296875,-0.022102859616279665,-0.022102859616279665,0.4634637,0.25810707,0.2784293
311,FxxJB8hBpyQ$_$1,missing,A,0,1,0.15759277,1.1220703,-0.6225586,-0.96447754,-0.1065673828125,-0.07620442211627967,-0.07620442211627967,0.41838497,0.30963895,0.27197608
312,Fy0Uid9afM8$_$0,missing,A,1,1,-0.40966797,0.53222656,0.30786133,0.22436523,0.59228515625,0.48287760913372035,0.48287760913372035,0.41277355,0.32605428,0.26117224
313,Fy0Uid9afM8$_$3,missing,A,0,1,-0.28808594,0.6699219,0.13684082,-0.9580078,0.316650390625,0.2623697966337204,0.2623697966337204,0.39466137,0.3687673,0.23657136
314,Fy0Uid9afM8$_$5,missing,A,1,1,0.3371582,0.53222656,-0.70947266,0.19506836,-0.41552734375,-0.32337239086627967,-0.32337239086627967,0.43035898,0.29684588,0.27279517
315,Fy0Uid9afM8$_$4,missing,A,0,1,-0.040802002,1.5634766,-0.4650879,-1.6042786,0.1527099609375,0.13121745288372033,0.13121745288372033,0.41738042,0.29602388,0.28659576
316,H1DpVwktfDQ$_$0,missing,A,0,1,0.40600586,1.2607422,-0.7182617,-0.8547363,-0.051910400390625,-0.03247883617877967,-0.03247883617877967,0.42670506,0.2207126,0.3525823
317,HGicRLwgtkM$_$1,missing,A,2,0,0.43969727,0.07141113,-0.30151367,-0.74121094,-0.231201171875,-0.17591145336627967,-0.17591145336627967,0.42280325,0.33374116,0.24345556
318,HGicRLwgtkM$_$3,missing,A,1,1,0.11608887,0.89697266,-0.3684082,0.7808838,-0.12255859375,-0.08899739086627967,-0.08899739086627967,0.4274938,0.3054021,0.2671041
319,HGicRLwgtkM$_$2,missing,A,2,1,0.023162842,1.0976562,-0.3647461,-1.4624023,0.07513427734375,0.06915690600872035,0.06915690600872035,0.42847878,0.29110688,0.28041434
320,HGicRLwgtkM$_$6,missing,A,2,1,0.30151367,0.8144531,-0.5317383,-1.3461914,-0.13427734375,-0.09837239086627966,-0.09837239086627966,0.43332982,0.29250762,0.2741625
321,HmXXW45eZL4$_$1,missing,A,0,0,1.6982422,-0.61621094,-1.4931641,2.3144531,-1.2412109375,-0.9839192658662798,-0.9839192658662798,0.5198145,0.21811192,0.26207355
322,HmXXW45eZL4$_$4,missing,A,0,1,0.6948242,1.2373047,-1.2333984,-0.54248047,-0.669921875,-0.5268880158662798,-0.5268880158662798,0.49058968,0.19605033,0.31336004
323,IM6HW1HwHhM$_$11,missing,A,0,1,0.26757812,1.2431641,-0.6386719,-0.97558594,-0.0057525634765625,0.0044474333524703365,0.0044474333524703365,0.4304438,0.27163523,0.29792094
324,IM6HW1HwHhM$_$15,missing,A,2,1,0.68310547,0.72802734,-1.0048828,-1.7329102,-0.330078125,-0.25501301586627967,-0.25501301586627967,0.48032647,0.22987366,0.28979987
325,IM6HW1HwHhM$_$17,missing,A,2,1,0.4128418,1.4248047,-0.91015625,-2.334961,-0.09832763671875,-0.06961262524127967,-0.06961262524127967,0.47581497,0.21326831,0.31091675
326,IUmxJNs2zaY$_$3,missing,A,1,1,0.06262207,0.8564453,-0.4777832,0.79382324,-0.01113128662109375,0.00014445483684533654,0.00014445483684533654,0.42244533,0.3353473,0.2422074
327,IUmxJNs2zaY$_$2,missing,A,1,1,0.4182129,0.99902344,-0.8730469,0.58081055,-0.4443359375,-0.3464192658662797,-0.3464192658662797,0.4741133,0.24258296,0.28330383
328,JAnRCQ9A0vI$_$1,missing,A,1,0,1.4951172,-0.75146484,-1.3056641,-2.246582,-1.3857421875,-1.0995442658662797,-1.0995442658662797,0.49990097,0.258428,0.24167103
329,JAnRCQ9A0vI$_$0,missing,A,1,1,-0.47705078,0.9550781,0.31762695,0.6374512,0.61865234375,0.5039713591337204,0.5039713591337204,0.3844823,0.34704348,0.2684742
330,JAnRCQ9A0vI$_$3,missing,A,2,0,1.6728516,-0.7216797,-1.4287109,-3.1015625,-1.43359375,-1.1378255158662798,-1.1378255158662798,0.51210225,0.24100843,0.24688928
331,JAnRCQ9A0vI$_$2,missing,A,2,0,1.4902344,-0.6723633,-1.2685547,-2.758789,-1.26171875,-1.0003255158662798,-1.0003255158662798,0.5003882,0.2567817,0.24283014
332,JAnRCQ9A0vI$_$5,missing,A,2,1,0.15698242,1.4394531,-0.69384766,-2.1333008,-0.14208984375,-0.10462239086627967,-0.10462239086627967,0.43507573,0.28037974,0.28454453
333,JAnRCQ9A0vI$_$4,missing,A,1,1,-0.08581543,1.7451172,-0.5126953,1.8309326,0.2294921875,0.19264323413372034,0.19264323413372034,0.42388085,0.24710241,0.32901672
334,JAnRCQ9A0vI$_$8,missing,A,2,0,1.6337891,-0.82910156,-1.3349609,-2.96875,-1.4013671875,-1.1120442658662797,-1.1120442658662797,0.50843537,0.24349518,0.24806947
335,JOK1SSmPtFw$_$10,missing,A,2,1,0.44311523,1.7958984,-1.0498047,-2.8457031,-0.3291015625,-0.2542317658662797,-0.2542317658662797,0.47005945,0.1865442,0.3433963
336,JOK1SSmPtFw$_$13,missing,A,2,1,0.6904297,1.4365234,-1.1279297,-2.5644531,-0.46484375,-0.36282551586627965,-0.36282551586627965,0.4576634,0.24382219,0.29851443
337,JOK1SSmPtFw$_$14,missing,A,1,1,0.12976074,2.1503906,-0.84228516,2.02063,0.072509765625,0.06705729663372034,0.06705729663372034,0.45512855,0.21381988,0.3310516
338,JOK1SSmPtFw$_$16,missing,A,1,1,0.21765137,1.8017578,-0.7709961,1.5841064,-0.020172119140625,-0.007088211178779665,-0.007088211178779665,0.45393428,0.21146087,0.33460483
339,JOK1SSmPtFw$_$0,missing,A,2,0,1.0546875,-0.054534912,-0.89941406,-1.9541016,-0.5517578125,-0.4323567658662797,-0.4323567658662797,0.45765954,0.30364418,0.23869625
340,JOK1SSmPtFw$_$5,missing,A,1,1,0.8725586,1.1396484,-1.1806641,0.26708984,-0.37451171875,-0.29055989086627965,-0.29055989086627965,0.47488335,0.23630677,0.28880993
341,JOK1SSmPtFw$_$4,missing,A,1,1,-0.036193848,1.8515625,-0.46435547,1.8877563,-0.13232421875,-0.09680989086627967,-0.09680989086627967,0.45481697,0.20599915,0.33918384
342,JOK1SSmPtFw$_$8,missing,A,1,1,-0.15332031,2.0214844,-0.40698242,2.1748047,0.0989990234375,0.08824870288372035,0.08824870288372035,0.43717527,0.21395274,0.34887198
343,JPT38CA3sGI$_$1,missing,A,0,0,0.625,0.19274902,-0.6796875,0.43225098,-0.2587890625,-0.19798176586627966,-0.19798176586627966,0.4722875,0.21845166,0.3092608
344,JPT38CA3sGI$_$0,missing,A,2,1,0.21472168,1.0263672,-0.55908203,-1.5854492,-0.0762939453125,-0.05198567211627966,-0.05198567211627966,0.41808864,0.2708516,0.3110597
345,JPT38CA3sGI$_$5,missing,A,2,1,0.34399414,1.3603516,-0.85253906,-2.2128906,-0.1280517578125,-0.09339192211627967,-0.09339192211627967,0.4617076,0.20385127,0.33444116
346,JVpF99zuQhA$_$0,missing,A,1,1,0.46801758,0.9765625,-0.7807617,0.5085449,-0.37548828125,-0.2913411408662797,-0.2913411408662797,0.42124614,0.3038382,0.27491572
347,JVpF99zuQhA$_$2,missing,A,1,0,1.0058594,0.4519043,-1.1708984,-0.5539551,-0.79296875,-0.6253255158662797,-0.6253255158662797,0.4574142,0.27605084,0.26653492
348,JVpF99zuQhA$_$4,missing,A,1,1,0.06738281,1.1660156,-0.58935547,1.0986328,-0.153076171875,-0.11341145336627967,-0.11341145336627967,0.41843724,0.26445794,0.31710482
349,K0m1tO3Ybyc$_$15,missing,A,2,1,-0.32299805,1.6298828,-0.20727539,-1.8371582,0.07659912109375,0.07032878100872034,0.07032878100872034,0.38034874,0.33605134,0.2835999
350,K0m1tO3Ybyc$_$8,missing,A,2,1,0.4387207,0.5786133,-0.66259766,-1.2412109,-0.38671875,-0.30032551586627965,-0.30032551586627965,0.44175094,0.3011933,0.25705576
351,K8gp7ncdUl8$_$5,missing,A,0,0,1.6132812,-0.21960449,-1.4970703,1.8328857,-1.109375,-0.8784505158662798,-0.8784505158662798,0.5002138,0.22582407,0.27396208
352,KDjl2exStlI$_$10,missing,A,1,1,-0.19555664,2.0820312,-0.2861328,2.277588,-0.0091705322265625,0.0017130583524703367,0.0017130583524703367,0.44527042,0.21047637,0.34425318
353,KDjl2exStlI$_$13,missing,A,1,1,0.0023345947,1.8984375,-0.49389648,1.8961029,-0.0828857421875,-0.05725910961627967,-0.05725910961627967,0.41191342,0.25040033,0.33768624
354,KDjl2exStlI$_$5,missing,A,1,1,-0.1463623,1.6494141,-0.13183594,1.78125,0.153564453125,0.13190104663372035,0.13190104663372035,0.45163074,0.18895692,0.3594123
355,KDjl2exStlI$_$4,missing,A,1,1,0.55566406,1.5585938,-1.0537109,1.0029297,-0.2451171875,-0.18704426586627967,-0.18704426586627967,0.4800415,0.19837521,0.3215833
356,KkKWFZZmmCM$_$1,missing,A,2,0,1.4423828,0.21899414,-1.7509766,-3.1933594,-1.162109375,-0.9206380158662797,-0.9206380158662797,0.53757185,0.17739172,0.28503647
357,KpMCvUyQCXg$_$1,missing,A,1,1,-0.44848633,1.3212891,0.1484375,1.1728516,0.306884765625,0.25455729663372034,0.25455729663372034,0.39656883,0.33930996,0.2641212
358,KpMCvUyQCXg$_$3,missing,A,1,1,-0.36254883,1.9882812,-0.17834473,2.166626,0.046234130859375,0.04603678882122034,0.04603678882122034,0.4054941,0.27726832,0.31723765
359,KpMCvUyQCXg$_$5,missing,A,2,1,0.0061950684,1.4580078,-0.4284668,-1.8864746,-0.103759765625,-0.07395832836627966,-0.07395832836627966,0.44863462,0.26977718,0.2815882
360,L1eFHRQGFeg$_$2,missing,A,0,0,1.6259766,-0.23937988,-1.59375,1.8653564,-1.3349609375,-1.0589192658662798,-1.0589192658662798,0.5234449,0.19683552,0.27971953
361,MCsvw5-7lVE$_$1,missing,A,2,0,0.51464844,0.45654297,-0.89501953,-1.409668,-0.361083984375,-0.27981770336627965,-0.27981770336627965,0.46506992,0.27027214,0.2646579
362,MCsvw5-7lVE$_$2,missing,A,2,1,0.33496094,1.2978516,-0.92333984,-2.2211914,-0.207763671875,-0.15716145336627968,-0.15716145336627968,0.44073388,0.26837495,0.29089117
363,MCsvw5-7lVE$_$4,missing,A,2,1,-0.11755371,1.5664062,-0.45214844,-2.0185547,0.0657958984375,0.06168620288372034,0.06168620288372034,0.42496112,0.23969293,0.33534598
364,MMpo2bDk-DU$_$10,missing,A,0,0,1.1777344,0.5097656,-1.3271484,0.66796875,-0.5869140625,-0.46048176586627965,-0.46048176586627965,0.44744706,0.25870076,0.29385218
365,MMpo2bDk-DU$_$17,missing,A,0,0,1.2783203,0.33325195,-1.46875,0.94506836,-0.8779296875,-0.6932942658662797,-0.6932942658662797,0.47272727,0.264386,0.26288676
366,MMpo2bDk-DU$_$16,missing,A,1,0,1.3720703,0.3371582,-1.3886719,-1.0349121,-0.7861328125,-0.6198567658662797,-0.6198567658662797,0.49663085,0.19568864,0.30768052
367,MMpo2bDk-DU$_$19,missing,A,2,1,0.7885742,1.0146484,-1.0751953,-2.0898438,-0.1937255859375,-0.14593098461627968,-0.14593098461627968,0.46326518,0.23467247,0.30206236
368,MjaaudUc5-4$_$1,missing,A,0,1,0.3005371,1.484375,-0.7104492,-1.1838379,-0.06622314453125,-0.04392903149127966,-0.04392903149127966,0.4414198,0.2408305,0.3177497
369,MjaaudUc5-4$_$0,missing,A,2,1,0.31567383,1.8261719,-0.86279297,-2.6889648,0.025482177734375,0.029435226321220337,0.029435226321220337,0.47216678,0.1708444,0.3569888
370,MjaaudUc5-4$_$3,missing,A,2,1,0.10522461,1.4814453,-0.58154297,-2.0629883,0.221923828125,0.18658854663372035,0.18658854663372035,0.44300985,0.22489405,0.3320961
371,MjaaudUc5-4$_$6,missing,A,0,1,0.74902344,1.4375,-1.3076172,-0.68847656,-0.298095703125,-0.22942707836627968,-0.22942707836627968,0.49603438,0.17915179,0.3248138
372,MoQmPA7Q07Q$_$1,missing,A,2,1,0.78759766,0.8798828,-1.2060547,-2.0859375,-0.41845703125,-0.32571614086627965,-0.32571614086627965,0.48074278,0.24243246,0.27682477
373,MoQmPA7Q07Q$_$2,missing,A,2,0,1.1132812,0.55371094,-1.3730469,-2.4863281,-0.609375,-0.47845051586627974,-0.47845051586627974,0.4856651,0.2493738,0.2649611
374,N1X63d_jgmw$_$5,missing,A,0,0,1.6767578,-0.69189453,-1.5673828,2.3686523,-1.5029296875,-1.1932942658662797,-1.1932942658662797,0.5241205,0.2118795,0.26399997
375,N5xfBtD6rLY$_$7,missing,A,1,1,0.44433594,1.5078125,-1.0214844,1.0634766,-0.311279296875,-0.23997395336627966,-0.23997395336627966,0.45309213,0.23592097,0.3109869
376,NoZsdSGnNpI$_$7,missing,A,2,0,0.86279297,0.3725586,-1.0986328,-1.9614258,-0.4248046875,-0.3307942658662797,-0.3307942658662797,0.4776845,0.24670354,0.27561197
377,Nrurc5sMUOE$_$5,missing,A,0,0,1.4492188,-0.8022461,-1.21875,2.2514648,-1.1826171875,-0.9370442658662798,-0.9370442658662798,0.49152163,0.26459157,0.2438868
378,Nrurc5sMUOE$_$7,missing,A,0,1,-0.21520996,1.3769531,-0.20715332,-1.5921631,0.154296875,0.13248698413372034,0.13248698413372034,0.41945195,0.25019336,0.33035472
379,Nrurc5sMUOE$_$8,missing,A,0,1,0.27563477,0.71435547,-0.6660156,-0.4387207,-0.25927734375,-0.19837239086627967,-0.19837239086627967,0.4597712,0.28012773,0.2601011
380,NzvNW7vP-Co$_$5,missing,A,2,0,2.0878906,-1.3417969,-1.6298828,-3.7177734,-1.703125,-1.3534505158662797,-1.3534505158662797,0.5443304,0.18167235,0.27399722
381,NzvNW7vP-Co$_$4,missing,A,1,1,0.045562744,1.4873047,-0.64501953,1.441742,-0.14111328125,-0.10384114086627967,-0.10384114086627967,0.40897524,0.2694284,0.3215963
382,NzvNW7vP-Co$_$7,missing,A,2,0,1.2373047,-0.24133301,-1.2822266,-2.5195312,-0.9892578125,-0.7823567658662798,-0.7823567658662798,0.4967062,0.21964316,0.2836507
383,OLP0nCKwU6k$_$6,missing,A,0,0,2.0195312,-0.6323242,-1.9316406,2.6518555,-1.693359375,-1.3456380158662797,-1.3456380158662797,0.53175765,0.2105596,0.25768277
384,OrYBtyO0aPI$_$1,missing,A,0,1,-0.04220581,1.4384766,-0.32226562,-1.4806824,-0.027069091796875,-0.012605789303779664,-0.012605789303779664,0.41560486,0.2788233,0.30557185
385,OrYBtyO0aPI$_$4,missing,A,2,1,-0.60595703,1.6591797,0.23754883,-1.4216309,0.144775390625,0.12486979663372035,0.12486979663372035,0.33898348,0.3765683,0.28444827
386,PboaYD5hlG8$_$10,missing,A,2,1,-0.39038086,1.4619141,-0.021484375,-1.4833984,0.2340087890625,0.19625651538372035,0.19625651538372035,0.41049013,0.3185448,0.27096507
387,PboaYD5hlG8$_$3,missing,A,2,1,0.021575928,1.6455078,-0.40478516,-2.050293,0.0386962890625,0.04000651538372034,0.04000651538372034,0.41072258,0.28542745,0.30384997
388,PboaYD5hlG8$_$2,missing,A,2,1,-0.45458984,1.2548828,0.1796875,-1.0751953,0.48974609375,0.40084635913372035,0.40084635913372035,0.3948142,0.30855113,0.29663464
389,PboaYD5hlG8$_$7,missing,A,1,0,0.85498047,0.33325195,-1.0371094,-0.5217285,-0.6875,-0.5409505158662797,-0.5409505158662797,0.4660462,0.27329704,0.26065677
390,PboaYD5hlG8$_$9,missing,A,1,1,0.84814453,0.8925781,-1.2392578,0.044433594,-0.7783203125,-0.6136067658662797,-0.6136067658662797,0.48826244,0.2374211,0.27431646
391,PboaYD5hlG8$_$8,missing,A,0,0,1.4990234,0.09631348,-1.6865234,1.40271,-1.431640625,-1.1362630158662796,-1.1362630158662796,0.52110016,0.21221955,0.26668024
392,Pt-D0LUHDSc$_$2,missing,A,2,1,-0.22143555,1.2392578,-0.20373535,-1.4429932,0.25537109375,0.21334635913372035,0.21334635913372035,0.3965919,0.34579164,0.25761646
393,PwapK9d8IGk$_$4,missing,A,0,0,1.8544922,-0.62109375,-1.6669922,2.475586,-1.30859375,-1.0378255158662797,-1.0378255158662797,0.49083185,0.25248048,0.2566877
394,PyQrAYl1bFs$_$0,missing,A,2,1,-0.21386719,1.3876953,-0.28222656,-1.6699219,0.147705078125,0.12721354663372034,0.12721354663372034,0.38709277,0.32973865,0.2831685
395,PyQrAYl1bFs$_$3,missing,A,2,1,-0.24621582,1.4267578,-0.2944336,-1.7211914,0.1893310546875,0.16051432788372036,0.16051432788372036,0.4095074,0.27347106,0.31702155
396,PyQrAYl1bFs$_$4,missing,A,2,1,0.41503906,1.2744141,-0.9526367,-2.2270508,-0.3310546875,-0.2557942658662796,-0.2557942658662796,0.48198804,0.23551719,0.28249478
397,Q4WzApjaCNI$_$0,missing,A,1,1,-0.8227539,1.6640625,0.5683594,1.0957031,0.166015625,0.14186198413372034,0.14186198413372034,0.35725862,0.37185797,0.27088338
398,Q7S0tX4FUNA$_$4,missing,A,1,1,0.3671875,1.2275391,-0.77441406,0.86035156,-0.234619140625,-0.17864582836627968,-0.17864582836627968,0.4501446,0.26089615,0.28895923
399,Q7S0tX4FUNA$_$7,missing,A,1,1,-0.34472656,1.8779297,-0.27978516,2.1577148,0.0921630859375,0.08277995288372034,0.08277995288372034,0.39972112,0.32478222,0.27549663
400,Q7S0tX4FUNA$_$8,missing,A,0,1,-0.65771484,1.1650391,0.4921875,-1.8227539,0.43603515625,0.35787760913372035,0.35787760913372035,0.37188795,0.35397446,0.27413762
401,Qa6Yz62V-Yc$_$0,missing,A,1,0,1.4716797,0.45288086,-1.6289062,-1.0187988,-1.0,-0.7909505158662797,-0.7909505158662797,0.4995842,0.21878004,0.28163573
402,QjcQx8_PQfw$_$10,missing,A,2,1,0.6870117,1.4892578,-1.1347656,-2.6240234,-0.34326171875,-0.2655598908662796,-0.2655598908662796,0.4821173,0.20688483,0.3109979
403,QjcQx8_PQfw$_$7,missing,A,1,1,0.46704102,1.0429688,-0.7651367,0.57592773,-0.07879638671875,-0.05398762524127966,-0.05398762524127966,0.45152593,0.25111264,0.29736146
404,QpchvHpGFc8$_$3,missing,A,1,1,0.61621094,1.1123047,-1.0341797,0.49609375,-0.439453125,-0.3425130158662797,-0.3425130158662797,0.46220946,0.23681736,0.30097315
405,RArhIHk4Qs4$_$13,missing,A,2,1,0.27075195,1.6806641,-0.9863281,-2.6669922,-0.164306640625,-0.12239582836627966,-0.12239582836627966,0.46715862,0.20054166,0.3322997
406,RArhIHk4Qs4$_$17,missing,A,0,1,0.46923828,1.9169922,-1.0771484,-1.4477539,0.09503173828125,0.08507487475872035,0.08507487475872035,0.4460372,0.19410321,0.3598596
407,RArhIHk4Qs4$_$16,missing,A,0,0,0.9091797,0.7836914,-1.2431641,0.12548828,-0.3837890625,-0.29798176586627967,-0.29798176586627967,0.47768787,0.23456259,0.28774956
408,RArhIHk4Qs4$_$19,missing,A,1,1,0.4411621,1.5078125,-1.1875,1.0666504,-0.168212890625,-0.12552082836627967,-0.12552082836627967,0.45178652,0.23433208,0.31388137
409,RArhIHk4Qs4$_$1,missing,A,1,0,1.7236328,-0.11218262,-1.8320312,-1.8358154,-1.3720703125,-1.0886067658662797,-1.0886067658662797,0.524305,0.19455652,0.28113848
410,RArhIHk4Qs4$_$2,missing,A,0,0,1.5791016,-0.04623413,-1.7646484,1.6253357,-1.169921875,-0.9268880158662798,-0.9268880158662798,0.5214259,0.19374827,0.2848258
411,RArhIHk4Qs4$_$7,missing,A,1,1,0.13085938,1.5761719,-0.71435547,1.4453125,-0.0322265625,-0.016731765866279665,-0.016731765866279665,0.4263058,0.24136196,0.33233225
412,RArhIHk4Qs4$_$6,missing,A,0,0,1.3212891,0.6484375,-1.5947266,0.67285156,-0.7734375,-0.6097005158662797,-0.6097005158662797,0.49038675,0.21285918,0.29675403
413,RArhIHk4Qs4$_$8,missing,A,0,1,0.30517578,1.8925781,-1.0302734,-1.5874023,-0.0482177734375,-0.029524734616279663,-0.029524734616279663,0.45838675,0.20167868,0.3399346
414,RArhIHk4Qs4$_$21,missing,A,2,1,-0.04324341,1.4892578,-0.47338867,-1.9626465,0.1346435546875,0.11676432788372035,0.11676432788372035,0.43357816,0.23864362,0.3277782
415,ROcTx5VEn7o$_$11,missing,A,1,0,1.0439453,0.32885742,-1.2773438,-0.7150879,-1.0126953125,-0.8011067658662797,-0.8011067658662797,0.48985636,0.2525404,0.25760326
416,ROcTx5VEn7o$_$1,missing,A,1,1,-0.37524414,1.9189453,-0.23803711,2.1569824,-0.0089874267578125,0.0018595427274703362,0.0018595427274703362,0.40739053,0.28751236,0.30509713
417,ROcTx5VEn7o$_$5,missing,A,1,1,0.4868164,1.6279297,-0.94189453,1.1411133,-0.2142333984375,-0.16233723461627966,-0.16233723461627966,0.47691998,0.21233466,0.31074536
418,ROcTx5VEn7o$_$9,missing,A,1,1,-0.1661377,2.0722656,-0.43530273,2.2384033,-0.087646484375,-0.06106770336627966,-0.06106770336627966,0.4238476,0.25090414,0.3252483
419,RrGpzInAwCg$_$0,missing,A,2,1,0.18432617,1.09375,-0.70947266,-1.8032227,-0.12176513671875,-0.08836262524127966,-0.08836262524127966,0.41982672,0.26783392,0.31233937
420,RzOFxDk26p0$_$1,missing,A,2,0,1.0742188,-0.7001953,-0.75390625,-1.828125,-0.865234375,-0.6831380158662798,-0.6831380158662798,0.4561359,0.3204622,0.2234019
421,RzOFxDk26p0$_$0,missing,A,1,1,0.29785156,1.2529297,-0.8100586,0.9550781,-0.1204833984375,-0.08733723461627967,-0.08733723461627967,0.44662243,0.26674348,0.2866341
422,SHa756SwGJQ$_$0,missing,A,1,1,-0.39868164,1.3271484,-0.049316406,1.3764648,0.22900390625,0.19225260913372036,0.19225260913372036,0.43890008,0.2473839,0.313716
423,SHa756SwGJQ$_$2,missing,A,2,0,1.2128906,-0.3083496,-1.1474609,-2.3603516,-0.794921875,-0.6268880158662797,-0.6268880158662797,0.47662956,0.2713468,0.25202364
424,SHa756SwGJQ$_$4,missing,A,0,1,-0.2590332,1.8300781,-0.1673584,-2.0891113,0.015716552734375,0.021622726321220337,0.021622726321220337,0.43161845,0.24796848,0.32041308
425,SHa756SwGJQ$_$7,missing,A,1,1,-0.375,1.4101562,-0.09429932,1.5044556,0.491455078125,0.40221354663372033,0.40221354663372033,0.4178719,0.26400462,0.31812346
426,SHa756SwGJQ$_$6,missing,A,1,1,-0.48266602,1.6787109,-0.056518555,1.7352295,0.5380859375,0.4395182341337204,0.4395182341337204,0.43725884,0.24729016,0.315451
427,TH32jop4FiI$_$15,missing,A,0,1,0.32226562,0.7734375,-0.59765625,-0.45117188,-0.1129150390625,-0.08128254711627966,-0.08128254711627966,0.4423504,0.27861786,0.2790317
428,TH32jop4FiI$_$17,missing,A,2,0,0.66259766,0.19494629,-0.7597656,-1.4223633,-0.425537109375,-0.3313802033662797,-0.3313802033662797,0.44888338,0.3117249,0.2393917
429,TWszOxkOV0w$_$1,missing,A,0,0,0.5522461,0.54833984,-0.80029297,0.00390625,-0.35595703125,-0.2757161408662797,-0.2757161408662797,0.45722738,0.29443562,0.24833703
430,TXCXFYIc3Yo$_$16,missing,A,1,1,0.7680664,0.9370117,-1.1376953,0.16894531,-0.4765625,-0.37220051586627967,-0.37220051586627967,0.48353606,0.23190084,0.2845631
431,TXCXFYIc3Yo$_$2,missing,A,2,0,0.8144531,0.73291016,-1.0947266,-1.9091797,-0.53173828125,-0.4163411408662797,-0.4163411408662797,0.49639308,0.21536714,0.28823978
432,TXCXFYIc3Yo$_$7,missing,A,0,0,1.4179688,-0.32470703,-1.4111328,1.7426758,-1.0859375,-0.8597005158662797,-0.8597005158662797,0.48908088,0.2512078,0.25971138
433,TXCXFYIc3Yo$_$6,missing,A,2,0,1.0732422,0.7988281,-1.3740234,-2.4472656,-0.78955078125,-0.6225911408662798,-0.6225911408662798,0.48794642,0.2054226,0.306631
434,TYJzg5IJN8o$_$11,missing,A,1,0,1.7705078,-0.7441406,-1.4443359,-2.5146484,-1.474609375,-1.1706380158662797,-1.1706380158662797,0.51785946,0.2275786,0.25456193
435,TYJzg5IJN8o$_$10,missing,A,1,0,1.0283203,0.30200195,-1.2119141,-0.72631836,-0.8408203125,-0.6636067658662798,-0.6636067658662798,0.4882299,0.24495445,0.26681563
436,TYJzg5IJN8o$_$14,missing,A,2,1,0.42016602,0.66748047,-0.68408203,-1.3515625,-0.255859375,-0.19563801586627969,-0.19563801586627969,0.44689357,0.29968902,0.25341743
437,TYJzg5IJN8o$_$0,missing,A,2,1,0.4494629,0.5493164,-0.62353516,-1.1728516,-0.35986328125,-0.27884114086627965,-0.27884114086627965,0.45236766,0.2914434,0.25618896
438,TYJzg5IJN8o$_$4,missing,A,2,0,0.6020508,0.33129883,-0.5888672,-1.190918,-0.37451171875,-0.29055989086627965,-0.29055989086627965,0.43230698,0.3249865,0.24270652
439,TYJzg5IJN8o$_$7,missing,A,2,1,0.46411133,0.8413086,-0.6743164,-1.515625,-0.240966796875,-0.18372395336627967,-0.18372395336627967,0.41958192,0.29678136,0.2836367
440,Uc_6d-fkZEc$_$3,missing,A,2,1,-0.23864746,1.3378906,-0.115478516,-1.4533691,0.21337890625,0.17975260913372035,0.17975260913372035,0.39172757,0.3123661,0.29590634
441,UlTJmndbGHM$_$1,missing,A,2,1,-0.06298828,0.9863281,-0.47631836,-1.4626465,0.059600830078125,0.05673014819622034,0.05673014819622034,0.4298014,0.24147537,0.32872325
442,UlTJmndbGHM$_$4,missing,A,0,1,0.17016602,0.4621582,-0.5229492,-0.2919922,-0.1407470703125,-0.10354817211627967,-0.10354817211627967,0.435533,0.29434747,0.27011952
443,VbV9S4svrTg$_$13,missing,A,2,1,0.40942383,1.5751953,-0.9321289,-2.5073242,-0.1873779296875,-0.14085285961627966,-0.14085285961627966,0.45209104,0.2157499,0.3321591
444,VbV9S4svrTg$_$3,missing,A,2,1,0.12695312,1.7636719,-0.6738281,-2.4375,0.00392913818359375,0.012192794680595337,0.012192794680595337,0.44378114,0.21574134,0.34047756
445,VbV9S4svrTg$_$7,missing,A,2,1,0.29858398,1.9462891,-0.9399414,-2.8862305,-0.2208251953125,-0.16761067211627967,-0.16761067211627967,0.45523587,0.22012806,0.32463613
446,VbV9S4svrTg$_$8,missing,A,2,1,-0.21130371,1.8203125,-0.48095703,-2.3012695,0.241455078125,0.20221354663372035,0.20221354663372035,0.46297112,0.19921392,0.33781502
447,VinxKpWioTo$_$1,missing,A,2,0,1.0273438,-0.31958008,-0.875,-1.9023438,-0.853515625,-0.6737630158662797,-0.6737630158662797,0.448435,0.34126487,0.21030009
448,VinxKpWioTo$_$0,missing,A,1,1,0.46069336,1.7158203,-1.1025391,1.255127,-0.07305908203125,-0.049397781491279665,-0.049397781491279665,0.46120644,0.22506642,0.31372714
449,VinxKpWioTo$_$3,missing,A,2,0,1.0771484,0.2841797,-1.3095703,-2.3867188,-0.88671875,-0.7003255158662798,-0.7003255158662798,0.485256,0.2510392,0.26370478
450,VinxKpWioTo$_$5,missing,A,2,0,0.8071289,0.7060547,-1.1308594,-1.9379883,-0.66162109375,-0.5202473908662797,-0.5202473908662797,0.4710884,0.25838697,0.2705246
451,ViyQVpGW05w$_$1,missing,A,2,1,0.3708496,1.3925781,-0.88183594,-2.274414,-0.147216796875,-0.10872395336627967,-0.10872395336627967,0.43330157,0.23862553,0.32807294
452,ViyQVpGW05w$_$4,missing,A,1,1,0.047027588,1.1650391,-0.42089844,1.1180115,0.140625,0.12154948413372034,0.12154948413372034,0.43247578,0.24152742,0.32599682
453,ViyQVpGW05w$_$6,missing,A,0,1,0.67822266,1.1074219,-1.1542969,-0.42919922,-0.4111328125,-0.31985676586627965,-0.31985676586627965,0.450213,0.24592073,0.30386636
454,Vuay0mVKkik$_$3,missing,A,0,1,0.69873047,0.77783203,-1.0146484,-0.07910156,-0.36181640625,-0.28040364086627967,-0.28040364086627967,0.4732991,0.24223559,0.2844653
455,WmQF5RmbsVQ$_$6,missing,A,1,0,1.625,-0.70947266,-1.5732422,-2.3344727,-1.1005859375,-0.8714192658662797,-0.8714192658662797,0.4908871,0.26613992,0.24297298
456,Wrcf2xtqbkQ$_$9,missing,A,1,0,1.8447266,-0.2064209,-1.7431641,-2.0511475,-1.2734375,-1.0097005158662797,-1.0097005158662797,0.544652,0.15982094,0.29552707
457,Wrcf2xtqbkQ$_$8,missing,A,1,0,1.0244141,0.9980469,-1.3681641,-0.026367188,-0.77197265625,-0.6085286408662798,-0.6085286408662798,0.48367968,0.20383637,0.31248397
458,WxajvjGKz7Y$_$0,missing,A,1,1,-0.41845703,1.4697266,0.14221191,1.3275146,0.3056640625,0.25358073413372034,0.25358073413372034,0.38442898,0.33686814,0.2787029
459,WxajvjGKz7Y$_$3,missing,A,1,1,0.35083008,1.3916016,-0.8520508,1.0407715,-0.23095703125,-0.17571614086627968,-0.17571614086627968,0.43205824,0.2965457,0.271396
460,WxajvjGKz7Y$_$6,missing,A,1,0,0.79541016,0.76220703,-1.1611328,-0.033203125,-0.41259765625,-0.3210286408662797,-0.3210286408662797,0.47645867,0.25303388,0.27050748
461,XIGpuL-Kkyk$_$12,missing,A,2,0,0.94091797,0.32885742,-1.2060547,-2.1469727,-0.740234375,-0.5831380158662797,-0.5831380158662797,0.48514527,0.2503453,0.26450944
462,XIGpuL-Kkyk$_$0,missing,A,0,1,-0.18115234,1.4912109,-0.4519043,-1.6723633,0.254638671875,0.21276042163372036,0.21276042163372036,0.45031053,0.19853853,0.35115096
463,XIGpuL-Kkyk$_$4,missing,A,2,1,-0.12927246,1.0908203,-0.25854492,-1.3493652,-0.00977325439453125,0.0012308806180953372,0.0012308806180953372,0.41674104,0.31026325,0.2729957
464,XIGpuL-Kkyk$_$7,missing,A,1,1,-0.2442627,1.4267578,-0.08325195,1.5100098,0.21337890625,0.17975260913372035,0.17975260913372035,0.38042733,0.2960069,0.32356578
465,XaVYxIW0FDg$_$2,missing,A,2,0,1.8857422,-0.41235352,-1.8681641,-3.7539062,-1.5908203125,-1.2636067658662797,-1.2636067658662797,0.5232172,0.20854199,0.2682408
466,XyP8bVmGX6M$_$4,missing,A,2,1,0.2697754,1.1162109,-0.6713867,-1.7875977,-0.1163330078125,-0.08401692211627967,-0.08401692211627967,0.43565798,0.27242962,0.29191238
467,XzVapdEr_GY$_$3,missing,A,2,0,1.7412109,0.12438965,-1.7636719,-3.5048828,-1.009765625,-0.7987630158662797,-0.7987630158662797,0.51274335,0.20081756,0.2864391
468,XzVapdEr_GY$_$4,missing,A,2,0,1.8867188,-0.06604004,-1.8544922,-3.741211,-1.330078125,-1.0550130158662798,-1.0550130158662798,0.5093329,0.19950171,0.29116538
469,Y7h-S3cJ52o$_$0,missing,A,1,1,0.14978027,1.5634766,-0.74609375,1.4136963,-0.166015625,-0.12376301586627966,-0.12376301586627966,0.4256265,0.26571193,0.30866158
470,Y7qkyMyanjU$_$2,missing,A,1,1,0.009979248,1.8349609,-0.5805664,1.8249817,0.14892578125,0.12819010913372034,0.12819010913372034,0.4358335,0.23793033,0.32623613
471,Y7qkyMyanjU$_$4,missing,A,1,1,0.21020508,1.7226562,-0.7182617,1.5124512,0.0146331787109375,0.020756027102470338,0.020756027102470338,0.42529133,0.25167128,0.32303745
472,YbuG8xyUO-o$_$3,missing,A,1,1,0.025604248,1.8486328,-0.6333008,1.8230286,-0.09765625,-0.06907551586627966,-0.06907551586627966,0.433809,0.25871068,0.3074803
473,YbuG8xyUO-o$_$2,missing,A,1,1,-0.35864258,1.5302734,-0.19714355,1.727417,-0.009429931640625,0.0015055388212203364,0.0015055388212203364,0.42985585,0.23565304,0.33449113
474,Z7L3V5bwzI0$_$2,missing,A,2,1,0.15649414,0.48950195,-0.4621582,-0.95166016,-0.10272216796875,-0.07312825024127967,-0.07312825024127967,0.44148505,0.30158684,0.2569281
475,ZaoFHcbRM9g$_$3,missing,A,2,0,0.7836914,0.3244629,-1.1054688,-1.8891602,-0.5361328125,-0.41985676586627974,-0.41985676586627974,0.48487544,0.26204082,0.2530838
476,ZaoFHcbRM9g$_$2,missing,A,1,1,-0.053375244,1.8837891,-0.52685547,1.9371643,0.07464599609375,0.06876628100872034,0.06876628100872034,0.45035687,0.2416284,0.30801475
477,ZaoFHcbRM9g$_$5,missing,A,1,1,-0.64208984,1.7177734,0.17456055,1.5432129,0.178955078125,0.15221354663372033,0.15221354663372033,0.35826752,0.3631985,0.278534
478,ZaoFHcbRM9g$_$9,missing,A,0,1,-0.7915039,1.6025391,0.45703125,-2.394043,0.2332763671875,0.19567057788372036,0.19567057788372036,0.3420134,0.38493854,0.2730481
479,ZaoFHcbRM9g$_$8,missing,A,0,1,-0.20593262,1.5966797,-0.3154297,-1.8026123,0.1087646484375,0.09606120288372035,0.09606120288372035,0.4231527,0.2637888,0.31305853
480,Zvisaa77Cng$_$1,missing,A,2,1,0.6040039,0.93603516,-0.9423828,-1.878418,-0.347412109375,-0.2688802033662797,-0.2688802033662797,0.47255367,0.23662782,0.29081854
481,Zvisaa77Cng$_$5,missing,A,2,1,0.6220703,1.3535156,-1.1396484,-2.493164,-0.272216796875,-0.20872395336627966,-0.20872395336627966,0.4643551,0.20220894,0.3334359
482,_7HVhnSYX1Y$_$26,missing,A,2,1,0.0024719238,1.9228516,-0.51171875,-2.4345703,0.054107666015625,0.05233561694622034,0.05233561694622034,0.466696,0.18167493,0.35162908
483,_7HVhnSYX1Y$_$12,missing,A,2,1,0.45141602,1.4003906,-0.99902344,-2.399414,-0.268310546875,-0.20559895336627967,-0.20559895336627967,0.47315452,0.23579498,0.29105052
484,_7HVhnSYX1Y$_$14,missing,A,1,1,0.107910156,1.6630859,-0.71191406,1.5551758,-0.02154541015625,-0.008186843991279665,-0.008186843991279665,0.46987286,0.19439249,0.3357346
485,_7HVhnSYX1Y$_$19,missing,A,1,1,0.10546875,1.9765625,-0.61328125,1.8710938,0.01837158203125,0.023746749758720338,0.023746749758720338,0.44731373,0.21227817,0.34040815
486,_7HVhnSYX1Y$_$31,missing,A,2,1,-0.40356445,1.8935547,-0.25683594,-2.1503906,-0.0222015380859375,-0.008711746335029663,-0.008711746335029663,0.43311352,0.23978905,0.32709742
487,_7HVhnSYX1Y$_$3,missing,A,1,1,0.5629883,1.3535156,-1.0244141,0.79052734,-0.3251953125,-0.25110676586627967,-0.25110676586627967,0.46898928,0.21679345,0.31421724
488,_BvNNdEkhZA$_$14,missing,A,0,1,-0.03677368,1.5947266,-0.5756836,-1.6315002,-0.3681640625,-0.2854817658662797,-0.2854817658662797,0.43353587,0.24748261,0.3189815
489,_BvNNdEkhZA$_$19,missing,A,2,0,0.98876953,0.44360352,-1.2705078,-2.2592773,-0.787109375,-0.6206380158662798,-0.6206380158662798,0.52507967,0.18635632,0.288564
490,_BvNNdEkhZA$_$7,missing,A,1,1,0.34521484,1.1162109,-0.7753906,0.7709961,-0.12841796875,-0.09368489086627967,-0.09368489086627967,0.49051234,0.20052855,0.3089591
491,_BvNNdEkhZA$_$6,missing,A,0,0,1.7841797,-0.34106445,-1.6748047,2.1252441,-1.533203125,-1.2175130158662797,-1.2175130158662797,0.5458,0.17674786,0.27745217
492,_BvNNdEkhZA$_$9,missing,A,1,1,-0.08483887,1.7324219,-0.55371094,1.8172607,0.030609130859375,0.03353678882122034,0.03353678882122034,0.44885767,0.23165366,0.31948864
493,_aZDaIfGfPo$_$1,missing,A,2,0,1.2607422,-0.84375,-1.1259766,-2.3867188,-1.150390625,-0.9112630158662798,-0.9112630158662798,0.5067099,0.24730465,0.24598552
494,_aZDaIfGfPo$_$0,missing,A,2,1,0.17004395,1.0527344,-0.60595703,-1.6586914,-0.1529541015625,-0.11331379711627967,-0.11331379711627967,0.4587981,0.2604536,0.28074828
495,_gr7o5ynhnw$_$13,missing,A,1,0,1.8623047,-0.48706055,-1.9619141,-2.3493652,-1.8046875,-1.4347005158662798,-1.4347005158662798,0.5427613,0.17799102,0.27924764
496,_gr7o5ynhnw$_$12,missing,A,2,1,-0.04244995,1.6259766,-0.68896484,-2.3149414,-0.1282958984375,-0.09358723461627967,-0.09358723461627967,0.44042158,0.22932842,0.33025002
497,_gr7o5ynhnw$_$15,missing,A,2,0,2.1269531,-1.2871094,-1.9248047,-4.051758,-2.08203125,-1.6565755158662798,-1.6565755158662798,0.5653896,0.17257303,0.26203737
498,_gzYkdjNvPc$_$12,missing,A,1,1,0.51464844,1.7646484,-1.0859375,1.25,-0.29931640625,-0.23040364086627968,-0.23040364086627968,0.47741354,0.19143258,0.3311539
499,_gzYkdjNvPc$_$17,missing,A,0,1,-0.32470703,1.7978516,-0.35083008,-2.1225586,-0.08935546875,-0.062434890866279666,-0.062434890866279666,0.3987917,0.298311,0.30289733
500,_gzYkdjNvPc$_$1,missing,A,0,1,-0.33911133,1.4423828,-0.09326172,-1.7814941,0.1168212890625,0.10250651538372034,0.10250651538372034,0.43509176,0.2971156,0.26779264
501,_gzYkdjNvPc$_$3,missing,A,1,1,-0.13549805,1.8310547,-0.43237305,1.9665527,0.127685546875,0.11119792163372035,0.11119792163372035,0.44643497,0.22033799,0.33322704
502,_gzYkdjNvPc$_$2,missing,A,0,1,-0.3244629,1.6533203,-0.22888184,-1.9777832,0.311279296875,0.2580729216337203,0.2580729216337203,0.4381683,0.20570457,0.35612714
503,_gzYkdjNvPc$_$5,missing,A,1,1,-0.18151855,2.0117188,-0.48046875,2.1932373,0.0789794921875,0.07223307788372034,0.07223307788372034,0.4299935,0.25773063,0.31227586
504,_gzYkdjNvPc$_$4,missing,A,1,1,-0.15783691,1.2646484,-0.38598633,1.4224854,-0.0352783203125,-0.019173172116279665,-0.019173172116279665,0.44312593,0.2752013,0.2816728
505,_gzYkdjNvPc$_$6,missing,A,0,1,-0.33691406,1.4267578,-0.14685059,-1.7636719,0.060150146484375,0.05716960132122034,0.05716960132122034,0.4440325,0.27254692,0.28342065
506,_gzYkdjNvPc$_$9,missing,A,0,1,0.15124512,1.7246094,-0.72265625,-1.5733643,-0.139404296875,-0.10247395336627967,-0.10247395336627967,0.4469292,0.20806803,0.3450028
507,a-WihYDk6vc$_$8,missing,A,2,1,0.20703125,0.6484375,-0.47021484,-1.1186523,-0.0277099609375,-0.013118484616279666,-0.013118484616279666,0.4392307,0.30587482,0.2548944
508,a-WihYDk6vc$_$0,missing,A,2,1,-0.16931152,1.2451172,-0.17565918,-1.4207764,0.252197265625,0.21080729663372036,0.21080729663372036,0.4122027,0.27887675,0.3089206
509,aFhc2ddipoM$_$14,missing,A,2,1,0.5449219,0.82373047,-1.0253906,-1.8491211,-0.54736328125,-0.42884114086627967,-0.42884114086627967,0.4583371,0.2861005,0.25556237
510,aK5tRCXjUvU$_$0,missing,A,2,1,-0.025238037,0.5649414,-0.1673584,-0.7322998,0.33056640625,0.2735026091337204,0.2735026091337204,0.3957812,0.27989593,0.32432282
511,b-FX9NOVQOM$_$1,missing,A,1,1,0.14855957,1.1103516,-0.4609375,0.961792,-0.1263427734375,-0.09202473461627966,-0.09202473461627966,0.41575336,0.35343355,0.23081313
512,b-FX9NOVQOM$_$4,missing,A,0,1,0.21594238,0.8984375,-0.59521484,-0.6824951,-0.17626953125,-0.13196614086627967,-0.13196614086627967,0.41331536,0.366661,0.22002362
513,b1LEcg6z66g$_$0,missing,A,0,1,0.23925781,1.4384766,-0.7104492,-1.1992188,-0.069091796875,-0.046223953366279665,-0.046223953366279665,0.4492356,0.24822117,0.3025432
514,b1LEcg6z66g$_$4,missing,A,2,0,1.0214844,0.4892578,-1.2353516,-2.256836,-0.6669921875,-0.5245442658662797,-0.5245442658662797,0.49157673,0.22715119,0.2812721
515,b1LEcg6z66g$_$8,missing,A,0,1,-0.24890137,1.6875,-0.32373047,-1.9364014,0.055572509765625,0.05350749194622034,0.05350749194622034,0.43586078,0.27999085,0.28414837
516,bAkUEnPoucg$_$3,missing,A,2,0,1.0712891,0.2166748,-1.2587891,-2.3300781,-0.962890625,-0.7612630158662798,-0.7612630158662798,0.45115614,0.3011206,0.24772331
517,bNQkb4K5DX0$_$3,missing,A,1,0,0.7397461,0.7001953,-1.0625,-0.03955078,-0.347412109375,-0.2688802033662797,-0.2688802033662797,0.45329434,0.24888635,0.29781935
518,bNQkb4K5DX0$_$7,missing,A,2,1,0.33276367,0.46606445,-0.62890625,-1.0949707,-0.150146484375,-0.11106770336627966,-0.11106770336627966,0.4337329,0.27738658,0.28888053
519,bWunvAd96zI$_$1,missing,A,0,1,0.8149414,1.1845703,-1.3037109,-0.3696289,-0.70947265625,-0.5585286408662797,-0.5585286408662797,0.47932306,0.22459123,0.29608566
520,bWunvAd96zI$_$2,missing,A,0,0,1.0878906,0.5419922,-1.4755859,0.54589844,-1.021484375,-0.8081380158662798,-0.8081380158662798,0.49126855,0.24479021,0.26394126
521,bWunvAd96zI$_$5,missing,A,1,1,-0.36938477,1.8007812,-0.059814453,1.8605957,0.3232421875,0.2676432341337204,0.2676432341337204,0.42310417,0.226964,0.34993187
522,bWunvAd96zI$_$4,missing,A,2,1,0.15917969,1.7568359,-0.70996094,-2.4667969,-0.1041259765625,-0.07425129711627967,-0.07425129711627967,0.44247964,0.25369278,0.30382764
523,bj9e8w4vNxo$_$12,missing,A,2,0,0.9477539,-0.025665283,-1.0576172,-2.005371,-0.642578125,-0.5050130158662797,-0.5050130158662797,0.4737631,0.27006084,0.25617602
524,bpvYdXVlgvc$_$1,missing,A,1,1,0.35009766,1.7216797,-0.91015625,1.371582,-0.08233642578125,-0.056819656491279666,-0.056819656491279666,0.44989946,0.23451786,0.31558266
525,bpvYdXVlgvc$_$3,missing,A,0,1,-0.3605957,1.2138672,0.17797852,-1.5744629,0.267822265625,0.22330729663372034,0.22330729663372034,0.39900336,0.34377256,0.2572241
526,bpvYdXVlgvc$_$4,missing,A,0,1,0.18847656,1.9638672,-0.7294922,-1.7753906,-0.005580902099609375,0.0045847624540328365,0.0045847624540328365,0.4325357,0.22617432,0.34128994
527,bpvYdXVlgvc$_$6,missing,A,0,0,1.5566406,0.045562744,-1.6171875,1.5110779,-1.0712890625,-0.8479817658662797,-0.8479817658662797,0.5248799,0.19716713,0.277953
528,c1a1y9ytHH0$_$0,missing,A,1,0,0.81933594,0.45336914,-1.0058594,-0.3659668,-0.456298828125,-0.35598957836627965,-0.35598957836627965,0.49110755,0.23857549,0.270317
529,c1a1y9ytHH0$_$3,missing,A,1,0,0.9458008,0.19665527,-1.0058594,-0.7491455,-0.65234375,-0.5128255158662797,-0.5128255158662797,0.46587625,0.27313873,0.26098508
530,c1a1y9ytHH0$_$7,missing,A,2,1,0.19677734,1.0517578,-0.50634766,-1.5581055,-0.052825927734375,-0.03321125805377967,-0.03321125805377967,0.4405353,0.26592985,0.2935348
531,c5cB7AfVgcE$_$12,missing,A,2,0,0.81640625,0.05807495,-0.8305664,-1.6469727,-0.66845703125,-0.5257161408662797,-0.5257161408662797,0.43750417,0.3107015,0.25179437
532,c5cB7AfVgcE$_$5,missing,A,0,0,0.9863281,-0.103881836,-0.8457031,1.09021,-0.61328125,-0.48157551586627967,-0.48157551586627967,0.44665855,0.2943679,0.25897354
533,d8BR6hsvzoY$_$1,missing,A,1,1,0.5229492,1.3876953,-1.0742188,0.8647461,-0.3330078125,-0.25735676586627965,-0.25735676586627965,0.47848183,0.2183823,0.30313584
534,d8BR6hsvzoY$_$0,missing,A,1,1,-0.03677368,1.3935547,-0.44482422,1.4303284,0.13720703125,0.11881510913372034,0.11881510913372034,0.4165605,0.2512007,0.3322388
535,d8BR6hsvzoY$_$2,missing,A,1,1,-0.2697754,1.9580078,-0.25195312,2.209961,0.171875,0.14654948413372035,0.14654948413372035,0.4708505,0.19122916,0.3379203
536,d8BR6hsvzoY$_$5,missing,A,1,1,0.26098633,1.9365234,-0.6948242,1.6755371,-0.0277099609375,-0.013118484616279666,-0.013118484616279666,0.45080993,0.23349153,0.31569853
537,d8BR6hsvzoY$_$6,missing,A,1,1,0.18188477,1.5791016,-0.72021484,1.3972168,-0.09368896484375,-0.06590168774127966,-0.06590168774127966,0.42625788,0.2603271,0.31341508
538,d8BR6hsvzoY$_$9,missing,A,1,1,0.14221191,1.3378906,-0.7011719,1.1956787,-0.229248046875,-0.17434895336627967,-0.17434895336627967,0.40074375,0.30851096,0.29074523
539,d8BR6hsvzoY$_$8,missing,A,0,0,1.6523438,-0.15979004,-1.7431641,1.8121338,-1.3212890625,-1.0479817658662798,-1.0479817658662798,0.5314124,0.18576078,0.28282672
540,dBWvtPeHpWM$_$4,missing,A,2,1,0.50634766,1.5517578,-1.0097656,-2.5615234,0.018463134765625,0.023819991946220337,0.023819991946220337,0.45569828,0.17509782,0.36920387
541,dEDbm2ubVRQ$_$0,missing,A,1,1,0.28686523,1.7246094,-0.90966797,1.4377441,-0.12109375,-0.08782551586627967,-0.08782551586627967,0.4624513,0.21460423,0.32294443
542,dEDbm2ubVRQ$_$3,missing,A,0,0,1.0498047,-0.14648438,-1.2021484,1.1962891,-0.904296875,-0.7143880158662798,-0.7143880158662798,0.5062862,0.2315166,0.26219726
543,dEDbm2ubVRQ$_$8,missing,A,2,1,0.4284668,1.5869141,-1.0351562,-2.6220703,-0.203125,-0.15345051586627967,-0.15345051586627967,0.46453238,0.20745717,0.32801044
544,dt641WxonBI$_$1,missing,A,2,1,0.37963867,1.4072266,-0.7758789,-2.1831055,-0.239501953125,-0.18255207836627968,-0.18255207836627968,0.43018782,0.26213062,0.30768156
545,dt641WxonBI$_$3,missing,A,1,1,-0.08154297,1.2099609,-0.18603516,1.2915039,0.00868988037109375,0.016001388430595335,0.016001388430595335,0.38310915,0.35183275,0.26505807
546,eOiC1kb17P4$_$0,missing,A,2,0,1.7958984,-0.92578125,-1.7685547,-3.5644531,-1.7265625,-1.3722005158662798,-1.3722005158662798,0.535928,0.21947801,0.24459395
547,erNDEjQeox8$_$12,missing,A,2,0,2.1210938,-0.85791016,-1.8574219,-3.9785156,-1.73828125,-1.3815755158662797,-1.3815755158662797,0.52965325,0.20857333,0.26177344
548,ewBrNsyY82Q$_$4,missing,A,1,0,0.9995117,0.7167969,-1.4082031,-0.28271484,-0.69775390625,-0.5491536408662797,-0.5491536408662797,0.4808892,0.2451978,0.273913
549,fWOIAxzBQFY$_$12,missing,A,1,1,-0.053131104,1.4443359,-0.44628906,1.497467,0.01540374755859375,0.021372482180595335,0.021372482180595335,0.4093178,0.31740686,0.2732754
550,fWOIAxzBQFY$_$5,missing,A,2,1,-0.9272461,1.5830078,0.69384766,-0.88916016,0.38916015625,0.3203776091337204,0.3203776091337204,0.35865465,0.37104177,0.27030358
551,fWOIAxzBQFY$_$7,missing,A,2,1,0.19335938,1.3115234,-0.6225586,-1.934082,-0.130615234375,-0.09544270336627966,-0.09544270336627966,0.4406161,0.28077063,0.27861324
552,f_ZJ7L14oYQ$_$11,missing,A,2,0,1.4833984,-0.09094238,-1.5322266,-3.015625,-1.224609375,-0.9706380158662797,-0.9706380158662797,0.5236943,0.18886743,0.2874383
553,f_ZJ7L14oYQ$_$27,missing,A,2,0,0.96972656,0.31176758,-1.1679688,-2.1376953,-0.50537109375,-0.3952473908662797,-0.3952473908662797,0.45889792,0.25980604,0.28129604
554,f_ZJ7L14oYQ$_$21,missing,A,0,0,0.83740234,0.80371094,-1.2119141,0.033691406,-0.352294921875,-0.2727864533662797,-0.2727864533662797,0.47974208,0.21408051,0.3061774
555,f_ZJ7L14oYQ$_$17,missing,A,0,0,0.76416016,0.5488281,-1.1035156,0.21533203,-0.440185546875,-0.3430989533662797,-0.3430989533662797,0.47211996,0.22559589,0.30228415
556,f_ZJ7L14oYQ$_$9,missing,A,0,0,1.7460938,-0.21130371,-1.8056641,1.9573975,-1.3662109375,-1.0839192658662797,-1.0839192658662797,0.52450114,0.19177893,0.28371993
557,f_ZJ7L14oYQ$_$8,missing,A,2,1,0.76416016,0.7998047,-1.2255859,-2.0253906,-0.57958984375,-0.45462239086627965,-0.45462239086627965,0.47517595,0.22797224,0.29685184
558,ffrJ91swyq0$_$1,missing,A,2,0,1.8125,-1.0615234,-1.8837891,-3.696289,-1.89453125,-1.5065755158662797,-1.5065755158662797,0.53769934,0.21958697,0.24271372
559,g8Cl74tS3oY$_$2,missing,A,0,0,0.77734375,0.33544922,-1.2119141,0.44189453,-0.880859375,-0.6956380158662797,-0.6956380158662797,0.5016795,0.24683784,0.25148267
560,g8Cl74tS3oY$_$6,missing,A,2,0,1.1630859,0.11047363,-1.5898438,-2.7529297,-1.353515625,-1.0737630158662796,-1.0737630158662796,0.4966301,0.25002545,0.25334442
561,gR4gM_WXesQ$_$10,missing,A,1,1,0.035614014,1.4365234,-0.5678711,1.4009094,-0.174072265625,-0.13020832836627966,-0.13020832836627966,0.46152142,0.23137635,0.30710223
562,gR4gM_WXesQ$_$26,missing,A,0,1,0.8286133,1.1044922,-1.3037109,-0.2758789,-0.8359375,-0.6597005158662798,-0.6597005158662798,0.49033895,0.2077808,0.30188024
563,gR4gM_WXesQ$_$20,missing,A,2,0,0.9663086,0.3491211,-1.1884766,-2.1547852,-0.79833984375,-0.6296223908662797,-0.6296223908662797,0.51183593,0.2037348,0.28442925
564,gR4gM_WXesQ$_$24,missing,A,1,1,-0.055511475,1.9472656,-0.6347656,2.002777,-0.1387939453125,-0.10198567211627967,-0.10198567211627967,0.44561958,0.23276721,0.32161325
565,gR4gM_WXesQ$_$18,missing,A,0,0,1.140625,0.47094727,-1.4492188,0.66967773,-0.99609375,-0.7878255158662797,-0.7878255158662797,0.52158505,0.18677987,0.29163504
566,gR4gM_WXesQ$_$3,missing,A,0,0,0.95751953,0.7426758,-1.1787109,0.21484375,-0.6015625,-0.47220051586627965,-0.47220051586627965,0.49377772,0.21879114,0.28743112
567,gR4gM_WXesQ$_$4,missing,A,2,1,0.59814453,1.1308594,-1.0117188,-2.1425781,-0.46337890625,-0.3616536408662797,-0.3616536408662797,0.51469064,0.18398952,0.3013198
568,gR4gM_WXesQ$_$8,missing,A,2,1,0.25390625,1.5263672,-0.7158203,-2.2421875,-0.193603515625,-0.14583332836627969,-0.14583332836627969,0.48237583,0.1968905,0.32073364
569,gVqs4TzqySw$_$1,missing,A,2,0,0.59277344,-0.50146484,-0.18286133,-0.77563477,-0.145263671875,-0.10716145336627966,-0.10716145336627966,0.4295103,0.33625776,0.23423195
570,gVqs4TzqySw$_$3,missing,A,1,1,-0.11206055,1.1416016,-0.09362793,1.2352295,0.10345458984375,0.09181315600872034,0.09181315600872034,0.41808006,0.2799402,0.30197978
571,gVqs4TzqySw$_$2,missing,A,2,1,-0.21923828,0.75097656,0.09881592,-0.65216064,0.1678466796875,0.14332682788372034,0.14332682788372034,0.40187427,0.35491157,0.24321419
572,gVqs4TzqySw$_$4,missing,A,1,1,-0.55859375,1.1953125,0.56591797,0.62939453,0.311279296875,0.2580729216337203,0.2580729216337203,0.34197557,0.380979,0.27704543
573,goMtnNHQ_z4$_$1,missing,A,2,1,0.36645508,1.609375,-0.98583984,-2.5952148,-0.1109619140625,-0.07972004711627967,-0.07972004711627967,0.45995203,0.19892676,0.34112126
574,goMtnNHQ_z4$_$2,missing,A,2,0,1.0361328,0.6557617,-1.3144531,-2.350586,-0.5986328125,-0.46985676586627967,-0.46985676586627967,0.48807985,0.2046415,0.30727866
575,goMtnNHQ_z4$_$13,missing,A,2,1,0.7084961,0.8666992,-1.1474609,-2.0141602,-0.39794921875,-0.3093098908662797,-0.3093098908662797,0.4449249,0.2658326,0.28924254
576,goMtnNHQ_z4$_$12,missing,A,1,0,0.8696289,0.7548828,-1.2138672,-0.114746094,-0.4580078125,-0.35735676586627974,-0.35735676586627974,0.46352124,0.23067419,0.30580455
577,hqzF4IDaIYE$_$0,missing,A,0,1,0.1652832,1.0371094,-0.39916992,-0.8718262,-0.025909423828125,-0.011678054928779665,-0.011678054928779665,0.41048166,0.32294846,0.26656988
578,hqzF4IDaIYE$_$3,missing,A,2,0,0.74609375,0.12194824,-0.9614258,-1.7075195,-0.58203125,-0.45657551586627965,-0.45657551586627965,0.46728593,0.27363312,0.25908095
579,hqzF4IDaIYE$_$2,missing,A,2,0,1.1621094,-0.1459961,-1.0380859,-2.2001953,-0.8408203125,-0.6636067658662798,-0.6636067658662798,0.46712464,0.27287275,0.26000264
580,hqzF4IDaIYE$_$4,missing,A,1,1,-0.47485352,1.4775391,0.115722656,1.3618164,0.39306640625,0.3235026091337203,0.3235026091337203,0.3866237,0.3353056,0.27807075
581,hqzF4IDaIYE$_$6,missing,A,2,1,-0.6875,1.4521484,0.31298828,-1.1391602,0.325439453125,0.26940104663372033,0.26940104663372033,0.3666189,0.38381255,0.24956855
582,hvfaYsv7p8E$_$0,missing,A,0,0,0.9135742,0.7446289,-1.3291016,0.16894531,-0.93310546875,-0.7374348908662798,-0.7374348908662798,0.49828717,0.20392704,0.2977858
583,iUXqlrui25c$_$10,missing,A,0,1,0.7885742,0.87646484,-1.1884766,-0.087890625,-0.485595703125,-0.37942707836627965,-0.37942707836627965,0.48148963,0.24689613,0.27161428
584,iUXqlrui25c$_$21,missing,A,1,1,0.8383789,1.1445312,-1.2666016,0.30615234,-0.59765625,-0.4690755158662797,-0.4690755158662797,0.48796827,0.21179205,0.30023968
585,iUXqlrui25c$_$23,missing,A,1,1,-0.37182617,1.703125,-0.1899414,1.8930664,0.21484375,0.18092448413372034,0.18092448413372034,0.42666095,0.29703835,0.27630067
586,icbUzboLcDQ$_$0,missing,A,2,1,-0.20666504,0.72753906,-0.061828613,-0.7893677,0.298095703125,0.24752604663372035,0.24752604663372035,0.43729433,0.28513005,0.2775756
587,ioupaiAuRr0$_$5,missing,A,2,0,1.4853516,0.15393066,-1.6904297,-3.1757812,-1.0380859375,-0.8214192658662798,-0.8214192658662798,0.49662238,0.22174458,0.28163305
588,ioupaiAuRr0$_$4,missing,A,1,0,1.4658203,0.14196777,-1.609375,-1.3238525,-1.0087890625,-0.7979817658662798,-0.7979817658662798,0.48171407,0.22705524,0.29123074
589,jICmfLeFymA$_$16,missing,A,2,1,-0.2944336,0.5102539,0.24328613,-0.26696777,0.300048828125,0.24908854663372035,0.24908854663372035,0.40887314,0.32436764,0.26675922
590,jPrEKz1rAno$_$11,missing,A,1,1,0.095336914,1.6376953,-0.70410156,1.5423584,-0.0714111328125,-0.04807942211627966,-0.04807942211627966,0.42556703,0.24809042,0.32634252
591,jPrEKz1rAno$_$7,missing,A,1,1,0.26489258,0.40966797,-0.5151367,0.14477539,-0.0517578125,-0.03235676586627967,-0.03235676586627967,0.4333492,0.3351785,0.23147227
592,jPrEKz1rAno$_$6,missing,A,1,1,0.34985352,0.7089844,-0.7416992,0.35913086,-0.1544189453125,-0.11448567211627966,-0.11448567211627966,0.4463405,0.31785515,0.23580436
593,k5ZOshC2LP4$_$1,missing,A,1,1,0.41333008,0.77734375,-0.89746094,0.36401367,-0.498779296875,-0.3899739533662797,-0.3899739533662797,0.47984332,0.26994878,0.2502079
594,kbGhEJ4W44o$_$0,missing,A,0,1,0.22839355,0.26538086,-0.20092773,-0.036987305,0.060302734375,0.05729167163372034,0.05729167163372034,0.42920452,0.32501417,0.24578127
595,kfsO4c0Ekes$_$7,missing,A,2,0,0.8569336,0.6064453,-1.2724609,-2.1293945,-0.72607421875,-0.5718098908662798,-0.5718098908662798,0.4733895,0.26182088,0.2647896
596,kvUb78Rdzdc$_$3,missing,A,2,0,2.1210938,-1.1044922,-1.8408203,-3.961914,-1.740234375,-1.3831380158662798,-1.3831380158662798,0.55275184,0.18452731,0.26272082
597,lO87-4Kf0cQ$_$2,missing,A,1,1,-0.1505127,1.5205078,-0.23620605,1.6710205,0.00925445556640625,0.016453048586845338,0.016453048586845338,0.4290966,0.21914871,0.35175467
598,lO87-4Kf0cQ$_$5,missing,A,1,1,0.75341797,0.9902344,-1.0927734,0.2368164,-0.51123046875,-0.39993489086627965,-0.39993489086627965,0.4794673,0.21664362,0.3038891
599,lWf5hHRHIDs$_$11,missing,A,2,1,0.2376709,1.6337891,-0.7475586,-2.3813477,0.041839599609375,0.042521163821220335,0.042521163821220335,0.4442456,0.21279696,0.34295744
600,lawHYX5eB20$_$1,missing,A,0,1,-0.18273926,1.7041016,-0.111450195,-1.8868408,0.1219482421875,0.10660807788372034,0.10660807788372034,0.45018402,0.19627523,0.35354084
601,lawHYX5eB20$_$2,missing,A,1,1,0.6010742,0.92578125,-0.93115234,0.32470703,-0.192138671875,-0.14466145336627967,-0.14466145336627967,0.4717069,0.2049955,0.32329765
602,mHGaQ_nv9UY$_$13,missing,A,1,0,1.9833984,-0.97558594,-1.7900391,-2.9589844,-1.662109375,-1.3206380158662798,-1.3206380158662798,0.5264363,0.22151913,0.2520445
603,mHGaQ_nv9UY$_$14,missing,A,2,1,0.5991211,0.71533203,-1.0966797,-1.8120117,-0.257568359375,-0.19700520336627966,-0.19700520336627966,0.4700368,0.26151064,0.2684525
604,mHGaQ_nv9UY$_$17,missing,A,1,0,1.0537109,0.23144531,-1.2353516,-0.8222656,-0.5380859375,-0.42141926586627965,-0.42141926586627965,0.4853712,0.25786632,0.2567625
605,mHGaQ_nv9UY$_$22,missing,A,0,0,2.0136719,-1.2011719,-1.7880859,3.2148438,-1.6904296875,-1.3432942658662799,-1.3432942658662799,0.53860986,0.21277519,0.24861488
606,mHGaQ_nv9UY$_$5,missing,A,0,0,1.4150391,0.0982666,-1.6435547,1.3167725,-1.154296875,-0.9143880158662797,-0.9143880158662797,0.5155241,0.20998824,0.27448764
607,mHGaQ_nv9UY$_$4,missing,A,0,1,0.4260254,0.7915039,-0.8515625,-0.36547852,-0.1143798828125,-0.08245442211627967,-0.08245442211627967,0.459324,0.28581697,0.25485903
608,mLW-jn67gRE$_$20,missing,A,2,0,1.2119141,-0.29614258,-1.4199219,-2.631836,-1.279296875,-1.0143880158662797,-1.0143880158662797,0.51891464,0.21815518,0.26293018
609,mLW-jn67gRE$_$17,missing,A,2,0,1.4814453,-0.5151367,-1.5947266,-3.0761719,-1.4384765625,-1.1417317658662798,-1.1417317658662798,0.55448765,0.17638192,0.26913038
610,mLW-jn67gRE$_$1,missing,A,1,1,0.123291016,1.4785156,-0.6801758,1.3552246,-0.1431884765625,-0.10550129711627967,-0.10550129711627967,0.45929533,0.1806396,0.36006504
611,mLW-jn67gRE$_$3,missing,A,1,1,0.71728516,0.8803711,-1.3134766,0.16308594,-0.7763671875,-0.6120442658662797,-0.6120442658662797,0.49624538,0.2039586,0.29979602
612,mLW-jn67gRE$_$5,missing,A,1,1,0.73095703,0.86816406,-1.1689453,0.13720703,-0.5166015625,-0.40423176586627974,-0.40423176586627974,0.5135324,0.17392807,0.31253955
613,mLW-jn67gRE$_$6,missing,A,0,0,1.2646484,-0.072509766,-1.5556641,1.3371582,-1.2470703125,-0.9886067658662797,-0.9886067658662797,0.5324224,0.20384136,0.2637362
614,mLW-jn67gRE$_$9,missing,A,1,1,-0.36499023,1.6923828,-0.24621582,1.9385986,0.169677734375,0.14479167163372034,0.14479167163372034,0.4564495,0.20896934,0.3345811
615,mjpCK2Edsv8$_$0,missing,A,2,0,1.4541016,-0.74609375,-1.2333984,-2.6875,-1.1533203125,-0.9136067658662798,-0.9136067658662798,0.5025312,0.25158465,0.24588421
616,nUZYqTRSGDw$_$4,missing,A,0,1,0.03353882,1.1533203,-0.41064453,-1.1197815,0.00734710693359375,0.014927169680595338,0.014927169680595338,0.403017,0.32741112,0.26957187
617,nyzIL6YAonY$_$5,missing,A,2,1,0.27856445,1.6660156,-0.82666016,-2.4926758,0.022918701171875,0.02738444507122034,0.02738444507122034,0.45273814,0.1977077,0.34955418
618,nyzIL6YAonY$_$6,missing,A,2,0,1.8203125,-0.48999023,-1.7685547,-3.5888672,-1.587890625,-1.2612630158662799,-1.2612630158662799,0.55545753,0.1428886,0.3016539
619,ooAF6I-fmTg$_$3,missing,A,0,0,0.9926758,0.8178711,-1.3662109,0.17480469,-0.529296875,-0.4143880158662797,-0.4143880158662797,0.4824783,0.2356517,0.28187004
620,ooAF6I-fmTg$_$5,missing,A,0,1,0.4873047,1.5556641,-0.9609375,-1.0683594,-0.0960693359375,-0.06780598461627967,-0.06780598461627967,0.4417435,0.2312364,0.32702005
621,ooAF6I-fmTg$_$7,missing,A,0,0,1.1181641,0.71191406,-1.4287109,0.40625,-0.64404296875,-0.5061848908662797,-0.5061848908662797,0.48571122,0.20542216,0.30886665
622,pOrk7fl1AYo$_$1,missing,A,1,1,-0.15881348,1.2929688,-0.44628906,1.4517822,0.04840087890625,0.04777018725872034,0.04777018725872034,0.44032988,0.29681525,0.26285493
623,pOrk7fl1AYo$_$3,missing,A,2,1,-0.18823242,1.2626953,-0.35864258,-1.6213379,-0.0322265625,-0.016731765866279665,-0.016731765866279665,0.39794847,0.37050292,0.23154862
624,pOrk7fl1AYo$_$2,missing,A,0,1,0.45458984,1.4423828,-1.0800781,-0.98779297,-0.187744140625,-0.14114582836627967,-0.14114582836627967,0.4612999,0.21488915,0.3238109
625,pOrk7fl1AYo$_$4,missing,A,0,1,0.25708008,1.3300781,-0.7895508,-1.072998,-0.317138671875,-0.24466145336627967,-0.24466145336627967,0.43385133,0.29132402,0.27482462
626,q9yDL81QppI$_$1,missing,A,1,1,0.83935547,1.3642578,-1.2373047,0.52490234,-0.301025390625,-0.23177082836627969,-0.23177082836627969,0.4764175,0.21111256,0.31247
627,q9yDL81QppI$_$0,missing,A,1,1,-0.0949707,1.6337891,-0.40673828,1.7287598,0.02020263671875,0.025211593508720338,0.025211593508720338,0.4181268,0.3115098,0.2703634
628,q9yDL81QppI$_$2,missing,A,1,1,0.2536621,1.4951172,-0.8486328,1.2414551,-0.2041015625,-0.15423176586627968,-0.15423176586627968,0.45938626,0.2480729,0.29254082
629,qK77ZmbqmOM$_$9,missing,A,1,1,0.8100586,1.2402344,-1.4287109,0.43017578,-0.81884765625,-0.6460286408662798,-0.6460286408662798,0.4878696,0.21901882,0.29311162
630,qK77ZmbqmOM$_$0,missing,A,1,0,1.3583984,0.40844727,-1.4785156,-0.9499512,-0.94921875,-0.7503255158662797,-0.7503255158662797,0.50544333,0.20027085,0.29428583
631,qY1sXq-YCHs$_$8,missing,A,0,1,0.3034668,1.7636719,-0.8588867,-1.4602051,0.0545654296875,0.05270182788372034,0.05270182788372034,0.43502483,0.22583807,0.33913714
632,qmMSumMloAs$_$1,missing,A,2,0,1.5117188,-0.16711426,-1.5517578,-3.0634766,-1.314453125,-1.0425130158662796,-1.0425130158662796,0.50644445,0.21312141,0.28043416
633,qmMSumMloAs$_$3,missing,A,2,1,0.08532715,1.7460938,-0.61572266,-2.3618164,0.081787109375,0.07447917163372034,0.07447917163372034,0.4338337,0.22273597,0.34343034
634,qmMSumMloAs$_$2,missing,A,2,0,1.7324219,-0.068481445,-1.8291016,-3.5615234,-1.38671875,-1.1003255158662797,-1.1003255158662797,0.5321407,0.18289821,0.28496116
635,r13W4H8ZhqI$_$12,missing,A,1,0,0.5473633,0.34399414,-0.83154297,-0.20336914,-0.3291015625,-0.2542317658662797,-0.2542317658662797,0.45108595,0.28936455,0.25954953
636,r13W4H8ZhqI$_$1,missing,A,2,0,1.3623047,-0.43945312,-1.4248047,-2.7871094,-1.05078125,-0.8315755158662798,-0.8315755158662798,0.49376175,0.26011997,0.24611829
637,r13W4H8ZhqI$_$5,missing,A,1,1,0.265625,1.8857422,-0.89501953,1.6201172,-0.150634765625,-0.11145832836627967,-0.11145832836627967,0.4578282,0.20097427,0.34119752
638,r13W4H8ZhqI$_$8,missing,A,2,0,1.1123047,0.51220703,-1.3574219,-2.4697266,-0.7431640625,-0.5854817658662798,-0.5854817658662798,0.48537698,0.24529913,0.2693239
639,r5ijC2W9ddk$_$8,missing,A,2,1,0.4008789,0.9345703,-0.8901367,-1.824707,-0.42724609375,-0.3327473908662797,-0.3327473908662797,0.46159816,0.26960793,0.26879397
640,r5ijC2W9ddk$_$0,missing,A,1,1,-0.46411133,1.6904297,-0.053527832,1.7439575,0.194091796875,0.16432292163372034,0.16432292163372034,0.39417064,0.2998054,0.30602387
641,r9tgDqXEcuc$_$4,missing,A,1,0,0.88623047,0.77685547,-1.0605469,-0.109375,-0.258056640625,-0.19739582836627967,-0.19739582836627967,0.47149193,0.21829276,0.31021526
642,rf0yDSeVEUA$_$1,missing,A,2,0,2.1035156,-0.8701172,-1.7373047,-3.8408203,-1.6435546875,-1.3057942658662798,-1.3057942658662798,0.5480222,0.18733603,0.26464173
643,rf0yDSeVEUA$_$0,missing,A,2,0,1.0908203,0.84277344,-1.4130859,-2.5039062,-0.6162109375,-0.48391926586627965,-0.48391926586627965,0.51091737,0.19474745,0.29433516
644,rf0yDSeVEUA$_$3,missing,A,2,0,1.8935547,-0.8520508,-1.5146484,-3.4082031,-1.46875,-1.1659505158662797,-1.1659505158662797,0.5229886,0.22376291,0.2532485
645,rojyUp4FPSg$_$26,missing,A,2,0,2.2304688,-1.2294922,-1.8408203,-4.071289,-1.8603515625,-1.4792317658662797,-1.4792317658662797,0.5559557,0.17832938,0.26571494
646,rojyUp4FPSg$_$20,missing,A,2,0,1.4892578,0.11218262,-1.5712891,-3.0605469,-1.0068359375,-0.7964192658662798,-0.7964192658662798,0.5299452,0.1667167,0.3033381
647,rojyUp4FPSg$_$21,missing,A,2,1,0.11047363,1.2939453,-0.5180664,-1.8120117,0.12548828125,0.10944010913372035,0.10944010913372035,0.4675036,0.19056317,0.3419332
648,rojyUp4FPSg$_$23,missing,A,2,1,0.09802246,1.453125,-0.58447266,-2.0375977,-0.006195068359375,0.004093429446220337,0.004093429446220337,0.4632314,0.17564271,0.3611259
649,rojyUp4FPSg$_$5,missing,A,1,0,1.5478516,0.13366699,-1.6083984,-1.4141846,-0.90966796875,-0.7186848908662797,-0.7186848908662797,0.5392943,0.1503735,0.31033218
650,rojyUp4FPSg$_$7,missing,A,2,0,2.3203125,-1.2548828,-1.9287109,-4.2490234,-1.9013671875,-1.5120442658662798,-1.5120442658662798,0.5551404,0.16812685,0.27673274
651,rojyUp4FPSg$_$9,missing,A,0,0,1.2939453,0.4819336,-1.5273438,0.8120117,-0.8828125,-0.6972005158662797,-0.6972005158662797,0.5142432,0.17283504,0.3129218
652,rojyUp4FPSg$_$10,missing,A,2,1,-0.04220581,1.375,-0.27172852,-1.6467285,0.220947265625,0.18580729663372034,0.18580729663372034,0.44031936,0.20293158,0.35674906
653,rojyUp4FPSg$_$12,missing,A,2,1,0.19213867,1.7412109,-0.71875,-2.459961,0.0162811279296875,0.022074386477470335,0.022074386477470335,0.46607268,0.1781353,0.35579202
654,rojyUp4FPSg$_$16,missing,A,2,1,0.5444336,1.4277344,-0.9785156,-2.40625,-0.02398681640625,-0.010139968991279665,-0.010139968991279665,0.45847702,0.19014624,0.3513767
655,rojyUp4FPSg$_$18,missing,A,2,1,0.4650879,1.3085938,-0.8852539,-2.1938477,-0.06024169921875,-0.039143875241279665,-0.039143875241279665,0.48470885,0.15842187,0.35686925
656,rojyUp4FPSg$_$37,missing,A,2,0,1.0419922,0.7236328,-1.4111328,-2.453125,-0.64892578125,-0.5100911408662797,-0.5100911408662797,0.5212494,0.17295805,0.30579257
657,rojyUp4FPSg$_$36,missing,A,2,1,0.4736328,1.5927734,-1.0283203,-2.6210938,-0.2142333984375,-0.16233723461627966,-0.16233723461627966,0.437759,0.2083437,0.35389727
658,rojyUp4FPSg$_$34,missing,A,2,0,1.8427734,-0.4333496,-1.8349609,-3.6777344,-1.4365234375,-1.1401692658662796,-1.1401692658662796,0.561209,0.14660639,0.2921845
659,rojyUp4FPSg$_$32,missing,A,2,1,0.23547363,1.9326172,-0.80908203,-2.7416992,0.057769775390625,0.05526530444622034,0.05526530444622034,0.45249188,0.18687196,0.36063617
660,rwNlqh0k1j4$_$15,missing,A,2,0,2.0488281,-0.59228516,-1.8554688,-3.9042969,-1.697265625,-1.3487630158662798,-1.3487630158662798,0.57576376,0.15282646,0.27140972
661,rwNlqh0k1j4$_$3,missing,A,0,1,-0.015167236,1.9892578,-0.5385742,-2.004425,0.105712890625,0.09361979663372035,0.09361979663372035,0.44730958,0.23452982,0.3181606
662,rwNlqh0k1j4$_$2,missing,A,2,1,0.7836914,1.203125,-1.2822266,-2.4853516,-0.3623046875,-0.28079426586627965,-0.28079426586627965,0.4963789,0.19628839,0.30733272
663,rwNlqh0k1j4$_$7,missing,A,0,0,1.5419922,0.11340332,-1.5634766,1.4285889,-0.9189453125,-0.7261067658662798,-0.7261067658662798,0.53274935,0.17214559,0.2951051
664,sC16n1k66io$_$2,missing,A,2,0,1.7451172,0.06604004,-1.8681641,-3.6132812,-1.37109375,-1.0878255158662797,-1.0878255158662797,0.5039291,0.21226995,0.283801
665,sC16n1k66io$_$16,missing,A,2,1,0.51660156,1.4960938,-1.0361328,-2.5322266,-0.41552734375,-0.32337239086627967,-0.32337239086627967,0.47297707,0.18484613,0.34217685
666,sPremsknoLM$_$1,missing,A,1,1,-0.29907227,1.5253906,0.003665924,1.5217247,0.08563232421875,0.07755534350872034,0.07755534350872034,0.3521766,0.35398018,0.29384324
667,ssqiwP19JhM$_$10,missing,A,0,0,1.3603516,0.2043457,-1.3642578,1.1560059,-0.7275390625,-0.5729817658662797,-0.5729817658662797,0.50053567,0.2105254,0.28893894
668,ssqiwP19JhM$_$2,missing,A,1,1,0.6381836,1.0986328,-1.0068359,0.46044922,-0.293701171875,-0.22591145336627969,-0.22591145336627969,0.48317406,0.20312446,0.31370148
669,szic2IB9HB4$_$5,missing,A,0,1,0.058013916,1.5498047,-0.5151367,-1.4917908,-0.16357421875,-0.12180989086627966,-0.12180989086627966,0.43489867,0.24329977,0.32180157
670,tQ-CIfgj-Js$_$3,missing,A,1,0,2.3535156,-1.1591797,-1.9169922,-3.5126953,-1.8828125,-1.4972005158662798,-1.4972005158662798,0.58436483,0.13024488,0.2853903
671,tXQpm-nKxNA$_$5,missing,A,2,1,0.73291016,1.1044922,-1.3544922,-2.4589844,-0.72412109375,-0.5702473908662797,-0.5702473908662797,0.4848331,0.22816458,0.28700233
672,tXQpm-nKxNA$_$7,missing,A,2,0,1.0556641,0.2861328,-1.3125,-2.368164,-0.9091796875,-0.7182942658662798,-0.7182942658662798,0.4682553,0.26990122,0.26184344
673,uacdDoBtT1k$_$0,missing,A,0,0,1.9951172,-0.96777344,-1.8916016,2.9628906,-1.72265625,-1.3690755158662797,-1.3690755158662797,0.54057664,0.20193984,0.25748354
674,uacdDoBtT1k$_$6,missing,A,0,0,1.7998047,-0.15917969,-1.7714844,1.9589844,-1.302734375,-1.0331380158662797,-1.0331380158662797,0.5159059,0.19770958,0.28638455
675,unNY4zIk8MM$_$1,missing,A,2,0,0.7416992,0.56933594,-1.0703125,-1.8120117,-0.61328125,-0.48157551586627967,-0.48157551586627967,0.4514243,0.2971316,0.25144407
676,unNY4zIk8MM$_$3,missing,A,2,1,-0.05557251,1.8632812,-0.55078125,-2.4140625,0.09619140625,0.08600260913372035,0.08600260913372035,0.41402155,0.26696834,0.31901008
677,unNY4zIk8MM$_$5,missing,A,2,1,0.8017578,0.9550781,-1.1943359,-2.149414,-0.42431640625,-0.3304036408662797,-0.3304036408662797,0.4672519,0.2328861,0.29986194
678,unNY4zIk8MM$_$8,missing,A,1,1,-0.26831055,1.4892578,0.044067383,1.4451904,0.2420654296875,0.20270182788372035,0.20270182788372035,0.40349135,0.28868803,0.3078206
679,uooIiW6dEyg$_$1,missing,A,0,1,-0.14196777,1.4638672,-0.13977051,-1.605835,0.1497802734375,0.12887370288372035,0.12887370288372035,0.39407533,0.31664777,0.2892769
680,uooIiW6dEyg$_$5,missing,A,2,0,0.5571289,0.37890625,-0.6381836,-1.1953125,-0.290283203125,-0.22317707836627967,-0.22317707836627967,0.43413302,0.32210428,0.24376272
681,v2Rr-EsJda8$_$0,missing,A,1,1,-0.35595703,1.8662109,-0.17077637,2.0369873,0.1446533203125,0.12477214038372034,0.12477214038372034,0.4043379,0.31355873,0.28210333
682,v2Rr-EsJda8$_$6,missing,A,2,1,-0.4699707,1.6240234,0.037475586,-1.5865479,0.211181640625,0.17799479663372034,0.17799479663372034,0.41813952,0.25295076,0.3289097
683,v9gjg7TDlTA$_$0,missing,A,0,1,0.019134521,1.5634766,-0.5566406,-1.544342,-0.141845703125,-0.10442707836627967,-0.10442707836627967,0.44249773,0.24634594,0.3111563
684,v9gjg7TDlTA$_$4,missing,A,0,1,0.38989258,0.79589844,-0.9448242,-0.40600586,-0.421875,-0.3284505158662797,-0.3284505158662797,0.47940838,0.267806,0.2527856
685,vHzbn_YW76s$_$3,missing,A,0,0,0.86083984,0.7832031,-1.1630859,0.07763672,-0.458984375,-0.3581380158662797,-0.3581380158662797,0.48170608,0.22493285,0.2933611
686,vU0a4F36Ksw$_$13,missing,A,1,0,0.96435547,0.42016602,-1.3017578,-0.54418945,-0.646484375,-0.5081380158662797,-0.5081380158662797,0.45911375,0.26484087,0.27604532
687,vU0a4F36Ksw$_$12,missing,A,2,1,0.054107666,1.0791016,-0.4555664,-1.534668,-0.043212890625,-0.02552082836627966,-0.02552082836627966,0.43048355,0.2970573,0.27245915
688,vU0a4F36Ksw$_$17,missing,A,1,1,-0.16369629,1.4423828,-0.34521484,1.6060791,0.1119384765625,0.09860026538372034,0.09860026538372034,0.40161747,0.2893225,0.30905998
689,vU0a4F36Ksw$_$0,missing,A,2,0,2.0996094,-1.1679688,-1.7666016,-3.866211,-1.671875,-1.3284505158662798,-1.3284505158662798,0.530239,0.2127914,0.25696957
690,vU0a4F36Ksw$_$3,missing,A,2,1,-0.3400879,1.2109375,-0.02709961,-1.2380371,0.302978515625,0.25143229663372035,0.25143229663372035,0.3970677,0.28259534,0.32033694
691,vU0a4F36Ksw$_$5,missing,A,1,0,1.1191406,0.32104492,-1.3271484,-0.7980957,-0.7705078125,-0.6073567658662797,-0.6073567658662797,0.47895405,0.25284755,0.2681984
692,vU0a4F36Ksw$_$7,missing,A,2,0,1.0615234,0.765625,-1.4648438,-2.5263672,-0.8125,-0.6409505158662797,-0.6409505158662797,0.48027998,0.2301759,0.28954417
693,vU0a4F36Ksw$_$20,missing,A,1,1,0.34960938,1.4179688,-0.8618164,1.0683594,-0.09326171875,-0.06555989086627967,-0.06555989086627967,0.4046662,0.25835684,0.33697698
694,vbr3EA8cJTI$_$0,missing,A,2,1,-0.27856445,0.8964844,0.10229492,-0.79418945,0.07037353515625,0.06534831225872034,0.06534831225872034,0.37088937,0.40146622,0.22764437
695,vbr3EA8cJTI$_$2,missing,A,0,1,0.37329102,0.74365234,-0.6538086,-0.37036133,-0.208251953125,-0.15755207836627969,-0.15755207836627969,0.42030203,0.30284977,0.27684814
696,vbr3EA8cJTI$_$7,missing,A,2,1,-0.15246582,1.1044922,-0.23669434,-1.3411865,-0.04327392578125,-0.025569656491279666,-0.025569656491279666,0.37768403,0.37971985,0.24259613
697,vbr3EA8cJTI$_$6,missing,A,2,0,0.5727539,0.26708984,-0.6201172,-1.1928711,-0.368896484375,-0.2860677033662796,-0.2860677033662796,0.42191854,0.34692892,0.23115252
698,wF8980oGklk$_$24,missing,A,2,1,0.53808594,1.0810547,-1.1259766,-2.2070312,-0.41162109375,-0.32024739086627974,-0.32024739086627974,0.45317736,0.26859608,0.27822658
699,wF8980oGklk$_$25,missing,A,2,1,0.45336914,1.4951172,-0.92333984,-2.418457,-0.3984375,-0.30970051586627967,-0.30970051586627967,0.45862222,0.22191595,0.3194618
700,wF8980oGklk$_$1,missing,A,1,1,-0.43188477,1.7119141,-0.1159668,1.8278809,0.14501953125,0.12506510913372035,0.12506510913372035,0.38931096,0.29099226,0.31969678
701,wF8980oGklk$_$0,missing,A,1,0,0.7158203,0.64208984,-1.1484375,-0.07373047,-0.68505859375,-0.5389973908662797,-0.5389973908662797,0.4496343,0.28808585,0.2622798
702,wF8980oGklk$_$3,missing,A,1,1,-0.47094727,1.4697266,-0.083496094,1.5532227,0.1138916015625,0.10016276538372035,0.10016276538372035,0.43130463,0.2876232,0.28107217
703,wF8980oGklk$_$2,missing,A,0,1,0.02432251,1.3398438,-0.6870117,-1.3155212,-0.1419677734375,-0.10452473461627967,-0.10452473461627967,0.418392,0.2720085,0.3095995
704,wF8980oGklk$_$6,missing,A,2,1,0.47729492,1.1572266,-1.1015625,-2.258789,-0.27099609375,-0.20774739086627966,-0.20774739086627966,0.45392478,0.26394308,0.28213218
705,wF8980oGklk$_$17,missing,A,2,1,0.32373047,0.95166016,-0.65527344,-1.6069336,-0.058135986328125,-0.03745930492877966,-0.03745930492877966,0.4337071,0.27800128,0.28829163
706,wosolsrH3sM$_$6,missing,A,2,0,2.0546875,-0.8808594,-1.6884766,-3.743164,-1.6435546875,-1.3057942658662798,-1.3057942658662798,0.5258825,0.20991579,0.26420176
707,x-zGBp7axao$_$3,missing,A,0,0,1.1162109,-0.7519531,-0.8696289,1.8681641,-0.76318359375,-0.6014973908662797,-0.6014973908662797,0.47685963,0.28562605,0.23751432
708,x2lOwQaAn4g$_$4,missing,A,2,1,-0.28100586,1.1054688,0.010498047,-1.0949707,0.230712890625,0.19361979663372034,0.19361979663372034,0.3950712,0.356013,0.24891576
709,xUgAP84vsg4$_$15,missing,A,2,1,0.47851562,1.2548828,-0.84814453,-2.1030273,-0.293212890625,-0.22552082836627968,-0.22552082836627968,0.48250577,0.21658078,0.30091348
710,xUgAP84vsg4$_$4,missing,A,2,1,0.45874023,1.2080078,-0.84716797,-2.0551758,-0.26708984375,-0.20462239086627967,-0.20462239086627967,0.43331346,0.2954261,0.27126047
711,xUgAP84vsg4$_$8,missing,A,2,1,0.3479004,1.6416016,-0.9350586,-2.5766602,-0.190673828125,-0.14348957836627968,-0.14348957836627968,0.44790968,0.25462723,0.29746315
712,xivYoEUQ5sk$_$5,missing,A,2,0,1.4863281,-0.8828125,-1.2626953,-2.7490234,-1.384765625,-1.0987630158662798,-1.0987630158662798,0.48390746,0.27125362,0.2448389
713,xivYoEUQ5sk$_$4,missing,A,2,1,-0.0035705566,0.8496094,-0.31958008,-1.1691895,-0.021514892578125,-0.008162429928779663,-0.008162429928779663,0.38877872,0.36701527,0.24420603
714,xjsaS-LeZ14$_$20,missing,A,1,1,0.7915039,0.83984375,-1.1611328,0.048339844,-0.7509765625,-0.5917317658662797,-0.5917317658662797,0.49281293,0.20571093,0.30147612
715,xjsaS-LeZ14$_$14,missing,A,1,1,0.54248047,1.0341797,-1.0302734,0.49169922,-0.23388671875,-0.17805989086627969,-0.17805989086627969,0.5044148,0.19593161,0.29965362
716,xjsaS-LeZ14$_$6,missing,A,2,0,1.8642578,-1.0458984,-1.5517578,-3.4160156,-1.822265625,-1.4487630158662799,-1.4487630158662799,0.5180654,0.23211452,0.2498201
717,y8HXGm1-Ecw$_$7,missing,A,0,1,-0.024627686,1.5732422,-0.46142578,-1.5978699,0.05859375,0.05592448413372034,0.05592448413372034,0.44035935,0.25606164,0.30357903
718,y9FyTEyGy5Y$_$1,missing,A,2,1,-0.72216797,1.5224609,0.38623047,-1.1362305,0.31787109375,0.2633463591337204,0.2633463591337204,0.3768555,0.34109557,0.28204897
719,zhE_68GMJIk$_$8,missing,A,0,0,1.1318359,0.78564453,-1.3740234,0.3461914,-0.564453125,-0.44251301586627967,-0.44251301586627967,0.48826444,0.20614289,0.3055927
720,zhE_68GMJIk$_$5,missing,A,0,0,1.7324219,-0.19641113,-1.7597656,1.928833,-1.4736328125,-1.1698567658662797,-1.1698567658662797,0.5191825,0.20672122,0.27409634
721,zjYEBwXGD8I$_$13,missing,A,2,1,0.65478516,0.8330078,-1.1025391,-1.9355469,-0.46875,-0.3659505158662797,-0.3659505158662797,0.4690095,0.2725394,0.25845104
722,zjYEBwXGD8I$_$15,missing,A,2,1,0.21655273,1.3457031,-0.8442383,-2.1899414,-0.25830078125,-0.19759114086627969,-0.19759114086627969,0.43743047,0.29518232,0.2673872
723,zjYEBwXGD8I$_$0,missing,A,1,1,-0.6176758,1.9746094,0.043823242,1.9307861,0.1641845703125,0.14039714038372034,0.14039714038372034,0.37681356,0.35146004,0.27172634
724,zjYEBwXGD8I$_$2,missing,A,2,1,-0.17578125,1.8154297,-0.38305664,-2.1984863,-0.040283203125,-0.023177078366279663,-0.023177078366279663,0.4057621,0.28817803,0.30605984
725,zjYEBwXGD8I$_$4,missing,A,1,0,1.0712891,0.48413086,-1.4345703,-0.5871582,-0.96240234375,-0.7608723908662798,-0.7608723908662798,0.4742704,0.25852317,0.26720643
726,zjYEBwXGD8I$_$9,missing,A,2,1,0.75927734,1.0380859,-1.1240234,-2.1621094,-0.37646484375,-0.29212239086627967,-0.29212239086627967,0.4624965,0.2546794,0.28282413
727,zk2jTlAtvSU$_$3,missing,A,1,0,1.4472656,0.5366211,-1.6279297,-0.91064453,-1.01953125,-0.8065755158662797,-0.8065755158662797,0.51494586,0.18551475,0.2995394
0,-UacrmKiTn4$_$7,missing,V,1,1,0.046295166,1.3017578,-0.5283203,1.2554626,-0.20947265625,-0.15852864086627969,-0.15852864086627969,0.38878468,0.29226333,0.318952
1,-qDkUB0GgYY$_$5,missing,V,2,0,1.1572266,-0.7548828,-0.65478516,-1.8120117,-0.619140625,-0.48626301586627974,-0.48626301586627974,0.47960174,0.26615986,0.25423843
2,0utROiKxejc$_$1,missing,V,2,1,-0.23937988,2.0175781,-0.5336914,-2.5512695,-0.16748046875,-0.12493489086627968,-0.12493489086627968,0.41402417,0.34898636,0.2369895
3,0utROiKxejc$_$4,missing,V,0,0,1.0673828,0.68847656,-1.3994141,0.37890625,-0.7080078125,-0.5573567658662797,-0.5573567658662797,0.47590408,0.2952083,0.22888763
4,0y022OlZ3W0$_$3,missing,V,2,1,-0.42504883,1.8271484,-0.041137695,-1.8682861,-0.027099609375,-0.012630203366279666,-0.012630203366279666,0.40235505,0.35573393,0.24191105
5,0y022OlZ3W0$_$5,missing,V,0,1,0.21582031,1.4404297,-0.87597656,-1.2246094,-0.351806640625,-0.2723958283662796,-0.2723958283662796,0.41881847,0.32703173,0.2541498
6,0y022OlZ3W0$_$8,missing,V,1,1,-0.2788086,1.5498047,-0.20446777,1.7542725,-0.0164794921875,-0.004134109616279663,-0.004134109616279663,0.39138335,0.32392636,0.2846903
7,101787$_$11,missing,V,0,1,0.85498047,1.1142578,-1.7734375,-0.25927734,-1.06640625,-0.8440755158662797,-0.8440755158662797,0.4374263,0.29783866,0.2647351
8,101787$_$13,missing,V,0,1,0.3227539,1.8447266,-1.2333984,-1.5219727,-0.60986328125,-0.4788411408662797,-0.4788411408662797,0.4364794,0.31986436,0.24365628
9,101787$_$1,missing,V,0,1,-0.07055664,2.0429688,-0.93359375,-2.1135254,-0.3154296875,-0.2432942658662797,-0.2432942658662797,0.38323572,0.31901205,0.29775223
10,101787$_$5,missing,V,0,1,-0.38354492,2.1582031,-0.23413086,-2.541748,-0.07135009765625,-0.048030593991279666,-0.048030593991279666,0.38147342,0.3498507,0.2686759
11,101787$_$7,missing,V,2,1,-0.16955566,2.2480469,-0.6088867,-2.8569336,-0.1201171875,-0.08704426586627967,-0.08704426586627967,0.38732558,0.3243736,0.28830084
12,101787$_$9,missing,V,1,1,0.21484375,1.7568359,-0.99072266,1.5419922,-0.5166015625,-0.40423176586627974,-0.40423176586627974,0.41804573,0.3111937,0.27076057
13,102408$_$2,missing,V,1,1,-0.78564453,1.7177734,0.5498047,1.1679688,0.130615234375,0.11354167163372034,0.11354167163372034,0.37523896,0.32180113,0.30295992
14,102408$_$5,missing,V,2,1,0.41015625,0.6386719,-0.5678711,-1.206543,-0.460693359375,-0.35950520336627967,-0.35950520336627967,0.4582212,0.27375847,0.2680204
15,102408$_$9,missing,V,0,0,0.2800293,0.040130615,-0.08947754,0.23989868,-0.059326171875,-0.038411453366279665,-0.038411453366279665,0.45763463,0.26884237,0.273523
16,102858$_$20,missing,V,0,1,-0.33862305,1.8408203,-0.2619629,-2.1794434,-0.137939453125,-0.10130207836627966,-0.10130207836627966,0.4321588,0.3516757,0.21616547
17,102858$_$21,missing,V,0,0,1.3095703,0.90722656,-1.7138672,0.40234375,-0.900390625,-0.7112630158662797,-0.7112630158662797,0.44468743,0.31998068,0.23533192
18,102858$_$1,missing,V,1,1,0.43823242,1.8330078,-1.1416016,1.3947754,-0.64404296875,-0.5061848908662797,-0.5061848908662797,0.44406834,0.34604216,0.20988952
19,102858$_$0,missing,V,2,1,-0.28881836,2.4003906,-0.18139648,-2.581787,-0.150390625,-0.11126301586627967,-0.11126301586627967,0.3935606,0.34144306,0.26499635
20,102858$_$4,missing,V,2,0,1.9189453,-0.43188477,-1.9228516,-3.8417969,-1.791015625,-1.4237630158662797,-1.4237630158662797,0.5064829,0.28318354,0.21033354
21,102858$_$6,missing,V,0,0,1.1582031,1.0458984,-1.8330078,0.11230469,-1.208984375,-0.9581380158662798,-0.9581380158662798,0.4455945,0.32030445,0.23410107
22,102858$_$10,missing,V,2,1,-0.3317871,2.2519531,-0.31835938,-2.5703125,-0.27734375,-0.21282551586627968,-0.21282551586627968,0.4093994,0.3547221,0.23587853
23,102858$_$17,missing,V,0,1,-0.13220215,2.2558594,-0.54003906,-2.3880615,-0.268798828125,-0.20598957836627968,-0.20598957836627968,0.4115489,0.3525047,0.23594643
24,102858$_$19,missing,V,1,1,-0.33862305,2.4746094,-0.22460938,2.6992188,-0.133544921875,-0.09778645336627967,-0.09778645336627967,0.42441145,0.34856972,0.22701886
25,112433$_$10,missing,V,1,1,-0.4597168,2.2558594,-0.007686615,2.263546,-0.0263214111328125,-0.012007644772529663,-0.012007644772529663,0.35745478,0.35184613,0.29069906
26,112433$_$3,missing,V,0,1,0.6381836,1.265625,-1.1611328,-0.6274414,-0.4169921875,-0.3245442658662797,-0.3245442658662797,0.41517276,0.33502007,0.24980722
27,112433$_$7,missing,V,0,1,0.06210327,1.8701172,-0.68896484,-1.8080139,-0.1383056640625,-0.10159504711627967,-0.10159504711627967,0.37792787,0.32094133,0.3011308
28,112433$_$6,missing,V,0,1,0.21533203,1.8134766,-0.8979492,-1.5981445,-0.0833740234375,-0.05764973461627966,-0.05764973461627966,0.3874583,0.34107944,0.27146223
29,117tQqLjza4$_$6,missing,V,2,1,-0.56152344,2.0507812,0.07092285,-1.9798584,-0.154052734375,-0.11419270336627967,-0.11419270336627967,0.42050081,0.37333038,0.20616877
30,11j7EfglCAs$_$2,missing,V,1,1,0.091796875,1.8242188,-0.53027344,1.7324219,-0.37109375,-0.2878255158662797,-0.2878255158662797,0.41240582,0.3366971,0.25089705
31,121128$_$10,missing,V,2,1,-0.43676758,2.0078125,-0.24499512,-2.2528076,0.016448974609375,0.02220866382122034,0.02220866382122034,0.4093898,0.3409373,0.24967289
32,121128$_$1,missing,V,1,1,0.58154297,0.8564453,-0.89990234,0.27490234,-0.087158203125,-0.06067707836627967,-0.06067707836627967,0.4575812,0.29162022,0.25079858
33,121128$_$0,missing,V,1,1,-0.4645996,2.125,-0.20874023,2.3337402,0.07989501953125,0.07296549975872034,0.07296549975872034,0.40782198,0.32842636,0.26375166
34,121128$_$5,missing,V,2,1,-0.57421875,2.0996094,0.01574707,-2.0838623,0.1104736328125,0.09742839038372034,0.09742839038372034,0.41047397,0.34616944,0.24335657
35,125344$_$0,missing,V,0,2,0.16296387,0.005554199,0.49487305,-0.33190918,0.4951171875,0.40514323413372033,0.40514323413372033,0.46264708,0.26138034,0.27597255
36,125676$_$0,missing,V,1,1,-0.80859375,1.7275391,0.43823242,1.2893066,0.3271484375,0.2707682341337203,0.2707682341337203,0.35314554,0.3137887,0.33306572
37,125676$_$4,missing,V,2,1,0.32983398,0.9248047,-0.88378906,-1.8085938,-0.113037109375,-0.08138020336627967,-0.08138020336627967,0.44722608,0.30271918,0.25005475
38,128059$_$11,missing,V,0,0,1.2216797,0.58203125,-1.7412109,0.63964844,-0.93310546875,-0.7374348908662798,-0.7374348908662798,0.41723353,0.30384168,0.2789248
39,128059$_$12,missing,V,0,1,-0.27392578,2.1425781,-0.3010254,-2.416504,-0.1038818359375,-0.07405598461627967,-0.07405598461627967,0.37853184,0.3488704,0.2725978
40,128059$_$2,missing,V,0,1,0.018096924,2.0742188,-0.87597656,-2.0561218,0.051727294921875,0.05043132007122034,0.05043132007122034,0.3526978,0.36375228,0.28354993
41,128059$_$7,missing,V,1,0,1.7080078,-0.32104492,-1.984375,-2.0290527,-1.478515625,-1.1737630158662797,-1.1737630158662797,0.44956806,0.28207585,0.2683561
42,128059$_$6,missing,V,0,0,1.6337891,-0.28637695,-1.7294922,1.920166,-1.2685546875,-1.0057942658662797,-1.0057942658662797,0.44899344,0.28832054,0.262686
43,128059$_$9,missing,V,0,1,0.8071289,1.1123047,-1.4873047,-0.30517578,-0.60205078125,-0.47259114086627974,-0.47259114086627974,0.39632237,0.32179865,0.28187898
44,128763$_$12,missing,V,0,1,-0.22753906,1.3525391,-0.17480469,-1.5800781,-0.1649169921875,-0.12288410961627966,-0.12288410961627966,0.4109222,0.35182709,0.23725073
45,128763$_$3,missing,V,0,1,0.17712402,2.0585938,-1.1455078,-1.8814697,-0.2939453125,-0.22610676586627967,-0.22610676586627967,0.39550683,0.35676825,0.24772495
46,128763$_$2,missing,V,1,1,-0.18798828,2.2988281,-0.6899414,2.4868164,-0.126220703125,-0.09192707836627967,-0.09192707836627967,0.4012529,0.36168307,0.2370641
47,128763$_$5,missing,V,1,1,0.043182373,2.0996094,-0.9584961,2.056427,-0.1708984375,-0.12766926586627966,-0.12766926586627966,0.3664538,0.358757,0.27478915
48,128763$_$7,missing,V,0,1,-0.38598633,1.9267578,-0.31420898,-2.3127441,-0.2135009765625,-0.16175129711627967,-0.16175129711627967,0.3827404,0.38194546,0.23531416
49,128763$_$8,missing,V,0,1,-0.13464355,2.3125,-0.61376953,-2.4471436,-0.08441162109375,-0.05847981274127967,-0.05847981274127967,0.38024393,0.3552522,0.26450387
50,130456$_$11,missing,V,0,0,1.0537109,0.6508789,-1.4238281,0.40283203,-0.908203125,-0.7175130158662797,-0.7175130158662797,0.43792665,0.29836407,0.26370928
51,130456$_$3,missing,V,0,1,-0.44091797,1.9482422,0.08886719,-2.3891602,0.155029296875,0.13307292163372034,0.13307292163372034,0.42804438,0.31777528,0.25418037
52,130456$_$5,missing,V,0,1,-0.4543457,2.2714844,-0.020874023,-2.72583,0.09307861328125,0.08351237475872034,0.08351237475872034,0.40827164,0.32172415,0.27000415
53,130456$_$4,missing,V,1,1,0.014862061,2.0371094,-0.65234375,2.0222473,0.045440673828125,0.04540202319622034,0.04540202319622034,0.3879527,0.34866288,0.2633844
54,130456$_$7,missing,V,0,1,-0.07434082,2.1972656,-0.6147461,-2.2716064,0.07623291015625,0.07003581225872034,0.07003581225872034,0.36728257,0.3484962,0.28422123
55,130456$_$6,missing,V,0,1,0.73828125,1.1318359,-1.1259766,-0.3935547,-0.41552734375,-0.32337239086627967,-0.32337239086627967,0.45413426,0.29815564,0.2477101
56,188343$_$13,missing,V,2,0,1.8583984,-0.7734375,-1.5712891,-3.4296875,-1.71875,-1.3659505158662797,-1.3659505158662797,0.4846055,0.28585413,0.2295404
57,188343$_$12,missing,V,0,0,1.1513672,-0.5263672,-0.7402344,1.6777344,-0.923828125,-0.7300130158662798,-0.7300130158662798,0.4826964,0.2783537,0.2389499
58,188343$_$5,missing,V,0,1,0.5175781,0.52441406,-0.4597168,-0.0068359375,-0.3828125,-0.2972005158662797,-0.2972005158662797,0.4357336,0.3015432,0.26272324
59,188343$_$9,missing,V,0,0,1.4580078,-0.4621582,-1.1425781,1.920166,-1.2431640625,-0.9854817658662798,-0.9854817658662798,0.47611818,0.28140485,0.24247701
60,188343$_$8,missing,V,0,1,0.07116699,1.3447266,-0.35668945,-1.2735596,0.10888671875,0.09615885913372034,0.09615885913372034,0.45214596,0.32066795,0.22718608
61,1HK7Nea0PFo$_$1,missing,V,0,1,-0.54052734,1.7197266,0.36450195,-2.260254,0.02618408203125,0.02999674975872034,0.02999674975872034,0.37100434,0.3550082,0.27398747
62,216097$_$1,missing,V,0,1,-0.87353516,1.9794922,0.5776367,-2.8530273,0.06390380859375,0.06017253100872034,0.06017253100872034,0.36584663,0.33893365,0.29521972
63,216097$_$2,missing,V,1,1,-0.20690918,1.2958984,-0.047729492,1.3436279,0.1796875,0.15279948413372035,0.15279948413372035,0.3672662,0.31745413,0.31527966
64,216097$_$5,missing,V,1,1,0.38549805,0.4086914,-0.4650879,0.02319336,-0.30517578125,-0.23509114086627966,-0.23509114086627966,0.39530823,0.2664295,0.3382623
65,216097$_$4,missing,V,0,0,1.5986328,-0.8696289,-1.5751953,2.4682617,-1.630859375,-1.2956380158662797,-1.2956380158662797,0.43075156,0.27302113,0.2962273
66,216097$_$7,missing,V,2,0,1.4384766,-1.1210938,-1.1347656,-2.5732422,-1.482421875,-1.1768880158662798,-1.1768880158662798,0.4276976,0.25319988,0.31910253
67,216097$_$8,missing,V,0,1,-0.90234375,2.0839844,0.57714844,-2.9863281,0.007106781005859375,0.014734908938407837,0.014734908938407837,0.3738454,0.33114752,0.29500705
68,223431$_$11,missing,V,0,0,1.0595703,0.6958008,-1.5791016,0.36376953,-0.82421875,-0.6503255158662797,-0.6503255158662797,0.4390981,0.3191611,0.24174085
69,223431$_$10,missing,V,2,1,-0.7426758,1.6806641,0.21325684,-1.4674072,0.05517578125,0.05319010913372034,0.05319010913372034,0.38551685,0.33720872,0.27727443
70,223431$_$13,missing,V,0,1,0.05709839,1.8134766,-0.7890625,-1.7563782,-0.37646484375,-0.29212239086627967,-0.29212239086627967,0.3912297,0.34776,0.26101035
71,223431$_$0,missing,V,1,1,-0.4243164,2.3671875,-0.16149902,2.5286865,-0.09088134765625,-0.06365559399127967,-0.06365559399127967,0.38061142,0.37169218,0.2476964
72,223431$_$5,missing,V,1,1,-0.008453369,1.8945312,-0.88916016,1.9029846,-0.19091796875,-0.14368489086627967,-0.14368489086627967,0.38809693,0.33751085,0.27439222
73,225770$_$3,missing,V,0,0,1.9794922,-1.2783203,-1.4824219,3.2578125,-1.9482421875,-1.5495442658662797,-1.5495442658662797,0.5278739,0.26149195,0.21063416
74,225770$_$5,missing,V,1,1,-0.08508301,2.1855469,-0.60546875,2.27063,0.0309906005859375,0.03384196460247034,0.03384196460247034,0.3719645,0.34063843,0.2873971
75,225770$_$4,missing,V,1,1,0.8149414,0.8227539,-1.3154297,0.0078125,-0.5693359375,-0.44641926586627967,-0.44641926586627967,0.47389704,0.30794406,0.21815887
76,225770$_$6,missing,V,0,0,1.0361328,0.43066406,-1.3886719,0.60546875,-0.93603515625,-0.7397786408662798,-0.7397786408662798,0.49593505,0.292961,0.2111039
77,236021$_$12,missing,V,2,2,-1.1943359,0.98046875,1.2695312,0.2890625,1.0478515625,0.8473307341337204,0.8473307341337204,0.4121874,0.3306072,0.25720534
78,236021$_$1,missing,V,1,0,1.1943359,0.34057617,-1.5341797,-0.85375977,-1.326171875,-1.0518880158662798,-1.0518880158662798,0.47277364,0.33266798,0.19455835
79,236021$_$3,missing,V,0,1,-0.2763672,1.9501953,-0.04724121,-2.2265625,-0.0731201171875,-0.04944660961627967,-0.04944660961627967,0.40818536,0.3528123,0.23900233
80,236021$_$2,missing,V,0,0,2.078125,-1.4003906,-1.6435547,3.4785156,-2.0078125,-1.5972005158662799,-1.5972005158662799,0.5118958,0.27681056,0.21129368
81,236021$_$5,missing,V,0,1,0.22583008,1.5400391,-0.64208984,-1.314209,-0.47998046875,-0.37493489086627974,-0.37493489086627974,0.38665494,0.35364476,0.25970033
82,236021$_$4,missing,V,0,0,1.9794922,-1.5185547,-1.5117188,3.491211,-2.005859375,-1.5956380158662797,-1.5956380158662797,0.5309546,0.28317633,0.1858691
83,237009$_$11,missing,V,0,1,0.00680542,2.2324219,-0.8901367,-2.2256165,-0.11920166015625,-0.08631184399127967,-0.08631184399127967,0.39717466,0.36654732,0.23627804
84,237009$_$12,missing,V,0,0,1.8125,-0.7651367,-2.0371094,2.5776367,-2.046875,-1.6284505158662799,-1.6284505158662799,0.46128026,0.29929075,0.23942898
85,237009$_$4,missing,V,2,1,-0.15270996,1.7314453,-0.2631836,-1.9946289,-0.033966064453125,-0.018123367428779666,-0.018123367428779666,0.39491507,0.32548195,0.27960294
86,237009$_$7,missing,V,0,1,-0.11376953,1.9472656,-0.47192383,-2.0610352,-0.201904296875,-0.15247395336627967,-0.15247395336627967,0.36978558,0.36042485,0.2697896
87,237009$_$9,missing,V,0,1,-0.21264648,1.4433594,-0.26098633,-1.6560059,0.11962890625,0.10475260913372034,0.10475260913372034,0.3303666,0.3150343,0.35459915
88,241629$_$10,missing,V,0,1,-0.5,1.6699219,0.056396484,-2.1699219,0.053741455078125,0.05204264819622034,0.05204264819622034,0.42605948,0.32279626,0.25114426
89,241629$_$0,missing,V,2,1,-0.47216797,1.8486328,-0.099121094,-1.9477539,-0.00482177734375,0.005192062258720337,0.005192062258720337,0.43278387,0.3336235,0.23359264
90,241629$_$3,missing,V,2,0,1.1591797,0.4189453,-1.5507812,-2.709961,-0.68310546875,-0.5374348908662797,-0.5374348908662797,0.42961204,0.3103336,0.2600544
91,241629$_$5,missing,V,0,1,0.6948242,0.95214844,-1.1865234,-0.25732422,-0.5517578125,-0.4323567658662797,-0.4323567658662797,0.45213014,0.32518005,0.22268982
92,241629$_$8,missing,V,0,0,2.1640625,-1.1679688,-1.7900391,3.3320312,-1.740234375,-1.3831380158662798,-1.3831380158662798,0.53179735,0.26690495,0.20129764
93,243646$_$11,missing,V,0,1,-0.38305664,1.7148438,0.08972168,-2.0979004,0.210693359375,0.17760417163372036,0.17760417163372036,0.41623014,0.30267662,0.2810932
94,243646$_$12,missing,V,0,0,0.68408203,-0.1508789,-0.03778076,0.7218628,0.3544921875,0.2926432341337204,0.2926432341337204,0.44083646,0.2297559,0.32940766
95,243646$_$9,missing,V,1,1,-0.6533203,2.2773438,0.25927734,2.0180664,-0.03729248046875,-0.020784500241279664,-0.020784500241279664,0.365569,0.33076563,0.30366534
96,243646$_$8,missing,V,1,1,-0.6245117,2.3261719,0.23535156,2.0908203,0.05377197265625,0.05206706225872034,0.05206706225872034,0.39159822,0.35200757,0.2563942
97,247318$_$12,missing,V,0,1,-0.1932373,2.1289062,-0.7138672,-2.3221436,-0.025482177734375,-0.011336258053779663,-0.011336258053779663,0.35700095,0.35619628,0.28680277
98,247318$_$1,missing,V,1,1,-0.16003418,2.0820312,-0.7763672,2.2420654,-0.047149658203125,-0.028670242428779663,-0.028670242428779663,0.35062158,0.36891016,0.28046826
99,247318$_$3,missing,V,0,1,-0.31689453,2.2109375,-0.48950195,-2.527832,-0.0262451171875,-0.011946609616279663,-0.011946609616279663,0.33939695,0.3768572,0.2837459
100,247318$_$2,missing,V,1,1,-0.14013672,2.0839844,-0.80322266,2.224121,-0.038055419921875,-0.021394851803779664,-0.021394851803779664,0.35353124,0.36649892,0.2799698
101,247318$_$5,missing,V,0,1,0.13012695,1.7900391,-0.92333984,-1.6599121,0.00910186767578125,0.016330978274345338,0.016330978274345338,0.38724628,0.35082352,0.26193023
102,247318$_$7,missing,V,0,1,-0.44702148,2.0664062,-0.2331543,-2.5134277,-0.161376953125,-0.12005207836627968,-0.12005207836627968,0.36839488,0.3679487,0.2636564
103,247318$_$6,missing,V,1,1,-0.5756836,2.0625,-0.017944336,2.0804443,-0.06939697265625,-0.046468093991279665,-0.046468093991279665,0.35439298,0.3728389,0.2727681
104,252998$_$1,missing,V,1,1,0.41333008,1.5791016,-1.0791016,1.1657715,-0.300048828125,-0.23098957836627967,-0.23098957836627967,0.34271055,0.32736853,0.32992092
105,252998$_$0,missing,V,1,1,-0.41088867,1.5908203,-0.009399414,1.6002197,0.0107421875,0.017643234133720338,0.017643234133720338,0.35852116,0.32536545,0.31611338
106,252998$_$5,missing,V,0,0,1.0195312,-0.3959961,-0.86279297,1.4155273,-1.0185546875,-0.8057942658662798,-0.8057942658662798,0.3952267,0.2655889,0.33918443
107,252998$_$4,missing,V,0,0,1.6064453,-0.60791016,-1.5332031,2.2143555,-1.3310546875,-1.0557942658662798,-1.0557942658662798,0.4575149,0.26874015,0.2737449
108,252998$_$7,missing,V,2,0,1.1064453,0.25341797,-1.3876953,-2.4941406,-0.97705078125,-0.7725911408662798,-0.7725911408662798,0.40850794,0.29446167,0.2970304
109,252998$_$8,missing,V,0,1,-0.2322998,1.9589844,-0.4675293,-2.1912842,-0.104736328125,-0.07473957836627967,-0.07473957836627967,0.4107412,0.32937157,0.2598872
110,257247$_$10,missing,V,0,1,-0.3256836,2.4824219,-0.24987793,-2.8081055,-0.0080718994140625,0.002591964602470336,0.002591964602470336,0.4069872,0.35256356,0.24044919
111,257247$_$12,missing,V,0,1,0.02279663,2.2246094,-0.72216797,-2.2018127,-0.1470947265625,-0.10862629711627966,-0.10862629711627966,0.442566,0.33572823,0.22170575
112,257247$_$2,missing,V,1,1,-0.08996582,2.0722656,-0.6118164,2.1622314,-0.19677734375,-0.14837239086627968,-0.14837239086627968,0.436512,0.3530287,0.2104593
113,258654$_$1,missing,V,0,0,1.5625,-0.2619629,-1.3896484,1.8244629,-1.587890625,-1.2612630158662799,-1.2612630158662799,0.5078211,0.28437972,0.20779923
114,258654$_$3,missing,V,0,0,1.6298828,-0.3059082,-1.4912109,1.935791,-1.61328125,-1.2815755158662798,-1.2815755158662798,0.5180513,0.28168786,0.20026089
115,258654$_$4,missing,V,1,1,-1.0966797,1.9873047,1.0693359,0.91796875,0.422607421875,0.34713542163372035,0.34713542163372035,0.41395032,0.33903757,0.24701211
116,266791$_$24,missing,V,0,1,0.06982422,2.109375,-0.6567383,-2.0395508,0.137451171875,0.11901042163372035,0.11901042163372035,0.3470181,0.3605449,0.29243696
117,266791$_$20,missing,V,2,0,1.1289062,0.94140625,-1.6533203,-2.7822266,-0.58642578125,-0.46009114086627967,-0.46009114086627967,0.42150316,0.32227626,0.25622058
118,266791$_$21,missing,V,0,0,1.6494141,-0.27905273,-1.8339844,1.9284668,-1.216796875,-0.9643880158662798,-0.9643880158662798,0.4297865,0.2914641,0.27874938
119,266791$_$23,missing,V,1,0,1.2177734,0.5786133,-1.5976562,-0.63916016,-0.6123046875,-0.4807942658662797,-0.4807942658662797,0.4131813,0.30413148,0.28268725
120,266791$_$29,missing,V,1,1,-0.1381836,1.8554688,-0.39111328,1.9936523,-0.10498046875,-0.07493489086627966,-0.07493489086627966,0.36259747,0.33857644,0.2988261
121,266791$_$3,missing,V,0,1,0.42163086,1.5332031,-0.98876953,-1.1115723,0.05352783203125,0.05187174975872034,0.05187174975872034,0.38003498,0.32606262,0.2939024
122,266791$_$5,missing,V,0,1,0.96240234,0.9975586,-1.4384766,-0.03515625,-0.343994140625,-0.26614582836627965,-0.26614582836627965,0.43574312,0.31479847,0.2494584
123,266791$_$4,missing,V,0,1,-0.20031738,2.2773438,-0.4645996,-2.4776611,0.138671875,0.11998698413372035,0.11998698413372035,0.35584274,0.3596434,0.28451386
124,266791$_$6,missing,V,1,0,1.1210938,0.640625,-1.5703125,-0.48046875,-0.572265625,-0.44876301586627965,-0.44876301586627965,0.42231575,0.31294537,0.2647389
125,266791$_$8,missing,V,0,1,-0.08972168,2.1875,-0.5708008,-2.2772217,0.14453125,0.12467448413372034,0.12467448413372034,0.36797208,0.34708875,0.2849392
126,266791$_$11,missing,V,2,1,-0.042633057,2.1738281,-0.61035156,-2.7841797,0.1480712890625,0.12750651538372035,0.12750651538372035,0.3681374,0.34878236,0.28308028
127,266791$_$14,missing,V,1,1,0.61376953,1.3564453,-1.2470703,0.7426758,0.0723876953125,0.06695964038372035,0.06695964038372035,0.40570405,0.3235144,0.27078158
128,270254$_$23,missing,V,0,1,0.06604004,1.6181641,-0.6303711,-1.552124,0.177734375,0.15123698413372033,0.15123698413372033,0.3527518,0.35148624,0.295762
129,270254$_$0,missing,V,2,1,0.06896973,1.7509766,-0.7866211,-2.5375977,0.2142333984375,0.18043620288372034,0.18043620288372034,0.39962593,0.3684573,0.23191682
130,270254$_$6,missing,V,1,1,0.5786133,1.1064453,-1.0917969,0.52783203,-0.01073455810546875,0.00046183764934533585,0.00046183764934533585,0.4078823,0.33110607,0.26101166
131,270254$_$8,missing,V,0,1,0.49365234,1.3300781,-1.0947266,-0.8364258,-0.0026645660400390625,0.006917831301689086,0.006917831301689086,0.35599998,0.34678948,0.29721054
132,270254$_$11,missing,V,2,1,-0.25048828,2.0566406,-0.38452148,-2.441162,0.137451171875,0.11901042163372035,0.11901042163372035,0.35039264,0.36673638,0.28287095
133,270254$_$14,missing,V,0,1,0.20336914,1.8466797,-0.69628906,-1.6433105,0.056884765625,0.05455729663372034,0.05455729663372034,0.35381427,0.3302644,0.3159213
134,270254$_$16,missing,V,1,1,-0.64160156,2.015625,0.20544434,1.8101807,-0.046875,-0.02845051586627967,-0.02845051586627967,0.36183473,0.35887334,0.279292
135,272624$_$10,missing,V,0,0,1.4326172,0.103637695,-1.6083984,1.3289795,-1.0712890625,-0.8479817658662797,-0.8479817658662797,0.5249045,0.2823286,0.19276688
136,272624$_$13,missing,V,2,1,0.5834961,1.3681641,-1.1523438,-2.5205078,-0.4619140625,-0.36048176586627967,-0.36048176586627967,0.48985687,0.31011683,0.20002635
137,272624$_$12,missing,V,0,1,-0.06738281,2.0878906,-0.6245117,-2.1552734,-0.098388671875,-0.06966145336627967,-0.06966145336627967,0.45905772,0.33381525,0.20712699
138,272624$_$16,missing,V,0,0,1.3779297,0.15551758,-1.5429688,1.2224121,-1.0048828125,-0.7948567658662797,-0.7948567658662797,0.5155188,0.29341152,0.19106969
139,272624$_$18,missing,V,1,1,0.5786133,1.4570312,-1.1611328,0.87841797,-0.6142578125,-0.48235676586627974,-0.48235676586627974,0.49282938,0.29799125,0.2091794
140,272624$_$2,missing,V,1,0,1.3173828,0.32006836,-1.5371094,-0.99731445,-0.9794921875,-0.7745442658662798,-0.7745442658662798,0.5171609,0.28818858,0.19465052
141,272624$_$6,missing,V,1,1,0.61279297,1.4316406,-1.2021484,0.81884766,-0.56640625,-0.4440755158662797,-0.4440755158662797,0.48824796,0.3004277,0.21132436
142,272624$_$9,missing,V,0,0,1.3310547,0.25512695,-1.5693359,1.0759277,-1.02734375,-0.8128255158662797,-0.8128255158662797,0.51851034,0.28910354,0.19238612
143,272624$_$8,missing,V,0,0,0.9975586,0.86035156,-1.4873047,0.13720703,-0.8720703125,-0.6886067658662798,-0.6886067658662798,0.49939004,0.29685372,0.20375627
144,273539$_$3,missing,V,0,0,1.0654297,0.31030273,-1.3212891,0.75512695,-1.0634765625,-0.8417317658662797,-0.8417317658662797,0.46297732,0.3032338,0.23378888
145,273539$_$2,missing,V,1,1,-0.3310547,2.0644531,-0.19812012,2.2625732,-0.1295166015625,-0.09456379711627967,-0.09456379711627967,0.35674524,0.33979267,0.30346206
146,273539$_$9,missing,V,0,0,1.8330078,-0.9736328,-1.6767578,2.8066406,-1.912109375,-1.5206380158662798,-1.5206380158662798,0.48007047,0.2764735,0.24345596
147,290546$_$3,missing,V,0,1,0.36157227,1.6083984,-1.1757812,-1.2468262,-0.18359375,-0.13782551586627967,-0.13782551586627967,0.43321925,0.32768822,0.23909248
148,290546$_$5,missing,V,0,0,1.3339844,0.2878418,-1.8681641,1.0461426,-1.2724609375,-1.0089192658662798,-1.0089192658662798,0.45554453,0.2900435,0.25441197
149,290546$_$7,missing,V,0,0,2.2285156,-1.2939453,-2.0253906,3.522461,-2.13671875,-1.7003255158662798,-1.7003255158662798,0.5122471,0.255999,0.23175396
150,290546$_$6,missing,V,0,1,-0.079711914,2.1386719,-0.67871094,-2.2183838,-0.0142059326171875,-0.002315261960029664,-0.002315261960029664,0.4113299,0.33227038,0.25639975
151,2S00zYaVrtc$_$10,missing,V,0,1,0.6245117,1.3857422,-1.3525391,-0.76123047,-0.53125,-0.41595051586627974,-0.41595051586627974,0.37428442,0.32594454,0.299771
152,2S00zYaVrtc$_$12,missing,V,2,1,0.26953125,1.8310547,-1.0947266,-2.9257812,-0.275634765625,-0.21145832836627967,-0.21145832836627967,0.35618058,0.3526989,0.29112053
153,2S00zYaVrtc$_$20,missing,V,2,1,0.13586426,1.5869141,-0.65283203,-2.239746,-0.29052734375,-0.22337239086627966,-0.22337239086627966,0.36046937,0.34564745,0.29388317
154,2S00zYaVrtc$_$17,missing,V,0,1,0.6899414,1.3007812,-1.3544922,-0.61083984,-0.564453125,-0.44251301586627967,-0.44251301586627967,0.38286525,0.32653624,0.29059854
155,2S00zYaVrtc$_$5,missing,V,2,1,0.60302734,1.3095703,-1.2451172,-2.5546875,-0.57373046875,-0.4499348908662797,-0.4499348908662797,0.37874374,0.3397817,0.28147462
156,2S00zYaVrtc$_$4,missing,V,2,1,0.5991211,1.3652344,-1.3017578,-2.6669922,-0.6259765625,-0.49173176586627976,-0.49173176586627976,0.39708817,0.3477749,0.25513697
157,2Xt31_d0XEE$_$2,missing,V,2,1,-0.6904297,0.8466797,0.62060547,-0.22607422,0.6640625,0.5402994841337203,0.5402994841337203,0.42785373,0.30579644,0.26634985
158,31474$_$11,missing,V,1,1,-0.52783203,2.109375,0.05480957,2.0545654,-0.23779296875,-0.18118489086627967,-0.18118489086627967,0.3914169,0.34689534,0.26168773
159,31474$_$14,missing,V,0,1,-0.6826172,1.9072266,0.35058594,-2.5898438,-0.09503173828125,-0.06697590649127967,-0.06697590649127967,0.40795815,0.3512531,0.2407888
160,31474$_$0,missing,V,2,1,0.18188477,1.9853516,-0.89697266,-2.8823242,-0.1800537109375,-0.13499348461627966,-0.13499348461627966,0.4063524,0.35973045,0.23391712
161,31474$_$3,missing,V,1,1,-0.054840088,1.8076172,-0.4482422,1.8624573,-0.294189453125,-0.22630207836627966,-0.22630207836627966,0.41728795,0.34331116,0.23940094
162,31474$_$6,missing,V,0,1,-0.33544922,2.2265625,-0.26660156,-2.5620117,0.0020084381103515625,0.010656234622001586,0.010656234622001586,0.38862205,0.37314254,0.23823544
163,31474$_$9,missing,V,0,1,-0.8149414,1.6992188,0.56884766,-2.5141602,0.044891357421875,0.044962570071220335,0.044962570071220335,0.3906443,0.33518806,0.27416766
164,31474$_$8,missing,V,0,1,-0.28295898,2.1796875,-0.27319336,-2.4626465,-0.1944580078125,-0.14651692211627967,-0.14651692211627967,0.38702708,0.3511095,0.2618634
165,32681$_$1,missing,V,0,1,0.12963867,1.9619141,-0.875,-1.8322754,-0.011932373046875,-0.0004964143037796635,-0.0004964143037796635,0.42146277,0.355221,0.22331621
166,32681$_$3,missing,V,0,1,0.7319336,1.2451172,-1.4326172,-0.5131836,-0.93896484375,-0.7421223908662797,-0.7421223908662797,0.47507253,0.32272455,0.20220287
167,32681$_$5,missing,V,0,1,0.91845703,1.1445312,-1.6357422,-0.22607422,-1.0107421875,-0.7995442658662797,-0.7995442658662797,0.485484,0.33444834,0.18006764
168,32681$_$6,missing,V,0,0,1.0419922,1.0087891,-1.7050781,0.033203125,-1.0361328125,-0.8198567658662798,-0.8198567658662798,0.47173086,0.33286193,0.1954072
169,33170$_$1,missing,V,0,0,2.0585938,-0.8979492,-1.9072266,2.956543,-1.8017578125,-1.4323567658662797,-1.4323567658662797,0.51016504,0.27215955,0.21767542
170,33170$_$3,missing,V,0,0,1.0742188,0.60253906,-1.5908203,0.4716797,-0.96240234375,-0.7608723908662798,-0.7608723908662798,0.47597715,0.29566002,0.22836283
171,33170$_$4,missing,V,0,1,0.8354492,1.0878906,-1.5595703,-0.2524414,-0.66845703125,-0.5257161408662797,-0.5257161408662797,0.44141796,0.30255523,0.25602677
172,3MFNIag0wNE$_$12,missing,V,0,0,1.6376953,-0.35717773,-1.5625,1.994873,-1.236328125,-0.9800130158662798,-0.9800130158662798,0.46254298,0.2852503,0.25220668
173,3MFNIag0wNE$_$14,missing,V,0,0,1.1591797,0.6948242,-1.6210938,0.46435547,-0.6943359375,-0.5464192658662798,-0.5464192658662798,0.407793,0.3154266,0.27678037
174,3MFNIag0wNE$_$16,missing,V,1,1,0.05368042,1.7314453,-0.6738281,1.6777649,0.158203125,0.13561198413372033,0.13561198413372033,0.4043188,0.32859293,0.26708826
175,3MFNIag0wNE$_$7,missing,V,0,1,0.27490234,1.6816406,-0.93115234,-1.4067383,0.08807373046875,0.07950846850872034,0.07950846850872034,0.3908537,0.3337706,0.27537572
176,3V2qm0rw920$_$11,missing,V,2,1,0.71728516,1.0751953,-0.92333984,-1.9985352,-0.7587890625,-0.5979817658662797,-0.5979817658662797,0.40201312,0.32678175,0.27120513
177,3V2qm0rw920$_$13,missing,V,2,0,1.3701172,0.21228027,-1.3417969,-2.711914,-1.0419921875,-0.8245442658662797,-0.8245442658662797,0.43998533,0.28901958,0.2709951
178,3V2qm0rw920$_$3,missing,V,1,1,-0.029876709,1.9277344,-0.38842773,1.9576111,-0.1456298828125,-0.10745442211627967,-0.10745442211627967,0.34749955,0.34205213,0.31044832
179,3j94B0pzSVs$_$12,missing,V,2,1,-0.55908203,2.3398438,0.32055664,-2.019287,-0.039642333984375,-0.022664383053779665,-0.022664383053779665,0.40400586,0.35077634,0.24521777
180,3j94B0pzSVs$_$17,missing,V,0,1,-0.16052246,1.8173828,-0.09887695,-1.9779053,-0.251953125,-0.19251301586627967,-0.19251301586627967,0.43663064,0.32897517,0.23439424
181,3j94B0pzSVs$_$1,missing,V,0,0,1.1015625,0.40112305,-1.0556641,0.70043945,-1.0859375,-0.8597005158662797,-0.8597005158662797,0.47194698,0.29435274,0.23370028
182,3j94B0pzSVs$_$0,missing,V,1,0,0.9375,0.8798828,-1.0546875,-0.057617188,-0.8388671875,-0.6620442658662797,-0.6620442658662797,0.46623713,0.30754268,0.2262202
183,4cFeG2ydm9A$_$8,missing,V,2,1,-0.61816406,1.4375,0.23876953,-1.1987305,0.0643310546875,0.06051432788372034,0.06051432788372034,0.3558075,0.33815458,0.3060379
184,4dV3slGSc60$_$10,missing,V,2,1,0.26171875,1.6240234,-0.8745117,-2.4985352,-0.3212890625,-0.24798176586627965,-0.24798176586627965,0.4272677,0.3069941,0.26573822
185,4dV3slGSc60$_$12,missing,V,2,1,0.46069336,1.2822266,-1.0556641,-2.3378906,-0.42431640625,-0.3304036408662797,-0.3304036408662797,0.41196615,0.2982317,0.2898021
186,4dV3slGSc60$_$22,missing,V,2,0,0.62646484,0.57958984,-0.44873047,-1.0751953,-0.294677734375,-0.22669270336627967,-0.22669270336627967,0.46255547,0.27902272,0.2584218
187,4dV3slGSc60$_$9,missing,V,2,1,0.37768555,1.5292969,-0.9116211,-2.440918,-0.31689453125,-0.24446614086627969,-0.24446614086627969,0.42794278,0.33896428,0.23309289
188,4dV3slGSc60$_$8,missing,V,2,1,-0.014312744,1.4853516,-0.5415039,-2.0268555,0.0120086669921875,0.018656417727470335,0.018656417727470335,0.44389266,0.35125417,0.20485316
189,50103$_$3,missing,V,0,0,2.1015625,-1.3222656,-2.1171875,3.4238281,-2.279296875,-1.8143880158662797,-1.8143880158662797,0.5078532,0.26115292,0.23099379
190,5B0PQx3Ep3k$_$5,missing,V,2,0,0.84814453,0.6748047,-1.1083984,-1.956543,-0.62890625,-0.49407551586627974,-0.49407551586627974,0.42171052,0.279481,0.2988085
191,5O1W39o56gg$_$1,missing,V,1,1,-0.63623047,1.6806641,0.35253906,1.328125,0.2435302734375,0.20387370288372034,0.20387370288372034,0.3522359,0.34403718,0.30372694
192,5O1W39o56gg$_$2,missing,V,1,1,-0.17541504,2.0371094,-0.43066406,2.2125244,0.036712646484375,0.03841960132122034,0.03841960132122034,0.3578436,0.3538606,0.2882958
193,5O1W39o56gg$_$9,missing,V,2,1,-0.8442383,1.7138672,0.5800781,-1.1337891,0.3759765625,0.3098307341337203,0.3098307341337203,0.39339682,0.3326233,0.27397987
194,5i6AgQSjXO4$_$3,missing,V,2,1,-0.33544922,0.9589844,0.1817627,-0.7772217,-0.05096435546875,-0.03172200024127966,-0.03172200024127966,0.42892447,0.32191235,0.24916312
195,5i6AgQSjXO4$_$2,missing,V,2,0,0.88623047,-0.50927734,-0.3503418,-1.2365723,-0.7001953125,-0.5511067658662797,-0.5511067658662797,0.45184758,0.2931266,0.2550258
196,5i6AgQSjXO4$_$6,missing,V,1,1,-0.104003906,2.1660156,-0.7338867,2.2700195,-0.2958984375,-0.22766926586627967,-0.22766926586627967,0.41130713,0.3394414,0.2492515
197,5kaCGzjYukM$_$0,missing,V,1,0,1.9248047,-0.5419922,-1.84375,-2.4667969,-1.9423828125,-1.5448567658662797,-1.5448567658662797,0.4636383,0.29073846,0.24562317
198,5kaCGzjYukM$_$3,missing,V,0,0,1.5810547,0.00894165,-1.6455078,1.572113,-1.4697265625,-1.1667317658662797,-1.1667317658662797,0.42843655,0.31451842,0.25704503
199,5kaCGzjYukM$_$2,missing,V,0,0,1.8183594,-0.48510742,-1.6689453,2.3034668,-1.8251953125,-1.4511067658662797,-1.4511067658662797,0.44080454,0.29525703,0.26393846
200,5kaCGzjYukM$_$5,missing,V,0,0,1.7236328,-0.23474121,-1.6992188,1.958374,-1.740234375,-1.3831380158662798,-1.3831380158662798,0.39601046,0.29116288,0.3128267
201,5kaCGzjYukM$_$7,missing,V,2,0,2.328125,-1.2011719,-2.2109375,-4.5390625,-2.34375,-1.8659505158662797,-1.8659505158662797,0.52358174,0.28298566,0.19343255
202,6KvG5VbLalY$_$9,missing,V,2,1,0.19372559,0.6850586,-0.099243164,-0.78430176,-0.20849609375,-0.15774739086627967,-0.15774739086627967,0.41532502,0.27086172,0.31381327
203,6ZA8I83x-oY$_$0,missing,V,2,1,0.1184082,1.2099609,-0.7602539,-1.9702148,-0.1434326171875,-0.10569660961627966,-0.10569660961627966,0.41184857,0.3136174,0.27453405
204,6ZA8I83x-oY$_$2,missing,V,2,0,1.3095703,0.19348145,-1.6669922,-2.9765625,-1.4287109375,-1.1339192658662798,-1.1339192658662798,0.4986587,0.28957462,0.21176672
205,6hFiTU77Sm0$_$1,missing,V,2,1,-1.046875,1.4267578,1.3076172,-0.119140625,0.685546875,0.5574869841337203,0.5574869841337203,0.39471114,0.32210723,0.28318167
206,6hFiTU77Sm0$_$2,missing,V,1,1,-0.37329102,2.1796875,0.020996094,2.1586914,-0.0738525390625,-0.05003254711627966,-0.05003254711627966,0.393209,0.3197273,0.2870637
207,6uPGcKTpC4I$_$1,missing,V,2,1,0.28637695,0.49365234,-0.29370117,-0.7873535,0.041900634765625,0.04256999194622034,0.04256999194622034,0.39061144,0.2837673,0.32562125
208,6uPGcKTpC4I$_$2,missing,V,2,1,0.25195312,0.59228516,-0.3725586,-0.96484375,-0.0804443359375,-0.05530598461627967,-0.05530598461627967,0.37367466,0.26548055,0.36084482
209,6uPGcKTpC4I$_$6,missing,V,2,1,-0.82421875,1.0898438,0.6689453,-0.42089844,0.4443359375,0.3645182341337203,0.3645182341337203,0.34875566,0.27940425,0.37184012
210,70280$_$11,missing,V,0,1,-0.06994629,2.0195312,-0.5283203,-2.0894775,-0.10009765625,-0.07102864086627966,-0.07102864086627966,0.44117814,0.33527002,0.22355184
211,70280$_$3,missing,V,0,1,0.052947998,1.9443359,-0.66259766,-1.8913879,-0.109130859375,-0.07825520336627967,-0.07825520336627967,0.44663513,0.33577093,0.2175939
212,70280$_$4,missing,V,2,1,-0.006866455,1.9628906,-0.5776367,-2.5405273,-0.0943603515625,-0.06643879711627967,-0.06643879711627967,0.45249125,0.33385918,0.21364953
213,70280$_$6,missing,V,0,1,0.3227539,1.6181641,-0.8701172,-1.2954102,-0.24609375,-0.18782551586627969,-0.18782551586627969,0.46524072,0.32583734,0.20892192
214,75RGHaxmUK8$_$3,missing,V,2,1,-0.2524414,1.9580078,-0.33813477,-2.2961426,-0.12176513671875,-0.08836262524127966,-0.08836262524127966,0.4430979,0.32934126,0.22756086
215,75RGHaxmUK8$_$5,missing,V,1,1,-0.74316406,2.1933594,0.2685547,1.9248047,-0.0616455078125,-0.04026692211627966,-0.04026692211627966,0.40394264,0.34478316,0.2512742
216,7_K3F-lAv1k$_$2,missing,V,2,0,1.3759766,0.10095215,-1.4580078,-2.8339844,-1.0126953125,-0.8011067658662797,-0.8011067658662797,0.4438477,0.2975268,0.2586255
217,7r4vRxKLFCA$_$6,missing,V,2,0,1.3232422,0.4880371,-1.7568359,-3.0800781,-1.38671875,-1.1003255158662797,-1.1003255158662797,0.48282304,0.30838087,0.20879604
218,80566$_$1,missing,V,2,1,-0.73046875,2.0019531,0.3239746,-1.6779785,0.08123779296875,0.07403971850872033,0.07403971850872033,0.37875456,0.3382596,0.28298587
219,80566$_$0,missing,V,1,1,-0.65283203,2.2597656,0.11376953,2.145996,-0.050048828125,-0.030989578366279663,-0.030989578366279663,0.4007776,0.336875,0.26234743
220,80566$_$3,missing,V,1,1,-0.22839355,1.9775391,-0.48217773,2.2059326,0.0496826171875,0.04879557788372034,0.04879557788372034,0.38151896,0.36541182,0.2530692
221,80566$_$2,missing,V,1,1,-0.13842773,2.1894531,-0.62841797,2.3278809,0.0770263671875,0.07067057788372033,0.07067057788372033,0.3796559,0.38278294,0.23756108
222,80566$_$4,missing,V,0,1,0.1463623,2.0546875,-0.78466797,-1.9083252,-0.0743408203125,-0.05042317211627967,-0.05042317211627967,0.3799566,0.348049,0.27199432
223,80566$_$6,missing,V,0,1,0.047088623,1.2138672,-0.70703125,-1.1667786,-0.1298828125,-0.09485676586627967,-0.09485676586627967,0.3407465,0.3479653,0.31128824
224,80855$_$11,missing,V,1,1,0.08093262,1.9970703,-1.0371094,1.9161377,-0.2413330078125,-0.18401692211627968,-0.18401692211627968,0.35195044,0.36553866,0.28251094
225,80855$_$10,missing,V,1,1,0.12158203,1.8828125,-1.0878906,1.7612305,-0.272216796875,-0.20872395336627966,-0.20872395336627966,0.35366508,0.36042386,0.28591105
226,80855$_$12,missing,V,0,1,0.47753906,1.7431641,-1.4248047,-1.265625,-0.44482421875,-0.34680989086627967,-0.34680989086627967,0.4094074,0.37084985,0.21974273
227,80855$_$15,missing,V,2,1,-0.4716797,2.0019531,0.115722656,-1.8862305,-0.038543701171875,-0.021785476803779666,-0.021785476803779666,0.4046739,0.31873983,0.2765863
228,80855$_$17,missing,V,0,1,0.5004883,1.3662109,-0.90234375,-0.86572266,-0.377197265625,-0.2927083283662797,-0.2927083283662797,0.42873996,0.316409,0.25485104
229,80855$_$0,missing,V,1,1,-0.35766602,2.2089844,-0.16992188,2.3789062,-0.039764404296875,-0.022762039303779666,-0.022762039303779666,0.36186394,0.35536456,0.28277147
230,80855$_$3,missing,V,1,1,-0.075683594,1.9384766,-0.45092773,2.0141602,-0.05450439453125,-0.03455403149127967,-0.03455403149127967,0.35865372,0.34138948,0.2999568
231,80855$_$2,missing,V,1,1,-0.061553955,2.078125,-0.67041016,2.139679,-0.094482421875,-0.06653645336627967,-0.06653645336627967,0.35357755,0.37428778,0.2721347
232,80855$_$7,missing,V,1,1,-0.061431885,2.2128906,-0.68408203,2.2743225,-0.1097412109375,-0.07874348461627967,-0.07874348461627967,0.37649816,0.3675384,0.25596344
233,80855$_$20,missing,V,2,1,0.19274902,1.8818359,-1.0244141,-2.90625,-0.314453125,-0.24251301586627969,-0.24251301586627969,0.354468,0.3570396,0.2884924
234,830KzUc6CbU$_$0,missing,V,1,1,0.48657227,1.7470703,-1.2138672,1.260498,-0.0997314453125,-0.07073567211627967,-0.07073567211627967,0.37090856,0.34333304,0.28575844
235,830KzUc6CbU$_$13,missing,V,0,0,1.8271484,-0.57128906,-1.7763672,2.3984375,-1.625,-1.2909505158662797,-1.2909505158662797,0.4500614,0.28893423,0.26100436
236,84140$_$0,missing,V,2,1,-0.041412354,1.3662109,-0.44604492,-1.8122559,-0.27294921875,-0.20930989086627969,-0.20930989086627969,0.4029344,0.3451482,0.25191736
237,84140$_$5,missing,V,0,0,1.3076172,-0.7324219,-0.8808594,2.040039,-0.76953125,-0.6065755158662798,-0.6065755158662798,0.46300137,0.29195917,0.24503948
238,89835$_$1,missing,V,2,1,-0.19250488,0.40795898,0.21130371,-0.19665527,0.14599609375,0.12584635913372033,0.12584635913372033,0.45936257,0.31445354,0.22618394
239,89835$_$0,missing,V,1,1,-0.29418945,1.5273438,0.07128906,1.4560547,0.1622314453125,0.13883464038372034,0.13883464038372034,0.40732414,0.34066153,0.25201437
240,89835$_$4,missing,V,0,0,2.2597656,-1.3974609,-1.6816406,3.6572266,-1.8896484375,-1.5026692658662797,-1.5026692658662797,0.5341458,0.27027175,0.19558245
241,89835$_$7,missing,V,0,0,1.5244141,-0.73876953,-1.2294922,2.2631836,-1.3720703125,-1.0886067658662797,-1.0886067658662797,0.49388438,0.28049996,0.22561565
242,8eaYvALnJ0o$_$1,missing,V,2,1,-0.3125,1.5498047,-0.37280273,-1.9226074,-0.096923828125,-0.06848957836627967,-0.06848957836627967,0.4458124,0.32787547,0.22631215
243,8eaYvALnJ0o$_$0,missing,V,2,1,-0.70166016,1.828125,0.12646484,-1.7016602,0.035675048828125,0.03758952319622034,0.03758952319622034,0.42409918,0.33661544,0.23928538
244,8x_nCOh6Wmc$_$6,missing,V,2,0,0.88720703,-0.027801514,-0.57666016,-1.4638672,-0.419677734375,-0.32669270336627965,-0.32669270336627965,0.4297669,0.26230606,0.30792704
245,96642$_$1,missing,V,0,1,-0.10461426,2.1914062,-0.67529297,-2.2960205,-0.11883544921875,-0.08601887524127967,-0.08601887524127967,0.4342744,0.36239982,0.20332581
246,96642$_$3,missing,V,2,1,-0.84716797,2.1289062,0.5214844,-1.6074219,0.00867462158203125,0.015989181399345336,0.015989181399345336,0.38678926,0.3519806,0.2612301
247,96642$_$2,missing,V,1,1,-0.18054199,2.15625,-0.6479492,2.336792,-0.20947265625,-0.15852864086627969,-0.15852864086627969,0.45050582,0.35006896,0.19942525
248,96642$_$4,missing,V,0,1,0.56347656,1.2333984,-1.1611328,-0.6699219,-0.822265625,-0.6487630158662797,-0.6487630158662797,0.4829288,0.31891078,0.19816035
249,99501$_$10,missing,V,0,1,-0.012573242,1.9492188,-0.7636719,-1.961792,-0.3798828125,-0.29485676586627974,-0.29485676586627974,0.42092875,0.34230748,0.23676379
250,99501$_$13,missing,V,0,1,0.70947266,1.1435547,-1.4033203,-0.43408203,-1.021484375,-0.8081380158662798,-0.8081380158662798,0.4788106,0.31567794,0.20551142
251,99501$_$1,missing,V,1,1,-0.07800293,2.1386719,-0.7680664,2.2166748,-0.33935546875,-0.2624348908662797,-0.2624348908662797,0.4352951,0.3412545,0.22345039
252,99501$_$0,missing,V,1,1,-0.5029297,2.1875,0.01574707,2.171753,-0.09796142578125,-0.06931965649127966,-0.06931965649127966,0.371477,0.3465329,0.28199005
253,99501$_$5,missing,V,0,1,0.70458984,1.3603516,-1.4111328,-0.6557617,-0.7607421875,-0.5995442658662797,-0.5995442658662797,0.45844567,0.3167592,0.22479509
254,99501$_$7,missing,V,2,1,-0.11767578,2.1386719,-0.68896484,-2.8276367,-0.254638671875,-0.19466145336627969,-0.19466145336627969,0.43220583,0.34183875,0.22595544
255,9QI-9w_VdB4$_$0,missing,V,2,1,-0.43237305,0.97998047,0.1821289,-0.79785156,0.24169921875,0.20240885913372034,0.20240885913372034,0.37163073,0.3173962,0.31097302
256,AG5EY8ZaFj4$_$3,missing,V,1,1,0.103515625,1.9052734,-0.54345703,1.8017578,-0.45263671875,-0.35305989086627965,-0.35305989086627965,0.3903306,0.33449098,0.27517837
257,AG5EY8ZaFj4$_$15,missing,V,1,1,0.8803711,0.97265625,-1.0683594,0.092285156,-0.410888671875,-0.3196614533662797,-0.3196614533662797,0.39486265,0.31861916,0.2865182
258,Arh2TKRi_mg$_$15,missing,V,2,1,0.1661377,1.5400391,-0.8510742,-2.3911133,-0.13916015625,-0.10227864086627966,-0.10227864086627966,0.41796288,0.31525576,0.2667813
259,Arh2TKRi_mg$_$14,missing,V,2,1,0.15722656,1.2353516,-0.6791992,-1.9145508,-0.2861328125,-0.21985676586627967,-0.21985676586627967,0.4137797,0.30970752,0.2765127
260,Arh2TKRi_mg$_$16,missing,V,1,1,0.45825195,0.58447266,-0.6582031,0.1262207,-0.30029296875,-0.23118489086627966,-0.23118489086627966,0.4414917,0.2845144,0.27399388
261,Arh2TKRi_mg$_$19,missing,V,2,1,0.10974121,1.3789062,-0.58447266,-1.9633789,-0.15771484375,-0.11712239086627968,-0.11712239086627968,0.39896223,0.32388142,0.27715632
262,Arh2TKRi_mg$_$32,missing,V,2,0,0.35131836,-0.28588867,0.12658691,-0.22473145,0.006805419921875,0.014493820071220336,0.014493820071220336,0.42647022,0.26622424,0.3073055
263,Arh2TKRi_mg$_$28,missing,V,0,1,-0.52197266,1.2080078,0.47021484,-1.7299805,0.29150390625,0.24225260913372035,0.24225260913372035,0.37611634,0.30667424,0.31720942
264,Arh2TKRi_mg$_$3,missing,V,2,1,0.29882812,0.53808594,-0.34472656,-0.8828125,-0.063232421875,-0.04153645336627967,-0.04153645336627967,0.43082145,0.27038887,0.29878965
265,AxNy9TeTLq8$_$0,missing,V,2,1,0.42114258,0.47485352,-0.62158203,-1.0964355,-0.83203125,-0.6565755158662797,-0.6565755158662797,0.44829282,0.2922308,0.2594763
266,BSKAHXFYF_I$_$1,missing,V,1,1,-0.76904297,1.6611328,0.39916992,1.2619629,0.302978515625,0.25143229663372035,0.25143229663372035,0.390865,0.33088487,0.27825016
267,BSKAHXFYF_I$_$3,missing,V,1,1,-0.08325195,1.6865234,-0.2286377,1.7697754,-0.1595458984375,-0.11858723461627968,-0.11858723461627968,0.43456504,0.3079412,0.25749373
268,BSKAHXFYF_I$_$7,missing,V,1,1,-0.82958984,2.0957031,0.4375,1.6582031,-0.0307159423828125,-0.015523269772529665,-0.015523269772529665,0.38334972,0.35708123,0.25956908
269,BSKAHXFYF_I$_$8,missing,V,1,1,0.029083252,2.1308594,-0.74072266,2.1017761,-0.026824951171875,-0.012410476803779665,-0.012410476803779665,0.36296293,0.35541332,0.28162372
270,Baz0VVQ-E9E$_$10,missing,V,0,1,-0.1451416,2.0722656,-0.5317383,-2.2174072,-0.1796875,-0.13470051586627968,-0.13470051586627968,0.42006865,0.31460723,0.2653241
271,Baz0VVQ-E9E$_$1,missing,V,1,1,-0.35302734,2.3164062,-0.22558594,2.5419922,-0.18408203125,-0.13821614086627967,-0.13821614086627967,0.42165416,0.33408824,0.24425758
272,Baz0VVQ-E9E$_$5,missing,V,0,1,-0.31982422,2.2832031,-0.33398438,-2.6030273,-0.078369140625,-0.053645828366279666,-0.053645828366279666,0.40918195,0.34428644,0.24653156
273,Baz0VVQ-E9E$_$7,missing,V,2,1,0.3815918,1.7265625,-1.0810547,-2.8076172,-0.313720703125,-0.24192707836627966,-0.24192707836627966,0.4253521,0.33420014,0.24044773
274,CJGuudyvA0Y$_$4,missing,V,2,0,1.0576172,0.8442383,-1.4550781,-2.5126953,-0.779296875,-0.6143880158662798,-0.6143880158662798,0.46906698,0.30298546,0.22794756
275,CPjbogfLHR4$_$2,missing,V,2,1,-0.53515625,1.9316406,0.17077637,-1.7608643,-0.130126953125,-0.09505207836627967,-0.09505207836627967,0.42250755,0.3351115,0.24238093
276,CPjbogfLHR4$_$5,missing,V,2,0,0.76708984,0.70654297,-1.1416016,-1.9086914,-0.693359375,-0.5456380158662797,-0.5456380158662797,0.49917498,0.2989878,0.20183721
277,DdUJojoFU_c$_$11,missing,V,2,1,-0.40893555,1.1220703,0.04699707,-1.0750732,0.0242919921875,0.02848307788372034,0.02848307788372034,0.36181968,0.31507143,0.32310885
278,DdUJojoFU_c$_$15,missing,V,2,1,-0.79052734,1.21875,0.5107422,-0.7080078,0.222900390625,0.18736979663372036,0.18736979663372036,0.3777626,0.3166338,0.30560365
279,DdUJojoFU_c$_$14,missing,V,2,2,-1.0087891,0.4182129,1.2939453,0.8757324,1.0703125,0.8652994841337204,0.8652994841337204,0.36786377,0.29084563,0.34129062
280,DdUJojoFU_c$_$17,missing,V,1,2,-0.8745117,0.5385742,1.1523438,-0.61376953,1.013671875,0.8199869841337204,0.8199869841337204,0.40540197,0.29826745,0.29633057
281,DdUJojoFU_c$_$16,missing,V,2,2,-0.3215332,-0.1973877,0.8696289,1.0670166,1.029296875,0.8324869841337204,0.8324869841337204,0.42293572,0.25539678,0.3216675
282,DdUJojoFU_c$_$2,missing,V,2,0,0.984375,-0.66796875,-0.390625,-1.375,-0.58984375,-0.46282551586627974,-0.46282551586627974,0.46725264,0.2591049,0.27364245
283,DdUJojoFU_c$_$6,missing,V,1,1,-0.12512207,0.5390625,0.1003418,0.4387207,0.11077880859375,0.09767253100872034,0.09767253100872034,0.41254914,0.27900207,0.30844873
284,DdUJojoFU_c$_$8,missing,V,2,1,0.09741211,0.24914551,0.13391113,-0.115234375,0.1546630859375,0.13277995288372035,0.13277995288372035,0.41745326,0.2813167,0.30123004
285,DlbYiwOnTyk$_$1,missing,V,1,1,-0.041229248,1.9326172,-0.5805664,1.9738464,-0.322021484375,-0.24856770336627967,-0.24856770336627967,0.44808644,0.33139798,0.22051555
286,E8MuzHUhUHk$_$15,missing,V,2,1,-0.76708984,1.5,0.5605469,-0.9394531,0.51806640625,0.4235026091337204,0.4235026091337204,0.39687225,0.31965208,0.28347567
287,E8MuzHUhUHk$_$14,missing,V,2,1,-0.3413086,0.8911133,0.19689941,-0.69421387,0.2421875,0.20279948413372034,0.20279948413372034,0.40391523,0.33036438,0.26572043
288,E8MuzHUhUHk$_$16,missing,V,2,0,0.85498047,-0.22473145,-0.6879883,-1.5429688,-0.7265625,-0.5722005158662797,-0.5722005158662797,0.45027244,0.2968206,0.25290698
289,E8MuzHUhUHk$_$2,missing,V,2,1,0.7363281,1.0117188,-1.3701172,-2.381836,-0.279296875,-0.21438801586627967,-0.21438801586627967,0.37757558,0.3210764,0.301348
290,E8MuzHUhUHk$_$9,missing,V,2,1,0.14770508,1.6308594,-0.86279297,-2.4936523,-0.1556396484375,-0.11546223461627966,-0.11546223461627966,0.40404966,0.35278136,0.24316895
291,EEjCkc82oyk$_$7,missing,V,0,1,-0.038604736,1.3447266,-0.5102539,-1.3833313,-0.0726318359375,-0.04905598461627966,-0.04905598461627966,0.43261757,0.33004466,0.23733777
292,EEjCkc82oyk$_$9,missing,V,0,1,-0.30395508,1.6025391,-0.050109863,-1.9064941,0.102294921875,0.09088542163372035,0.09088542163372035,0.4117851,0.31193408,0.27628085
293,EQxkXiWAm08$_$8,missing,V,1,1,0.5102539,1.2509766,-1.0957031,0.74072266,-0.7587890625,-0.5979817658662797,-0.5979817658662797,0.34162095,0.31700644,0.34137255
294,ET1cU5_A2YM$_$1,missing,V,0,1,0.076660156,1.8427734,-0.67285156,-1.7661133,-0.3134765625,-0.24173176586627967,-0.24173176586627967,0.39799306,0.3478801,0.25412682
295,ET1cU5_A2YM$_$3,missing,V,0,1,-0.43115234,2.203125,0.00012540817,-2.6342773,0.00365447998046875,0.011973068118095337,0.011973068118095337,0.37838557,0.35599047,0.26562393
296,ET1cU5_A2YM$_$6,missing,V,0,1,0.28710938,1.6230469,-0.89697266,-1.3359375,-0.5439453125,-0.4261067658662797,-0.4261067658662797,0.4237312,0.3416797,0.2345891
297,EmmuWoCUgXs$_$22,missing,V,1,1,-0.9189453,2.1386719,0.5864258,1.5522461,0.25,0.20904948413372035,0.20904948413372035,0.39675465,0.36004496,0.24320039
298,EmmuWoCUgXs$_$7,missing,V,0,0,0.9223633,0.14562988,-1.0634766,0.7767334,-1.0234375,-0.8097005158662798,-0.8097005158662798,0.47701582,0.30868864,0.21429552
299,Es9MkKsMsjU$_$10,missing,V,1,1,0.3930664,1.5810547,-0.96777344,1.1879883,-0.37109375,-0.2878255158662797,-0.2878255158662797,0.44459134,0.31977063,0.23563802
300,Es9MkKsMsjU$_$12,missing,V,0,0,1.4267578,0.52734375,-1.8105469,0.89941406,-1.2744140625,-1.0104817658662797,-1.0104817658662797,0.4655262,0.3055464,0.22892739
301,Es9MkKsMsjU$_$2,missing,V,0,0,1.5478516,-0.012786865,-1.7255859,1.5606384,-1.4912109375,-1.1839192658662798,-1.1839192658662798,0.48550224,0.2883354,0.22616231
302,Es9MkKsMsjU$_$7,missing,V,0,0,1.7314453,-0.37524414,-1.78125,2.1066895,-1.900390625,-1.5112630158662799,-1.5112630158662799,0.45071837,0.29613876,0.25314286
303,Ezn3p5FWF_U$_$4,missing,V,2,0,1.6845703,-0.7163086,-1.3037109,-2.9882812,-1.576171875,-1.2518880158662797,-1.2518880158662797,0.48415497,0.2694114,0.24643363
304,F1U26PLiXjM$_$1,missing,V,2,0,0.6303711,0.52734375,-0.7729492,-1.4033203,-0.8701171875,-0.6870442658662798,-0.6870442658662798,0.4771386,0.31421328,0.20864812
305,F6JV-K840EY$_$2,missing,V,0,1,-0.032806396,1.0166016,-0.28759766,-1.049408,0.05499267578125,0.05304362475872034,0.05304362475872034,0.44771558,0.29993626,0.25234815
306,FB_b1dm0SRY$_$10,missing,V,0,0,0.65283203,0.46728516,-0.77490234,0.18554688,-0.7197265625,-0.5667317658662797,-0.5667317658662797,0.40726852,0.3064126,0.28631884
307,FB_b1dm0SRY$_$0,missing,V,1,1,0.5600586,1.4794922,-1.1083984,0.9194336,-0.272705078125,-0.20911457836627967,-0.20911457836627967,0.39214572,0.2993289,0.30852535
308,FB_b1dm0SRY$_$6,missing,V,0,2,-1.0400391,0.7866211,1.3212891,-2.3613281,1.07421875,0.8684244841337203,0.8684244841337203,0.35058433,0.2908208,0.35859483
309,FB_b1dm0SRY$_$9,missing,V,0,0,0.99658203,0.09509277,-0.90771484,0.90148926,-0.92431640625,-0.7304036408662797,-0.7304036408662797,0.44585246,0.2830121,0.27113545
310,FB_b1dm0SRY$_$8,missing,V,2,1,0.2758789,0.7734375,-0.3815918,-1.1550293,-0.37744140625,-0.29290364086627974,-0.29290364086627974,0.4210226,0.3010815,0.27789584
311,FxxJB8hBpyQ$_$1,missing,V,0,1,-0.12414551,0.60546875,0.1763916,-0.72961426,0.2509765625,0.20983073413372036,0.20983073413372036,0.39445928,0.32227936,0.2832614
312,Fy0Uid9afM8$_$0,missing,V,1,1,0.3088379,1.7988281,-1.1904297,1.4899902,-0.2164306640625,-0.16409504711627967,-0.16409504711627967,0.35999578,0.3531262,0.28687805
313,Fy0Uid9afM8$_$3,missing,V,0,1,0.41723633,1.4375,-1.1064453,-1.0202637,-0.30126953125,-0.23196614086627967,-0.23196614086627967,0.3838787,0.343963,0.27215832
314,Fy0Uid9afM8$_$5,missing,V,1,1,-0.5180664,2.0351562,0.1505127,1.8846436,-0.0306243896484375,-0.015450027585029665,-0.015450027585029665,0.39998975,0.32076237,0.2792479
315,Fy0Uid9afM8$_$4,missing,V,0,1,-0.01651001,2.0234375,-0.7133789,-2.0399475,0.015655517578125,0.02157389819622034,0.02157389819622034,0.36693227,0.3381603,0.29490748
316,H1DpVwktfDQ$_$0,missing,V,0,1,-0.87158203,2.0976562,0.56933594,-2.9692383,0.024322509765625,0.028507491946220338,0.028507491946220338,0.37376818,0.32784608,0.29838577
317,HGicRLwgtkM$_$1,missing,V,2,1,-0.091918945,1.4130859,-0.048095703,-1.4611816,-0.09649658203125,-0.06814778149127967,-0.06814778149127967,0.43884164,0.29271784,0.26844054
318,HGicRLwgtkM$_$3,missing,V,1,1,-0.32592773,1.0263672,0.06518555,0.96118164,0.2391357421875,0.20035807788372034,0.20035807788372034,0.42354748,0.31067997,0.26577255
319,HGicRLwgtkM$_$2,missing,V,2,1,-0.6972656,1.5244141,0.30859375,-1.2158203,0.3466796875,0.2863932341337203,0.2863932341337203,0.4183153,0.31599662,0.26568812
320,HGicRLwgtkM$_$6,missing,V,2,1,-0.62841797,1.8916016,0.32299805,-1.5686035,0.0765380859375,0.07027995288372034,0.07027995288372034,0.40789804,0.31720445,0.27489746
321,HmXXW45eZL4$_$1,missing,V,0,0,1.2060547,-0.12658691,-1.1865234,1.3326416,-1.0146484375,-0.8026692658662797,-0.8026692658662797,0.45591116,0.2905549,0.25353393
322,HmXXW45eZL4$_$4,missing,V,0,1,0.12060547,1.6757812,-0.8520508,-1.5551758,-0.265625,-0.20345051586627969,-0.20345051586627969,0.4292093,0.33493155,0.23585911
323,IM6HW1HwHhM$_$11,missing,V,0,1,-0.31958008,1.6552734,-0.22106934,-1.9748535,-0.11474609375,-0.08274739086627966,-0.08274739086627966,0.4062743,0.29596704,0.29775867
324,IM6HW1HwHhM$_$15,missing,V,2,1,-0.18493652,1.3056641,-0.13391113,-1.4395752,-0.249755859375,-0.19075520336627969,-0.19075520336627969,0.42399192,0.29480594,0.28120208
325,IM6HW1HwHhM$_$17,missing,V,2,1,-0.4675293,1.5097656,0.08862305,-1.4211426,0.091064453125,0.08190104663372035,0.08190104663372035,0.41008675,0.294547,0.29536632
326,IUmxJNs2zaY$_$3,missing,V,1,1,0.7895508,1.0839844,-1.3701172,0.2944336,-0.724609375,-0.5706380158662797,-0.5706380158662797,0.48189473,0.31908596,0.19901933
327,IUmxJNs2zaY$_$2,missing,V,1,1,0.14123535,1.9580078,-0.9370117,1.8167725,-0.35595703125,-0.2757161408662797,-0.2757161408662797,0.43865585,0.35610437,0.20523977
328,JAnRCQ9A0vI$_$1,missing,V,1,0,0.6333008,0.6279297,-0.49804688,-0.0053710938,-0.32470703125,-0.2507161408662797,-0.2507161408662797,0.45783585,0.2764485,0.26571575
329,JAnRCQ9A0vI$_$0,missing,V,1,1,-0.24816895,2.234375,-0.3408203,2.482544,-0.1295166015625,-0.09456379711627967,-0.09456379711627967,0.39397156,0.3569022,0.24912621
330,JAnRCQ9A0vI$_$3,missing,V,2,0,1.1279297,-0.39648438,-0.53125,-1.6591797,-0.59814453125,-0.4694661408662797,-0.4694661408662797,0.46270078,0.25106198,0.28623718
331,JAnRCQ9A0vI$_$2,missing,V,2,0,1.0058594,-1.1767578,-0.41674805,-1.4226074,-0.9541015625,-0.7542317658662797,-0.7542317658662797,0.46917108,0.2417638,0.28906512
332,JAnRCQ9A0vI$_$5,missing,V,2,1,-0.5703125,2.0058594,0.22241211,-1.7834473,-0.00652313232421875,0.003830978274345337,0.003830978274345337,0.39464173,0.32109702,0.28426126
333,JAnRCQ9A0vI$_$4,missing,V,1,1,-0.81689453,2.015625,0.6816406,1.3339844,0.1744384765625,0.14860026538372034,0.14860026538372034,0.3663559,0.3417889,0.29185516
334,JAnRCQ9A0vI$_$8,missing,V,2,0,1.9677734,-0.70703125,-1.6484375,-3.616211,-1.51953125,-1.2065755158662799,-1.2065755158662799,0.49065593,0.26879716,0.24054693
335,JOK1SSmPtFw$_$10,missing,V,2,1,-0.7416992,2.1933594,0.23168945,-1.9616699,0.017303466796875,0.022892257571220338,0.022892257571220338,0.40821773,0.35213628,0.23964599
336,JOK1SSmPtFw$_$13,missing,V,2,1,-0.5722656,2.0585938,-0.037963867,-2.0965576,-0.0165252685546875,-0.0041707307100296645,-0.0041707307100296645,0.4186771,0.34114093,0.24018195
337,JOK1SSmPtFw$_$14,missing,V,1,1,-0.6953125,2.3066406,0.16235352,2.144287,-0.145263671875,-0.10716145336627966,-0.10716145336627966,0.39832693,0.3606656,0.24100746
338,JOK1SSmPtFw$_$16,missing,V,1,1,-0.9433594,2.0683594,0.52441406,1.5439453,0.1636962890625,0.14000651538372033,0.14000651538372033,0.39286518,0.3537871,0.25334778
339,JOK1SSmPtFw$_$0,missing,V,2,0,1.3974609,-0.5541992,-1.0214844,-2.4189453,-1.384765625,-1.0987630158662798,-1.0987630158662798,0.5077651,0.27654052,0.21569431
340,JOK1SSmPtFw$_$5,missing,V,1,1,-0.24328613,1.5673828,-0.18518066,1.7525635,-0.10382080078125,-0.07400715649127967,-0.07400715649127967,0.45587423,0.32617715,0.2179486
341,JOK1SSmPtFw$_$4,missing,V,1,1,-0.2692871,2.1523438,-0.37548828,2.4216309,0.21630859375,0.18209635913372035,0.18209635913372035,0.37741548,0.35858518,0.2639993
342,JOK1SSmPtFw$_$8,missing,V,1,1,-0.9008789,2.1914062,0.41503906,1.7763672,0.0361328125,0.03795573413372034,0.03795573413372034,0.388072,0.3712349,0.24069308
343,JPT38CA3sGI$_$1,missing,V,0,2,-1.0166016,0.30419922,1.3535156,-2.3701172,0.9072265625,0.7348307341337204,0.7348307341337204,0.3693028,0.30385405,0.3268432
344,JPT38CA3sGI$_$0,missing,V,2,2,-1.0888672,1.1796875,1.1982422,0.018554688,0.53125,0.43404948413372035,0.43404948413372035,0.3786745,0.3217012,0.29962432
345,JPT38CA3sGI$_$5,missing,V,2,1,-0.6894531,1.9560547,0.36547852,-1.5905762,0.08172607421875,0.07443034350872034,0.07443034350872034,0.3691277,0.3379605,0.2929118
346,JVpF99zuQhA$_$0,missing,V,1,1,0.048309326,1.7314453,-0.7680664,1.683136,-0.2568359375,-0.19641926586627967,-0.19641926586627967,0.42420137,0.32124996,0.25454873
347,JVpF99zuQhA$_$2,missing,V,1,1,0.32983398,1.4345703,-0.8491211,1.1047363,-0.342529296875,-0.2649739533662797,-0.2649739533662797,0.45215935,0.30553862,0.24230203
348,JVpF99zuQhA$_$4,missing,V,1,1,-0.45043945,2.0722656,-0.22766113,2.2999268,-0.1104736328125,-0.07932942211627966,-0.07932942211627966,0.4034132,0.3357343,0.2608525
349,K0m1tO3Ybyc$_$15,missing,V,2,1,-0.8461914,0.8652344,0.78759766,-0.07763672,0.802734375,0.6512369841337203,0.6512369841337203,0.336604,0.30079678,0.3625992
350,K0m1tO3Ybyc$_$8,missing,V,2,2,0.13708496,-0.17956543,0.15332031,0.016235352,0.31884765625,0.26412760913372035,0.26412760913372035,0.4438,0.26817793,0.28802204
351,K8gp7ncdUl8$_$5,missing,V,0,0,1.4072266,0.04776001,-1.8857422,1.3594666,-1.60546875,-1.2753255158662797,-1.2753255158662797,0.49806565,0.31208336,0.18985099
352,KDjl2exStlI$_$10,missing,V,1,1,-0.20715332,2.3144531,-0.56640625,2.5216064,-0.047607421875,-0.029036453366279663,-0.029036453366279663,0.40249327,0.36710733,0.23039939
353,KDjl2exStlI$_$13,missing,V,1,1,-0.42358398,2.2636719,-0.2783203,2.5419922,-0.095458984375,-0.06731770336627967,-0.06731770336627967,0.40146554,0.36780727,0.23072718
354,KDjl2exStlI$_$5,missing,V,1,1,-0.27026367,2.1035156,-0.4152832,2.3737793,-0.063232421875,-0.04153645336627967,-0.04153645336627967,0.40088096,0.3476974,0.25142157
355,KDjl2exStlI$_$4,missing,V,1,1,0.06311035,1.8291016,-0.7597656,1.7659912,-0.1112060546875,-0.07991535961627967,-0.07991535961627967,0.4432738,0.3499983,0.20672789
356,KkKWFZZmmCM$_$1,missing,V,2,0,1.0458984,0.60595703,-1.6513672,-2.6972656,-1.1845703125,-0.9386067658662798,-0.9386067658662798,0.48022097,0.30758396,0.212195
357,KpMCvUyQCXg$_$1,missing,V,1,1,-0.15075684,0.8359375,-0.03100586,0.86694336,0.09368896484375,0.08400065600872034,0.08400065600872034,0.42253387,0.31351405,0.26395208
358,KpMCvUyQCXg$_$3,missing,V,1,1,-0.5986328,1.4785156,0.13183594,1.3466797,0.0579833984375,0.05543620288372034,0.05543620288372034,0.40212128,0.3152546,0.28262413
359,KpMCvUyQCXg$_$5,missing,V,2,1,0.11584473,1.1064453,-0.57714844,-1.6835938,-0.26513671875,-0.20305989086627968,-0.20305989086627968,0.44943878,0.31241542,0.23814578
360,L1eFHRQGFeg$_$2,missing,V,0,0,1.140625,-0.29516602,-1.0205078,1.435791,-0.9541015625,-0.7542317658662797,-0.7542317658662797,0.45090345,0.2844586,0.26463792
361,MCsvw5-7lVE$_$1,missing,V,2,0,0.84814453,0.72753906,-1.4072266,-2.255371,-0.99755859375,-0.7889973908662797,-0.7889973908662797,0.43023843,0.29534099,0.27442056
362,MCsvw5-7lVE$_$2,missing,V,2,1,-0.42260742,1.5341797,0.064941406,-1.4692383,0.1083984375,0.09576823413372035,0.09576823413372035,0.4079909,0.3236377,0.2683714
363,MCsvw5-7lVE$_$4,missing,V,2,1,-0.47192383,1.5097656,0.038085938,-1.4716797,0.08160400390625,0.07433268725872035,0.07433268725872035,0.37063938,0.3320071,0.2973535
364,MMpo2bDk-DU$_$10,missing,V,0,1,-0.15002441,2.078125,-0.5341797,-2.2281494,-0.13525390625,-0.09915364086627967,-0.09915364086627967,0.41523686,0.3167113,0.26805186
365,MMpo2bDk-DU$_$17,missing,V,0,1,0.51464844,1.0830078,-0.9223633,-0.5683594,-0.748046875,-0.5893880158662798,-0.5893880158662798,0.43536735,0.29164654,0.27298614
366,MMpo2bDk-DU$_$16,missing,V,1,1,0.22851562,1.3974609,-0.8701172,1.1689453,-0.58447265625,-0.45852864086627965,-0.45852864086627965,0.4084659,0.30872145,0.28281263
367,MMpo2bDk-DU$_$19,missing,V,2,1,-0.3408203,1.8134766,0.045288086,-1.7681885,-0.030120849609375,-0.015047195553779664,-0.015047195553779664,0.39983085,0.31361467,0.28655446
368,MjaaudUc5-4$_$1,missing,V,0,1,-0.4091797,2.2949219,-0.19641113,-2.7041016,-0.1007080078125,-0.07151692211627966,-0.07151692211627966,0.40862978,0.39837575,0.19299453
369,MjaaudUc5-4$_$0,missing,V,2,1,-0.56884766,2.171875,0.028442383,-2.1434326,-0.131103515625,-0.09583332836627967,-0.09583332836627967,0.37949044,0.3872733,0.23323622
370,MjaaudUc5-4$_$3,missing,V,2,1,-0.5649414,2.1503906,-0.048950195,-2.1993408,-0.1243896484375,-0.09046223461627967,-0.09046223461627967,0.4097956,0.3795218,0.21068263
371,MjaaudUc5-4$_$6,missing,V,0,1,-0.46655273,2.2753906,-0.13330078,-2.7419434,-0.0455322265625,-0.027376297116279667,-0.027376297116279667,0.44135702,0.3563776,0.20226538
372,MoQmPA7Q07Q$_$1,missing,V,2,0,0.71435547,0.56933594,-0.96435547,-1.6787109,-0.95068359375,-0.7514973908662798,-0.7514973908662798,0.4243803,0.29652837,0.2790913
373,MoQmPA7Q07Q$_$2,missing,V,2,0,1.4619141,-0.4362793,-1.4091797,-2.8710938,-1.806640625,-1.4362630158662797,-1.4362630158662797,0.45284012,0.281333,0.26582688
374,N1X63d_jgmw$_$5,missing,V,0,0,0.66748047,0.5678711,-0.8510742,0.099609375,-0.463623046875,-0.36184895336627965,-0.36184895336627965,0.44925782,0.27756763,0.27317452
375,N5xfBtD6rLY$_$7,missing,V,1,1,-0.65722656,2.2636719,0.2565918,2.00708,-0.03582763671875,-0.019612625241279665,-0.019612625241279665,0.38452634,0.31959152,0.2958822
376,NoZsdSGnNpI$_$7,missing,V,2,1,0.8676758,1.1962891,-1.6347656,-2.8310547,-0.896484375,-0.7081380158662798,-0.7081380158662798,0.46647578,0.33024335,0.20328096
377,Nrurc5sMUOE$_$5,missing,V,0,0,1.8427734,-0.65283203,-1.8291016,2.4956055,-1.48046875,-1.1753255158662796,-1.1753255158662796,0.5203324,0.2796856,0.19998196
378,Nrurc5sMUOE$_$7,missing,V,0,1,-0.3005371,2.2167969,-0.5522461,-2.517334,-0.24609375,-0.18782551586627969,-0.18782551586627969,0.40627122,0.35899425,0.2347345
379,Nrurc5sMUOE$_$8,missing,V,0,0,0.99609375,0.54785156,-1.5888672,0.4482422,-1.1064453125,-0.8761067658662798,-0.8761067658662798,0.48392263,0.30175474,0.21432263
380,NzvNW7vP-Co$_$5,missing,V,2,0,1.9023438,-0.5048828,-2.0332031,-3.9355469,-1.671875,-1.3284505158662798,-1.3284505158662798,0.52188736,0.30081102,0.1773016
381,NzvNW7vP-Co$_$4,missing,V,1,1,-0.40771484,2.2519531,-0.42163086,2.659668,0.125732421875,0.10963542163372034,0.10963542163372034,0.40900367,0.37199646,0.2189999
382,NzvNW7vP-Co$_$7,missing,V,2,1,0.86083984,0.90234375,-1.5419922,-2.444336,-0.7802734375,-0.6151692658662797,-0.6151692658662797,0.47885233,0.32815266,0.19299504
383,OLP0nCKwU6k$_$6,missing,V,0,0,2.3007812,-1.1025391,-2.1347656,3.4033203,-2.3125,-1.8409505158662798,-1.8409505158662798,0.50968397,0.28461966,0.20569637
384,OrYBtyO0aPI$_$1,missing,V,0,1,-0.5541992,2.0683594,0.11621094,-2.6225586,0.0167236328125,0.02242839038372034,0.02242839038372034,0.3761995,0.34036285,0.28343758
385,OrYBtyO0aPI$_$4,missing,V,2,1,-0.8964844,2.1152344,0.65283203,-1.4624023,0.359130859375,0.29635417163372035,0.29635417163372035,0.34717762,0.322297,0.3305254
386,PboaYD5hlG8$_$10,missing,V,2,1,-0.51464844,1.3173828,0.4182129,-0.8991699,0.385986328125,0.31783854663372035,0.31783854663372035,0.38190222,0.31969225,0.29840556
387,PboaYD5hlG8$_$3,missing,V,2,1,-0.7446289,1.5693359,0.5,-1.0693359,0.2451171875,0.20514323413372035,0.20514323413372035,0.42413118,0.37087676,0.20499204
388,PboaYD5hlG8$_$2,missing,V,2,1,-0.85546875,1.5419922,0.6699219,-0.8720703,0.281982421875,0.23463542163372034,0.23463542163372034,0.4032239,0.34989178,0.24688435
389,PboaYD5hlG8$_$7,missing,V,1,0,0.9584961,0.7348633,-1.1884766,-0.22363281,-0.76953125,-0.6065755158662798,-0.6065755158662798,0.4578863,0.3225184,0.21959527
390,PboaYD5hlG8$_$9,missing,V,1,0,0.27124023,-0.35375977,0.015182495,-0.625,-0.231689453125,-0.17630207836627967,-0.17630207836627967,0.47923693,0.30260748,0.2181555
391,PboaYD5hlG8$_$8,missing,V,0,0,0.54296875,-0.5966797,-0.17150879,0.71447754,-0.53076171875,-0.41555989086627965,-0.41555989086627965,0.4884377,0.29499087,0.21657139
392,Pt-D0LUHDSc$_$2,missing,V,2,1,-0.97216797,1.1318359,1.1074219,-0.024414062,0.7119140625,0.5785807341337204,0.5785807341337204,0.41004962,0.3189491,0.27100128
393,PwapK9d8IGk$_$4,missing,V,0,0,2.2910156,-0.9716797,-2.1523438,3.2626953,-2.19921875,-1.7503255158662798,-1.7503255158662798,0.5043295,0.2949223,0.2007482
394,PyQrAYl1bFs$_$0,missing,V,2,1,-0.7558594,1.4736328,0.4663086,-1.0073242,0.5205078125,0.4254557341337204,0.4254557341337204,0.3973119,0.30906445,0.2936237
395,PyQrAYl1bFs$_$3,missing,V,2,1,-0.83251953,1.3945312,0.56103516,-0.8334961,0.3935546875,0.3238932341337204,0.3238932341337204,0.356601,0.32502747,0.31837156
396,PyQrAYl1bFs$_$4,missing,V,2,1,0.05368042,1.3740234,-0.64404297,-2.0180664,0.11187744140625,0.09855143725872034,0.09855143725872034,0.37978575,0.2996215,0.32059273
397,Q4WzApjaCNI$_$0,missing,V,1,1,-0.87158203,2.0976562,0.56933594,1.5283203,0.024322509765625,0.028507491946220338,0.028507491946220338,0.37376818,0.32784608,0.29838577
398,Q7S0tX4FUNA$_$4,missing,V,1,1,-0.076660156,1.6777344,-0.37182617,1.7543945,-0.37548828125,-0.2913411408662797,-0.2913411408662797,0.4429899,0.3256665,0.23134363
399,Q7S0tX4FUNA$_$7,missing,V,1,1,-0.6791992,2.2285156,0.28735352,1.9411621,-0.027130126953125,-0.012654617428779665,-0.012654617428779665,0.3828418,0.32472566,0.29243258
400,Q7S0tX4FUNA$_$8,missing,V,0,1,-0.8769531,1.8759766,0.62109375,-2.7529297,-0.062744140625,-0.04114582836627967,-0.04114582836627967,0.405669,0.33254713,0.26178384
401,Qa6Yz62V-Yc$_$0,missing,V,1,0,0.8588867,0.02407837,-0.9663086,-0.83480835,-1.208984375,-0.9581380158662798,-0.9581380158662798,0.5057049,0.2767496,0.21754548
402,QjcQx8_PQfw$_$10,missing,V,2,1,-0.030670166,1.6982422,-0.6694336,-2.3676758,-0.20068359375,-0.15149739086627967,-0.15149739086627967,0.4095769,0.34391993,0.24650319
403,QjcQx8_PQfw$_$7,missing,V,1,1,0.22705078,1.6035156,-1.0419922,1.3764648,-0.4013671875,-0.31204426586627965,-0.31204426586627965,0.42444196,0.33184066,0.24371739
404,QpchvHpGFc8$_$3,missing,V,1,1,-0.20947266,1.1982422,-0.03112793,1.2293701,0.343994140625,0.2842447966337204,0.2842447966337204,0.40763628,0.30482936,0.28753433
405,RArhIHk4Qs4$_$13,missing,V,2,1,-0.2565918,2.2734375,-0.44311523,-2.7165527,-0.1907958984375,-0.14358723461627967,-0.14358723461627967,0.41286424,0.35018724,0.23694849
406,RArhIHk4Qs4$_$17,missing,V,0,1,-0.58935547,2.0390625,0.15283203,-2.628418,-0.001537322998046875,0.007819625735282837,0.007819625735282837,0.40741387,0.36347732,0.22910881
407,RArhIHk4Qs4$_$16,missing,V,0,1,0.4169922,1.7333984,-1.1337891,-1.3164062,-0.277099609375,-0.21263020336627966,-0.21263020336627966,0.44715053,0.34053195,0.21231753
408,RArhIHk4Qs4$_$19,missing,V,1,1,-0.07299805,2.2695312,-0.58251953,2.3425293,-0.0745849609375,-0.050618484616279665,-0.050618484616279665,0.4153131,0.3422726,0.24241431
409,RArhIHk4Qs4$_$1,missing,V,1,0,0.9819336,0.74121094,-1.3251953,-0.24072266,-0.796875,-0.6284505158662798,-0.6284505158662798,0.48218933,0.32166108,0.19614957
410,RArhIHk4Qs4$_$2,missing,V,0,0,1.2011719,-0.072631836,-1.0263672,1.2738037,-0.80126953125,-0.6319661408662798,-0.6319661408662798,0.48283806,0.2957206,0.22144131
411,RArhIHk4Qs4$_$7,missing,V,1,1,-0.11437988,2.1015625,-0.58154297,2.2159424,-0.0987548828125,-0.06995442211627967,-0.06995442211627967,0.38674736,0.3702006,0.24305205
412,RArhIHk4Qs4$_$6,missing,V,0,1,0.57910156,1.3408203,-1.1015625,-0.76171875,-0.2509765625,-0.19173176586627969,-0.19173176586627969,0.48306832,0.33989766,0.17703404
413,RArhIHk4Qs4$_$8,missing,V,0,1,-0.011016846,2.2597656,-0.6694336,-2.2707825,-0.09112548828125,-0.06385090649127967,-0.06385090649127967,0.41536242,0.3563928,0.22824478
414,RArhIHk4Qs4$_$21,missing,V,2,1,-0.65478516,2.0234375,0.45483398,-1.5686035,0.07781982421875,0.07130534350872034,0.07130534350872034,0.36756065,0.34562957,0.2868098
415,ROcTx5VEn7o$_$11,missing,V,1,0,1.6064453,-0.48510742,-1.5732422,-2.0915527,-1.86328125,-1.4815755158662798,-1.4815755158662798,0.43439308,0.2996192,0.2659877
416,ROcTx5VEn7o$_$1,missing,V,1,1,0.03048706,1.6191406,-0.5136719,1.5886536,-0.34765625,-0.26907551586627965,-0.26907551586627965,0.38077906,0.34071115,0.2785097
417,ROcTx5VEn7o$_$5,missing,V,1,1,0.6479492,0.9238281,-1.0068359,0.2758789,-0.85986328125,-0.6788411408662798,-0.6788411408662798,0.39166865,0.33388317,0.2744482
418,ROcTx5VEn7o$_$9,missing,V,1,1,0.064086914,1.6669922,-0.44482422,1.6029053,-0.287841796875,-0.22122395336627967,-0.22122395336627967,0.35354474,0.36077285,0.2856824
419,RrGpzInAwCg$_$0,missing,V,2,2,-1.1845703,0.93359375,1.2109375,0.27734375,0.8994140625,0.7285807341337204,0.7285807341337204,0.40852728,0.34890836,0.24256435
420,RzOFxDk26p0$_$1,missing,V,2,0,2.0136719,-0.6855469,-2.3359375,-4.3496094,-2.3046875,-1.8347005158662797,-1.8347005158662797,0.48958004,0.2914484,0.21897155
421,RzOFxDk26p0$_$0,missing,V,1,1,0.51660156,1.5263672,-1.4130859,1.0097656,-0.875,-0.6909505158662798,-0.6909505158662798,0.41613343,0.34489205,0.23897448
422,SHa756SwGJQ$_$0,missing,V,1,1,-0.7993164,2.1035156,0.43359375,1.6699219,-0.0028324127197265625,0.006783553957939087,0.006783553957939087,0.38392064,0.34039888,0.27568042
423,SHa756SwGJQ$_$2,missing,V,2,0,0.46655273,0.14355469,-0.37670898,-0.8432617,-0.35205078125,-0.27259114086627967,-0.27259114086627967,0.45217508,0.29134387,0.25648102
424,SHa756SwGJQ$_$4,missing,V,0,1,-0.2442627,2.3261719,-0.4934082,-2.5704346,-0.1085205078125,-0.07776692211627967,-0.07776692211627967,0.36377499,0.3659483,0.27027676
425,SHa756SwGJQ$_$7,missing,V,1,1,-0.20275879,1.9326172,-0.53759766,2.135376,-0.1402587890625,-0.10315754711627967,-0.10315754711627967,0.3937229,0.3439647,0.2623124
426,SHa756SwGJQ$_$6,missing,V,1,1,-0.39135742,2.1269531,-0.16564941,2.2926025,-0.0182342529296875,-0.005537918210029663,-0.005537918210029663,0.38545403,0.3379083,0.27663767
427,TH32jop4FiI$_$15,missing,V,0,1,0.39038086,1.4189453,-0.7944336,-1.0285645,-0.4326171875,-0.33704426586627967,-0.33704426586627967,0.41235387,0.35223016,0.23541601
428,TH32jop4FiI$_$17,missing,V,2,0,1.5214844,0.04019165,-1.6162109,-3.1376953,-1.4482421875,-1.1495442658662798,-1.1495442658662798,0.45221305,0.32067138,0.22711557
429,TWszOxkOV0w$_$1,missing,V,0,0,1.4033203,-0.27124023,-1.7929688,1.6745605,-1.791015625,-1.4237630158662797,-1.4237630158662797,0.446973,0.2836544,0.2693726
430,TXCXFYIc3Yo$_$16,missing,V,1,1,0.86572266,1.3095703,-1.4638672,0.44384766,-0.5888671875,-0.46204426586627967,-0.46204426586627967,0.4152347,0.31816283,0.2666025
431,TXCXFYIc3Yo$_$2,missing,V,2,1,0.41333008,1.6171875,-1.1083984,-2.725586,-0.2288818359375,-0.17405598461627966,-0.17405598461627966,0.43486932,0.33669564,0.22843504
432,TXCXFYIc3Yo$_$7,missing,V,0,0,1.2470703,0.5341797,-1.5166016,0.7128906,-1.08203125,-0.8565755158662798,-0.8565755158662798,0.47086346,0.28823182,0.24090466
433,TXCXFYIc3Yo$_$6,missing,V,2,1,0.30981445,1.7207031,-0.92041016,-2.6411133,-0.191162109375,-0.14388020336627969,-0.14388020336627969,0.42400002,0.3184465,0.25755343
434,TYJzg5IJN8o$_$11,missing,V,1,0,1.7568359,-0.640625,-1.8408203,-2.397461,-1.71484375,-1.3628255158662799,-1.3628255158662799,0.5139812,0.26882753,0.2171913
435,TYJzg5IJN8o$_$10,missing,V,1,0,1.1455078,0.44995117,-1.6572266,-0.69555664,-1.1328125,-0.8972005158662797,-0.8972005158662797,0.48447567,0.29690748,0.21861683
436,TYJzg5IJN8o$_$14,missing,V,2,0,1.0908203,0.60546875,-1.6123047,-2.703125,-1.126953125,-0.8925130158662797,-0.8925130158662797,0.49103934,0.2862017,0.22275895
437,TYJzg5IJN8o$_$0,missing,V,2,0,0.97558594,-0.31933594,-0.83935547,-1.8149414,-1.09375,-0.8659505158662797,-0.8659505158662797,0.46310112,0.26730025,0.2695986
438,TYJzg5IJN8o$_$4,missing,V,2,0,1.0029297,0.6020508,-1.5351562,-2.538086,-1.2841796875,-1.0182942658662797,-1.0182942658662797,0.46919048,0.2870618,0.24374771
439,TYJzg5IJN8o$_$7,missing,V,2,1,0.27563477,1.734375,-1.0537109,-2.788086,-0.2003173828125,-0.15120442211627969,-0.15120442211627969,0.4292955,0.3267864,0.24391803
440,Uc_6d-fkZEc$_$3,missing,V,2,1,-0.27856445,2.2519531,-0.4128418,-2.664795,-0.156982421875,-0.11653645336627966,-0.11653645336627966,0.40103817,0.39028588,0.20867595
441,UlTJmndbGHM$_$1,missing,V,2,2,-1.1777344,0.9892578,1.2685547,0.27929688,0.9736328125,0.7879557341337203,0.7879557341337203,0.40524507,0.33684126,0.25791365
442,UlTJmndbGHM$_$4,missing,V,0,1,-0.4716797,2.0019531,0.115722656,-2.4736328,-0.038543701171875,-0.021785476803779666,-0.021785476803779666,0.4046739,0.31873983,0.2765863
443,VbV9S4svrTg$_$13,missing,V,2,1,-0.72216797,2.1640625,0.28393555,-1.880127,-0.122314453125,-0.08880207836627967,-0.08880207836627967,0.39599547,0.34257734,0.26142722
444,VbV9S4svrTg$_$3,missing,V,2,1,-0.5620117,2.1679688,0.07873535,-2.0892334,-0.157958984375,-0.11731770336627967,-0.11731770336627967,0.3952706,0.38358548,0.2211439
445,VbV9S4svrTg$_$7,missing,V,2,1,-0.7001953,2.0996094,0.25439453,-1.8452148,-0.1756591796875,-0.13147785961627967,-0.13147785961627967,0.40255776,0.33646375,0.2609785
446,VbV9S4svrTg$_$8,missing,V,2,1,-0.9526367,1.7949219,0.5126953,-1.2822266,-0.0845947265625,-0.05862629711627966,-0.05862629711627966,0.39321363,0.34314957,0.26363677
447,VinxKpWioTo$_$1,missing,V,2,0,1.1416016,-0.24865723,-0.7363281,-1.8779297,-0.9423828125,-0.7448567658662797,-0.7448567658662797,0.45917338,0.27809426,0.26273233
448,VinxKpWioTo$_$0,missing,V,1,1,-0.28979492,2.4824219,-0.2553711,2.737793,-0.119384765625,-0.08645832836627967,-0.08645832836627967,0.42249843,0.34710583,0.23039575
449,VinxKpWioTo$_$3,missing,V,2,1,0.40893555,0.93359375,-0.57177734,-1.5053711,-0.4404296875,-0.34329426586627965,-0.34329426586627965,0.44588363,0.30516174,0.24895462
450,VinxKpWioTo$_$5,missing,V,2,1,-0.16845703,1.8623047,-0.18786621,-2.050171,-0.1640625,-0.12220051586627967,-0.12220051586627967,0.4305436,0.3311815,0.23827492
451,ViyQVpGW05w$_$1,missing,V,2,2,-1.2460938,0.47973633,1.5205078,1.0407715,1.4462890625,1.1660807341337203,1.1660807341337203,0.37677008,0.3046525,0.3185774
452,ViyQVpGW05w$_$4,missing,V,1,2,-1.0400391,0.8017578,1.1425781,-0.3408203,1.00390625,0.8121744841337204,0.8121744841337204,0.37288603,0.30342734,0.32368663
453,ViyQVpGW05w$_$6,missing,V,0,1,-0.114990234,0.24938965,0.24023438,-0.36437988,0.112548828125,0.09908854663372034,0.09908854663372034,0.39112842,0.29185268,0.31701887
454,Vuay0mVKkik$_$3,missing,V,0,1,0.31176758,1.2021484,-0.8588867,-0.89038086,-0.1378173828125,-0.10120442211627967,-0.10120442211627967,0.44724306,0.29620725,0.2565497
455,WmQF5RmbsVQ$_$6,missing,V,1,0,1.9326172,-0.7319336,-1.5439453,-2.6645508,-1.51953125,-1.2065755158662799,-1.2065755158662799,0.52877665,0.2780138,0.1932095
456,Wrcf2xtqbkQ$_$9,missing,V,1,0,1.2275391,0.5283203,-1.7724609,-0.69921875,-1.005859375,-0.7956380158662797,-0.7956380158662797,0.44377357,0.3107463,0.24548012
457,Wrcf2xtqbkQ$_$8,missing,V,1,1,0.19262695,1.7197266,-0.8383789,1.5270996,-0.123291015625,-0.08958332836627966,-0.08958332836627966,0.40623945,0.32606295,0.26769757
458,WxajvjGKz7Y$_$0,missing,V,1,1,-0.48706055,2.2871094,-0.12512207,2.4122314,-0.189208984375,-0.14231770336627966,-0.14231770336627966,0.3946257,0.34289455,0.26247975
459,WxajvjGKz7Y$_$3,missing,V,1,1,-0.26904297,1.9902344,-0.35302734,2.2592773,-0.23681640625,-0.18040364086627966,-0.18040364086627966,0.40408397,0.3291882,0.26672783
460,WxajvjGKz7Y$_$6,missing,V,1,1,0.33764648,1.5263672,-0.984375,1.1887207,-0.5625,-0.44095051586627965,-0.44095051586627965,0.4252229,0.32922724,0.24554984
461,XIGpuL-Kkyk$_$12,missing,V,2,1,0.35375977,1.3017578,-0.72314453,-2.0249023,-0.343994140625,-0.26614582836627965,-0.26614582836627965,0.46010888,0.31937045,0.22052069
462,XIGpuL-Kkyk$_$0,missing,V,0,1,-0.87158203,2.0976562,0.56933594,-2.9692383,0.024322509765625,0.028507491946220338,0.028507491946220338,0.37376818,0.32784608,0.29838577
463,XIGpuL-Kkyk$_$4,missing,V,2,2,-0.82958984,0.4645996,1.1220703,0.6574707,1.044921875,0.8449869841337203,0.8449869841337203,0.4132326,0.29374567,0.29302174
464,XIGpuL-Kkyk$_$7,missing,V,1,1,-0.86083984,2.1660156,0.5498047,1.6162109,0.00879669189453125,0.016086837649345338,0.016086837649345338,0.3679683,0.32987478,0.30215698
465,XaVYxIW0FDg$_$2,missing,V,2,0,0.4411621,-0.43237305,0.01852417,-0.42263794,-0.197021484375,-0.14856770336627967,-0.14856770336627967,0.43807656,0.25497967,0.30694374
466,XyP8bVmGX6M$_$4,missing,V,2,2,-0.93652344,0.58691406,1.0556641,0.46875,1.05859375,0.8559244841337204,0.8559244841337204,0.43532825,0.3167954,0.24787633
467,XzVapdEr_GY$_$3,missing,V,2,0,1.0244141,0.74560547,-1.3515625,-2.3759766,-0.6279296875,-0.49329426586627967,-0.49329426586627967,0.48033175,0.31232464,0.20734356
468,XzVapdEr_GY$_$4,missing,V,2,0,1.0527344,0.6118164,-1.3085938,-2.3613281,-0.71533203125,-0.5632161408662797,-0.5632161408662797,0.4836814,0.30454156,0.21177697
469,Y7h-S3cJ52o$_$0,missing,V,1,1,-0.38208008,2.2246094,-0.08190918,2.3065186,-0.0916748046875,-0.06429035961627967,-0.06429035961627967,0.40728396,0.3329561,0.2597599
470,Y7qkyMyanjU$_$2,missing,V,1,1,-0.7709961,2.1777344,0.4182129,1.7595215,-0.0039215087890625,0.0059122771024703365,0.0059122771024703365,0.3813289,0.32360825,0.29506287
471,Y7qkyMyanjU$_$4,missing,V,1,1,-0.87158203,2.0976562,0.56933594,1.5283203,0.024322509765625,0.028507491946220338,0.028507491946220338,0.37376818,0.32784608,0.29838577
472,YbuG8xyUO-o$_$3,missing,V,1,1,-0.57714844,2.0957031,0.2142334,1.8814697,0.12841796875,0.11178385913372034,0.11178385913372034,0.38948154,0.33622557,0.2742929
473,YbuG8xyUO-o$_$2,missing,V,1,1,-0.45898438,2.0273438,0.051513672,1.9758301,0.1336669921875,0.11598307788372034,0.11598307788372034,0.38266486,0.337942,0.2793932
474,Z7L3V5bwzI0$_$2,missing,V,2,1,0.45483398,0.640625,-0.6484375,-1.2890625,-0.281005859375,-0.21575520336627968,-0.21575520336627968,0.43780494,0.3337504,0.22844468
475,ZaoFHcbRM9g$_$3,missing,V,2,1,0.18005371,0.5229492,-0.11804199,-0.6409912,-0.012969970703125,-0.0013264924287796631,-0.0013264924287796631,0.45543182,0.26527515,0.27929303
476,ZaoFHcbRM9g$_$2,missing,V,1,1,-0.2109375,2.2226562,-0.52490234,2.4335938,-0.243896484375,-0.18606770336627967,-0.18606770336627967,0.37744257,0.33362538,0.28893203
477,ZaoFHcbRM9g$_$5,missing,V,1,1,-0.9301758,1.9521484,0.6645508,1.2875977,0.271484375,0.22623698413372034,0.22623698413372034,0.37948623,0.35665584,0.2638579
478,ZaoFHcbRM9g$_$9,missing,V,0,1,-0.53027344,2.4550781,-0.046020508,-2.9853516,0.07867431640625,0.07198893725872034,0.07198893725872034,0.37743187,0.35924083,0.26332727
479,ZaoFHcbRM9g$_$8,missing,V,0,1,-0.37646484,2.4726562,-0.26293945,-2.849121,0.0634765625,0.05983073413372034,0.05983073413372034,0.39834794,0.34709233,0.25455973
480,Zvisaa77Cng$_$1,missing,V,2,1,0.54345703,0.6796875,-0.94384766,-1.6235352,-0.822265625,-0.6487630158662797,-0.6487630158662797,0.42543238,0.3281761,0.24639149
481,Zvisaa77Cng$_$5,missing,V,2,1,-0.24963379,1.4384766,-0.16540527,-1.6038818,0.01284027099609375,0.019321700930595338,0.019321700930595338,0.39318347,0.34035882,0.2664577
482,_7HVhnSYX1Y$_$26,missing,V,2,1,-0.00579834,1.5234375,-0.5253906,-2.0488281,-0.12060546875,-0.08743489086627967,-0.08743489086627967,0.38455534,0.32440352,0.29104114
483,_7HVhnSYX1Y$_$12,missing,V,2,1,0.33789062,1.0126953,-0.8051758,-1.8178711,-0.372314453125,-0.2888020783662797,-0.2888020783662797,0.41533816,0.31302682,0.27163506
484,_7HVhnSYX1Y$_$14,missing,V,1,1,-0.024383545,1.8525391,-0.6230469,1.8769226,-0.1048583984375,-0.07483723461627967,-0.07483723461627967,0.39843556,0.3214164,0.28014803
485,_7HVhnSYX1Y$_$19,missing,V,1,1,0.0892334,1.5351562,-0.52490234,1.4459229,-0.26025390625,-0.19915364086627968,-0.19915364086627968,0.36001268,0.33458233,0.305405
486,_7HVhnSYX1Y$_$31,missing,V,2,1,-0.40844727,1.3935547,0.10357666,-1.289978,0.12249755859375,0.10704753100872035,0.10704753100872035,0.38792711,0.3120419,0.30003098
487,_7HVhnSYX1Y$_$3,missing,V,1,1,0.40161133,1.2021484,-0.87939453,0.8005371,-0.33642578125,-0.2600911408662797,-0.2600911408662797,0.4018209,0.3222203,0.2759588
488,_BvNNdEkhZA$_$14,missing,V,0,1,-0.23181152,2.1308594,-0.44677734,-2.362671,-0.197998046875,-0.14934895336627968,-0.14934895336627968,0.39743227,0.37033528,0.23223244
489,_BvNNdEkhZA$_$19,missing,V,2,1,0.8979492,1.2539062,-1.6015625,-2.8554688,-0.8603515625,-0.6792317658662798,-0.6792317658662798,0.46478888,0.33715096,0.19806018
490,_BvNNdEkhZA$_$7,missing,V,1,1,0.06970215,1.9199219,-0.81347656,1.8502197,-0.279296875,-0.21438801586627967,-0.21438801586627967,0.41533494,0.3639992,0.22066592
491,_BvNNdEkhZA$_$6,missing,V,0,0,1.0205078,0.9741211,-1.5859375,0.04638672,-0.9423828125,-0.7448567658662797,-0.7448567658662797,0.47613382,0.3344813,0.18938488
492,_BvNNdEkhZA$_$9,missing,V,1,1,-0.2553711,2.2402344,-0.42993164,2.4956055,-0.1573486328125,-0.11682942211627967,-0.11682942211627967,0.4182274,0.38223854,0.19953403
493,_aZDaIfGfPo$_$1,missing,V,2,0,1.1728516,-0.39672852,-0.9379883,-2.1108398,-0.9072265625,-0.7167317658662797,-0.7167317658662797,0.48473796,0.25820893,0.25705302
494,_aZDaIfGfPo$_$0,missing,V,2,2,-0.80859375,0.40600586,1.1103516,0.7043457,1.0341796875,0.8363932341337204,0.8363932341337204,0.4155869,0.29236317,0.29204997
495,_gr7o5ynhnw$_$13,missing,V,1,1,0.8198242,0.8857422,-1.3095703,0.06591797,-0.74609375,-0.5878255158662797,-0.5878255158662797,0.48555505,0.32360718,0.19083774
496,_gr7o5ynhnw$_$12,missing,V,2,1,-0.6411133,2.0039062,0.07519531,-1.9287109,-0.24365234375,-0.18587239086627969,-0.18587239086627969,0.3998838,0.37276286,0.22735335
497,_gr7o5ynhnw$_$15,missing,V,2,0,1.6806641,-0.66064453,-1.5087891,-3.1894531,-1.1103515625,-0.8792317658662797,-0.8792317658662797,0.49740162,0.280245,0.2223534
498,_gzYkdjNvPc$_$12,missing,V,1,1,0.16772461,1.8623047,-0.96728516,1.6945801,-0.216796875,-0.16438801586627969,-0.16438801586627969,0.396595,0.32835624,0.27504876
499,_gzYkdjNvPc$_$17,missing,V,0,1,-0.17883301,1.8505859,-0.70166016,-2.029419,-0.1287841796875,-0.09397785961627966,-0.09397785961627966,0.40042377,0.33043718,0.26913905
500,_gzYkdjNvPc$_$1,missing,V,0,1,0.6196289,1.0634766,-1.3251953,-0.44384766,-0.607421875,-0.4768880158662797,-0.4768880158662797,0.4514163,0.31125036,0.23733337
501,_gzYkdjNvPc$_$3,missing,V,1,1,-0.096191406,1.8740234,-0.81689453,1.9702148,-0.270751953125,-0.20755207836627967,-0.20755207836627967,0.3865496,0.3390818,0.27436864
502,_gzYkdjNvPc$_$2,missing,V,0,1,-1.1064453,1.4638672,1.046875,-2.5703125,0.55419921875,0.4524088591337203,0.4524088591337203,0.3913542,0.33959746,0.2690483
503,_gzYkdjNvPc$_$5,missing,V,1,1,-0.16589355,1.9365234,-0.74316406,2.102417,-0.216064453125,-0.16380207836627966,-0.16380207836627966,0.38801286,0.33858988,0.27339724
504,_gzYkdjNvPc$_$4,missing,V,1,1,0.3876953,1.3837891,-1.1894531,0.99609375,-0.372802734375,-0.28919270336627967,-0.28919270336627967,0.44380283,0.3193046,0.23689257
505,_gzYkdjNvPc$_$6,missing,V,0,1,0.35058594,1.4423828,-1.1650391,-1.0917969,-0.32275390625,-0.2491536408662797,-0.2491536408662797,0.4268157,0.321052,0.25213224
506,_gzYkdjNvPc$_$9,missing,V,0,1,0.07788086,1.7705078,-0.85791016,-1.692627,-0.200927734375,-0.15169270336627969,-0.15169270336627969,0.3876633,0.3378479,0.27448884
507,a-WihYDk6vc$_$8,missing,V,2,1,0.26586914,1.1191406,-0.7026367,-1.8217773,-0.328125,-0.25345051586627965,-0.25345051586627965,0.416204,0.30457014,0.27922586
508,a-WihYDk6vc$_$0,missing,V,2,1,-0.46020508,1.7548828,-0.123046875,-1.8779297,-0.0799560546875,-0.05491535961627966,-0.05491535961627966,0.37257245,0.34221134,0.2852162
509,aFhc2ddipoM$_$14,missing,V,2,0,0.87939453,0.80322266,-1.1923828,-2.0717773,-1.0107421875,-0.7995442658662797,-0.7995442658662797,0.4274209,0.31167093,0.26090813
510,aK5tRCXjUvU$_$0,missing,V,2,1,-0.57128906,1.4326172,0.17907715,-1.25354,0.345703125,0.28561198413372035,0.28561198413372035,0.35703716,0.30071688,0.34224594
511,b-FX9NOVQOM$_$1,missing,V,1,1,0.2866211,1.4023438,-0.5024414,1.1157227,-0.161376953125,-0.12005207836627968,-0.12005207836627968,0.41367152,0.3013052,0.28502327
512,b-FX9NOVQOM$_$4,missing,V,0,1,0.24963379,1.3330078,-0.43579102,-1.083374,-0.2099609375,-0.15891926586627966,-0.15891926586627966,0.42644235,0.30035445,0.27320316
513,b1LEcg6z66g$_$0,missing,V,0,1,0.4128418,1.1962891,-0.73779297,-0.78344727,-0.23388671875,-0.17805989086627969,-0.17805989086627969,0.37466767,0.30340773,0.32192463
514,b1LEcg6z66g$_$4,missing,V,2,0,1.1669922,0.16027832,-1.2246094,-2.3916016,-0.82470703125,-0.6507161408662797,-0.6507161408662797,0.44177413,0.26661232,0.29161358
515,b1LEcg6z66g$_$8,missing,V,0,1,0.14624023,1.5654297,-0.66308594,-1.4191895,-0.124755859375,-0.09075520336627967,-0.09075520336627967,0.40598264,0.30465966,0.2893577
516,bAkUEnPoucg$_$3,missing,V,2,0,0.4260254,-0.47094727,0.111816406,-0.31420898,0.0469970703125,0.04664714038372034,0.04664714038372034,0.4486812,0.27311137,0.2782074
517,bNQkb4K5DX0$_$3,missing,V,1,0,0.80615234,0.7861328,-1.1904297,-0.020019531,-0.48291015625,-0.3772786408662797,-0.3772786408662797,0.4683919,0.2925885,0.2390196
518,bNQkb4K5DX0$_$7,missing,V,2,1,0.24450684,1.5185547,-0.8989258,-2.4174805,-0.351806640625,-0.2723958283662796,-0.2723958283662796,0.45391604,0.3145776,0.23150636
519,bWunvAd96zI$_$1,missing,V,0,1,-0.24450684,1.3955078,-0.31323242,-1.6400146,-0.196044921875,-0.14778645336627969,-0.14778645336627969,0.45484334,0.3352403,0.20991635
520,bWunvAd96zI$_$2,missing,V,0,0,0.7944336,0.09094238,-0.8852539,0.7034912,-0.794921875,-0.6268880158662797,-0.6268880158662797,0.4943052,0.30129236,0.20440236
521,bWunvAd96zI$_$5,missing,V,1,1,-0.3876953,2.171875,-0.19030762,2.3621826,-0.193115234375,-0.14544270336627968,-0.14544270336627968,0.3984107,0.3699007,0.23168857
522,bWunvAd96zI$_$4,missing,V,2,1,-0.55566406,1.9550781,-0.08068848,-2.0357666,0.09234619140625,0.08292643725872034,0.08292643725872034,0.42789605,0.3685596,0.20354436
523,bj9e8w4vNxo$_$12,missing,V,2,0,0.7163086,0.5024414,-0.8461914,-1.5625,-0.36962890625,-0.28665364086627965,-0.28665364086627965,0.4141321,0.28045732,0.3054106
524,bpvYdXVlgvc$_$1,missing,V,1,1,-0.7294922,1.5595703,0.45581055,1.1037598,0.46923828125,0.3844401091337204,0.3844401091337204,0.43535277,0.31327704,0.2513702
525,bpvYdXVlgvc$_$3,missing,V,0,1,0.39233398,1.3408203,-0.93603516,-0.9484863,-0.3740234375,-0.29016926586627967,-0.29016926586627967,0.47272262,0.3134802,0.2137972
526,bpvYdXVlgvc$_$4,missing,V,0,1,-0.39990234,1.3642578,-0.060058594,-1.7641602,-0.03302001953125,-0.017366531491279664,-0.017366531491279664,0.39479715,0.33901972,0.26618317
527,bpvYdXVlgvc$_$6,missing,V,0,0,1.4208984,-0.007659912,-1.4169922,1.4285583,-1.19140625,-0.9440755158662797,-0.9440755158662797,0.50520056,0.28061497,0.21418454
528,c1a1y9ytHH0$_$0,missing,V,1,1,0.6801758,0.76171875,-0.9291992,0.08154297,-0.5888671875,-0.46204426586627967,-0.46204426586627967,0.41623843,0.29981485,0.28394678
529,c1a1y9ytHH0$_$3,missing,V,1,1,0.33813477,0.88623047,-0.46777344,0.5480957,-0.251953125,-0.19251301586627967,-0.19251301586627967,0.4325239,0.29457158,0.27290455
530,c1a1y9ytHH0$_$7,missing,V,2,1,-0.048614502,1.4589844,-0.27783203,-1.7368164,-0.03045654296875,-0.015315750241279666,-0.015315750241279666,0.38706723,0.3155697,0.29736304
531,c5cB7AfVgcE$_$12,missing,V,2,1,0.31860352,1.3466797,-0.7163086,-2.0629883,0.002178192138671875,0.010792037844657838,0.010792037844657838,0.38808596,0.28152418,0.33038986
532,c5cB7AfVgcE$_$5,missing,V,0,0,0.91796875,0.6376953,-1.4365234,0.28027344,-0.6962890625,-0.5479817658662797,-0.5479817658662797,0.42199892,0.2753282,0.3026729
533,d8BR6hsvzoY$_$1,missing,V,1,1,0.10168457,2.0742188,-0.8339844,1.9725342,-0.2734375,-0.20970051586627966,-0.20970051586627966,0.39574942,0.35902643,0.24522416
534,d8BR6hsvzoY$_$0,missing,V,1,1,-0.41259766,2.2617188,-0.095947266,2.357666,-0.031402587890625,-0.016072586178779665,-0.016072586178779665,0.3632538,0.3582857,0.2784605
535,d8BR6hsvzoY$_$2,missing,V,1,1,-0.21801758,2.2480469,-0.46484375,2.4660645,-0.139892578125,-0.10286457836627967,-0.10286457836627967,0.37253362,0.37120584,0.25626057
536,d8BR6hsvzoY$_$5,missing,V,1,1,-0.06628418,2.0253906,-0.50390625,2.0916748,-0.1251220703125,-0.09104817211627966,-0.09104817211627966,0.36594453,0.338298,0.29575744
537,d8BR6hsvzoY$_$6,missing,V,1,1,0.091796875,2.1152344,-0.7758789,2.0234375,-0.1134033203125,-0.08167317211627967,-0.08167317211627967,0.37594488,0.3389002,0.2851549
538,d8BR6hsvzoY$_$9,missing,V,1,1,-0.25195312,2.2714844,-0.3857422,2.5234375,-0.048980712890625,-0.030135086178779663,-0.030135086178779663,0.36794543,0.3676309,0.26442367
539,d8BR6hsvzoY$_$8,missing,V,0,0,1.0878906,1.046875,-1.6503906,0.041015625,-0.890625,-0.7034505158662797,-0.7034505158662797,0.43072614,0.3301903,0.23908354
540,dBWvtPeHpWM$_$4,missing,V,2,1,-1.0175781,1.5917969,0.79589844,-0.79589844,0.447265625,0.3668619841337204,0.3668619841337204,0.39029798,0.36255947,0.24714254
541,dEDbm2ubVRQ$_$0,missing,V,1,1,-0.39916992,1.4248047,0.06726074,1.357544,0.10968017578125,0.09679362475872035,0.09679362475872035,0.37848583,0.29584536,0.32566884
542,dEDbm2ubVRQ$_$3,missing,V,0,0,1.0849609,0.35083008,-1.328125,0.73413086,-1.224609375,-0.9706380158662797,-0.9706380158662797,0.47680512,0.28274536,0.24044952
543,dEDbm2ubVRQ$_$8,missing,V,2,1,-0.64746094,1.8457031,0.23327637,-1.6124268,-0.03472900390625,-0.018733718991279666,-0.018733718991279666,0.40768856,0.33659554,0.2557159
544,dt641WxonBI$_$1,missing,V,2,1,-0.9111328,1.6064453,0.7807617,-0.8256836,0.4931640625,0.4035807341337203,0.4035807341337203,0.43176803,0.34835863,0.21987332
545,dt641WxonBI$_$3,missing,V,1,1,-0.30737305,1.7939453,-0.19787598,1.9918213,-0.1011962890625,-0.07190754711627967,-0.07190754711627967,0.421188,0.35178784,0.22702421
546,eOiC1kb17P4$_$0,missing,V,2,0,2.1855469,-1.7226562,-1.5029297,-3.6884766,-2.005859375,-1.5956380158662797,-1.5956380158662797,0.5422632,0.25393894,0.20379788
547,erNDEjQeox8$_$12,missing,V,2,0,1.3671875,-0.16748047,-1.1865234,-2.553711,-0.83984375,-0.6628255158662797,-0.6628255158662797,0.42749023,0.27956602,0.2929438
548,ewBrNsyY82Q$_$4,missing,V,1,1,0.6665039,0.9790039,-1.1630859,0.3125,-0.6708984375,-0.5276692658662797,-0.5276692658662797,0.44631627,0.3085542,0.24512953
549,fWOIAxzBQFY$_$12,missing,V,1,1,-0.26708984,1.8730469,-0.38110352,2.1401367,0.1053466796875,0.09332682788372035,0.09332682788372035,0.44637522,0.34168464,0.21194007
550,fWOIAxzBQFY$_$5,missing,V,2,1,-1.0625,1.6923828,0.81396484,-0.87841797,0.44921875,0.3684244841337203,0.3684244841337203,0.42854658,0.34188774,0.22956565
551,fWOIAxzBQFY$_$7,missing,V,2,1,-0.13574219,1.7226562,-0.46704102,-2.1896973,-0.239501953125,-0.18255207836627968,-0.18255207836627968,0.46152523,0.32122737,0.21724737
552,f_ZJ7L14oYQ$_$11,missing,V,2,1,0.65625,0.7832031,-1.140625,-1.9238281,-0.58203125,-0.45657551586627965,-0.45657551586627965,0.4771131,0.31422886,0.20865813
553,f_ZJ7L14oYQ$_$27,missing,V,2,1,0.60791016,0.9633789,-1.2802734,-2.2436523,-0.4384765625,-0.34173176586627974,-0.34173176586627974,0.43847528,0.33464625,0.22687843
554,f_ZJ7L14oYQ$_$21,missing,V,0,1,0.44848633,0.9746094,-1.0361328,-0.52612305,-0.5107421875,-0.39954426586627967,-0.39954426586627967,0.42655548,0.32176423,0.25168028
555,f_ZJ7L14oYQ$_$17,missing,V,0,1,0.064453125,1.5458984,-0.84521484,-1.4814453,-0.392578125,-0.3050130158662797,-0.3050130158662797,0.4442557,0.34284976,0.21289454
556,f_ZJ7L14oYQ$_$9,missing,V,0,0,0.86572266,0.38598633,-1.3583984,0.47973633,-0.91552734375,-0.7233723908662797,-0.7233723908662797,0.4771311,0.3207024,0.2021665
557,f_ZJ7L14oYQ$_$8,missing,V,2,1,-0.11779785,1.4716797,-0.6870117,-2.1586914,-0.205322265625,-0.15520832836627968,-0.15520832836627968,0.43615395,0.35673812,0.20710792
558,ffrJ91swyq0$_$1,missing,V,2,0,1.4736328,0.10119629,-1.4150391,-2.8886719,-1.0732421875,-0.8495442658662797,-0.8495442658662797,0.44537035,0.314028,0.24060167
559,g8Cl74tS3oY$_$2,missing,V,0,1,0.6538086,0.8833008,-0.7495117,-0.22949219,-0.367431640625,-0.2848958283662797,-0.2848958283662797,0.41485962,0.2873283,0.2978121
560,g8Cl74tS3oY$_$6,missing,V,2,0,0.88427734,0.37426758,-0.97314453,-1.8574219,-0.6005859375,-0.4714192658662797,-0.4714192658662797,0.40437117,0.2727404,0.3228884
561,gR4gM_WXesQ$_$10,missing,V,1,2,-0.46044922,0.47973633,0.77783203,-0.2980957,0.5830078125,0.47545573413372033,0.47545573413372033,0.37866318,0.31117374,0.31016314
562,gR4gM_WXesQ$_$26,missing,V,0,1,0.13122559,1.4501953,-0.44750977,-1.3189697,-0.15283203125,-0.11321614086627967,-0.11321614086627967,0.3686779,0.31906497,0.31225708
563,gR4gM_WXesQ$_$20,missing,V,2,0,0.74365234,0.07299805,-0.40722656,-1.1508789,-0.62353515625,-0.48977864086627965,-0.48977864086627965,0.4244589,0.2942713,0.2812698
564,gR4gM_WXesQ$_$24,missing,V,1,1,-0.43725586,2.1933594,0.003665924,2.1896935,0.1007080078125,0.08961589038372034,0.08961589038372034,0.3715571,0.3453438,0.28309914
565,gR4gM_WXesQ$_$18,missing,V,0,0,1.0625,0.41479492,-1.1513672,0.6477051,-1.0185546875,-0.8057942658662798,-0.8057942658662798,0.40206498,0.30639204,0.29154304
566,gR4gM_WXesQ$_$3,missing,V,0,1,0.3293457,1.0527344,-0.47827148,-0.7233887,-0.292236328125,-0.22473957836627967,-0.22473957836627967,0.40637675,0.31069916,0.28292406
567,gR4gM_WXesQ$_$4,missing,V,2,1,-0.2878418,1.0830078,0.3479004,-0.7351074,0.180419921875,0.15338542163372035,0.15338542163372035,0.40009308,0.31834126,0.28156567
568,gR4gM_WXesQ$_$8,missing,V,2,1,-0.27734375,1.6318359,-0.01586914,-1.6477051,0.21923828125,0.18444010913372036,0.18444010913372036,0.37254417,0.34206775,0.28538808
569,gVqs4TzqySw$_$1,missing,V,2,0,1.5634766,-0.0748291,-2.0019531,-3.5654297,-1.533203125,-1.2175130158662797,-1.2175130158662797,0.4333174,0.30090103,0.26578158
570,gVqs4TzqySw$_$3,missing,V,1,1,-0.13891602,1.9492188,-0.4716797,2.0881348,-0.06298828125,-0.041341140866279665,-0.041341140866279665,0.37893263,0.34416604,0.2769013
571,gVqs4TzqySw$_$2,missing,V,2,1,0.119384766,1.4384766,-0.59033203,-2.0288086,-0.1488037109375,-0.10999348461627967,-0.10999348461627967,0.39407387,0.31236872,0.29355744
572,gVqs4TzqySw$_$4,missing,V,1,1,0.13195801,2.0839844,-0.8823242,1.9520264,-0.07513427734375,-0.05105793774127967,-0.05105793774127967,0.35057575,0.35408407,0.2953402
573,goMtnNHQ_z4$_$1,missing,V,2,1,-0.060821533,0.87890625,-0.14794922,-1.0268555,-0.29931640625,-0.23040364086627968,-0.23040364086627968,0.391134,0.31981686,0.2890491
574,goMtnNHQ_z4$_$2,missing,V,2,1,-0.20239258,0.33740234,0.25317383,-0.084228516,0.39306640625,0.3235026091337203,0.3235026091337203,0.44080257,0.2860147,0.27318272
575,goMtnNHQ_z4$_$13,missing,V,2,1,0.38012695,1.3144531,-1.0419922,-2.3564453,-0.3505859375,-0.2714192658662796,-0.2714192658662796,0.44562826,0.31058025,0.24379148
576,goMtnNHQ_z4$_$12,missing,V,1,1,0.40454102,0.42797852,-0.5703125,0.0234375,-0.419677734375,-0.32669270336627965,-0.32669270336627965,0.43856516,0.29115406,0.27028078
577,hqzF4IDaIYE$_$0,missing,V,0,2,-0.3100586,0.31469727,0.43286133,-0.7429199,0.466552734375,0.38229167163372035,0.38229167163372035,0.394264,0.29991844,0.30581754
578,hqzF4IDaIYE$_$3,missing,V,2,0,1.7304688,-0.36157227,-1.8994141,-3.6298828,-1.787109375,-1.4206380158662797,-1.4206380158662797,0.43259907,0.3056921,0.2617089
579,hqzF4IDaIYE$_$2,missing,V,2,0,0.98828125,0.66552734,-1.5419922,-2.5302734,-1.28515625,-1.0190755158662796,-1.0190755158662796,0.44300786,0.31334463,0.24364752
580,hqzF4IDaIYE$_$4,missing,V,1,1,-0.5024414,1.8876953,0.111816406,1.7758789,0.0161895751953125,0.02200114428997034,0.02200114428997034,0.3950005,0.32074726,0.2842523
581,hqzF4IDaIYE$_$6,missing,V,2,1,-0.53759766,1.2314453,0.51904297,-0.71240234,0.424072265625,0.3483072966337204,0.3483072966337204,0.3983123,0.28957853,0.31210917
582,hvfaYsv7p8E$_$0,missing,V,0,1,-0.46606445,0.9248047,0.26245117,-1.3908691,0.19677734375,0.16647135913372035,0.16647135913372035,0.38030347,0.30587962,0.31381693
583,iUXqlrui25c$_$10,missing,V,0,1,0.23596191,1.1455078,-0.5629883,-0.9095459,-0.309326171875,-0.23841145336627967,-0.23841145336627967,0.43725353,0.29357675,0.26916972
584,iUXqlrui25c$_$21,missing,V,1,1,-0.24084473,1.5908203,-0.21179199,1.8026123,-0.0986328125,-0.06985676586627967,-0.06985676586627967,0.41946077,0.311717,0.26882222
585,iUXqlrui25c$_$23,missing,V,1,1,-0.38427734,1.5751953,-0.013305664,1.588501,0.07000732421875,0.06505534350872033,0.06505534350872033,0.40357587,0.31102443,0.2853997
586,icbUzboLcDQ$_$0,missing,V,2,1,0.052703857,1.8964844,-0.70947266,-2.605957,-0.191650390625,-0.14427082836627966,-0.14427082836627966,0.40759656,0.35178992,0.2406135
587,ioupaiAuRr0$_$5,missing,V,2,0,1.6689453,0.095825195,-1.9228516,-3.5917969,-1.72265625,-1.3690755158662797,-1.3690755158662797,0.47684193,0.30611882,0.21703929
588,ioupaiAuRr0$_$4,missing,V,1,0,1.6455078,0.054351807,-1.9316406,-1.591156,-1.8486328125,-1.4698567658662798,-1.4698567658662798,0.4717993,0.3098954,0.21830529
589,jICmfLeFymA$_$16,missing,V,2,2,-0.4387207,0.48461914,0.74560547,0.26098633,0.78955078125,0.6406901091337204,0.6406901091337204,0.3650825,0.2611441,0.3737734
590,jPrEKz1rAno$_$11,missing,V,1,1,-0.13549805,2.21875,-0.33911133,2.354248,0.135986328125,0.11783854663372034,0.11783854663372034,0.3649025,0.38239557,0.25270194
591,jPrEKz1rAno$_$7,missing,V,1,0,1.2138672,0.36523438,-1.3056641,-0.8486328,-0.8310546875,-0.6557942658662798,-0.6557942658662798,0.43497324,0.30590335,0.25912344
592,jPrEKz1rAno$_$6,missing,V,1,1,0.9458008,0.97265625,-1.2431641,0.026855469,-0.297119140625,-0.22864582836627967,-0.22864582836627967,0.41467977,0.31923822,0.266082
593,k5ZOshC2LP4$_$1,missing,V,1,0,0.21118164,0.09509277,-0.053527832,-0.11608887,-0.0693359375,-0.04641926586627967,-0.04641926586627967,0.480402,0.3096658,0.20993222
594,kbGhEJ4W44o$_$0,missing,V,0,0,0.48291016,0.030792236,-0.50927734,0.45211792,-0.47119140625,-0.3679036408662797,-0.3679036408662797,0.47252747,0.28058368,0.24688883
595,kfsO4c0Ekes$_$7,missing,V,2,0,1.2558594,0.77978516,-1.6025391,-2.8583984,-0.8408203125,-0.6636067658662798,-0.6636067658662798,0.4359763,0.30394843,0.2600753
596,kvUb78Rdzdc$_$3,missing,V,2,0,1.7929688,-0.37963867,-1.9335938,-3.7265625,-1.6669921875,-1.3245442658662798,-1.3245442658662798,0.4823577,0.32070088,0.19694144
597,lO87-4Kf0cQ$_$2,missing,V,1,1,0.13024902,1.5917969,-0.8413086,1.4615479,-0.1568603515625,-0.11643879711627966,-0.11643879711627966,0.36635268,0.32463288,0.30901444
598,lO87-4Kf0cQ$_$5,missing,V,1,1,0.46118164,1.2753906,-1.1416016,0.814209,-0.2406005859375,-0.18343098461627969,-0.18343098461627969,0.40201807,0.3101079,0.28787404
599,lWf5hHRHIDs$_$11,missing,V,2,2,-1.0146484,0.9824219,1.1533203,0.17089844,0.8828125,0.7152994841337204,0.7152994841337204,0.3849887,0.32310572,0.2919056
600,lawHYX5eB20$_$1,missing,V,0,1,-0.080078125,2.2324219,-0.6982422,-2.3125,-0.158935546875,-0.11809895336627968,-0.11809895336627968,0.36791563,0.33724695,0.2948374
601,lawHYX5eB20$_$2,missing,V,1,1,0.19702148,1.8681641,-0.9013672,1.6711426,-0.188232421875,-0.14153645336627968,-0.14153645336627968,0.3752477,0.35369822,0.271054
602,mHGaQ_nv9UY$_$13,missing,V,1,0,1.9277344,-0.37548828,-1.7177734,-2.3032227,-1.580078125,-1.2550130158662798,-1.2550130158662798,0.5052068,0.27157697,0.2232162
603,mHGaQ_nv9UY$_$14,missing,V,2,1,0.7553711,1.4902344,-1.2412109,-2.7314453,-0.6103515625,-0.4792317658662797,-0.4792317658662797,0.44504228,0.32447022,0.23048751
604,mHGaQ_nv9UY$_$17,missing,V,1,0,0.9291992,0.8779297,-1.1513672,-0.05126953,-0.73681640625,-0.5804036408662797,-0.5804036408662797,0.47759283,0.29543847,0.22696874
605,mHGaQ_nv9UY$_$22,missing,V,0,0,2.0605469,-0.6044922,-1.9248047,2.665039,-1.9189453125,-1.5261067658662797,-1.5261067658662797,0.50972944,0.27697298,0.21329762
606,mHGaQ_nv9UY$_$5,missing,V,0,0,1.4775391,0.00894165,-1.6113281,1.4685974,-1.57421875,-1.2503255158662798,-1.2503255158662798,0.47747374,0.3016802,0.22084604
607,mHGaQ_nv9UY$_$4,missing,V,0,1,0.99365234,1.2011719,-1.4355469,-0.20751953,-0.77783203125,-0.6132161408662797,-0.6132161408662797,0.46806857,0.30256832,0.2293631
608,mLW-jn67gRE$_$20,missing,V,2,1,0.88623047,0.9511719,-1.2412109,-2.1923828,-0.41943359375,-0.3264973908662797,-0.3264973908662797,0.4612391,0.32848778,0.21027309
609,mLW-jn67gRE$_$17,missing,V,2,1,0.78125,0.87109375,-1.1484375,-2.0195312,-0.5146484375,-0.4026692658662797,-0.4026692658662797,0.47943115,0.31883278,0.2017361
610,mLW-jn67gRE$_$1,missing,V,1,1,-0.70751953,2.078125,0.20544434,1.8726807,-0.2783203125,-0.21360676586627966,-0.21360676586627966,0.399144,0.37292898,0.227927
611,mLW-jn67gRE$_$3,missing,V,1,1,-0.09362793,1.8154297,-0.5463867,1.9090576,-0.244384765625,-0.18645832836627968,-0.18645832836627968,0.44467005,0.35836518,0.19696474
612,mLW-jn67gRE$_$5,missing,V,1,1,-0.16589355,1.8818359,-0.4465332,2.0477295,-0.272216796875,-0.20872395336627966,-0.20872395336627966,0.43530658,0.36560553,0.19908787
613,mLW-jn67gRE$_$6,missing,V,0,1,0.87353516,0.9716797,-1.2822266,-0.09814453,-0.53076171875,-0.41555989086627965,-0.41555989086627965,0.46283254,0.3340514,0.2031161
614,mLW-jn67gRE$_$9,missing,V,1,1,-0.35327148,2.1777344,-0.25341797,2.4311523,-0.10638427734375,-0.07605793774127967,-0.07605793774127967,0.40673354,0.37671486,0.21655162
615,mjpCK2Edsv8$_$0,missing,V,2,0,1.4384766,-0.5444336,-1.2617188,-2.7001953,-1.04296875,-0.8253255158662798,-0.8253255158662798,0.48692733,0.25483936,0.25823322
616,nUZYqTRSGDw$_$4,missing,V,0,1,-0.3395996,1.2607422,0.08496094,-1.6003418,0.04107666015625,0.041910812258720335,0.041910812258720335,0.3705229,0.313189,0.31628814
617,nyzIL6YAonY$_$5,missing,V,2,1,-0.5761719,2.1738281,0.10595703,-2.067871,-0.0570068359375,-0.036555984616279666,-0.036555984616279666,0.42598754,0.34674788,0.22726458
618,nyzIL6YAonY$_$6,missing,V,2,1,0.7207031,0.8339844,-1.0966797,-1.9306641,-0.7431640625,-0.5854817658662798,-0.5854817658662798,0.5251475,0.2893976,0.18545488
619,ooAF6I-fmTg$_$3,missing,V,0,1,0.02420044,1.390625,-0.65478516,-1.3664246,-0.56396484375,-0.4421223908662797,-0.4421223908662797,0.44129214,0.35718745,0.20152041
620,ooAF6I-fmTg$_$5,missing,V,0,1,-0.58691406,1.8720703,-0.091430664,-2.4589844,-0.2001953125,-0.15110676586627966,-0.15110676586627966,0.40167665,0.37347448,0.22484885
621,ooAF6I-fmTg$_$7,missing,V,0,1,-0.103393555,1.421875,-0.453125,-1.5252686,-0.38134765625,-0.29602864086627967,-0.29602864086627967,0.42146882,0.35613093,0.2224003
622,pOrk7fl1AYo$_$1,missing,V,1,1,0.5449219,1.1367188,-1.2041016,0.5917969,-0.9228515625,-0.7292317658662797,-0.7292317658662797,0.40876576,0.3166073,0.27462694
623,pOrk7fl1AYo$_$3,missing,V,2,0,1.2490234,0.08459473,-1.4423828,-2.6914062,-1.4140625,-1.1222005158662798,-1.1222005158662798,0.4130915,0.2847115,0.30219695
624,pOrk7fl1AYo$_$2,missing,V,0,1,0.31640625,1.0966797,-0.56152344,-0.78027344,-0.6337890625,-0.49798176586627974,-0.49798176586627974,0.39023742,0.2964422,0.31332043
625,pOrk7fl1AYo$_$4,missing,V,0,1,-0.39697266,1.9775391,0.055786133,-2.3745117,-0.04522705078125,-0.027132156491279667,-0.027132156491279667,0.40722746,0.31743997,0.2753325
626,q9yDL81QppI$_$1,missing,V,1,1,0.37060547,1.7509766,-1.0751953,1.3803711,-0.3017578125,-0.23235676586627968,-0.23235676586627968,0.42778942,0.34752747,0.22468314
627,q9yDL81QppI$_$0,missing,V,1,1,0.27539062,1.6494141,-0.90478516,1.3740234,0.04583740234375,0.04571940600872034,0.04571940600872034,0.43409982,0.32635647,0.2395437
628,q9yDL81QppI$_$2,missing,V,1,1,0.39648438,1.5673828,-1.0009766,1.1708984,-0.03375244140625,-0.017952468991279665,-0.017952468991279665,0.42243773,0.32664135,0.2509209
629,qK77ZmbqmOM$_$9,missing,V,1,1,-0.009063721,1.5009766,-0.5004883,1.5100403,-0.337890625,-0.26126301586627965,-0.26126301586627965,0.41706103,0.325721,0.25721797
630,qK77ZmbqmOM$_$0,missing,V,1,0,1.1787109,0.17810059,-1.6757812,-1.0006104,-1.458984375,-1.1581380158662797,-1.1581380158662797,0.4178927,0.28937426,0.29273304
631,qY1sXq-YCHs$_$8,missing,V,0,1,0.0690918,1.8886719,-0.8588867,-1.8195801,-0.240234375,-0.18313801586627967,-0.18313801586627967,0.40026608,0.3680898,0.23164412
632,qmMSumMloAs$_$1,missing,V,2,0,1.3837891,0.18518066,-1.8320312,-3.2158203,-1.3984375,-1.1097005158662798,-1.1097005158662798,0.41067982,0.31792596,0.27139425
633,qmMSumMloAs$_$3,missing,V,2,1,0.000579834,1.9619141,-0.82958984,-2.791504,-0.1724853515625,-0.12893879711627967,-0.12893879711627967,0.34886003,0.36439145,0.28674856
634,qmMSumMloAs$_$2,missing,V,2,0,1.2783203,0.33935547,-1.9189453,-3.1972656,-1.30078125,-1.0315755158662798,-1.0315755158662798,0.40507835,0.31873357,0.27618805
635,r13W4H8ZhqI$_$12,missing,V,1,1,0.32006836,1.3369141,-0.8984375,1.0168457,-0.180908203125,-0.13567707836627968,-0.13567707836627968,0.46542788,0.32347834,0.21109381
636,r13W4H8ZhqI$_$1,missing,V,2,0,1.7705078,-0.55810547,-1.6572266,-3.4277344,-1.3212890625,-1.0479817658662798,-1.0479817658662798,0.513107,0.28057966,0.20631336
637,r13W4H8ZhqI$_$5,missing,V,1,1,-0.65234375,1.8251953,0.10632324,1.7188721,0.1279296875,0.11139323413372035,0.11139323413372035,0.40091,0.34071612,0.2583739
638,r13W4H8ZhqI$_$8,missing,V,2,0,1.0771484,0.5859375,-1.4140625,-2.491211,-0.6279296875,-0.49329426586627967,-0.49329426586627967,0.4833178,0.30692506,0.20975715
639,r5ijC2W9ddk$_$8,missing,V,2,0,0.70751953,-0.2902832,-0.5288086,-1.2363281,-0.455078125,-0.35501301586627965,-0.35501301586627965,0.49596748,0.2806436,0.2233889
640,r5ijC2W9ddk$_$0,missing,V,1,1,-0.63964844,1.9101562,0.1574707,1.7526855,-0.017547607421875,-0.004988601803779663,-0.004988601803779663,0.4147294,0.34685093,0.23841965
641,r9tgDqXEcuc$_$4,missing,V,1,1,-0.4399414,1.9638672,-0.06994629,2.0338135,-0.015350341796875,-0.003230789303779664,-0.003230789303779664,0.41975483,0.32895657,0.2512886
642,rf0yDSeVEUA$_$1,missing,V,2,0,1.1064453,-0.98535156,-0.47680664,-1.583252,-0.6220703125,-0.4886067658662797,-0.4886067658662797,0.4803623,0.24534886,0.2742889
643,rf0yDSeVEUA$_$0,missing,V,2,1,0.03805542,0.68408203,-0.20202637,-0.8861084,0.0699462890625,0.06500651538372035,0.06500651538372035,0.43464297,0.28504083,0.28031626
644,rf0yDSeVEUA$_$3,missing,V,2,0,1.3916016,-1.0810547,-0.72509766,-2.1166992,-0.890625,-0.7034505158662797,-0.7034505158662797,0.49434146,0.23859917,0.26705942
645,rojyUp4FPSg$_$26,missing,V,2,0,0.9038086,-0.17895508,-0.39868164,-1.3024902,-0.533203125,-0.41751301586627965,-0.41751301586627965,0.46539563,0.26359785,0.27100658
646,rojyUp4FPSg$_$20,missing,V,2,1,-0.17224121,0.5649414,0.23461914,-0.33032227,0.31689453125,0.26256510913372033,0.26256510913372033,0.41972926,0.28402,0.29625073
647,rojyUp4FPSg$_$21,missing,V,2,1,-1.2402344,1.5302734,1.2177734,-0.3125,0.6103515625,0.4973307341337203,0.4973307341337203,0.36891305,0.3238855,0.30720145
648,rojyUp4FPSg$_$23,missing,V,2,1,-0.8051758,1.8056641,0.62597656,-1.1796875,0.1915283203125,0.16227214038372034,0.16227214038372034,0.37654364,0.31437168,0.30908468
649,rojyUp4FPSg$_$5,missing,V,1,1,-0.019012451,0.92578125,-0.08404541,0.9447937,0.1663818359375,0.14215495288372035,0.14215495288372035,0.39748046,0.2906682,0.3118513
650,rojyUp4FPSg$_$7,missing,V,2,0,1.1767578,-0.40454102,-0.79541016,-1.972168,-0.7685546875,-0.6057942658662797,-0.6057942658662797,0.48991144,0.26340207,0.24668655
651,rojyUp4FPSg$_$9,missing,V,0,2,-0.37451172,0.34155273,0.64404297,-1.0185547,0.6806640625,0.5535807341337203,0.5535807341337203,0.41101536,0.28785652,0.30112812
652,rojyUp4FPSg$_$10,missing,V,2,1,-1.0751953,1.0712891,1.0341797,-0.037109375,0.69970703125,0.5688151091337204,0.5688151091337204,0.3436896,0.32203382,0.3342766
653,rojyUp4FPSg$_$12,missing,V,2,1,-0.6328125,1.7978516,0.16137695,-1.6364746,0.0872802734375,0.07887370288372034,0.07887370288372034,0.37759835,0.3349631,0.28743854
654,rojyUp4FPSg$_$16,missing,V,2,1,-0.8564453,1.5771484,0.6088867,-0.9682617,0.272705078125,0.22721354663372034,0.22721354663372034,0.39546221,0.3259438,0.27859402
655,rojyUp4FPSg$_$18,missing,V,2,1,-0.4777832,0.74365234,0.35595703,-0.3876953,0.364990234375,0.3010416716337203,0.3010416716337203,0.33394805,0.31176317,0.3542888
656,rojyUp4FPSg$_$37,missing,V,2,1,-0.5644531,1.3310547,0.4296875,-0.9013672,0.32666015625,0.27037760913372033,0.27037760913372033,0.41310892,0.3153264,0.27156472
657,rojyUp4FPSg$_$36,missing,V,2,1,-0.9584961,1.65625,0.87060547,-0.78564453,0.43212890625,0.3547526091337203,0.3547526091337203,0.34337416,0.3213886,0.3352372
658,rojyUp4FPSg$_$34,missing,V,2,1,-0.0463562,0.8383789,0.13293457,-0.70544434,0.04962158203125,0.04874674975872034,0.04874674975872034,0.4259212,0.2800834,0.29399538
659,rojyUp4FPSg$_$32,missing,V,2,1,-0.8852539,1.8984375,0.66259766,-1.2358398,0.2275390625,0.19108073413372034,0.19108073413372034,0.3601994,0.3308442,0.3089564
660,rwNlqh0k1j4$_$15,missing,V,2,0,1.8466797,-0.5776367,-2.1015625,-3.9482422,-2.138671875,-1.7018880158662797,-1.7018880158662797,0.49312147,0.29472592,0.21215259
661,rwNlqh0k1j4$_$3,missing,V,0,1,0.30395508,1.5986328,-0.7036133,-1.2946777,-0.482421875,-0.37688801586627974,-0.37688801586627974,0.36702594,0.34378183,0.28919223
662,rwNlqh0k1j4$_$2,missing,V,2,1,0.69921875,1.3564453,-1.3349609,-2.6914062,-0.6630859375,-0.5214192658662797,-0.5214192658662797,0.4026402,0.3542187,0.24314117
663,rwNlqh0k1j4$_$7,missing,V,0,0,1.3085938,0.21960449,-1.8681641,1.0889893,-1.541015625,-1.2237630158662798,-1.2237630158662798,0.42324644,0.31742078,0.25933278
664,sC16n1k66io$_$2,missing,V,2,1,0.5488281,0.7246094,-0.85302734,-1.5776367,-0.178955078125,-0.13411457836627966,-0.13411457836627966,0.42310834,0.28537595,0.29151568
665,sC16n1k66io$_$16,missing,V,2,1,-0.58935547,1.9277344,0.06677246,-1.8609619,0.11846923828125,0.10382487475872035,0.10382487475872035,0.38617244,0.32309434,0.2907332
666,sPremsknoLM$_$1,missing,V,1,1,-0.83740234,2.1660156,0.49682617,1.6691895,-0.00977325439453125,0.0012308806180953372,0.0012308806180953372,0.3589814,0.3377875,0.3032311
667,ssqiwP19JhM$_$10,missing,V,0,0,0.65722656,0.52001953,-0.8125,0.13720703,-0.7509765625,-0.5917317658662797,-0.5917317658662797,0.43715927,0.27426264,0.28857803
668,ssqiwP19JhM$_$2,missing,V,1,1,-0.41210938,0.9238281,0.5107422,0.41308594,0.60498046875,0.49303385913372033,0.49303385913372033,0.38065374,0.27087817,0.3484681
669,szic2IB9HB4$_$5,missing,V,0,1,-0.13146973,1.8037109,-0.44482422,-1.9351807,-0.20263671875,-0.15305989086627966,-0.15305989086627966,0.38017306,0.36800334,0.2518236
670,tQ-CIfgj-Js$_$3,missing,V,1,1,0.6010742,0.6347656,-0.41503906,0.033691406,-0.270263671875,-0.20716145336627967,-0.20716145336627967,0.45688576,0.2768448,0.26626945
671,tXQpm-nKxNA$_$5,missing,V,2,2,-0.63427734,0.6015625,0.8022461,0.2006836,0.89794921875,0.7274088591337203,0.7274088591337203,0.39856017,0.2825959,0.31884393
672,tXQpm-nKxNA$_$7,missing,V,2,2,0.019866943,-0.07702637,0.42163086,0.40176392,0.45068359375,0.36959635913372035,0.36959635913372035,0.42697334,0.27735117,0.2956755
673,uacdDoBtT1k$_$0,missing,V,0,0,1.5849609,-0.21618652,-1.3798828,1.8011475,-1.07421875,-0.8503255158662797,-0.8503255158662797,0.4674391,0.27756187,0.25499904
674,uacdDoBtT1k$_$6,missing,V,0,1,0.7104492,1.1103516,-0.9663086,-0.39990234,-0.34130859375,-0.2639973908662797,-0.2639973908662797,0.436658,0.3000449,0.2632971
675,unNY4zIk8MM$_$1,missing,V,2,1,-0.039611816,1.4394531,-0.15490723,-1.5943604,-0.0970458984375,-0.06858723461627966,-0.06858723461627966,0.42697847,0.30228817,0.27073333
676,unNY4zIk8MM$_$3,missing,V,2,1,-0.83447266,2.0761719,0.5234375,-1.5527344,0.0191497802734375,0.024369308352470337,0.024369308352470337,0.3733047,0.33388877,0.29280654
677,unNY4zIk8MM$_$5,missing,V,2,1,-0.58691406,1.9160156,0.2915039,-1.6245117,0.0190277099609375,0.024271652102470335,0.024271652102470335,0.4001239,0.31732497,0.2825512
678,unNY4zIk8MM$_$8,missing,V,1,1,0.10949707,1.1728516,-0.7104492,1.0633545,-0.2646484375,-0.20266926586627967,-0.20266926586627967,0.34537038,0.30249232,0.3521373
679,uooIiW6dEyg$_$1,missing,V,0,1,-0.2927246,2.0390625,-0.16467285,-2.331787,-0.11993408203125,-0.08689778149127966,-0.08689778149127966,0.39100945,0.3482689,0.26072162
680,uooIiW6dEyg$_$5,missing,V,2,0,1.1220703,0.6201172,-1.6855469,-2.8076172,-1.32421875,-1.0503255158662796,-1.0503255158662796,0.4495895,0.3250167,0.22539376
681,v2Rr-EsJda8$_$0,missing,V,1,1,-0.6201172,2.3085938,0.21716309,2.0914307,-0.042755126953125,-0.02515461742877966,-0.02515461742877966,0.39243162,0.33896503,0.26860335
682,v2Rr-EsJda8$_$6,missing,V,2,1,-0.6386719,2.1953125,0.20629883,-1.9890137,-0.006855010986328125,0.0035654753446578364,0.0035654753446578364,0.40145293,0.33522865,0.26331845
683,v9gjg7TDlTA$_$0,missing,V,0,1,0.4934082,1.6669922,-0.96484375,-1.173584,-0.08892822265625,-0.06209309399127967,-0.06209309399127967,0.33615246,0.33258235,0.33126518
684,v9gjg7TDlTA$_$4,missing,V,0,1,0.72021484,1.5654297,-1.3662109,-0.84521484,-0.1661376953125,-0.12386067211627966,-0.12386067211627966,0.37352657,0.33947918,0.2869942
685,vHzbn_YW76s$_$3,missing,V,0,1,0.38183594,1.7304688,-0.7739258,-1.3486328,-0.0948486328125,-0.06682942211627967,-0.06682942211627967,0.41248432,0.35675836,0.23075736
686,vU0a4F36Ksw$_$13,missing,V,1,0,1.0810547,0.4794922,-1.4609375,-0.6015625,-1.0244140625,-0.8104817658662797,-0.8104817658662797,0.45271558,0.31016335,0.23712108
687,vU0a4F36Ksw$_$12,missing,V,2,1,0.66552734,1.0273438,-1.2861328,-2.3134766,-0.64794921875,-0.5093098908662798,-0.5093098908662798,0.40711018,0.3312311,0.26165876
688,vU0a4F36Ksw$_$17,missing,V,1,1,0.02645874,1.6943359,-0.65625,1.6678772,-0.0284271240234375,-0.013692215085029665,-0.013692215085029665,0.38268545,0.35275018,0.26456434
689,vU0a4F36Ksw$_$0,missing,V,2,0,1.4951172,0.0011291504,-1.7080078,-3.203125,-1.509765625,-1.1987630158662799,-1.1987630158662799,0.48220694,0.29380065,0.22399242
690,vU0a4F36Ksw$_$3,missing,V,2,1,0.015960693,1.9931641,-0.6166992,-2.6098633,-0.003276824951171875,0.006428024172782837,0.006428024172782837,0.36270767,0.35814923,0.27914312
691,vU0a4F36Ksw$_$5,missing,V,1,0,1.3066406,0.56103516,-1.6376953,-0.74560547,-0.9482421875,-0.7495442658662798,-0.7495442658662798,0.44759065,0.3124853,0.23992409
692,vU0a4F36Ksw$_$7,missing,V,2,1,0.39379883,1.3359375,-1.0537109,-2.3896484,-0.21923828125,-0.16634114086627969,-0.16634114086627969,0.47506222,0.33706397,0.18787381
693,vU0a4F36Ksw$_$20,missing,V,1,1,-0.5913086,2.2890625,0.11828613,2.1707764,0.033721923828125,0.03602702319622034,0.03602702319622034,0.3692521,0.35919484,0.27155307
694,vbr3EA8cJTI$_$0,missing,V,2,0,0.75439453,0.58935547,-1.1806641,-1.9350586,-1.0380859375,-0.8214192658662798,-0.8214192658662798,0.44594887,0.31550336,0.23854773
695,vbr3EA8cJTI$_$2,missing,V,0,1,-0.12438965,0.75634766,-0.09387207,-0.8807373,-0.209228515625,-0.15833332836627967,-0.15833332836627967,0.42722335,0.33602598,0.23675069
696,vbr3EA8cJTI$_$7,missing,V,2,1,0.3322754,0.7138672,-0.59716797,-1.3110352,-0.32177734375,-0.24837239086627969,-0.24837239086627969,0.38731965,0.29979047,0.31288984
697,vbr3EA8cJTI$_$6,missing,V,2,0,1.3583984,-0.39941406,-1.34375,-2.7021484,-1.556640625,-1.2362630158662797,-1.2362630158662797,0.44371474,0.28597054,0.27031472
698,wF8980oGklk$_$24,missing,V,2,1,-0.0395813,1.3222656,-0.6196289,-1.9418945,-0.552734375,-0.43313801586627965,-0.43313801586627965,0.43443778,0.3109525,0.25460973
699,wF8980oGklk$_$25,missing,V,2,1,-0.24768066,2.0039062,-0.4729004,-2.4768066,-0.331298828125,-0.25598957836627967,-0.25598957836627967,0.43489826,0.32756388,0.23753788
700,wF8980oGklk$_$1,missing,V,1,1,-0.46142578,1.8525391,0.029296875,1.8232422,-0.1121826171875,-0.08069660961627967,-0.08069660961627967,0.38743144,0.32947385,0.28309473
701,wF8980oGklk$_$0,missing,V,1,1,-0.6088867,1.7333984,0.26245117,1.4709473,0.0689697265625,0.06422526538372034,0.06422526538372034,0.4058148,0.32088497,0.27330023
702,wF8980oGklk$_$3,missing,V,1,1,-0.4416504,1.9228516,-0.24328613,2.1661377,-0.186279296875,-0.13997395336627966,-0.13997395336627966,0.40437287,0.3431913,0.25243583
703,wF8980oGklk$_$2,missing,V,0,1,-0.53466797,1.8837891,0.06896973,-2.418457,-0.0447998046875,-0.026790359616279666,-0.026790359616279666,0.36829346,0.34276152,0.288945
704,wF8980oGklk$_$6,missing,V,2,1,-0.17077637,1.7587891,-0.5678711,-2.3266602,-0.283935546875,-0.21809895336627969,-0.21809895336627969,0.4296433,0.32462496,0.2457318
705,wF8980oGklk$_$17,missing,V,2,1,-0.42333984,1.8115234,0.05456543,-1.756958,0.01580810546875,0.02169596850872034,0.02169596850872034,0.41275924,0.31348938,0.27375138
706,wosolsrH3sM$_$6,missing,V,2,0,2.2773438,-0.9111328,-2.359375,-4.6367188,-2.20703125,-1.7565755158662797,-1.7565755158662797,0.4935491,0.29713416,0.20931673
707,x-zGBp7axao$_$3,missing,V,0,0,1.6367188,-0.5986328,-1.7998047,2.2353516,-1.75390625,-1.3940755158662799,-1.3940755158662799,0.48342898,0.2803862,0.23618487
708,x2lOwQaAn4g$_$4,missing,V,2,2,-0.9819336,0.7871094,1.1591797,0.3720703,0.935546875,0.7574869841337204,0.7574869841337204,0.4246877,0.30591643,0.2693958
709,xUgAP84vsg4$_$15,missing,V,2,1,-0.32861328,1.3837891,-0.040283203,-1.4240723,0.1575927734375,0.13512370288372033,0.13512370288372033,0.43885338,0.3150178,0.24612883
710,xUgAP84vsg4$_$4,missing,V,2,1,-0.38061523,0.9511719,-0.032348633,-0.9835205,0.425537109375,0.34947917163372033,0.34947917163372033,0.45687866,0.31810543,0.2250159
711,xUgAP84vsg4$_$8,missing,V,2,1,-0.34399414,2.0410156,-0.38623047,-2.427246,0.05609130859375,0.05392253100872034,0.05392253100872034,0.4473939,0.3350552,0.21755083
712,xivYoEUQ5sk$_$5,missing,V,2,0,1.4970703,-0.8828125,-1.1416016,-2.6386719,-1.208984375,-0.9581380158662798,-0.9581380158662798,0.46035832,0.258725,0.28091672
713,xivYoEUQ5sk$_$4,missing,V,2,1,0.5048828,0.88427734,-0.9458008,-1.8300781,-0.297119140625,-0.22864582836627967,-0.22864582836627967,0.38668308,0.3051982,0.30811873
714,xjsaS-LeZ14$_$20,missing,V,1,1,0.49536133,1.1455078,-0.98046875,0.6501465,-0.75439453125,-0.5944661408662797,-0.5944661408662797,0.416917,0.334775,0.248308
715,xjsaS-LeZ14$_$14,missing,V,1,1,0.12561035,1.8837891,-0.77001953,1.7581787,-0.161376953125,-0.12005207836627968,-0.12005207836627968,0.4070856,0.3495318,0.24338263
716,xjsaS-LeZ14$_$6,missing,V,2,0,1.8583984,-1.0263672,-1.7080078,-3.5664062,-1.87109375,-1.4878255158662799,-1.4878255158662799,0.43926802,0.27603608,0.2846959
717,y8HXGm1-Ecw$_$7,missing,V,0,1,0.24035645,1.0751953,-0.83154297,-0.83483887,-0.41796875,-0.32532551586627967,-0.32532551586627967,0.4064353,0.31525236,0.27831233
718,y9FyTEyGy5Y$_$1,missing,V,2,1,-0.65185547,1.2958984,0.45361328,-0.84228516,0.375732421875,0.3096354216337204,0.3096354216337204,0.37530375,0.29430658,0.33038965
719,zhE_68GMJIk$_$8,missing,V,0,1,0.25,0.5620117,-0.47875977,-0.31201172,-0.19287109375,-0.14524739086627966,-0.14524739086627966,0.4484057,0.31534415,0.23625012
720,zhE_68GMJIk$_$5,missing,V,0,0,1.3544922,-0.6123047,-1.0458984,1.9667969,-1.1123046875,-0.8807942658662797,-0.8807942658662797,0.47737285,0.28304806,0.23957911
721,zjYEBwXGD8I$_$13,missing,V,2,0,1.3818359,0.016021729,-1.7431641,-3.125,-1.203125,-0.9534505158662797,-0.9534505158662797,0.4783331,0.31853244,0.20313446
722,zjYEBwXGD8I$_$15,missing,V,2,1,-0.42163086,2.0039062,0.033691406,-1.9702148,-0.05706787109375,-0.03660481274127966,-0.03660481274127966,0.40661088,0.32018286,0.27320626
723,zjYEBwXGD8I$_$0,missing,V,1,1,-0.38110352,2.2089844,-0.061157227,2.2701416,-0.06060791015625,-0.03943684399127967,-0.03943684399127967,0.38786876,0.3404806,0.27165064
724,zjYEBwXGD8I$_$2,missing,V,2,1,-0.4050293,1.8271484,-0.3725586,-2.199707,-0.038482666015625,-0.021736648678779665,-0.021736648678779665,0.4277253,0.35439554,0.21787916
725,zjYEBwXGD8I$_$4,missing,V,1,1,-0.051605225,1.6298828,-0.19934082,1.681488,-0.155517578125,-0.11536457836627967,-0.11536457836627967,0.42780393,0.29677325,0.27542287
726,zjYEBwXGD8I$_$9,missing,V,2,1,0.11645508,1.0771484,-0.66796875,-1.7451172,-0.1715087890625,-0.12815754711627966,-0.12815754711627966,0.42329,0.35057583,0.22613415
727,zk2jTlAtvSU$_$3,missing,V,1,0,1.1826172,-0.34179688,-1.2001953,-1.5244141,-1.388671875,-1.1018880158662798,-1.1018880158662798,0.4530496,0.28703478,0.2599156
0,-UacrmKiTn4$_$7,missing,TA,1,2,-0.8515625,0.96777344,1.1103516,-0.14257812,0.321044921875,0.2658854216337203,0.2658854216337203,0.44527,0.2345674,0.32016256
1,-qDkUB0GgYY$_$5,missing,TA,2,1,-0.8847656,1.2041016,1.1123047,-0.091796875,0.451904296875,0.37057292163372035,0.37057292163372035,0.41243592,0.30117735,0.2863868
2,0utROiKxejc$_$1,missing,TA,2,2,-0.43432617,-0.8173828,0.8305664,1.2648926,0.763671875,0.6199869841337203,0.6199869841337203,0.5428986,0.173296,0.28380543
3,0utROiKxejc$_$4,missing,TA,0,0,2.4238281,-1.8164062,-1.7167969,4.140625,-1.8251953125,-1.4511067658662797,-1.4511067658662797,0.6384723,0.13643749,0.22509018
4,0y022OlZ3W0$_$3,missing,TA,2,2,-1.0634766,-0.2310791,1.8457031,2.0767822,0.9833984375,0.7957682341337203,0.7957682341337203,0.42752427,0.29064813,0.2818276
5,0y022OlZ3W0$_$5,missing,TA,0,0,1.9609375,-0.50097656,-1.6025391,2.461914,-1.009765625,-0.7987630158662797,-0.7987630158662797,0.5690525,0.17539352,0.255554
6,0y022OlZ3W0$_$8,missing,TA,1,1,-0.5517578,1.6513672,0.3972168,1.2541504,0.210693359375,0.17760417163372036,0.17760417163372036,0.41009122,0.27445507,0.31545374
7,101787$_$11,missing,TA,0,0,1.1396484,-0.29589844,-0.9116211,1.4355469,-0.51953125,-0.4065755158662797,-0.4065755158662797,0.5508449,0.18115366,0.26800144
8,101787$_$13,missing,TA,0,2,0.14221191,-1.7363281,0.6401367,-0.4979248,0.748046875,0.6074869841337204,0.6074869841337204,0.59958535,0.17297962,0.227435
9,101787$_$1,missing,TA,0,0,1.0693359,1.0595703,-1.1699219,0.009765625,-0.218994140625,-0.16614582836627967,-0.16614582836627967,0.5040019,0.21327943,0.2827186
10,101787$_$5,missing,TA,0,0,2.5332031,-1.6513672,-2.0273438,4.1845703,-1.99609375,-1.5878255158662797,-1.5878255158662797,0.66171616,0.12761325,0.21067058
11,101787$_$7,missing,TA,2,2,-1.2880859,-0.9370117,2.3105469,3.2475586,1.73828125,1.3996744841337203,1.3996744841337203,0.59162915,0.15082511,0.2575458
12,101787$_$9,missing,TA,1,1,1.0410156,1.2626953,-1.2666016,0.22167969,-0.20361328125,-0.15384114086627967,-0.15384114086627967,0.51841104,0.20955737,0.2720316
13,102408$_$2,missing,TA,1,1,0.64453125,1.4257812,-1.0058594,0.78125,0.001125335693359375,0.009949752688407837,0.009949752688407837,0.483853,0.25494075,0.26120627
14,102408$_$5,missing,TA,2,2,-0.12011719,-1.2246094,1.1865234,1.3066406,1.15625,0.9340494841337204,0.9340494841337204,0.5065248,0.27059188,0.22288336
15,102408$_$9,missing,TA,0,0,1.5585938,-0.119018555,-1.4082031,1.6776123,-0.43603515625,-0.33977864086627974,-0.33977864086627974,0.5157981,0.26692417,0.21727775
16,102858$_$20,missing,TA,0,0,1.8857422,-1.1279297,-1.3251953,3.0136719,-1.51171875,-1.2003255158662798,-1.2003255158662798,0.54541534,0.23264591,0.22193871
17,102858$_$21,missing,TA,0,0,2.1386719,-0.79003906,-1.9541016,2.928711,-1.611328125,-1.2800130158662797,-1.2800130158662797,0.60250676,0.18765065,0.20984252
18,102858$_$1,missing,TA,1,1,-0.64501953,1.8076172,0.4177246,1.3898926,0.24365234375,0.20397135913372036,0.20397135913372036,0.3971149,0.32193017,0.28095496
19,102858$_$0,missing,TA,2,2,-0.921875,0.9848633,1.1513672,0.1665039,0.463623046875,0.3799479216337204,0.3799479216337204,0.40510353,0.31332272,0.2815737
20,102858$_$4,missing,TA,2,2,-0.9111328,0.4025879,1.2324219,0.829834,0.6953125,0.5652994841337203,0.5652994841337203,0.46968514,0.26572073,0.26459417
21,102858$_$6,missing,TA,0,0,0.25463867,-0.095458984,-0.07745361,0.3320923,0.286376953125,0.23815104663372036,0.23815104663372036,0.52444464,0.21726131,0.25829405
22,102858$_$10,missing,TA,2,2,-1.4228516,-0.96191406,2.4824219,3.444336,1.89453125,1.5246744841337203,1.5246744841337203,0.5979026,0.17288618,0.22921126
23,102858$_$17,missing,TA,0,0,1.4980469,-0.41723633,-1.1816406,1.9152832,-0.708984375,-0.5581380158662798,-0.5581380158662798,0.5533111,0.1725644,0.2741245
24,102858$_$19,missing,TA,1,1,-0.51953125,1.6582031,0.36108398,1.2971191,0.25244140625,0.21100260913372035,0.21100260913372035,0.47190624,0.20095536,0.32713842
25,112433$_$10,missing,TA,1,1,-0.0050354004,1.7939453,-0.46704102,1.7989807,-0.1734619140625,-0.12972004711627966,-0.12972004711627966,0.4904859,0.16622627,0.34328786
26,112433$_$3,missing,TA,0,0,0.671875,-0.85839844,-0.36450195,1.036377,-0.07159423828125,-0.04822590649127967,-0.04822590649127967,0.52388537,0.22016175,0.25595284
27,112433$_$7,missing,TA,0,0,1.4550781,-1.5419922,-0.81933594,2.274414,-0.5419921875,-0.4245442658662797,-0.4245442658662797,0.58501333,0.1441402,0.27084646
28,112433$_$6,missing,TA,0,0,2.3300781,-1.9775391,-1.6826172,4.0126953,-2.236328125,-1.7800130158662797,-1.7800130158662797,0.6796299,0.12496391,0.19540617
29,117tQqLjza4$_$6,missing,TA,2,2,-1.1083984,1.2158203,1.4140625,0.19824219,0.333984375,0.27623698413372033,0.27623698413372033,0.3764065,0.3451232,0.2784703
30,11j7EfglCAs$_$2,missing,TA,1,1,-0.8886719,1.4794922,1.0263672,0.453125,0.235107421875,0.19713542163372036,0.19713542163372036,0.4375909,0.24931513,0.31309396
31,121128$_$10,missing,TA,2,2,-0.51123047,-1.3408203,1.3681641,1.8793945,1.3154296875,1.0613932341337204,1.0613932341337204,0.57970935,0.20285907,0.21743162
32,121128$_$1,missing,TA,1,1,0.18798828,1.4296875,-0.35791016,1.2416992,0.06292724609375,0.05939128100872034,0.05939128100872034,0.44166002,0.29008713,0.26825282
33,121128$_$0,missing,TA,1,1,-0.3100586,1.7421875,0.083862305,1.6583252,0.03125,0.03404948413372034,0.03404948413372034,0.38372368,0.31872413,0.29755223
34,121128$_$5,missing,TA,2,2,-1.2695312,-0.63916016,2.4433594,3.0825195,1.64453125,1.3246744841337204,1.3246744841337204,0.4899397,0.3239512,0.18610907
35,125344$_$0,missing,TA,0,0,2.0898438,-1.2705078,-1.6464844,3.3603516,-1.310546875,-1.0393880158662798,-1.0393880158662798,0.58547354,0.16061562,0.25391084
36,125676$_$0,missing,TA,1,1,-0.3918457,1.2431641,0.28759766,0.9555664,0.1492919921875,0.12848307788372035,0.12848307788372035,0.4673917,0.2471933,0.28541502
37,125676$_$4,missing,TA,2,2,-1.4658203,-0.35913086,2.4277344,2.7868652,1.4228515625,1.1473307341337204,1.1473307341337204,0.44522804,0.3012728,0.25349912
38,128059$_$11,missing,TA,0,0,2.3398438,-1.828125,-1.6416016,3.9814453,-1.9951171875,-1.5870442658662798,-1.5870442658662798,0.6414082,0.15842775,0.20016403
39,128059$_$12,missing,TA,0,0,1.8310547,-0.5620117,-1.6279297,2.3930664,-1.173828125,-0.9300130158662797,-0.9300130158662797,0.5777137,0.19183238,0.23045383
40,128059$_$2,missing,TA,0,0,0.51464844,-1.2548828,0.010925293,0.50372314,-0.07470703125,-0.050716140866279666,-0.050716140866279666,0.58676326,0.18237303,0.23086372
41,128059$_$7,missing,TA,1,1,0.7470703,1.1865234,-0.9770508,0.43945312,-0.132568359375,-0.09700520336627967,-0.09700520336627967,0.5072674,0.22536226,0.2673703
42,128059$_$6,missing,TA,0,0,1.1806641,-1.6015625,-0.71240234,1.8930664,-0.48193359375,-0.37649739086627965,-0.37649739086627965,0.5892807,0.17810683,0.23261246
43,128059$_$9,missing,TA,0,0,0.49243164,-0.28588867,-0.2541504,0.74658203,-0.1783447265625,-0.13362629711627966,-0.13362629711627966,0.5296352,0.2215773,0.24878748
44,128763$_$12,missing,TA,0,0,0.6513672,0.6176758,-0.6557617,0.033691406,-0.11669921875,-0.08430989086627967,-0.08430989086627967,0.5226272,0.17012778,0.3072451
45,128763$_$3,missing,TA,0,0,2.7871094,-1.5634766,-2.1210938,4.350586,-2.24609375,-1.7878255158662797,-1.7878255158662797,0.6624227,0.13969232,0.19788498
46,128763$_$2,missing,TA,1,1,0.63378906,1.8105469,-1.125,1.1767578,-0.28466796875,-0.21868489086627968,-0.21868489086627968,0.5353412,0.1894487,0.2752101
47,128763$_$5,missing,TA,1,1,0.055389404,2.1289062,-0.40795898,2.0735168,-0.042877197265625,-0.025252273678779663,-0.025252273678779663,0.4549961,0.20825684,0.33674705
48,128763$_$7,missing,TA,0,0,2.1953125,-1.0996094,-1.7880859,3.2949219,-1.275390625,-1.0112630158662796,-1.0112630158662796,0.60833037,0.14834808,0.24332155
49,128763$_$8,missing,TA,0,0,2.0410156,-0.88964844,-1.7441406,2.930664,-1.1865234375,-0.9401692658662797,-0.9401692658662797,0.5802796,0.15518269,0.26453775
50,130456$_$11,missing,TA,0,0,0.82910156,-1.8242188,-0.12658691,0.9556885,-0.4189453125,-0.32610676586627974,-0.32610676586627974,0.5962987,0.20511824,0.19858305
51,130456$_$3,missing,TA,0,0,1.1845703,-1.4414062,-0.47143555,1.6560059,-0.468017578125,-0.36536457836627967,-0.36536457836627967,0.5629514,0.2281936,0.20885497
52,130456$_$5,missing,TA,0,0,2.34375,-1.5048828,-1.8740234,3.8486328,-1.85546875,-1.4753255158662797,-1.4753255158662797,0.5908212,0.18650539,0.22267336
53,130456$_$4,missing,TA,1,1,-0.140625,1.7939453,-0.29174805,1.9345703,0.046234130859375,0.04603678882122034,0.04603678882122034,0.4124377,0.2756919,0.31187043
54,130456$_$7,missing,TA,0,0,2.203125,-0.84472656,-1.9160156,3.0478516,-1.396484375,-1.1081380158662797,-1.1081380158662797,0.57986987,0.23877716,0.18135296
55,130456$_$6,missing,TA,0,0,1.546875,0.14465332,-1.4599609,1.4022217,-0.61474609375,-0.4827473908662797,-0.4827473908662797,0.54519314,0.22358225,0.23122455
56,188343$_$13,missing,TA,2,2,-0.15759277,-1.2900391,1.0361328,1.1937256,1.1923828125,0.9629557341337204,0.9629557341337204,0.5550482,0.21709706,0.22785474
57,188343$_$12,missing,TA,0,0,2.5957031,-1.9033203,-1.8798828,4.475586,-2.099609375,-1.6706380158662797,-1.6706380158662797,0.64997387,0.15531133,0.19471481
58,188343$_$5,missing,TA,0,0,1.2460938,-0.8886719,-1.0498047,2.1347656,-0.84228515625,-0.6647786408662797,-0.6647786408662797,0.54194623,0.23822464,0.21982908
59,188343$_$9,missing,TA,0,0,0.28930664,-0.21520996,0.2290039,0.060302734,0.3388671875,0.28014323413372033,0.28014323413372033,0.5117288,0.23771626,0.25055492
60,188343$_$8,missing,TA,0,0,2.5742188,-1.3427734,-1.9804688,3.9169922,-1.837890625,-1.4612630158662798,-1.4612630158662798,0.6289201,0.16407083,0.2070091
61,1HK7Nea0PFo$_$1,missing,TA,0,0,1.5507812,-0.92041016,-1.2148438,2.4711914,-0.71923828125,-0.5663411408662797,-0.5663411408662797,0.58384275,0.15567406,0.26048324
62,216097$_$1,missing,TA,0,0,2.265625,-1.0771484,-1.8896484,3.3427734,-1.4765625,-1.1722005158662798,-1.1722005158662798,0.64042,0.13977034,0.21980967
63,216097$_$2,missing,TA,1,1,-0.05581665,1.9609375,-0.21154785,2.0167542,-0.0210418701171875,-0.007784011960029664,-0.007784011960029664,0.46538338,0.2075781,0.32703856
64,216097$_$5,missing,TA,1,1,0.29907227,1.2119141,-0.32543945,0.9128418,0.04925537109375,0.04845378100872034,0.04845378100872034,0.5000433,0.18619473,0.31376198
65,216097$_$4,missing,TA,0,0,2.1425781,-0.89990234,-1.7587891,3.0424805,-1.3623046875,-1.0807942658662797,-1.0807942658662797,0.6054446,0.1462769,0.2482785
66,216097$_$7,missing,TA,2,2,-0.5629883,-0.8535156,1.3046875,1.8676758,1.0703125,0.8652994841337204,0.8652994841337204,0.5794923,0.18022346,0.24028431
67,216097$_$8,missing,TA,0,0,2.6660156,-1.6748047,-1.9589844,4.3408203,-1.935546875,-1.5393880158662798,-1.5393880158662798,0.6720527,0.13471077,0.19323651
68,223431$_$11,missing,TA,0,0,2.3300781,-1.1025391,-1.8857422,3.4326172,-1.568359375,-1.2456380158662799,-1.2456380158662799,0.6656647,0.12848683,0.20584843
69,223431$_$10,missing,TA,2,2,-1.0957031,-0.024871826,1.6337891,1.6586609,0.9775390625,0.7910807341337204,0.7910807341337204,0.5126804,0.19913222,0.28818733
70,223431$_$13,missing,TA,0,0,2.5566406,-1.0410156,-2.0449219,3.5976562,-1.869140625,-1.4862630158662797,-1.4862630158662797,0.6315164,0.16680123,0.20168234
71,223431$_$0,missing,TA,1,1,-0.8227539,1.8837891,0.6279297,1.2558594,0.1199951171875,0.10504557788372035,0.10504557788372035,0.41553882,0.24348122,0.34098
72,223431$_$5,missing,TA,1,1,0.6591797,0.77246094,-0.7939453,0.11328125,-0.1151123046875,-0.08304035961627967,-0.08304035961627967,0.4596689,0.26515383,0.2751773
73,225770$_$3,missing,TA,0,0,1.2802734,0.04067993,-1.1357422,1.2395935,-0.4453125,-0.34720051586627965,-0.34720051586627965,0.52286816,0.25969207,0.2174398
74,225770$_$5,missing,TA,1,1,-0.3022461,1.8056641,0.21032715,1.5953369,0.142822265625,0.12330729663372034,0.12330729663372034,0.4167298,0.27535456,0.30791563
75,225770$_$4,missing,TA,1,1,0.18615723,1.6962891,-0.6152344,1.5101318,0.01190185546875,0.018570968508720337,0.018570968508720337,0.4554512,0.30435118,0.24019763
76,225770$_$6,missing,TA,0,0,1.0683594,-0.6591797,-0.7788086,1.7275391,-0.322265625,-0.24876301586627966,-0.24876301586627966,0.542777,0.2231486,0.23407437
77,236021$_$12,missing,TA,2,1,-0.57128906,1.0048828,0.54785156,-0.45703125,0.378662109375,0.31197917163372035,0.31197917163372035,0.48161486,0.2100389,0.3083462
78,236021$_$1,missing,TA,1,1,-0.50439453,2.0097656,0.03527832,1.9744873,0.1500244140625,0.12906901538372034,0.12906901538372034,0.39445898,0.31116492,0.29437613
79,236021$_$3,missing,TA,0,0,2.7597656,-1.4375,-2.1816406,4.1972656,-2.046875,-1.6284505158662799,-1.6284505158662799,0.6443348,0.15131377,0.20435145
80,236021$_$2,missing,TA,0,0,0.8930664,-0.81103516,-0.5473633,1.4404297,-0.455078125,-0.35501301586627965,-0.35501301586627965,0.53715944,0.2015253,0.26131523
81,236021$_$5,missing,TA,0,0,0.9458008,-0.32202148,-0.6303711,1.2678223,-0.396484375,-0.30813801586627965,-0.30813801586627965,0.55400944,0.19823526,0.2477553
82,236021$_$4,missing,TA,0,0,2.0058594,-1.5058594,-1.4960938,3.5019531,-1.625,-1.2909505158662797,-1.2909505158662797,0.5812296,0.1985421,0.22022828
83,237009$_$11,missing,TA,0,0,2.25,-0.46655273,-1.9208984,2.7165527,-1.3603515625,-1.0792317658662798,-1.0792317658662798,0.60950255,0.16072822,0.22976923
84,237009$_$12,missing,TA,0,0,2.7363281,-1.6240234,-2.109375,4.3603516,-2.287109375,-1.8206380158662798,-1.8206380158662798,0.66805935,0.14620596,0.18573469
85,237009$_$4,missing,TA,2,2,-0.36254883,-0.5834961,1.0146484,1.3771973,0.8681640625,0.7035807341337204,0.7035807341337204,0.5072106,0.23033328,0.26245612
86,237009$_$7,missing,TA,0,0,2.4941406,-1.5771484,-1.9248047,4.071289,-2.19921875,-1.7503255158662798,-1.7503255158662798,0.6271923,0.18078832,0.19201937
87,237009$_$9,missing,TA,0,0,2.5253906,-0.87939453,-2.2207031,3.4047852,-1.76171875,-1.4003255158662797,-1.4003255158662797,0.62516195,0.15923615,0.2156019
88,241629$_$10,missing,TA,0,0,2.7011719,-1.8486328,-1.9111328,4.5498047,-2.21875,-1.7659505158662798,-1.7659505158662798,0.65893346,0.14062244,0.20044413
89,241629$_$0,missing,TA,2,2,-1.3193359,-0.15893555,2.1503906,2.3093262,1.21875,0.9840494841337204,0.9840494841337204,0.49976817,0.24779803,0.2524338
90,241629$_$3,missing,TA,2,2,-0.68408203,-1.3583984,1.7568359,2.440918,1.7783203125,1.4317057341337205,1.4317057341337205,0.6220428,0.16375813,0.21419913
91,241629$_$5,missing,TA,0,0,2.2050781,-1.0078125,-1.8935547,3.2128906,-1.455078125,-1.1550130158662797,-1.1550130158662797,0.61469066,0.15248233,0.23282704
92,241629$_$8,missing,TA,0,0,2.1210938,-0.78515625,-1.7548828,2.90625,-1.24609375,-0.9878255158662798,-0.9878255158662798,0.61059374,0.16584763,0.22355862
93,243646$_$11,missing,TA,0,0,2.4746094,-0.83203125,-2.0390625,3.3066406,-1.51953125,-1.2065755158662799,-1.2065755158662799,0.6566928,0.11002915,0.2332781
94,243646$_$12,missing,TA,0,0,2.1523438,-1.3740234,-1.6181641,3.5263672,-1.54296875,-1.2253255158662797,-1.2253255158662797,0.64602935,0.11719397,0.23677674
95,243646$_$9,missing,TA,1,1,0.28198242,2.1503906,-0.87841797,1.8684082,-0.060302734375,-0.03919270336627967,-0.03919270336627967,0.45956686,0.20363156,0.33680162
96,243646$_$8,missing,TA,1,1,-0.40893555,2.1464844,0.15124512,1.9952393,0.046966552734375,0.04662272632122034,0.04662272632122034,0.4534282,0.19941354,0.34715828
97,247318$_$12,missing,TA,0,0,2.59375,-1.2578125,-1.8896484,3.8515625,-1.802734375,-1.4331380158662799,-1.4331380158662799,0.63315517,0.14256598,0.22427884
98,247318$_$1,missing,TA,1,1,-0.8989258,1.6171875,0.91845703,0.69873047,0.240478515625,0.20143229663372034,0.20143229663372034,0.46736178,0.19902672,0.33361155
99,247318$_$3,missing,TA,0,0,2.0566406,-0.34375,-1.9169922,2.4003906,-1.267578125,-1.0050130158662798,-1.0050130158662798,0.59741354,0.13471556,0.26787087
100,247318$_$2,missing,TA,1,1,-0.32543945,0.7631836,0.53125,0.2319336,0.47216796875,0.3867838591337204,0.3867838591337204,0.57169515,0.16373456,0.2645703
101,247318$_$5,missing,TA,0,0,0.3359375,-0.028778076,-0.14575195,0.36471558,0.056884765625,0.05455729663372034,0.05455729663372034,0.5554389,0.187544,0.25701714
102,247318$_$7,missing,TA,0,0,2.6914062,-1.2841797,-2.0117188,3.975586,-1.9921875,-1.5847005158662797,-1.5847005158662797,0.6596988,0.11641031,0.22389087
103,247318$_$6,missing,TA,1,1,-0.41967773,1.8447266,0.21704102,1.6276855,0.09979248046875,0.08888346850872034,0.08888346850872034,0.4738474,0.19711672,0.3290359
104,252998$_$1,missing,TA,1,1,-0.058502197,1.9892578,-0.2956543,2.04776,0.05035400390625,0.04933268725872034,0.04933268725872034,0.47567144,0.18847603,0.33585256
105,252998$_$0,missing,TA,1,1,-0.58154297,2.1015625,0.41088867,1.6906738,0.1324462890625,0.11500651538372034,0.11500651538372034,0.47317833,0.19533801,0.33148366
106,252998$_$5,missing,TA,0,0,2.7050781,-1.6757812,-1.9169922,4.3808594,-2.130859375,-1.6956380158662798,-1.6956380158662798,0.6573314,0.15125896,0.19140965
107,252998$_$4,missing,TA,0,0,1.8798828,0.11730957,-1.7802734,1.7625732,-1.1328125,-0.8972005158662797,-0.8972005158662797,0.56626916,0.18651254,0.24721828
108,252998$_$7,missing,TA,2,2,0.061035156,-1.4931641,0.6870117,0.62597656,0.8203125,0.6652994841337203,0.6652994841337203,0.62951034,0.14590734,0.22458228
109,252998$_$8,missing,TA,0,0,1.9404297,-0.019866943,-1.9345703,1.9602966,-1.05078125,-0.8315755158662798,-0.8315755158662798,0.59495807,0.18367514,0.22136678
110,257247$_$10,missing,TA,0,0,2.3691406,-1.1572266,-1.8095703,3.5263672,-1.4482421875,-1.1495442658662798,-1.1495442658662798,0.56455266,0.20159324,0.23385406
111,257247$_$12,missing,TA,0,0,2.4042969,-1.3486328,-1.8554688,3.7529297,-1.7734375,-1.4097005158662799,-1.4097005158662799,0.6137603,0.18171799,0.20452175
112,257247$_$2,missing,TA,1,1,-0.7602539,1.7900391,0.71240234,1.0776367,0.2294921875,0.19264323413372034,0.19264323413372034,0.4458621,0.22617526,0.3279627
113,258654$_$1,missing,TA,0,0,2.2265625,-1.5205078,-1.6201172,3.7470703,-1.791015625,-1.4237630158662797,-1.4237630158662797,0.59546286,0.21077985,0.19375731
114,258654$_$3,missing,TA,0,0,1.9599609,-2.2070312,-1.1035156,3.0634766,-1.666015625,-1.3237630158662799,-1.3237630158662799,0.62808233,0.1865524,0.18536526
115,258654$_$4,missing,TA,1,1,-0.16296387,1.9501953,-0.19812012,2.1131592,-0.03369140625,-0.017903640866279665,-0.017903640866279665,0.42035192,0.2684032,0.31124485
116,266791$_$24,missing,TA,0,0,2.5019531,-1.2763672,-1.953125,3.7783203,-1.763671875,-1.4018880158662799,-1.4018880158662799,0.6262173,0.15116906,0.22261363
117,266791$_$20,missing,TA,2,2,-0.32373047,-0.98339844,0.9897461,1.3134766,1.123046875,0.9074869841337203,0.9074869841337203,0.5628458,0.20608334,0.23107085
118,266791$_$21,missing,TA,0,0,2.4199219,-1.1923828,-1.8447266,3.6123047,-1.537109375,-1.2206380158662797,-1.2206380158662797,0.6091799,0.16493009,0.22588997
119,266791$_$23,missing,TA,1,2,-0.62158203,0.48266602,0.9614258,-0.47875977,0.37744140625,0.31100260913372035,0.31100260913372035,0.46834448,0.23240934,0.29924613
120,266791$_$29,missing,TA,1,1,-0.17443848,2.1445312,-0.17993164,2.3189697,-0.0001404285430908203,0.008937141299247681,0.008937141299247681,0.42771608,0.2460125,0.32627144
121,266791$_$3,missing,TA,0,0,1.2822266,0.53515625,-1.1376953,0.7470703,-0.328857421875,-0.25403645336627967,-0.25403645336627967,0.47051665,0.24034019,0.28914315
122,266791$_$5,missing,TA,0,0,2.1347656,-1.0390625,-1.7509766,3.1738281,-1.556640625,-1.2362630158662797,-1.2362630158662797,0.5955863,0.20983489,0.19457887
123,266791$_$4,missing,TA,0,0,2.5449219,-1.3935547,-2.0039062,3.9384766,-1.947265625,-1.5487630158662797,-1.5487630158662797,0.6043133,0.17372316,0.22196347
124,266791$_$6,missing,TA,1,1,-0.19665527,1.8554688,0.00598526,1.8494835,0.1087646484375,0.09606120288372035,0.09606120288372035,0.4161908,0.27992183,0.3038873
125,266791$_$8,missing,TA,0,0,1.4892578,0.6904297,-1.6582031,0.7988281,-0.51220703125,-0.4007161408662797,-0.4007161408662797,0.538211,0.20078197,0.26100707
126,266791$_$11,missing,TA,2,2,-0.008575439,-0.75097656,0.8461914,0.85476685,0.81298828125,0.6594401091337203,0.6594401091337203,0.5455836,0.19899353,0.2554229
127,266791$_$14,missing,TA,1,1,0.01940918,0.6904297,-0.046691895,0.6710205,0.03411865234375,0.03634440600872034,0.03634440600872034,0.48604318,0.24508686,0.26886994
128,270254$_$23,missing,TA,0,0,1.7509766,-0.7158203,-1.3310547,2.4667969,-0.76318359375,-0.6014973908662797,-0.6014973908662797,0.52732563,0.21219994,0.2604744
129,270254$_$0,missing,TA,2,2,-1.1738281,0.73583984,1.6748047,0.93896484,0.8056640625,0.6535807341337203,0.6535807341337203,0.41191763,0.29941088,0.2886715
130,270254$_$6,missing,TA,1,1,0.31445312,0.72265625,-0.23669434,0.40820312,0.022552490234375,0.02709147632122034,0.02709147632122034,0.4917562,0.19229329,0.31595045
131,270254$_$8,missing,TA,0,0,2.6777344,-1.8681641,-1.8994141,4.5458984,-2.140625,-1.7034505158662798,-1.7034505158662798,0.68257004,0.11341099,0.20401897
132,270254$_$11,missing,TA,2,2,-1.0087891,0.9033203,1.4189453,0.515625,0.5537109375,0.45201823413372033,0.45201823413372033,0.42878133,0.26275986,0.3084588
133,270254$_$14,missing,TA,0,1,0.4387207,0.65283203,-0.38061523,-0.21411133,-0.124755859375,-0.09075520336627967,-0.09075520336627967,0.5381875,0.1671714,0.2946411
134,270254$_$16,missing,TA,1,0,0.80322266,0.08850098,-0.63916016,-0.7147217,-0.125732421875,-0.09153645336627966,-0.09153645336627966,0.54492337,0.14700127,0.30807537
135,272624$_$10,missing,TA,0,0,2.09375,-1.0273438,-1.6279297,3.1210938,-1.2109375,-0.9597005158662797,-0.9597005158662797,0.52901274,0.27225673,0.19873047
136,272624$_$13,missing,TA,2,2,-0.16149902,-1.3076172,1.1015625,1.2630615,1.0869140625,0.8785807341337204,0.8785807341337204,0.5132465,0.2626808,0.22407268
137,272624$_$12,missing,TA,0,0,1.453125,-0.36791992,-1.2236328,1.8210449,-0.424072265625,-0.33020832836627967,-0.33020832836627967,0.50334555,0.27055216,0.22610229
138,272624$_$16,missing,TA,0,0,1.5693359,-0.79248047,-1.2216797,2.3618164,-0.77490234375,-0.6108723908662798,-0.6108723908662798,0.5331548,0.25649124,0.21035397
139,272624$_$18,missing,TA,1,1,-0.5673828,1.5146484,0.57421875,0.9404297,0.25244140625,0.21100260913372035,0.21100260913372035,0.42620254,0.29283142,0.28096604
140,272624$_$2,missing,TA,1,1,-0.78564453,1.5615234,0.56103516,1.0004883,0.388916015625,0.32018229663372033,0.32018229663372033,0.387599,0.34779668,0.26460427
141,272624$_$6,missing,TA,1,1,0.17663574,0.77734375,-0.29833984,0.600708,0.054931640625,0.05299479663372034,0.05299479663372034,0.47723264,0.29386193,0.22890544
142,272624$_$9,missing,TA,0,0,0.6098633,-1.5917969,0.2788086,0.3310547,0.4501953125,0.3692057341337204,0.3692057341337204,0.5789497,0.24269257,0.17835772
143,272624$_$8,missing,TA,0,0,2.2402344,-1.5820312,-1.6767578,3.8222656,-1.712890625,-1.3612630158662797,-1.3612630158662797,0.5897422,0.22453424,0.18572354
144,273539$_$3,missing,TA,0,0,2.5644531,-1.3183594,-2.0234375,3.8828125,-1.8515625,-1.4722005158662799,-1.4722005158662799,0.64186597,0.14389892,0.21423514
145,273539$_$2,missing,TA,1,1,-0.053985596,2.2871094,-0.3671875,2.341095,0.0899658203125,0.08102214038372034,0.08102214038372034,0.48525682,0.15906176,0.3556814
146,273539$_$9,missing,TA,0,0,2.0761719,-1.6376953,-1.4404297,3.5166016,-1.458984375,-1.1581380158662797,-1.1581380158662797,0.63464123,0.13164505,0.23371367
147,290546$_$3,missing,TA,0,0,0.6713867,-0.19592285,-0.34838867,0.8673096,0.0072784423828125,0.014872238039970337,0.014872238039970337,0.48164275,0.24996635,0.26839083
148,290546$_$5,missing,TA,0,0,2.0839844,-0.5029297,-1.7744141,2.586914,-1.1982421875,-0.9495442658662797,-0.9495442658662797,0.5757317,0.21418487,0.21008345
149,290546$_$7,missing,TA,0,0,0.21716309,-0.5595703,0.1776123,0.03955078,0.311767578125,0.25846354663372034,0.25846354663372034,0.52447605,0.25113007,0.22439386
150,290546$_$6,missing,TA,0,0,0.7709961,0.40161133,-0.69921875,0.36938477,-0.21044921875,-0.15930989086627967,-0.15930989086627967,0.4747553,0.2315089,0.29373583
151,2S00zYaVrtc$_$10,missing,TA,0,0,1.9951172,-1.5976562,-1.4443359,3.4394531,-1.2587890625,-0.9979817658662797,-0.9979817658662797,0.63151443,0.1482471,0.22023842
152,2S00zYaVrtc$_$12,missing,TA,2,2,-1.4326172,-0.54248047,2.3710938,2.9135742,1.3046875,1.0527994841337203,1.0527994841337203,0.55918384,0.14806978,0.29274645
153,2S00zYaVrtc$_$20,missing,TA,2,2,-1.5605469,-0.8588867,2.546875,3.4057617,1.6552734375,1.3332682341337203,1.3332682341337203,0.5760713,0.15795796,0.2659707
154,2S00zYaVrtc$_$17,missing,TA,0,0,0.43676758,-0.49975586,-0.050201416,0.486969,-0.0021343231201171875,0.007342025637626587,0.007342025637626587,0.520578,0.19695872,0.28246328
155,2S00zYaVrtc$_$5,missing,TA,2,2,-1.5585938,-0.74316406,2.6289062,3.3720703,1.654296875,1.3324869841337204,1.3324869841337204,0.57458675,0.17448312,0.25093016
156,2S00zYaVrtc$_$4,missing,TA,2,2,-1.0029297,-0.13464355,1.640625,1.7752686,0.8447265625,0.6848307341337203,0.6848307341337203,0.52269274,0.19582471,0.28148258
157,2Xt31_d0XEE$_$2,missing,TA,2,2,-1.3837891,-0.48999023,2.4570312,2.9470215,1.5322265625,1.2348307341337204,1.2348307341337204,0.44170716,0.3068035,0.25148937
158,31474$_$11,missing,TA,1,1,0.01638794,0.7060547,0.015136719,0.68966675,0.00270843505859375,0.011216232180595337,0.011216232180595337,0.43757507,0.20427716,0.35814777
159,31474$_$14,missing,TA,0,0,1.0673828,-1.4443359,-0.5878906,1.6552734,-0.162353515625,-0.12083332836627966,-0.12083332836627966,0.58029443,0.15478666,0.2649189
160,31474$_$0,missing,TA,2,2,-1.2099609,0.92089844,1.5488281,0.6279297,0.73828125,0.5996744841337204,0.5996744841337204,0.43342656,0.2584975,0.30807593
161,31474$_$3,missing,TA,1,1,-0.45507812,1.6337891,0.34033203,1.293457,0.221435546875,0.18619792163372034,0.18619792163372034,0.43693024,0.2500679,0.31300187
162,31474$_$6,missing,TA,0,0,2.7871094,-1.8095703,-2.0351562,4.5966797,-2.23046875,-1.7753255158662797,-1.7753255158662797,0.67336065,0.12186379,0.20477551
163,31474$_$9,missing,TA,0,0,2.2480469,-0.6591797,-1.8525391,2.9072266,-1.3759765625,-1.0917317658662797,-1.0917317658662797,0.6053216,0.17011206,0.22456639
164,31474$_$8,missing,TA,0,0,2.4160156,-0.78515625,-1.9277344,3.2011719,-1.53515625,-1.2190755158662798,-1.2190755158662798,0.6364458,0.1590224,0.20453176
165,32681$_$1,missing,TA,0,2,0.17590332,-0.9140625,0.24841309,-0.072509766,0.51123046875,0.4180338591337204,0.4180338591337204,0.5741752,0.1692296,0.25659522
166,32681$_$3,missing,TA,0,0,2.5449219,-1.5644531,-1.9326172,4.109375,-2.08984375,-1.6628255158662797,-1.6628255158662797,0.6205496,0.18642779,0.19302264
167,32681$_$5,missing,TA,0,0,1.9960938,-1.5078125,-1.3916016,3.3876953,-1.6376953125,-1.3011067658662798,-1.3011067658662798,0.6342738,0.15913755,0.20658861
168,32681$_$6,missing,TA,0,0,2.1269531,-0.64697266,-1.8056641,2.7739258,-1.36328125,-1.0815755158662796,-1.0815755158662796,0.5758508,0.23308478,0.19106445
169,33170$_$1,missing,TA,0,0,1.5537109,0.15734863,-1.5449219,1.3963623,-1.072265625,-0.8487630158662798,-0.8487630158662798,0.54488856,0.24492736,0.21018408
170,33170$_$3,missing,TA,0,0,1.5068359,-1.9599609,-0.7553711,2.262207,-1.361328125,-1.0800130158662797,-1.0800130158662797,0.62137365,0.19521604,0.1834103
171,33170$_$4,missing,TA,0,0,2.0957031,-1.6806641,-1.3945312,3.4902344,-1.75,-1.3909505158662798,-1.3909505158662798,0.6148793,0.19832943,0.18679129
172,3MFNIag0wNE$_$12,missing,TA,0,0,2.3632812,-1.5019531,-1.8183594,3.8652344,-1.5439453125,-1.2261067658662799,-1.2261067658662799,0.6238423,0.14102004,0.23513764
173,3MFNIag0wNE$_$14,missing,TA,0,0,2.7050781,-1.6904297,-1.9121094,4.395508,-1.888671875,-1.5018880158662797,-1.5018880158662797,0.63970774,0.14332037,0.21697187
174,3MFNIag0wNE$_$16,missing,TA,1,2,-1.0107422,1.1533203,1.1777344,-0.024414062,0.373779296875,0.30807292163372035,0.30807292163372035,0.47177204,0.23720892,0.29101905
175,3MFNIag0wNE$_$7,missing,TA,0,2,0.12719727,-0.78222656,0.35058594,-0.22338867,0.40966796875,0.33678385913372033,0.33678385913372033,0.52957904,0.18600167,0.2844192
176,3V2qm0rw920$_$11,missing,TA,2,2,-0.95654297,0.8461914,1.2070312,0.36083984,0.4658203125,0.38170573413372033,0.38170573413372033,0.41606522,0.285114,0.29882082
177,3V2qm0rw920$_$13,missing,TA,2,2,-1.5361328,-0.49536133,2.6328125,3.1281738,1.513671875,1.2199869841337203,1.2199869841337203,0.5133996,0.24291538,0.24368502
178,3V2qm0rw920$_$3,missing,TA,1,2,-0.8129883,0.6875,1.1513672,-0.4638672,0.405029296875,0.3330729216337204,0.3330729216337204,0.48944518,0.18175268,0.32880217
179,3j94B0pzSVs$_$12,missing,TA,2,2,-1.5419922,0.0068969727,2.2011719,2.194275,0.86865234375,0.7039713591337203,0.7039713591337203,0.49440378,0.21718328,0.28841296
180,3j94B0pzSVs$_$17,missing,TA,0,0,2.1152344,-0.9404297,-1.6513672,3.055664,-1.1162109375,-0.8839192658662798,-0.8839192658662798,0.5919972,0.1650951,0.24290769
181,3j94B0pzSVs$_$1,missing,TA,0,0,0.38012695,0.30737305,-0.23864746,0.072753906,0.1031494140625,0.09156901538372034,0.09156901538372034,0.5124266,0.22899096,0.25858244
182,3j94B0pzSVs$_$0,missing,TA,1,1,-0.30664062,1.8085938,0.14941406,1.6591797,0.047607421875,0.04713542163372034,0.04713542163372034,0.4313899,0.25492746,0.31368262
183,4cFeG2ydm9A$_$8,missing,TA,2,2,-0.8823242,-0.56933594,1.5830078,2.1523438,1.03515625,0.8371744841337203,0.8371744841337203,0.5275511,0.16903764,0.3034112
184,4dV3slGSc60$_$10,missing,TA,2,2,-1.3691406,0.7519531,1.8955078,1.1435547,0.7099609375,0.5770182341337203,0.5770182341337203,0.4322978,0.25569594,0.31200626
185,4dV3slGSc60$_$12,missing,TA,2,2,-1.3261719,0.5605469,2.0351562,1.4746094,0.89453125,0.7246744841337204,0.7246744841337204,0.43596938,0.27478096,0.2892496
186,4dV3slGSc60$_$22,missing,TA,2,2,-1.1201172,0.65234375,1.6884766,1.0361328,0.599609375,0.48873698413372035,0.48873698413372035,0.45798084,0.22414199,0.3178772
187,4dV3slGSc60$_$9,missing,TA,2,2,-1.1494141,0.5107422,1.6699219,1.1591797,0.65478515625,0.5328776091337203,0.5328776091337203,0.41950884,0.28555706,0.2949341
188,4dV3slGSc60$_$8,missing,TA,2,2,-1.2304688,-0.61865234,2.1601562,2.7788086,1.4580078125,1.1754557341337204,1.1754557341337204,0.50008374,0.23703521,0.26288104
189,50103$_$3,missing,TA,0,0,2.6933594,-1.6396484,-2.0234375,4.333008,-2.09375,-1.6659505158662797,-1.6659505158662797,0.63183933,0.17105031,0.19711038
190,5B0PQx3Ep3k$_$5,missing,TA,2,2,-1.3085938,0.051116943,2.0390625,1.9879456,0.9287109375,0.7520182341337204,0.7520182341337204,0.5008857,0.17964648,0.31946784
191,5O1W39o56gg$_$1,missing,TA,1,1,-0.81152344,1.8994141,0.72314453,1.1762695,0.1700439453125,0.14508464038372035,0.14508464038372035,0.4356466,0.2210846,0.34326878
192,5O1W39o56gg$_$2,missing,TA,1,1,-0.9296875,1.5654297,1.0751953,0.49023438,0.24462890625,0.20475260913372034,0.20475260913372034,0.45499977,0.22398697,0.3210133
193,5O1W39o56gg$_$9,missing,TA,2,2,-1.5048828,0.2590332,1.9931641,1.7341309,0.880859375,0.7137369841337203,0.7137369841337203,0.5103698,0.18464524,0.30498493
194,5i6AgQSjXO4$_$3,missing,TA,2,1,-0.79589844,1.6806641,0.8623047,-0.8183594,0.265380859375,0.22135417163372034,0.22135417163372034,0.4000154,0.31145513,0.28852946
195,5i6AgQSjXO4$_$2,missing,TA,2,2,-0.6611328,0.81396484,0.9633789,0.14941406,0.41455078125,0.34069010913372033,0.34069010913372033,0.43831393,0.2705944,0.2910917
196,5i6AgQSjXO4$_$6,missing,TA,1,1,-0.36621094,1.9033203,0.11975098,1.7835693,0.1591796875,0.13639323413372034,0.13639323413372034,0.44223717,0.20740765,0.35035518
197,5kaCGzjYukM$_$0,missing,TA,1,1,-0.7495117,1.2314453,0.9448242,0.2866211,0.2208251953125,0.18570964038372034,0.18570964038372034,0.43467665,0.25513756,0.31018576
198,5kaCGzjYukM$_$3,missing,TA,0,0,1.2802734,0.15588379,-1.0869141,1.1243896,-0.32421875,-0.2503255158662797,-0.2503255158662797,0.51423126,0.1870654,0.2987034
199,5kaCGzjYukM$_$2,missing,TA,0,0,1.9267578,-1.1103516,-1.4267578,3.0371094,-1.029296875,-0.8143880158662797,-0.8143880158662797,0.56230956,0.20268631,0.2350041
200,5kaCGzjYukM$_$5,missing,TA,0,0,2.0917969,-1.0644531,-1.6259766,3.15625,-1.33984375,-1.0628255158662798,-1.0628255158662798,0.6227052,0.16379073,0.21350405
201,5kaCGzjYukM$_$7,missing,TA,2,2,-1.15625,-0.27368164,1.9228516,2.1965332,1.03515625,0.8371744841337203,0.8371744841337203,0.5156996,0.17905936,0.305241
202,6KvG5VbLalY$_$9,missing,TA,2,1,-0.39379883,0.9316406,0.51660156,-0.41503906,0.28759765625,0.23912760913372036,0.23912760913372036,0.38464254,0.3418854,0.27347204
203,6ZA8I83x-oY$_$0,missing,TA,2,2,-0.3774414,-0.04397583,0.67041016,0.714386,0.423828125,0.34811198413372035,0.34811198413372035,0.46000785,0.25268212,0.28731
204,6ZA8I83x-oY$_$2,missing,TA,2,2,-1.2050781,-0.6855469,2.1972656,2.8828125,1.5908203125,1.2817057341337204,1.2817057341337204,0.5055033,0.2520872,0.24240948
205,6hFiTU77Sm0$_$1,missing,TA,2,1,0.016571045,0.89404297,-0.04626465,-0.9403076,0.043121337890625,0.04354655444622034,0.04354655444622034,0.47220647,0.23359539,0.29419816
206,6hFiTU77Sm0$_$2,missing,TA,1,1,0.0184021,1.1621094,-0.087524414,1.1437073,0.1058349609375,0.09371745288372034,0.09371745288372034,0.4000586,0.3344744,0.26546705
207,6uPGcKTpC4I$_$1,missing,TA,2,2,-0.8754883,0.34716797,1.3408203,0.99365234,0.74560546875,0.6055338591337204,0.6055338591337204,0.48926958,0.21354188,0.29718855
208,6uPGcKTpC4I$_$2,missing,TA,2,2,-1.078125,-0.32885742,1.7763672,2.1052246,1.1943359375,0.9645182341337204,0.9645182341337204,0.49089628,0.25191665,0.25718707
209,6uPGcKTpC4I$_$6,missing,TA,2,2,-1.0654297,1.1611328,1.4091797,0.24804688,0.568359375,0.46373698413372033,0.46373698413372033,0.43606383,0.24736065,0.31657556
210,70280$_$11,missing,TA,0,0,2.0527344,-1.7763672,-1.3466797,3.399414,-1.630859375,-1.2956380158662797,-1.2956380158662797,0.61539114,0.184875,0.19973382
211,70280$_$3,missing,TA,0,0,1.9609375,-1.0273438,-1.6201172,2.9882812,-1.232421875,-0.9768880158662797,-0.9768880158662797,0.5905343,0.19499983,0.21446583
212,70280$_$4,missing,TA,2,2,-1.1328125,0.46240234,1.6884766,1.2260742,0.95947265625,0.7766276091337203,0.7766276091337203,0.4597552,0.2677236,0.2725212
213,70280$_$6,missing,TA,0,0,0.61572266,-1.1171875,0.07885742,0.53686523,0.097900390625,0.08736979663372034,0.08736979663372034,0.57736206,0.21916015,0.20347781
214,75RGHaxmUK8$_$3,missing,TA,2,2,-1.0791016,1.1191406,1.4667969,0.34765625,0.466552734375,0.38229167163372035,0.38229167163372035,0.4161257,0.25401694,0.32985738
215,75RGHaxmUK8$_$5,missing,TA,1,1,-0.34545898,2.1445312,0.16394043,1.9805908,0.05413818359375,0.05236003100872034,0.05236003100872034,0.41439143,0.25915378,0.3264548
216,7_K3F-lAv1k$_$2,missing,TA,2,2,0.003692627,-0.041168213,0.3647461,0.36105347,0.439453125,0.3606119841337203,0.3606119841337203,0.50243086,0.20417017,0.29339898
217,7r4vRxKLFCA$_$6,missing,TA,2,2,-1.1025391,-0.10583496,1.8525391,1.958374,1.1474609375,0.9270182341337203,0.9270182341337203,0.45213652,0.2709518,0.27691168
218,80566$_$1,missing,TA,2,2,-1.0888672,-0.10571289,1.7919922,1.8977051,1.0849609375,0.8770182341337204,0.8770182341337204,0.5171556,0.1981113,0.2847331
219,80566$_$0,missing,TA,1,1,-0.13476562,1.9912109,-0.23095703,2.1259766,-0.08551025390625,-0.05935871899127966,-0.05935871899127966,0.48402828,0.18245754,0.3335142
220,80566$_$3,missing,TA,1,2,-0.7348633,0.94677734,1.0498047,-0.103027344,0.353759765625,0.2920572966337204,0.2920572966337204,0.44859466,0.21685746,0.3345479
221,80566$_$2,missing,TA,1,1,-0.91796875,1.2529297,1.15625,0.09667969,0.27880859375,0.23209635913372034,0.23209635913372034,0.41614044,0.2658586,0.318001
222,80566$_$4,missing,TA,0,0,0.70996094,-1.2919922,-0.1661377,0.87609863,0.1090087890625,0.09625651538372035,0.09625651538372035,0.53038645,0.20829503,0.26131853
223,80566$_$6,missing,TA,0,0,1.921875,-0.36816406,-1.6513672,2.290039,-0.92138671875,-0.7280598908662798,-0.7280598908662798,0.6251307,0.13836008,0.23650917
224,80855$_$11,missing,TA,1,1,-0.6269531,1.7597656,0.5205078,1.2392578,0.1636962890625,0.14000651538372033,0.14000651538372033,0.44619527,0.23755522,0.31624952
225,80855$_$10,missing,TA,1,1,-0.083496094,2.0371094,-0.30078125,2.1206055,-0.037261962890625,-0.020760086178779665,-0.020760086178779665,0.44713262,0.22392188,0.32894546
226,80855$_$12,missing,TA,0,0,1.4248047,0.6845703,-1.6298828,0.7402344,-0.61572265625,-0.48352864086627967,-0.48352864086627967,0.53784925,0.21060748,0.25154328
227,80855$_$15,missing,TA,2,2,-1.3134766,-0.44995117,2.171875,2.6218262,1.4931640625,1.2035807341337204,1.2035807341337204,0.5590058,0.19586942,0.24512485
228,80855$_$17,missing,TA,0,0,2.2753906,-1.5341797,-1.6337891,3.8095703,-1.52734375,-1.2128255158662797,-1.2128255158662797,0.6141517,0.1378337,0.2480146
229,80855$_$0,missing,TA,1,1,-0.30297852,2.03125,-0.05529785,2.0865479,-0.022247314453125,-0.008748367428779665,-0.008748367428779665,0.4408907,0.21419437,0.34491488
230,80855$_$3,missing,TA,1,1,-0.72753906,1.6494141,0.70703125,0.9423828,0.1256103515625,0.10953776538372034,0.10953776538372034,0.47557512,0.20765433,0.3167706
231,80855$_$2,missing,TA,1,1,0.8046875,1.0283203,-1.0400391,0.22363281,-0.350830078125,-0.27161457836627967,-0.27161457836627967,0.5372526,0.16660355,0.29614383
232,80855$_$7,missing,TA,1,1,0.70166016,1.3583984,-0.87597656,0.6567383,-0.08984375,-0.06282551586627967,-0.06282551586627967,0.48943362,0.1808532,0.32971317
233,80855$_$20,missing,TA,2,2,-1.0859375,0.66308594,1.4394531,0.7763672,0.74365234375,0.6039713591337204,0.6039713591337204,0.47214705,0.21636829,0.3114846
234,830KzUc6CbU$_$0,missing,TA,1,1,-0.72998047,1.9326172,0.65527344,1.2773438,0.2244873046875,0.18863932788372034,0.18863932788372034,0.44701415,0.22374979,0.3292361
235,830KzUc6CbU$_$13,missing,TA,0,0,1.0361328,0.6274414,-1.0419922,0.4086914,-0.265625,-0.20345051586627969,-0.20345051586627969,0.5254646,0.20824406,0.26629132
236,84140$_$0,missing,TA,2,2,0.3005371,-1.0693359,0.38061523,0.080078125,0.58349609375,0.4758463591337203,0.4758463591337203,0.5324652,0.24244785,0.22508693
237,84140$_$5,missing,TA,0,0,2.2890625,-1.7050781,-1.7451172,3.9941406,-1.86328125,-1.4815755158662798,-1.4815755158662798,0.5956051,0.20389687,0.20049809
238,89835$_$1,missing,TA,2,1,-0.65283203,1.4335938,0.7260742,-0.70751953,0.283935546875,0.23619792163372036,0.23619792163372036,0.42545915,0.26550227,0.30903858
239,89835$_$0,missing,TA,1,1,-0.8125,1.4189453,0.8725586,0.5463867,0.2529296875,0.21139323413372035,0.21139323413372035,0.43299574,0.21849377,0.34851047
240,89835$_$4,missing,TA,0,0,1.7333984,-0.014251709,-1.5478516,1.7476501,-0.66357421875,-0.5218098908662797,-0.5218098908662797,0.55592924,0.2030455,0.24102522
241,89835$_$7,missing,TA,0,0,2.4550781,-1.8857422,-1.6464844,4.1015625,-1.9423828125,-1.5448567658662797,-1.5448567658662797,0.6207842,0.1865837,0.19263208
242,8eaYvALnJ0o$_$1,missing,TA,2,2,-1.5244141,0.15808105,2.3359375,2.1778564,0.986328125,0.7981119841337203,0.7981119841337203,0.4888931,0.22111338,0.2899935
243,8eaYvALnJ0o$_$0,missing,TA,2,2,-1.6152344,-0.14416504,2.515625,2.65979,1.2607421875,1.0176432341337203,1.0176432341337203,0.5374042,0.1833102,0.27928558
244,8x_nCOh6Wmc$_$6,missing,TA,2,2,-0.93603516,-1.0673828,1.9638672,2.8999023,1.46484375,1.1809244841337203,1.1809244841337203,0.5485304,0.18346438,0.26800522
245,96642$_$1,missing,TA,0,0,2.15625,-0.46557617,-1.9326172,2.6218262,-1.580078125,-1.2550130158662798,-1.2550130158662798,0.63209605,0.14580664,0.22209729
246,96642$_$3,missing,TA,2,2,-1.1953125,-0.52246094,1.9609375,2.4833984,1.4697265625,1.1848307341337203,1.1848307341337203,0.5222761,0.19990018,0.27782375
247,96642$_$2,missing,TA,1,1,-0.6323242,1.7226562,0.52734375,1.1953125,0.18310546875,0.15553385913372034,0.15553385913372034,0.41479358,0.26295757,0.32224885
248,96642$_$4,missing,TA,0,0,2.6816406,-1.7822266,-1.9755859,4.463867,-2.1484375,-1.7097005158662797,-1.7097005158662797,0.67402005,0.13107534,0.19490461
249,99501$_$10,missing,TA,0,0,0.54345703,-1.3701172,0.123046875,0.42041016,0.324951171875,0.26901042163372035,0.26901042163372035,0.5788,0.19836955,0.22283046
250,99501$_$13,missing,TA,0,0,2.3710938,-1.6123047,-1.8320312,3.9833984,-1.79296875,-1.4253255158662799,-1.4253255158662799,0.5952377,0.18503132,0.21973102
251,99501$_$1,missing,TA,1,1,-0.9399414,1.7568359,0.8305664,0.92626953,0.295654296875,0.24557292163372035,0.24557292163372035,0.44318056,0.23776376,0.3190557
252,99501$_$0,missing,TA,1,1,-0.6069336,2.0273438,0.26660156,1.7607422,0.034820556640625,0.03690592944622034,0.03690592944622034,0.4351286,0.24031784,0.32455355
253,99501$_$5,missing,TA,0,0,1.2695312,-0.78027344,-0.8364258,2.0498047,-0.5107421875,-0.39954426586627967,-0.39954426586627967,0.5676412,0.20425987,0.22809894
254,99501$_$7,missing,TA,2,2,-0.73876953,-0.7919922,1.5771484,2.315918,1.13671875,0.9184244841337204,0.9184244841337204,0.5175909,0.20896442,0.2734447
255,9QI-9w_VdB4$_$0,missing,TA,2,2,-0.6269531,0.62158203,1.0234375,0.40185547,0.355712890625,0.2936197966337204,0.2936197966337204,0.39095017,0.3149556,0.29409423
256,AG5EY8ZaFj4$_$3,missing,TA,1,1,-1.0800781,1.5576172,1.1699219,0.3876953,0.37548828125,0.30944010913372033,0.30944010913372033,0.42683506,0.27046737,0.3026976
257,AG5EY8ZaFj4$_$15,missing,TA,1,2,-0.8120117,0.9589844,1.0791016,-0.12011719,0.341796875,0.2824869841337203,0.2824869841337203,0.3869524,0.30451372,0.30853388
258,Arh2TKRi_mg$_$15,missing,TA,2,2,-1.4257812,0.36743164,2.1503906,1.782959,0.771484375,0.6262369841337203,0.6262369841337203,0.4620902,0.2432155,0.2946943
259,Arh2TKRi_mg$_$14,missing,TA,2,2,-1.2724609,0.8466797,1.8720703,1.0253906,0.54541015625,0.4453776091337204,0.4453776091337204,0.463735,0.22304432,0.31322068
260,Arh2TKRi_mg$_$16,missing,TA,1,1,-0.7109375,1.1240234,0.9790039,0.14501953,0.48876953125,0.4000651091337204,0.4000651091337204,0.3910805,0.30785483,0.30106467
261,Arh2TKRi_mg$_$19,missing,TA,2,2,-0.9321289,0.38256836,1.4638672,1.0812988,0.53759765625,0.4391276091337204,0.4391276091337204,0.4710419,0.22132535,0.30763277
262,Arh2TKRi_mg$_$32,missing,TA,2,2,-1.6171875,-0.5625,2.6289062,3.1914062,1.640625,1.3215494841337203,1.3215494841337203,0.5686263,0.14913858,0.28223515
263,Arh2TKRi_mg$_$28,missing,TA,0,0,1.7998047,-0.22912598,-1.4501953,2.0289307,-0.7138671875,-0.5620442658662798,-0.5620442658662798,0.56623155,0.18563381,0.24813461
264,Arh2TKRi_mg$_$3,missing,TA,2,1,-0.77978516,1.1923828,1.0625,-0.12988281,0.416015625,0.3418619841337204,0.3418619841337204,0.44847405,0.23025014,0.32127583
265,AxNy9TeTLq8$_$0,missing,TA,2,2,-1.5595703,-0.35595703,2.5449219,2.900879,1.4736328125,1.1879557341337204,1.1879557341337204,0.49580464,0.2823795,0.22181587
266,BSKAHXFYF_I$_$1,missing,TA,1,1,-0.09680176,2.0585938,-0.14575195,2.1553955,0.130859375,0.11373698413372034,0.11373698413372034,0.4307335,0.26139146,0.307875
267,BSKAHXFYF_I$_$3,missing,TA,1,1,-0.68408203,1.5996094,0.66748047,0.9321289,0.346435546875,0.2861979216337204,0.2861979216337204,0.41021168,0.2892139,0.30057442
268,BSKAHXFYF_I$_$7,missing,TA,1,1,-0.3251953,1.7998047,0.19958496,1.6002197,0.1146240234375,0.10074870288372034,0.10074870288372034,0.42169344,0.26881197,0.30949455
269,BSKAHXFYF_I$_$8,missing,TA,1,1,-0.47143555,1.3974609,0.546875,0.85058594,0.19677734375,0.16647135913372035,0.16647135913372035,0.4261553,0.2389733,0.3348714
270,Baz0VVQ-E9E$_$10,missing,TA,0,0,1.6904297,-0.91064453,-1.3203125,2.6010742,-0.873046875,-0.6893880158662797,-0.6893880158662797,0.49379632,0.29017025,0.21603341
271,Baz0VVQ-E9E$_$1,missing,TA,1,1,-0.032318115,1.1767578,0.00793457,1.1688232,0.0751953125,0.06920573413372033,0.06920573413372033,0.42775646,0.27853546,0.2937081
272,Baz0VVQ-E9E$_$5,missing,TA,0,0,1.9384766,-0.15393066,-1.8642578,2.0924072,-1.029296875,-0.8143880158662797,-0.8143880158662797,0.5896131,0.15159972,0.25878724
273,Baz0VVQ-E9E$_$7,missing,TA,2,2,-0.9145508,-0.50146484,1.7431641,2.244629,1.0595703125,0.8567057341337203,0.8567057341337203,0.48647588,0.23125908,0.282265
274,CJGuudyvA0Y$_$4,missing,TA,2,2,0.021255493,-0.5253906,0.42651367,0.40525818,0.37451171875,0.3086588591337204,0.3086588591337204,0.4968615,0.23303983,0.27009863
275,CPjbogfLHR4$_$2,missing,TA,2,1,-0.4724121,0.8359375,0.62939453,-0.20654297,0.3056640625,0.25358073413372034,0.25358073413372034,0.47711965,0.20578465,0.31709567
276,CPjbogfLHR4$_$5,missing,TA,2,2,-1.1044922,1.1972656,1.5009766,0.30371094,0.5361328125,0.43795573413372035,0.43795573413372035,0.4480348,0.24893735,0.30302784
277,DdUJojoFU_c$_$11,missing,TA,2,2,-0.6777344,0.88427734,0.9086914,0.024414062,0.418212890625,0.34361979663372033,0.34361979663372033,0.4418985,0.266972,0.29112953
278,DdUJojoFU_c$_$15,missing,TA,2,1,-0.97021484,1.4814453,1.0986328,-0.3828125,0.41845703125,0.3438151091337204,0.3438151091337204,0.3463696,0.37567413,0.27795628
279,DdUJojoFU_c$_$14,missing,TA,2,2,-1.3007812,0.70996094,1.6777344,0.96777344,0.802734375,0.6512369841337203,0.6512369841337203,0.42369643,0.2632578,0.3130458
280,DdUJojoFU_c$_$17,missing,TA,1,1,0.64501953,1.40625,-0.78222656,0.76123047,0.042724609375,0.04322917163372034,0.04322917163372034,0.48312998,0.23236485,0.28450516
281,DdUJojoFU_c$_$16,missing,TA,2,2,-1.4150391,0.7792969,1.7353516,0.9560547,0.83984375,0.6809244841337203,0.6809244841337203,0.42788064,0.2337454,0.338374
282,DdUJojoFU_c$_$2,missing,TA,2,2,-0.94873047,0.50341797,1.3369141,0.8334961,0.62646484375,0.5102213591337204,0.5102213591337204,0.39749783,0.29682714,0.305675
283,DdUJojoFU_c$_$6,missing,TA,1,1,-0.19348145,1.6455078,-0.09375,1.7392578,0.1317138671875,0.11442057788372034,0.11442057788372034,0.4713841,0.21550804,0.31310782
284,DdUJojoFU_c$_$8,missing,TA,2,1,-0.5229492,1.0048828,0.56884766,-0.43603516,0.333984375,0.27623698413372033,0.27623698413372033,0.42245275,0.27049845,0.3070488
285,DlbYiwOnTyk$_$1,missing,TA,1,1,-0.4621582,1.5888672,0.3383789,1.2504883,0.151123046875,0.12994792163372035,0.12994792163372035,0.44025743,0.2532797,0.30646285
286,E8MuzHUhUHk$_$15,missing,TA,2,2,-1.5615234,0.19042969,2.2304688,2.040039,1.0068359375,0.8145182341337204,0.8145182341337204,0.48166358,0.22074609,0.29759032
287,E8MuzHUhUHk$_$14,missing,TA,2,2,-0.99072266,0.49780273,1.5507812,1.0529785,0.623046875,0.5074869841337204,0.5074869841337204,0.4142139,0.2968363,0.2889498
288,E8MuzHUhUHk$_$16,missing,TA,2,2,-1.4423828,0.106933594,2.1542969,2.0473633,0.9912109375,0.8020182341337203,0.8020182341337203,0.48067582,0.21391982,0.3054044
289,E8MuzHUhUHk$_$2,missing,TA,2,2,-1.1162109,0.38623047,1.6582031,1.2719727,0.798828125,0.6481119841337204,0.6481119841337204,0.44519156,0.26547208,0.28933638
290,E8MuzHUhUHk$_$9,missing,TA,2,2,-0.35424805,-0.30493164,0.87646484,1.1813965,0.7666015625,0.6223307341337203,0.6223307341337203,0.50411224,0.24905069,0.24683708
291,EEjCkc82oyk$_$7,missing,TA,0,0,1.4716797,0.099975586,-1.2841797,1.3717041,-0.3701171875,-0.2870442658662796,-0.2870442658662796,0.50066465,0.21419418,0.28514114
292,EEjCkc82oyk$_$9,missing,TA,0,0,1.0996094,-0.23864746,-0.8696289,1.3382568,-0.267578125,-0.20501301586627968,-0.20501301586627968,0.51575404,0.20033509,0.2839109
293,EQxkXiWAm08$_$8,missing,TA,1,1,0.1796875,1.9472656,-0.52246094,1.7675781,-0.028472900390625,-0.013728836178779666,-0.013728836178779666,0.43203577,0.2529279,0.31503633
294,ET1cU5_A2YM$_$1,missing,TA,0,0,1.8876953,-0.6796875,-1.6103516,2.5673828,-0.9111328125,-0.7198567658662798,-0.7198567658662798,0.5797065,0.16826835,0.25202516
295,ET1cU5_A2YM$_$3,missing,TA,0,0,0.2685547,-0.48168945,0.07598877,0.19256592,0.267578125,0.22311198413372035,0.22311198413372035,0.52710694,0.18963127,0.2832618
296,ET1cU5_A2YM$_$6,missing,TA,0,0,1.6064453,0.01260376,-1.4541016,1.5938416,-0.51806640625,-0.40540364086627967,-0.40540364086627967,0.5511804,0.19188868,0.25693086
297,EmmuWoCUgXs$_$22,missing,TA,1,1,-0.61572266,1.5302734,0.6196289,0.91064453,0.2427978515625,0.20328776538372034,0.20328776538372034,0.49258086,0.16691437,0.3405048
298,EmmuWoCUgXs$_$7,missing,TA,0,0,2.0253906,-1.8349609,-1.3369141,3.3623047,-1.2578125,-0.9972005158662798,-0.9972005158662798,0.59777355,0.15730743,0.244919
299,Es9MkKsMsjU$_$10,missing,TA,1,1,-0.38964844,0.55029297,0.5473633,0.0029296875,0.45849609375,0.37584635913372033,0.37584635913372033,0.40857977,0.32500082,0.2664194
300,Es9MkKsMsjU$_$12,missing,TA,0,0,2.0722656,-1.3388672,-1.5654297,3.4111328,-1.369140625,-1.0862630158662798,-1.0862630158662798,0.5489019,0.23745015,0.21364799
301,Es9MkKsMsjU$_$2,missing,TA,0,0,2.3144531,-1.3271484,-1.8447266,3.6416016,-1.662109375,-1.3206380158662798,-1.3206380158662798,0.57548124,0.22477897,0.19973981
302,Es9MkKsMsjU$_$7,missing,TA,0,0,2.1894531,-1.4091797,-1.5498047,3.5986328,-1.544921875,-1.2268880158662798,-1.2268880158662798,0.57472366,0.2261647,0.19911166
303,Ezn3p5FWF_U$_$4,missing,TA,2,2,-1.1630859,-0.17663574,1.9248047,2.1014404,1.0009765625,0.8098307341337203,0.8098307341337203,0.47156435,0.26502153,0.26341408
304,F1U26PLiXjM$_$1,missing,TA,2,2,-0.5551758,0.6660156,0.8203125,0.15429688,0.3623046875,0.2988932341337204,0.2988932341337204,0.46331182,0.2280557,0.3086325
305,F6JV-K840EY$_$2,missing,TA,0,0,1.1601562,0.10925293,-1.0126953,1.0509033,-0.2880859375,-0.22141926586627966,-0.22141926586627966,0.52120537,0.19100319,0.28779146
306,FB_b1dm0SRY$_$10,missing,TA,0,0,1.3095703,0.23376465,-1.2431641,1.0758057,-0.39453125,-0.30657551586627974,-0.30657551586627974,0.5367175,0.19444425,0.26883826
307,FB_b1dm0SRY$_$0,missing,TA,1,1,-0.84277344,1.2080078,1.0048828,0.203125,0.3447265625,0.2848307341337204,0.2848307341337204,0.45038858,0.25080162,0.29880983
308,FB_b1dm0SRY$_$6,missing,TA,0,0,0.8046875,0.19799805,-0.72509766,0.60668945,0.01494598388671875,0.021006271243095335,0.021006271243095335,0.44180045,0.28630808,0.27189147
309,FB_b1dm0SRY$_$9,missing,TA,0,0,1.1289062,-0.14648438,-0.9355469,1.2753906,-0.15576171875,-0.11555989086627967,-0.11555989086627967,0.47880286,0.24495882,0.27623838
310,FB_b1dm0SRY$_$8,missing,TA,2,2,-1.2568359,-0.64941406,2.2480469,2.897461,1.6259765625,1.3098307341337203,1.3098307341337203,0.56257117,0.2083788,0.22904997
311,FxxJB8hBpyQ$_$1,missing,TA,0,0,1.4267578,-0.58203125,-1.1445312,2.008789,-0.45263671875,-0.35305989086627965,-0.35305989086627965,0.49085063,0.27118507,0.23796435
312,Fy0Uid9afM8$_$0,missing,TA,1,1,0.14709473,0.52441406,-0.21459961,0.37731934,0.142578125,0.12311198413372035,0.12311198413372035,0.43183073,0.31043968,0.2577296
313,Fy0Uid9afM8$_$3,missing,TA,0,0,1.1884766,0.092163086,-1.0224609,1.0963135,-0.30126953125,-0.23196614086627967,-0.23196614086627967,0.461206,0.32610476,0.21268924
314,Fy0Uid9afM8$_$5,missing,TA,1,0,0.72216797,0.33129883,-0.55615234,-0.39086914,-0.0545654296875,-0.034602859616279666,-0.034602859616279666,0.44810373,0.28185046,0.2700458
315,Fy0Uid9afM8$_$4,missing,TA,0,0,0.87646484,0.5488281,-0.95703125,0.32763672,-0.2222900390625,-0.16878254711627969,-0.16878254711627969,0.47086307,0.2660217,0.26311517
316,H1DpVwktfDQ$_$0,missing,TA,0,0,1.5449219,-0.20349121,-1.2871094,1.7484131,-0.833984375,-0.6581380158662797,-0.6581380158662797,0.54274946,0.1765481,0.28070244
317,HGicRLwgtkM$_$1,missing,TA,2,2,-0.64160156,0.6933594,0.95458984,0.26123047,0.3681640625,0.30358073413372033,0.30358073413372033,0.39540052,0.34826097,0.25633842
318,HGicRLwgtkM$_$3,missing,TA,1,1,-0.3996582,0.9550781,0.4465332,0.5085449,0.17919921875,0.15240885913372035,0.15240885913372035,0.3947539,0.32307068,0.28217545
319,HGicRLwgtkM$_$2,missing,TA,2,2,-0.8911133,0.9975586,1.2285156,0.23095703,0.4580078125,0.37545573413372035,0.37545573413372035,0.39436588,0.31113034,0.29450378
320,HGicRLwgtkM$_$6,missing,TA,2,2,-0.86865234,1.0654297,1.1953125,0.12988281,0.3955078125,0.3254557341337203,0.3254557341337203,0.38380286,0.32071006,0.2954871
321,HmXXW45eZL4$_$1,missing,TA,0,0,0.8442383,-0.70214844,-0.40454102,1.2487793,-0.142333984375,-0.10481770336627967,-0.10481770336627967,0.5412527,0.20548224,0.2532651
322,HmXXW45eZL4$_$4,missing,TA,0,0,2.3789062,-0.93896484,-1.8417969,3.317871,-1.4111328125,-1.1198567658662797,-1.1198567658662797,0.6059394,0.15336403,0.2406966
323,IM6HW1HwHhM$_$11,missing,TA,0,0,0.8520508,-0.4753418,-0.5332031,1.3273926,-0.1204833984375,-0.08733723461627967,-0.08733723461627967,0.49370205,0.23536612,0.27093184
324,IM6HW1HwHhM$_$15,missing,TA,2,2,-0.9399414,-0.20495605,1.7392578,1.9442139,0.97265625,0.7871744841337204,0.7871744841337204,0.45832953,0.23589355,0.30577695
325,IM6HW1HwHhM$_$17,missing,TA,2,2,-1.2255859,0.31640625,1.8623047,1.5458984,0.75390625,0.6121744841337203,0.6121744841337203,0.4696642,0.21201904,0.31831685
326,IUmxJNs2zaY$_$3,missing,TA,1,1,-0.7475586,1.6660156,0.7714844,0.89453125,0.17626953125,0.15006510913372034,0.15006510913372034,0.36158022,0.37229833,0.26612142
327,IUmxJNs2zaY$_$2,missing,TA,1,1,-0.2529297,1.6826172,0.18481445,1.4978027,0.06414794921875,0.06036784350872034,0.06036784350872034,0.4501629,0.25171888,0.2981182
328,JAnRCQ9A0vI$_$1,missing,TA,1,1,-0.92089844,1.2080078,1.0429688,0.16503906,0.438720703125,0.3600260466337204,0.3600260466337204,0.36911476,0.32436407,0.30652118
329,JAnRCQ9A0vI$_$0,missing,TA,1,1,-0.52783203,1.2753906,0.48950195,0.7858887,0.320556640625,0.26549479663372033,0.26549479663372033,0.36788216,0.35353935,0.27857843
330,JAnRCQ9A0vI$_$3,missing,TA,2,2,-1.40625,0.30126953,2.0820312,1.7807617,1.09765625,0.8871744841337204,0.8871744841337204,0.47528502,0.25764236,0.26707256
331,JAnRCQ9A0vI$_$2,missing,TA,2,2,-1.1787109,0.8276367,1.5498047,0.72216797,0.783203125,0.6356119841337203,0.6356119841337203,0.3980955,0.30573767,0.29616684
332,JAnRCQ9A0vI$_$5,missing,TA,2,2,-1.1708984,0.97021484,1.5292969,0.55908203,0.51123046875,0.4180338591337204,0.4180338591337204,0.42676827,0.28380415,0.28942758
333,JAnRCQ9A0vI$_$4,missing,TA,1,1,-0.3244629,0.94921875,0.3623047,0.58691406,0.17919921875,0.15240885913372035,0.15240885913372035,0.43940353,0.23465654,0.32593992
334,JAnRCQ9A0vI$_$8,missing,TA,2,2,-1.296875,0.8574219,1.7685547,0.9111328,0.71630859375,0.5820963591337204,0.5820963591337204,0.42283612,0.2843789,0.29278496
335,JOK1SSmPtFw$_$10,missing,TA,2,1,-0.5566406,1.3154297,0.5732422,-0.7421875,0.101318359375,0.09010417163372034,0.09010417163372034,0.44557008,0.19135273,0.3630772
336,JOK1SSmPtFw$_$13,missing,TA,2,2,-0.62646484,0.15441895,1.1220703,0.96765137,0.5556640625,0.45358073413372035,0.45358073413372035,0.45437002,0.24177115,0.30385882
337,JOK1SSmPtFw$_$14,missing,TA,1,1,-0.7788086,1.7021484,0.74316406,0.9589844,0.273193359375,0.22760417163372035,0.22760417163372035,0.47582504,0.20409407,0.32008088
338,JOK1SSmPtFw$_$16,missing,TA,1,1,-0.65527344,2.0371094,0.4567871,1.5803223,0.1346435546875,0.11676432788372035,0.11676432788372035,0.45095494,0.21368648,0.33535856
339,JOK1SSmPtFw$_$0,missing,TA,2,2,-1.4648438,-0.6791992,2.6992188,3.378418,1.775390625,1.4293619841337204,1.4293619841337204,0.4900911,0.2882366,0.22167231
340,JOK1SSmPtFw$_$5,missing,TA,1,1,-0.06359863,1.3330078,0.11804199,1.2149658,0.1351318359375,0.11715495288372034,0.11715495288372034,0.46403956,0.2379427,0.29801774
341,JOK1SSmPtFw$_$4,missing,TA,1,1,-0.99658203,1.6767578,1.1728516,0.50390625,0.242919921875,0.20338542163372034,0.20338542163372034,0.46458128,0.20294705,0.33247164
342,JOK1SSmPtFw$_$8,missing,TA,1,1,-0.7758789,1.8994141,0.7548828,1.1445312,0.1588134765625,0.13610026538372033,0.13610026538372033,0.42998907,0.21895826,0.35105267
343,JPT38CA3sGI$_$1,missing,TA,0,0,0.8901367,-0.1003418,-0.7290039,0.9904785,-0.181640625,-0.13626301586627967,-0.13626301586627967,0.47245303,0.2149994,0.31254753
344,JPT38CA3sGI$_$0,missing,TA,2,1,-0.28295898,0.7373047,0.45996094,-0.27734375,0.224853515625,0.18893229663372035,0.18893229663372035,0.41548178,0.27223867,0.31227955
345,JPT38CA3sGI$_$5,missing,TA,2,2,-0.98095703,0.9355469,1.1679688,0.23242188,0.43212890625,0.3547526091337203,0.3547526091337203,0.41756445,0.21827585,0.36415967
346,JVpF99zuQhA$_$0,missing,TA,1,2,-1.0039062,1.2558594,1.3447266,-0.08886719,0.476806640625,0.39049479663372033,0.39049479663372033,0.37519315,0.33318385,0.29162303
347,JVpF99zuQhA$_$2,missing,TA,1,1,-0.46313477,1.5224609,0.5395508,0.98291016,0.1578369140625,0.13531901538372035,0.13531901538372035,0.3995264,0.30764896,0.2928247
348,JVpF99zuQhA$_$4,missing,TA,1,1,-0.46875,1.7128906,0.45166016,1.2612305,0.165771484375,0.14166667163372035,0.14166667163372035,0.43078545,0.25563064,0.3135839
349,K0m1tO3Ybyc$_$15,missing,TA,2,2,-0.87890625,0.8300781,1.15625,0.32617188,0.3369140625,0.2785807341337203,0.2785807341337203,0.38591862,0.32562226,0.2884591
350,K0m1tO3Ybyc$_$8,missing,TA,2,0,0.21887207,-0.0008239746,0.15612793,-0.06274414,0.18505859375,0.15709635913372033,0.15709635913372033,0.4319427,0.30696893,0.2610884
351,K8gp7ncdUl8$_$5,missing,TA,0,0,1.0957031,0.00894165,-0.8647461,1.0867615,-0.335205078125,-0.2591145783662797,-0.2591145783662797,0.5139387,0.2191189,0.26694238
352,KDjl2exStlI$_$10,missing,TA,1,1,0.2529297,1.2832031,-0.39892578,1.0302734,0.0576171875,0.05514323413372034,0.05514323413372034,0.49964842,0.18299463,0.31735694
353,KDjl2exStlI$_$13,missing,TA,1,1,0.32836914,1.8935547,-0.5395508,1.5651855,0.009735107421875,0.01683757007122034,0.01683757007122034,0.465053,0.2271285,0.3078185
354,KDjl2exStlI$_$5,missing,TA,1,1,-0.2878418,1.9853516,0.2800293,1.7053223,0.13525390625,0.11725260913372035,0.11725260913372035,0.44701815,0.19354524,0.3594366
355,KDjl2exStlI$_$4,missing,TA,1,1,-0.49243164,2.0449219,0.46362305,1.5812988,0.10528564453125,0.09327799975872034,0.09327799975872034,0.4376371,0.21827991,0.34408295
356,KkKWFZZmmCM$_$1,missing,TA,2,2,-0.79248047,-0.5214844,1.5458984,2.0673828,0.9794921875,0.7926432341337204,0.7926432341337204,0.53986114,0.17215139,0.28798738
357,KpMCvUyQCXg$_$1,missing,TA,1,1,-0.17553711,1.3632812,0.09399414,1.2692871,0.11224365234375,0.09884440600872034,0.09884440600872034,0.39108416,0.33972228,0.2691936
358,KpMCvUyQCXg$_$3,missing,TA,1,1,0.17553711,1.2265625,-0.26708984,1.0510254,0.0058746337890625,0.013749191164970337,0.013749191164970337,0.44648907,0.25532734,0.29818356
359,KpMCvUyQCXg$_$5,missing,TA,2,1,-0.7729492,1.4609375,0.9433594,-0.5175781,0.2607421875,0.21764323413372036,0.21764323413372036,0.3925563,0.29903805,0.30840564
360,L1eFHRQGFeg$_$2,missing,TA,0,0,0.45703125,-0.0077819824,-0.26489258,0.46481323,-0.046356201171875,-0.028035476803779665,-0.028035476803779665,0.518746,0.19741498,0.28383902
361,MCsvw5-7lVE$_$1,missing,TA,2,2,-1.3007812,0.22753906,2.1582031,1.9306641,0.9404296875,0.7613932341337204,0.7613932341337204,0.45413733,0.27307495,0.27278772
362,MCsvw5-7lVE$_$2,missing,TA,2,2,-1.1689453,0.0128479,1.9306641,1.9178162,0.83349609375,0.6758463591337204,0.6758463591337204,0.46133953,0.2504982,0.2881622
363,MCsvw5-7lVE$_$4,missing,TA,2,2,-1.2265625,0.4663086,1.7451172,1.2788086,0.58837890625,0.4797526091337203,0.4797526091337203,0.44935924,0.2270834,0.32355738
364,MMpo2bDk-DU$_$10,missing,TA,0,0,0.7548828,0.12097168,-0.5004883,0.63391113,-0.10491943359375,-0.07488606274127967,-0.07488606274127967,0.45141983,0.25047755,0.2981026
365,MMpo2bDk-DU$_$17,missing,TA,0,0,0.7392578,0.18908691,-0.5854492,0.5501709,-0.1097412109375,-0.07874348461627967,-0.07874348461627967,0.45573375,0.2712226,0.2730437
366,MMpo2bDk-DU$_$16,missing,TA,1,1,0.25146484,1.1494141,-0.29711914,0.8979492,0.06268310546875,0.05919596850872034,0.05919596850872034,0.4824302,0.20260796,0.31496188
367,MMpo2bDk-DU$_$19,missing,TA,2,2,-1.4794922,0.40698242,2.0878906,1.6809082,0.89208984375,0.7227213591337204,0.7227213591337204,0.45741823,0.23988788,0.3026939
368,MjaaudUc5-4$_$1,missing,TA,0,0,2.2128906,-1.1582031,-1.7255859,3.3710938,-1.3818359375,-1.0964192658662797,-1.0964192658662797,0.5970578,0.1728603,0.23008192
369,MjaaudUc5-4$_$0,missing,TA,2,2,-0.58691406,-0.34594727,1.0722656,1.4182129,0.5,0.40904948413372033,0.40904948413372033,0.51914984,0.15179008,0.32906002
370,MjaaudUc5-4$_$3,missing,TA,2,2,-0.60498047,-0.29418945,1.2255859,1.5197754,0.7529296875,0.6113932341337204,0.6113932341337204,0.44843552,0.21878912,0.33277538
371,MjaaudUc5-4$_$6,missing,TA,0,0,2.0292969,-0.9716797,-1.7001953,3.0009766,-1.220703125,-0.9675130158662797,-0.9675130158662797,0.5896885,0.14440577,0.26590577
372,MoQmPA7Q07Q$_$1,missing,TA,2,2,-0.7885742,0.63134766,1.1318359,0.5004883,0.472412109375,0.3869791716337203,0.3869791716337203,0.45408902,0.24912782,0.29678318
373,MoQmPA7Q07Q$_$2,missing,TA,2,2,-1.5390625,-0.76464844,2.7109375,3.475586,1.8017578125,1.4504557341337203,1.4504557341337203,0.5600008,0.21302491,0.22697422
374,N1X63d_jgmw$_$5,missing,TA,0,0,0.61865234,-0.36743164,-0.32714844,0.9458008,-0.0036773681640625,0.006107589602470337,0.006107589602470337,0.4716801,0.232073,0.2962469
375,N5xfBtD6rLY$_$7,missing,TA,1,1,-0.625,1.5322266,0.7026367,0.82958984,0.15673828125,0.13444010913372034,0.13444010913372034,0.43101254,0.24557386,0.3234136
376,NoZsdSGnNpI$_$7,missing,TA,2,2,-0.49536133,-0.13330078,1.1865234,1.3198242,0.73095703125,0.5938151091337204,0.5938151091337204,0.42700854,0.26434603,0.30864546
377,Nrurc5sMUOE$_$5,missing,TA,0,0,2.2285156,-1.1005859,-1.8183594,3.3291016,-1.4296875,-1.1347005158662797,-1.1347005158662797,0.59407765,0.2116689,0.19425349
378,Nrurc5sMUOE$_$7,missing,TA,0,0,1.0810547,0.24255371,-0.98095703,0.838501,-0.219970703125,-0.16692707836627968,-0.16692707836627968,0.5022704,0.21396801,0.2837616
379,Nrurc5sMUOE$_$8,missing,TA,0,0,1.1992188,-0.047698975,-1.0292969,1.2469177,-0.2449951171875,-0.18694660961627968,-0.18694660961627968,0.5227965,0.24817745,0.229026
380,NzvNW7vP-Co$_$5,missing,TA,2,2,-1.3232422,-0.5966797,2.3203125,2.9169922,1.4931640625,1.2035807341337204,1.2035807341337204,0.5383907,0.18382576,0.27778354
381,NzvNW7vP-Co$_$4,missing,TA,1,1,0.4650879,1.3066406,-0.72802734,0.84155273,-0.025238037109375,-0.011140945553779664,-0.011140945553779664,0.4774706,0.24018314,0.28234625
382,NzvNW7vP-Co$_$7,missing,TA,2,2,-0.44555664,-1.1152344,1.1162109,1.5617676,1.0478515625,0.8473307341337204,0.8473307341337204,0.53485376,0.20029564,0.26485062
383,OLP0nCKwU6k$_$6,missing,TA,0,1,0.7446289,0.98291016,-0.7583008,-0.23828125,-0.05230712890625,-0.032796218991279665,-0.032796218991279665,0.48864877,0.22608727,0.28526393
384,OrYBtyO0aPI$_$1,missing,TA,0,0,1.2197266,0.43579102,-1.3027344,0.78393555,-0.529296875,-0.4143880158662797,-0.4143880158662797,0.5213843,0.2295353,0.24908036
385,OrYBtyO0aPI$_$4,missing,TA,2,2,-1.0507812,0.8183594,1.4755859,0.65722656,0.46826171875,0.38365885913372033,0.38365885913372033,0.39383918,0.34744558,0.25871518
386,PboaYD5hlG8$_$10,missing,TA,2,1,-1.0068359,1.2949219,1.2929688,-0.001953125,0.41796875,0.3434244841337204,0.3434244841337204,0.3787526,0.33649054,0.2847569
387,PboaYD5hlG8$_$3,missing,TA,2,2,-1.078125,-0.14318848,1.8056641,1.9488525,1.041015625,0.8418619841337204,0.8418619841337204,0.46749365,0.25497946,0.2775269
388,PboaYD5hlG8$_$2,missing,TA,2,1,-0.7421875,1.6357422,0.78808594,-0.84765625,0.37646484375,0.3102213591337204,0.3102213591337204,0.3867204,0.31347787,0.2998017
389,PboaYD5hlG8$_$7,missing,TA,1,1,-0.02822876,0.8769531,0.061279297,0.8156738,0.220947265625,0.18580729663372034,0.18580729663372034,0.4546131,0.27578282,0.26960406
390,PboaYD5hlG8$_$9,missing,TA,1,1,0.36279297,1.0410156,-0.42919922,0.67822266,0.0458984375,0.04576823413372034,0.04576823413372034,0.48547617,0.23461539,0.27990842
391,PboaYD5hlG8$_$8,missing,TA,0,0,2.0585938,-1.1220703,-1.7285156,3.180664,-1.4033203125,-1.1136067658662798,-1.1136067658662798,0.5803028,0.18244706,0.2372502
392,Pt-D0LUHDSc$_$2,missing,TA,2,2,-1.3398438,0.5395508,1.9599609,1.4204102,0.958984375,0.7762369841337203,0.7762369841337203,0.41725162,0.33598998,0.24675839
393,PwapK9d8IGk$_$4,missing,TA,0,1,0.15625,0.5180664,0.032348633,-0.3618164,0.141845703125,0.12252604663372034,0.12252604663372034,0.45127115,0.26844627,0.2802826
394,PyQrAYl1bFs$_$0,missing,TA,2,1,-1.03125,1.2480469,1.1542969,-0.09375,0.4150390625,0.3410807341337203,0.3410807341337203,0.36415157,0.34284928,0.29299915
395,PyQrAYl1bFs$_$3,missing,TA,2,2,-1.5449219,-0.8071289,2.4765625,3.2836914,1.71875,1.3840494841337203,1.3840494841337203,0.49803266,0.23517036,0.26679695
396,PyQrAYl1bFs$_$4,missing,TA,2,2,-1.4707031,-0.71777344,2.4980469,3.2158203,1.708984375,1.3762369841337203,1.3762369841337203,0.5331279,0.2097037,0.25716844
397,Q4WzApjaCNI$_$0,missing,TA,1,1,-0.7553711,1.2919922,0.8618164,0.43017578,0.2646484375,0.22076823413372035,0.22076823413372035,0.38192898,0.35948214,0.25858888
398,Q7S0tX4FUNA$_$4,missing,TA,1,1,-0.39794922,1.5595703,0.32226562,1.2373047,0.08892822265625,0.08019206225872035,0.08019206225872035,0.41123277,0.27888256,0.30988464
399,Q7S0tX4FUNA$_$7,missing,TA,1,1,-0.27124023,1.8964844,0.087524414,1.80896,0.10009765625,0.08912760913372034,0.08912760913372034,0.4172808,0.31276786,0.26995137
400,Q7S0tX4FUNA$_$8,missing,TA,0,0,1.3515625,-0.2746582,-1.1357422,1.6262207,-0.276123046875,-0.21184895336627968,-0.21184895336627968,0.48258948,0.28815195,0.22925857
401,Qa6Yz62V-Yc$_$0,missing,TA,1,1,0.64697266,1.1298828,-0.68603516,0.48291016,-0.09716796875,-0.06868489086627967,-0.06868489086627967,0.4562667,0.23459549,0.3091378
402,QjcQx8_PQfw$_$10,missing,TA,2,2,-1.5791016,-0.3425293,2.5351562,2.8776855,1.4892578125,1.2004557341337203,1.2004557341337203,0.529659,0.18651645,0.2838246
403,QjcQx8_PQfw$_$7,missing,TA,1,1,0.28173828,0.9082031,-0.15649414,0.62646484,0.067626953125,0.06315104663372034,0.06315104663372034,0.4196409,0.263159,0.3172001
404,QpchvHpGFc8$_$3,missing,TA,1,1,-0.3803711,1.4375,0.42993164,1.0075684,0.137939453125,0.11940104663372034,0.11940104663372034,0.43904522,0.24723299,0.3137218
405,RArhIHk4Qs4$_$13,missing,TA,2,2,0.0368042,-0.25,0.23510742,0.19830322,0.26416015625,0.22037760913372034,0.22037760913372034,0.51064414,0.18285719,0.30649874
406,RArhIHk4Qs4$_$17,missing,TA,0,0,2.0859375,-1.4736328,-1.5966797,3.5595703,-1.4609375,-1.1597005158662796,-1.1597005158662796,0.5995918,0.14048263,0.25992557
407,RArhIHk4Qs4$_$16,missing,TA,0,0,1.6787109,0.029449463,-1.4638672,1.6492615,-0.6103515625,-0.4792317658662797,-0.4792317658662797,0.5411611,0.2065062,0.2523327
408,RArhIHk4Qs4$_$19,missing,TA,1,1,0.016693115,1.9775391,-0.43115234,1.960846,0.0948486328125,0.08492839038372034,0.08492839038372034,0.4495298,0.23536988,0.3151003
409,RArhIHk4Qs4$_$1,missing,TA,1,1,-0.8256836,1.5761719,0.85546875,0.7207031,0.252197265625,0.21080729663372036,0.21080729663372036,0.4523099,0.22242081,0.32526928
410,RArhIHk4Qs4$_$2,missing,TA,0,0,1.2666016,0.028717041,-1.1835938,1.2378845,-0.5400390625,-0.42298176586627967,-0.42298176586627967,0.54388195,0.18280068,0.27331737
411,RArhIHk4Qs4$_$7,missing,TA,1,2,-0.9916992,1.1123047,1.2177734,-0.10546875,0.47705078125,0.3906901091337204,0.3906901091337204,0.47542,0.21728133,0.30729866
412,RArhIHk4Qs4$_$6,missing,TA,0,0,1.6923828,-0.06604004,-1.4941406,1.7584229,-0.5986328125,-0.46985676586627967,-0.46985676586627967,0.53364813,0.19317307,0.2731788
413,RArhIHk4Qs4$_$8,missing,TA,0,0,1.4238281,-1.1777344,-0.94433594,2.368164,-0.7421875,-0.5847005158662797,-0.5847005158662797,0.612304,0.14213696,0.24555902
414,RArhIHk4Qs4$_$21,missing,TA,2,2,-1.2431641,0.7368164,1.6054688,0.86865234,0.681640625,0.5543619841337203,0.5543619841337203,0.44388244,0.23316635,0.3229512
415,ROcTx5VEn7o$_$11,missing,TA,1,1,-0.60302734,1.9570312,0.55322266,1.4038086,0.174072265625,0.14830729663372033,0.14830729663372033,0.42128074,0.28224966,0.29646966
416,ROcTx5VEn7o$_$1,missing,TA,1,1,-0.59228516,2.140625,0.3642578,1.7763672,0.16064453125,0.13756510913372033,0.13756510913372033,0.40116876,0.291136,0.30769533
417,ROcTx5VEn7o$_$5,missing,TA,1,1,0.34936523,1.7587891,-0.5107422,1.4094238,0.0533447265625,0.05172526538372034,0.05172526538372034,0.47815976,0.21128845,0.3105518
418,ROcTx5VEn7o$_$9,missing,TA,1,1,-0.23327637,2.0253906,0.02746582,1.9979248,0.040191650390625,0.04120280444622034,0.04120280444622034,0.435118,0.24618702,0.31869504
419,RrGpzInAwCg$_$0,missing,TA,2,1,-0.52490234,1.4931641,0.51953125,-0.9736328,0.1856689453125,0.15758464038372033,0.15758464038372033,0.39014786,0.28499642,0.32485574
420,RzOFxDk26p0$_$1,missing,TA,2,2,-1.5556641,-0.9116211,2.7890625,3.7006836,1.9921875,1.6027994841337203,1.6027994841337203,0.49014473,0.30212387,0.20773141
421,RzOFxDk26p0$_$0,missing,TA,1,1,-0.5776367,1.828125,0.43579102,1.392334,0.2479248046875,0.20738932788372036,0.20738932788372036,0.41665524,0.28190348,0.30144128
422,SHa756SwGJQ$_$0,missing,TA,1,1,-0.091674805,1.2099609,-0.017211914,1.2271729,0.09210205078125,0.08273112475872034,0.08273112475872034,0.45660517,0.23653084,0.30686393
423,SHa756SwGJQ$_$2,missing,TA,2,2,-0.7939453,0.89160156,1.1083984,0.21679688,0.490234375,0.40123698413372033,0.40123698413372033,0.42914987,0.29287297,0.27797717
424,SHa756SwGJQ$_$4,missing,TA,0,0,1.6376953,-0.8564453,-1.2978516,2.4941406,-0.751953125,-0.5925130158662797,-0.5925130158662797,0.5604642,0.18877487,0.25076094
425,SHa756SwGJQ$_$7,missing,TA,1,1,0.52197266,0.85595703,-0.6323242,0.33398438,-0.10382080078125,-0.07400715649127967,-0.07400715649127967,0.49001205,0.23323578,0.2767521
426,SHa756SwGJQ$_$6,missing,TA,1,1,-0.73339844,1.2607422,0.8334961,0.4272461,0.380859375,0.3137369841337203,0.3137369841337203,0.4773098,0.22576079,0.2969294
427,TH32jop4FiI$_$15,missing,TA,0,0,0.8305664,0.7055664,-0.84228516,0.125,-0.044769287109375,-0.026765945553779667,-0.026765945553779667,0.44257423,0.27797684,0.27944896
428,TH32jop4FiI$_$17,missing,TA,2,2,-0.8852539,0.4033203,1.2412109,0.8378906,0.65625,0.5340494841337203,0.5340494841337203,0.39697033,0.3384528,0.26457688
429,TWszOxkOV0w$_$1,missing,TA,0,0,1.2480469,-0.58251953,-0.91845703,1.8305664,-0.440185546875,-0.3430989533662797,-0.3430989533662797,0.5049534,0.26779705,0.22724962
430,TXCXFYIc3Yo$_$16,missing,TA,1,2,-0.030914307,0.2590332,0.28442383,-0.025390625,0.23193359375,0.19459635913372034,0.19459635913372034,0.4460924,0.24395673,0.3099509
431,TXCXFYIc3Yo$_$2,missing,TA,2,2,-1.2236328,0.38623047,1.7431641,1.3569336,0.7705078125,0.6254557341337204,0.6254557341337204,0.45703888,0.22868513,0.314276
432,TXCXFYIc3Yo$_$7,missing,TA,0,0,0.65478516,-1.1435547,-0.10687256,0.7616577,-0.1041259765625,-0.07425129711627967,-0.07425129711627967,0.49109557,0.24478735,0.26411712
433,TXCXFYIc3Yo$_$6,missing,TA,2,2,-0.47973633,-0.13000488,0.91552734,1.0455322,0.39453125,0.32467448413372035,0.32467448413372035,0.47184148,0.20606816,0.3220904
434,TYJzg5IJN8o$_$11,missing,TA,1,0,0.27856445,0.27172852,-0.13867188,-0.0068359375,0.1158447265625,0.10172526538372034,0.10172526538372034,0.4792036,0.24557282,0.27522355
435,TYJzg5IJN8o$_$10,missing,TA,1,1,0.6381836,0.8720703,-0.7573242,0.23388672,-0.1822509765625,-0.13675129711627967,-0.13675129711627967,0.48824865,0.24578293,0.2659684
436,TYJzg5IJN8o$_$14,missing,TA,2,2,-1.3007812,-0.029083252,2.1914062,2.2204895,1.056640625,0.8543619841337203,0.8543619841337203,0.41739216,0.31641278,0.26619506
437,TYJzg5IJN8o$_$0,missing,TA,2,2,-1.0576172,1.0263672,1.5332031,0.50683594,0.62060546875,0.5055338591337204,0.5055338591337204,0.3876396,0.3266205,0.28573984
438,TYJzg5IJN8o$_$4,missing,TA,2,2,-1.0927734,0.3803711,1.7373047,1.3569336,0.83935546875,0.6805338591337203,0.6805338591337203,0.37740433,0.35839924,0.26419646
439,TYJzg5IJN8o$_$7,missing,TA,2,2,-1.3310547,-0.6557617,2.40625,3.0620117,1.5234375,1.2277994841337203,1.2277994841337203,0.48563603,0.26374248,0.25062153
440,Uc_6d-fkZEc$_$3,missing,TA,2,2,-1.3603516,-0.083496094,2.2363281,2.3198242,1.19140625,0.9621744841337203,0.9621744841337203,0.46445477,0.27631044,0.2592348
441,UlTJmndbGHM$_$1,missing,TA,2,2,-1.5546875,-0.55322266,2.5566406,3.1098633,1.529296875,1.2324869841337205,1.2324869841337205,0.51244766,0.20323482,0.28431752
442,UlTJmndbGHM$_$4,missing,TA,0,0,2.0371094,-0.67578125,-1.6552734,2.7128906,-1.205078125,-0.9550130158662797,-0.9550130158662797,0.5292592,0.24376628,0.2269744
443,VbV9S4svrTg$_$13,missing,TA,2,2,-0.93359375,0.8652344,1.3447266,0.4794922,0.348388671875,0.2877604216337204,0.2877604216337204,0.43744254,0.21767645,0.344881
444,VbV9S4svrTg$_$3,missing,TA,2,2,-0.8989258,1.1367188,1.171875,0.03515625,0.35302734375,0.29147135913372035,0.29147135913372035,0.44931975,0.20946161,0.3412186
445,VbV9S4svrTg$_$7,missing,TA,2,2,-1.421875,-0.7631836,2.4726562,3.2358398,1.51953125,1.2246744841337205,1.2246744841337205,0.56593895,0.17231238,0.26174864
446,VbV9S4svrTg$_$8,missing,TA,2,2,-0.7871094,0.74121094,1.1455078,0.40429688,0.3359375,0.27779948413372035,0.27779948413372035,0.44877642,0.20435268,0.34687093
447,VinxKpWioTo$_$1,missing,TA,2,2,-1.4775391,-0.12792969,2.3886719,2.5166016,1.3251953125,1.0692057341337204,1.0692057341337204,0.43231773,0.35039192,0.21729039
448,VinxKpWioTo$_$0,missing,TA,1,1,-0.96875,1.2841797,1.1855469,0.09863281,0.35009765625,0.2891276091337204,0.2891276091337204,0.43883935,0.23456343,0.32659718
449,VinxKpWioTo$_$3,missing,TA,2,2,-1.2998047,0.4921875,1.890625,1.3984375,0.6572265625,0.5348307341337203,0.5348307341337203,0.45292798,0.267302,0.27977005
450,VinxKpWioTo$_$5,missing,TA,2,2,-1.3916016,-0.03189087,2.15625,2.1881409,1.017578125,0.8231119841337203,0.8231119841337203,0.46312246,0.25968936,0.2771882
451,ViyQVpGW05w$_$1,missing,TA,2,1,-0.4489746,2.0878906,0.13317871,-1.9547119,0.09130859375,0.08209635913372033,0.08209635913372033,0.40765738,0.25005448,0.34228814
452,ViyQVpGW05w$_$4,missing,TA,1,1,0.2175293,1.1337891,-0.25268555,0.91625977,-0.0054779052734375,0.004667159914970337,0.004667159914970337,0.46879607,0.22290856,0.30829534
453,ViyQVpGW05w$_$6,missing,TA,0,0,1.6337891,-0.060394287,-1.4326172,1.6941833,-0.63427734375,-0.4983723908662797,-0.4983723908662797,0.5430789,0.20353271,0.2533884
454,Vuay0mVKkik$_$3,missing,TA,0,0,2.1328125,-1.3378906,-1.5917969,3.4707031,-1.47265625,-1.1690755158662798,-1.1690755158662798,0.59073055,0.18743633,0.22183314
455,WmQF5RmbsVQ$_$6,missing,TA,1,1,-0.68896484,1.7333984,0.75439453,0.9790039,0.26416015625,0.22037760913372034,0.22037760913372034,0.3885075,0.31908762,0.29240486
456,Wrcf2xtqbkQ$_$9,missing,TA,1,1,0.24804688,1.8974609,-0.4152832,1.6494141,0.083984375,0.07623698413372033,0.07623698413372033,0.47607872,0.18279949,0.34112176
457,Wrcf2xtqbkQ$_$8,missing,TA,1,2,-1.0341797,1.0400391,1.3974609,-0.35742188,0.4443359375,0.3645182341337203,0.3645182341337203,0.46947813,0.2043304,0.32619146
458,WxajvjGKz7Y$_$0,missing,TA,1,1,-0.7211914,1.5791016,0.8208008,0.7583008,0.2919921875,0.24264323413372035,0.24264323413372035,0.36376303,0.34918138,0.28705555
459,WxajvjGKz7Y$_$3,missing,TA,1,1,-0.4350586,1.1123047,0.5888672,0.5234375,0.18359375,0.15592448413372034,0.15592448413372034,0.43389574,0.2893277,0.27677658
460,WxajvjGKz7Y$_$6,missing,TA,1,1,-0.20043945,1.4111328,0.14111328,1.2700195,0.133056640625,0.11549479663372034,0.11549479663372034,0.44847742,0.26783824,0.28368428
461,XIGpuL-Kkyk$_$12,missing,TA,2,2,-0.9897461,1.0947266,1.2949219,0.20019531,0.41015625,0.3371744841337203,0.3371744841337203,0.41613293,0.2864737,0.29739335
462,XIGpuL-Kkyk$_$0,missing,TA,0,0,1.3603516,0.5048828,-1.2763672,0.85546875,-0.31396484375,-0.24212239086627965,-0.24212239086627965,0.51344264,0.17614575,0.3104116
463,XIGpuL-Kkyk$_$4,missing,TA,2,2,-1.3867188,0.1607666,2.1835938,2.0228271,1.0029296875,0.8113932341337203,0.8113932341337203,0.43949232,0.30122706,0.25928062
464,XIGpuL-Kkyk$_$7,missing,TA,1,1,-0.45263672,1.3339844,0.5058594,0.828125,0.1944580078125,0.16461589038372035,0.16461589038372035,0.38511336,0.29770502,0.31718165
465,XaVYxIW0FDg$_$2,missing,TA,2,1,-0.09460449,0.99853516,0.15222168,-0.8463135,0.09027099609375,0.08126628100872034,0.08126628100872034,0.44462,0.23349762,0.3218823
466,XyP8bVmGX6M$_$4,missing,TA,2,2,-1.1552734,0.8203125,1.546875,0.7265625,0.4765625,0.3902994841337204,0.3902994841337204,0.41700763,0.28267092,0.3003214
467,XzVapdEr_GY$_$3,missing,TA,2,2,-1.3134766,-0.4807129,2.34375,2.824463,1.43359375,1.1559244841337204,1.1559244841337204,0.557765,0.17981502,0.26241997
468,XzVapdEr_GY$_$4,missing,TA,2,2,-1.5068359,-0.8886719,2.7890625,3.6777344,1.8046875,1.4527994841337204,1.4527994841337204,0.5937518,0.16311741,0.2431308
469,Y7h-S3cJ52o$_$0,missing,TA,1,1,-0.8300781,1.5048828,0.73046875,0.77441406,0.1484375,0.12779948413372033,0.12779948413372033,0.40033057,0.28186125,0.31780818
470,Y7qkyMyanjU$_$2,missing,TA,1,1,0.025604248,1.8886719,-0.34448242,1.8630676,0.1796875,0.15279948413372035,0.15279948413372035,0.4746764,0.22437933,0.3009442
471,Y7qkyMyanjU$_$4,missing,TA,1,1,-0.73339844,1.6962891,0.7426758,0.9536133,0.2252197265625,0.18922526538372034,0.18922526538372034,0.45573628,0.23611072,0.30815297
472,YbuG8xyUO-o$_$3,missing,TA,1,1,-0.26489258,1.9658203,0.091430664,1.8743896,0.05474853515625,0.05284831225872034,0.05284831225872034,0.43485656,0.2523869,0.31275654
473,YbuG8xyUO-o$_$2,missing,TA,1,1,-0.24475098,2.0664062,-0.012084961,2.0784912,0.0753173828125,0.06930339038372034,0.06930339038372034,0.4346167,0.23317055,0.33221272
474,Z7L3V5bwzI0$_$2,missing,TA,2,2,-1.0957031,-0.2841797,1.953125,2.2373047,1.2265625,0.9902994841337204,0.9902994841337204,0.42985153,0.30592218,0.2642263
475,ZaoFHcbRM9g$_$3,missing,TA,2,0,0.66552734,-1.0654297,-0.13183594,-0.7973633,0.18994140625,0.16100260913372036,0.16100260913372036,0.5277697,0.23550245,0.23672783
476,ZaoFHcbRM9g$_$2,missing,TA,1,0,1.0556641,0.71533203,-1.0849609,-0.34033203,-0.1851806640625,-0.13909504711627968,-0.13909504711627968,0.5069896,0.21504888,0.27796152
477,ZaoFHcbRM9g$_$5,missing,TA,1,1,0.09741211,1.2773438,-0.30249023,1.1799316,-0.0130615234375,-0.0013997346162796642,-0.0013997346162796642,0.40950847,0.33052468,0.2599668
478,ZaoFHcbRM9g$_$9,missing,TA,0,0,1.6162109,-0.47387695,-1.4638672,2.090088,-0.6279296875,-0.49329426586627967,-0.49329426586627967,0.4853158,0.29957014,0.21511409
479,ZaoFHcbRM9g$_$8,missing,TA,0,0,2.0117188,-1.4365234,-1.4892578,3.4482422,-1.087890625,-0.8612630158662797,-0.8612630158662797,0.56389433,0.19891758,0.2371881
480,Zvisaa77Cng$_$1,missing,TA,2,2,-0.6040039,0.23278809,0.9892578,0.7564697,0.48046875,0.39342448413372033,0.39342448413372033,0.4562766,0.24471112,0.2990123
481,Zvisaa77Cng$_$5,missing,TA,2,2,0.030471802,0.09289551,0.14624023,0.053344727,0.21337890625,0.17975260913372035,0.17975260913372035,0.45917165,0.20106424,0.33976406
482,_7HVhnSYX1Y$_$26,missing,TA,2,2,-1.2001953,0.8544922,1.6103516,0.7558594,0.487060546875,0.3986979216337203,0.3986979216337203,0.4404551,0.1923199,0.367225
483,_7HVhnSYX1Y$_$12,missing,TA,2,2,-1.1044922,1.1650391,1.390625,0.22558594,0.365234375,0.30123698413372035,0.30123698413372035,0.3957892,0.27235094,0.33185983
484,_7HVhnSYX1Y$_$14,missing,TA,1,1,-0.61279297,0.7661133,0.72753906,0.03857422,0.26708984375,0.22272135913372035,0.22272135913372035,0.4463162,0.20645408,0.34722972
485,_7HVhnSYX1Y$_$19,missing,TA,1,1,-0.022735596,1.3857422,-0.0074424744,1.3931847,0.005985260009765625,0.013837692141532836,0.013837692141532836,0.4628375,0.2060508,0.33111176
486,_7HVhnSYX1Y$_$31,missing,TA,2,2,-1.2724609,0.49536133,1.8271484,1.3317871,0.6455078125,0.5254557341337204,0.5254557341337204,0.46425256,0.22681211,0.3089353
487,_7HVhnSYX1Y$_$3,missing,TA,1,2,-1.0458984,1.3398438,1.3408203,-0.0009765625,0.318359375,0.2637369841337204,0.2637369841337204,0.42270494,0.2393596,0.33793545
488,_BvNNdEkhZA$_$14,missing,TA,0,0,0.6879883,-0.33642578,-0.36791992,1.0244141,-0.24755859375,-0.18899739086627967,-0.18899739086627967,0.47301674,0.22408307,0.30290025
489,_BvNNdEkhZA$_$19,missing,TA,2,2,-1.1845703,0.7915039,1.6669922,0.8754883,0.65380859375,0.5320963591337203,0.5320963591337203,0.47180748,0.20546038,0.3227321
490,_BvNNdEkhZA$_$7,missing,TA,1,1,-0.61816406,1.1757812,0.68847656,0.4873047,0.27978515625,0.23287760913372035,0.23287760913372035,0.44376862,0.21914856,0.33708283
491,_BvNNdEkhZA$_$6,missing,TA,0,0,0.8979492,-0.1451416,-0.63427734,1.0430908,-0.304443359375,-0.23450520336627967,-0.23450520336627967,0.5090918,0.18649505,0.30441317
492,_BvNNdEkhZA$_$9,missing,TA,1,1,0.26342773,1.9472656,-0.5786133,1.6838379,0.055572509765625,0.05350749194622034,0.05350749194622034,0.48330656,0.21611778,0.30057567
493,_aZDaIfGfPo$_$1,missing,TA,2,2,-1.3017578,-0.3557129,2.0996094,2.4553223,1.3720703125,1.1067057341337203,1.1067057341337203,0.48581108,0.25792933,0.2562596
494,_aZDaIfGfPo$_$0,missing,TA,2,1,-1.0351562,1.5195312,1.1367188,-0.3828125,0.418212890625,0.34361979663372033,0.34361979663372033,0.40516952,0.2872423,0.3075882
495,_gr7o5ynhnw$_$13,missing,TA,1,1,-0.9243164,1.5927734,1.0068359,0.5859375,0.265380859375,0.22135417163372034,0.22135417163372034,0.44852468,0.21104853,0.34042677
496,_gr7o5ynhnw$_$12,missing,TA,2,2,-1.2294922,0.89160156,1.6035156,0.71191406,0.459228515625,0.37643229663372035,0.37643229663372035,0.46769604,0.21449083,0.31781313
497,_gr7o5ynhnw$_$15,missing,TA,2,2,-1.6035156,-0.90966797,2.7539062,3.6635742,1.89453125,1.5246744841337203,1.5246744841337203,0.60739356,0.15495554,0.23765092
498,_gzYkdjNvPc$_$12,missing,TA,1,1,-0.82714844,1.2480469,1.0429688,0.20507812,0.30419921875,0.25240885913372035,0.25240885913372035,0.48381865,0.18665014,0.32953116
499,_gzYkdjNvPc$_$17,missing,TA,0,0,1.9238281,-0.94433594,-1.5166016,2.868164,-1.2880859375,-1.0214192658662797,-1.0214192658662797,0.5454405,0.2238245,0.230735
500,_gzYkdjNvPc$_$1,missing,TA,0,0,0.81396484,0.30932617,-0.81396484,0.5046387,-0.2259521484375,-0.17171223461627969,-0.17171223461627969,0.49855193,0.2660206,0.23542745
501,_gzYkdjNvPc$_$3,missing,TA,1,1,-0.7861328,1.5292969,0.7475586,0.7817383,0.177734375,0.15123698413372033,0.15123698413372033,0.39466357,0.23833483,0.3670016
502,_gzYkdjNvPc$_$2,missing,TA,0,0,2.2265625,-0.79296875,-1.9013672,3.0195312,-1.2861328125,-1.0198567658662798,-1.0198567658662798,0.6052276,0.1465641,0.24820834
503,_gzYkdjNvPc$_$5,missing,TA,1,1,-0.40405273,1.5761719,0.3479004,1.2282715,0.0869140625,0.07858073413372034,0.07858073413372034,0.43279558,0.25346565,0.31373873
504,_gzYkdjNvPc$_$4,missing,TA,1,1,-0.67871094,1.6474609,0.6850586,0.96240234,0.1861572265625,0.15797526538372034,0.15797526538372034,0.40003392,0.29493457,0.30503154
505,_gzYkdjNvPc$_$6,missing,TA,0,0,1.3076172,-0.30517578,-1.1816406,1.612793,-0.5205078125,-0.40735676586627967,-0.40735676586627967,0.51397765,0.2357383,0.2502841
506,_gzYkdjNvPc$_$9,missing,TA,0,0,1.0761719,0.8623047,-1.1142578,0.21386719,-0.28173828125,-0.21634114086627967,-0.21634114086627967,0.519786,0.18054923,0.2996648
507,a-WihYDk6vc$_$8,missing,TA,2,2,-0.9243164,0.9838867,1.2353516,0.25146484,0.42138671875,0.34615885913372035,0.34615885913372035,0.3709868,0.34040633,0.28860688
508,a-WihYDk6vc$_$0,missing,TA,2,2,-1.3173828,0.37768555,1.8798828,1.5021973,0.83984375,0.6809244841337203,0.6809244841337203,0.44575295,0.26047605,0.29377097
509,aFhc2ddipoM$_$14,missing,TA,2,2,-1.3115234,0.87060547,1.8935547,1.0229492,0.63671875,0.5184244841337203,0.5184244841337203,0.4322739,0.2976132,0.27011293
510,aK5tRCXjUvU$_$0,missing,TA,2,2,-1.1025391,0.6567383,1.4658203,0.80908203,0.7646484375,0.6207682341337204,0.6207682341337204,0.3975233,0.2825688,0.31990784
511,b-FX9NOVQOM$_$1,missing,TA,1,1,0.20922852,0.8823242,-0.23803711,0.6730957,0.0184478759765625,0.023807784914970338,0.023807784914970338,0.38637128,0.37072295,0.24290578
512,b-FX9NOVQOM$_$4,missing,TA,0,0,1.6513672,-1.0683594,-1.2373047,2.7197266,-0.98828125,-0.7815755158662797,-0.7815755158662797,0.5120063,0.30498022,0.18301353
513,b1LEcg6z66g$_$0,missing,TA,0,0,0.69384766,-0.74316406,-0.27294922,0.9667969,-0.05718994140625,-0.036702468991279665,-0.036702468991279665,0.5323675,0.21047391,0.25715855
514,b1LEcg6z66g$_$4,missing,TA,2,2,-1.2597656,0.122802734,2.0585938,1.935791,0.943359375,0.7637369841337204,0.7637369841337204,0.49641398,0.22575,0.27783602
515,b1LEcg6z66g$_$8,missing,TA,0,0,2.0488281,-1.0830078,-1.5791016,3.131836,-1.18359375,-0.9378255158662797,-0.9378255158662797,0.58122313,0.20691241,0.21186444
516,bAkUEnPoucg$_$3,missing,TA,2,2,-1.1992188,-0.37597656,2.0742188,2.4501953,1.3544921875,1.0926432341337204,1.0926432341337204,0.50829273,0.27168858,0.22001874
517,bNQkb4K5DX0$_$3,missing,TA,1,1,-0.32592773,1.109375,0.43310547,0.67626953,0.302490234375,0.2510416716337204,0.2510416716337204,0.44787756,0.2524536,0.2996688
518,bNQkb4K5DX0$_$7,missing,TA,2,2,-1.4365234,-0.18713379,2.3085938,2.4957275,1.251953125,1.0106119841337204,1.0106119841337204,0.4404976,0.27118567,0.2883168
519,bWunvAd96zI$_$1,missing,TA,0,0,0.515625,0.123168945,-0.24475098,0.39245605,-0.2098388671875,-0.15882160961627967,-0.15882160961627967,0.52944314,0.20117967,0.2693772
520,bWunvAd96zI$_$2,missing,TA,0,0,1.7802734,-0.044769287,-1.6572266,1.8250427,-0.8916015625,-0.7042317658662798,-0.7042317658662798,0.5685129,0.20455281,0.22693425
521,bWunvAd96zI$_$5,missing,TA,1,1,-0.83496094,1.3193359,0.91064453,0.4086914,0.23779296875,0.19928385913372035,0.19928385913372035,0.44857037,0.21938024,0.33204943
522,bWunvAd96zI$_$4,missing,TA,2,2,-0.98779297,0.7495117,1.2802734,0.5307617,0.349609375,0.2887369841337204,0.2887369841337204,0.44818172,0.24653289,0.30528542
523,bj9e8w4vNxo$_$12,missing,TA,2,2,-0.5209961,-0.04928589,1.0166016,1.0658875,0.60302734375,0.4914713591337203,0.4914713591337203,0.4149417,0.29476893,0.29028937
524,bpvYdXVlgvc$_$1,missing,TA,1,1,0.16149902,1.1572266,-0.17932129,0.99572754,0.0262451171875,0.030045577883720337,0.030045577883720337,0.4395168,0.23782969,0.32265347
525,bpvYdXVlgvc$_$3,missing,TA,0,0,0.34594727,0.33398438,-0.1595459,0.011962891,0.15576171875,0.13365885913372033,0.13365885913372033,0.43554923,0.3231902,0.24126054
526,bpvYdXVlgvc$_$4,missing,TA,0,0,1.8857422,-0.3154297,-1.6845703,2.2011719,-1.0458984375,-0.8276692658662798,-0.8276692658662798,0.57167953,0.16782379,0.2604967
527,bpvYdXVlgvc$_$6,missing,TA,0,0,1.5302734,-0.50097656,-1.1015625,2.03125,-0.57421875,-0.45032551586627967,-0.45032551586627967,0.53837025,0.19142325,0.27020654
528,c1a1y9ytHH0$_$0,missing,TA,1,1,-0.5185547,1.4775391,0.5620117,0.91552734,0.2259521484375,0.18981120288372036,0.18981120288372036,0.43065974,0.26543635,0.3039039
529,c1a1y9ytHH0$_$3,missing,TA,1,1,-0.61865234,1.5810547,0.63378906,0.9472656,0.1517333984375,0.13043620288372035,0.13043620288372035,0.38903913,0.31291595,0.29804492
530,c1a1y9ytHH0$_$7,missing,TA,2,2,-1.2109375,0.75097656,1.7529297,1.0019531,0.64794921875,0.5274088591337204,0.5274088591337204,0.42693755,0.2749981,0.29806435
531,c5cB7AfVgcE$_$12,missing,TA,2,2,-1.0292969,-0.23522949,1.8251953,2.0604248,0.9013671875,0.7301432341337204,0.7301432341337204,0.4144991,0.32024714,0.26525378
532,c5cB7AfVgcE$_$5,missing,TA,0,0,1.3378906,-1.7763672,-0.48242188,1.8203125,-0.669921875,-0.5268880158662798,-0.5268880158662798,0.55443877,0.23618019,0.2093811
533,d8BR6hsvzoY$_$1,missing,TA,1,1,-0.84228516,1.1435547,0.97753906,0.16601562,0.330322265625,0.27330729663372033,0.27330729663372033,0.43428123,0.23351298,0.33220577
534,d8BR6hsvzoY$_$0,missing,TA,1,1,-0.0814209,1.9775391,-0.21594238,2.05896,0.109130859375,0.09635417163372034,0.09635417163372034,0.42815638,0.24633831,0.3255053
535,d8BR6hsvzoY$_$2,missing,TA,1,2,-1.0488281,1.0966797,1.3525391,-0.25585938,0.305908203125,0.25377604663372033,0.25377604663372033,0.44278798,0.19566184,0.36155015
536,d8BR6hsvzoY$_$5,missing,TA,1,1,-0.42358398,1.6669922,0.47924805,1.1877441,0.210205078125,0.17721354663372035,0.17721354663372035,0.44521317,0.23497207,0.3198147
537,d8BR6hsvzoY$_$6,missing,TA,1,1,-0.21105957,1.9072266,-0.05529785,1.9625244,0.1107177734375,0.09762370288372034,0.09762370288372034,0.42246926,0.26131988,0.31621087
538,d8BR6hsvzoY$_$9,missing,TA,1,1,-0.1616211,1.5771484,-0.07409668,1.6512451,0.093994140625,0.08424479663372034,0.08424479663372034,0.41965747,0.2924873,0.28785524
539,d8BR6hsvzoY$_$8,missing,TA,0,0,1.0957031,-0.6357422,-0.70458984,1.7314453,-0.2347412109375,-0.17874348461627967,-0.17874348461627967,0.5215461,0.18666324,0.29179063
540,dBWvtPeHpWM$_$4,missing,TA,2,0,0.5161133,-0.4416504,-0.24914551,-0.7652588,-0.044769287109375,-0.026765945553779667,-0.026765945553779667,0.48262092,0.16538863,0.35199046
541,dEDbm2ubVRQ$_$0,missing,TA,1,1,-0.2878418,2.0625,0.15393066,1.9085693,0.1246337890625,0.10875651538372035,0.10875651538372035,0.46174082,0.2110288,0.3272303
542,dEDbm2ubVRQ$_$3,missing,TA,0,0,0.9145508,0.23217773,-0.7006836,0.68237305,-0.1014404296875,-0.07210285961627967,-0.07210285961627967,0.5034525,0.22983652,0.266711
543,dEDbm2ubVRQ$_$8,missing,TA,2,1,-0.7661133,1.5732422,0.78222656,-0.7910156,0.15869140625,0.13600260913372034,0.13600260913372034,0.42791906,0.2188486,0.35323232
544,dt641WxonBI$_$1,missing,TA,2,1,-0.75439453,1.5458984,0.83447266,-0.7114258,0.1737060546875,0.14801432788372035,0.14801432788372035,0.42132294,0.26586396,0.31281307
545,dt641WxonBI$_$3,missing,TA,1,1,-0.36621094,1.2216797,0.50683594,0.71484375,0.1844482421875,0.15660807788372033,0.15660807788372033,0.37693775,0.35239813,0.2706641
546,eOiC1kb17P4$_$0,missing,TA,2,2,-1.0185547,0.4428711,1.4931641,1.050293,0.70947265625,0.5766276091337204,0.5766276091337204,0.48197553,0.23968875,0.27833572
547,erNDEjQeox8$_$12,missing,TA,2,2,-0.1862793,-1.2880859,0.8930664,1.0793457,0.69921875,0.5684244841337204,0.5684244841337204,0.53728896,0.19943166,0.26327935
548,ewBrNsyY82Q$_$4,missing,TA,1,1,-0.12036133,1.2646484,0.122802734,1.1418457,0.130859375,0.11373698413372034,0.11373698413372034,0.43830058,0.2589038,0.30279562
549,fWOIAxzBQFY$_$12,missing,TA,1,1,-0.6074219,1.7822266,0.49194336,1.2902832,0.218505859375,0.18385417163372034,0.18385417163372034,0.3620367,0.34307164,0.2948917
550,fWOIAxzBQFY$_$5,missing,TA,2,2,-1.3115234,0.76171875,1.8857422,1.1240234,0.71875,0.5840494841337204,0.5840494841337204,0.3998084,0.3440132,0.25617832
551,fWOIAxzBQFY$_$7,missing,TA,2,1,-0.97314453,1.2451172,1.2236328,-0.021484375,0.428466796875,0.3518229216337203,0.3518229216337203,0.42528453,0.28978238,0.28493303
552,f_ZJ7L14oYQ$_$11,missing,TA,2,2,-0.6269531,0.2705078,1.0341797,0.7636719,0.55517578125,0.4531901091337204,0.4531901091337204,0.46866688,0.20734814,0.32398495
553,f_ZJ7L14oYQ$_$27,missing,TA,2,2,-0.3251953,-0.19396973,0.88427734,1.0782471,0.63818359375,0.5195963591337204,0.5195963591337204,0.46103,0.25844455,0.28052548
554,f_ZJ7L14oYQ$_$21,missing,TA,0,0,2.3027344,-1.5615234,-1.6005859,3.8642578,-1.560546875,-1.2393880158662798,-1.2393880158662798,0.5850116,0.16980237,0.24518599
555,f_ZJ7L14oYQ$_$17,missing,TA,0,0,1.2822266,-0.17712402,-0.97509766,1.4593506,-0.5078125,-0.3972005158662797,-0.3972005158662797,0.48554483,0.21747048,0.2969847
556,f_ZJ7L14oYQ$_$9,missing,TA,0,0,0.32250977,-0.42163086,0.09851074,0.22399902,0.09356689453125,0.08390299975872034,0.08390299975872034,0.46166545,0.20861244,0.32972214
557,f_ZJ7L14oYQ$_$8,missing,TA,2,2,0.12768555,-0.03781128,0.15429688,0.026611328,0.244140625,0.20436198413372034,0.20436198413372034,0.44345465,0.24100074,0.31554464
558,ffrJ91swyq0$_$1,missing,TA,2,2,-1.5048828,-0.22595215,2.3398438,2.565796,1.271484375,1.0262369841337204,1.0262369841337204,0.51253223,0.22695991,0.26050785
559,g8Cl74tS3oY$_$2,missing,TA,0,0,0.72998047,0.19445801,-0.67041016,0.53552246,-0.0814208984375,-0.056087234616279666,-0.056087234616279666,0.4964372,0.24339126,0.26017153
560,g8Cl74tS3oY$_$6,missing,TA,2,2,-1.4160156,-0.52197266,2.2929688,2.8149414,1.384765625,1.1168619841337204,1.1168619841337204,0.50542635,0.24241693,0.25215667
561,gR4gM_WXesQ$_$10,missing,TA,1,1,0.13659668,1.5126953,-0.26733398,1.3760986,0.0253143310546875,0.029300948977470338,0.029300948977470338,0.46990845,0.22714567,0.3029459
562,gR4gM_WXesQ$_$26,missing,TA,0,0,1.9013672,-0.005218506,-1.6982422,1.9065857,-0.7783203125,-0.6136067658662797,-0.6136067658662797,0.56212986,0.17709142,0.2607787
563,gR4gM_WXesQ$_$20,missing,TA,2,2,-0.6538086,0.5986328,0.99658203,0.39794922,0.407958984375,0.33541667163372035,0.33541667163372035,0.45843235,0.22377315,0.3177945
564,gR4gM_WXesQ$_$24,missing,TA,1,1,0.95996094,1.0283203,-1.1337891,0.068359375,-0.254638671875,-0.19466145336627969,-0.19466145336627969,0.49859783,0.20763358,0.2937686
565,gR4gM_WXesQ$_$18,missing,TA,0,0,1.8779297,-0.38305664,-1.53125,2.2609863,-0.55859375,-0.4378255158662797,-0.4378255158662797,0.5613642,0.16953407,0.26910174
566,gR4gM_WXesQ$_$3,missing,TA,0,0,1.5029297,-0.16027832,-1.2919922,1.663208,-0.360107421875,-0.2790364533662797,-0.2790364533662797,0.54685456,0.19746481,0.25568062
567,gR4gM_WXesQ$_$4,missing,TA,2,2,-1.4990234,0.23071289,2.1835938,1.9528809,0.9658203125,0.7817057341337204,0.7817057341337204,0.4981534,0.19029595,0.31155065
568,gR4gM_WXesQ$_$8,missing,TA,2,2,-0.6015625,0.47729492,0.9477539,0.47045898,0.44873046875,0.36803385913372033,0.36803385913372033,0.5206786,0.1803629,0.29895854
569,gVqs4TzqySw$_$1,missing,TA,2,2,-1.0341797,-0.4645996,2.078125,2.5427246,1.4228515625,1.1473307341337204,1.1473307341337204,0.41685486,0.34271985,0.24042532
570,gVqs4TzqySw$_$3,missing,TA,1,1,-0.49194336,1.0634766,0.66064453,0.40283203,0.319091796875,0.2643229216337204,0.2643229216337204,0.43842044,0.2699109,0.29166865
571,gVqs4TzqySw$_$2,missing,TA,2,2,-1.0791016,0.82714844,1.5380859,0.7109375,0.5703125,0.46529948413372035,0.46529948413372035,0.36068767,0.37694237,0.26237
572,gVqs4TzqySw$_$4,missing,TA,1,2,-0.8564453,0.88964844,1.1386719,-0.24902344,0.48046875,0.39342448413372033,0.39342448413372033,0.3563555,0.37611276,0.26753175
573,goMtnNHQ_z4$_$1,missing,TA,2,1,-0.83935547,1.4306641,0.8745117,-0.55615234,0.2265625,0.19029948413372036,0.19029948413372036,0.43354318,0.20635143,0.36010543
574,goMtnNHQ_z4$_$2,missing,TA,2,2,-1.0019531,-0.9423828,2.0097656,2.9521484,1.37109375,1.1059244841337204,1.1059244841337204,0.547016,0.17764266,0.2753413
575,goMtnNHQ_z4$_$13,missing,TA,2,2,-1.1083984,-0.3034668,1.9033203,2.206787,1.0771484375,0.8707682341337204,0.8707682341337204,0.47046247,0.2529231,0.27661443
576,goMtnNHQ_z4$_$12,missing,TA,1,1,-0.26782227,1.8369141,0.0435791,1.793335,0.0687255859375,0.06402995288372035,0.06402995288372035,0.4265096,0.25045618,0.32303414
577,hqzF4IDaIYE$_$0,missing,TA,0,0,1.3056641,-0.39624023,-0.95751953,1.7019043,-0.49072265625,-0.3835286408662797,-0.3835286408662797,0.4761764,0.28330165,0.24052194
578,hqzF4IDaIYE$_$3,missing,TA,2,2,-1.1054688,0.19152832,1.7470703,1.555542,0.869140625,0.7043619841337203,0.7043619841337203,0.4394037,0.2857205,0.27487582
579,hqzF4IDaIYE$_$2,missing,TA,2,2,-1.1513672,-0.26489258,1.9980469,2.2629395,1.154296875,0.9324869841337203,0.9324869841337203,0.45493117,0.27567023,0.2693986
580,hqzF4IDaIYE$_$4,missing,TA,1,1,-0.63623047,1.3720703,0.7416992,0.6303711,0.288330078125,0.23971354663372035,0.23971354663372035,0.3738203,0.34272665,0.28345302
581,hqzF4IDaIYE$_$6,missing,TA,2,1,-0.007965088,0.796875,-0.0836792,-0.8805542,0.16015625,0.13717448413372035,0.13717448413372035,0.3552446,0.3846048,0.26015067
582,hvfaYsv7p8E$_$0,missing,TA,0,0,2.0253906,-1.0419922,-1.5537109,3.0673828,-1.1826171875,-0.9370442658662798,-0.9370442658662798,0.55957514,0.17578964,0.26463518
583,iUXqlrui25c$_$10,missing,TA,0,0,1.4169922,-0.18786621,-1.2109375,1.6048584,-0.33447265625,-0.2585286408662797,-0.2585286408662797,0.49976954,0.23630178,0.26392868
584,iUXqlrui25c$_$21,missing,TA,1,1,0.2849121,0.9248047,-0.29345703,0.6398926,0.0177459716796875,0.02324626147747034,0.02324626147747034,0.4582248,0.22100505,0.32077014
585,iUXqlrui25c$_$23,missing,TA,1,1,-0.5283203,1.5117188,0.6166992,0.89501953,0.26318359375,0.21959635913372036,0.21959635913372036,0.38216004,0.3182758,0.29956415
586,icbUzboLcDQ$_$0,missing,TA,2,2,-1.4345703,-0.63623047,2.4648438,3.1010742,1.52734375,1.2309244841337204,1.2309244841337204,0.48823068,0.2597931,0.25197625
587,ioupaiAuRr0$_$5,missing,TA,2,2,-1.2177734,0.85546875,1.7021484,0.8466797,0.5380859375,0.4395182341337204,0.4395182341337204,0.4493649,0.24350214,0.3071329
588,ioupaiAuRr0$_$4,missing,TA,1,2,-0.5654297,0.8486328,0.87060547,-0.021972656,0.5,0.40904948413372033,0.40904948413372033,0.4344564,0.24747345,0.31807017
589,jICmfLeFymA$_$16,missing,TA,2,2,-1.4697266,-0.30322266,2.4453125,2.7485352,1.29296875,1.0434244841337204,1.0434244841337204,0.4276932,0.315925,0.2563818
590,jPrEKz1rAno$_$11,missing,TA,1,1,-0.55908203,1.7119141,0.5214844,1.1904297,0.104736328125,0.09283854663372035,0.09283854663372035,0.4365955,0.23953448,0.32387
591,jPrEKz1rAno$_$7,missing,TA,1,1,-0.7558594,1.3271484,0.8491211,0.47802734,0.316162109375,0.2619791716337203,0.2619791716337203,0.38405427,0.35833156,0.2576142
592,jPrEKz1rAno$_$6,missing,TA,1,1,-0.41503906,1.7109375,0.23266602,1.4782715,0.15673828125,0.13444010913372034,0.13444010913372034,0.39188522,0.34202522,0.26608953
593,k5ZOshC2LP4$_$1,missing,TA,1,1,0.21276855,0.8120117,-0.3701172,0.59924316,0.08294677734375,0.07540690600872034,0.07540690600872034,0.4450666,0.28723282,0.2677006
594,kbGhEJ4W44o$_$0,missing,TA,0,0,0.7265625,-0.33569336,-0.43188477,1.0622559,0.08251953125,0.07506510913372035,0.07506510913372035,0.44693837,0.31223243,0.24082918
595,kfsO4c0Ekes$_$7,missing,TA,2,2,-1.4316406,-0.9111328,2.5234375,3.4345703,1.67578125,1.3496744841337205,1.3496744841337205,0.52508056,0.23426713,0.24065234
596,kvUb78Rdzdc$_$3,missing,TA,2,2,-1.2314453,-1.2451172,2.3515625,3.5830078,1.7841796875,1.4363932341337204,1.4363932341337204,0.58908606,0.16863947,0.2422745
597,lO87-4Kf0cQ$_$2,missing,TA,1,1,-0.33569336,1.8173828,0.31518555,1.5021973,0.1148681640625,0.10094401538372035,0.10094401538372035,0.43755484,0.21681823,0.34562692
598,lO87-4Kf0cQ$_$5,missing,TA,1,1,-0.18652344,1.5488281,0.14904785,1.3997803,0.0992431640625,0.08844401538372035,0.08844401538372035,0.4386301,0.23092076,0.33044916
599,lWf5hHRHIDs$_$11,missing,TA,2,2,-1.2441406,0.44262695,1.7841797,1.3415527,0.62744140625,0.5110026091337203,0.5110026091337203,0.4915839,0.19287752,0.31553856
600,lawHYX5eB20$_$1,missing,TA,0,0,1.0537109,0.29418945,-0.8774414,0.7595215,-0.173583984375,-0.12981770336627968,-0.12981770336627968,0.51303464,0.17393646,0.31302896
601,lawHYX5eB20$_$2,missing,TA,1,2,-0.72998047,0.9277344,0.99560547,-0.067871094,0.37890625,0.3121744841337204,0.3121744841337204,0.4225087,0.2263863,0.351105
602,mHGaQ_nv9UY$_$13,missing,TA,1,2,-0.2932129,0.28833008,0.5883789,-0.30004883,0.367919921875,0.3033854216337204,0.3033854216337204,0.52439344,0.22094566,0.25466087
603,mHGaQ_nv9UY$_$14,missing,TA,2,2,-0.76220703,0.8378906,1.1152344,0.27734375,0.4814453125,0.3942057341337204,0.3942057341337204,0.45992556,0.26027662,0.27979785
604,mHGaQ_nv9UY$_$17,missing,TA,1,1,0.20227051,0.79345703,-0.15026855,0.5911865,0.08709716796875,0.07872721850872035,0.07872721850872035,0.47012553,0.26214868,0.2677258
605,mHGaQ_nv9UY$_$22,missing,TA,0,0,1.8662109,-0.70410156,-1.4707031,2.5703125,-0.8095703125,-0.6386067658662797,-0.6386067658662797,0.54545015,0.20584267,0.24870723
606,mHGaQ_nv9UY$_$5,missing,TA,0,0,0.42041016,-0.8520508,-0.0032920837,0.42370224,0.15771484375,0.13522135913372035,0.13522135913372035,0.58451617,0.18044987,0.23503396
607,mHGaQ_nv9UY$_$4,missing,TA,0,0,2.1191406,-1.1572266,-1.7587891,3.2763672,-1.43359375,-1.1378255158662798,-1.1378255158662798,0.5962803,0.2121682,0.19155154
608,mLW-jn67gRE$_$20,missing,TA,2,2,-1.5195312,0.29223633,2.1171875,1.8249512,0.9306640625,0.7535807341337204,0.7535807341337204,0.46008542,0.2436898,0.29622483
609,mLW-jn67gRE$_$17,missing,TA,2,2,-0.09118652,-0.46899414,0.4777832,0.5689697,0.5400390625,0.4410807341337204,0.4410807341337204,0.5731015,0.16612068,0.26077777
610,mLW-jn67gRE$_$1,missing,TA,1,1,0.4963379,1.2451172,-0.61035156,0.7487793,0.0010824203491210938,0.009915420413017212,0.009915420413017212,0.5256452,0.15867089,0.31568396
611,mLW-jn67gRE$_$3,missing,TA,1,1,-0.4387207,1.8261719,0.32983398,1.4963379,0.173583984375,0.14791667163372035,0.14791667163372035,0.4313137,0.22910413,0.33958218
612,mLW-jn67gRE$_$5,missing,TA,1,1,-0.77734375,1.3759766,0.8745117,0.50146484,0.26904296875,0.22428385913372034,0.22428385913372034,0.45940655,0.1925127,0.34808075
613,mLW-jn67gRE$_$6,missing,TA,0,0,1.6103516,-0.24157715,-1.3632812,1.8519287,-0.607421875,-0.4768880158662797,-0.4768880158662797,0.57408077,0.18235286,0.24356641
614,mLW-jn67gRE$_$9,missing,TA,1,0,0.56591797,0.53515625,-0.49829102,-0.030761719,-0.02337646484375,-0.009651687741279665,-0.009651687741279665,0.5249903,0.18267678,0.29233286
615,mjpCK2Edsv8$_$0,missing,TA,2,2,-1.5439453,-0.9941406,2.7734375,3.7675781,1.9658203125,1.5817057341337204,1.5817057341337204,0.5612445,0.22249052,0.21626493
616,nUZYqTRSGDw$_$4,missing,TA,0,0,2.0761719,-1.0585938,-1.578125,3.1347656,-1.2548828125,-0.9948567658662797,-0.9948567658662797,0.5488313,0.24605836,0.20511033
617,nyzIL6YAonY$_$5,missing,TA,2,2,-1.6289062,-0.35327148,2.4453125,2.798584,1.29296875,1.0434244841337204,1.0434244841337204,0.5284003,0.1702956,0.3013041
618,nyzIL6YAonY$_$6,missing,TA,2,2,-1.0888672,0.546875,1.5400391,0.99316406,0.69384765625,0.5641276091337203,0.5641276091337203,0.4747397,0.17063317,0.3546271
619,ooAF6I-fmTg$_$3,missing,TA,0,0,0.6191406,0.45043945,-0.51220703,0.16870117,0.0567626953125,0.05445964038372034,0.05445964038372034,0.4951699,0.22480337,0.28002676
620,ooAF6I-fmTg$_$5,missing,TA,0,1,0.69873047,0.7104492,-0.7548828,-0.01171875,-0.1650390625,-0.12298176586627968,-0.12298176586627968,0.5126002,0.19816518,0.28923464
621,ooAF6I-fmTg$_$7,missing,TA,0,0,2.2050781,-0.9223633,-1.7314453,3.1274414,-1.1767578125,-0.9323567658662797,-0.9323567658662797,0.58169776,0.16484518,0.25345704
622,pOrk7fl1AYo$_$1,missing,TA,1,1,-0.08703613,1.3671875,-0.1262207,1.4542236,0.09130859375,0.08209635913372033,0.08209635913372033,0.43905115,0.2986429,0.26230595
623,pOrk7fl1AYo$_$3,missing,TA,2,2,-0.8461914,-0.08862305,1.5517578,1.6403809,1.009765625,0.8168619841337204,0.8168619841337204,0.45585194,0.33556154,0.20858653
624,pOrk7fl1AYo$_$2,missing,TA,0,0,1.0966797,0.98339844,-1.1806641,0.11328125,-0.21337890625,-0.16165364086627967,-0.16165364086627967,0.5256738,0.18825375,0.28607246
625,pOrk7fl1AYo$_$4,missing,TA,0,0,1.4169922,-0.21032715,-1.1503906,1.6273193,-0.303955078125,-0.23411457836627966,-0.23411457836627966,0.48321584,0.26803163,0.24875255
626,q9yDL81QppI$_$1,missing,TA,1,1,-0.6376953,1.8701172,0.6616211,1.2084961,0.14404296875,0.12428385913372034,0.12428385913372034,0.4359034,0.22586437,0.3382322
627,q9yDL81QppI$_$0,missing,TA,1,1,-0.6972656,1.34375,0.81689453,0.52685547,0.222412109375,0.18697917163372035,0.18697917163372035,0.38452154,0.3245524,0.2909261
628,q9yDL81QppI$_$2,missing,TA,1,1,-0.84716797,1.5791016,0.9277344,0.6513672,0.2369384765625,0.19860026538372036,0.19860026538372036,0.4169622,0.26444018,0.3185976
629,qK77ZmbqmOM$_$9,missing,TA,1,1,0.15844727,1.2705078,-0.28149414,1.1120605,-0.0276031494140625,-0.013033035397529664,-0.013033035397529664,0.46321374,0.22346894,0.3133173
630,qK77ZmbqmOM$_$0,missing,TA,1,1,-0.38452148,1.6435547,0.3581543,1.2854004,0.195556640625,0.16549479663372035,0.16549479663372035,0.42731637,0.23416583,0.33851787
631,qY1sXq-YCHs$_$8,missing,TA,0,0,1.0566406,0.6201172,-0.9506836,0.43652344,-0.164794921875,-0.12278645336627966,-0.12278645336627966,0.52662456,0.186785,0.2865905
632,qmMSumMloAs$_$1,missing,TA,2,2,-1.6259766,-0.88183594,2.7324219,3.6142578,1.8193359375,1.4645182341337204,1.4645182341337204,0.5587726,0.19122076,0.2500066
633,qmMSumMloAs$_$3,missing,TA,2,2,-1.5,-1.0,2.7304688,3.7304688,1.814453125,1.4606119841337204,1.4606119841337204,0.5766792,0.16713846,0.2561823
634,qmMSumMloAs$_$2,missing,TA,2,2,-1.0634766,-1.6582031,2.296875,3.3603516,2.03515625,1.6371744841337204,1.6371744841337204,0.64666015,0.13796471,0.21537513
635,r13W4H8ZhqI$_$12,missing,TA,1,1,0.09484863,0.7919922,-0.04083252,0.69714355,0.1641845703125,0.14039714038372034,0.14039714038372034,0.40698996,0.30186164,0.29114842
636,r13W4H8ZhqI$_$1,missing,TA,2,2,-1.0068359,0.63427734,1.4150391,0.7807617,0.50439453125,0.41256510913372035,0.41256510913372035,0.42075396,0.28949413,0.28975195
637,r13W4H8ZhqI$_$5,missing,TA,1,1,-0.3449707,1.9912109,0.16467285,1.8265381,0.0477294921875,0.04723307788372034,0.04723307788372034,0.43413225,0.20641506,0.3594527
638,r13W4H8ZhqI$_$8,missing,TA,2,2,-0.95996094,0.68359375,1.3701172,0.68652344,0.49072265625,0.4016276091337203,0.4016276091337203,0.42465967,0.2708154,0.304525
639,r5ijC2W9ddk$_$8,missing,TA,2,2,-1.4150391,0.45751953,2.046875,1.5893555,1.017578125,0.8231119841337203,0.8231119841337203,0.45048916,0.27611437,0.27339646
640,r5ijC2W9ddk$_$0,missing,TA,1,1,0.2849121,1.3623047,-0.5292969,1.0773926,0.01110076904296875,0.017930099368095337,0.017930099368095337,0.45798606,0.26520848,0.2768055
641,r9tgDqXEcuc$_$4,missing,TA,1,1,-0.63964844,1.3369141,0.78027344,0.5566406,0.22607421875,0.18990885913372035,0.18990885913372035,0.44492933,0.22725518,0.3278155
642,rf0yDSeVEUA$_$1,missing,TA,2,2,-1.4394531,-0.5449219,2.4570312,3.0019531,1.4013671875,1.1301432341337203,1.1301432341337203,0.5404286,0.18990025,0.2696712
643,rf0yDSeVEUA$_$0,missing,TA,2,2,-1.6025391,-0.51220703,2.6816406,3.1938477,1.5966796875,1.2863932341337203,1.2863932341337203,0.5623961,0.17488205,0.26272184
644,rf0yDSeVEUA$_$3,missing,TA,2,0,0.7578125,-1.5712891,-0.029663086,-0.7874756,-0.06536865234375,-0.04324543774127967,-0.04324543774127967,0.570316,0.1985567,0.2311273
645,rojyUp4FPSg$_$26,missing,TA,2,2,-1.2578125,0.8642578,1.6513672,0.7871094,0.560546875,0.45748698413372035,0.45748698413372035,0.4569776,0.21755436,0.3254681
646,rojyUp4FPSg$_$20,missing,TA,2,2,0.10632324,-0.7001953,0.47973633,0.3734131,0.755859375,0.6137369841337204,0.6137369841337204,0.50161254,0.17628288,0.32210454
647,rojyUp4FPSg$_$21,missing,TA,2,2,-1.2431641,-1.2353516,2.359375,3.5947266,1.951171875,1.5699869841337204,1.5699869841337204,0.63204753,0.13270733,0.23524517
648,rojyUp4FPSg$_$23,missing,TA,2,2,-0.9838867,-0.875,1.8574219,2.7324219,1.4951171875,1.2051432341337203,1.2051432341337203,0.5990521,0.13002595,0.27092198
649,rojyUp4FPSg$_$5,missing,TA,1,1,-0.49829102,1.6533203,0.51953125,1.1337891,0.189208984375,0.16041667163372034,0.16041667163372034,0.4704315,0.17477855,0.35478997
650,rojyUp4FPSg$_$7,missing,TA,2,2,-1.3300781,0.39575195,1.9931641,1.5974121,0.8134765625,0.6598307341337204,0.6598307341337204,0.48827156,0.19257002,0.3191584
651,rojyUp4FPSg$_$9,missing,TA,0,0,2.0761719,-1.2402344,-1.4306641,3.3164062,-1.05859375,-0.8378255158662797,-0.8378255158662797,0.5926886,0.14357385,0.26373753
652,rojyUp4FPSg$_$10,missing,TA,2,2,-1.0244141,-0.4494629,1.8662109,2.3156738,1.216796875,0.9824869841337204,0.9824869841337204,0.5152849,0.17711174,0.30760336
653,rojyUp4FPSg$_$12,missing,TA,2,2,-1.2919922,-0.8828125,2.21875,3.1015625,1.62890625,1.3121744841337204,1.3121744841337204,0.55780244,0.14546257,0.296735
654,rojyUp4FPSg$_$16,missing,TA,2,1,-0.6225586,1.1279297,0.85546875,-0.27246094,0.3447265625,0.2848307341337204,0.2848307341337204,0.45580956,0.18908282,0.35510764
655,rojyUp4FPSg$_$18,missing,TA,2,1,-0.63623047,1.2548828,0.84228516,-0.41259766,0.273193359375,0.22760417163372035,0.22760417163372035,0.4774421,0.1608565,0.36170146
656,rojyUp4FPSg$_$37,missing,TA,2,2,-1.3974609,0.37573242,1.9228516,1.5471191,0.677734375,0.5512369841337204,0.5512369841337204,0.4737548,0.19080538,0.3354399
657,rojyUp4FPSg$_$36,missing,TA,2,2,-1.0830078,-1.0419922,2.1269531,3.1689453,1.5439453125,1.2442057341337205,1.2442057341337205,0.6100493,0.14540416,0.24454656
658,rojyUp4FPSg$_$34,missing,TA,2,2,-1.2529297,1.15625,1.5703125,0.4140625,0.49951171875,0.40865885913372035,0.40865885913372035,0.46826664,0.17789428,0.35383913
659,rojyUp4FPSg$_$32,missing,TA,2,2,-1.4277344,-0.5888672,2.4277344,3.0166016,1.66796875,1.3434244841337204,1.3434244841337204,0.5874461,0.14286274,0.2696911
660,rwNlqh0k1j4$_$15,missing,TA,2,2,-1.1630859,-0.22009277,1.8681641,2.0882568,0.9951171875,0.8051432341337204,0.8051432341337204,0.5118487,0.1753823,0.31276903
661,rwNlqh0k1j4$_$3,missing,TA,0,0,2.4511719,-1.1738281,-1.8974609,3.625,-1.576171875,-1.2518880158662797,-1.2518880158662797,0.62000203,0.16353078,0.21646716
662,rwNlqh0k1j4$_$2,missing,TA,2,1,-0.7866211,1.1201172,1.0175781,-0.10253906,0.32177734375,0.26647135913372033,0.26647135913372033,0.46998802,0.20601286,0.3239991
663,rwNlqh0k1j4$_$7,missing,TA,0,0,1.4042969,-0.10412598,-1.1904297,1.5084229,-0.46484375,-0.36282551586627965,-0.36282551586627965,0.55303353,0.16529138,0.28167507
664,sC16n1k66io$_$2,missing,TA,2,2,-1.0039062,-0.3125,1.7666016,2.0791016,0.93310546875,0.7555338591337204,0.7555338591337204,0.51244116,0.2023083,0.28525057
665,sC16n1k66io$_$16,missing,TA,2,2,-1.0478516,-0.13989258,1.7900391,1.9299316,1.0205078125,0.8254557341337203,0.8254557341337203,0.5567615,0.15236358,0.2908749
666,sPremsknoLM$_$1,missing,TA,1,1,-0.15490723,1.6845703,-0.041992188,1.7265625,0.1121826171875,0.09879557788372034,0.09879557788372034,0.40611753,0.32842994,0.26545253
667,ssqiwP19JhM$_$10,missing,TA,0,0,0.9038086,0.27661133,-0.6665039,0.62719727,-0.10400390625,-0.07415364086627967,-0.07415364086627967,0.53373027,0.19589326,0.27037647
668,ssqiwP19JhM$_$2,missing,TA,1,1,-0.37426758,1.8642578,0.30493164,1.5593262,0.1287841796875,0.11207682788372034,0.11207682788372034,0.42832693,0.22473872,0.3469344
669,szic2IB9HB4$_$5,missing,TA,0,0,1.2607422,0.66308594,-1.3007812,0.59765625,-0.537109375,-0.4206380158662797,-0.4206380158662797,0.50450003,0.21516912,0.28033084
670,tQ-CIfgj-Js$_$3,missing,TA,1,1,0.7241211,0.83447266,-0.72509766,0.11035156,-0.0931396484375,-0.06546223461627966,-0.06546223461627966,0.50379926,0.1567624,0.33943832
671,tXQpm-nKxNA$_$5,missing,TA,2,2,-1.3857422,-1.1044922,2.59375,3.6982422,1.953125,1.5715494841337203,1.5715494841337203,0.60721254,0.17284866,0.21993883
672,tXQpm-nKxNA$_$7,missing,TA,2,2,-1.2939453,-0.63183594,2.3007812,2.9326172,1.466796875,1.1824869841337204,1.1824869841337204,0.49083975,0.25653696,0.2526233
673,uacdDoBtT1k$_$0,missing,TA,0,0,2.3046875,-1.1044922,-1.8876953,3.4091797,-1.509765625,-1.1987630158662799,-1.1987630158662799,0.6404024,0.15629531,0.20330226
674,uacdDoBtT1k$_$6,missing,TA,0,0,1.8837891,-0.6201172,-1.4892578,2.5039062,-0.7705078125,-0.6073567658662797,-0.6073567658662797,0.55408657,0.17954873,0.26636475
675,unNY4zIk8MM$_$1,missing,TA,2,2,-1.3759766,-0.93066406,2.5175781,3.4482422,1.791015625,1.4418619841337204,1.4418619841337204,0.5362992,0.25264847,0.2110523
676,unNY4zIk8MM$_$3,missing,TA,2,2,-0.9560547,1.0810547,1.3037109,0.22265625,0.35107421875,0.28990885913372033,0.28990885913372033,0.41045484,0.26691365,0.32263157
677,unNY4zIk8MM$_$5,missing,TA,2,2,-1.1035156,0.6826172,1.5742188,0.89160156,0.5947265625,0.48483073413372035,0.48483073413372035,0.45355663,0.23847838,0.30796498
678,unNY4zIk8MM$_$8,missing,TA,1,1,-0.4958496,1.7705078,0.50634766,1.2641602,0.13671875,0.11842448413372034,0.11842448413372034,0.42052788,0.28127512,0.298197
679,uooIiW6dEyg$_$1,missing,TA,0,0,2.1464844,-1.1923828,-1.6884766,3.3388672,-1.390625,-1.1034505158662797,-1.1034505158662797,0.531178,0.24496415,0.2238578
680,uooIiW6dEyg$_$5,missing,TA,2,2,-1.1337891,0.7626953,1.7226562,0.95996094,0.65576171875,0.5336588591337204,0.5336588591337204,0.38272712,0.35137463,0.26589823
681,v2Rr-EsJda8$_$0,missing,TA,1,1,0.12145996,1.5390625,-0.37426758,1.4176025,0.096923828125,0.08658854663372034,0.08658854663372034,0.44292402,0.29322532,0.26385066
682,v2Rr-EsJda8$_$6,missing,TA,2,2,-1.2226562,-0.76220703,2.125,2.887207,1.6875,1.3590494841337204,1.3590494841337204,0.5810596,0.18502064,0.23391977
683,v9gjg7TDlTA$_$0,missing,TA,0,0,1.4267578,-0.23132324,-1.2001953,1.658081,-0.457763671875,-0.3571614533662797,-0.3571614533662797,0.50868344,0.21039812,0.28091848
684,v9gjg7TDlTA$_$4,missing,TA,0,0,1.8828125,-1.4335938,-1.4726562,3.3164062,-1.236328125,-0.9800130158662798,-0.9800130158662798,0.5584669,0.21895972,0.22257337
685,vHzbn_YW76s$_$3,missing,TA,0,0,1.1855469,-0.4255371,-0.8618164,1.611084,-0.142333984375,-0.10481770336627967,-0.10481770336627967,0.4804296,0.22270414,0.29686627
686,vU0a4F36Ksw$_$13,missing,TA,1,1,-0.6333008,1.4296875,0.67822266,0.75146484,0.2802734375,0.23326823413372036,0.23326823413372036,0.3958689,0.29604897,0.30808213
687,vU0a4F36Ksw$_$12,missing,TA,2,2,-1.0830078,1.2460938,1.4365234,0.19042969,0.497314453125,0.4069010466337204,0.4069010466337204,0.38764587,0.31825814,0.294096
688,vU0a4F36Ksw$_$17,missing,TA,1,1,-0.8178711,1.6884766,0.8198242,0.86865234,0.202880859375,0.17135417163372035,0.17135417163372035,0.40508083,0.28839704,0.30652213
689,vU0a4F36Ksw$_$0,missing,TA,2,2,-1.4794922,-0.50878906,2.4453125,2.9541016,1.427734375,1.1512369841337204,1.1512369841337204,0.5244104,0.21522701,0.2603626
690,vU0a4F36Ksw$_$3,missing,TA,2,2,-1.2792969,-0.5830078,2.1972656,2.7802734,1.435546875,1.1574869841337203,1.1574869841337203,0.49645716,0.23470955,0.26883328
691,vU0a4F36Ksw$_$5,missing,TA,1,2,-0.32861328,0.4423828,0.55810547,-0.115722656,0.34375,0.28404948413372033,0.28404948413372033,0.42874518,0.27491614,0.29633868
692,vU0a4F36Ksw$_$7,missing,TA,2,2,-1.0703125,0.921875,1.4316406,0.5097656,0.3896484375,0.32076823413372035,0.32076823413372035,0.4339062,0.2502113,0.31588247
693,vU0a4F36Ksw$_$20,missing,TA,1,0,0.60595703,0.100097656,-0.5854492,-0.5058594,-0.0809326171875,-0.05569660961627966,-0.05569660961627966,0.44578144,0.23859645,0.3156221
694,vbr3EA8cJTI$_$0,missing,TA,2,2,-1.4326172,-0.51660156,2.5742188,3.0908203,1.5380859375,1.2395182341337203,1.2395182341337203,0.431531,0.36200792,0.20646109
695,vbr3EA8cJTI$_$2,missing,TA,0,0,1.8994141,-0.8959961,-1.5908203,2.7954102,-1.16796875,-0.9253255158662798,-0.9253255158662798,0.55255216,0.23328173,0.21416607
696,vbr3EA8cJTI$_$7,missing,TA,2,2,-0.6801758,0.5839844,1.0566406,0.47265625,0.529296875,0.43248698413372033,0.43248698413372033,0.38436604,0.37375674,0.24187726
697,vbr3EA8cJTI$_$6,missing,TA,2,2,-1.3759766,-0.20349121,2.3632812,2.5667725,1.2958984375,1.0457682341337204,1.0457682341337204,0.4217349,0.34609357,0.23217154
698,wF8980oGklk$_$24,missing,TA,2,2,-1.2353516,0.45532227,1.6894531,1.2341309,0.5673828125,0.4629557341337204,0.4629557341337204,0.44286546,0.2688835,0.28825104
699,wF8980oGklk$_$25,missing,TA,2,2,-1.4755859,-0.56640625,2.5351562,3.1015625,1.5390625,1.2402994841337205,1.2402994841337205,0.56801325,0.17713045,0.25485632
700,wF8980oGklk$_$1,missing,TA,1,1,-0.20446777,1.515625,-0.0345459,1.5501709,0.1153564453125,0.10133464038372034,0.10133464038372034,0.39378133,0.28859428,0.31762442
701,wF8980oGklk$_$0,missing,TA,1,1,-0.47094727,1.7392578,0.3659668,1.373291,0.035003662109375,0.037052413821220334,0.037052413821220334,0.38018262,0.31883004,0.30098733
702,wF8980oGklk$_$3,missing,TA,1,1,0.11291504,1.6357422,-0.4255371,1.5228271,0.057220458984375,0.05482585132122034,0.05482585132122034,0.44282326,0.2769622,0.28021455
703,wF8980oGklk$_$2,missing,TA,0,0,2.3261719,-0.9165039,-1.9619141,3.2426758,-1.4755859375,-1.1714192658662796,-1.1714192658662796,0.57340235,0.19750622,0.22909144
704,wF8980oGklk$_$6,missing,TA,2,2,-0.95751953,0.6933594,1.2314453,0.53808594,0.4541015625,0.3723307341337203,0.3723307341337203,0.43537763,0.26941013,0.29521224
705,wF8980oGklk$_$17,missing,TA,2,2,-1.3642578,-0.94628906,2.6152344,3.5615234,1.70703125,1.3746744841337204,1.3746744841337204,0.5402998,0.22469024,0.23501
706,wosolsrH3sM$_$6,missing,TA,2,2,0.064208984,-1.7734375,1.0576172,0.9934082,1.158203125,0.9356119841337204,0.9356119841337204,0.60214084,0.17769651,0.22016266
707,x-zGBp7axao$_$3,missing,TA,0,0,0.37426758,-1.0986328,0.20678711,0.16748047,0.35888671875,0.2961588591337203,0.2961588591337203,0.4662689,0.28575423,0.24797685
708,x2lOwQaAn4g$_$4,missing,TA,2,2,-1.4130859,-0.38598633,2.4765625,2.8625488,1.4453125,1.1652994841337203,1.1652994841337203,0.44222015,0.32616252,0.23161736
709,xUgAP84vsg4$_$15,missing,TA,2,2,-1.6074219,-0.7573242,2.7460938,3.503418,1.6796875,1.3527994841337203,1.3527994841337203,0.5628657,0.18193689,0.25519747
710,xUgAP84vsg4$_$4,missing,TA,2,2,-1.4003906,-0.024261475,2.3222656,2.346527,1.0966796875,0.8863932341337204,0.8863932341337204,0.46109375,0.27793872,0.26096755
711,xUgAP84vsg4$_$8,missing,TA,2,2,-1.1054688,1.3720703,1.3916016,0.01953125,0.2958984375,0.24576823413372034,0.24576823413372034,0.4571229,0.24465364,0.29822347
712,xivYoEUQ5sk$_$5,missing,TA,2,2,-1.5117188,-0.75927734,2.6015625,3.3608398,1.7548828125,1.4129557341337204,1.4129557341337204,0.5247818,0.25131765,0.22390057
713,xivYoEUQ5sk$_$4,missing,TA,2,2,-1.375,-1.1650391,2.7050781,3.8701172,2.046875,1.6465494841337205,1.6465494841337205,0.5433773,0.27574244,0.18088034
714,xjsaS-LeZ14$_$20,missing,TA,1,1,-0.48120117,1.4726562,0.39624023,1.076416,0.291015625,0.24186198413372034,0.24186198413372034,0.44160998,0.22554173,0.3328483
715,xjsaS-LeZ14$_$14,missing,TA,1,2,-1.1611328,1.1064453,1.5322266,-0.42578125,0.662109375,0.5387369841337203,0.5387369841337203,0.43370748,0.2217963,0.34449622
716,xjsaS-LeZ14$_$6,missing,TA,2,2,-0.6425781,-0.15075684,1.1962891,1.3470459,0.7109375,0.5777994841337203,0.5777994841337203,0.44949454,0.26267117,0.28783432
717,y8HXGm1-Ecw$_$7,missing,TA,0,0,1.1679688,-0.7348633,-0.77490234,1.902832,-0.162353515625,-0.12083332836627966,-0.12083332836627966,0.50443727,0.22571711,0.2698456
718,y9FyTEyGy5Y$_$1,missing,TA,2,2,-1.3193359,0.030914307,2.1601562,2.129242,1.1796875,0.9527994841337204,0.9527994841337204,0.45709935,0.29307258,0.24982809
719,zhE_68GMJIk$_$8,missing,TA,0,0,1.0029297,-0.86865234,-0.6479492,1.6508789,-0.30078125,-0.23157551586627967,-0.23157551586627967,0.52680254,0.18596941,0.28722814
720,zhE_68GMJIk$_$5,missing,TA,0,0,1.7666016,-0.40307617,-1.5029297,2.1696777,-0.79541015625,-0.6272786408662797,-0.6272786408662797,0.5363143,0.19553623,0.2681494
721,zjYEBwXGD8I$_$13,missing,TA,2,2,-1.1328125,0.85791016,1.6132812,0.7553711,0.52783203125,0.4313151091337204,0.4313151091337204,0.43412027,0.28804967,0.27783003
722,zjYEBwXGD8I$_$15,missing,TA,2,1,-0.7241211,0.98876953,0.93896484,-0.049804688,0.46435546875,0.3805338591337204,0.3805338591337204,0.42833623,0.2988331,0.27283064
723,zjYEBwXGD8I$_$0,missing,TA,1,1,-0.97509766,1.6455078,1.03125,0.6142578,0.2861328125,0.23795573413372034,0.23795573413372034,0.3584065,0.36521232,0.27638113
724,zjYEBwXGD8I$_$2,missing,TA,2,2,-0.8701172,0.10888672,1.4814453,1.3725586,0.7587890625,0.6160807341337203,0.6160807341337203,0.4835506,0.248415,0.26803437
725,zjYEBwXGD8I$_$4,missing,TA,1,1,0.1027832,0.703125,-0.080200195,0.6003418,0.095947265625,0.08580729663372035,0.08580729663372035,0.45318753,0.26719382,0.27961862
726,zjYEBwXGD8I$_$9,missing,TA,2,2,-1.4375,0.3942871,2.0488281,1.654541,0.701171875,0.5699869841337203,0.5699869841337203,0.44477102,0.2659761,0.2892529
727,zk2jTlAtvSU$_$3,missing,TA,1,1,0.11035156,1.9599609,-0.296875,1.8496094,0.054473876953125,0.05262858569622034,0.05262858569622034,0.47516683,0.20063542,0.32419774
0,-UacrmKiTn4$_$7,missing,TV,1,2,-1.0126953,1.1181641,1.1855469,-0.06738281,0.218505859375,0.18385417163372034,0.18385417163372034,0.3786626,0.30098382,0.3203536
1,-qDkUB0GgYY$_$5,missing,TV,2,1,-0.85791016,1.2470703,1.0654297,-0.18164062,0.330078125,0.2731119841337204,0.2731119841337204,0.4148986,0.2995574,0.285544
2,0utROiKxejc$_$1,missing,TV,2,2,-0.49291992,-0.26245117,0.9008789,1.1633301,0.61669921875,0.5024088591337204,0.5024088591337204,0.5255439,0.2838132,0.19064291
3,0utROiKxejc$_$4,missing,TV,0,0,2.4648438,-1.6992188,-1.7675781,4.1640625,-1.79296875,-1.4253255158662799,-1.4253255158662799,0.6137578,0.2200993,0.16614302
4,0y022OlZ3W0$_$3,missing,TV,2,2,-1.1494141,0.06896973,1.7470703,1.6781006,0.890625,0.7215494841337203,0.7215494841337203,0.45046088,0.32641864,0.2231205
5,0y022OlZ3W0$_$5,missing,TV,0,0,1.9267578,-0.34643555,-1.6923828,2.2731934,-0.9462890625,-0.7479817658662797,-0.7479817658662797,0.5273271,0.2694243,0.20324863
6,0y022OlZ3W0$_$8,missing,TV,1,1,-0.6538086,1.6132812,0.5126953,1.1005859,0.168212890625,0.14361979663372035,0.14361979663372035,0.40479234,0.31962684,0.27558082
7,101787$_$11,missing,TV,0,0,1.0869141,0.062408447,-1.1054688,1.0245056,-0.69921875,-0.5503255158662798,-0.5503255158662798,0.4980986,0.26539186,0.23650952
8,101787$_$13,missing,TV,0,2,0.09313965,-1.34375,0.55126953,-0.45812988,0.521484375,0.42623698413372035,0.42623698413372035,0.5563905,0.24656682,0.19704264
9,101787$_$1,missing,TV,0,1,0.7036133,1.3466797,-1.1386719,-0.6430664,-0.191650390625,-0.14427082836627966,-0.14427082836627966,0.45534456,0.28494152,0.25971392
10,101787$_$5,missing,TV,0,0,2.3671875,-1.4130859,-1.9560547,3.7802734,-1.806640625,-1.4362630158662797,-1.4362630158662797,0.6125475,0.21945778,0.16799474
11,101787$_$7,missing,TV,2,2,-1.3662109,-0.45092773,2.3417969,2.7927246,1.576171875,1.2699869841337204,1.2699869841337204,0.5355369,0.24376921,0.22069392
12,101787$_$9,missing,TV,1,1,0.6953125,1.6162109,-1.140625,0.92089844,-0.188720703125,-0.14192707836627969,-0.14192707836627969,0.45634645,0.29437137,0.24928214
13,102408$_$2,missing,TV,1,1,0.6870117,1.3349609,-0.8833008,0.6479492,-0.0911865234375,-0.06389973461627967,-0.06389973461627967,0.47906965,0.27307165,0.24785866
14,102408$_$5,missing,TV,2,2,0.1430664,-1.4150391,1.0146484,0.87158203,0.89501953125,0.7250651091337204,0.7250651091337204,0.5263305,0.24197504,0.23169452
15,102408$_$9,missing,TV,0,0,2.0449219,-0.7397461,-1.5029297,2.784668,-0.943359375,-0.7456380158662798,-0.7456380158662798,0.5359587,0.23619801,0.22784328
16,102858$_$20,missing,TV,0,0,1.9990234,-1.1738281,-1.4550781,3.1728516,-1.775390625,-1.4112630158662798,-1.4112630158662798,0.558857,0.2712912,0.16985178
17,102858$_$21,missing,TV,0,0,2.3007812,-0.8671875,-2.1171875,3.1679688,-1.748046875,-1.3893880158662797,-1.3893880158662797,0.58997047,0.23621115,0.17381836
18,102858$_$1,missing,TV,1,1,-0.49194336,2.0800781,0.2746582,1.8054199,-0.0660400390625,-0.043782547116279665,-0.043782547116279665,0.41918936,0.35826492,0.2225457
19,102858$_$0,missing,TV,2,1,-0.9760742,1.5400391,1.0869141,-0.453125,0.108154296875,0.09557292163372035,0.09557292163372035,0.4240778,0.32828686,0.24763533
20,102858$_$4,missing,TV,2,2,-1.0019531,0.52246094,1.4267578,0.9042969,0.5380859375,0.4395182341337204,0.4395182341337204,0.48896468,0.29275352,0.21828184
21,102858$_$6,missing,TV,0,0,0.51220703,-0.07312012,-0.47045898,0.58532715,-0.319580078125,-0.24661457836627967,-0.24661457836627967,0.5065638,0.28291413,0.21052207
22,102858$_$10,missing,TV,2,2,-1.4921875,-0.67822266,2.546875,3.2250977,1.7607421875,1.4176432341337204,1.4176432341337204,0.5837723,0.2455676,0.17066015
23,102858$_$17,missing,TV,0,0,1.1376953,0.114990234,-1.0800781,1.0227051,-0.6015625,-0.47220051586627965,-0.47220051586627965,0.5292062,0.27667284,0.19412099
24,102858$_$19,missing,TV,1,1,-0.74121094,2.015625,0.68115234,1.3344727,0.15478515625,0.13287760913372035,0.13287760913372035,0.4310744,0.3430509,0.22587475
25,112433$_$10,missing,TV,1,1,-0.42578125,2.0683594,0.07714844,1.9912109,0.027679443359375,0.031193038821220338,0.031193038821220338,0.4195932,0.3150591,0.26534772
26,112433$_$3,missing,TV,0,0,0.9692383,-0.6640625,-0.63720703,1.6064453,-0.403564453125,-0.3138020783662797,-0.3138020783662797,0.50154144,0.27629364,0.22216493
27,112433$_$7,missing,TV,0,0,1.2861328,-1.4462891,-0.5756836,1.8618164,-0.65185546875,-0.5124348908662797,-0.5124348908662797,0.50840276,0.25115073,0.24044646
28,112433$_$6,missing,TV,0,0,2.2382812,-1.7216797,-1.6044922,3.8427734,-2.2890625,-1.8222005158662797,-1.8222005158662797,0.59872514,0.21961848,0.18165639
29,117tQqLjza4$_$6,missing,TV,2,2,-1.3564453,1.2128906,1.7138672,0.50097656,0.38232421875,0.31490885913372035,0.31490885913372035,0.43534088,0.36452103,0.20013809
30,11j7EfglCAs$_$2,missing,TV,1,1,-1.0488281,1.4433594,1.4316406,0.01171875,0.313232421875,0.25963542163372033,0.25963542163372033,0.40738633,0.3376006,0.25501302
31,121128$_$10,missing,TV,2,2,-0.5756836,-1.0224609,1.6542969,2.2299805,1.568359375,1.2637369841337205,1.2637369841337205,0.5987331,0.23425035,0.16701655
32,121128$_$1,missing,TV,1,1,-0.07067871,1.8603516,-0.2479248,1.9310303,0.1072998046875,0.09488932788372034,0.09488932788372034,0.4531483,0.2988165,0.24803518
33,121128$_$0,missing,TV,1,1,-0.6323242,2.2441406,0.12976074,2.11438,-0.025115966796875,-0.011043289303779666,-0.011043289303779666,0.39900225,0.33799028,0.2630075
34,121128$_$5,missing,TV,2,2,-1.3007812,-0.7675781,2.2226562,2.9902344,1.794921875,1.4449869841337204,1.4449869841337204,0.5951907,0.237907,0.16690232
35,125344$_$0,missing,TV,0,0,1.4794922,-0.8442383,-0.9458008,2.3237305,-0.55859375,-0.4378255158662797,-0.4378255158662797,0.5398457,0.22799124,0.23216309
36,125676$_$0,missing,TV,1,1,-0.8227539,1.453125,0.9941406,0.45898438,0.375732421875,0.3096354216337204,0.3096354216337204,0.41360772,0.2854319,0.3009604
37,125676$_$4,missing,TV,2,2,-1.5292969,0.15795898,2.3535156,2.1955566,1.1865234375,0.9582682341337203,0.9582682341337203,0.46310303,0.29253343,0.24436359
38,128059$_$11,missing,TV,0,0,2.4511719,-1.7763672,-1.7919922,4.227539,-2.1015625,-1.6722005158662798,-1.6722005158662798,0.60005194,0.20609698,0.19385111
39,128059$_$12,missing,TV,0,0,1.8398438,-0.24450684,-1.65625,2.0843506,-1.0439453125,-0.8261067658662797,-0.8261067658662797,0.54303664,0.25617406,0.20078932
40,128059$_$2,missing,TV,0,0,0.79541016,-1.1123047,-0.36010742,1.1555176,-0.48828125,-0.3815755158662797,-0.3815755158662797,0.54943955,0.24683021,0.20373021
41,128059$_$7,missing,TV,1,0,1.1279297,1.0537109,-1.4384766,-0.07421875,-0.226318359375,-0.17200520336627967,-0.17200520336627967,0.47296584,0.2669884,0.26004577
42,128059$_$6,missing,TV,0,0,1.4130859,-1.3505859,-0.9589844,2.3720703,-0.8271484375,-0.6526692658662797,-0.6526692658662797,0.5520818,0.22695486,0.22096325
43,128059$_$9,missing,TV,0,0,0.8017578,0.005065918,-0.6254883,0.7966919,-0.3349609375,-0.25891926586627967,-0.25891926586627967,0.49767748,0.2668621,0.23546042
44,128763$_$12,missing,TV,0,1,0.17944336,0.7402344,-0.072509766,-0.560791,0.0141143798828125,0.020340988039970337,0.020340988039970337,0.45587844,0.32078043,0.22334115
45,128763$_$3,missing,TV,0,0,2.6386719,-1.3505859,-2.1777344,3.9892578,-2.251953125,-1.7925130158662799,-1.7925130158662799,0.6137896,0.22192167,0.16428874
46,128763$_$2,missing,TV,1,1,0.42114258,2.0332031,-1.1523438,1.6120605,-0.2841796875,-0.21829426586627967,-0.21829426586627967,0.49294457,0.30361128,0.20344414
47,128763$_$5,missing,TV,1,1,-0.058502197,2.3105469,-0.5078125,2.369049,-0.052642822265625,-0.03306477367877966,-0.03306477367877966,0.38350186,0.34010568,0.27639246
48,128763$_$7,missing,TV,0,0,2.0410156,-0.80615234,-1.7744141,2.847168,-1.2255859375,-0.9714192658662797,-0.9714192658662797,0.56811786,0.2636062,0.16827591
49,128763$_$8,missing,TV,0,0,1.7626953,-0.29467773,-1.7138672,2.057373,-0.9267578125,-0.7323567658662797,-0.7323567658662797,0.52634776,0.2658939,0.20775828
50,130456$_$11,missing,TV,0,0,1.1162109,-1.6425781,-0.32983398,1.4460449,-0.9462890625,-0.7479817658662797,-0.7479817658662797,0.57730156,0.21608962,0.20660883
51,130456$_$3,missing,TV,0,0,0.98046875,-1.1826172,-0.051361084,1.0318298,-0.327392578125,-0.2528645783662796,-0.2528645783662796,0.5699605,0.23818181,0.1918577
52,130456$_$5,missing,TV,0,0,2.0683594,-1.1904297,-1.5087891,3.258789,-1.638671875,-1.3018880158662798,-1.3018880158662798,0.574914,0.23062989,0.19445616
53,130456$_$4,missing,TV,1,1,-0.1920166,2.2128906,-0.29614258,2.4049072,0.0504150390625,0.04938151538372034,0.04938151538372034,0.37323096,0.35173362,0.27503535
54,130456$_$7,missing,TV,0,0,2.4355469,-1.0097656,-2.1484375,3.4453125,-1.787109375,-1.4206380158662797,-1.4206380158662797,0.6103627,0.2119073,0.17772996
55,130456$_$6,missing,TV,0,0,1.6826172,0.12805176,-1.4707031,1.5545654,-0.59033203125,-0.4632161408662797,-0.4632161408662797,0.5312999,0.2549086,0.21379152
56,188343$_$13,missing,TV,2,2,-0.18835449,-1.1298828,1.2431641,1.4315186,1.1005859375,0.8895182341337203,0.8895182341337203,0.5561297,0.24577759,0.19809268
57,188343$_$12,missing,TV,0,0,2.5585938,-1.8535156,-1.6826172,4.241211,-2.140625,-1.7034505158662798,-1.7034505158662798,0.63370836,0.20039892,0.16589275
58,188343$_$5,missing,TV,0,0,1.3759766,-0.85498047,-0.9116211,2.230957,-1.0107421875,-0.7995442658662797,-0.7995442658662797,0.5431613,0.24777307,0.20906569
59,188343$_$9,missing,TV,0,2,0.2878418,-0.111083984,0.4230957,-0.1352539,0.2457275390625,0.20563151538372035,0.20563151538372035,0.5102098,0.27092397,0.21886618
60,188343$_$8,missing,TV,0,0,2.5878906,-1.2148438,-1.9160156,3.8027344,-1.90234375,-1.5128255158662798,-1.5128255158662798,0.61470526,0.23035456,0.15494011
61,1HK7Nea0PFo$_$1,missing,TV,0,0,1.1806641,-0.94921875,-0.8588867,2.0395508,-0.38427734375,-0.29837239086627965,-0.29837239086627965,0.51772624,0.26762292,0.21465081
62,216097$_$1,missing,TV,0,0,2.1210938,-0.8588867,-1.7294922,2.9799805,-1.212890625,-0.9612630158662797,-0.9612630158662797,0.5909798,0.21988903,0.18913117
63,216097$_$2,missing,TV,1,1,-0.50390625,1.6572266,0.45581055,1.201416,0.283447265625,0.23580729663372035,0.23580729663372035,0.37104812,0.3166532,0.31229874
64,216097$_$5,missing,TV,1,1,-0.31713867,0.8120117,0.4362793,0.37573242,0.3642578125,0.3004557341337204,0.3004557341337204,0.39516252,0.2704965,0.334341
65,216097$_$4,missing,TV,0,0,2.1191406,-1.234375,-1.7392578,3.3535156,-1.556640625,-1.2362630158662797,-1.2362630158662797,0.5133088,0.2287606,0.25793058
66,216097$_$7,missing,TV,2,2,-0.7182617,-1.0732422,1.5751953,2.293457,1.3544921875,1.0926432341337204,1.0926432341337204,0.50202954,0.21589714,0.28207332
67,216097$_$8,missing,TV,0,0,2.5292969,-1.5439453,-1.7880859,4.073242,-1.658203125,-1.3175130158662798,-1.3175130158662798,0.63571024,0.19490926,0.1693805
68,223431$_$11,missing,TV,0,0,2.2421875,-1.0166016,-1.8720703,3.258789,-1.43359375,-1.1378255158662798,-1.1378255158662798,0.61828345,0.22026087,0.16145575
69,223431$_$10,missing,TV,2,2,-1.1591797,-0.17712402,1.8085938,1.9857178,1.06640625,0.8621744841337203,0.8621744841337203,0.48418158,0.28442577,0.23139264
70,223431$_$13,missing,TV,0,0,2.4140625,-0.97558594,-2.0742188,3.3896484,-1.80078125,-1.4315755158662797,-1.4315755158662797,0.60684115,0.22664928,0.16650955
71,223431$_$0,missing,TV,1,1,-0.98095703,2.0351562,0.8618164,1.1733398,0.07550048828125,0.06944987475872033,0.06944987475872033,0.38610756,0.36925048,0.24464194
72,223431$_$5,missing,TV,1,1,0.7338867,0.77978516,-0.9399414,0.045898438,-0.200927734375,-0.15169270336627969,-0.15169270336627969,0.46087873,0.3008365,0.23828477
73,225770$_$3,missing,TV,0,0,1.8212891,-0.04208374,-1.6269531,1.8633728,-0.96875,-0.7659505158662797,-0.7659505158662797,0.5692778,0.24194318,0.18877895
74,225770$_$5,missing,TV,1,1,-0.2512207,2.1855469,-0.04333496,2.2288818,0.05908203125,0.05631510913372034,0.05631510913372034,0.40624666,0.3266496,0.26710373
75,225770$_$4,missing,TV,1,1,0.5522461,1.8515625,-1.0566406,1.2993164,-0.11517333984375,-0.08308918774127967,-0.08308918774127967,0.5017374,0.2945726,0.20369
76,225770$_$6,missing,TV,0,0,1.2539062,-0.5058594,-1.0068359,1.7597656,-0.43310546875,-0.33743489086627965,-0.33743489086627965,0.5589255,0.2593364,0.1817381
77,236021$_$12,missing,TV,2,2,-1.09375,0.64746094,1.5419922,0.89453125,0.85693359375,0.6945963591337203,0.6945963591337203,0.44487754,0.31798506,0.23713739
78,236021$_$1,missing,TV,1,1,-0.18615723,2.2207031,-0.1899414,2.4068604,0.0268707275390625,0.03054606616497034,0.03054606616497034,0.41444057,0.36363924,0.22192018
79,236021$_$3,missing,TV,0,0,2.6894531,-1.3808594,-2.0546875,4.0703125,-2.0,-1.5909505158662798,-1.5909505158662798,0.6374985,0.21508116,0.14742035
80,236021$_$2,missing,TV,0,0,1.3105469,-0.96972656,-0.7084961,2.019043,-0.6494140625,-0.5104817658662797,-0.5104817658662797,0.5291795,0.26054388,0.21027659
81,236021$_$5,missing,TV,0,0,0.99853516,-0.08520508,-0.6958008,1.0837402,-0.479736328125,-0.3747395783662797,-0.3747395783662797,0.52248144,0.27341342,0.20410511
82,236021$_$4,missing,TV,0,0,2.3320312,-1.7695312,-1.6513672,3.9833984,-1.873046875,-1.4893880158662798,-1.4893880158662798,0.5978035,0.23838212,0.16381435
83,237009$_$11,missing,TV,0,0,2.1113281,-0.20666504,-2.0429688,2.3179932,-1.353515625,-1.0737630158662796,-1.0737630158662796,0.5770584,0.2516054,0.17133619
84,237009$_$12,missing,TV,0,0,2.7089844,-1.6416016,-2.1757812,4.350586,-2.34765625,-1.8690755158662797,-1.8690755158662797,0.6302384,0.19864379,0.17111786
85,237009$_$4,missing,TV,2,2,-0.6328125,-0.00680542,1.3144531,1.3212585,0.93359375,0.7559244841337204,0.7559244841337204,0.48294654,0.2800728,0.23698066
86,237009$_$7,missing,TV,0,0,2.5117188,-1.4970703,-1.9853516,4.008789,-2.1796875,-1.7347005158662798,-1.7347005158662798,0.62218595,0.21247074,0.16534325
87,237009$_$9,missing,TV,0,0,2.3378906,-0.6064453,-2.1015625,2.944336,-1.677734375,-1.3331380158662798,-1.3331380158662798,0.5378188,0.21294507,0.24923615
88,241629$_$10,missing,TV,0,0,2.6171875,-1.8310547,-1.7431641,4.3603516,-2.1328125,-1.6972005158662797,-1.6972005158662797,0.62856674,0.21359578,0.1578375
89,241629$_$0,missing,TV,2,2,-1.4433594,-0.13696289,2.1816406,2.3186035,1.220703125,0.9856119841337203,0.9856119841337203,0.5365116,0.27687111,0.1866173
90,241629$_$3,missing,TV,2,2,-0.6899414,-1.2832031,1.7158203,2.4057617,1.6787109375,1.3520182341337204,1.3520182341337204,0.58185095,0.22403246,0.19411656
91,241629$_$5,missing,TV,0,0,2.0136719,-0.91308594,-1.8847656,2.9267578,-1.44140625,-1.1440755158662796,-1.1440755158662796,0.5797834,0.25122958,0.16898695
92,241629$_$8,missing,TV,0,0,2.2089844,-0.99902344,-1.7988281,3.2080078,-1.5390625,-1.2222005158662799,-1.2222005158662799,0.6240797,0.22099783,0.15492252
93,243646$_$11,missing,TV,0,0,2.1425781,-0.44018555,-1.8544922,2.5827637,-1.146484375,-0.9081380158662797,-0.9081380158662797,0.5651576,0.2313093,0.2035331
94,243646$_$12,missing,TV,0,0,1.7333984,-0.99902344,-1.0283203,2.7324219,-0.8017578125,-0.6323567658662798,-0.6323567658662798,0.53516406,0.19708568,0.26775032
95,243646$_$9,missing,TV,1,1,-0.28076172,2.5097656,-0.24938965,2.7591553,0.06103515625,0.05787760913372034,0.05787760913372034,0.4049255,0.31601325,0.27906123
96,243646$_$8,missing,TV,1,1,-0.6899414,2.2597656,0.5839844,1.6757812,0.143798828125,0.12408854663372035,0.12408854663372035,0.3890451,0.35424063,0.2567143
97,247318$_$12,missing,TV,0,0,2.3984375,-0.86816406,-1.9306641,3.2666016,-1.61328125,-1.2815755158662798,-1.2815755158662798,0.57856244,0.23072787,0.19070975
98,247318$_$1,missing,TV,1,1,-0.83203125,1.9853516,0.41870117,1.5666504,0.11480712890625,0.10089518725872035,0.10089518725872035,0.39550972,0.33683553,0.26765475
99,247318$_$3,missing,TV,0,0,1.5986328,0.2788086,-1.7265625,1.3198242,-0.7626953125,-0.6011067658662798,-0.6011067658662798,0.51483697,0.27261236,0.21255071
100,247318$_$2,missing,TV,1,1,-0.4309082,1.2734375,0.19299316,1.0804443,0.211181640625,0.17799479663372034,0.17799479663372034,0.5022604,0.27730557,0.22043401
101,247318$_$5,missing,TV,0,1,0.1352539,0.58984375,-0.23181152,-0.45458984,0.0001685619354248047,0.00918433368206018,0.00918433368206018,0.4997525,0.2787578,0.22148968
102,247318$_$7,missing,TV,0,0,2.4316406,-0.8852539,-1.9208984,3.3168945,-1.71484375,-1.3628255158662799,-1.3628255158662799,0.60727453,0.2292427,0.16348282
103,247318$_$6,missing,TV,1,1,-0.7392578,1.9873047,0.37426758,1.6130371,-0.0002923011779785156,0.008815643191337524,0.008815643191337524,0.41318086,0.34053192,0.24628723
104,252998$_$1,missing,TV,1,1,0.099731445,1.9931641,-0.51171875,1.8934326,0.045654296875,0.045572921633720335,0.045572921633720335,0.3509795,0.31514782,0.33387265
105,252998$_$0,missing,TV,1,1,-0.7553711,1.8154297,0.5722656,1.2431641,0.18115234375,0.15397135913372034,0.15397135913372034,0.39604878,0.3105409,0.2934103
106,252998$_$5,missing,TV,0,0,2.8066406,-1.8769531,-1.9677734,4.6835938,-2.26953125,-1.8065755158662797,-1.8065755158662797,0.57475036,0.18552445,0.23972516
107,252998$_$4,missing,TV,0,0,1.9189453,-0.076538086,-1.7675781,1.9954834,-1.103515625,-0.8737630158662797,-0.8737630158662797,0.5147081,0.24032335,0.24496856
108,252998$_$7,missing,TV,2,2,0.10522461,-1.40625,0.54345703,0.43823242,0.6630859375,0.5395182341337204,0.5395182341337204,0.5522664,0.21811727,0.22961633
109,252998$_$8,missing,TV,0,0,1.8896484,0.04458618,-2.0351562,1.8450623,-1.123046875,-0.8893880158662797,-0.8893880158662797,0.59073836,0.23521553,0.17404619
110,257247$_$10,missing,TV,0,0,2.3085938,-0.99121094,-1.8603516,3.2998047,-1.314453125,-1.0425130158662796,-1.0425130158662796,0.5759493,0.25054842,0.17350225
111,257247$_$12,missing,TV,0,0,2.3730469,-1.2666016,-1.9599609,3.6396484,-1.759765625,-1.3987630158662798,-1.3987630158662798,0.61157554,0.23463838,0.15378608
112,257247$_$2,missing,TV,1,1,-0.7919922,2.1015625,0.47045898,1.6311035,-0.082275390625,-0.05677082836627967,-0.05677082836627967,0.41903964,0.36504155,0.21591881
113,258654$_$1,missing,TV,0,0,2.328125,-1.5673828,-1.7099609,3.8955078,-2.05078125,-1.6315755158662797,-1.6315755158662797,0.60959804,0.22198676,0.16841519
114,258654$_$3,missing,TV,0,0,2.0410156,-2.1425781,-1.1533203,3.194336,-1.904296875,-1.5143880158662797,-1.5143880158662797,0.6404239,0.20731172,0.15226442
115,258654$_$4,missing,TV,1,1,-0.63183594,2.0546875,0.6274414,1.4272461,0.03363037109375,0.035953781008720334,0.035953781008720334,0.4075351,0.34393856,0.24852629
116,266791$_$24,missing,TV,0,0,2.3652344,-1.0654297,-2.0097656,3.430664,-1.646484375,-1.3081380158662799,-1.3081380158662799,0.5594207,0.2374253,0.20315401
117,266791$_$20,missing,TV,2,2,-0.18884277,-0.5571289,0.5605469,0.74938965,0.6484375,0.5277994841337204,0.5277994841337204,0.53077394,0.2525043,0.21672182
118,266791$_$21,missing,TV,0,0,2.3300781,-1.1806641,-1.9306641,3.5107422,-1.580078125,-1.2550130158662798,-1.2550130158662798,0.54927224,0.22339283,0.22733492
119,266791$_$23,missing,TV,1,1,-0.43798828,0.91064453,0.5942383,0.31640625,0.1854248046875,0.15738932788372034,0.15738932788372034,0.4117479,0.29686198,0.29139012
120,266791$_$29,missing,TV,1,1,-0.4116211,2.0683594,0.05456543,2.013794,0.06951904296875,0.06466471850872034,0.06466471850872034,0.401335,0.32250586,0.27615914
121,266791$_$3,missing,TV,0,0,0.87890625,0.828125,-0.9399414,0.05078125,-0.04815673828125,-0.029475906491279666,-0.029475906491279666,0.4146269,0.30299595,0.28237715
122,266791$_$5,missing,TV,0,0,2.2597656,-1.1669922,-1.921875,3.4267578,-1.767578125,-1.4050130158662797,-1.4050130158662797,0.6011777,0.22138068,0.1774416
123,266791$_$4,missing,TV,0,0,2.3632812,-1.1298828,-2.0097656,3.493164,-1.7255859375,-1.3714192658662798,-1.3714192658662798,0.5712678,0.23259252,0.19613972
124,266791$_$6,missing,TV,1,1,-0.056915283,2.0253906,-0.16455078,2.082306,0.1962890625,0.16608073413372035,0.16608073413372035,0.38989508,0.32614225,0.28396264
125,266791$_$8,missing,TV,0,1,1.0527344,1.1054688,-1.3730469,-0.052734375,-0.115234375,-0.08313801586627967,-0.08313801586627967,0.5035911,0.27160633,0.22480252
126,266791$_$11,missing,TV,2,2,-0.0036315918,-0.5527344,0.53027344,0.533905,0.489990234375,0.4010416716337204,0.4010416716337204,0.5187837,0.2603954,0.2208209
127,266791$_$14,missing,TV,1,1,0.18225098,0.8691406,-0.20727539,0.68688965,-0.1051025390625,-0.07503254711627967,-0.07503254711627967,0.4571565,0.29543224,0.24741128
128,270254$_$23,missing,TV,0,0,1.6611328,-0.79052734,-1.2226562,2.4516602,-0.81884765625,-0.6460286408662798,-0.6460286408662798,0.47864974,0.28364432,0.23770593
129,270254$_$0,missing,TV,2,1,-1.0722656,1.6982422,1.1386719,-0.5595703,0.19775390625,0.16725260913372034,0.16725260913372034,0.4217245,0.3502257,0.22804983
130,270254$_$6,missing,TV,1,1,0.06628418,1.1035156,-0.16772461,1.0372314,0.06146240234375,0.05821940600872034,0.05821940600872034,0.4368536,0.31281918,0.25032723
131,270254$_$8,missing,TV,0,0,2.5917969,-1.6748047,-1.8828125,4.2666016,-2.1171875,-1.6847005158662798,-1.6847005158662798,0.5983879,0.20965804,0.19195405
132,270254$_$11,missing,TV,2,1,-0.9057617,1.6513672,1.0048828,-0.6464844,0.1602783203125,0.13727214038372035,0.13727214038372035,0.41372687,0.3287769,0.25749627
133,270254$_$14,missing,TV,0,1,0.39819336,0.97216797,-0.42529297,-0.5739746,-0.07635498046875,-0.05203450024127967,-0.05203450024127967,0.45150396,0.27765092,0.2708451
134,270254$_$16,missing,TV,1,1,-0.019500732,0.7475586,0.15124512,0.5963135,0.11474609375,0.10084635913372034,0.10084635913372034,0.47016403,0.2957316,0.23410438
135,272624$_$10,missing,TV,0,0,2.4492188,-1.09375,-2.0175781,3.5429688,-1.650390625,-1.3112630158662797,-1.3112630158662797,0.60682124,0.23573469,0.15744409
136,272624$_$13,missing,TV,2,2,0.1517334,-1.3476562,0.7895508,0.6378174,0.724609375,0.5887369841337203,0.5887369841337203,0.56444484,0.26587424,0.16968094
137,272624$_$12,missing,TV,0,0,1.6611328,-0.29418945,-1.5166016,1.9553223,-0.64453125,-0.5065755158662797,-0.5065755158662797,0.5586098,0.27675542,0.16463481
138,272624$_$16,missing,TV,0,0,1.9521484,-0.8310547,-1.6777344,2.7832031,-1.298828125,-1.0300130158662797,-1.0300130158662797,0.5979108,0.24337004,0.15871912
139,272624$_$18,missing,TV,1,1,-0.52685547,1.9599609,0.4255371,1.5344238,0.1326904296875,0.11520182788372034,0.11520182788372034,0.46365342,0.31655657,0.21979001
140,272624$_$2,missing,TV,1,1,-0.5390625,2.1054688,0.06506348,2.0404053,-0.0615234375,-0.04016926586627967,-0.04016926586627967,0.4541955,0.3269948,0.21880971
141,272624$_$6,missing,TV,1,1,0.56689453,1.0019531,-0.8618164,0.4350586,-0.454833984375,-0.3548177033662797,-0.3548177033662797,0.52771,0.27997905,0.19231097
142,272624$_$9,missing,TV,0,0,1.1611328,-1.8652344,-0.33666992,1.4978027,-0.52001953125,-0.4069661408662797,-0.4069661408662797,0.6522923,0.20711084,0.14059685
143,272624$_$8,missing,TV,0,0,2.5019531,-1.6386719,-2.015625,4.140625,-2.09765625,-1.6690755158662798,-1.6690755158662798,0.63114285,0.21994345,0.14891368
144,273539$_$3,missing,TV,0,0,2.6152344,-1.4228516,-2.0429688,4.038086,-1.994140625,-1.5862630158662798,-1.5862630158662798,0.61488134,0.21915726,0.16596138
145,273539$_$2,missing,TV,1,1,-0.40478516,2.3867188,0.015258789,2.37146,0.0091400146484375,0.016361495852470338,0.016361495852470338,0.3948602,0.32310095,0.28203884
146,273539$_$9,missing,TV,0,0,2.0117188,-1.6845703,-1.3632812,3.375,-1.5234375,-1.2097005158662797,-1.2097005158662797,0.58260995,0.22342987,0.19396019
147,290546$_$3,missing,TV,0,0,1.0234375,0.22436523,-0.9819336,0.79907227,-0.265625,-0.20345051586627969,-0.20345051586627969,0.48400176,0.30496806,0.21103016
148,290546$_$5,missing,TV,0,0,2.1660156,-0.49291992,-1.9990234,2.6589355,-1.3984375,-1.1097005158662798,-1.1097005158662798,0.57891065,0.22807361,0.19301572
149,290546$_$7,missing,TV,0,0,0.8149414,-0.39526367,-0.6069336,1.2102051,-0.39404296875,-0.30618489086627965,-0.30618489086627965,0.55674845,0.23702034,0.20623118
150,290546$_$6,missing,TV,0,1,0.7055664,1.1152344,-0.82910156,-0.40966797,-0.165283203125,-0.12317707836627967,-0.12317707836627967,0.47889835,0.29828295,0.2228187
151,2S00zYaVrtc$_$10,missing,TV,0,0,1.9677734,-1.1777344,-1.5185547,3.1455078,-1.173828125,-0.9300130158662797,-0.9300130158662797,0.55998915,0.22684126,0.21316954
152,2S00zYaVrtc$_$12,missing,TV,2,2,-1.2490234,0.009857178,1.8974609,1.8876038,0.8427734375,0.6832682341337204,0.6832682341337204,0.47948992,0.27781516,0.2426949
153,2S00zYaVrtc$_$20,missing,TV,2,2,-1.4599609,-0.58251953,2.4179688,3.0004883,1.4521484375,1.1707682341337204,1.1707682341337204,0.50703645,0.26428396,0.2286796
154,2S00zYaVrtc$_$17,missing,TV,0,0,0.7753906,-0.033172607,-0.5786133,0.80856323,-0.274658203125,-0.21067707836627966,-0.21067707836627966,0.4636911,0.28310573,0.25320318
155,2S00zYaVrtc$_$5,missing,TV,2,2,-1.5039062,-0.52001953,2.4101562,2.9301758,1.4716796875,1.1863932341337204,1.1863932341337204,0.5132609,0.2585939,0.2281452
156,2S00zYaVrtc$_$4,missing,TV,2,2,-0.92822266,0.14453125,1.4560547,1.3115234,0.6787109375,0.5520182341337203,0.5520182341337203,0.47261256,0.29592526,0.23146218
157,2Xt31_d0XEE$_$2,missing,TV,2,2,-1.5400391,-0.6435547,2.65625,3.2998047,1.7138671875,1.3801432341337203,1.3801432341337203,0.47508383,0.28374782,0.24116835
158,31474$_$11,missing,TV,1,1,-0.33276367,1.2705078,0.28515625,0.98535156,-0.0860595703125,-0.05979817211627966,-0.05979817211627966,0.4061472,0.3448987,0.24895412
159,31474$_$14,missing,TV,0,0,0.8520508,-1.0664062,-0.2626953,1.1147461,0.16748046875,0.14303385913372035,0.14303385913372035,0.5582947,0.26452154,0.1771837
160,31474$_$0,missing,TV,2,1,-1.1611328,1.6132812,1.3886719,-0.22460938,0.328369140625,0.2717447966337203,0.2717447966337203,0.40496254,0.35395664,0.24108082
161,31474$_$3,missing,TV,1,1,-0.56884766,1.8466797,0.4020996,1.4445801,0.030487060546875,0.03343913257122034,0.03343913257122034,0.42848942,0.34133333,0.23017728
162,31474$_$6,missing,TV,0,0,2.7167969,-1.7197266,-2.0195312,4.4365234,-2.212890625,-1.7612630158662799,-1.7612630158662799,0.6249984,0.22274457,0.15225701
163,31474$_$9,missing,TV,0,0,2.0449219,-0.43725586,-1.6337891,2.4821777,-1.19140625,-0.9440755158662797,-0.9440755158662797,0.5847076,0.22967505,0.18561734
164,31474$_$8,missing,TV,0,0,2.3339844,-0.6254883,-1.9472656,2.9594727,-1.4091796875,-1.1182942658662798,-1.1182942658662798,0.6272713,0.21251759,0.16021112
165,32681$_$1,missing,TV,0,2,0.14489746,-0.43359375,0.14538574,-0.00048828125,0.408203125,0.3356119841337204,0.3356119841337204,0.5431105,0.27960473,0.17728473
166,32681$_$3,missing,TV,0,0,2.5214844,-1.5302734,-2.0078125,4.051758,-2.162109375,-1.7206380158662797,-1.7206380158662797,0.63208246,0.22431365,0.14360392
167,32681$_$5,missing,TV,0,0,2.0351562,-1.4404297,-1.5537109,3.475586,-1.8193359375,-1.4464192658662798,-1.4464192658662798,0.6312682,0.2357535,0.13297828
168,32681$_$6,missing,TV,0,0,2.3300781,-0.8310547,-2.0625,3.1611328,-1.703125,-1.3534505158662797,-1.3534505158662797,0.6153319,0.24126658,0.14340152
169,33170$_$1,missing,TV,0,0,1.7587891,0.10192871,-1.7646484,1.6568604,-1.29296875,-1.0253255158662797,-1.0253255158662797,0.5811981,0.23514515,0.18365674
170,33170$_$3,missing,TV,0,0,1.7705078,-1.8564453,-1.0117188,2.7822266,-1.564453125,-1.2425130158662798,-1.2425130158662798,0.6463191,0.19919509,0.15448588
171,33170$_$4,missing,TV,0,0,2.3652344,-1.5292969,-1.6884766,3.8945312,-1.876953125,-1.4925130158662798,-1.4925130158662798,0.61421055,0.2084204,0.17736906
172,3MFNIag0wNE$_$12,missing,TV,0,0,2.3320312,-1.5058594,-1.8447266,3.8378906,-1.6318359375,-1.2964192658662799,-1.2964192658662799,0.56811756,0.22760516,0.20427725
173,3MFNIag0wNE$_$14,missing,TV,0,0,2.6503906,-1.7167969,-1.984375,4.3671875,-2.01171875,-1.6003255158662797,-1.6003255158662797,0.5704898,0.22267771,0.20683248
174,3MFNIag0wNE$_$16,missing,TV,1,2,-1.1005859,1.2294922,1.2714844,-0.041992188,0.391845703125,0.3225260466337203,0.3225260466337203,0.43508235,0.31171408,0.25320354
175,3MFNIag0wNE$_$7,missing,TV,0,2,-0.1743164,-0.11657715,0.5488281,-0.72314453,0.363037109375,0.2994791716337204,0.2994791716337204,0.4590192,0.2896472,0.25133356
176,3V2qm0rw920$_$11,missing,TV,2,1,-0.88427734,1.1630859,1.0898438,-0.07324219,0.1429443359375,0.12340495288372035,0.12340495288372035,0.3902929,0.32897723,0.2807299
177,3V2qm0rw920$_$13,missing,TV,2,2,-1.4658203,-0.28173828,2.3515625,2.6333008,1.2021484375,0.9707682341337204,0.9707682341337204,0.5058771,0.25382003,0.24030285
178,3V2qm0rw920$_$3,missing,TV,1,1,-0.74072266,1.2539062,0.8388672,0.41503906,0.04852294921875,0.04786784350872034,0.04786784350872034,0.41086602,0.30185217,0.28728175
179,3j94B0pzSVs$_$12,missing,TV,2,2,-1.5527344,0.22509766,2.359375,2.1342773,0.89501953125,0.7250651091337204,0.7250651091337204,0.46442673,0.31236234,0.223211
180,3j94B0pzSVs$_$17,missing,TV,0,0,1.9667969,-0.89453125,-1.4589844,2.8613281,-1.0966796875,-0.8682942658662798,-0.8682942658662798,0.5508093,0.26214528,0.18704544
181,3j94B0pzSVs$_$1,missing,TV,0,0,0.22509766,0.15307617,0.15112305,0.072021484,0.279052734375,0.23229167163372036,0.23229167163372036,0.49859074,0.2800061,0.22140317
182,3j94B0pzSVs$_$0,missing,TV,1,1,-0.6098633,1.7021484,0.79541016,0.9067383,0.21240234375,0.17897135913372034,0.17897135913372034,0.41209155,0.33719823,0.25071022
183,4cFeG2ydm9A$_$8,missing,TV,2,2,-1.0673828,-0.22106934,1.9150391,2.1361084,1.154296875,0.9324869841337203,0.9324869841337203,0.45651013,0.283525,0.25996485
184,4dV3slGSc60$_$10,missing,TV,2,2,-1.2324219,1.2373047,1.5498047,0.3125,0.322021484375,0.2666666716337204,0.2666666716337204,0.4135948,0.32077506,0.26563013
185,4dV3slGSc60$_$12,missing,TV,2,2,-1.1044922,1.03125,1.4013672,0.3701172,0.46435546875,0.3805338591337204,0.3805338591337204,0.4227293,0.29552466,0.281746
186,4dV3slGSc60$_$22,missing,TV,2,2,-1.1591797,1.1513672,1.5791016,0.42773438,0.4248046875,0.3488932341337203,0.3488932341337203,0.4375621,0.29540864,0.2670292
187,4dV3slGSc60$_$9,missing,TV,2,2,-1.1396484,1.0439453,1.5449219,0.50097656,0.48193359375,0.3945963591337204,0.3945963591337204,0.41072533,0.3452141,0.24406056
188,4dV3slGSc60$_$8,missing,TV,2,2,-1.3427734,-0.41748047,2.3046875,2.722168,1.634765625,1.3168619841337204,1.3168619841337204,0.5132565,0.30243173,0.18431179
189,50103$_$3,missing,TV,0,0,2.7324219,-1.7529297,-2.0527344,4.4853516,-2.259765625,-1.7987630158662797,-1.7987630158662797,0.625561,0.20229246,0.17214657
190,5B0PQx3Ep3k$_$5,missing,TV,2,2,-1.1230469,0.54589844,1.6923828,1.1464844,0.62255859375,0.5070963591337203,0.5070963591337203,0.41716245,0.28244606,0.30039147
191,5O1W39o56gg$_$1,missing,TV,1,1,-0.9584961,1.8867188,0.9711914,0.91552734,0.290771484375,0.24166667163372035,0.24166667163372035,0.36731547,0.3371158,0.29556873
192,5O1W39o56gg$_$2,missing,TV,1,1,-0.9248047,1.7978516,0.9584961,0.83935547,0.277587890625,0.23111979663372034,0.23111979663372034,0.39625263,0.32937324,0.27437416
193,5O1W39o56gg$_$9,missing,TV,2,2,-1.6191406,0.22912598,2.40625,2.177124,1.220703125,0.9856119841337203,0.9856119841337203,0.44608808,0.30127016,0.25264186
194,5i6AgQSjXO4$_$3,missing,TV,2,2,-1.0576172,1.3798828,1.3867188,0.0068359375,0.5556640625,0.45358073413372035,0.45358073413372035,0.4043412,0.3374999,0.25815895
195,5i6AgQSjXO4$_$2,missing,TV,2,2,-1.0742188,0.12780762,1.6552734,1.5274658,1.0244140625,0.8285807341337204,0.8285807341337204,0.4184926,0.30817482,0.27333257
196,5i6AgQSjXO4$_$6,missing,TV,1,1,-0.44335938,2.2050781,0.088256836,2.1168213,-0.0035533905029296875,0.006206771731376587,0.006206771731376587,0.39755246,0.34660357,0.255844
197,5kaCGzjYukM$_$0,missing,TV,1,1,-0.4165039,0.9404297,0.48535156,0.45507812,0.1849365234375,0.15699870288372034,0.15699870288372034,0.41205567,0.32127964,0.26666465
198,5kaCGzjYukM$_$3,missing,TV,0,0,1.4755859,-0.12780762,-1.3466797,1.6033936,-0.6787109375,-0.5339192658662797,-0.5339192658662797,0.453583,0.29871032,0.2477067
199,5kaCGzjYukM$_$2,missing,TV,0,0,2.2363281,-1.4482422,-1.7167969,3.6845703,-1.59375,-1.2659505158662798,-1.2659505158662798,0.53344846,0.24421652,0.22233498
200,5kaCGzjYukM$_$5,missing,TV,0,0,2.3535156,-1.2939453,-1.9111328,3.647461,-1.7900390625,-1.4229817658662798,-1.4229817658662798,0.5491547,0.21305701,0.23778832
201,5kaCGzjYukM$_$7,missing,TV,2,2,-1.0449219,-0.22375488,1.7441406,1.9678955,0.96826171875,0.7836588591337204,0.7836588591337204,0.48097786,0.3031111,0.215911
202,6KvG5VbLalY$_$9,missing,TV,2,2,-0.6743164,0.9345703,1.1689453,0.234375,0.34814453125,0.28756510913372035,0.28756510913372035,0.37212026,0.2887315,0.33914828
203,6ZA8I83x-oY$_$0,missing,TV,2,1,-0.24572754,0.42993164,0.31152344,-0.1184082,0.24462890625,0.20475260913372034,0.20475260913372034,0.45110393,0.2969427,0.25195336
204,6ZA8I83x-oY$_$2,missing,TV,2,2,-1.1777344,-0.7998047,2.2734375,3.0732422,1.6484375,1.3277994841337204,1.3277994841337204,0.529605,0.2662402,0.20415485
205,6hFiTU77Sm0$_$1,missing,TV,2,2,-0.4609375,0.70214844,0.8769531,0.17480469,0.451904296875,0.37057292163372035,0.37057292163372035,0.44086182,0.29847482,0.26066333
206,6hFiTU77Sm0$_$2,missing,TV,1,1,0.40161133,1.171875,-0.32543945,0.7702637,-0.035430908203125,-0.019295242428779665,-0.019295242428779665,0.41959566,0.30639207,0.27401224
207,6uPGcKTpC4I$_$1,missing,TV,2,2,-1.0400391,0.38745117,1.5693359,1.1818848,0.78662109375,0.6383463591337204,0.6383463591337204,0.4233655,0.27311444,0.30352
208,6uPGcKTpC4I$_$2,missing,TV,2,2,-1.0566406,0.07702637,1.6660156,1.5889893,0.90380859375,0.7320963591337204,0.7320963591337204,0.43328682,0.24126877,0.32544443
209,6uPGcKTpC4I$_$6,missing,TV,2,2,-1.3115234,1.1337891,1.6416016,0.5078125,0.498046875,0.4074869841337203,0.4074869841337203,0.3718453,0.2798252,0.34832942
210,70280$_$11,missing,TV,0,0,2.078125,-1.6103516,-1.3613281,3.4394531,-1.703125,-1.3534505158662797,-1.3534505158662797,0.62572795,0.22537638,0.14889571
211,70280$_$3,missing,TV,0,0,1.984375,-0.82714844,-1.6845703,2.8115234,-1.1533203125,-0.9136067658662798,-0.9136067658662798,0.59466195,0.2475033,0.1578348
212,70280$_$4,missing,TV,2,2,-1.1464844,0.55859375,1.6943359,1.1357422,0.72900390625,0.5922526091337204,0.5922526091337204,0.47666237,0.32297447,0.20036311
213,70280$_$6,missing,TV,0,0,0.7089844,-1.0751953,0.03137207,0.6776123,-0.0372314453125,-0.020735672116279663,-0.020735672116279663,0.6062592,0.24208593,0.15165485
214,75RGHaxmUK8$_$3,missing,TV,2,2,-1.3544922,1.5068359,1.6367188,0.12988281,0.404296875,0.33248698413372035,0.33248698413372035,0.39612383,0.35649875,0.2473774
215,75RGHaxmUK8$_$5,missing,TV,1,1,-0.81591797,2.2675781,0.578125,1.6894531,0.00988006591796875,0.016953536868095337,0.016953536868095337,0.40194765,0.34473145,0.2533209
216,7_K3F-lAv1k$_$2,missing,TV,2,2,-0.16027832,0.31884766,0.54345703,0.22460938,0.3203125,0.2652994841337204,0.2652994841337204,0.45620075,0.2815561,0.26224312
217,7r4vRxKLFCA$_$6,missing,TV,2,2,-1.0732422,0.111328125,1.7128906,1.6015625,0.9755859375,0.7895182341337204,0.7895182341337204,0.47430062,0.31205794,0.2136414
218,80566$_$1,missing,TV,2,2,-1.3427734,0.24035645,2.1191406,1.8787842,0.9990234375,0.8082682341337204,0.8082682341337204,0.48137665,0.2801062,0.23851721
219,80566$_$0,missing,TV,1,1,-0.5957031,2.2460938,0.23388672,2.012207,-0.047698974609375,-0.029109695553779666,-0.029109695553779666,0.41694647,0.32856873,0.25448474
220,80566$_$3,missing,TV,1,1,-0.85253906,1.2519531,1.0166016,0.23535156,0.153564453125,0.13190104663372035,0.13190104663372035,0.409464,0.34320107,0.24733488
221,80566$_$2,missing,TV,1,1,-0.99072266,1.6728516,0.87109375,0.8017578,0.0131988525390625,0.019608566164970337,0.019608566164970337,0.41929182,0.35156354,0.22914466
222,80566$_$4,missing,TV,0,0,0.65527344,-1.0927734,-0.26293945,0.9182129,-0.12322998046875,-0.08953450024127967,-0.08953450024127967,0.5247526,0.26160607,0.21364138
223,80566$_$6,missing,TV,0,0,1.78125,-0.31323242,-1.625,2.0944824,-1.00390625,-0.7940755158662798,-0.7940755158662798,0.5311491,0.24385831,0.22499257
224,80855$_$11,missing,TV,1,1,-0.48413086,2.0878906,0.12023926,1.9676514,0.0007648468017578125,0.009661361575126587,0.009661361575126587,0.3961623,0.33104274,0.27279493
225,80855$_$10,missing,TV,1,1,-0.20275879,2.1699219,-0.35961914,2.3726807,-0.0771484375,-0.052669265866279666,-0.052669265866279666,0.37720555,0.34244,0.28035444
226,80855$_$12,missing,TV,0,0,1.3056641,0.85058594,-1.7353516,0.45507812,-0.685546875,-0.5393880158662797,-0.5393880158662797,0.5019698,0.30838338,0.18964678
227,80855$_$15,missing,TV,2,2,-1.4853516,-0.22253418,2.4335938,2.656128,1.5029296875,1.2113932341337204,1.2113932341337204,0.53632396,0.25072497,0.2129511
228,80855$_$17,missing,TV,0,0,2.0683594,-1.1962891,-1.4990234,3.2646484,-1.267578125,-1.0050130158662798,-1.0050130158662798,0.5565816,0.24536546,0.19805293
229,80855$_$0,missing,TV,1,1,-0.52978516,2.1894531,0.26586914,1.923584,0.006237030029296875,0.014039108157157837,0.014039108157157837,0.39868617,0.33274576,0.26856807
230,80855$_$3,missing,TV,1,1,-0.875,1.6376953,0.89160156,0.74609375,0.2109375,0.17779948413372035,0.17779948413372035,0.4264999,0.30307692,0.27042323
231,80855$_$2,missing,TV,1,1,0.5307617,1.2724609,-0.91552734,0.7416992,-0.237548828125,-0.18098957836627969,-0.18098957836627969,0.47183418,0.30209714,0.22606869
232,80855$_$7,missing,TV,1,1,0.4482422,1.7568359,-0.84472656,1.3085938,-0.1748046875,-0.13079426586627968,-0.13079426586627968,0.4388237,0.3255975,0.2355788
233,80855$_$20,missing,TV,2,1,-0.80908203,1.1992188,0.94970703,-0.24951172,0.36669921875,0.3024088591337204,0.3024088591337204,0.4063035,0.3164326,0.2772639
234,830KzUc6CbU$_$0,missing,TV,1,1,-0.515625,2.2558594,0.25708008,1.9987793,0.1900634765625,0.16110026538372035,0.16110026538372035,0.3607713,0.34137577,0.29785293
235,830KzUc6CbU$_$13,missing,TV,0,0,1.3457031,0.32177734,-1.2724609,1.0239258,-0.44921875,-0.3503255158662797,-0.3503255158662797,0.48587656,0.26790118,0.24622224
236,84140$_$0,missing,TV,2,2,0.16394043,-0.6689453,0.57421875,0.41027832,0.70263671875,0.5711588591337203,0.5711588591337203,0.5331702,0.26541212,0.20141764
237,84140$_$5,missing,TV,0,0,2.3632812,-1.5361328,-1.7197266,3.899414,-1.7841796875,-1.4182942658662798,-1.4182942658662798,0.5941331,0.21585649,0.19001047
238,89835$_$1,missing,TV,2,2,-1.15625,1.0185547,1.5957031,0.57714844,0.66357421875,0.5399088591337203,0.5399088591337203,0.4251752,0.33646905,0.23835571
239,89835$_$0,missing,TV,1,1,-1.0146484,1.4355469,1.1650391,0.2705078,0.333984375,0.27623698413372033,0.27623698413372033,0.39845708,0.3465231,0.25501984
240,89835$_$4,missing,TV,0,0,1.7802734,-0.20568848,-1.4814453,1.9859619,-0.73291015625,-0.5772786408662797,-0.5772786408662797,0.5708315,0.2538398,0.17532872
241,89835$_$7,missing,TV,0,0,2.4316406,-1.9951172,-1.46875,3.9003906,-2.025390625,-1.6112630158662797,-1.6112630158662797,0.6362769,0.20697516,0.1567479
242,8eaYvALnJ0o$_$1,missing,TV,2,2,-1.6650391,-0.0262146,2.5976562,2.6238708,1.2880859375,1.0395182341337204,1.0395182341337204,0.47137773,0.31420708,0.21441513
243,8eaYvALnJ0o$_$0,missing,TV,2,2,-1.6572266,-0.1171875,2.6015625,2.71875,1.361328125,1.0981119841337204,1.0981119841337204,0.51650137,0.28849927,0.19499937
244,8x_nCOh6Wmc$_$6,missing,TV,2,2,-1.1132812,-0.7011719,2.2519531,2.953125,1.55859375,1.2559244841337205,1.2559244841337205,0.47638628,0.24002974,0.283584
245,96642$_$1,missing,TV,0,0,1.7099609,0.041900635,-1.8349609,1.6680603,-1.30078125,-1.0315755158662798,-1.0315755158662798,0.59834474,0.25317806,0.14847717
246,96642$_$3,missing,TV,2,2,-1.3994141,0.07751465,2.234375,2.1568604,1.2490234375,1.0082682341337204,1.0082682341337204,0.5035924,0.28616738,0.21024022
247,96642$_$2,missing,TV,1,1,-0.87646484,2.1777344,0.765625,1.4121094,0.0740966796875,0.06832682788372034,0.06832682788372034,0.40165073,0.37732792,0.22102134
248,96642$_$4,missing,TV,0,0,2.6230469,-1.6533203,-1.9423828,4.276367,-2.13671875,-1.7003255158662798,-1.7003255158662798,0.64476335,0.21556035,0.13967627
249,99501$_$10,missing,TV,0,2,0.3244629,-1.0527344,0.39160156,-0.06713867,0.5341796875,0.43639323413372033,0.43639323413372033,0.5499836,0.26375395,0.18626246
250,99501$_$13,missing,TV,0,0,2.3359375,-1.46875,-1.8085938,3.8046875,-1.7890625,-1.4222005158662798,-1.4222005158662798,0.5875896,0.24597411,0.16643627
251,99501$_$1,missing,TV,1,1,-1.0478516,2.0761719,0.8833008,1.1928711,0.2054443359375,0.17340495288372035,0.17340495288372035,0.4073537,0.3572843,0.23536208
252,99501$_$0,missing,TV,1,1,-0.9223633,1.9765625,0.70703125,1.2695312,0.0833740234375,0.07574870288372033,0.07574870288372033,0.4159218,0.32221347,0.2618647
253,99501$_$5,missing,TV,0,0,1.1923828,-0.36889648,-0.8833008,1.5612793,-0.5087890625,-0.39798176586627965,-0.39798176586627965,0.5579019,0.25600982,0.1860883
254,99501$_$7,missing,TV,2,2,-0.8847656,-0.34814453,1.7880859,2.1362305,1.0595703125,0.8567057341337203,0.8567057341337203,0.4973279,0.3019157,0.20075636
255,9QI-9w_VdB4$_$0,missing,TV,2,2,-0.80908203,0.9277344,1.0527344,0.125,0.41015625,0.3371744841337203,0.3371744841337203,0.37146047,0.31914532,0.3093942
256,AG5EY8ZaFj4$_$3,missing,TV,1,1,-1.0371094,1.5175781,1.3583984,0.15917969,0.37744140625,0.31100260913372035,0.31100260913372035,0.39860973,0.3265768,0.2748135
257,AG5EY8ZaFj4$_$15,missing,TV,1,1,-0.66748047,1.0205078,0.89501953,0.12548828,0.2490234375,0.20826823413372034,0.20826823413372034,0.3456459,0.34256595,0.31178814
258,Arh2TKRi_mg$_$15,missing,TV,2,2,-1.375,0.33081055,2.0058594,1.6750488,0.75439453125,0.6125651091337203,0.6125651091337203,0.44195828,0.30536255,0.25267917
259,Arh2TKRi_mg$_$14,missing,TV,2,2,-1.2460938,0.859375,1.6982422,0.8388672,0.42822265625,0.3516276091337204,0.3516276091337204,0.41556588,0.3109832,0.27345088
260,Arh2TKRi_mg$_$16,missing,TV,1,1,-0.75927734,1.0136719,1.0058594,0.0078125,0.49072265625,0.4016276091337203,0.4016276091337203,0.3970354,0.30890393,0.29406065
261,Arh2TKRi_mg$_$19,missing,TV,2,2,-0.85498047,0.49194336,1.2519531,0.76000977,0.462890625,0.37936198413372035,0.37936198413372035,0.42657432,0.3078678,0.26555791
262,Arh2TKRi_mg$_$32,missing,TV,2,2,-1.5693359,-0.48706055,2.7265625,3.213623,1.71484375,1.3809244841337205,1.3809244841337205,0.46925202,0.24627005,0.2844779
263,Arh2TKRi_mg$_$28,missing,TV,0,0,1.7412109,-0.21472168,-1.2685547,1.9559326,-0.6748046875,-0.5307942658662798,-0.5307942658662798,0.52481204,0.2380769,0.23711103
264,Arh2TKRi_mg$_$3,missing,TV,2,2,-1.0253906,0.8256836,1.4238281,0.59814453,0.591796875,0.4824869841337204,0.4824869841337204,0.39933702,0.29056802,0.310095
265,AxNy9TeTLq8$_$0,missing,TV,2,2,-1.7236328,-0.5644531,2.8867188,3.4511719,1.853515625,1.4918619841337204,1.4918619841337204,0.50629336,0.25388688,0.23981977
266,BSKAHXFYF_I$_$1,missing,TV,1,1,-0.34765625,2.0878906,0.10412598,1.9837646,0.137451171875,0.11901042163372035,0.11901042163372035,0.419015,0.31695524,0.26402974
267,BSKAHXFYF_I$_$3,missing,TV,1,1,-0.83154297,1.953125,0.8095703,1.1435547,0.226318359375,0.19010417163372034,0.19010417163372034,0.41012064,0.32719782,0.26268157
268,BSKAHXFYF_I$_$7,missing,TV,1,1,-0.61328125,2.1445312,0.4736328,1.6708984,0.12158203125,0.10631510913372035,0.10631510913372035,0.41811496,0.3427991,0.23908596
269,BSKAHXFYF_I$_$8,missing,TV,1,1,-0.47924805,1.7646484,0.44750977,1.3171387,0.166259765625,0.14205729663372035,0.14205729663372035,0.37328142,0.34498847,0.2817301
270,Baz0VVQ-E9E$_$10,missing,TV,0,0,2.1757812,-1.0322266,-1.7587891,3.2080078,-1.34375,-1.0659505158662796,-1.0659505158662796,0.5605854,0.24143466,0.19797999
271,Baz0VVQ-E9E$_$1,missing,TV,1,1,-0.1796875,1.8427734,-0.036987305,1.8797607,-0.05914306640625,-0.038264968991279666,-0.038264968991279666,0.4505799,0.32769197,0.22172818
272,Baz0VVQ-E9E$_$5,missing,TV,0,0,1.5673828,0.3684082,-1.7451172,1.1989746,-0.68603515625,-0.5397786408662797,-0.5397786408662797,0.57323855,0.25391933,0.17284214
273,Baz0VVQ-E9E$_$7,missing,TV,2,2,-0.8676758,-0.14855957,1.4746094,1.623169,0.7646484375,0.6207682341337204,0.6207682341337204,0.4928995,0.29469842,0.21240206
274,CJGuudyvA0Y$_$4,missing,TV,2,2,0.034301758,-0.27368164,0.33569336,0.3013916,0.2431640625,0.20358073413372035,0.20358073413372035,0.50503695,0.2837074,0.21125565
275,CPjbogfLHR4$_$2,missing,TV,2,1,-0.76220703,1.0263672,1.0117188,-0.0146484375,0.33984375,0.2809244841337204,0.2809244841337204,0.45275497,0.32029104,0.22695398
276,CPjbogfLHR4$_$5,missing,TV,2,2,-1.2431641,1.3457031,1.6689453,0.3232422,0.4541015625,0.3723307341337203,0.3723307341337203,0.44820842,0.32921168,0.2225799
277,DdUJojoFU_c$_$11,missing,TV,2,1,-0.83251953,1.1875,0.8725586,-0.3149414,0.25390625,0.21217448413372034,0.21217448413372034,0.39822322,0.29839236,0.30338442
278,DdUJojoFU_c$_$15,missing,TV,2,2,-1.2382812,1.3261719,1.3496094,0.0234375,0.268310546875,0.22369792163372035,0.22369792163372035,0.37296164,0.3276486,0.29938975
279,DdUJojoFU_c$_$14,missing,TV,2,2,-1.5576172,0.3112793,2.2148438,1.9035645,1.15234375,0.9309244841337203,0.9309244841337203,0.36321154,0.29688403,0.3399044
280,DdUJojoFU_c$_$17,missing,TV,1,1,-0.19909668,1.6494141,0.024047852,1.6253662,0.201416015625,0.17018229663372034,0.17018229663372034,0.43637323,0.29013193,0.27349484
281,DdUJojoFU_c$_$16,missing,TV,2,2,-1.5888672,0.24377441,2.2460938,2.0023193,1.2109375,0.9777994841337203,0.9777994841337203,0.35864794,0.29284537,0.34850666
282,DdUJojoFU_c$_$2,missing,TV,2,2,-1.1152344,0.77246094,1.4765625,0.70410156,0.5224609375,0.4270182341337203,0.4270182341337203,0.3883645,0.30038413,0.31125134
283,DdUJojoFU_c$_$6,missing,TV,1,1,-0.51708984,1.6904297,0.25610352,1.4343262,0.1136474609375,0.09996745288372035,0.09996745288372035,0.40989822,0.28403917,0.3060626
284,DdUJojoFU_c$_$8,missing,TV,2,1,-0.79052734,1.1181641,0.8588867,-0.25927734,0.30810546875,0.25553385913372034,0.25553385913372034,0.3823681,0.30567083,0.31196105
285,DlbYiwOnTyk$_$1,missing,TV,1,1,-0.7524414,1.7695312,0.62890625,1.140625,-0.06805419921875,-0.04539387524127966,-0.04539387524127966,0.42827663,0.34319487,0.22852848
286,E8MuzHUhUHk$_$15,missing,TV,2,2,-1.6425781,0.3347168,2.4667969,2.13208,1.0908203125,0.8817057341337203,0.8817057341337203,0.44789308,0.29514107,0.2569658
287,E8MuzHUhUHk$_$14,missing,TV,2,2,-1.1865234,0.3347168,1.8789062,1.5441895,0.9248046875,0.7488932341337203,0.7488932341337203,0.40806285,0.32644796,0.26548916
288,E8MuzHUhUHk$_$16,missing,TV,2,2,-1.5205078,0.020111084,2.3554688,2.3353577,1.193359375,0.9637369841337203,0.9637369841337203,0.43613523,0.30089608,0.26296872
289,E8MuzHUhUHk$_$2,missing,TV,2,2,-0.76464844,0.8642578,0.9223633,0.05810547,0.468017578125,0.3834635466337204,0.3834635466337204,0.40044647,0.30424118,0.29531237
290,E8MuzHUhUHk$_$9,missing,TV,2,2,-0.09631348,-0.103149414,0.4970703,0.5933838,0.6181640625,0.5035807341337204,0.5035807341337204,0.5146103,0.2831309,0.20225872
291,EEjCkc82oyk$_$7,missing,TV,0,0,1.2998047,0.32836914,-1.1787109,0.97143555,-0.268798828125,-0.20598957836627968,-0.20598957836627968,0.4865075,0.30216834,0.2113242
292,EEjCkc82oyk$_$9,missing,TV,0,0,0.75341797,0.11462402,-0.50341797,0.63879395,-0.036346435546875,-0.020027664303779665,-0.020027664303779665,0.47301218,0.28574613,0.24124168
293,EQxkXiWAm08$_$8,missing,TV,1,1,0.25170898,1.9677734,-0.66748047,1.7160645,-0.09088134765625,-0.06365559399127967,-0.06365559399127967,0.36714494,0.3019863,0.33086878
294,ET1cU5_A2YM$_$1,missing,TV,0,0,1.9345703,-0.70703125,-1.7421875,2.6416016,-1.03515625,-0.8190755158662797,-0.8190755158662797,0.52193224,0.27154472,0.20652308
295,ET1cU5_A2YM$_$3,missing,TV,0,2,-0.0059814453,-0.2565918,0.29370117,-0.29968262,0.356689453125,0.29440104663372035,0.29440104663372035,0.4783762,0.29128334,0.23034045
296,ET1cU5_A2YM$_$6,missing,TV,0,0,1.6337891,-0.0184021,-1.5449219,1.6521912,-0.5986328125,-0.46985676586627967,-0.46985676586627967,0.51088697,0.28495228,0.20416074
297,EmmuWoCUgXs$_$22,missing,TV,1,1,-1.0244141,1.7041016,1.2822266,0.421875,0.36572265625,0.30162760913372033,0.30162760913372033,0.42605463,0.3375938,0.23635161
298,EmmuWoCUgXs$_$7,missing,TV,0,0,2.0664062,-1.8935547,-1.2900391,3.3564453,-1.48046875,-1.1753255158662796,-1.1753255158662796,0.56518483,0.2535478,0.18126735
299,Es9MkKsMsjU$_$10,missing,TV,1,1,0.029876709,1.0449219,0.021728516,1.0150452,0.162353515625,0.13893229663372034,0.13893229663372034,0.44372413,0.32278737,0.23348849
300,Es9MkKsMsjU$_$12,missing,TV,0,0,2.3417969,-1.375,-1.8779297,3.7167969,-1.64453125,-1.3065755158662797,-1.3065755158662797,0.5745457,0.24159329,0.183861
301,Es9MkKsMsjU$_$2,missing,TV,0,0,2.4589844,-1.3984375,-1.9873047,3.8574219,-1.859375,-1.4784505158662797,-1.4784505158662797,0.59657556,0.22266714,0.18075727
302,Es9MkKsMsjU$_$7,missing,TV,0,0,2.5371094,-1.7285156,-1.8447266,4.265625,-2.0234375,-1.6097005158662798,-1.6097005158662798,0.5835953,0.22038701,0.19601771
303,Ezn3p5FWF_U$_$4,missing,TV,2,2,-1.1738281,-0.2919922,2.0546875,2.3466797,1.119140625,0.9043619841337204,0.9043619841337204,0.47842476,0.26910546,0.25246975
304,F1U26PLiXjM$_$1,missing,TV,2,2,-0.70654297,0.2770996,1.1357422,0.8586426,0.51318359375,0.4195963591337204,0.4195963591337204,0.46288797,0.3280026,0.20910941
305,F6JV-K840EY$_$2,missing,TV,0,0,0.72509766,0.49926758,-0.6333008,0.22583008,0.10748291015625,0.09503581225872035,0.09503581225872035,0.4872942,0.2904821,0.2222237
306,FB_b1dm0SRY$_$10,missing,TV,0,0,1.2265625,-0.06896973,-1.0029297,1.2955322,-0.365234375,-0.2831380158662796,-0.2831380158662796,0.47888845,0.26769987,0.25341168
307,FB_b1dm0SRY$_$0,missing,TV,1,1,-0.62060547,1.5498047,0.62646484,0.92333984,0.029449462890625,0.03260905444622034,0.03260905444622034,0.40532643,0.28809938,0.3065742
308,FB_b1dm0SRY$_$6,missing,TV,0,0,0.5366211,-0.24621582,-0.22497559,0.7615967,0.1602783203125,0.13727214038372035,0.13727214038372035,0.41979477,0.265718,0.31448716
309,FB_b1dm0SRY$_$9,missing,TV,0,0,1.2470703,-0.22058105,-0.9399414,1.4676514,-0.373046875,-0.2893880158662797,-0.2893880158662797,0.4581243,0.2788684,0.26300722
310,FB_b1dm0SRY$_$8,missing,TV,2,2,-1.2880859,-0.6333008,2.3789062,3.012207,1.73046875,1.3934244841337204,1.3934244841337204,0.5407179,0.23668712,0.22259498
311,FxxJB8hBpyQ$_$1,missing,TV,0,0,1.6923828,-0.86376953,-1.1708984,2.5561523,-0.7685546875,-0.6057942658662797,-0.6057942658662797,0.49280336,0.26949906,0.2376975
312,Fy0Uid9afM8$_$0,missing,TV,1,1,0.7055664,1.171875,-1.0605469,0.4663086,-0.1475830078125,-0.10901692211627967,-0.10901692211627967,0.4299147,0.3049822,0.26510307
313,Fy0Uid9afM8$_$3,missing,TV,0,0,1.6132812,0.22253418,-1.4951172,1.3907471,-0.48095703125,-0.3757161408662797,-0.3757161408662797,0.4968091,0.2758048,0.22738607
314,Fy0Uid9afM8$_$5,missing,TV,1,1,0.2388916,1.2246094,-0.25024414,0.9857178,0.1033935546875,0.09176432788372034,0.09176432788372034,0.46096867,0.2946934,0.24433792
315,Fy0Uid9afM8$_$4,missing,TV,0,0,0.93408203,0.8857422,-1.0888672,0.048339844,-0.120849609375,-0.08763020336627966,-0.08763020336627966,0.47128418,0.2800491,0.24866676
316,H1DpVwktfDQ$_$0,missing,TV,0,0,0.89746094,0.66796875,-0.7841797,0.22949219,-0.19580078125,-0.14759114086627967,-0.14759114086627967,0.50858235,0.26386914,0.2275485
317,HGicRLwgtkM$_$1,missing,TV,2,1,-0.67871094,1.4179688,0.74609375,-0.671875,0.2548828125,0.21295573413372035,0.21295573413372035,0.4446284,0.29703435,0.2583373
318,HGicRLwgtkM$_$3,missing,TV,1,1,-0.45043945,1.1660156,0.5048828,0.6611328,0.1612548828125,0.13805339038372033,0.13805339038372033,0.40370846,0.32489425,0.27139732
319,HGicRLwgtkM$_$2,missing,TV,2,1,-1.1210938,1.4794922,1.3320312,-0.14746094,0.29541015625,0.24537760913372034,0.24537760913372034,0.39758712,0.32970107,0.2727118
320,HGicRLwgtkM$_$6,missing,TV,2,1,-1.0820312,1.6767578,1.2548828,-0.421875,0.24951171875,0.20865885913372034,0.20865885913372034,0.39373517,0.3323455,0.27391934
321,HmXXW45eZL4$_$1,missing,TV,0,0,0.85546875,-0.5449219,-0.45385742,1.3093262,-0.2978515625,-0.22923176586627966,-0.22923176586627966,0.51614535,0.25785747,0.22599721
322,HmXXW45eZL4$_$4,missing,TV,0,0,2.1875,-0.7416992,-1.7763672,2.9291992,-1.25390625,-0.9940755158662797,-0.9940755158662797,0.5681805,0.25458816,0.17723131
323,IM6HW1HwHhM$_$11,missing,TV,0,0,0.8022461,-0.007537842,-0.4321289,0.80978394,-0.045166015625,-0.027083328366279663,-0.027083328366279663,0.4688416,0.27334374,0.25781468
324,IM6HW1HwHhM$_$15,missing,TV,2,2,-1.2480469,0.11730957,2.2382812,2.1209717,1.1376953125,0.9192057341337203,0.9192057341337203,0.412871,0.3051653,0.28196368
325,IM6HW1HwHhM$_$17,missing,TV,2,2,-1.3876953,0.4465332,2.109375,1.6628418,0.8427734375,0.6832682341337204,0.6832682341337204,0.41078123,0.30227855,0.2869402
326,IUmxJNs2zaY$_$3,missing,TV,1,1,-0.6196289,2.1503906,0.3857422,1.7646484,-0.087646484375,-0.06106770336627966,-0.06106770336627966,0.43419054,0.3484277,0.21738172
327,IUmxJNs2zaY$_$2,missing,TV,1,1,-0.28198242,2.0761719,0.084106445,1.9920654,0.057037353515625,0.05467936694622034,0.05467936694622034,0.4440005,0.35332018,0.20267932
328,JAnRCQ9A0vI$_$1,missing,TV,1,1,-1.0439453,1.484375,1.2626953,0.22167969,0.288330078125,0.23971354663372035,0.23971354663372035,0.38504297,0.31913364,0.29582337
329,JAnRCQ9A0vI$_$0,missing,TV,1,1,-0.28710938,2.0292969,0.0892334,1.9400635,0.1126708984375,0.09918620288372035,0.09918620288372035,0.40057027,0.348088,0.25134173
330,JAnRCQ9A0vI$_$3,missing,TV,2,2,-1.4267578,0.19897461,2.328125,2.1291504,1.1826171875,0.9551432341337204,0.9551432341337204,0.4472619,0.25872806,0.29401004
331,JAnRCQ9A0vI$_$2,missing,TV,2,2,-1.3574219,0.23815918,2.203125,1.9649658,1.1953125,0.9652994841337204,0.9652994841337204,0.37554273,0.28474128,0.339716
332,JAnRCQ9A0vI$_$5,missing,TV,2,2,-1.3720703,1.1757812,1.7705078,0.59472656,0.51171875,0.41842448413372035,0.41842448413372035,0.42406943,0.31205794,0.2638726
333,JAnRCQ9A0vI$_$4,missing,TV,1,1,-0.75097656,1.4248047,1.0849609,0.33984375,0.346435546875,0.2861979216337204,0.2861979216337204,0.39216527,0.3253361,0.28249866
334,JAnRCQ9A0vI$_$8,missing,TV,2,2,-1.1689453,1.1777344,1.5986328,0.42089844,0.374755859375,0.3088541716337203,0.3088541716337203,0.42935508,0.30195597,0.26868898
335,JOK1SSmPtFw$_$10,missing,TV,2,1,-1.0830078,1.3964844,1.2724609,-0.12402344,0.23876953125,0.20006510913372036,0.20006510913372036,0.38735247,0.36841398,0.24423356
336,JOK1SSmPtFw$_$13,missing,TV,2,2,-1.1123047,0.26000977,1.9169922,1.6569824,0.771484375,0.6262369841337203,0.6262369841337203,0.43333602,0.33296004,0.23370394
337,JOK1SSmPtFw$_$14,missing,TV,1,1,-1.0712891,1.8193359,1.1191406,0.7001953,0.2880859375,0.23951823413372034,0.23951823413372034,0.4402978,0.33612356,0.22357866
338,JOK1SSmPtFw$_$16,missing,TV,1,1,-1.1171875,1.9921875,1.1181641,0.87402344,0.25830078125,0.21569010913372036,0.21569010913372036,0.41084337,0.34435964,0.244797
339,JOK1SSmPtFw$_$0,missing,TV,2,2,-1.5,-1.0400391,2.828125,3.868164,1.990234375,1.6012369841337204,1.6012369841337204,0.5507437,0.25030312,0.1989532
340,JOK1SSmPtFw$_$5,missing,TV,1,1,-0.62402344,1.2236328,0.921875,0.3017578,0.302001953125,0.25065104663372034,0.25065104663372034,0.45292997,0.33060068,0.21646939
341,JOK1SSmPtFw$_$4,missing,TV,1,1,-1.0703125,1.7802734,1.1884766,0.5917969,0.235595703125,0.19752604663372034,0.19752604663372034,0.4123664,0.3307301,0.2569036
342,JOK1SSmPtFw$_$8,missing,TV,1,1,-1.1552734,1.8066406,1.2568359,0.5498047,0.262451171875,0.21901042163372034,0.21901042163372034,0.39156616,0.3700204,0.23841342
343,JPT38CA3sGI$_$1,missing,TV,0,1,-0.18237305,0.58984375,0.4296875,-0.7722168,0.32177734375,0.26647135913372033,0.26647135913372033,0.39989132,0.29044312,0.30966553
344,JPT38CA3sGI$_$0,missing,TV,2,1,-0.78271484,1.0878906,1.0322266,-0.055664062,0.3447265625,0.2848307341337204,0.2848307341337204,0.39886203,0.31256452,0.2885734
345,JPT38CA3sGI$_$5,missing,TV,2,2,-1.140625,1.3994141,1.4384766,0.0390625,0.289306640625,0.24049479663372034,0.24049479663372034,0.36402354,0.3441776,0.29179886
346,JVpF99zuQhA$_$0,missing,TV,1,1,-1.0537109,1.9091797,0.8051758,1.1040039,0.047332763671875,0.04691569507122034,0.04691569507122034,0.3930148,0.34186426,0.26512098
347,JVpF99zuQhA$_$2,missing,TV,1,1,-0.5756836,2.0878906,0.3557129,1.7321777,-0.0657958984375,-0.04358723461627967,-0.04358723461627967,0.41284335,0.33040205,0.2567546
348,JVpF99zuQhA$_$4,missing,TV,1,1,-0.61572266,2.1289062,0.3786621,1.7502441,-0.0036563873291015625,0.006124374270439086,0.006124374270439086,0.42339948,0.33143914,0.2451614
349,K0m1tO3Ybyc$_$15,missing,TV,2,2,-1.0351562,0.60253906,1.4736328,0.87109375,0.71923828125,0.5844401091337204,0.5844401091337204,0.37031642,0.28941005,0.34027356
350,K0m1tO3Ybyc$_$8,missing,TV,2,0,0.30273438,-0.36743164,0.2722168,-0.030517578,0.330078125,0.2731119841337204,0.2731119841337204,0.44681314,0.27268746,0.28049937
351,K8gp7ncdUl8$_$5,missing,TV,0,0,1.0449219,0.1685791,-1.0380859,0.8763428,-0.60546875,-0.4753255158662797,-0.4753255158662797,0.5189007,0.29710117,0.18399815
352,KDjl2exStlI$_$10,missing,TV,1,1,0.16113281,1.7392578,-0.50927734,1.578125,-0.02886962890625,-0.014046218991279665,-0.014046218991279665,0.46417022,0.3295716,0.20625816
353,KDjl2exStlI$_$13,missing,TV,1,1,0.033294678,2.1582031,-0.50341797,2.1249084,-0.0767822265625,-0.05237629711627967,-0.05237629711627967,0.44312206,0.34554064,0.21133727
354,KDjl2exStlI$_$5,missing,TV,1,1,-0.44067383,2.2695312,0.018432617,2.2510986,-0.001796722412109375,0.007612106204032837,0.007612106204032837,0.39261764,0.35569,0.25169238
355,KDjl2exStlI$_$4,missing,TV,1,1,-0.72265625,2.1074219,0.48632812,1.6210938,0.070556640625,0.06549479663372035,0.06549479663372035,0.4117945,0.3728841,0.2153214
356,KkKWFZZmmCM$_$1,missing,TV,2,2,-0.92285156,-0.36328125,1.8847656,2.2480469,1.025390625,0.8293619841337203,0.8293619841337203,0.49372816,0.2927559,0.21351595
357,KpMCvUyQCXg$_$1,missing,TV,1,1,0.15100098,1.2714844,-0.24597168,1.1204834,-0.058349609375,-0.03763020336627967,-0.03763020336627967,0.4256799,0.319276,0.25504413
358,KpMCvUyQCXg$_$3,missing,TV,1,1,0.04598999,1.1171875,-0.079711914,1.0711975,0.004787445068359375,0.012879440188407837,0.012879440188407837,0.44151303,0.3017325,0.25675446
359,KpMCvUyQCXg$_$5,missing,TV,2,1,-0.81640625,1.4404297,0.8666992,-0.57373047,0.132080078125,0.11471354663372034,0.11471354663372034,0.4028925,0.34502277,0.25208476
360,L1eFHRQGFeg$_$2,missing,TV,0,0,0.34155273,0.068847656,-0.11340332,0.27270508,0.1346435546875,0.11676432788372035,0.11676432788372035,0.47433254,0.27650535,0.24916215
361,MCsvw5-7lVE$_$1,missing,TV,2,2,-1.2587891,0.25146484,2.0097656,1.7583008,1.0859375,0.8777994841337203,0.8777994841337203,0.43651932,0.28653485,0.2769459
362,MCsvw5-7lVE$_$2,missing,TV,2,2,-1.4794922,-0.044403076,2.3867188,2.4311218,1.296875,1.0465494841337204,1.0465494841337204,0.4352723,0.30613196,0.2585957
363,MCsvw5-7lVE$_$4,missing,TV,2,2,-1.3095703,0.5239258,1.9130859,1.3891602,0.9443359375,0.7645182341337203,0.7645182341337203,0.398243,0.31877726,0.28297973
364,MMpo2bDk-DU$_$10,missing,TV,0,1,0.0925293,1.3242188,-0.09436035,-1.2316895,-0.11181640625,-0.08040364086627967,-0.08040364086627967,0.41375643,0.3173247,0.2689189
365,MMpo2bDk-DU$_$17,missing,TV,0,1,0.5698242,0.65283203,-0.41357422,-0.08300781,-0.37890625,-0.29407551586627967,-0.29407551586627967,0.42471528,0.2962209,0.27906382
366,MMpo2bDk-DU$_$16,missing,TV,1,1,-0.11828613,1.7109375,-0.08886719,1.7998047,-0.02374267578125,-0.009944656491279666,-0.009944656491279666,0.40227318,0.31184566,0.28588116
367,MMpo2bDk-DU$_$19,missing,TV,2,2,-1.5283203,0.8564453,2.1777344,1.3212891,0.8271484375,0.6707682341337203,0.6707682341337203,0.41533887,0.30827364,0.27638754
368,MjaaudUc5-4$_$1,missing,TV,0,0,2.1113281,-0.94140625,-1.7685547,3.0527344,-1.244140625,-0.9862630158662797,-0.9862630158662797,0.5983059,0.26677287,0.13492127
369,MjaaudUc5-4$_$0,missing,TV,2,2,-0.8930664,0.046539307,1.5205078,1.4739685,0.64013671875,0.5211588591337203,0.5211588591337203,0.4731061,0.32588524,0.2010087
370,MjaaudUc5-4$_$3,missing,TV,2,2,-0.9057617,0.03024292,1.6191406,1.5888977,0.77490234375,0.6289713591337204,0.6289713591337204,0.441994,0.35838726,0.19961874
371,MjaaudUc5-4$_$6,missing,TV,0,0,1.6923828,-0.67041016,-1.4501953,2.362793,-1.009765625,-0.7987630158662797,-0.7987630158662797,0.5604711,0.28253496,0.156994
372,MoQmPA7Q07Q$_$1,missing,TV,2,2,-0.87353516,0.52441406,1.2890625,0.76464844,0.56591796875,0.46178385913372033,0.46178385913372033,0.42894554,0.29487276,0.27618176
373,MoQmPA7Q07Q$_$2,missing,TV,2,2,-1.5126953,-0.9243164,2.7148438,3.6391602,1.982421875,1.5949869841337203,1.5949869841337203,0.5503067,0.23013097,0.2195623
374,N1X63d_jgmw$_$5,missing,TV,0,0,0.39453125,0.35839844,-0.06774902,0.036132812,0.133056640625,0.11549479663372034,0.11549479663372034,0.42639485,0.289419,0.28418612
375,N5xfBtD6rLY$_$7,missing,TV,1,1,-0.98779297,1.8046875,1.1103516,0.69433594,0.205078125,0.17311198413372034,0.17311198413372034,0.40774277,0.31251007,0.27974713
376,NoZsdSGnNpI$_$7,missing,TV,2,2,-0.44848633,-0.01083374,1.0029297,1.0137634,0.28857421875,0.23990885913372034,0.23990885913372034,0.43507805,0.34501868,0.2199033
377,Nrurc5sMUOE$_$5,missing,TV,0,0,2.3769531,-1.0410156,-2.0039062,3.4179688,-1.5732421875,-1.2495442658662799,-1.2495442658662799,0.636633,0.21506049,0.14830653
378,Nrurc5sMUOE$_$7,missing,TV,0,0,1.0693359,0.8041992,-1.1904297,0.26513672,-0.24951171875,-0.19055989086627967,-0.19055989086627967,0.4911141,0.31213713,0.19674876
379,Nrurc5sMUOE$_$8,missing,TV,0,0,1.7158203,-0.20153809,-1.4970703,1.9173584,-0.7568359375,-0.5964192658662797,-0.5964192658662797,0.55255663,0.2649232,0.18252015
380,NzvNW7vP-Co$_$5,missing,TV,2,2,-1.3623047,-0.37548828,2.3710938,2.746582,1.2998046875,1.0488932341337203,1.0488932341337203,0.5291394,0.28946546,0.18139517
381,NzvNW7vP-Co$_$4,missing,TV,1,1,0.48168945,1.5458984,-0.8979492,1.064209,-0.1185302734375,-0.08577473461627967,-0.08577473461627967,0.4800698,0.3267131,0.1932171
382,NzvNW7vP-Co$_$7,missing,TV,2,2,-0.4338379,-0.8701172,1.1630859,1.5969238,0.783203125,0.6356119841337203,0.6356119841337203,0.5342623,0.2877494,0.17798828
383,OLP0nCKwU6k$_$6,missing,TV,0,0,1.0488281,0.3449707,-0.8725586,0.7038574,-0.3740234375,-0.29016926586627967,-0.29016926586627967,0.4788953,0.2962535,0.22485125
384,OrYBtyO0aPI$_$1,missing,TV,0,0,0.9770508,0.8041992,-1.140625,0.17285156,-0.238037109375,-0.18138020336627966,-0.18138020336627966,0.5180438,0.26454428,0.21741189
385,OrYBtyO0aPI$_$4,missing,TV,2,2,-1.3544922,0.9814453,2.0039062,1.0224609,0.728515625,0.5918619841337204,0.5918619841337204,0.40719938,0.2887277,0.30407292
386,PboaYD5hlG8$_$10,missing,TV,2,2,-1.2021484,1.0908203,1.6542969,0.56347656,0.53271484375,0.4352213591337204,0.4352213591337204,0.36603045,0.32267743,0.31129208
387,PboaYD5hlG8$_$3,missing,TV,2,2,-1.234375,-0.40795898,2.1796875,2.5876465,1.333984375,1.0762369841337203,1.0762369841337203,0.49975976,0.32123908,0.17900114
388,PboaYD5hlG8$_$2,missing,TV,2,1,-0.92822266,1.7724609,0.99609375,-0.7763672,0.169677734375,0.14479167163372034,0.14479167163372034,0.4043222,0.352664,0.24301375
389,PboaYD5hlG8$_$7,missing,TV,1,1,0.0099487305,0.88964844,0.068115234,0.8215332,0.11737060546875,0.10294596850872034,0.10294596850872034,0.46691045,0.31455886,0.2185307
390,PboaYD5hlG8$_$9,missing,TV,1,1,0.12426758,0.41845703,0.018981934,0.29418945,0.1153564453125,0.10133464038372034,0.10133464038372034,0.47775668,0.3051421,0.21710122
391,PboaYD5hlG8$_$8,missing,TV,0,0,2.1386719,-1.5068359,-1.5810547,3.6455078,-1.587890625,-1.2612630158662799,-1.2612630158662799,0.564005,0.2508285,0.18516646
392,Pt-D0LUHDSc$_$2,missing,TV,2,2,-1.6796875,0.31958008,2.5585938,2.2390137,1.3125,1.0590494841337204,1.0590494841337204,0.45392516,0.2955303,0.25054452
393,PwapK9d8IGk$_$4,missing,TV,0,0,0.48999023,0.115112305,-0.2668457,0.37487793,-0.17333984375,-0.12962239086627966,-0.12962239086627966,0.47423744,0.30502126,0.22074133
394,PyQrAYl1bFs$_$0,missing,TV,2,2,-1.2919922,1.3417969,1.5830078,0.24121094,0.53564453125,0.4375651091337204,0.4375651091337204,0.3861079,0.3183124,0.2955797
395,PyQrAYl1bFs$_$3,missing,TV,2,2,-1.5185547,-0.4729004,2.5859375,3.058838,1.556640625,1.2543619841337204,1.2543619841337204,0.4639817,0.26951203,0.26650628
396,PyQrAYl1bFs$_$4,missing,TV,2,2,-1.3779297,-0.36694336,2.1972656,2.564209,1.4013671875,1.1301432341337203,1.1301432341337203,0.47184277,0.25590956,0.27224767
397,Q4WzApjaCNI$_$0,missing,TV,1,1,-0.6694336,1.6025391,0.70458984,0.8979492,0.299072265625,0.24830729663372034,0.24830729663372034,0.43034506,0.30476335,0.2648916
398,Q7S0tX4FUNA$_$4,missing,TV,1,1,-0.6279297,1.5507812,0.5595703,0.99121094,0.041259765625,0.04205729663372034,0.04205729663372034,0.41921514,0.3457678,0.23501706
399,Q7S0tX4FUNA$_$7,missing,TV,1,1,-0.40966797,2.1621094,0.23852539,1.923584,0.15771484375,0.13522135913372035,0.13522135913372035,0.4400964,0.30218443,0.25771913
400,Q7S0tX4FUNA$_$8,missing,TV,0,0,1.5107422,0.07116699,-1.2978516,1.4395752,-0.416748046875,-0.32434895336627967,-0.32434895336627967,0.52574915,0.27274206,0.20150878
401,Qa6Yz62V-Yc$_$0,missing,TV,1,1,0.24523926,0.72021484,-0.15661621,0.4749756,-0.168701171875,-0.12591145336627968,-0.12591145336627968,0.45252,0.31506404,0.23241593
402,QjcQx8_PQfw$_$10,missing,TV,2,2,-1.515625,-0.055267334,2.390625,2.4458923,1.1708984375,0.9457682341337204,0.9457682341337204,0.4856315,0.2966674,0.21770106
403,QjcQx8_PQfw$_$7,missing,TV,1,1,0.1394043,1.4462891,-0.34594727,1.3068848,-0.2398681640625,-0.18284504711627966,-0.18284504711627966,0.40838313,0.34703115,0.24458575
404,QpchvHpGFc8$_$3,missing,TV,1,1,-0.765625,1.2763672,0.93359375,0.34277344,0.36279296875,0.29928385913372035,0.29928385913372035,0.39786446,0.3119358,0.29019973
405,RArhIHk4Qs4$_$13,missing,TV,2,1,-0.123168945,0.26708984,0.25732422,-0.009765625,0.2890625,0.24029948413372035,0.24029948413372035,0.48230237,0.30955318,0.20814443
406,RArhIHk4Qs4$_$17,missing,TV,0,0,1.9726562,-1.4111328,-1.3935547,3.366211,-1.07421875,-0.8503255158662797,-0.8503255158662797,0.57433015,0.26544112,0.16022871
407,RArhIHk4Qs4$_$16,missing,TV,0,0,1.4775391,0.39160156,-1.5253906,1.0859375,-0.5078125,-0.3972005158662797,-0.3972005158662797,0.53927076,0.28443244,0.17629686
408,RArhIHk4Qs4$_$19,missing,TV,1,1,-0.19238281,2.2695312,-0.23364258,2.461914,0.033966064453125,0.03622233569622034,0.03622233569622034,0.42909506,0.3352737,0.23563124
409,RArhIHk4Qs4$_$1,missing,TV,1,1,-0.97802734,1.6279297,1.1865234,0.44140625,0.25439453125,0.21256510913372034,0.21256510913372034,0.43893394,0.34619865,0.21486744
410,RArhIHk4Qs4$_$2,missing,TV,0,0,1.1962891,-0.110961914,-0.97509766,1.307251,-0.55322265625,-0.43352864086627974,-0.43352864086627974,0.5216585,0.27921957,0.19912194
411,RArhIHk4Qs4$_$7,missing,TV,1,1,-0.9790039,1.4091797,1.0546875,0.3544922,0.28271484375,0.23522135913372036,0.23522135913372036,0.45649377,0.3268167,0.21668954
412,RArhIHk4Qs4$_$6,missing,TV,0,0,1.5927734,-0.02279663,-1.4501953,1.6155701,-0.513671875,-0.40188801586627965,-0.40188801586627965,0.535852,0.30692092,0.15722704
413,RArhIHk4Qs4$_$8,missing,TV,0,0,1.4121094,-0.95214844,-0.9428711,2.3549805,-0.666015625,-0.5237630158662797,-0.5237630158662797,0.5934804,0.24559219,0.16092747
414,RArhIHk4Qs4$_$21,missing,TV,2,2,-1.328125,0.99072266,1.9160156,0.92529297,0.525390625,0.4293619841337204,0.4293619841337204,0.41052458,0.31951332,0.2699621
415,ROcTx5VEn7o$_$11,missing,TV,1,1,-0.375,1.4736328,0.38989258,1.0837402,0.17041015625,0.14537760913372033,0.14537760913372033,0.3964554,0.31359345,0.28995115
416,ROcTx5VEn7o$_$1,missing,TV,1,1,-0.49926758,1.9814453,0.28344727,1.697998,0.1295166015625,0.11266276538372035,0.11266276538372035,0.38930935,0.33156005,0.2791306
417,ROcTx5VEn7o$_$5,missing,TV,1,1,0.2836914,1.5615234,-0.45654297,1.277832,-0.046112060546875,-0.02784016430377966,-0.02784016430377966,0.41673768,0.31591702,0.2673453
418,ROcTx5VEn7o$_$9,missing,TV,1,1,-0.21313477,1.8056641,0.033813477,1.7718506,0.141357421875,0.12213542163372035,0.12213542163372035,0.393673,0.33141693,0.27491012
419,RrGpzInAwCg$_$0,missing,TV,2,2,-1.171875,1.2119141,1.4257812,0.21386719,0.45361328125,0.37194010913372033,0.37194010913372033,0.391459,0.36159107,0.24694996
420,RzOFxDk26p0$_$1,missing,TV,2,2,-1.5244141,-0.93066406,2.5761719,3.506836,1.8662109375,1.5020182341337205,1.5020182341337205,0.5381522,0.25209978,0.20974799
421,RzOFxDk26p0$_$0,missing,TV,1,1,-0.43188477,2.2148438,0.15979004,2.0550537,0.06475830078125,0.06085612475872034,0.06085612475872034,0.38767487,0.35591608,0.256409
422,SHa756SwGJQ$_$0,missing,TV,1,1,-0.3322754,1.7255859,0.17565918,1.5499268,0.14111328125,0.12194010913372035,0.12194010913372035,0.43983614,0.31596997,0.24419387
423,SHa756SwGJQ$_$2,missing,TV,2,2,-1.1904297,0.80078125,1.6884766,0.8876953,0.70703125,0.5746744841337204,0.5746744841337204,0.43407622,0.30067647,0.26524734
424,SHa756SwGJQ$_$4,missing,TV,0,0,1.7353516,-0.37939453,-1.5009766,2.114746,-0.8095703125,-0.6386067658662797,-0.6386067658662797,0.5158113,0.2774578,0.2067309
425,SHa756SwGJQ$_$7,missing,TV,1,1,0.55566406,1.1982422,-0.8442383,0.6425781,-0.1072998046875,-0.07679035961627967,-0.07679035961627967,0.46905714,0.30497277,0.22597013
426,SHa756SwGJQ$_$6,missing,TV,1,1,-0.7167969,1.7607422,0.65771484,1.1030273,0.222900390625,0.18736979663372036,0.18736979663372036,0.43676192,0.31298396,0.25025415
427,TH32jop4FiI$_$15,missing,TV,0,0,1.1181641,0.76220703,-1.0849609,0.35595703,-0.216796875,-0.16438801586627969,-0.16438801586627969,0.4411724,0.33285475,0.22597289
428,TH32jop4FiI$_$17,missing,TV,2,2,-0.67333984,0.22509766,1.1494141,0.9243164,0.49560546875,0.4055338591337203,0.4055338591337203,0.43271405,0.3243547,0.24293128
429,TWszOxkOV0w$_$1,missing,TV,0,0,1.8496094,-0.9482422,-1.5009766,2.7978516,-1.1875,-0.9409505158662798,-0.9409505158662798,0.51553696,0.25042233,0.23404069
430,TXCXFYIc3Yo$_$16,missing,TV,1,1,0.29418945,0.6923828,-0.2397461,0.39819336,-0.1693115234375,-0.12639973461627968,-0.12639973461627968,0.40190002,0.32651573,0.27158427
431,TXCXFYIc3Yo$_$2,missing,TV,2,2,-1.1025391,1.1142578,1.3320312,0.21777344,0.326171875,0.26998698413372035,0.26998698413372035,0.43233603,0.33916652,0.2284975
432,TXCXFYIc3Yo$_$7,missing,TV,0,0,0.70703125,-0.7026367,-0.24060059,0.94763184,-0.26220703125,-0.20071614086627967,-0.20071614086627967,0.50391006,0.26932147,0.22676848
433,TXCXFYIc3Yo$_$6,missing,TV,2,2,-0.59814453,0.76464844,0.90283203,0.1381836,0.318115234375,0.26354167163372033,0.26354167163372033,0.42368716,0.32136634,0.2549465
434,TYJzg5IJN8o$_$11,missing,TV,1,0,0.6850586,0.64746094,-0.7758789,-0.037597656,-0.180908203125,-0.13567707836627968,-0.13567707836627968,0.49175683,0.28813148,0.22011165
435,TYJzg5IJN8o$_$10,missing,TV,1,1,0.9243164,1.1484375,-1.1748047,0.2241211,-0.253173828125,-0.19348957836627967,-0.19348957836627967,0.49755907,0.29385862,0.20858231
436,TYJzg5IJN8o$_$14,missing,TV,2,2,-1.1875,0.30078125,1.9130859,1.6123047,0.7265625,0.5902994841337204,0.5902994841337204,0.4630503,0.30410585,0.23284383
437,TYJzg5IJN8o$_$0,missing,TV,2,2,-1.0185547,1.2626953,1.4189453,0.15625,0.67529296875,0.5492838591337204,0.5492838591337204,0.3986845,0.3088779,0.29243764
438,TYJzg5IJN8o$_$4,missing,TV,2,2,-0.85595703,1.1289062,1.1982422,0.06933594,0.38427734375,0.3164713591337204,0.3164713591337204,0.42049494,0.31516224,0.2643428
439,TYJzg5IJN8o$_$7,missing,TV,2,2,-1.2890625,-0.28173828,2.2011719,2.4829102,1.26953125,1.0246744841337203,1.0246744841337203,0.50593495,0.28343585,0.21062921
440,Uc_6d-fkZEc$_$3,missing,TV,2,2,-1.4677734,0.011138916,2.3046875,2.2935486,0.927734375,0.7512369841337203,0.7512369841337203,0.50820374,0.31434557,0.17745073
441,UlTJmndbGHM$_$1,missing,TV,2,2,-1.7304688,-0.40698242,2.9648438,3.3718262,1.744140625,1.4043619841337205,1.4043619841337205,0.49435928,0.28641188,0.2192288
442,UlTJmndbGHM$_$4,missing,TV,0,0,1.8095703,-0.10290527,-1.5341797,1.9124756,-0.677734375,-0.5331380158662797,-0.5331380158662797,0.54514855,0.24845794,0.20639345
443,VbV9S4svrTg$_$13,missing,TV,2,2,-1.3027344,0.9433594,1.90625,0.9628906,0.40478515625,0.33287760913372033,0.33287760913372033,0.41091862,0.33550787,0.2535735
444,VbV9S4svrTg$_$3,missing,TV,2,2,-1.1777344,1.2480469,1.6005859,0.35253906,0.343994140625,0.2842447966337204,0.2842447966337204,0.41914093,0.36305383,0.21780525
445,VbV9S4svrTg$_$7,missing,TV,2,2,-1.5185547,-0.5708008,2.6464844,3.2172852,1.5146484375,1.2207682341337205,1.2207682341337205,0.5443531,0.2547945,0.20085235
446,VbV9S4svrTg$_$8,missing,TV,2,2,-1.1484375,0.7685547,1.6357422,0.8671875,0.376953125,0.3106119841337204,0.3106119841337204,0.40274867,0.33915222,0.2580991
447,VinxKpWioTo$_$1,missing,TV,2,2,-1.6337891,-0.44506836,2.6757812,3.1208496,1.537109375,1.2387369841337204,1.2387369841337204,0.47523582,0.26354367,0.26122054
448,VinxKpWioTo$_$0,missing,TV,1,1,-1.0712891,1.7529297,1.3759766,0.37695312,0.222900390625,0.18736979663372036,0.18736979663372036,0.4129138,0.35196733,0.23511891
449,VinxKpWioTo$_$3,missing,TV,2,2,-1.4189453,0.4963379,2.3027344,1.8063965,0.79248046875,0.6430338591337204,0.6430338591337204,0.43653277,0.30516288,0.25830433
450,VinxKpWioTo$_$5,missing,TV,2,2,-1.5322266,0.25927734,2.4960938,2.2368164,1.009765625,0.8168619841337204,0.8168619841337204,0.44982764,0.31423455,0.23593774
451,ViyQVpGW05w$_$1,missing,TV,2,2,-1.3115234,1.4228516,1.5263672,0.103515625,0.7333984375,0.5957682341337204,0.5957682341337204,0.3488182,0.326665,0.3245167
452,ViyQVpGW05w$_$4,missing,TV,1,1,-0.5058594,1.21875,0.5761719,0.6425781,0.362060546875,0.29869792163372033,0.29869792163372033,0.41473714,0.2882478,0.2970151
453,ViyQVpGW05w$_$6,missing,TV,0,0,1.5146484,-0.3791504,-1.1298828,1.8937988,-0.6640625,-0.5222005158662797,-0.5222005158662797,0.49084267,0.250159,0.25899836
454,Vuay0mVKkik$_$3,missing,TV,0,0,2.2988281,-1.2861328,-1.6347656,3.584961,-1.4501953125,-1.1511067658662797,-1.1511067658662797,0.5821424,0.2282579,0.18959972
455,WmQF5RmbsVQ$_$6,missing,TV,1,1,-0.90283203,1.6962891,0.94873047,0.7475586,0.178955078125,0.15221354663372033,0.15221354663372033,0.43649432,0.33843365,0.22507204
456,Wrcf2xtqbkQ$_$9,missing,TV,1,1,0.033172607,1.9521484,-0.4189453,1.9189758,0.03009033203125,0.03312174975872034,0.03312174975872034,0.4020184,0.3329786,0.265003
457,Wrcf2xtqbkQ$_$8,missing,TV,1,1,-0.98583984,1.4873047,1.1240234,0.36328125,0.313720703125,0.2600260466337203,0.2600260466337203,0.406238,0.32653052,0.26723155
458,WxajvjGKz7Y$_$0,missing,TV,1,1,-0.7963867,2.2148438,0.5527344,1.6621094,0.0313720703125,0.03414714038372034,0.03414714038372034,0.39053923,0.34589884,0.2635619
459,WxajvjGKz7Y$_$3,missing,TV,1,1,-0.6621094,1.4521484,0.8774414,0.57470703,0.276123046875,0.22994792163372035,0.22994792163372035,0.42144883,0.3203529,0.25819826
460,WxajvjGKz7Y$_$6,missing,TV,1,1,-0.2697754,1.6123047,0.0814209,1.5308838,-0.0008478164672851562,0.008371230959892211,0.008371230959892211,0.44259334,0.31876743,0.23863919
461,XIGpuL-Kkyk$_$12,missing,TV,2,2,-1.1113281,1.3154297,1.46875,0.15332031,0.3359375,0.27779948413372035,0.27779948413372035,0.44262725,0.3297454,0.22762734
462,XIGpuL-Kkyk$_$0,missing,TV,0,1,0.6015625,1.2880859,-0.6899414,-0.68652344,-0.09613037109375,-0.06785481274127966,-0.06785481274127966,0.46316758,0.2872922,0.24954025
463,XIGpuL-Kkyk$_$4,missing,TV,2,2,-1.5927734,-0.0904541,2.6308594,2.7213135,1.5078125,1.2152994841337204,1.2152994841337204,0.4384778,0.28264055,0.27888164
464,XIGpuL-Kkyk$_$7,missing,TV,1,1,-0.79833984,1.7880859,0.86328125,0.9248047,0.216552734375,0.18229167163372034,0.18229167163372034,0.40010822,0.31700367,0.28288808
465,XaVYxIW0FDg$_$2,missing,TV,2,2,-0.5336914,0.64160156,0.92822266,0.2866211,0.57421875,0.4684244841337204,0.4684244841337204,0.37677842,0.28876403,0.33445755
466,XyP8bVmGX6M$_$4,missing,TV,2,2,-1.5654297,0.47583008,2.2148438,1.7390137,1.03125,0.8340494841337204,0.8340494841337204,0.41265124,0.33482504,0.25252366
467,XzVapdEr_GY$_$3,missing,TV,2,2,-1.3203125,-0.30517578,2.390625,2.6958008,1.3818359375,1.1145182341337203,1.1145182341337203,0.5331526,0.27266306,0.19418438
468,XzVapdEr_GY$_$4,missing,TV,2,2,-1.4599609,-0.73339844,2.7539062,3.4873047,1.74609375,1.4059244841337204,1.4059244841337204,0.5650355,0.25288367,0.18208078
469,Y7h-S3cJ52o$_$0,missing,TV,1,1,-1.0146484,1.8330078,1.1962891,0.63671875,0.330078125,0.2731119841337204,0.2731119841337204,0.38788292,0.34247133,0.26964575
470,Y7qkyMyanjU$_$2,missing,TV,1,1,-0.40527344,2.2382812,0.1463623,2.091919,0.223388671875,0.18776042163372034,0.18776042163372034,0.4482856,0.29408556,0.2576288
471,Y7qkyMyanjU$_$4,missing,TV,1,1,-1.0029297,1.9121094,1.1035156,0.80859375,0.216796875,0.18248698413372036,0.18248698413372036,0.42892015,0.3041285,0.26695138
472,YbuG8xyUO-o$_$3,missing,TV,1,1,-0.58935547,2.0488281,0.49829102,1.5505371,0.09295654296875,0.08341471850872034,0.08341471850872034,0.39675102,0.33441168,0.26883733
473,YbuG8xyUO-o$_$2,missing,TV,1,1,-0.4272461,2.2753906,0.122924805,2.1524658,0.1483154296875,0.12770182788372034,0.12770182788372034,0.39112508,0.33604503,0.2728299
474,Z7L3V5bwzI0$_$2,missing,TV,2,2,-1.0664062,-0.06185913,1.9111328,1.972992,1.142578125,0.9231119841337203,0.9231119841337203,0.45610422,0.31749508,0.2264007
475,ZaoFHcbRM9g$_$3,missing,TV,2,0,0.43530273,-0.8925781,0.39331055,-0.041992188,0.46630859375,0.3820963591337203,0.3820963591337203,0.5100987,0.2398241,0.25007716
476,ZaoFHcbRM9g$_$2,missing,TV,1,1,0.7753906,1.2626953,-0.9321289,0.4873047,-0.09393310546875,-0.06609700024127967,-0.06609700024127967,0.47366524,0.2796369,0.24669786
477,ZaoFHcbRM9g$_$5,missing,TV,1,1,0.18774414,1.4599609,-0.27368164,1.2722168,0.033050537109375,0.03548991382122034,0.03548991382122034,0.4429729,0.3176972,0.2393299
478,ZaoFHcbRM9g$_$9,missing,TV,0,0,1.9980469,-0.38989258,-1.8183594,2.3879395,-1.09765625,-0.8690755158662797,-0.8690755158662797,0.53722465,0.26420492,0.19857039
479,ZaoFHcbRM9g$_$8,missing,TV,0,0,2.1152344,-1.0927734,-1.6591797,3.2080078,-1.2412109375,-0.9839192658662798,-0.9839192658662798,0.5544032,0.2512215,0.19437534
480,Zvisaa77Cng$_$1,missing,TV,2,2,-0.6191406,0.16333008,1.0556641,0.892334,0.55322265625,0.45162760913372035,0.45162760913372035,0.43820286,0.31917125,0.24262588
481,Zvisaa77Cng$_$5,missing,TV,2,2,-0.32641602,0.21813965,0.49780273,0.2796631,0.42578125,0.3496744841337204,0.3496744841337204,0.41924718,0.32806742,0.2526854
482,_7HVhnSYX1Y$_$26,missing,TV,2,2,-1.0761719,0.9692383,1.2744141,0.30517578,0.2568359375,0.21451823413372034,0.21451823413372034,0.37656295,0.33326796,0.2901691
483,_7HVhnSYX1Y$_$12,missing,TV,2,2,-1.0498047,1.1650391,1.2148438,0.049804688,0.243408203125,0.20377604663372034,0.20377604663372034,0.3663687,0.3451362,0.28849512
484,_7HVhnSYX1Y$_$14,missing,TV,1,1,-0.5732422,1.1357422,0.5864258,0.5493164,0.04791259765625,0.04737956225872034,0.04737956225872034,0.3922855,0.33021483,0.27749968
485,_7HVhnSYX1Y$_$19,missing,TV,1,1,-0.049041748,1.3671875,-0.03967285,1.4068604,0.0858154296875,0.07770182788372033,0.07770182788372033,0.39923733,0.3115698,0.28919283
486,_7HVhnSYX1Y$_$31,missing,TV,2,2,-1.1972656,0.39331055,1.7861328,1.3928223,0.615234375,0.5012369841337203,0.5012369841337203,0.43302256,0.294505,0.2724724
487,_7HVhnSYX1Y$_$3,missing,TV,1,1,-0.9926758,1.3291016,1.1582031,0.17089844,0.1885986328125,0.15992839038372034,0.15992839038372034,0.3809192,0.334809,0.28427184
488,_BvNNdEkhZA$_$14,missing,TV,0,0,0.60302734,0.13574219,-0.38745117,0.46728516,-0.2958984375,-0.22766926586627967,-0.22766926586627967,0.45740467,0.33142242,0.2111729
489,_BvNNdEkhZA$_$19,missing,TV,2,2,-1.1337891,1.1787109,1.4394531,0.2607422,0.33447265625,0.2766276091337203,0.2766276091337203,0.44817442,0.3438256,0.20799999
490,_BvNNdEkhZA$_$7,missing,TV,1,1,-0.65771484,1.6660156,0.5942383,1.0717773,0.148193359375,0.12760417163372034,0.12760417163372034,0.4094539,0.36612916,0.224417
491,_BvNNdEkhZA$_$6,missing,TV,0,0,0.77685547,0.265625,-0.6489258,0.51123047,-0.26708984375,-0.20462239086627967,-0.20462239086627967,0.48184845,0.3285556,0.18959592
492,_BvNNdEkhZA$_$9,missing,TV,1,1,0.12548828,2.1191406,-0.52734375,1.9936523,0.0187225341796875,0.024027511477470335,0.024027511477470335,0.46627405,0.35212448,0.18160152
493,_aZDaIfGfPo$_$1,missing,TV,2,2,-1.1582031,-0.3996582,2.0820312,2.4816895,1.3779296875,1.1113932341337203,1.1113932341337203,0.4918518,0.253648,0.25450012
494,_aZDaIfGfPo$_$0,missing,TV,2,2,-1.4892578,0.7661133,2.0507812,1.284668,1.0126953125,0.8192057341337203,0.8192057341337203,0.3737691,0.32053328,0.30569762
495,_gr7o5ynhnw$_$13,missing,TV,1,1,-1.1152344,1.6796875,1.1982422,0.4814453,0.1365966796875,0.11832682788372034,0.11832682788372034,0.42828727,0.35858884,0.21312389
496,_gr7o5ynhnw$_$12,missing,TV,2,2,-1.3564453,1.0625,1.7216797,0.6591797,0.341064453125,0.2819010466337204,0.2819010466337204,0.44960192,0.34037903,0.21001907
497,_gr7o5ynhnw$_$15,missing,TV,2,2,-1.5869141,-0.8769531,2.7773438,3.6542969,1.9248046875,1.5488932341337205,1.5488932341337205,0.58266115,0.23156396,0.18577494
498,_gzYkdjNvPc$_$12,missing,TV,1,1,-0.83154297,1.4521484,0.7314453,0.7207031,0.1630859375,0.13951823413372033,0.13951823413372033,0.43898,0.3026121,0.2584079
499,_gzYkdjNvPc$_$17,missing,TV,0,0,2.0019531,-0.93652344,-1.5966797,2.9384766,-1.2392578125,-0.9823567658662797,-0.9823567658662797,0.5492956,0.2535112,0.19719322
500,_gzYkdjNvPc$_$1,missing,TV,0,0,1.53125,-0.021575928,-1.5380859,1.5528259,-0.7509765625,-0.5917317658662797,-0.5917317658662797,0.52671856,0.27251282,0.20076863
501,_gzYkdjNvPc$_$3,missing,TV,1,1,-0.74853516,1.8115234,0.2788086,1.5327148,-0.07763671875,-0.053059890866279665,-0.053059890866279665,0.35560635,0.35957494,0.28481868
502,_gzYkdjNvPc$_$2,missing,TV,0,0,2.1855469,-0.7504883,-1.7255859,2.9360352,-1.228515625,-0.9737630158662798,-0.9737630158662798,0.5726617,0.24165878,0.18567955
503,_gzYkdjNvPc$_$5,missing,TV,1,1,-0.40185547,1.75,0.06921387,1.6807861,-0.0154266357421875,-0.003291824460029664,-0.003291824460029664,0.41616476,0.32546157,0.25837368
504,_gzYkdjNvPc$_$4,missing,TV,1,1,-0.46728516,1.859375,0.14245605,1.716919,-0.018707275390625,-0.005916336178779664,-0.005916336178779664,0.4112195,0.34405753,0.244723
505,_gzYkdjNvPc$_$6,missing,TV,0,0,1.6679688,-0.3149414,-1.4970703,1.9829102,-0.75439453125,-0.5944661408662797,-0.5944661408662797,0.51972485,0.2699054,0.21036974
506,_gzYkdjNvPc$_$9,missing,TV,0,0,0.9472656,0.9404297,-1.0917969,0.0068359375,-0.25830078125,-0.19759114086627969,-0.19759114086627969,0.47991836,0.28845865,0.23162292
507,a-WihYDk6vc$_$8,missing,TV,2,1,-0.9345703,1.3164062,1.0957031,-0.22070312,0.22412109375,0.18834635913372036,0.18834635913372036,0.37973166,0.32306543,0.29720291
508,a-WihYDk6vc$_$0,missing,TV,2,2,-1.3310547,0.9135742,1.7255859,0.8120117,0.432861328125,0.35533854663372033,0.35533854663372033,0.4269206,0.31195873,0.26112065
509,aFhc2ddipoM$_$14,missing,TV,2,2,-1.4003906,0.7421875,2.140625,1.3984375,0.8056640625,0.6535807341337203,0.6535807341337203,0.430908,0.3012334,0.26785856
510,aK5tRCXjUvU$_$0,missing,TV,2,1,-1.1005859,1.3925781,1.2236328,-0.16894531,0.40966796875,0.33678385913372033,0.33678385913372033,0.35867193,0.30864465,0.3326834
511,b-FX9NOVQOM$_$1,missing,TV,1,1,0.60498047,0.9375,-0.5307617,0.33251953,-0.00738525390625,0.003141281008720336,0.003141281008720336,0.42831653,0.2959422,0.2757413
512,b-FX9NOVQOM$_$4,missing,TV,0,0,2.0800781,-1.2480469,-1.5205078,3.328125,-1.4052734375,-1.1151692658662797,-1.1151692658662797,0.568553,0.22555955,0.2058875
513,b1LEcg6z66g$_$0,missing,TV,0,0,0.9790039,-0.57128906,-0.5864258,1.550293,-0.142822265625,-0.10520832836627966,-0.10520832836627966,0.47827202,0.25514677,0.26658124
514,b1LEcg6z66g$_$4,missing,TV,2,2,-1.0625,0.47583008,1.6201172,1.1442871,0.65625,0.5340494841337203,0.5340494841337203,0.46589923,0.25565064,0.27845013
515,b1LEcg6z66g$_$8,missing,TV,0,0,2.2480469,-1.09375,-1.6660156,3.3417969,-1.365234375,-1.0831380158662798,-1.0831380158662798,0.57028836,0.22434804,0.20536362
516,bAkUEnPoucg$_$3,missing,TV,2,2,-1.3486328,-0.6777344,2.4902344,3.1679688,1.875,1.5090494841337203,1.5090494841337203,0.52229977,0.23753919,0.2401611
517,bNQkb4K5DX0$_$3,missing,TV,1,1,-0.17370605,1.5078125,0.095947266,1.4118652,0.0999755859375,0.08902995288372034,0.08902995288372034,0.44809654,0.3155481,0.23635538
518,bNQkb4K5DX0$_$7,missing,TV,2,2,-1.4316406,0.6713867,2.0039062,1.3325195,0.72216796875,0.5867838591337203,0.5867838591337203,0.44817555,0.32185733,0.22996716
519,bWunvAd96zI$_$1,missing,TV,0,2,0.16149902,0.20239258,0.24560547,-0.084106445,0.1678466796875,0.14332682788372034,0.14332682788372034,0.5170165,0.29824477,0.1847388
520,bWunvAd96zI$_$2,missing,TV,0,0,1.8925781,-0.19787598,-1.7177734,2.090454,-1.0224609375,-0.8089192658662797,-0.8089192658662797,0.58268315,0.25046524,0.1668516
521,bWunvAd96zI$_$5,missing,TV,1,1,-0.8256836,1.7128906,0.71484375,0.9980469,-0.0697021484375,-0.046712234616279665,-0.046712234616279665,0.43757853,0.34509605,0.21732539
522,bWunvAd96zI$_$4,missing,TV,2,2,-1.0761719,0.9013672,1.4541016,0.5527344,0.267578125,0.22311198413372035,0.22311198413372035,0.45818654,0.3472604,0.19455309
523,bj9e8w4vNxo$_$12,missing,TV,2,2,-0.26831055,0.5253906,0.67333984,0.14794922,0.333251953125,0.2756510466337203,0.2756510466337203,0.39163572,0.289071,0.31929332
524,bpvYdXVlgvc$_$1,missing,TV,1,1,-0.3918457,1.1767578,0.40649414,0.7702637,0.16943359375,0.14459635913372035,0.14459635913372035,0.43733558,0.32203123,0.2406332
525,bpvYdXVlgvc$_$3,missing,TV,0,0,1.1083984,0.049713135,-1.0,1.0586853,-0.296142578125,-0.22786457836627969,-0.22786457836627969,0.50251913,0.3052229,0.19225805
526,bpvYdXVlgvc$_$4,missing,TV,0,0,1.796875,-0.4008789,-1.6142578,2.197754,-0.8955078125,-0.7073567658662797,-0.7073567658662797,0.5390751,0.26197973,0.19894516
527,bpvYdXVlgvc$_$6,missing,TV,0,0,1.6113281,-0.6347656,-1.1787109,2.2460938,-0.76171875,-0.6003255158662797,-0.6003255158662797,0.5332673,0.27182925,0.19490346
528,c1a1y9ytHH0$_$0,missing,TV,1,1,-0.57128906,1.7099609,0.62841797,1.081543,0.220947265625,0.18580729663372034,0.18580729663372034,0.39406258,0.3115329,0.29440454
529,c1a1y9ytHH0$_$3,missing,TV,1,1,-0.70947266,1.7607422,0.7163086,1.0444336,0.1871337890625,0.15875651538372035,0.15875651538372035,0.3875348,0.32572597,0.28673926
530,c1a1y9ytHH0$_$7,missing,TV,2,2,-1.1962891,1.0351562,1.6396484,0.6044922,0.53466796875,0.4367838591337203,0.4367838591337203,0.39466307,0.31271783,0.29261914
531,c5cB7AfVgcE$_$12,missing,TV,2,2,-0.98095703,0.48901367,1.515625,1.0266113,0.52685546875,0.43053385913372033,0.43053385913372033,0.3988853,0.2742088,0.32690585
532,c5cB7AfVgcE$_$5,missing,TV,0,0,1.6064453,-1.6552734,-0.84716797,2.4536133,-0.95947265625,-0.7585286408662797,-0.7585286408662797,0.55977345,0.21021985,0.23000666
533,d8BR6hsvzoY$_$1,missing,TV,1,1,-0.86376953,1.5966797,0.9658203,0.6308594,0.173095703125,0.14752604663372035,0.14752604663372035,0.38167733,0.36493573,0.2533869
534,d8BR6hsvzoY$_$0,missing,TV,1,1,-0.29614258,2.3574219,0.0003695488,2.3570523,0.133544921875,0.11588542163372034,0.11588542163372034,0.40019825,0.33696073,0.26284105
535,d8BR6hsvzoY$_$2,missing,TV,1,1,-0.89990234,1.5498047,1.0019531,0.54785156,0.1729736328125,0.14742839038372035,0.14742839038372035,0.3735865,0.36916053,0.25725296
536,d8BR6hsvzoY$_$5,missing,TV,1,1,-0.43115234,1.8349609,0.40893555,1.4260254,0.1328125,0.11529948413372035,0.11529948413372035,0.39173293,0.32029885,0.2879682
537,d8BR6hsvzoY$_$6,missing,TV,1,1,-0.1854248,2.1679688,-0.1295166,2.2974854,0.07464599609375,0.06876628100872034,0.06876628100872034,0.39907214,0.32270697,0.2782209
538,d8BR6hsvzoY$_$9,missing,TV,1,1,-0.29345703,1.9931641,0.08557129,1.9075928,0.0814208984375,0.07418620288372034,0.07418620288372034,0.4049709,0.34432736,0.2507017
539,d8BR6hsvzoY$_$8,missing,TV,0,0,0.91845703,-0.21252441,-0.6191406,1.1309814,-0.23388671875,-0.17805989086627969,-0.17805989086627969,0.46216512,0.30717862,0.23065627
540,dBWvtPeHpWM$_$4,missing,TV,2,2,-0.38745117,-0.20007324,0.88964844,1.0897217,0.69873046875,0.5680338591337203,0.5680338591337203,0.42955807,0.34246343,0.2279785
541,dEDbm2ubVRQ$_$0,missing,TV,1,1,-0.68603516,1.7099609,0.59521484,1.1147461,0.196533203125,0.16627604663372034,0.16627604663372034,0.3935141,0.29957062,0.3069153
542,dEDbm2ubVRQ$_$3,missing,TV,0,0,1.0429688,0.14221191,-0.7583008,0.90075684,-0.388916015625,-0.3020833283662797,-0.3020833283662797,0.49670267,0.2783594,0.22493793
543,dEDbm2ubVRQ$_$8,missing,TV,2,1,-1.1308594,1.3896484,1.3632812,-0.026367188,0.383056640625,0.3154947966337204,0.3154947966337204,0.38488805,0.35608056,0.2590314
544,dt641WxonBI$_$1,missing,TV,2,2,-1.25,1.3857422,1.6025391,0.21679688,0.55712890625,0.4547526091337204,0.4547526091337204,0.42647433,0.3511839,0.22234173
545,dt641WxonBI$_$3,missing,TV,1,1,-0.46801758,1.375,0.6904297,0.6845703,0.1922607421875,0.16285807788372034,0.16285807788372034,0.42440745,0.34948528,0.22610727
546,eOiC1kb17P4$_$0,missing,TV,2,2,-1.1835938,-0.13867188,1.8457031,1.984375,1.1904296875,0.9613932341337204,0.9613932341337204,0.4995484,0.28358215,0.21686947
547,erNDEjQeox8$_$12,missing,TV,2,2,-0.3095703,-1.0644531,1.0986328,1.4082031,0.771484375,0.6262369841337203,0.6262369841337203,0.48143077,0.24580942,0.2727598
548,ewBrNsyY82Q$_$4,missing,TV,1,1,-0.23620605,1.4755859,0.20715332,1.2684326,0.02459716796875,0.02872721850872034,0.02872721850872034,0.42392293,0.32052344,0.25555363
549,fWOIAxzBQFY$_$12,missing,TV,1,1,-0.67333984,1.9228516,0.59716797,1.3256836,0.150390625,0.12936198413372035,0.12936198413372035,0.39474943,0.37722158,0.228029
550,fWOIAxzBQFY$_$5,missing,TV,2,2,-1.5537109,0.46948242,2.296875,1.8273926,1.056640625,0.8543619841337203,0.8543619841337203,0.46474838,0.32320875,0.21204287
551,fWOIAxzBQFY$_$7,missing,TV,2,2,-1.2089844,1.2421875,1.4619141,0.21972656,0.3681640625,0.30358073413372033,0.30358073413372033,0.43718237,0.34270054,0.22011717
552,f_ZJ7L14oYQ$_$11,missing,TV,2,2,-0.7338867,0.8066406,1.0673828,0.2607422,0.4599609375,0.3770182341337204,0.3770182341337204,0.4531575,0.33024326,0.21659924
553,f_ZJ7L14oYQ$_$27,missing,TV,2,2,-0.3659668,0.28076172,0.64453125,0.36376953,0.54345703125,0.44381510913372035,0.44381510913372035,0.4735528,0.31259006,0.21385716
554,f_ZJ7L14oYQ$_$21,missing,TV,0,0,2.328125,-1.4941406,-1.6259766,3.8222656,-1.603515625,-1.2737630158662798,-1.2737630158662798,0.5523148,0.2554659,0.1922193
555,f_ZJ7L14oYQ$_$17,missing,TV,0,0,1.0048828,0.5307617,-1.0419922,0.4741211,-0.374755859375,-0.2907552033662797,-0.2907552033662797,0.47249696,0.32940304,0.19809999
556,f_ZJ7L14oYQ$_$9,missing,TV,0,2,-0.09680176,-0.17785645,0.5288086,-0.62561035,0.35205078125,0.2906901091337204,0.2906901091337204,0.44707102,0.34055594,0.21237306
557,f_ZJ7L14oYQ$_$8,missing,TV,2,1,-0.25219727,0.5883789,0.46289062,-0.12548828,0.3837890625,0.3160807341337204,0.3160807341337204,0.43093404,0.35725847,0.21180747
558,ffrJ91swyq0$_$1,missing,TV,2,2,-1.4970703,-0.06359863,2.3515625,2.4151611,1.1328125,0.9152994841337203,0.9152994841337203,0.4814921,0.28290585,0.23560211
559,g8Cl74tS3oY$_$2,missing,TV,0,0,0.83740234,-0.01864624,-0.6772461,0.8560486,-0.1583251953125,-0.11761067211627968,-0.11761067211627968,0.45945182,0.26651207,0.2740361
560,g8Cl74tS3oY$_$6,missing,TV,2,2,-1.3027344,-0.34765625,2.125,2.4726562,1.287109375,1.0387369841337204,1.0387369841337204,0.4582838,0.24757132,0.29414487
561,gR4gM_WXesQ$_$10,missing,TV,1,1,-0.16357422,1.0947266,0.21166992,0.88305664,0.1851806640625,0.15719401538372035,0.15719401538372035,0.4076872,0.2965522,0.29576057
562,gR4gM_WXesQ$_$26,missing,TV,0,0,1.8261719,0.08654785,-1.6953125,1.739624,-0.767578125,-0.6050130158662798,-0.6050130158662798,0.4779904,0.26158682,0.26042286
563,gR4gM_WXesQ$_$20,missing,TV,2,2,-0.78125,0.29541016,1.2148438,0.9194336,0.5283203125,0.4317057341337204,0.4317057341337204,0.41030398,0.29814506,0.29155093
564,gR4gM_WXesQ$_$24,missing,TV,1,1,0.75146484,1.2236328,-0.84375,0.47216797,-0.111083984375,-0.07981770336627966,-0.07981770336627966,0.45300177,0.294204,0.25279427
565,gR4gM_WXesQ$_$18,missing,TV,0,0,1.9326172,-0.6430664,-1.5087891,2.5756836,-0.888671875,-0.7018880158662797,-0.7018880158662797,0.48083687,0.25761026,0.26155287
566,gR4gM_WXesQ$_$3,missing,TV,0,0,1.4335938,-0.3046875,-1.1572266,1.7382812,-0.3466796875,-0.2682942658662797,-0.2682942658662797,0.4993217,0.2610186,0.23965968
567,gR4gM_WXesQ$_$4,missing,TV,2,2,-1.5634766,0.20947266,2.3125,2.1030273,1.091796875,0.8824869841337204,0.8824869841337204,0.42209035,0.30406418,0.27384546
568,gR4gM_WXesQ$_$8,missing,TV,2,2,-0.8276367,0.37280273,1.2333984,0.8605957,0.59619140625,0.4860026091337204,0.4860026091337204,0.44184288,0.29873675,0.25942042
569,gVqs4TzqySw$_$1,missing,TV,2,2,-0.5253906,0.18469238,1.0019531,0.81726074,0.4921875,0.40279948413372035,0.40279948413372035,0.44409412,0.284023,0.27188295
570,gVqs4TzqySw$_$3,missing,TV,1,1,-0.35498047,1.6572266,0.2322998,1.4249268,0.159912109375,0.13697917163372034,0.13697917163372034,0.42008978,0.3221498,0.2577604
571,gVqs4TzqySw$_$2,missing,TV,2,1,-0.90771484,1.5205078,0.9902344,-0.53027344,0.25244140625,0.21100260913372035,0.21100260913372035,0.38969,0.31582096,0.29448903
572,gVqs4TzqySw$_$4,missing,TV,1,1,-0.36401367,1.9404297,0.030639648,1.90979,0.08837890625,0.07975260913372034,0.07975260913372034,0.38195667,0.3251279,0.29291543
573,goMtnNHQ_z4$_$1,missing,TV,2,1,-1.0537109,1.2705078,1.265625,-0.0048828125,0.49365234375,0.4039713591337204,0.4039713591337204,0.36630228,0.3390956,0.2946021
574,goMtnNHQ_z4$_$2,missing,TV,2,2,-1.2724609,-0.890625,2.4609375,3.3515625,1.791015625,1.4418619841337204,1.4418619841337204,0.504325,0.2603961,0.23527896
575,goMtnNHQ_z4$_$13,missing,TV,2,2,-1.1816406,-0.0814209,1.8642578,1.9456787,1.10546875,0.8934244841337203,0.8934244841337203,0.47402984,0.29960147,0.2263687
576,goMtnNHQ_z4$_$12,missing,TV,1,1,-0.45288086,1.8291016,0.17541504,1.6536865,0.130615234375,0.11354167163372034,0.11354167163372034,0.39387697,0.3262212,0.27990183
577,hqzF4IDaIYE$_$0,missing,TV,0,0,1.4169922,-1.0068359,-0.96533203,2.3823242,-0.6201171875,-0.4870442658662797,-0.4870442658662797,0.47286668,0.2644867,0.26264665
578,hqzF4IDaIYE$_$3,missing,TV,2,2,-0.8251953,0.45288086,1.1962891,0.7434082,0.380859375,0.3137369841337203,0.3137369841337203,0.43563235,0.29931086,0.26505676
579,hqzF4IDaIYE$_$2,missing,TV,2,2,-1.1865234,0.072753906,1.9472656,1.8745117,0.9140625,0.7402994841337204,0.7402994841337204,0.45774248,0.2966667,0.24559082
580,hqzF4IDaIYE$_$4,missing,TV,1,1,-0.58935547,1.7763672,0.64160156,1.1347656,0.1058349609375,0.09371745288372034,0.09371745288372034,0.3986595,0.32368147,0.27765903
581,hqzF4IDaIYE$_$6,missing,TV,2,1,0.2956543,0.43115234,-0.22009277,-0.6512451,0.06170654296875,0.05841471850872034,0.05841471850872034,0.40162957,0.29606384,0.3023066
582,hvfaYsv7p8E$_$0,missing,TV,0,0,1.5576172,-0.49194336,-1.0576172,2.0495605,-0.611328125,-0.48001301586627965,-0.48001301586627965,0.4810404,0.2590039,0.2599557
583,iUXqlrui25c$_$10,missing,TV,0,0,1.4755859,-0.21911621,-1.2080078,1.6947021,-0.65380859375,-0.5139973908662797,-0.5139973908662797,0.48292014,0.26850343,0.24857639
584,iUXqlrui25c$_$21,missing,TV,1,1,-0.2631836,1.1943359,0.4033203,0.7910156,0.0709228515625,0.06578776538372033,0.06578776538372033,0.406207,0.32165778,0.27213523
585,iUXqlrui25c$_$23,missing,TV,1,1,-0.65771484,1.5244141,0.81689453,0.70751953,0.271728515625,0.22643229663372036,0.22643229663372036,0.37705752,0.32774127,0.29520118
586,icbUzboLcDQ$_$0,missing,TV,2,2,-1.4365234,-0.19250488,2.4335938,2.6260986,1.2470703125,1.0067057341337204,1.0067057341337204,0.49126956,0.29614156,0.21258885
587,ioupaiAuRr0$_$5,missing,TV,2,2,-1.1083984,0.89990234,1.6943359,0.7944336,0.42822265625,0.3516276091337204,0.3516276091337204,0.43162993,0.32639584,0.24197428
588,ioupaiAuRr0$_$4,missing,TV,1,2,-0.42749023,0.6513672,0.8129883,-0.1616211,0.3212890625,0.26608073413372035,0.26608073413372035,0.4166698,0.33459213,0.24873804
589,jICmfLeFymA$_$16,missing,TV,2,2,-1.5605469,-0.08703613,2.6054688,2.692505,1.5908203125,1.2817057341337204,1.2817057341337204,0.3872255,0.256614,0.35616046
590,jPrEKz1rAno$_$11,missing,TV,1,1,-0.65478516,1.8251953,0.6513672,1.1738281,0.1282958984375,0.11168620288372035,0.11168620288372035,0.40388227,0.35333395,0.24278376
591,jPrEKz1rAno$_$7,missing,TV,1,1,-0.35864258,1.4599609,0.2841797,1.1757812,0.202392578125,0.17096354663372035,0.17096354663372035,0.4192849,0.3083057,0.27240935
592,jPrEKz1rAno$_$6,missing,TV,1,1,0.04397583,1.9052734,-0.32080078,1.8612976,0.1680908203125,0.14352214038372035,0.14352214038372035,0.4017907,0.32435504,0.27385423
593,k5ZOshC2LP4$_$1,missing,TV,1,0,0.1821289,0.064819336,-0.020767212,-0.11730957,0.238037109375,0.19947917163372034,0.19947917163372034,0.46853042,0.3190673,0.21240231
594,kbGhEJ4W44o$_$0,missing,TV,0,0,1.1064453,-0.41992188,-0.76123047,1.5263672,-0.1251220703125,-0.09104817211627966,-0.09104817211627966,0.4938606,0.2723055,0.23383392
595,kfsO4c0Ekes$_$7,missing,TV,2,2,-1.296875,-0.8027344,2.3242188,3.1269531,1.595703125,1.2856119841337204,1.2856119841337204,0.5133384,0.26148644,0.2251752
596,kvUb78Rdzdc$_$3,missing,TV,2,2,-1.1083984,-1.1230469,2.1757812,3.2841797,1.583984375,1.2762369841337204,1.2762369841337204,0.565869,0.2597009,0.17443012
597,lO87-4Kf0cQ$_$2,missing,TV,1,1,-0.3125,1.8408203,-0.030395508,1.8712158,0.08709716796875,0.07872721850872035,0.07872721850872035,0.3793947,0.3257476,0.29485774
598,lO87-4Kf0cQ$_$5,missing,TV,1,1,-0.25268555,1.6943359,-0.084106445,1.7784424,0.130859375,0.11373698413372034,0.11373698413372034,0.38684243,0.325941,0.2872166
599,lWf5hHRHIDs$_$11,missing,TV,2,2,-1.4365234,0.17810059,2.3652344,2.1871338,1.1748046875,0.9488932341337204,0.9488932341337204,0.44294822,0.29515272,0.26189908
600,lawHYX5eB20$_$1,missing,TV,0,1,0.94433594,1.0185547,-1.0410156,-0.07421875,-0.184326171875,-0.13841145336627966,-0.13841145336627966,0.44218636,0.2937276,0.2640861
601,lawHYX5eB20$_$2,missing,TV,1,1,-0.67578125,1.7548828,0.6928711,1.0620117,0.01141357421875,0.01818034350872034,0.01818034350872034,0.3579875,0.35833648,0.28367603
602,mHGaQ_nv9UY$_$13,missing,TV,1,2,-0.2668457,0.44311523,0.53466797,-0.091552734,0.2626953125,0.21920573413372035,0.21920573413372035,0.52684194,0.26198032,0.21117775
603,mHGaQ_nv9UY$_$14,missing,TV,2,1,-0.68603516,1.1289062,0.9321289,-0.19677734,0.263671875,0.21998698413372034,0.21998698413372034,0.452362,0.32103613,0.22660184
604,mHGaQ_nv9UY$_$17,missing,TV,1,1,0.19396973,0.9448242,-0.1194458,0.7508545,-0.025177001953125,-0.011092117428779663,-0.011092117428779663,0.4743405,0.3015118,0.22414769
605,mHGaQ_nv9UY$_$22,missing,TV,0,0,1.9707031,-0.70166016,-1.5341797,2.6723633,-1.1943359375,-0.9464192658662798,-0.9464192658662798,0.544209,0.25695682,0.19883423
606,mHGaQ_nv9UY$_$5,missing,TV,0,0,0.3215332,-1.0908203,0.21240234,0.10913086,0.1727294921875,0.14723307788372034,0.14723307788372034,0.5673791,0.24769641,0.18492451
607,mHGaQ_nv9UY$_$4,missing,TV,0,0,2.2949219,-1.1894531,-1.9150391,3.484375,-1.759765625,-1.3987630158662798,-1.3987630158662798,0.60996646,0.2250733,0.16496022
608,mLW-jn67gRE$_$20,missing,TV,2,2,-1.4833984,0.7910156,1.8876953,1.0966797,0.419677734375,0.3447916716337204,0.3447916716337204,0.45069402,0.33511862,0.21418737
609,mLW-jn67gRE$_$17,missing,TV,2,2,-0.22009277,-0.043792725,0.5654297,0.6092224,0.475341796875,0.3893229216337204,0.3893229216337204,0.5470439,0.2782157,0.1747404
610,mLW-jn67gRE$_$1,missing,TV,1,1,-0.008575439,1.6552734,-0.22888184,1.6638489,-0.0307159423828125,-0.015523269772529665,-0.015523269772529665,0.47769523,0.32527053,0.19703427
611,mLW-jn67gRE$_$3,missing,TV,1,1,-0.73339844,1.9853516,0.6040039,1.3813477,-0.031768798828125,-0.016365554928779665,-0.016365554928779665,0.4133524,0.37956747,0.20708014
612,mLW-jn67gRE$_$5,missing,TV,1,1,-1.0546875,1.6367188,1.0957031,0.5410156,0.07855224609375,0.07189128100872035,0.07189128100872035,0.42092913,0.37576133,0.20330954
613,mLW-jn67gRE$_$6,missing,TV,0,0,1.6044922,-0.09069824,-1.3779297,1.6951904,-0.5283203125,-0.41360676586627965,-0.41360676586627965,0.5573284,0.2755377,0.16713391
614,mLW-jn67gRE$_$9,missing,TV,1,1,0.44702148,0.8232422,-0.4885254,0.3762207,0.033935546875,0.036197921633720334,0.036197921633720334,0.50783855,0.31240764,0.1797538
615,mjpCK2Edsv8$_$0,missing,TV,2,2,-1.5634766,-0.83496094,2.7070312,3.5419922,1.8369140625,1.4785807341337205,1.4785807341337205,0.56749284,0.21705753,0.21544966
616,nUZYqTRSGDw$_$4,missing,TV,0,0,2.2539062,-1.0400391,-1.6923828,3.2939453,-1.3671875,-1.0847005158662797,-1.0847005158662797,0.5437674,0.22667061,0.229562
617,nyzIL6YAonY$_$5,missing,TV,2,2,-1.6376953,0.12902832,2.3378906,2.2088623,1.0146484375,0.8207682341337204,0.8207682341337204,0.49724007,0.3077777,0.19498229
618,nyzIL6YAonY$_$6,missing,TV,2,2,-1.2773438,0.94384766,1.8193359,0.8754883,0.69091796875,0.5617838591337203,0.5617838591337203,0.4437615,0.34483835,0.21140015
619,ooAF6I-fmTg$_$3,missing,TV,0,1,0.23376465,0.57177734,-0.14440918,-0.3380127,0.034271240234375,0.03646647632122034,0.03646647632122034,0.48909178,0.32583135,0.18507688
620,ooAF6I-fmTg$_$5,missing,TV,0,1,0.37426758,0.78222656,-0.50146484,-0.40795898,-0.143798828125,-0.10598957836627967,-0.10598957836627967,0.5079753,0.3070683,0.18495643
621,ooAF6I-fmTg$_$7,missing,TV,0,0,2.0859375,-0.8876953,-1.7265625,2.9736328,-1.1748046875,-0.9307942658662798,-0.9307942658662798,0.5501866,0.27603713,0.17377631
622,pOrk7fl1AYo$_$1,missing,TV,1,1,0.39160156,1.2783203,-0.55029297,0.88671875,-0.07373046875,-0.04993489086627967,-0.04993489086627967,0.4344556,0.3049272,0.2606172
623,pOrk7fl1AYo$_$3,missing,TV,2,2,-0.52490234,-0.6171875,1.0849609,1.6098633,0.779296875,0.6324869841337204,0.6324869841337204,0.49266672,0.24719994,0.26013342
624,pOrk7fl1AYo$_$2,missing,TV,0,0,0.9057617,0.89697266,-0.8930664,0.0087890625,-0.29638671875,-0.22805989086627967,-0.22805989086627967,0.4572722,0.2699442,0.27278364
625,pOrk7fl1AYo$_$4,missing,TV,0,0,1.3486328,-0.044281006,-1.0576172,1.3929138,-0.2193603515625,-0.16643879711627968,-0.16643879711627968,0.5016282,0.27522123,0.2231505
626,q9yDL81QppI$_$1,missing,TV,1,1,-0.70214844,2.0058594,0.42211914,1.5837402,-0.05780029296875,-0.037190750241279665,-0.037190750241279665,0.403954,0.36497024,0.23107572
627,q9yDL81QppI$_$0,missing,TV,1,1,-0.57128906,1.4726562,0.5336914,0.93896484,0.1112060546875,0.09801432788372035,0.09801432788372035,0.41574717,0.34024623,0.2440066
628,q9yDL81QppI$_$2,missing,TV,1,1,-0.7788086,1.7207031,0.6171875,1.1035156,0.08697509765625,0.07862956225872034,0.07862956225872034,0.4059406,0.339192,0.2548674
629,qK77ZmbqmOM$_$9,missing,TV,1,1,-0.22766113,1.1630859,0.22802734,0.9350586,0.0599365234375,0.05699870288372034,0.05699870288372034,0.4197939,0.32442117,0.2557849
630,qK77ZmbqmOM$_$0,missing,TV,1,1,-0.50097656,1.2548828,0.46801758,0.78686523,0.1353759765625,0.11735026538372034,0.11735026538372034,0.36013937,0.3173559,0.32250473
631,qY1sXq-YCHs$_$8,missing,TV,0,0,0.9526367,0.8354492,-1.0048828,0.1171875,-0.329833984375,-0.2548177033662796,-0.2548177033662796,0.4980533,0.30847335,0.19347325
632,qmMSumMloAs$_$1,missing,TV,2,2,-1.5878906,-0.6176758,2.4824219,3.1000977,1.580078125,1.2731119841337204,1.2731119841337204,0.50200045,0.25579137,0.2422081
633,qmMSumMloAs$_$3,missing,TV,2,2,-1.5058594,-0.8564453,2.6660156,3.522461,1.701171875,1.3699869841337204,1.3699869841337204,0.5183391,0.25804695,0.22361396
634,qmMSumMloAs$_$2,missing,TV,2,2,-0.89990234,-1.6337891,2.03125,2.9311523,1.8251953125,1.4692057341337204,1.4692057341337204,0.57519525,0.21583775,0.20896702
635,r13W4H8ZhqI$_$12,missing,TV,1,1,0.16906738,1.1767578,-0.25,1.0076904,-0.024078369140625,-0.010213211178779665,-0.010213211178779665,0.43508342,0.34881577,0.21610078
636,r13W4H8ZhqI$_$1,missing,TV,2,2,-1.0449219,0.67333984,1.4335938,0.7602539,0.453125,0.37154948413372035,0.37154948413372035,0.44784385,0.32332852,0.22882763
637,r13W4H8ZhqI$_$5,missing,TV,1,1,-0.82421875,1.7314453,0.70703125,1.0244141,0.05859375,0.05592448413372034,0.05592448413372034,0.38196275,0.35892463,0.25911263
638,r13W4H8ZhqI$_$8,missing,TV,2,2,-1.0585938,0.5463867,1.4736328,0.9272461,0.56005859375,0.4570963591337204,0.4570963591337204,0.44130042,0.33623746,0.22246209
639,r5ijC2W9ddk$_$8,missing,TV,2,2,-1.6123047,-0.1459961,2.5097656,2.6557617,1.474609375,1.1887369841337203,1.1887369841337203,0.47570595,0.299493,0.22480106
640,r5ijC2W9ddk$_$0,missing,TV,1,1,0.39868164,1.5224609,-0.70996094,1.1237793,-0.10009765625,-0.07102864086627966,-0.07102864086627966,0.48510012,0.31224862,0.20265125
641,r9tgDqXEcuc$_$4,missing,TV,1,1,-1.0439453,1.6611328,1.2822266,0.37890625,0.2391357421875,0.20035807788372034,0.20035807788372034,0.3892789,0.34573743,0.26498368
642,rf0yDSeVEUA$_$1,missing,TV,2,2,-1.546875,-0.5996094,2.5703125,3.1699219,1.564453125,1.2606119841337204,1.2606119841337204,0.49923652,0.24045706,0.26030642
643,rf0yDSeVEUA$_$0,missing,TV,2,2,-1.640625,-0.5415039,2.6757812,3.2172852,1.677734375,1.3512369841337204,1.3512369841337204,0.514953,0.24975419,0.2352928
644,rf0yDSeVEUA$_$3,missing,TV,2,0,0.64746094,-1.5478516,0.26635742,-0.38110352,0.28759765625,0.23912760913372036,0.23912760913372036,0.56547564,0.21022917,0.22429521
645,rojyUp4FPSg$_$26,missing,TV,2,2,-1.5322266,0.5683594,2.1796875,1.6113281,0.95703125,0.7746744841337203,0.7746744841337203,0.4018119,0.29622307,0.30196503
646,rojyUp4FPSg$_$20,missing,TV,2,2,-0.5415039,-0.5551758,1.4619141,2.003418,1.220703125,0.9856119841337203,0.9856119841337203,0.42077914,0.28161234,0.29760852
647,rojyUp4FPSg$_$21,missing,TV,2,2,-1.4638672,-1.0126953,2.7265625,3.7392578,2.009765625,1.6168619841337204,1.6168619841337204,0.56132793,0.21990785,0.21876423
648,rojyUp4FPSg$_$23,missing,TV,2,2,-1.2382812,-0.44311523,2.2207031,2.6638184,1.5322265625,1.2348307341337204,1.2348307341337204,0.5375378,0.23233305,0.23012908
649,rojyUp4FPSg$_$5,missing,TV,1,1,-1.0195312,1.5205078,1.1289062,0.39160156,0.369873046875,0.3049479216337203,0.3049479216337203,0.3614245,0.3088505,0.329725
650,rojyUp4FPSg$_$7,missing,TV,2,2,-1.5947266,0.27490234,2.4140625,2.1391602,1.1416015625,0.9223307341337204,0.9223307341337204,0.43875694,0.29154596,0.26969704
651,rojyUp4FPSg$_$9,missing,TV,0,0,1.7597656,-1.3564453,-0.9633789,2.7231445,-0.708984375,-0.5581380158662798,-0.5581380158662798,0.5053912,0.24401982,0.25058904
652,rojyUp4FPSg$_$10,missing,TV,2,2,-1.3759766,-0.3244629,2.3632812,2.6877441,1.509765625,1.2168619841337205,1.2168619841337205,0.43299568,0.27358794,0.29341632
653,rojyUp4FPSg$_$12,missing,TV,2,2,-1.515625,-0.70703125,2.5429688,3.25,1.75,1.4090494841337204,1.4090494841337204,0.5003475,0.2716328,0.22801971
654,rojyUp4FPSg$_$16,missing,TV,2,2,-1.2148438,1.0664062,1.5712891,0.5048828,0.58984375,0.48092448413372035,0.48092448413372035,0.40150052,0.3260962,0.27240327
655,rojyUp4FPSg$_$18,missing,TV,2,2,-1.0302734,0.8925781,1.4130859,0.5205078,0.66650390625,0.5422526091337203,0.5422526091337203,0.353714,0.29988727,0.34639877
656,rojyUp4FPSg$_$37,missing,TV,2,2,-1.6572266,0.32348633,2.2929688,1.9694824,1.068359375,0.8637369841337204,0.8637369841337204,0.4015608,0.32592836,0.27251083
657,rojyUp4FPSg$_$36,missing,TV,2,2,-1.3828125,-0.875,2.6171875,3.4921875,1.7783203125,1.4317057341337205,1.4317057341337205,0.53002435,0.23079135,0.23918432
658,rojyUp4FPSg$_$34,missing,TV,2,2,-1.5429688,0.89746094,2.0117188,1.1142578,0.7998046875,0.6488932341337204,0.6488932341337204,0.36903623,0.3082854,0.3226784
659,rojyUp4FPSg$_$32,missing,TV,2,2,-1.6064453,-0.41137695,2.6855469,3.0969238,1.6728515625,1.3473307341337204,1.3473307341337204,0.5134928,0.24622472,0.24028246
660,rwNlqh0k1j4$_$15,missing,TV,2,2,-1.1416016,-0.3239746,1.8398438,2.1638184,1.06640625,0.8621744841337203,0.8621744841337203,0.463377,0.3071689,0.22945414
661,rwNlqh0k1j4$_$3,missing,TV,0,0,2.5175781,-1.3935547,-1.9248047,3.9111328,-1.8193359375,-1.4464192658662798,-1.4464192658662798,0.57010096,0.22924507,0.200654
662,rwNlqh0k1j4$_$2,missing,TV,2,1,-0.71728516,1.2128906,0.90722656,-0.30566406,0.18212890625,0.15475260913372035,0.15475260913372035,0.4162623,0.33639857,0.24733911
663,rwNlqh0k1j4$_$7,missing,TV,0,0,1.5166016,-0.35766602,-1.5107422,1.8742676,-0.826171875,-0.6518880158662798,-0.6518880158662798,0.47835267,0.27941856,0.24222885
664,sC16n1k66io$_$2,missing,TV,2,2,-1.1708984,-0.21374512,1.8798828,2.093628,1.099609375,0.8887369841337204,0.8887369841337204,0.4698397,0.26351923,0.26664108
665,sC16n1k66io$_$16,missing,TV,2,2,-1.2216797,0.17700195,1.8515625,1.6745605,0.9443359375,0.7645182341337203,0.7645182341337203,0.49288663,0.2679127,0.23920067
666,sPremsknoLM$_$1,missing,TV,1,1,-0.36767578,2.1777344,0.04626465,2.1314697,0.07421875,0.06842448413372035,0.06842448413372035,0.44860372,0.29541883,0.25597742
667,ssqiwP19JhM$_$10,missing,TV,0,0,0.6542969,0.48339844,-0.4663086,0.17089844,-0.12939453125,-0.09446614086627966,-0.09446614086627966,0.4939577,0.25032812,0.25571418
668,ssqiwP19JhM$_$2,missing,TV,1,1,-0.8364258,1.5078125,0.97998047,0.52783203,0.358642578125,0.2959635466337204,0.2959635466337204,0.34475413,0.29874793,0.3564979
669,szic2IB9HB4$_$5,missing,TV,0,0,1.2080078,0.7553711,-1.2822266,0.45263672,-0.44921875,-0.3503255158662797,-0.3503255158662797,0.48331907,0.3033418,0.21333914
670,tQ-CIfgj-Js$_$3,missing,TV,1,1,0.05050659,1.3662109,-0.0826416,1.3157043,0.1485595703125,0.12789714038372035,0.12789714038372035,0.45125487,0.28477642,0.26396865
671,tXQpm-nKxNA$_$5,missing,TV,2,2,-1.4570312,-1.0146484,2.859375,3.8740234,2.064453125,1.6606119841337204,1.6606119841337204,0.5422085,0.21691865,0.24087283
672,tXQpm-nKxNA$_$7,missing,TV,2,2,-1.4482422,-0.7421875,2.65625,3.3984375,1.759765625,1.4168619841337204,1.4168619841337204,0.4781019,0.25437617,0.2675219
673,uacdDoBtT1k$_$0,missing,TV,0,0,2.2597656,-0.9785156,-1.8056641,3.2382812,-1.4609375,-1.1597005158662796,-1.1597005158662796,0.61289537,0.20148136,0.18562329
674,uacdDoBtT1k$_$6,missing,TV,0,0,1.5869141,-0.2512207,-1.3154297,1.8381348,-0.5078125,-0.3972005158662797,-0.3972005158662797,0.51058286,0.26187795,0.2275392
675,unNY4zIk8MM$_$1,missing,TV,2,2,-1.5048828,-0.8774414,2.7070312,3.5844727,1.8603515625,1.4973307341337203,1.4973307341337203,0.5637883,0.23179282,0.20441887
676,unNY4zIk8MM$_$3,missing,TV,2,2,-1.2949219,1.0537109,1.7802734,0.7265625,0.478515625,0.3918619841337203,0.3918619841337203,0.3942284,0.3292175,0.2765541
677,unNY4zIk8MM$_$5,missing,TV,2,2,-1.4121094,0.890625,1.9990234,1.1083984,0.712890625,0.5793619841337203,0.5793619841337203,0.42944694,0.30818832,0.26236477
678,unNY4zIk8MM$_$8,missing,TV,1,1,-0.28198242,1.6689453,0.024536133,1.6444092,0.248291015625,0.20768229663372034,0.20768229663372034,0.37712342,0.29050055,0.33237603
679,uooIiW6dEyg$_$1,missing,TV,0,0,2.2773438,-1.1435547,-1.7539062,3.4208984,-1.572265625,-1.2487630158662797,-1.2487630158662797,0.55882454,0.24735148,0.19382401
680,uooIiW6dEyg$_$5,missing,TV,2,2,-1.0820312,1.1103516,1.4482422,0.33789062,0.548828125,0.44811198413372033,0.44811198413372033,0.43019596,0.3280002,0.24180387
681,v2Rr-EsJda8$_$0,missing,TV,1,1,0.012054443,1.9501953,-0.31201172,1.9381409,0.130859375,0.11373698413372034,0.11373698413372034,0.4617622,0.30363905,0.23459882
682,v2Rr-EsJda8$_$6,missing,TV,2,2,-1.3115234,-0.42895508,2.2050781,2.6340332,1.6552734375,1.3332682341337203,1.3332682341337203,0.574115,0.23750648,0.1883785
683,v9gjg7TDlTA$_$0,missing,TV,0,0,1.5732422,-0.14904785,-1.3564453,1.72229,-0.66552734375,-0.5233723908662797,-0.5233723908662797,0.4360344,0.276413,0.28755265
684,v9gjg7TDlTA$_$4,missing,TV,0,0,1.9833984,-0.9716797,-1.7099609,2.9550781,-1.267578125,-1.0050130158662798,-1.0050130158662798,0.5168705,0.2534566,0.22967295
685,vHzbn_YW76s$_$3,missing,TV,0,0,1.0253906,-0.20739746,-0.7661133,1.2327881,-0.216552734375,-0.16419270336627967,-0.16419270336627967,0.45465183,0.32654047,0.21880773
686,vU0a4F36Ksw$_$13,missing,TV,1,1,-0.61279297,1.4248047,0.6035156,0.82128906,0.256591796875,0.21432292163372035,0.21432292163372035,0.4065117,0.33269596,0.26079234
687,vU0a4F36Ksw$_$12,missing,TV,2,1,-0.86376953,1.5576172,0.7841797,-0.7734375,0.353759765625,0.2920572966337204,0.2920572966337204,0.3870019,0.3378133,0.27518475
688,vU0a4F36Ksw$_$17,missing,TV,1,1,-0.7529297,1.9794922,0.49121094,1.4882812,0.19189453125,0.16256510913372035,0.16256510913372035,0.39921415,0.34118578,0.25960004
689,vU0a4F36Ksw$_$0,missing,TV,2,2,-1.6416016,-0.36791992,2.6542969,3.0222168,1.533203125,1.2356119841337203,1.2356119841337203,0.5180159,0.26836047,0.2136236
690,vU0a4F36Ksw$_$3,missing,TV,2,2,-1.4111328,-0.2010498,2.0996094,2.3006592,1.2841796875,1.0363932341337203,1.0363932341337203,0.4960125,0.27965975,0.22432774
691,vU0a4F36Ksw$_$5,missing,TV,1,1,0.10290527,0.5024414,-0.06585693,0.39953613,-0.0875244140625,-0.060970047116279666,-0.060970047116279666,0.42666167,0.31955862,0.25377968
692,vU0a4F36Ksw$_$7,missing,TV,2,2,-1.1972656,1.2421875,1.4375,0.1953125,0.26708984375,0.22272135913372035,0.22272135913372035,0.44140574,0.36303687,0.19555734
693,vU0a4F36Ksw$_$20,missing,TV,1,1,0.07873535,1.0517578,-0.048217773,0.97302246,0.0040130615234375,0.012259933352470337,0.012259933352470337,0.41401085,0.3332465,0.25274262
694,vbr3EA8cJTI$_$0,missing,TV,2,2,-1.6054688,-0.6567383,2.796875,3.4536133,1.7724609375,1.4270182341337203,1.4270182341337203,0.5140526,0.2760624,0.20988503
695,vbr3EA8cJTI$_$2,missing,TV,0,0,2.0488281,-1.1542969,-1.6318359,3.203125,-1.365234375,-1.0831380158662798,-1.0831380158662798,0.57505906,0.2510612,0.17387971
696,vbr3EA8cJTI$_$7,missing,TV,2,2,-0.4560547,0.6347656,0.68310547,0.048339844,0.45947265625,0.3766276091337204,0.3766276091337204,0.41304412,0.29076868,0.2961872
697,vbr3EA8cJTI$_$6,missing,TV,2,2,-1.5351562,-0.21813965,2.4492188,2.6673584,1.4052734375,1.1332682341337204,1.1332682341337204,0.46251932,0.27670667,0.260774
698,wF8980oGklk$_$24,missing,TV,2,2,-1.4814453,0.17614746,2.265625,2.0894775,1.154296875,0.9324869841337203,0.9324869841337203,0.4303651,0.31294075,0.2566942
699,wF8980oGklk$_$25,missing,TV,2,2,-1.6074219,-0.49438477,2.7578125,3.2521973,1.765625,1.4215494841337204,1.4215494841337204,0.5441409,0.2613023,0.19455677
700,wF8980oGklk$_$1,missing,TV,1,1,-0.28100586,1.5322266,0.23474121,1.2974854,-0.00855255126953125,0.0022074431180953364,0.0022074431180953364,0.3913175,0.32944787,0.27923462
701,wF8980oGklk$_$0,missing,TV,1,1,-0.92333984,1.9199219,0.89746094,1.0224609,0.19677734375,0.16647135913372035,0.16647135913372035,0.38278133,0.33954817,0.27767053
702,wF8980oGklk$_$3,missing,TV,1,1,0.12463379,1.7255859,-0.42211914,1.6009521,-0.1505126953125,-0.11136067211627967,-0.11136067211627967,0.43579412,0.32457542,0.23963048
703,wF8980oGklk$_$2,missing,TV,0,0,2.3261719,-0.85253906,-1.8701172,3.178711,-1.4990234375,-1.1901692658662797,-1.1901692658662797,0.5415092,0.2517472,0.20674361
704,wF8980oGklk$_$6,missing,TV,2,2,-1.1513672,0.86328125,1.6650391,0.8017578,0.64404296875,0.5242838591337203,0.5242838591337203,0.4241646,0.32839128,0.24744412
705,wF8980oGklk$_$17,missing,TV,2,2,-1.5683594,-0.7133789,2.8457031,3.559082,1.84375,1.4840494841337204,1.4840494841337204,0.5415306,0.24697986,0.21148953
706,wosolsrH3sM$_$6,missing,TV,2,0,0.4963379,-1.9833984,0.40063477,-0.095703125,0.2587890625,0.21608073413372034,0.21608073413372034,0.5892616,0.23205316,0.17868525
707,x-zGBp7axao$_$3,missing,TV,0,0,1.1181641,-1.1650391,-0.7114258,1.8295898,-0.55908203125,-0.4382161408662797,-0.4382161408662797,0.501449,0.26870313,0.22984783
708,x2lOwQaAn4g$_$4,missing,TV,2,2,-1.6318359,-0.6142578,2.9492188,3.5634766,1.861328125,1.4981119841337205,1.4981119841337205,0.48760262,0.27538818,0.23700921
709,xUgAP84vsg4$_$15,missing,TV,2,2,-1.6269531,-0.67333984,2.8476562,3.520996,1.7666015625,1.4223307341337204,1.4223307341337204,0.541444,0.2620585,0.19649753
710,xUgAP84vsg4$_$4,missing,TV,2,2,-1.6064453,-0.26367188,2.6679688,2.9316406,1.5380859375,1.2395182341337203,1.2395182341337203,0.48468637,0.30474886,0.21056478
711,xUgAP84vsg4$_$8,missing,TV,2,2,-1.2988281,1.3701172,1.6220703,0.25195312,0.43408203125,0.35631510913372033,0.35631510913372033,0.46545574,0.32744583,0.20709841
712,xivYoEUQ5sk$_$5,missing,TV,2,2,-1.4628906,-0.5673828,2.4921875,3.0595703,1.5966796875,1.2863932341337203,1.2863932341337203,0.5224038,0.22665314,0.25094306
713,xivYoEUQ5sk$_$4,missing,TV,2,2,-1.3525391,-1.2216797,2.5546875,3.7763672,2.0625,1.6590494841337204,1.6590494841337204,0.56889254,0.20973364,0.2213738
714,xjsaS-LeZ14$_$20,missing,TV,1,1,-0.57373047,1.7255859,0.4267578,1.2988281,0.134765625,0.11686198413372034,0.11686198413372034,0.38823864,0.35017753,0.26158383
715,xjsaS-LeZ14$_$14,missing,TV,1,1,-1.0507812,1.8564453,1.1201172,0.7363281,0.133056640625,0.11549479663372034,0.11549479663372034,0.38169914,0.36045444,0.2578464
716,xjsaS-LeZ14$_$6,missing,TV,2,2,-0.25268555,-0.11254883,0.6801758,0.7927246,0.353271484375,0.2916666716337204,0.2916666716337204,0.41951844,0.27701032,0.30347127
717,y8HXGm1-Ecw$_$7,missing,TV,0,0,1.4189453,-1.0087891,-0.95947266,2.378418,-0.7001953125,-0.5511067658662797,-0.5511067658662797,0.48630056,0.27476683,0.23893261
718,y9FyTEyGy5Y$_$1,missing,TV,2,2,-1.3984375,0.03564453,2.1171875,2.081543,1.2587890625,1.0160807341337204,1.0160807341337204,0.46748236,0.25645956,0.2760581
719,zhE_68GMJIk$_$8,missing,TV,0,0,0.53564453,-0.8876953,-0.061065674,0.5967102,0.0284271240234375,0.03179118335247034,0.03179118335247034,0.5082767,0.2907021,0.2010212
720,zhE_68GMJIk$_$5,missing,TV,0,0,1.7207031,-0.7236328,-1.3076172,2.444336,-0.8662109375,-0.6839192658662797,-0.6839192658662797,0.5200362,0.26631713,0.21364662
721,zjYEBwXGD8I$_$13,missing,TV,2,2,-1.1367188,0.609375,1.5361328,0.9267578,0.587890625,0.47936198413372033,0.47936198413372033,0.4644738,0.32395378,0.21157245
722,zjYEBwXGD8I$_$15,missing,TV,2,1,-0.9428711,1.1650391,1.1357422,-0.029296875,0.434326171875,0.3565104216337204,0.3565104216337204,0.43967912,0.31005287,0.25026798
723,zjYEBwXGD8I$_$0,missing,TV,1,1,-0.90771484,1.8964844,1.2392578,0.65722656,0.330322265625,0.27330729663372033,0.27330729663372033,0.3791743,0.33622986,0.28459585
724,zjYEBwXGD8I$_$2,missing,TV,2,2,-1.1796875,-0.023773193,1.9189453,1.9427185,1.0615234375,0.8582682341337203,0.8582682341337203,0.5134074,0.30165836,0.18493421
725,zjYEBwXGD8I$_$4,missing,TV,1,1,-0.28808594,0.9946289,0.3244629,0.670166,0.245361328125,0.20533854663372034,0.20533854663372034,0.45262954,0.29140824,0.25596213
726,zjYEBwXGD8I$_$9,missing,TV,2,2,-1.5625,0.2322998,2.2578125,2.0255127,0.98828125,0.7996744841337203,0.7996744841337203,0.45196727,0.32834318,0.21968958
727,zk2jTlAtvSU$_$3,missing,TV,1,1,-0.36499023,1.3652344,0.27954102,1.0856934,0.135009765625,0.11705729663372035,0.11705729663372035,0.4235161,0.30301,0.27347395
0,-UacrmKiTn4$_$7,missing,AV,1,1,0.4165039,1.2158203,-0.78759766,0.7993164,-0.1929931640625,-0.14534504711627969,-0.14534504711627969,0.44439682,0.21287791,0.34272528
1,-qDkUB0GgYY$_$5,missing,AV,2,0,0.88134766,-0.49487305,-0.41723633,-1.298584,-0.59375,-0.46595051586627967,-0.46595051586627967,0.4870948,0.26425147,0.24865375
2,0utROiKxejc$_$1,missing,AV,2,1,0.10998535,1.3652344,-0.67333984,-2.0385742,-0.2222900390625,-0.16878254711627969,-0.16878254711627969,0.49352312,0.23618855,0.27028832
3,0utROiKxejc$_$4,missing,AV,0,0,1.6074219,-0.15026855,-1.625,1.7576904,-1.08203125,-0.8565755158662798,-0.8565755158662798,0.5555216,0.19601941,0.24845903
4,0y022OlZ3W0$_$3,missing,AV,2,1,-0.55566406,1.2871094,0.328125,-0.9589844,0.3525390625,0.2910807341337204,0.2910807341337204,0.41967788,0.3348193,0.2455028
5,0y022OlZ3W0$_$5,missing,AV,0,1,0.32226562,1.0869141,-0.88134766,-0.76464844,-0.2376708984375,-0.18108723461627968,-0.18108723461627968,0.48734736,0.22763641,0.2850162
6,0y022OlZ3W0$_$8,missing,AV,1,1,-0.31103516,1.1269531,-0.14794922,1.2749023,0.11920166015625,0.10441081225872034,0.10441081225872034,0.41779613,0.28838176,0.2938221
7,101787$_$11,missing,AV,0,0,1.1630859,0.57128906,-1.8066406,0.5917969,-1.193359375,-0.9456380158662797,-0.9456380158662797,0.5096712,0.20099571,0.28933308
8,101787$_$13,missing,AV,0,0,0.9951172,0.9477539,-1.6142578,0.04736328,-1.03515625,-0.8190755158662797,-0.8190755158662797,0.5012778,0.22305852,0.27566364
9,101787$_$1,missing,AV,0,1,0.35961914,1.6689453,-1.0771484,-1.3093262,-0.438720703125,-0.34192707836627967,-0.34192707836627967,0.42809469,0.24308552,0.3288198
10,101787$_$5,missing,AV,0,1,0.054779053,1.9892578,-0.7270508,-1.9344788,-0.1072998046875,-0.07679035961627967,-0.07679035961627967,0.4724882,0.21720366,0.3103081
11,101787$_$7,missing,AV,2,1,0.21984863,1.8544922,-0.9379883,-2.7924805,-0.3291015625,-0.2542317658662797,-0.2542317658662797,0.46341652,0.20410593,0.3324775
12,101787$_$9,missing,AV,1,1,0.68603516,0.92333984,-1.1865234,0.23730469,-0.7880859375,-0.6214192658662797,-0.6214192658662797,0.48287264,0.21951793,0.29760948
13,102408$_$2,missing,AV,1,1,-0.8745117,1.4443359,0.7607422,0.68359375,0.214599609375,0.18072917163372035,0.18072917163372035,0.3876082,0.30885226,0.3035395
14,102408$_$5,missing,AV,2,1,-0.6455078,0.84277344,0.6347656,-0.20800781,0.54443359375,0.4445963591337203,0.4445963591337203,0.43920472,0.30748615,0.25330916
15,102408$_$9,missing,AV,0,1,-0.5258789,0.87646484,0.25097656,-1.4023438,0.2021484375,0.17076823413372036,0.17076823413372036,0.43032378,0.3126193,0.25705692
16,102858$_$20,missing,AV,0,1,0.13879395,1.5742188,-0.59472656,-1.4354248,-0.16796875,-0.12532551586627966,-0.12532551586627966,0.45881653,0.31424427,0.22693922
17,102858$_$21,missing,AV,0,0,1.1357422,0.8066406,-1.5869141,0.32910156,-0.869140625,-0.6862630158662797,-0.6862630158662797,0.49511883,0.25906473,0.2458164
18,102858$_$1,missing,AV,1,1,0.23632812,1.5830078,-0.78759766,1.3466797,-0.332275390625,-0.2567708283662796,-0.2567708283662796,0.46091262,0.32557586,0.21351153
19,102858$_$0,missing,AV,2,1,-0.3791504,1.8310547,0.21228027,-1.6187744,0.09503173828125,0.08507487475872035,0.08507487475872035,0.38823926,0.3476598,0.2641009
20,102858$_$4,missing,AV,2,0,2.0957031,-0.7792969,-1.8964844,-3.9921875,-1.8515625,-1.4722005158662799,-1.4722005158662799,0.5285565,0.26373363,0.20770985
21,102858$_$6,missing,AV,0,0,1.4052734,0.578125,-1.7548828,0.82714844,-1.2216796875,-0.9682942658662798,-0.9682942658662798,0.49257103,0.25264412,0.25478485
22,102858$_$10,missing,AV,2,1,-0.036895752,2.1699219,-0.6953125,-2.8652344,-0.0775146484375,-0.05296223461627966,-0.05296223461627966,0.47820187,0.25926688,0.26253125
23,102858$_$17,missing,AV,0,1,0.10974121,1.9169922,-0.80322266,-1.807251,-0.1676025390625,-0.12503254711627967,-0.12503254711627967,0.49709147,0.23037052,0.272538
24,102858$_$19,missing,AV,1,1,0.26733398,2.0234375,-0.7573242,1.7561035,-0.310302734375,-0.23919270336627968,-0.23919270336627968,0.504922,0.22158325,0.27349478
25,112433$_$10,missing,AV,1,1,-0.12609863,2.2207031,-0.2980957,2.3468018,0.0604248046875,0.05738932788372034,0.05738932788372034,0.46269345,0.18606472,0.35124183
26,112433$_$3,missing,AV,0,1,0.4296875,1.2548828,-1.0234375,-0.8251953,-0.45263671875,-0.35305989086627965,-0.35305989086627965,0.4819793,0.2515349,0.26648575
27,112433$_$7,missing,AV,0,1,0.23352051,1.8251953,-0.74365234,-1.5916748,-0.1336669921875,-0.09788410961627966,-0.09788410961627966,0.46311915,0.18382673,0.3530541
28,112433$_$6,missing,AV,0,1,0.48217773,1.4189453,-1.0302734,-0.9367676,-0.340087890625,-0.2630208283662797,-0.2630208283662797,0.4831705,0.19458525,0.32224423
29,117tQqLjza4$_$6,missing,AV,2,1,-0.74365234,1.4326172,0.6010742,-0.83154297,0.1739501953125,0.14820964038372034,0.14820964038372034,0.40817365,0.39302373,0.19880262
30,11j7EfglCAs$_$2,missing,AV,1,1,0.45385742,1.5244141,-0.7807617,1.0705566,-0.41796875,-0.32532551586627967,-0.32532551586627967,0.47089818,0.25189993,0.27720183
31,121128$_$10,missing,AV,2,1,-0.3322754,1.9775391,-0.5307617,-2.5083008,-0.02069091796875,-0.007503250241279662,-0.007503250241279662,0.42986742,0.31710884,0.25302377
32,121128$_$1,missing,AV,1,0,0.8588867,0.54541016,-1.1035156,-0.31347656,-0.44677734375,-0.3483723908662797,-0.3483723908662797,0.46445566,0.2918611,0.24368326
33,121128$_$0,missing,AV,1,1,-0.21594238,1.5380859,-0.20593262,1.7440186,0.1336669921875,0.11598307788372034,0.11598307788372034,0.4137591,0.32526356,0.26097733
34,121128$_$5,missing,AV,2,1,-0.8227539,1.6005859,0.7216797,-0.87890625,0.34033203125,0.2813151091337204,0.2813151091337204,0.33993116,0.45943683,0.20063204
35,125344$_$0,missing,AV,0,0,1.4951172,-0.9248047,-0.8569336,2.3520508,-0.873046875,-0.6893880158662797,-0.6893880158662797,0.53417546,0.18146311,0.28436145
36,125676$_$0,missing,AV,1,1,-0.20300293,1.5283203,-0.19799805,1.7263184,-0.147705078125,-0.10911457836627966,-0.10911457836627966,0.39031437,0.25605494,0.3536307
37,125676$_$4,missing,AV,2,0,0.60009766,0.30371094,-0.77246094,-1.3725586,-0.296142578125,-0.22786457836627969,-0.22786457836627969,0.445288,0.31158063,0.24313137
38,128059$_$11,missing,AV,0,0,1.1708984,0.3618164,-1.7080078,0.80908203,-0.9990234375,-0.7901692658662798,-0.7901692658662798,0.47327733,0.227873,0.29884964
39,128059$_$12,missing,AV,0,1,-0.3701172,1.7822266,-0.18981934,-2.1523438,0.29248046875,0.24303385913372036,0.24303385913372036,0.4256499,0.2703246,0.30402553
40,128059$_$2,missing,AV,0,1,0.04812622,1.6572266,-0.85839844,-1.6091003,0.049163818359375,0.04838053882122034,0.04838053882122034,0.41104066,0.26714268,0.32181665
41,128059$_$7,missing,AV,1,0,1.5849609,-0.33129883,-1.9833984,-1.9162598,-1.5546875,-1.2347005158662798,-1.2347005158662798,0.4920677,0.22753592,0.2803964
42,128059$_$6,missing,AV,0,0,1.7822266,-0.56689453,-1.8291016,2.349121,-1.625,-1.2909505158662797,-1.2909505158662797,0.50797087,0.21166009,0.28036904
43,128059$_$9,missing,AV,0,0,0.8461914,0.44995117,-1.4443359,0.39624023,-0.95703125,-0.7565755158662797,-0.7565755158662797,0.4377896,0.26377603,0.29843435
44,128763$_$12,missing,AV,0,1,0.08911133,0.91503906,-0.5756836,-0.82592773,-0.517578125,-0.4050130158662797,-0.4050130158662797,0.5200132,0.19128586,0.28870088
45,128763$_$3,missing,AV,0,1,0.6142578,1.8066406,-1.3798828,-1.1923828,-0.400390625,-0.3112630158662797,-0.3112630158662797,0.4766132,0.2300007,0.29338613
46,128763$_$2,missing,AV,1,1,0.24719238,1.9443359,-0.9145508,1.6971436,-0.261474609375,-0.20013020336627968,-0.20013020336627968,0.4726467,0.2431525,0.28420076
47,128763$_$5,missing,AV,1,1,0.32055664,1.8955078,-1.0361328,1.5749512,-0.2164306640625,-0.16409504711627967,-0.16409504711627967,0.46320495,0.20834933,0.32844576
48,128763$_$7,missing,AV,0,1,-0.16210938,1.6923828,-0.52001953,-1.8544922,-0.08038330078125,-0.05525715649127967,-0.05525715649127967,0.482706,0.23365617,0.28363776
49,128763$_$8,missing,AV,0,1,0.34521484,1.9755859,-1.0009766,-1.6303711,-0.239013671875,-0.18216145336627967,-0.18216145336627967,0.46718407,0.21378323,0.31903267
50,130456$_$11,missing,AV,0,0,1.2412109,0.11376953,-1.234375,1.1274414,-1.1123046875,-0.8807942658662797,-0.8807942658662797,0.468928,0.25966728,0.27140474
51,130456$_$3,missing,AV,0,1,-0.04574585,1.59375,-0.24121094,-1.6394958,0.240234375,0.20123698413372035,0.20123698413372035,0.43598166,0.30724293,0.2567754
52,130456$_$5,missing,AV,0,1,-0.24475098,2.3339844,-0.34521484,-2.5787354,0.0560302734375,0.05387370288372034,0.05387370288372034,0.44172913,0.2678949,0.29037598
53,130456$_$4,missing,AV,1,1,0.28833008,1.5126953,-0.8745117,1.2243652,-0.07916259765625,-0.05428059399127967,-0.05428059399127967,0.44933587,0.2619277,0.28873646
54,130456$_$7,missing,AV,0,1,-0.28271484,1.8417969,-0.22021484,-2.1245117,0.207275390625,0.17486979663372035,0.17486979663372035,0.35190943,0.37894344,0.2691472
55,130456$_$6,missing,AV,0,1,0.62597656,1.0439453,-0.9379883,-0.41796875,-0.32763671875,-0.25305989086627967,-0.25305989086627967,0.48262012,0.26097983,0.25640002
56,188343$_$13,missing,AV,2,0,2.0625,-1.2167969,-1.6572266,-3.7197266,-1.791015625,-1.4237630158662797,-1.4237630158662797,0.51029086,0.25631645,0.23339267
57,188343$_$12,missing,AV,0,0,1.6835938,-0.90478516,-1.2695312,2.588379,-1.314453125,-1.0425130158662796,-1.0425130158662796,0.5215874,0.22796635,0.2504463
58,188343$_$5,missing,AV,0,0,0.7910156,-0.07128906,-0.69140625,0.8623047,-0.58544921875,-0.4593098908662797,-0.4593098908662797,0.44928342,0.29284,0.25787655
59,188343$_$9,missing,AV,0,0,1.6640625,-0.80810547,-1.3134766,2.472168,-1.328125,-1.0534505158662797,-1.0534505158662797,0.49547836,0.26218447,0.24233717
60,188343$_$8,missing,AV,0,0,0.58935547,0.5214844,-0.6821289,0.067871094,-0.36181640625,-0.28040364086627967,-0.28040364086627967,0.50154674,0.25303593,0.24541731
61,1HK7Nea0PFo$_$1,missing,AV,0,1,0.14538574,1.1972656,-0.37280273,-1.0518799,-0.257080078125,-0.19661457836627969,-0.19661457836627969,0.4591077,0.21100104,0.3298913
62,216097$_$1,missing,AV,0,1,-0.6225586,1.9960938,0.3034668,-2.6186523,0.194091796875,0.16432292163372034,0.16432292163372034,0.43734944,0.22833852,0.334312
63,216097$_$2,missing,AV,1,1,0.5683594,0.94873047,-0.71533203,0.3803711,-0.43896484375,-0.3421223908662797,-0.3421223908662797,0.4427345,0.19253565,0.36472982
64,216097$_$5,missing,AV,1,0,0.8149414,0.0690918,-0.7890625,-0.7458496,-0.62451171875,-0.4905598908662797,-0.4905598908662797,0.46464324,0.16296203,0.3723947
65,216097$_$4,missing,AV,0,0,1.9199219,-1.0576172,-1.7275391,2.977539,-1.87890625,-1.4940755158662797,-1.4940755158662797,0.5126081,0.15797602,0.3294159
66,216097$_$7,missing,AV,2,0,1.6220703,-1.015625,-1.2412109,-2.8632812,-1.533203125,-1.2175130158662797,-1.2175130158662797,0.4761195,0.18611704,0.33776343
67,216097$_$8,missing,AV,0,1,-0.54833984,2.2988281,0.21081543,-2.847168,-0.0325927734375,-0.017024734616279666,-0.017024734616279666,0.437977,0.24011023,0.32191277
68,223431$_$11,missing,AV,0,0,1.3134766,0.5605469,-1.7236328,0.7529297,-0.9501953125,-0.7511067658662798,-0.7511067658662798,0.5387851,0.19587673,0.26533818
69,223431$_$10,missing,AV,2,1,-0.4284668,1.8466797,-0.14099121,-1.9876709,0.1923828125,0.16295573413372036,0.16295573413372036,0.45136228,0.24566771,0.30297005
70,223431$_$13,missing,AV,0,1,0.25390625,1.8320312,-1.0449219,-1.578125,-0.115966796875,-0.08372395336627966,-0.08372395336627966,0.45733607,0.26552913,0.27713484
71,223431$_$0,missing,AV,1,1,-0.13928223,2.2910156,-0.41430664,2.4302979,0.06689453125,0.06256510913372035,0.06256510913372035,0.4632479,0.25580862,0.28094348
72,223431$_$5,missing,AV,1,1,-0.12463379,2.03125,-0.79541016,2.1558838,-0.126220703125,-0.09192707836627967,-0.09192707836627967,0.41722864,0.3067413,0.27603003
73,225770$_$3,missing,AV,0,0,1.2197266,-0.8027344,-0.73583984,1.9555664,-1.064453125,-0.8425130158662797,-0.8425130158662797,0.5035324,0.2973232,0.19914441
74,225770$_$5,missing,AV,1,1,-0.10192871,1.8583984,-0.38452148,1.9603271,-0.00597381591796875,0.004270431399345336,0.004270431399345336,0.4008361,0.2999364,0.29922745
75,225770$_$4,missing,AV,1,1,0.2154541,0.9746094,-0.7636719,0.7591553,-0.302490234375,-0.23294270336627967,-0.23294270336627967,0.4619088,0.3345821,0.20350914
76,225770$_$6,missing,AV,0,0,0.93408203,0.45288086,-1.2773438,0.48120117,-0.88330078125,-0.6975911408662797,-0.6975911408662797,0.5159287,0.26995584,0.21411546
77,236021$_$12,missing,AV,2,1,-0.7792969,0.84277344,0.60009766,-0.24267578,0.625,0.5090494841337203,0.5090494841337203,0.47044644,0.23818357,0.29137
78,236021$_$1,missing,AV,1,0,0.62158203,0.4345703,-1.1826172,-0.18701172,-0.98046875,-0.7753255158662797,-0.7753255158662797,0.4951619,0.30117524,0.20366286
79,236021$_$3,missing,AV,0,1,0.005706787,1.5654297,-0.095458984,-1.5597229,0.064208984375,0.06041667163372034,0.06041667163372034,0.45815814,0.27083918,0.27100268
80,236021$_$2,missing,AV,0,0,1.9199219,-1.3720703,-1.5517578,3.2919922,-1.9423828125,-1.5448567658662797,-1.5448567658662797,0.5553916,0.21546078,0.22914763
81,236021$_$5,missing,AV,0,1,0.16931152,0.9628906,-0.58251953,-0.7935791,-0.53564453125,-0.41946614086627965,-0.41946614086627965,0.4333223,0.27090368,0.29577398
82,236021$_$4,missing,AV,0,0,1.5517578,-1.2783203,-1.2177734,2.7695312,-1.673828125,-1.3300130158662797,-1.3300130158662797,0.5556777,0.24600862,0.19831365
83,237009$_$11,missing,AV,0,1,0.44799805,1.6572266,-1.2568359,-1.2092285,-0.330078125,-0.25501301586627967,-0.25501301586627967,0.48090973,0.2432761,0.27581415
84,237009$_$12,missing,AV,0,0,2.0839844,-1.1376953,-2.0546875,3.2216797,-2.111328125,-1.6800130158662798,-1.6800130158662798,0.52790266,0.21040277,0.26169455
85,237009$_$4,missing,AV,2,1,0.36914062,1.1572266,-0.63378906,-1.7910156,-0.169677734375,-0.12669270336627966,-0.12669270336627966,0.44448322,0.26606423,0.28945255
86,237009$_$7,missing,AV,0,1,-0.060821533,1.5087891,-0.22546387,-1.5696106,-0.03155517578125,-0.016194656491279665,-0.016194656491279665,0.41338825,0.30372944,0.28288227
87,237009$_$9,missing,AV,0,1,-0.05532837,1.0986328,-0.26293945,-1.1539612,0.287353515625,0.23893229663372034,0.23893229663372034,0.38896766,0.21582094,0.39521143
88,241629$_$10,missing,AV,0,1,0.3996582,1.2919922,-0.7529297,-0.892334,-0.2391357421875,-0.18225910961627967,-0.18225910961627967,0.49212128,0.23317298,0.2747057
89,241629$_$0,missing,AV,2,1,-0.4609375,1.5263672,0.08581543,-1.4405518,0.203369140625,0.17174479663372036,0.17174479663372036,0.43421736,0.33229402,0.23348863
90,241629$_$3,missing,AV,2,0,1.4052734,0.18347168,-1.5830078,-2.9882812,-0.9765625,-0.7722005158662797,-0.7722005158662797,0.50029224,0.22025932,0.27944842
91,241629$_$5,missing,AV,0,0,1.3955078,0.22131348,-1.5927734,1.1741943,-1.158203125,-0.9175130158662798,-0.9175130158662798,0.5381603,0.21176079,0.25007886
92,241629$_$8,missing,AV,0,0,2.1972656,-1.0947266,-1.9150391,3.2919922,-1.779296875,-1.4143880158662798,-1.4143880158662798,0.5680319,0.22567312,0.20629494
93,243646$_$11,missing,AV,0,1,0.23913574,1.2685547,-0.4658203,-1.029419,-0.002597808837890625,0.006971237063407836,0.006971237063407836,0.51279056,0.15387447,0.33333498
94,243646$_$12,missing,AV,0,0,1.5146484,-0.7167969,-0.86865234,2.2314453,-0.67431640625,-0.5304036408662797,-0.5304036408662797,0.5087596,0.13082434,0.36041605
95,243646$_$9,missing,AV,1,1,-0.30444336,2.2597656,-0.1373291,2.3970947,0.08074951171875,0.07364909350872034,0.07364909350872034,0.44056344,0.21817221,0.34126428
96,243646$_$8,missing,AV,1,1,-0.058807373,2.2460938,-0.3581543,2.3049011,-0.0521240234375,-0.032649734616279666,-0.032649734616279666,0.48133507,0.20733894,0.311326
97,247318$_$12,missing,AV,0,1,0.05331421,1.9501953,-0.7050781,-1.8968811,0.04345703125,0.04381510913372034,0.04381510913372034,0.44234943,0.22619489,0.3314557
98,247318$_$1,missing,AV,1,1,0.13366699,1.9199219,-0.9291992,1.7862549,-0.0841064453125,-0.05823567211627967,-0.05823567211627967,0.44976085,0.21228778,0.3379514
99,247318$_$3,missing,AV,0,1,0.04647827,2.2089844,-0.81396484,-2.162506,-0.03857421875,-0.021809890866279665,-0.021809890866279665,0.44902697,0.19444749,0.35652557
100,247318$_$2,missing,AV,1,1,0.19128418,1.8857422,-0.9370117,1.694458,-0.0399169921875,-0.022884109616279666,-0.022884109616279666,0.4525459,0.21605818,0.3313959
101,247318$_$5,missing,AV,0,1,0.68603516,1.2480469,-1.1884766,-0.5620117,-0.329345703125,-0.25442707836627965,-0.25442707836627965,0.4757383,0.2271406,0.29712117
102,247318$_$7,missing,AV,0,1,-0.23620605,2.046875,-0.43432617,-2.283081,0.05816650390625,0.05558268725872034,0.05558268725872034,0.47594658,0.20794079,0.31611264
103,247318$_$6,missing,AV,1,1,-0.2919922,2.0957031,-0.25219727,2.3479004,0.123046875,0.10748698413372035,0.10748698413372035,0.4493557,0.22594021,0.32470402
104,252998$_$1,missing,AV,1,1,0.76416016,0.9873047,-1.2177734,0.22314453,-0.72509765625,-0.5710286408662797,-0.5710286408662797,0.43400216,0.16629551,0.3997023
105,252998$_$0,missing,AV,1,1,-0.2454834,1.3388672,-0.14367676,1.482544,-0.1025390625,-0.07298176586627966,-0.07298176586627966,0.43003443,0.203803,0.3661626
106,252998$_$5,missing,AV,0,0,1.078125,-0.20178223,-0.93896484,1.2799072,-0.9697265625,-0.7667317658662798,-0.7667317658662798,0.4389297,0.19907029,0.36200005
107,252998$_$4,missing,AV,0,0,1.9404297,-0.62646484,-1.8046875,2.5668945,-1.5849609375,-1.2589192658662798,-1.2589192658662798,0.509072,0.20022796,0.2907
108,252998$_$7,missing,AV,2,0,1.4072266,0.0030822754,-1.5986328,-3.0058594,-1.37890625,-1.0940755158662798,-1.0940755158662798,0.4820988,0.18511266,0.33278856
109,252998$_$8,missing,AV,0,1,-0.14868164,1.7509766,-0.5385742,-1.8996582,-0.043060302734375,-0.02539875805377966,-0.02539875805377966,0.44365877,0.28396544,0.27237573
110,257247$_$10,missing,AV,0,1,-0.2376709,2.2949219,-0.27954102,-2.5325928,0.041046142578125,0.04188639819622034,0.04188639819622034,0.4554437,0.29387227,0.25068408
111,257247$_$12,missing,AV,0,1,0.0814209,1.8476562,-0.75439453,-1.7662354,-0.17529296875,-0.13118489086627966,-0.13118489086627966,0.49306494,0.27373707,0.23319805
112,257247$_$2,missing,AV,1,1,0.019378662,2.0429688,-0.8696289,2.02359,-0.162109375,-0.12063801586627967,-0.12063801586627967,0.530108,0.23283648,0.23705547
113,258654$_$1,missing,AV,0,0,1.4785156,-0.5004883,-1.2744141,1.9790039,-1.3544921875,-1.0745442658662798,-1.0745442658662798,0.52052593,0.2689418,0.21053228
114,258654$_$3,missing,AV,0,0,1.6025391,-0.69677734,-1.4189453,2.2993164,-1.439453125,-1.1425130158662797,-1.1425130158662797,0.53943557,0.25541043,0.205154
115,258654$_$4,missing,AV,1,1,-0.57714844,2.0957031,0.26489258,1.8308105,0.29345703125,0.24381510913372034,0.24381510913372034,0.45060644,0.28036854,0.26902506
116,266791$_$24,missing,AV,0,1,0.40600586,1.3603516,-0.91748047,-0.9543457,-0.076904296875,-0.05247395336627966,-0.05247395336627966,0.42795432,0.22724742,0.34479824
117,266791$_$20,missing,AV,2,0,1.5146484,-0.080200195,-1.8740234,-3.3886719,-1.2783203125,-1.0136067658662797,-1.0136067658662797,0.4752859,0.24763441,0.2770798
118,266791$_$21,missing,AV,0,0,2.0019531,-0.7631836,-2.0078125,2.7651367,-1.732421875,-1.3768880158662797,-1.3768880158662797,0.5013163,0.19653973,0.30214396
119,266791$_$23,missing,AV,1,0,1.6582031,-0.22839355,-1.8457031,-1.8865967,-1.3369140625,-1.0604817658662797,-1.0604817658662797,0.4726237,0.21692774,0.3104486
120,266791$_$29,missing,AV,1,1,-0.034820557,1.6875,-0.41870117,1.7223206,0.10888671875,0.09615885913372034,0.09615885913372034,0.4202834,0.26312694,0.31658965
121,266791$_$3,missing,AV,0,0,1.1416016,0.5419922,-1.4619141,0.5996094,-0.9013671875,-0.7120442658662798,-0.7120442658662798,0.4406709,0.23925804,0.320071
122,266791$_$5,missing,AV,0,0,1.0166016,0.35913086,-1.2919922,0.6574707,-0.58203125,-0.45657551586627965,-0.45657551586627965,0.45188737,0.2976087,0.2505039
123,266791$_$4,missing,AV,0,1,0.19140625,1.7978516,-0.86328125,-1.6064453,0.02935791015625,0.032535812258720334,0.032535812258720334,0.41484395,0.26597226,0.31918383
124,266791$_$6,missing,AV,1,0,1.3251953,0.049957275,-1.5498047,-1.275238,-0.880859375,-0.6956380158662797,-0.6956380158662797,0.46269828,0.25769007,0.27961168
125,266791$_$8,missing,AV,0,1,0.49145508,1.4609375,-1.0576172,-0.9694824,-0.122314453125,-0.08880207836627967,-0.08880207836627967,0.42703888,0.2603105,0.31265062
126,266791$_$11,missing,AV,2,1,0.22131348,1.6757812,-0.70947266,-2.385254,0.1572265625,0.13483073413372035,0.13483073413372035,0.42084062,0.26710385,0.31205547
127,266791$_$14,missing,AV,1,0,0.91748047,0.75,-1.3583984,-0.16748047,-0.48876953125,-0.38196614086627967,-0.38196614086627967,0.4484187,0.2656236,0.28595766
128,270254$_$23,missing,AV,0,1,0.30688477,1.5673828,-0.6899414,-1.260498,-0.02154541015625,-0.008186843991279665,-0.008186843991279665,0.41413707,0.26143155,0.32443136
129,270254$_$0,missing,AV,2,1,0.21447754,0.74121094,-0.49389648,-1.2351074,0.1759033203125,0.14977214038372033,0.14977214038372033,0.44445485,0.31808943,0.23745576
130,270254$_$6,missing,AV,1,0,1.3837891,0.28344727,-1.4892578,-1.1003418,-0.74365234375,-0.5858723908662797,-0.5858723908662797,0.50781095,0.19976126,0.2924278
131,270254$_$8,missing,AV,0,1,0.91064453,0.94628906,-1.1738281,-0.03564453,-0.32958984375,-0.2546223908662797,-0.2546223908662797,0.46480593,0.18176645,0.3534276
132,270254$_$11,missing,AV,2,1,-0.32128906,1.3447266,-0.07019043,-1.414917,0.32177734375,0.26647135913372033,0.26647135913372033,0.40384194,0.29550725,0.3006508
133,270254$_$14,missing,AV,0,1,0.42700195,1.3730469,-0.70996094,-0.9460449,-0.04644775390625,-0.028108718991279667,-0.028108718991279667,0.44078243,0.19130754,0.36791
134,270254$_$16,missing,AV,1,1,-0.2902832,1.7392578,-0.10266113,1.841919,0.1142578125,0.10045573413372035,0.10045573413372035,0.4697097,0.1858316,0.3444587
135,272624$_$10,missing,AV,0,0,0.96484375,-0.16125488,-0.99853516,1.1260986,-0.56640625,-0.4440755158662797,-0.4440755158662797,0.4970391,0.33405998,0.16890085
136,272624$_$13,missing,AV,2,1,0.39941406,0.9501953,-0.9067383,-1.8569336,-0.2373046875,-0.18079426586627967,-0.18079426586627967,0.493686,0.3187499,0.18756415
137,272624$_$12,missing,AV,0,1,-0.2824707,1.8349609,-0.34155273,-2.1174316,0.14013671875,0.12115885913372035,0.12115885913372035,0.45506486,0.3520324,0.19290276
138,272624$_$16,missing,AV,0,0,1.0214844,-0.10205078,-1.1884766,1.1235352,-0.61279296875,-0.4811848908662797,-0.4811848908662797,0.5106657,0.31541222,0.17392206
139,272624$_$18,missing,AV,1,1,0.40307617,1.109375,-1.0117188,0.7062988,-0.307861328125,-0.23723957836627968,-0.23723957836627968,0.5003718,0.29567945,0.20394874
140,272624$_$2,missing,AV,1,0,0.9506836,0.013458252,-1.1005859,-0.93722534,-0.53857421875,-0.42180989086627974,-0.42180989086627974,0.49989963,0.3253961,0.17470427
141,272624$_$6,missing,AV,1,1,0.2529297,1.0507812,-0.89990234,0.79785156,-0.1129150390625,-0.08128254711627966,-0.08128254711627966,0.47553423,0.3294299,0.19503587
142,272624$_$9,missing,AV,0,0,0.7055664,0.15197754,-0.89990234,0.55358887,-0.47412109375,-0.37024739086627967,-0.37024739086627967,0.49709663,0.33172518,0.17117816
143,272624$_$8,missing,AV,0,0,0.7314453,0.4645996,-1.1494141,0.2668457,-0.572265625,-0.44876301586627965,-0.44876301586627965,0.49980417,0.30828202,0.19191386
144,273539$_$3,missing,AV,0,0,1.2529297,0.12878418,-1.3779297,1.1241455,-1.1611328125,-0.9198567658662797,-0.9198567658662797,0.53811985,0.20932093,0.25255919
145,273539$_$2,missing,AV,1,1,0.025421143,1.9208984,-0.47045898,1.8954773,-0.09686279296875,-0.06844075024127967,-0.06844075024127967,0.46244973,0.16899233,0.36855787
146,273539$_$9,missing,AV,0,0,2.1679688,-1.2246094,-1.8574219,3.3925781,-2.142578125,-1.7050130158662797,-1.7050130158662797,0.56724465,0.16609456,0.26666078
147,290546$_$3,missing,AV,0,1,0.25048828,0.92089844,-0.8540039,-0.67041016,-0.0660400390625,-0.043782547116279665,-0.043782547116279665,0.4615705,0.2928395,0.24558999
148,290546$_$5,missing,AV,0,0,0.94970703,-0.103637695,-1.3417969,1.0533447,-1.0859375,-0.8597005158662797,-0.8597005158662797,0.4802258,0.27311087,0.24666333
149,290546$_$7,missing,AV,0,0,1.5732422,-1.1601562,-1.4238281,2.7333984,-1.634765625,-1.2987630158662797,-1.2987630158662797,0.5008137,0.28179505,0.21739122
150,290546$_$6,missing,AV,0,1,-0.038970947,1.5244141,-0.55810547,-1.563385,0.0144195556640625,0.020585128664970337,0.020585128664970337,0.4515689,0.2798751,0.26855603
151,2S00zYaVrtc$_$10,missing,AV,0,1,0.7036133,1.0791016,-1.2744141,-0.37548828,-0.5322265625,-0.4167317658662797,-0.4167317658662797,0.45529228,0.20628884,0.3384189
152,2S00zYaVrtc$_$12,missing,AV,2,1,0.4711914,1.6748047,-1.1201172,-2.7949219,-0.137939453125,-0.10130207836627966,-0.10130207836627966,0.45679703,0.18627372,0.3569292
153,2S00zYaVrtc$_$20,missing,AV,2,1,0.17578125,1.3466797,-0.6303711,-1.9770508,-0.10162353515625,-0.07224934399127966,-0.07224934399127966,0.44704902,0.2087086,0.34424236
154,2S00zYaVrtc$_$17,missing,AV,0,1,0.74560547,1.1386719,-1.1630859,-0.3930664,-0.5009765625,-0.39173176586627967,-0.39173176586627967,0.4562611,0.22169307,0.32204586
155,2S00zYaVrtc$_$5,missing,AV,2,1,0.6196289,1.1083984,-1.0703125,-2.178711,-0.35986328125,-0.27884114086627965,-0.27884114086627965,0.45525268,0.22105783,0.3236895
156,2S00zYaVrtc$_$4,missing,AV,2,1,0.56884766,1.1943359,-1.1650391,-2.359375,-0.39794921875,-0.3093098908662797,-0.3093098908662797,0.48922184,0.22104473,0.2897334
157,2Xt31_d0XEE$_$2,missing,AV,2,2,-0.6196289,0.5341797,0.72021484,0.18603516,0.72265625,0.5871744841337203,0.5871744841337203,0.41376325,0.338188,0.24804878
158,31474$_$11,missing,AV,1,1,-0.3947754,2.046875,-0.16674805,2.213623,-0.020538330078125,-0.007381179928779662,-0.007381179928779662,0.47301972,0.22704554,0.29993474
159,31474$_$14,missing,AV,0,1,-0.42749023,1.7246094,-0.07019043,-2.1520996,0.155517578125,0.13346354663372034,0.13346354663372034,0.49048042,0.2322244,0.2772952
160,31474$_$0,missing,AV,2,1,0.72216797,0.9941406,-1.0732422,-2.0673828,-0.47412109375,-0.37024739086627967,-0.37024739086627967,0.47656426,0.26161948,0.26181623
161,31474$_$3,missing,AV,1,1,0.091308594,1.4912109,-0.60839844,1.3999023,-0.038177490234375,-0.021492508053779665,-0.021492508053779665,0.4757526,0.26986748,0.25438
162,31474$_$6,missing,AV,0,1,0.21984863,1.7880859,-0.66259766,-1.5682373,-0.1343994140625,-0.09847004711627967,-0.09847004711627967,0.48810673,0.21777895,0.29411432
163,31474$_$9,missing,AV,0,1,-0.62158203,1.5576172,0.26513672,-2.1791992,0.368408203125,0.3037760466337204,0.3037760466337204,0.4373637,0.2635782,0.2990581
164,31474$_$8,missing,AV,0,1,-0.058746338,1.9541016,-0.5644531,-2.012848,-0.062744140625,-0.04114582836627967,-0.04114582836627967,0.44274253,0.27485675,0.28240067
165,32681$_$1,missing,AV,0,1,0.8461914,1.2470703,-1.2890625,-0.4008789,-0.317138671875,-0.24466145336627967,-0.24466145336627967,0.5126017,0.23144776,0.25595054
166,32681$_$3,missing,AV,0,0,1.0810547,0.7290039,-1.6464844,0.35205078,-0.88623046875,-0.6999348908662797,-0.6999348908662797,0.51104504,0.27782786,0.21112707
167,32681$_$5,missing,AV,0,0,1.3994141,0.4699707,-1.8740234,0.92944336,-1.185546875,-0.9393880158662797,-0.9393880158662797,0.5544684,0.24195787,0.20357378
168,32681$_$6,missing,AV,0,1,0.6303711,0.9194336,-1.2480469,-0.2890625,-0.4169921875,-0.3245442658662797,-0.3245442658662797,0.47608966,0.33228034,0.19162996
169,33170$_$1,missing,AV,0,0,1.6435547,-0.6743164,-1.4580078,2.317871,-1.4287109375,-1.1339192658662798,-1.1339192658662798,0.50097746,0.29330376,0.2057188
170,33170$_$3,missing,AV,0,0,1.1787109,-0.020233154,-1.2353516,1.1989441,-1.12890625,-0.8940755158662798,-0.8940755158662798,0.48502472,0.29149663,0.22347869
171,33170$_$4,missing,AV,0,0,1.0029297,0.41186523,-1.2773438,0.59106445,-0.8134765625,-0.6417317658662798,-0.6417317658662798,0.46575716,0.28046095,0.25378188
172,3MFNIag0wNE$_$12,missing,AV,0,0,2.1035156,-0.92871094,-1.8955078,3.0322266,-1.833984375,-1.4581380158662798,-1.4581380158662798,0.5489563,0.1738023,0.27724147
173,3MFNIag0wNE$_$14,missing,AV,0,0,1.5146484,0.2939453,-1.7607422,1.2207031,-1.283203125,-1.0175130158662797,-1.0175130158662797,0.49328843,0.19356082,0.3131508
174,3MFNIag0wNE$_$16,missing,AV,1,1,0.41748047,1.3623047,-1.0556641,0.9448242,-0.30078125,-0.23157551586627967,-0.23157551586627967,0.46587428,0.24724501,0.28688073
175,3MFNIag0wNE$_$7,missing,AV,0,0,0.97998047,0.69970703,-1.3642578,0.28027344,-0.81298828125,-0.6413411408662797,-0.6413411408662797,0.47686687,0.20399766,0.31913552
176,3V2qm0rw920$_$11,missing,AV,2,0,0.8144531,0.53125,-0.8178711,-1.6323242,-0.6787109375,-0.5339192658662797,-0.5339192658662797,0.43999112,0.27301344,0.28699544
177,3V2qm0rw920$_$13,missing,AV,2,0,0.64990234,0.44018555,-0.67529297,-1.3251953,-0.328857421875,-0.25403645336627967,-0.25403645336627967,0.45938802,0.26807818,0.2725338
178,3V2qm0rw920$_$3,missing,AV,1,1,0.34326172,1.4550781,-0.6118164,1.1118164,-0.19482421875,-0.14680989086627969,-0.14680989086627969,0.42800528,0.19834238,0.37365234
179,3j94B0pzSVs$_$12,missing,AV,2,1,0.049041748,2.1054688,-0.3737793,-2.479248,-0.28271484375,-0.21712239086627969,-0.21712239086627969,0.46544832,0.25466946,0.2798822
180,3j94B0pzSVs$_$17,missing,AV,0,1,0.7685547,1.0576172,-0.8774414,-0.2890625,-0.8095703125,-0.6386067658662797,-0.6386067658662797,0.5088733,0.22098672,0.27013993
181,3j94B0pzSVs$_$1,missing,AV,0,0,1.3457031,-0.006439209,-1.2763672,1.3521423,-1.0712890625,-0.8479817658662797,-0.8479817658662797,0.5075637,0.2461382,0.2462981
182,3j94B0pzSVs$_$0,missing,AV,1,0,1.6142578,0.1973877,-1.5791016,-1.4168701,-1.26171875,-1.0003255158662798,-1.0003255158662798,0.521348,0.23577851,0.24287349
183,4cFeG2ydm9A$_$8,missing,AV,2,1,-0.58447266,1.3125,0.18652344,-1.1259766,0.36328125,0.29967448413372033,0.29967448413372033,0.4380645,0.20193425,0.36000124
184,4dV3slGSc60$_$10,missing,AV,2,1,0.11779785,1.4316406,-0.72509766,-2.1567383,-0.033447265625,-0.017708328366279665,-0.017708328366279665,0.46803674,0.25491804,0.27704522
185,4dV3slGSc60$_$12,missing,AV,2,1,0.10046387,0.984375,-0.4802246,-1.4645996,-0.1973876953125,-0.14886067211627968,-0.14886067211627968,0.4360959,0.2738651,0.290039
186,4dV3slGSc60$_$22,missing,AV,2,0,1.6044922,-0.52978516,-1.1513672,-2.7558594,-1.0390625,-0.8222005158662797,-0.8222005158662797,0.52686125,0.21061842,0.26252034
187,4dV3slGSc60$_$9,missing,AV,2,0,0.6855469,0.5102539,-0.9770508,-1.6625977,-0.5546875,-0.43470051586627967,-0.43470051586627967,0.47137946,0.281704,0.24691655
188,4dV3slGSc60$_$8,missing,AV,2,1,0.21813965,0.4658203,-0.4802246,-0.9460449,-0.179931640625,-0.13489582836627967,-0.13489582836627967,0.492204,0.2882479,0.21954812
189,50103$_$3,missing,AV,0,0,2.0273438,-1.3242188,-2.0488281,3.3515625,-2.09375,-1.6659505158662797,-1.6659505158662797,0.53144306,0.2317638,0.23679312
190,5B0PQx3Ep3k$_$5,missing,AV,2,0,1.3466797,0.095581055,-1.2587891,-2.6054688,-0.91015625,-0.7190755158662797,-0.7190755158662797,0.50059056,0.16609219,0.3333172
191,5O1W39o56gg$_$1,missing,AV,1,1,-0.30493164,1.5087891,0.061157227,1.4476318,0.20654296875,0.17428385913372035,0.17428385913372035,0.4329841,0.21917152,0.34784436
192,5O1W39o56gg$_$2,missing,AV,1,1,0.2529297,1.5234375,-0.7260742,1.2705078,-0.2186279296875,-0.16585285961627969,-0.16585285961627969,0.438021,0.23346813,0.32851088
193,5O1W39o56gg$_$9,missing,AV,2,1,-0.37890625,1.3544922,0.1138916,-1.2406006,-0.020599365234375,-0.007430008053779663,-0.007430008053779663,0.4680245,0.20670651,0.32526898
194,5i6AgQSjXO4$_$3,missing,AV,2,1,-0.21582031,0.95410156,0.0736084,-0.88049316,-0.0396728515625,-0.022688797116279663,-0.022688797116279663,0.44750014,0.30352688,0.24897301
195,5i6AgQSjXO4$_$2,missing,AV,2,0,0.7709961,-0.43359375,-0.5551758,-1.3261719,-0.76025390625,-0.5991536408662798,-0.5991536408662798,0.48948658,0.24821918,0.26229426
196,5i6AgQSjXO4$_$6,missing,AV,1,1,0.20141602,1.7802734,-0.9628906,1.5788574,-0.1900634765625,-0.14300129711627968,-0.14300129711627968,0.49880007,0.21093377,0.29026616
197,5kaCGzjYukM$_$0,missing,AV,1,0,1.7011719,-0.27856445,-1.6611328,-1.9797363,-1.5732421875,-1.2495442658662799,-1.2495442658662799,0.50638866,0.23446931,0.25914204
198,5kaCGzjYukM$_$3,missing,AV,0,0,1.7685547,-0.20495605,-1.6689453,1.9735107,-1.51953125,-1.2065755158662799,-1.2065755158662799,0.5115556,0.19491565,0.29352874
199,5kaCGzjYukM$_$2,missing,AV,0,0,1.7919922,-0.45776367,-1.5976562,2.2497559,-1.5791015625,-1.2542317658662798,-1.2542317658662798,0.48292658,0.2395813,0.27749214
200,5kaCGzjYukM$_$5,missing,AV,0,0,1.7558594,-0.4128418,-1.6308594,2.1687012,-1.67578125,-1.3315755158662799,-1.3315755158662799,0.4520004,0.20634654,0.34165308
201,5kaCGzjYukM$_$7,missing,AV,2,0,2.5625,-1.4814453,-2.1757812,-4.7382812,-2.36328125,-1.8815755158662797,-1.8815755158662797,0.60212797,0.17325363,0.22461839
202,6KvG5VbLalY$_$9,missing,AV,2,1,0.18884277,0.48950195,-0.12487793,-0.6143799,-0.1915283203125,-0.14417317211627967,-0.14417317211627967,0.40211397,0.2955599,0.30232608
203,6ZA8I83x-oY$_$0,missing,AV,2,1,0.23205566,0.9243164,-0.68847656,-1.612793,-0.156982421875,-0.11653645336627966,-0.11653645336627966,0.4455019,0.2744319,0.2800662
204,6ZA8I83x-oY$_$2,missing,AV,2,0,1.2021484,-0.028411865,-1.5302734,-2.7324219,-1.3154296875,-1.0432942658662798,-1.0432942658662798,0.5118875,0.27499837,0.21311413
205,6hFiTU77Sm0$_$1,missing,AV,2,1,-0.6977539,1.3359375,0.7446289,-0.5913086,0.4609375,0.37779948413372033,0.37779948413372033,0.4246171,0.26115668,0.31422618
206,6hFiTU77Sm0$_$2,missing,AV,1,1,-0.5361328,1.5068359,0.5864258,0.92041016,0.2060546875,0.17389323413372035,0.17389323413372035,0.37316287,0.3512242,0.27561295
207,6uPGcKTpC4I$_$1,missing,AV,2,0,0.75634766,0.18139648,-0.65478516,-1.4111328,-0.337890625,-0.26126301586627965,-0.26126301586627965,0.45395526,0.20646793,0.33957684
208,6uPGcKTpC4I$_$2,missing,AV,2,0,0.4753418,0.22570801,-0.32104492,-0.7963867,-0.0104827880859375,0.0006632536649703365,0.0006632536649703365,0.39982134,0.2434825,0.35669613
209,6uPGcKTpC4I$_$6,missing,AV,2,1,-0.56591797,0.8457031,0.6791992,-0.1665039,0.6103515625,0.4973307341337203,0.4973307341337203,0.38155925,0.23303726,0.3854035
210,70280$_$11,missing,AV,0,1,0.10656738,1.8583984,-0.5332031,-1.751831,0.143798828125,0.12408854663372035,0.12408854663372035,0.4742444,0.29315048,0.23260505
211,70280$_$3,missing,AV,0,1,0.27807617,1.7197266,-0.7993164,-1.4416504,-0.0433349609375,-0.025618484616279663,-0.025618484616279663,0.48420486,0.2852371,0.23055804
212,70280$_$4,missing,AV,2,1,-0.02053833,1.8515625,-0.6074219,-2.4589844,0.1064453125,0.09420573413372034,0.09420573413372034,0.47488144,0.3045846,0.220534
213,70280$_$6,missing,AV,0,1,0.28320312,1.4384766,-0.73291016,-1.1552734,-0.033050537109375,-0.017390945553779666,-0.017390945553779666,0.48487863,0.3100578,0.20506361
214,75RGHaxmUK8$_$3,missing,AV,2,1,0.3786621,1.2216797,-0.69873047,-1.9204102,-0.2120361328125,-0.16057942211627968,-0.16057942211627968,0.506619,0.24356785,0.24981317
215,75RGHaxmUK8$_$5,missing,AV,1,1,-0.43896484,2.0429688,-0.14611816,2.189087,-0.02032470703125,-0.007210281491279665,-0.007210281491279665,0.45096484,0.27304906,0.2759861
216,7_K3F-lAv1k$_$2,missing,AV,2,0,1.8642578,-0.55859375,-1.7119141,-3.5761719,-1.630859375,-1.2956380158662797,-1.2956380158662797,0.5157094,0.20011324,0.28417736
217,7r4vRxKLFCA$_$6,missing,AV,2,0,0.89941406,0.11987305,-1.2099609,-2.109375,-0.884765625,-0.6987630158662798,-0.6987630158662798,0.501116,0.2843695,0.2145145
218,80566$_$1,missing,AV,2,1,-0.40307617,1.8984375,0.010009766,-1.8884277,0.213134765625,0.17955729663372036,0.17955729663372036,0.4382599,0.24447012,0.31726998
219,80566$_$0,missing,AV,1,1,-0.16027832,2.0761719,-0.46801758,2.2364502,-0.1973876953125,-0.14886067211627968,-0.14886067211627968,0.49016973,0.19457665,0.31525365
220,80566$_$3,missing,AV,1,1,0.21008301,1.7861328,-0.74121094,1.5760498,-0.07373046875,-0.04993489086627967,-0.04993489086627967,0.4617512,0.23883365,0.2994152
221,80566$_$2,missing,AV,1,1,0.04953003,1.9130859,-0.5214844,1.8635559,0.0927734375,0.08326823413372034,0.08326823413372034,0.43613255,0.3035022,0.26036522
222,80566$_$4,missing,AV,0,1,0.46044922,1.4365234,-0.85546875,-0.9760742,-0.219482421875,-0.16653645336627967,-0.16653645336627967,0.42201492,0.2826296,0.29535547
223,80566$_$6,missing,AV,0,1,0.4128418,1.0986328,-0.8852539,-0.685791,-0.314697265625,-0.24270832836627967,-0.24270832836627967,0.4328072,0.19423375,0.37295905
224,80855$_$11,missing,AV,1,1,0.20373535,1.8652344,-0.9423828,1.661499,-0.085693359375,-0.059505203366279666,-0.059505203366279666,0.42293668,0.25135258,0.32571068
225,80855$_$10,missing,AV,1,1,0.49414062,1.4609375,-1.1992188,0.9667969,-0.48974609375,-0.38274739086627974,-0.38274739086627974,0.4363724,0.22651409,0.33711347
226,80855$_$12,missing,AV,0,1,0.63623047,1.3955078,-1.5712891,-0.75927734,-0.6728515625,-0.5292317658662797,-0.5292317658662797,0.4938253,0.2570075,0.24916719
227,80855$_$15,missing,AV,2,1,0.15625,1.8105469,-0.5390625,-2.3496094,-0.03448486328125,-0.018538406491279663,-0.018538406491279663,0.4641779,0.25072402,0.28509808
228,80855$_$17,missing,AV,0,0,1.2119141,0.8017578,-1.4521484,0.41015625,-0.8896484375,-0.7026692658662798,-0.7026692658662798,0.5318714,0.18058388,0.28754473
229,80855$_$0,missing,AV,1,1,-0.13195801,2.1171875,-0.3605957,2.2491455,0.065673828125,0.06158854663372034,0.06158854663372034,0.4425753,0.23251866,0.32490602
230,80855$_$3,missing,AV,1,1,-0.021942139,1.8291016,-0.42089844,1.8510437,0.04974365234375,0.04884440600872034,0.04884440600872034,0.43286657,0.23152666,0.33560675
231,80855$_$2,missing,AV,1,1,0.16748047,1.8525391,-0.72314453,1.6850586,-0.137451171875,-0.10091145336627967,-0.10091145336627967,0.45000133,0.21567415,0.3343245
232,80855$_$7,missing,AV,1,1,0.28979492,1.8828125,-0.8383789,1.5930176,-0.212890625,-0.16126301586627967,-0.16126301586627967,0.4726375,0.2146726,0.3126899
233,80855$_$20,missing,AV,2,1,0.48754883,1.6279297,-1.0634766,-2.6914062,-0.4404296875,-0.34329426586627965,-0.34329426586627965,0.42908752,0.22903194,0.34188047
234,830KzUc6CbU$_$0,missing,AV,1,0,1.1220703,0.9008789,-1.6269531,-0.2211914,-0.9111328125,-0.7198567658662798,-0.7198567658662798,0.46356922,0.2020959,0.33433488
235,830KzUc6CbU$_$13,missing,AV,0,0,1.9169922,-0.64208984,-1.8925781,2.559082,-1.798828125,-1.4300130158662798,-1.4300130158662798,0.511729,0.21412024,0.27415082
236,84140$_$0,missing,AV,2,0,0.4260254,0.42016602,-0.5839844,-1.0100098,-0.0732421875,-0.04954426586627966,-0.04954426586627966,0.43738917,0.3071072,0.25550365
237,84140$_$5,missing,AV,0,0,1.5361328,-1.0966797,-1.2646484,2.6328125,-1.224609375,-0.9706380158662797,-0.9706380158662797,0.49519703,0.26076573,0.24403723
238,89835$_$1,missing,AV,2,0,0.7661133,0.0206604,-0.76708984,-1.5332031,-0.82763671875,-0.6530598908662797,-0.6530598908662797,0.48895845,0.26859543,0.24244614
239,89835$_$0,missing,AV,1,1,0.45239258,1.0527344,-0.57666016,0.6003418,-0.2142333984375,-0.16233723461627966,-0.16233723461627966,0.48127028,0.2283144,0.29041532
240,89835$_$4,missing,AV,0,0,2.4023438,-1.2080078,-1.9052734,3.6103516,-1.8671875,-1.4847005158662798,-1.4847005158662798,0.5575607,0.23989683,0.20254248
241,89835$_$7,missing,AV,0,0,1.7421875,-0.5136719,-1.5371094,2.2558594,-1.384765625,-1.0987630158662798,-1.0987630158662798,0.50167316,0.27309135,0.22523557
242,8eaYvALnJ0o$_$1,missing,AV,2,1,0.040496826,1.5634766,-0.75439453,-2.317871,-0.275390625,-0.21126301586627969,-0.21126301586627969,0.50437886,0.24679644,0.24882473
243,8eaYvALnJ0o$_$0,missing,AV,2,1,-0.41992188,1.4833984,-0.04248047,-1.5258789,0.0799560546875,0.07301432788372034,0.07301432788372034,0.48256817,0.24531172,0.2721201
244,8x_nCOh6Wmc$_$6,missing,AV,2,0,1.5322266,-0.50146484,-1.0507812,-2.5830078,-1.0673828125,-0.8448567658662798,-0.8448567658662798,0.49274015,0.18211734,0.3251425
245,96642$_$1,missing,AV,0,1,0.7006836,1.0986328,-1.3662109,-0.39794922,-0.63818359375,-0.5014973908662798,-0.5014973908662798,0.53000075,0.22604786,0.2439514
246,96642$_$3,missing,AV,2,1,-0.25439453,1.6201172,-0.10205078,-1.722168,0.123779296875,0.10807292163372034,0.10807292163372034,0.45958835,0.2577527,0.28265896
247,96642$_$2,missing,AV,1,1,0.7128906,0.78271484,-1.2988281,0.06982422,-0.9775390625,-0.7729817658662798,-0.7729817658662798,0.51633245,0.25860828,0.22505927
248,96642$_$4,missing,AV,0,0,1.7041016,-0.27905273,-1.8681641,1.9831543,-1.73046875,-1.3753255158662798,-1.3753255158662798,0.57006025,0.20289016,0.22704954
249,99501$_$10,missing,AV,0,1,0.41088867,1.2314453,-1.0205078,-0.82055664,-0.546875,-0.4284505158662797,-0.4284505158662797,0.47438613,0.26368463,0.26192918
250,99501$_$13,missing,AV,0,0,1.3515625,0.031158447,-1.7275391,1.320404,-1.583984375,-1.2581380158662798,-1.2581380158662798,0.529752,0.24573997,0.22450802
251,99501$_$1,missing,AV,1,1,0.44213867,1.4794922,-1.0986328,1.0373535,-0.60400390625,-0.47415364086627965,-0.47415364086627965,0.5077612,0.2370276,0.25521117
252,99501$_$0,missing,AV,1,1,-0.25756836,2.2246094,-0.2421875,2.4667969,0.1416015625,0.12233073413372034,0.12233073413372034,0.43065763,0.2647347,0.30460766
253,99501$_$5,missing,AV,0,0,1.1298828,0.33862305,-1.6142578,0.79125977,-1.119140625,-0.8862630158662798,-0.8862630158662798,0.5082252,0.2543436,0.23743112
254,99501$_$7,missing,AV,2,1,0.3383789,1.5166016,-1.0283203,-2.5449219,-0.3759765625,-0.2917317658662797,-0.2917317658662797,0.4955937,0.25178513,0.25262117
255,9QI-9w_VdB4$_$0,missing,AV,2,2,-0.36791992,0.4897461,0.49926758,0.009521484,0.56787109375,0.46334635913372035,0.46334635913372035,0.3876323,0.3010957,0.31127203
256,AG5EY8ZaFj4$_$3,missing,AV,1,1,0.12231445,1.6728516,-0.5024414,1.5505371,-0.39501953125,-0.3069661408662797,-0.3069661408662797,0.42196104,0.2766153,0.30142373
257,AG5EY8ZaFj4$_$15,missing,AV,1,0,0.9067383,0.6816406,-1.0019531,-0.22509766,-0.45751953125,-0.35696614086627965,-0.35696614086627965,0.4322954,0.2646108,0.30309376
258,Arh2TKRi_mg$_$15,missing,AV,2,1,0.23144531,1.6240234,-0.9121094,-2.5361328,-0.1202392578125,-0.08714192211627966,-0.08714192211627966,0.4587163,0.25945067,0.28183305
259,Arh2TKRi_mg$_$14,missing,AV,2,1,0.36914062,1.3486328,-0.8354492,-2.184082,-0.19482421875,-0.14680989086627969,-0.14680989086627969,0.4704288,0.22339477,0.3061764
260,Arh2TKRi_mg$_$16,missing,AV,1,1,0.27026367,0.9863281,-0.54589844,0.71606445,0.032684326171875,0.03519694507122034,0.03519694507122034,0.444623,0.2863571,0.2690199
261,Arh2TKRi_mg$_$19,missing,AV,2,1,0.1772461,1.59375,-0.6191406,-2.2128906,-0.08642578125,-0.06009114086627966,-0.06009114086627966,0.46401456,0.22986612,0.30611938
262,Arh2TKRi_mg$_$32,missing,AV,2,0,1.0556641,-0.25708008,-0.6723633,-1.7280273,-0.6865234375,-0.5401692658662797,-0.5401692658662797,0.50185525,0.14982124,0.34832352
263,Arh2TKRi_mg$_$28,missing,AV,0,1,-0.35424805,1.6113281,0.1661377,-1.9655762,0.0770263671875,0.07067057788372033,0.07067057788372033,0.41394436,0.24595314,0.34010243
264,Arh2TKRi_mg$_$3,missing,AV,2,1,0.76220703,0.80078125,-0.86328125,-1.6640625,-0.391845703125,-0.3044270783662797,-0.3044270783662797,0.47737694,0.20755197,0.31507105
265,AxNy9TeTLq8$_$0,missing,AV,2,1,-0.084472656,0.14794922,0.14221191,-0.0057373047,-0.077392578125,-0.05286457836627967,-0.05286457836627967,0.4422719,0.30412924,0.25359887
266,BSKAHXFYF_I$_$1,missing,AV,1,1,-0.4597168,1.5126953,0.07232666,1.4403687,0.1104736328125,0.09742839038372034,0.09742839038372034,0.42756858,0.2796213,0.2928101
267,BSKAHXFYF_I$_$3,missing,AV,1,1,0.24133301,1.0966797,-0.59375,0.8553467,-0.262451171875,-0.20091145336627966,-0.20091145336627966,0.4772717,0.2737223,0.24900602
268,BSKAHXFYF_I$_$7,missing,AV,1,1,-0.5605469,1.9169922,0.13671875,1.7802734,0.1766357421875,0.15035807788372035,0.15035807788372035,0.4320202,0.2986654,0.26931435
269,BSKAHXFYF_I$_$8,missing,AV,1,1,0.4165039,1.6826172,-0.99365234,1.2661133,-0.1304931640625,-0.09534504711627967,-0.09534504711627967,0.43683127,0.2395694,0.32359934
270,Baz0VVQ-E9E$_$10,missing,AV,0,1,-0.7060547,1.2373047,0.6225586,-1.9433594,0.4267578125,0.35045573413372033,0.35045573413372033,0.38474894,0.38269475,0.2325563
271,Baz0VVQ-E9E$_$1,missing,AV,1,1,-0.4699707,1.796875,-0.024780273,1.8216553,0.084716796875,0.07682292163372034,0.07682292163372034,0.43559498,0.32043633,0.2439687
272,Baz0VVQ-E9E$_$5,missing,AV,0,1,-0.027740479,1.8242188,-0.5229492,-1.8519592,0.057220458984375,0.05482585132122034,0.05482585132122034,0.48347405,0.23604912,0.2804768
273,Baz0VVQ-E9E$_$7,missing,AV,2,1,0.4765625,1.1230469,-0.8754883,-1.9985352,-0.2783203125,-0.21360676586627966,-0.21360676586627966,0.4748531,0.27534682,0.24980012
274,CJGuudyvA0Y$_$4,missing,AV,2,0,1.1982422,0.3659668,-1.4970703,-2.6953125,-1.03515625,-0.8190755158662797,-0.8190755158662797,0.5097182,0.25868854,0.2315933
275,CPjbogfLHR4$_$2,missing,AV,2,1,-0.18164062,1.6298828,-0.19909668,-1.8289795,-0.0035247802734375,0.006229659914970337,0.006229659914970337,0.48182732,0.23918091,0.27899176
276,CPjbogfLHR4$_$5,missing,AV,2,0,1.0322266,0.43237305,-1.3232422,-2.3554688,-0.6220703125,-0.4886067658662797,-0.4886067658662797,0.5392183,0.24319376,0.21758799
277,DdUJojoFU_c$_$11,missing,AV,2,1,-0.3864746,0.7324219,0.19055176,-0.5418701,0.3447265625,0.2848307341337204,0.2848307341337204,0.4026618,0.26395014,0.33338803
278,DdUJojoFU_c$_$15,missing,AV,2,1,-0.7104492,1.2607422,0.4411621,-0.8195801,0.416748046875,0.3424479216337204,0.3424479216337204,0.35782808,0.36847052,0.27370137
279,DdUJojoFU_c$_$14,missing,AV,2,2,-0.79296875,0.39208984,0.9003906,0.5083008,1.064453125,0.8606119841337203,0.8606119841337203,0.4067512,0.23626514,0.35698363
280,DdUJojoFU_c$_$17,missing,AV,1,2,-0.3955078,0.33569336,0.56347656,-0.2277832,0.73681640625,0.5985026091337203,0.5985026091337203,0.45311233,0.23726617,0.30962145
281,DdUJojoFU_c$_$16,missing,AV,2,2,-0.14160156,-0.28881836,0.50097656,0.6425781,0.9697265625,0.7848307341337204,0.7848307341337204,0.4698135,0.19103575,0.3391508
282,DdUJojoFU_c$_$2,missing,AV,2,0,0.91064453,-0.82910156,-0.19482422,-1.1054688,-0.482421875,-0.37688801586627974,-0.37688801586627974,0.47928643,0.251443,0.2692706
283,DdUJojoFU_c$_$6,missing,AV,1,1,-0.030303955,0.29248047,0.06225586,0.23022461,0.306640625,0.25436198413372035,0.25436198413372035,0.4688927,0.20141836,0.3296889
284,DdUJojoFU_c$_$8,missing,AV,2,2,0.15466309,-0.21276855,0.16711426,0.012451172,0.315673828125,0.26158854663372033,0.26158854663372033,0.45492774,0.23979925,0.30527303
285,DlbYiwOnTyk$_$1,missing,AV,1,1,0.57373047,1.4462891,-1.1152344,0.8725586,-0.3212890625,-0.24798176586627965,-0.24798176586627965,0.5032202,0.25732633,0.23945345
286,E8MuzHUhUHk$_$15,missing,AV,2,1,-0.52978516,1.3310547,0.32128906,-1.0097656,0.3994140625,0.32858073413372035,0.32858073413372035,0.43959013,0.24809653,0.31231335
287,E8MuzHUhUHk$_$14,missing,AV,2,1,-0.02609253,0.68066406,-0.033935547,-0.7145996,0.19775390625,0.16725260913372034,0.16725260913372034,0.42533365,0.30093282,0.27373356
288,E8MuzHUhUHk$_$16,missing,AV,2,0,1.6376953,-0.7363281,-1.3212891,-2.9589844,-1.431640625,-1.1362630158662796,-1.1362630158662796,0.5149594,0.20585567,0.27918494
289,E8MuzHUhUHk$_$2,missing,AV,2,0,0.99658203,0.59814453,-1.2822266,-2.2788086,-0.501953125,-0.39251301586627974,-0.39251301586627974,0.4268759,0.25572658,0.31739753
290,E8MuzHUhUHk$_$9,missing,AV,2,1,-0.033111572,1.5439453,-0.6879883,-2.2319336,-0.07708740234375,-0.05262043774127967,-0.05262043774127967,0.43705517,0.31282207,0.25012282
291,EEjCkc82oyk$_$7,missing,AV,0,1,0.36889648,1.4482422,-0.81591797,-1.0793457,-0.11846923828125,-0.08572590649127967,-0.08572590649127967,0.49554977,0.24980462,0.25464568
292,EEjCkc82oyk$_$9,missing,AV,0,1,0.07397461,1.5927734,-0.48754883,-1.5187988,-0.030975341796875,-0.015730789303779663,-0.015730789303779663,0.47546387,0.22596179,0.29857436
293,EQxkXiWAm08$_$8,missing,AV,1,1,0.7836914,0.9350586,-1.2509766,0.15136719,-0.80859375,-0.6378255158662798,-0.6378255158662798,0.38536018,0.24150339,0.37313646
294,ET1cU5_A2YM$_$1,missing,AV,0,1,0.6274414,1.0722656,-1.0195312,-0.44482422,-0.90087890625,-0.7116536408662797,-0.7116536408662797,0.48028284,0.2193165,0.3004006
295,ET1cU5_A2YM$_$3,missing,AV,0,1,0.053527832,1.4677734,-0.45947266,-1.4142456,-0.47509765625,-0.37102864086627974,-0.37102864086627974,0.45370355,0.23295976,0.31333673
296,ET1cU5_A2YM$_$6,missing,AV,0,0,0.89990234,0.7871094,-1.2802734,0.11279297,-1.08203125,-0.8565755158662798,-0.8565755158662798,0.49497032,0.23463026,0.27039942
297,EmmuWoCUgXs$_$22,missing,AV,1,1,-0.08984375,1.7177734,-0.28466797,1.8076172,-0.2318115234375,-0.17639973461627967,-0.17639973461627967,0.49700007,0.19040596,0.3125939
298,EmmuWoCUgXs$_$7,missing,AV,0,0,1.5683594,-0.41918945,-1.5517578,1.9875488,-1.576171875,-1.2518880158662797,-1.2518880158662797,0.55692685,0.19962361,0.24344958
299,Es9MkKsMsjU$_$10,missing,AV,1,1,-0.0519104,0.9038086,-0.3166504,0.955719,0.0806884765625,0.07360026538372035,0.07360026538372035,0.43270943,0.3405599,0.22673069
300,Es9MkKsMsjU$_$12,missing,AV,0,0,1.0341797,0.053253174,-1.3212891,0.9809265,-1.0068359375,-0.7964192658662798,-0.7964192658662798,0.47384763,0.3014026,0.22474976
301,Es9MkKsMsjU$_$2,missing,AV,0,0,1.4404297,-0.34570312,-1.515625,1.7861328,-1.4287109375,-1.1339192658662798,-1.1339192658662798,0.4910272,0.28619358,0.22277923
302,Es9MkKsMsjU$_$7,missing,AV,0,0,1.078125,-0.22546387,-1.2080078,1.3035889,-1.32421875,-1.0503255158662796,-1.0503255158662796,0.45573872,0.29342887,0.2508324
303,Ezn3p5FWF_U$_$4,missing,AV,2,0,1.6923828,-0.8496094,-1.3134766,-3.0058594,-1.5146484375,-1.2026692658662799,-1.2026692658662799,0.49526644,0.2600695,0.24466409
304,F1U26PLiXjM$_$1,missing,AV,2,1,0.6098633,0.7480469,-0.88916016,-1.637207,-0.72265625,-0.5690755158662797,-0.5690755158662797,0.52276915,0.24854152,0.22868934
305,F6JV-K840EY$_$2,missing,AV,0,1,0.5073242,0.71484375,-0.6176758,-0.20751953,-0.302001953125,-0.23255207836627967,-0.23255207836627967,0.5024864,0.2212171,0.27629653
306,FB_b1dm0SRY$_$10,missing,AV,0,0,0.8178711,0.52246094,-0.9682617,0.29541016,-0.853515625,-0.6737630158662797,-0.6737630158662797,0.46795586,0.21609738,0.31594676
307,FB_b1dm0SRY$_$0,missing,AV,1,1,0.6455078,1.3330078,-1.0898438,0.6875,-0.310546875,-0.23938801586627967,-0.23938801586627967,0.43442884,0.23990369,0.32566744
308,FB_b1dm0SRY$_$6,missing,AV,0,2,-1.1113281,0.9824219,1.375,-2.4863281,0.89453125,0.7246744841337204,0.7246744841337204,0.35223165,0.300285,0.3474833
309,FB_b1dm0SRY$_$9,missing,AV,0,0,0.6489258,0.22253418,-0.64501953,0.4263916,-0.3583984375,-0.2776692658662797,-0.2776692658662797,0.4726221,0.24831586,0.279062
310,FB_b1dm0SRY$_$8,missing,AV,2,1,0.072509766,0.5527344,-0.16760254,-0.7203369,0.06231689453125,0.05890299975872034,0.05890299975872034,0.45154944,0.2593337,0.2891169
311,FxxJB8hBpyQ$_$1,missing,AV,0,1,-0.30981445,0.74072266,0.32226562,-1.0505371,0.314697265625,0.2608072966337204,0.2608072966337204,0.40624914,0.31642073,0.27733016
312,Fy0Uid9afM8$_$0,missing,AV,1,1,-0.079833984,0.95166016,-0.52685547,1.0314941,0.1806640625,0.15358073413372034,0.15358073413372034,0.3848916,0.33108187,0.28402653
313,Fy0Uid9afM8$_$3,missing,AV,0,1,-0.15515137,0.7841797,-0.17285156,-0.93933105,0.1337890625,0.11608073413372035,0.11608073413372035,0.37426665,0.37930474,0.24642858
314,Fy0Uid9afM8$_$5,missing,AV,1,1,-0.24084473,1.0869141,-0.038909912,1.125824,0.172607421875,0.14713542163372034,0.14713542163372034,0.41738427,0.31600255,0.26661322
315,Fy0Uid9afM8$_$4,missing,AV,0,1,-0.1171875,1.7314453,-0.4633789,-1.8486328,0.0977783203125,0.08727214038372035,0.08727214038372035,0.39838508,0.3107043,0.29091066
316,H1DpVwktfDQ$_$0,missing,AV,0,1,-0.32202148,1.5546875,0.11022949,-1.876709,0.330810546875,0.2736979216337203,0.2736979216337203,0.43331346,0.23765296,0.32903358
317,HGicRLwgtkM$_$1,missing,AV,2,2,-0.18981934,0.3864746,0.4699707,0.083496094,0.42333984375,0.3477213591337204,0.3477213591337204,0.41258386,0.35391507,0.23350108
318,HGicRLwgtkM$_$3,missing,AV,1,1,-0.3569336,0.84765625,0.2331543,0.61450195,0.29931640625,0.24850260913372035,0.24850260913372035,0.4270084,0.31447738,0.2585142
319,HGicRLwgtkM$_$2,missing,AV,2,1,-0.5444336,0.9873047,0.46118164,-0.52612305,0.53759765625,0.4391276091337204,0.4391276091337204,0.43210763,0.30347496,0.2644174
320,HGicRLwgtkM$_$6,missing,AV,2,1,-0.41015625,1.0205078,0.37475586,-0.64575195,0.431396484375,0.3541666716337204,0.3541666716337204,0.4244033,0.314304,0.2612927
321,HmXXW45eZL4$_$1,missing,AV,0,0,1.140625,-0.35766602,-0.99658203,1.498291,-0.78076171875,-0.6155598908662797,-0.6155598908662797,0.5084116,0.22836654,0.26322186
322,HmXXW45eZL4$_$4,missing,AV,0,1,0.48413086,1.4736328,-1.1152344,-0.98950195,-0.479736328125,-0.3747395783662797,-0.3747395783662797,0.515333,0.21635218,0.26831484
323,IM6HW1HwHhM$_$11,missing,AV,0,1,-0.13549805,1.3222656,-0.2409668,-1.4577637,0.08929443359375,0.08048503100872034,0.08048503100872034,0.4235656,0.26730445,0.30912995
324,IM6HW1HwHhM$_$15,missing,AV,2,1,0.16333008,0.49951172,-0.10974121,-0.6092529,-0.034027099609375,-0.018172195553779663,-0.018172195553779663,0.46769002,0.22873838,0.3035716
325,IM6HW1HwHhM$_$17,missing,AV,2,1,0.011749268,1.1542969,-0.27514648,-1.4294434,-0.1427001953125,-0.10511067211627967,-0.10511067211627967,0.46152386,0.21127097,0.3272052
326,IUmxJNs2zaY$_$3,missing,AV,1,1,0.091308594,1.0966797,-0.68310547,1.0053711,0.021209716796875,0.026017257571220337,0.026017257571220337,0.45004696,0.3696997,0.18025339
327,IUmxJNs2zaY$_$2,missing,AV,1,1,0.3569336,1.3046875,-1.0087891,0.9477539,-0.5322265625,-0.4167317658662797,-0.4167317658662797,0.5049945,0.2718986,0.22310694
328,JAnRCQ9A0vI$_$1,missing,AV,1,0,0.77783203,0.19885254,-0.6196289,-0.5789795,-0.3818359375,-0.29641926586627965,-0.29641926586627965,0.47541323,0.28010434,0.2444824
329,JAnRCQ9A0vI$_$0,missing,AV,1,1,-0.5629883,1.0585938,0.5991211,0.45947266,0.595703125,0.4856119841337203,0.4856119841337203,0.393384,0.36640573,0.24021025
330,JAnRCQ9A0vI$_$3,missing,AV,2,0,0.9995117,-0.2709961,-0.46679688,-1.4663086,-0.3935546875,-0.30579426586627967,-0.30579426586627967,0.48032883,0.23470424,0.28496695
331,JAnRCQ9A0vI$_$2,missing,AV,2,0,0.8198242,-1.0185547,-0.21252441,-1.0323486,-0.38330078125,-0.2975911408662797,-0.2975911408662797,0.47079116,0.24320747,0.28600132
332,JAnRCQ9A0vI$_$5,missing,AV,2,1,-0.2442627,1.7636719,-0.14404297,-1.9077148,0.0994873046875,0.08863932788372034,0.08863932788372034,0.42228273,0.2983146,0.2794027
333,JAnRCQ9A0vI$_$4,missing,AV,1,1,-0.4584961,1.6445312,0.2932129,1.3513184,0.36865234375,0.3039713591337203,0.3039713591337203,0.42170054,0.24574742,0.33255205
334,JAnRCQ9A0vI$_$8,missing,AV,2,0,1.6201172,-0.5727539,-1.2607422,-2.8808594,-1.1318359375,-0.8964192658662797,-0.8964192658662797,0.50875443,0.2544845,0.23676108
335,JOK1SSmPtFw$_$10,missing,AV,2,1,-0.24914551,2.0234375,-0.3864746,-2.409912,-0.0264129638671875,-0.012080886960029666,-0.012080886960029666,0.5051193,0.20026621,0.29461443
336,JOK1SSmPtFw$_$13,missing,AV,2,1,0.00491333,1.8154297,-0.5410156,-2.3564453,-0.210693359375,-0.15950520336627969,-0.15950520336627969,0.47607416,0.25998193,0.2639439
337,JOK1SSmPtFw$_$14,missing,AV,1,1,-0.45947266,2.2988281,-0.20214844,2.5009766,0.0850830078125,0.07711589038372034,0.07711589038372034,0.4831056,0.23633362,0.28056076
338,JOK1SSmPtFw$_$16,missing,AV,1,1,-0.5288086,2.0585938,-0.049194336,2.107788,0.06793212890625,0.06339518725872034,0.06339518725872034,0.47674438,0.23161544,0.29164016
339,JOK1SSmPtFw$_$0,missing,AV,2,0,0.60058594,-0.12207031,-0.23461914,-0.8352051,-0.229736328125,-0.17473957836627968,-0.17473957836627968,0.4784808,0.323097,0.19842216
340,JOK1SSmPtFw$_$5,missing,AV,1,1,0.36889648,1.3144531,-0.7319336,0.94555664,-0.428466796875,-0.3337239533662797,-0.3337239533662797,0.50674075,0.25512093,0.23813832
341,JOK1SSmPtFw$_$4,missing,AV,1,1,0.0574646,1.8291016,-0.47558594,1.771637,-0.09423828125,-0.06634114086627967,-0.06634114086627967,0.4671165,0.21918389,0.31369963
342,JOK1SSmPtFw$_$8,missing,AV,1,1,-0.6230469,2.1738281,0.07678223,2.097046,0.02032470703125,0.02530924975872034,0.02530924975872034,0.47514725,0.23883635,0.28601637
343,JPT38CA3sGI$_$1,missing,AV,0,2,-0.41357422,-0.17590332,0.7651367,-1.1787109,0.9892578125,0.8004557341337204,0.8004557341337204,0.42876616,0.21112028,0.36011356
344,JPT38CA3sGI$_$0,missing,AV,2,2,-0.6767578,0.67333984,0.7524414,0.07910156,0.7421875,0.6027994841337203,0.6027994841337203,0.40892702,0.28068835,0.31038463
345,JPT38CA3sGI$_$5,missing,AV,2,1,-0.10412598,1.7353516,-0.29492188,-2.0302734,0.136474609375,0.11822917163372035,0.11822917163372035,0.451249,0.21629924,0.3324518
346,JVpF99zuQhA$_$0,missing,AV,1,1,0.24304199,1.3505859,-0.72216797,1.107544,-0.30078125,-0.23157551586627967,-0.23157551586627967,0.4302409,0.32381663,0.24594243
347,JVpF99zuQhA$_$2,missing,AV,1,1,0.57910156,0.9995117,-0.9194336,0.42041016,-0.410888671875,-0.3196614533662797,-0.3196614533662797,0.4671446,0.2947264,0.23812898
348,JVpF99zuQhA$_$4,missing,AV,1,1,-0.21948242,1.6962891,-0.41357422,1.9157715,-0.064697265625,-0.04270832836627966,-0.04270832836627966,0.43911776,0.2835207,0.27736154
349,K0m1tO3Ybyc$_$15,missing,AV,2,1,-0.63378906,0.9394531,0.51708984,-0.42236328,0.451904296875,0.37057292163372035,0.37057292163372035,0.33761793,0.31684476,0.3455373
350,K0m1tO3Ybyc$_$8,missing,AV,2,2,-0.16137695,-9.1552734e-05,0.45776367,0.45785522,0.45556640625,0.37350260913372035,0.37350260913372035,0.42801714,0.3037905,0.26819232
351,K8gp7ncdUl8$_$5,missing,AV,0,0,1.6826172,-0.51660156,-1.7832031,2.1992188,-1.673828125,-1.3300130158662797,-1.3300130158662797,0.54651135,0.24635018,0.2071385
352,KDjl2exStlI$_$10,missing,AV,1,1,-0.03933716,2.3261719,-0.77783203,2.365509,-0.1104736328125,-0.07932942211627966,-0.07932942211627966,0.4883683,0.2308335,0.2807982
353,KDjl2exStlI$_$13,missing,AV,1,1,-0.09667969,2.2148438,-0.58251953,2.3115234,-0.166259765625,-0.12395832836627968,-0.12395832836627968,0.45890194,0.27307156,0.2680265
354,KDjl2exStlI$_$5,missing,AV,1,1,-0.027740479,1.9873047,-0.5932617,2.0150452,0.0968017578125,0.08649089038372035,0.08649089038372035,0.4892068,0.20585495,0.30493826
355,KDjl2exStlI$_$4,missing,AV,1,1,0.37353516,1.8251953,-1.1279297,1.4516602,-0.2158203125,-0.16360676586627967,-0.16360676586627967,0.53164834,0.22830193,0.24004975
356,KkKWFZZmmCM$_$1,missing,AV,2,0,1.5185547,0.042877197,-1.9658203,-3.484375,-1.390625,-1.1034505158662797,-1.1034505158662797,0.5646331,0.18459831,0.25076863
357,KpMCvUyQCXg$_$1,missing,AV,1,2,-0.65478516,0.64453125,0.70996094,-0.06542969,0.693359375,0.5637369841337203,0.5637369841337203,0.40158707,0.3539252,0.24448773
358,KpMCvUyQCXg$_$3,missing,AV,1,1,-0.5239258,1.5498047,0.12817383,1.4216309,0.15087890625,0.12975260913372033,0.12975260913372033,0.4186161,0.28767735,0.29370657
359,KpMCvUyQCXg$_$5,missing,AV,2,1,-0.23474121,1.1396484,-0.13439941,-1.2740479,0.0947265625,0.08483073413372035,0.08483073413372035,0.46939734,0.291263,0.23933968
360,L1eFHRQGFeg$_$2,missing,AV,0,0,1.4091797,-0.3947754,-1.2099609,1.8039551,-1.0859375,-0.8597005158662797,-0.8597005158662797,0.5137565,0.20406808,0.28217545
361,MCsvw5-7lVE$_$1,missing,AV,2,0,0.53466797,0.42163086,-0.7895508,-1.3242188,-0.448974609375,-0.35013020336627965,-0.35013020336627965,0.45083594,0.26690403,0.28226003
362,MCsvw5-7lVE$_$2,missing,AV,2,1,-0.08068848,1.0175781,-0.14819336,-1.1657715,-0.03564453125,-0.019466140866279666,-0.019466140866279666,0.4415024,0.26661116,0.2918865
363,MCsvw5-7lVE$_$4,missing,AV,2,1,-0.36938477,0.9609375,0.16906738,-0.7918701,0.18408203125,0.15631510913372035,0.15631510913372035,0.42303878,0.23971203,0.33724916
364,MMpo2bDk-DU$_$10,missing,AV,0,1,0.70654297,1.0263672,-1.0751953,-0.31982422,-0.5458984375,-0.42766926586627974,-0.42766926586627974,0.45008403,0.25241226,0.2975037
365,MMpo2bDk-DU$_$17,missing,AV,0,0,0.8803711,0.5908203,-1.1787109,0.28955078,-0.8134765625,-0.6417317658662798,-0.6417317658662798,0.4583876,0.2571053,0.28450707
366,MMpo2bDk-DU$_$16,missing,AV,1,0,1.1533203,0.39038086,-1.4394531,-0.76293945,-1.162109375,-0.9206380158662797,-0.9206380158662797,0.48263538,0.19201852,0.3253461
367,MMpo2bDk-DU$_$19,missing,AV,2,1,0.21704102,1.1826172,-0.3515625,-1.5341797,0.041534423828125,0.042277023196220335,0.042277023196220335,0.4528472,0.24087676,0.30627605
368,MjaaudUc5-4$_$1,missing,AV,0,1,0.027435303,1.7353516,-0.58203125,-1.7079163,-0.134033203125,-0.09817707836627967,-0.09817707836627967,0.4949949,0.2820241,0.22298095
369,MjaaudUc5-4$_$0,missing,AV,2,1,-0.24768066,2.0195312,-0.27270508,-2.2922363,0.03948974609375,0.04064128100872034,0.04064128100872034,0.50893086,0.20049171,0.2905774
370,MjaaudUc5-4$_$3,missing,AV,2,1,-0.26342773,1.4970703,-0.30371094,-1.8007812,0.142333984375,0.12291667163372035,0.12291667163372035,0.4949236,0.26201943,0.24305698
371,MjaaudUc5-4$_$6,missing,AV,0,1,0.12219238,1.6777344,-0.7138672,-1.555542,-0.208251953125,-0.15755207836627969,-0.15755207836627969,0.5508341,0.20852216,0.24064374
372,MoQmPA7Q07Q$_$1,missing,AV,2,0,0.61328125,0.5078125,-0.8183594,-1.4316406,-0.5498046875,-0.43079426586627967,-0.43079426586627967,0.46442515,0.24660598,0.28896886
373,MoQmPA7Q07Q$_$2,missing,AV,2,0,1.1669922,0.00064086914,-1.1142578,-2.28125,-0.91796875,-0.7253255158662797,-0.7253255158662797,0.47661233,0.25528583,0.26810184
374,N1X63d_jgmw$_$5,missing,AV,0,0,0.9321289,0.15515137,-0.9584961,0.77697754,-0.6123046875,-0.4807942658662797,-0.4807942658662797,0.5002482,0.21214585,0.287606
375,N5xfBtD6rLY$_$7,missing,AV,1,1,-0.2668457,1.9716797,-0.14831543,2.119995,0.095947265625,0.08580729663372035,0.08580729663372035,0.43921843,0.25409535,0.30668622
376,NoZsdSGnNpI$_$7,missing,AV,2,0,0.96533203,0.56884766,-1.3857422,-2.3510742,-0.8203125,-0.6472005158662797,-0.6472005158662797,0.51294816,0.26812616,0.21892571
377,Nrurc5sMUOE$_$5,missing,AV,0,0,1.5117188,-0.6533203,-1.4814453,2.165039,-1.1875,-0.9409505158662798,-0.9409505158662798,0.5187436,0.29015744,0.19109897
378,Nrurc5sMUOE$_$7,missing,AV,0,1,-0.12963867,1.8876953,-0.6513672,-2.017334,-0.208251953125,-0.15755207836627969,-0.15755207836627969,0.45912394,0.27658826,0.26428777
379,Nrurc5sMUOE$_$8,missing,AV,0,1,0.24694824,0.8305664,-0.95166016,-0.58361816,-0.36279296875,-0.2811848908662796,-0.2811848908662796,0.48634863,0.30202585,0.21162559
380,NzvNW7vP-Co$_$5,missing,AV,2,0,2.3300781,-1.4033203,-2.0839844,-4.4140625,-2.09375,-1.6659505158662797,-1.6659505158662797,0.59823513,0.2004354,0.20132947
381,NzvNW7vP-Co$_$4,missing,AV,1,1,-0.027862549,1.6357422,-0.66796875,1.6636047,-0.12353515625,-0.08977864086627967,-0.08977864086627967,0.45695564,0.3010503,0.24199408
382,NzvNW7vP-Co$_$7,missing,AV,2,0,1.3876953,-0.25024414,-1.7099609,-3.0976562,-1.34765625,-1.0690755158662797,-1.0690755158662797,0.542388,0.24183802,0.21577394
383,OLP0nCKwU6k$_$6,missing,AV,0,0,2.3183594,-1.0253906,-2.0800781,3.34375,-2.169921875,-1.7268880158662798,-1.7268880158662798,0.557405,0.21944277,0.22315222
384,OrYBtyO0aPI$_$1,missing,AV,0,1,-0.27172852,1.7177734,0.0087890625,-1.989502,0.0947265625,0.08483073413372035,0.08483073413372035,0.41154316,0.30022654,0.2882303
385,OrYBtyO0aPI$_$4,missing,AV,2,1,-0.86083984,1.625,0.92285156,-0.70214844,0.2880859375,0.23951823413372034,0.23951823413372034,0.32827216,0.36311,0.30861786
386,PboaYD5hlG8$_$10,missing,AV,2,1,-0.6660156,1.0927734,0.74560547,-0.34716797,0.6025390625,0.49108073413372033,0.49108073413372033,0.39159954,0.31064484,0.29775566
387,PboaYD5hlG8$_$3,missing,AV,2,1,-0.21081543,1.4521484,0.043701172,-1.4084473,0.08245849609375,0.07501628100872033,0.07501628100872033,0.45770034,0.32710978,0.21518986
388,PboaYD5hlG8$_$2,missing,AV,2,2,-0.8881836,0.9345703,0.9926758,0.05810547,0.875,0.7090494841337204,0.7090494841337204,0.41496217,0.33530176,0.24973607
389,PboaYD5hlG8$_$7,missing,AV,1,0,0.81640625,0.48657227,-0.89941406,-0.32983398,-0.6044921875,-0.47454426586627974,-0.47454426586627974,0.48328358,0.2915607,0.22515568
390,PboaYD5hlG8$_$9,missing,AV,1,0,0.55810547,0.15576172,-0.46020508,-0.40234375,-0.576171875,-0.4518880158662797,-0.4518880158662797,0.51575005,0.24929254,0.23495744
391,PboaYD5hlG8$_$8,missing,AV,0,0,1.0244141,-0.38623047,-0.8588867,1.4106445,-1.208984375,-0.9581380158662798,-0.9581380158662798,0.5411129,0.224268,0.23461908
392,Pt-D0LUHDSc$_$2,missing,AV,2,1,-0.7993164,0.9658203,0.90185547,-0.063964844,0.8203125,0.6652994841337203,0.6652994841337203,0.39319173,0.35874888,0.24805944
393,PwapK9d8IGk$_$4,missing,AV,0,0,2.1425781,-0.85791016,-1.921875,3.0004883,-1.837890625,-1.4612630158662798,-1.4612630158662798,0.524155,0.26696298,0.20888203
394,PyQrAYl1bFs$_$0,missing,AV,2,1,-0.67822266,1.1962891,0.44067383,-0.75561523,0.494384765625,0.4045572966337203,0.4045572966337203,0.38523397,0.33850896,0.27625707
395,PyQrAYl1bFs$_$3,missing,AV,2,1,-0.62402344,1.2744141,0.25219727,-1.0222168,0.33056640625,0.2735026091337204,0.2735026091337204,0.39188752,0.27385986,0.33425266
396,PyQrAYl1bFs$_$4,missing,AV,2,1,0.2709961,1.1738281,-0.8256836,-1.9995117,-0.12060546875,-0.08743489086627967,-0.08743489086627967,0.43106887,0.22976524,0.33916593
397,Q4WzApjaCNI$_$0,missing,AV,1,1,-1.0839844,1.7333984,1.0039062,0.7294922,0.2333984375,0.19576823413372035,0.19576823413372035,0.34678778,0.39459193,0.2586203
398,Q7S0tX4FUNA$_$4,missing,AV,1,1,0.11755371,1.2324219,-0.5102539,1.1148682,-0.2568359375,-0.19641926586627967,-0.19641926586627967,0.4746026,0.28724223,0.23815517
399,Q7S0tX4FUNA$_$7,missing,AV,1,1,-0.70166016,2.0273438,0.36108398,1.6662598,0.2413330078125,0.20211589038372035,0.20211589038372035,0.385998,0.34441248,0.2695895
400,Q7S0tX4FUNA$_$8,missing,AV,0,2,-1.046875,1.0498047,1.1162109,-2.163086,0.7646484375,0.6207682341337204,0.6207682341337204,0.3834877,0.37487367,0.2416386
401,Qa6Yz62V-Yc$_$0,missing,AV,1,0,1.1220703,0.0018615723,-1.1904297,-1.1202087,-1.2783203125,-1.0136067658662797,-1.0136067658662797,0.5365591,0.23157641,0.23186454
402,QjcQx8_PQfw$_$10,missing,AV,2,1,0.46606445,1.5576172,-0.9536133,-2.5112305,-0.2646484375,-0.20266926586627967,-0.20266926586627967,0.4929281,0.22270857,0.28436333
403,QjcQx8_PQfw$_$7,missing,AV,1,1,0.43286133,1.1777344,-0.9301758,0.74487305,-0.314208984375,-0.2423177033662797,-0.2423177033662797,0.46967697,0.2709404,0.25938264
404,QpchvHpGFc8$_$3,missing,AV,1,1,0.5415039,0.7680664,-0.7709961,0.2265625,-0.478515625,-0.3737630158662797,-0.3737630158662797,0.45184913,0.23857418,0.3095767
405,RArhIHk4Qs4$_$13,missing,AV,2,1,-0.07006836,2.1035156,-0.8198242,-2.9233398,-0.03875732421875,-0.021956375241279663,-0.021956375241279663,0.4997498,0.22621344,0.2740368
406,RArhIHk4Qs4$_$17,missing,AV,0,1,-0.09338379,1.7998047,-0.39575195,-1.8931885,0.114990234375,0.10104167163372034,0.10104167163372034,0.5002395,0.22708991,0.27267066
407,RArhIHk4Qs4$_$16,missing,AV,0,1,0.8227539,0.9472656,-1.3173828,-0.12451172,-0.3740234375,-0.29016926586627967,-0.29016926586627967,0.5079443,0.26437092,0.22768478
408,RArhIHk4Qs4$_$19,missing,AV,1,1,0.19641113,1.9716797,-1.03125,1.7752686,-0.029541015625,-0.014583328366279666,-0.014583328366279666,0.47625744,0.25484806,0.2688945
409,RArhIHk4Qs4$_$1,missing,AV,1,0,1.4951172,0.12854004,-1.7275391,-1.3665771,-1.1591796875,-0.9182942658662797,-0.9182942658662797,0.5626716,0.21934927,0.21797921
410,RArhIHk4Qs4$_$2,missing,AV,0,0,1.4970703,-0.27807617,-1.4404297,1.7751465,-1.201171875,-0.9518880158662797,-0.9518880158662797,0.54745144,0.21170479,0.2408438
411,RArhIHk4Qs4$_$7,missing,AV,1,1,0.14245605,1.5507812,-0.7109375,1.4083252,-0.05023193359375,-0.03113606274127967,-0.03113606274127967,0.454767,0.26733497,0.27789804
412,RArhIHk4Qs4$_$6,missing,AV,0,0,1.2158203,0.59716797,-1.4599609,0.61865234,-0.802734375,-0.6331380158662797,-0.6331380158662797,0.55469817,0.24566172,0.19964005
413,RArhIHk4Qs4$_$8,missing,AV,0,1,0.075683594,2.1523438,-0.8935547,-2.0766602,-0.0232086181640625,-0.009517410397529662,-0.009517410397529662,0.50312746,0.2289635,0.26790905
414,RArhIHk4Qs4$_$21,missing,AV,2,1,-0.5317383,1.5888672,0.31079102,-1.2780762,0.38818359375,0.3195963591337203,0.3195963591337203,0.43106857,0.25246358,0.31646782
415,ROcTx5VEn7o$_$11,missing,AV,1,0,1.4189453,-0.39331055,-1.3398438,-1.8122559,-1.595703125,-1.2675130158662797,-1.2675130158662797,0.47132957,0.25288782,0.27578264
416,ROcTx5VEn7o$_$1,missing,AV,1,1,-0.16540527,1.6025391,-0.3720703,1.7679443,-0.1337890625,-0.09798176586627967,-0.09798176586627967,0.40912813,0.29685664,0.2940152
417,ROcTx5VEn7o$_$5,missing,AV,1,0,0.92041016,0.69140625,-1.1064453,-0.2290039,-0.978515625,-0.7737630158662797,-0.7737630158662797,0.46840662,0.2167343,0.31485918
418,ROcTx5VEn7o$_$9,missing,AV,1,1,0.2512207,1.4951172,-0.5786133,1.2438965,-0.34375,-0.2659505158662797,-0.2659505158662797,0.41826773,0.26019233,0.32153994
419,RrGpzInAwCg$_$0,missing,AV,2,1,-0.6166992,0.6298828,0.46948242,-0.16040039,0.280029296875,0.23307292163372034,0.23307292163372034,0.44807014,0.29583198,0.25609788
420,RzOFxDk26p0$_$1,missing,AV,2,0,1.4550781,-1.0058594,-1.3779297,-2.8330078,-1.671875,-1.3284505158662798,-1.3284505158662798,0.46496806,0.32770017,0.20733182
421,RzOFxDk26p0$_$0,missing,AV,1,1,0.72021484,1.0126953,-1.3408203,0.29248047,-0.73974609375,-0.5827473908662797,-0.5827473908662797,0.46048403,0.27265516,0.2668608
422,SHa756SwGJQ$_$0,missing,AV,1,1,-0.6401367,1.7011719,0.35717773,1.3439941,0.302490234375,0.2510416716337204,0.2510416716337204,0.43924484,0.2704535,0.29030165
423,SHa756SwGJQ$_$2,missing,AV,2,0,0.75634766,-0.3564453,-0.53466797,-1.2910156,-0.33642578125,-0.2600911408662797,-0.2600911408662797,0.46849826,0.27968973,0.25181204
424,SHa756SwGJQ$_$4,missing,AV,0,1,-0.1048584,2.09375,-0.6020508,-2.1986084,-0.0203704833984375,-0.007246902585029663,-0.007246902585029663,0.43327966,0.25787997,0.30884036
425,SHa756SwGJQ$_$7,missing,AV,1,1,-0.21362305,1.4677734,-0.2626953,1.6813965,0.2578125,0.21529948413372035,0.21529948413372035,0.4338971,0.2811626,0.28494036
426,SHa756SwGJQ$_$6,missing,AV,1,1,-0.47607422,1.8154297,-0.008056641,1.8234863,0.423828125,0.34811198413372035,0.34811198413372035,0.43850192,0.25364158,0.3078565
427,TH32jop4FiI$_$15,missing,AV,0,1,0.4794922,0.52734375,-0.64501953,-0.047851562,-0.4736328125,-0.3698567658662797,-0.3698567658662797,0.4548869,0.29990897,0.24520414
428,TH32jop4FiI$_$17,missing,AV,2,0,0.83251953,-0.22692871,-0.7714844,-1.6040039,-0.783203125,-0.6175130158662797,-0.6175130158662797,0.45399484,0.3293384,0.21666674
429,TWszOxkOV0w$_$1,missing,AV,0,0,0.63964844,-0.013153076,-0.90185547,0.6528015,-0.7587890625,-0.5979817658662797,-0.5979817658662797,0.4442056,0.29845214,0.25734225
430,TXCXFYIc3Yo$_$16,missing,AV,1,1,0.93847656,0.9951172,-1.3232422,0.056640625,-0.58740234375,-0.46087239086627974,-0.46087239086627974,0.4733735,0.23484612,0.29178038
431,TXCXFYIc3Yo$_$2,missing,AV,2,1,0.7753906,1.1503906,-1.2441406,-2.3945312,-0.421142578125,-0.3278645783662797,-0.3278645783662797,0.51272386,0.23653287,0.25074327
432,TXCXFYIc3Yo$_$7,missing,AV,0,0,1.2441406,0.09875488,-1.2763672,1.1453857,-0.9033203125,-0.7136067658662797,-0.7136067658662797,0.49301156,0.26653525,0.24045323
433,TXCXFYIc3Yo$_$6,missing,AV,2,1,0.78271484,1.3095703,-1.0966797,-2.40625,-0.444580078125,-0.34661457836627974,-0.34661457836627974,0.4938134,0.21264675,0.29353985
434,TYJzg5IJN8o$_$11,missing,AV,1,0,1.6083984,-0.6123047,-1.5859375,-2.2207031,-1.5380859375,-1.2214192658662797,-1.2214192658662797,0.5376891,0.24651887,0.21579206
435,TYJzg5IJN8o$_$10,missing,AV,1,0,0.9213867,0.45825195,-1.4326172,-0.46313477,-0.9443359375,-0.7464192658662797,-0.7464192658662797,0.51181084,0.2656226,0.22256659
436,TYJzg5IJN8o$_$14,missing,AV,2,1,0.3310547,0.8256836,-0.91552734,-1.7412109,-0.245361328125,-0.18723957836627966,-0.18723957836627966,0.47169283,0.3175314,0.21077575
437,TYJzg5IJN8o$_$0,missing,AV,2,0,0.10839844,0.032928467,-0.0121154785,-0.120513916,0.031951904296875,0.034611007571220334,0.034611007571220334,0.449942,0.29419428,0.25586373
438,TYJzg5IJN8o$_$4,missing,AV,2,1,0.4177246,0.43188477,-0.6254883,-1.057373,-0.39404296875,-0.30618489086627965,-0.30618489086627965,0.43981403,0.33726645,0.22291954
439,TYJzg5IJN8o$_$7,missing,AV,2,1,0.34057617,1.15625,-0.8066406,-1.9628906,-0.317626953125,-0.24505207836627965,-0.24505207836627965,0.4396612,0.31680533,0.24353346
440,Uc_6d-fkZEc$_$3,missing,AV,2,1,-0.25024414,1.5771484,-0.21276855,-1.789917,0.065673828125,0.06158854663372034,0.06158854663372034,0.42793605,0.3596179,0.2124461
441,UlTJmndbGHM$_$1,missing,AV,2,2,-0.8666992,0.32348633,0.7084961,0.38500977,0.9677734375,0.7832682341337204,0.7832682341337204,0.45431116,0.2580263,0.28766257
442,UlTJmndbGHM$_$4,missing,AV,0,1,-0.30615234,0.94384766,-0.01638794,-1.25,0.30517578125,0.2531901091337203,0.2531901091337203,0.42230815,0.31625348,0.26143837
443,VbV9S4svrTg$_$13,missing,AV,2,1,-0.36450195,1.8193359,-0.05810547,-1.8774414,0.066650390625,0.06236979663372034,0.06236979663372034,0.46942487,0.23623955,0.29433554
444,VbV9S4svrTg$_$3,missing,AV,2,1,-0.17749023,1.8300781,-0.26367188,-2.09375,-0.054656982421875,-0.03467610180377967,-0.03467610180377967,0.488292,0.24173442,0.26997352
445,VbV9S4svrTg$_$7,missing,AV,2,1,-0.5073242,2.0410156,-0.06689453,-2.1079102,0.00656890869140625,0.014304611086845338,0.014304611086845338,0.46961173,0.23992193,0.29046637
446,VbV9S4svrTg$_$8,missing,AV,2,1,-0.8232422,1.8095703,0.18554688,-1.6240234,0.1475830078125,0.12711589038372034,0.12711589038372034,0.4781919,0.2165847,0.3052234
447,VinxKpWioTo$_$1,missing,AV,2,0,0.47314453,0.0039978027,-0.23522949,-0.708374,-0.2373046875,-0.18079426586627967,-0.18079426586627967,0.42631233,0.341745,0.23194267
448,VinxKpWioTo$_$0,missing,AV,1,1,0.17004395,2.1542969,-0.7504883,1.9842529,-0.188720703125,-0.14192707836627969,-0.14192707836627969,0.4939923,0.24429858,0.26170912
449,VinxKpWioTo$_$3,missing,AV,2,1,0.6142578,0.62841797,-0.9560547,-1.5844727,-0.7080078125,-0.5573567658662797,-0.5573567658662797,0.48255923,0.25795677,0.259484
450,VinxKpWioTo$_$5,missing,AV,2,1,0.41748047,1.0898438,-0.7993164,-1.8891602,-0.54443359375,-0.4264973908662797,-0.4264973908662797,0.47629616,0.26997176,0.2537321
451,ViyQVpGW05w$_$1,missing,AV,2,2,-0.5786133,0.4621582,0.6171875,0.1550293,0.79296875,0.6434244841337203,0.6434244841337203,0.4180424,0.23118438,0.35077325
452,ViyQVpGW05w$_$4,missing,AV,1,2,-0.6660156,0.24353027,0.8286133,-0.585083,0.8720703125,0.7067057341337204,0.7067057341337204,0.41270015,0.2343979,0.3529019
453,ViyQVpGW05w$_$6,missing,AV,0,1,0.109375,0.43774414,-0.15881348,-0.32836914,-0.04730224609375,-0.028792312741279663,-0.028792312741279663,0.4252359,0.23794605,0.33681807
454,Vuay0mVKkik$_$3,missing,AV,0,1,0.4921875,0.7792969,-0.7397461,-0.28710938,-0.368896484375,-0.2860677033662796,-0.2860677033662796,0.48038688,0.25602403,0.2635891
455,WmQF5RmbsVQ$_$6,missing,AV,1,0,1.5419922,-0.57470703,-1.4775391,-2.1166992,-0.94482421875,-0.7468098908662797,-0.7468098908662797,0.52254397,0.29312626,0.18432973
456,Wrcf2xtqbkQ$_$9,missing,AV,1,0,1.8154297,-0.3659668,-2.0722656,-2.1813965,-1.7021484375,-1.3526692658662798,-1.3526692658662798,0.54397136,0.16775738,0.28827125
457,Wrcf2xtqbkQ$_$8,missing,AV,1,1,0.8198242,0.9038086,-1.3417969,0.083984375,-0.990234375,-0.7831380158662797,-0.7831380158662797,0.48136482,0.20616889,0.31246623
458,WxajvjGKz7Y$_$0,missing,AV,1,1,-0.63427734,1.7666016,0.30200195,1.4645996,0.26318359375,0.21959635913372036,0.21959635913372036,0.3935219,0.35554203,0.25093606
459,WxajvjGKz7Y$_$3,missing,AV,1,1,-0.08557129,1.6474609,-0.43041992,1.7330322,-0.07244873046875,-0.048909500241279665,-0.048909500241279665,0.4261113,0.2989708,0.27491787
460,WxajvjGKz7Y$_$6,missing,AV,1,1,0.4399414,1.1611328,-1.0048828,0.7211914,-0.341552734375,-0.26419270336627965,-0.26419270336627965,0.47435784,0.2761251,0.24951705
461,XIGpuL-Kkyk$_$12,missing,AV,2,1,0.54833984,0.8046875,-1.0,-1.8046875,-0.485595703125,-0.37942707836627965,-0.37942707836627965,0.4986419,0.28682062,0.21453747
462,XIGpuL-Kkyk$_$0,missing,AV,0,1,-0.45043945,1.9501953,0.064453125,-2.4006348,0.233154296875,0.19557292163372034,0.19557292163372034,0.45021966,0.21346265,0.33631766
463,XIGpuL-Kkyk$_$4,missing,AV,2,2,-0.74658203,0.4416504,0.9868164,0.545166,0.9365234375,0.7582682341337204,0.7582682341337204,0.40755984,0.30688146,0.28555873
464,XIGpuL-Kkyk$_$7,missing,AV,1,1,-0.6352539,1.6728516,0.4897461,1.1831055,0.280517578125,0.23346354663372035,0.23346354663372035,0.38424096,0.32098022,0.29477876
465,XaVYxIW0FDg$_$2,missing,AV,2,0,1.1318359,-0.46118164,-0.81689453,-1.9487305,-1.134765625,-0.8987630158662797,-0.8987630158662797,0.47798103,0.19382802,0.32819092
466,XyP8bVmGX6M$_$4,missing,AV,2,2,-0.43139648,0.35351562,0.5,0.14648438,0.54248046875,0.4430338591337204,0.4430338591337204,0.4564158,0.28523833,0.2583459
467,XzVapdEr_GY$_$3,missing,AV,2,0,1.4892578,0.29125977,-1.6552734,-3.1445312,-0.9736328125,-0.7698567658662797,-0.7698567658662797,0.5478142,0.21203737,0.24014844
468,XzVapdEr_GY$_$4,missing,AV,2,0,1.7265625,0.04043579,-1.7880859,-3.5146484,-1.2587890625,-0.9979817658662797,-0.9979817658662797,0.54642594,0.20878203,0.24479206
469,Y7h-S3cJ52o$_$0,missing,AV,1,1,-0.19519043,1.8681641,-0.2697754,2.0633545,0.010650634765625,0.01756999194622034,0.01756999194622034,0.4440519,0.2793128,0.27663532
470,Y7qkyMyanjU$_$2,missing,AV,1,1,-0.49780273,2.0019531,0.07739258,1.9245605,0.2626953125,0.21920573413372035,0.21920573413372035,0.43281502,0.25540587,0.31177914
471,Y7qkyMyanjU$_$4,missing,AV,1,1,-0.41064453,1.8056641,0.119262695,1.6864014,0.220703125,0.18561198413372035,0.18561198413372035,0.4199392,0.26340634,0.31665447
472,YbuG8xyUO-o$_$3,missing,AV,1,1,-0.3190918,1.9736328,-0.09033203,2.0639648,0.11572265625,0.10162760913372035,0.10162760913372035,0.43696892,0.25913623,0.30389482
473,YbuG8xyUO-o$_$2,missing,AV,1,1,-0.4296875,1.8417969,0.02709961,1.8146973,0.1878662109375,0.15934245288372034,0.15934245288372034,0.44030708,0.24289519,0.3167977
474,Z7L3V5bwzI0$_$2,missing,AV,2,1,-0.0184021,0.32666016,-0.16955566,-0.49621582,0.1004638671875,0.08942057788372035,0.08942057788372035,0.45289204,0.32243794,0.22467004
475,ZaoFHcbRM9g$_$3,missing,AV,2,1,0.24658203,0.48413086,-0.1661377,-0.65026855,0.15283203125,0.13131510913372035,0.13131510913372035,0.46619952,0.25452313,0.2792774
476,ZaoFHcbRM9g$_$2,missing,AV,1,1,-0.13293457,2.1855469,-0.50097656,2.3184814,-0.04058837890625,-0.023421218991279663,-0.023421218991279663,0.43707263,0.2516983,0.31122905
477,ZaoFHcbRM9g$_$5,missing,AV,1,1,-0.9243164,1.6679688,0.7758789,0.89208984,0.340576171875,0.2815104216337203,0.2815104216337203,0.36839205,0.37789226,0.25371566
478,ZaoFHcbRM9g$_$9,missing,AV,0,1,-0.83447266,1.9726562,0.54003906,-2.807129,0.1580810546875,0.13551432788372034,0.13551432788372034,0.3551947,0.40157503,0.24323031
479,ZaoFHcbRM9g$_$8,missing,AV,0,1,-0.29760742,2.0878906,-0.19897461,-2.385498,0.029144287109375,0.03236491382122034,0.03236491382122034,0.44327164,0.27796644,0.27876192
480,Zvisaa77Cng$_$1,missing,AV,2,0,0.79345703,0.28295898,-0.91503906,-1.7084961,-0.802734375,-0.6331380158662797,-0.6331380158662797,0.4810602,0.2547334,0.26420635
481,Zvisaa77Cng$_$5,missing,AV,2,1,0.43969727,0.93066406,-0.75878906,-1.6894531,-0.318359375,-0.24563801586627967,-0.24563801586627967,0.4751091,0.2198449,0.30504596
482,_7HVhnSYX1Y$_$26,missing,AV,2,1,0.09411621,1.6972656,-0.5488281,-2.2460938,-0.0836181640625,-0.05784504711627966,-0.05784504711627966,0.46950164,0.1914539,0.33904445
483,_7HVhnSYX1Y$_$12,missing,AV,2,1,0.32104492,1.2783203,-0.80810547,-2.0864258,-0.296875,-0.22845051586627968,-0.22845051586627968,0.4673645,0.24810024,0.28453526
484,_7HVhnSYX1Y$_$14,missing,AV,1,1,-0.0072021484,1.7832031,-0.57666016,1.7904053,-0.058502197265625,-0.03775227367877967,-0.03775227367877967,0.47482458,0.20749319,0.3176822
485,_7HVhnSYX1Y$_$19,missing,AV,1,1,0.26293945,1.6064453,-0.6743164,1.3435059,-0.172607421875,-0.12903645336627967,-0.12903645336627967,0.43327963,0.21479185,0.35192853
486,_7HVhnSYX1Y$_$31,missing,AV,2,1,-0.46801758,1.6513672,0.033081055,-1.6182861,0.04022216796875,0.04122721850872034,0.04122721850872034,0.43086752,0.24858822,0.3205443
487,_7HVhnSYX1Y$_$3,missing,AV,1,1,0.66552734,1.2529297,-0.9765625,0.58740234,-0.37060546875,-0.2874348908662797,-0.2874348908662797,0.4678418,0.22974157,0.30241662
488,_BvNNdEkhZA$_$14,missing,AV,0,1,0.029449463,1.8271484,-0.6113281,-1.797699,-0.237548828125,-0.18098957836627969,-0.18098957836627969,0.46441644,0.27052528,0.26505825
489,_BvNNdEkhZA$_$19,missing,AV,2,0,1.1904297,0.6875,-1.7255859,-2.9160156,-1.07421875,-0.8503255158662797,-0.8503255158662797,0.5627537,0.2115348,0.22571152
490,_BvNNdEkhZA$_$7,missing,AV,1,1,0.3630371,1.4677734,-0.9741211,1.1047363,-0.2017822265625,-0.15237629711627967,-0.15237629711627967,0.5175008,0.22834964,0.25414953
491,_BvNNdEkhZA$_$6,missing,AV,0,0,1.8134766,-0.010101318,-1.9335938,1.8235779,-1.552734375,-1.2331380158662797,-1.2331380158662797,0.5820978,0.20133919,0.21656299
492,_BvNNdEkhZA$_$9,missing,AV,1,1,-0.01876831,1.9140625,-0.58251953,1.9328308,-0.166748046875,-0.12434895336627966,-0.12434895336627966,0.5016167,0.26571214,0.23267113
493,_aZDaIfGfPo$_$1,missing,AV,2,0,0.7758789,-0.36108398,-0.62353516,-1.3994141,-0.419921875,-0.3268880158662797,-0.3268880158662797,0.4952939,0.25548068,0.2492255
494,_aZDaIfGfPo$_$0,missing,AV,2,2,-0.5229492,0.41381836,0.61035156,0.1965332,0.6689453125,0.5442057341337203,0.5442057341337203,0.44188476,0.25899127,0.299124
495,_gr7o5ynhnw$_$13,missing,AV,1,0,1.5673828,0.048736572,-2.0429688,-1.5186462,-1.53125,-1.2159505158662798,-1.2159505158662798,0.5823104,0.20282026,0.2148694
496,_gr7o5ynhnw$_$12,missing,AV,2,1,-0.47338867,1.9150391,-0.2692871,-2.1843262,-0.0195770263671875,-0.0066121369600296645,-0.0066121369600296645,0.47866482,0.25755012,0.26378506
497,_gr7o5ynhnw$_$15,missing,AV,2,0,2.1152344,-1.1240234,-1.9951172,-4.1103516,-1.87890625,-1.4940755158662797,-1.4940755158662797,0.5738512,0.18880789,0.23734088
498,_gzYkdjNvPc$_$12,missing,AV,1,1,0.5053711,1.7548828,-1.2246094,1.2495117,-0.337158203125,-0.2606770783662796,-0.2606770783662796,0.48035276,0.20570272,0.31394455
499,_gzYkdjNvPc$_$17,missing,AV,0,1,-0.3112793,1.7470703,-0.5488281,-2.0583496,-0.1492919921875,-0.11038410961627967,-0.11038410961627967,0.41127154,0.31338158,0.27534685
500,_gzYkdjNvPc$_$1,missing,AV,0,1,-0.23986816,1.4033203,-0.48657227,-1.6431885,0.012664794921875,0.019181320071220337,0.019181320071220337,0.45091143,0.31993857,0.22915004
501,_gzYkdjNvPc$_$3,missing,AV,1,1,0.11364746,1.7587891,-0.9189453,1.6451416,-0.274169921875,-0.21028645336627969,-0.21028645336627969,0.45459148,0.23406482,0.31134373
502,_gzYkdjNvPc$_$2,missing,AV,0,1,-0.9711914,1.2451172,0.8105469,-2.2163086,0.658203125,0.5356119841337204,0.5356119841337204,0.4650955,0.22815329,0.3067512
503,_gzYkdjNvPc$_$5,missing,AV,1,1,-0.12646484,1.8837891,-0.7631836,2.010254,-0.186767578125,-0.14036457836627966,-0.14036457836627966,0.43380246,0.2745593,0.29163826
504,_gzYkdjNvPc$_$4,missing,AV,1,1,-0.043121338,1.2685547,-0.7817383,1.311676,-0.1873779296875,-0.14085285961627966,-0.14085285961627966,0.46294966,0.29720095,0.23984939
505,_gzYkdjNvPc$_$6,missing,AV,0,1,-0.035064697,1.4013672,-0.7285156,-1.4364319,-0.1724853515625,-0.12893879711627967,-0.12893879711627967,0.4524269,0.2903776,0.25719556
506,_gzYkdjNvPc$_$9,missing,AV,0,1,0.31152344,1.6640625,-1.0351562,-1.3525391,-0.35498046875,-0.27493489086627965,-0.27493489086627965,0.46146885,0.2244993,0.31403187
507,a-WihYDk6vc$_$8,missing,AV,2,1,0.012664795,0.8642578,-0.3256836,-1.1899414,0.05047607421875,0.04943034350872034,0.04943034350872034,0.42260262,0.31192467,0.26547268
508,a-WihYDk6vc$_$0,missing,AV,2,1,-0.2932129,1.5039062,-0.1685791,-1.6724854,0.19384765625,0.16412760913372035,0.16412760913372035,0.41090548,0.2873312,0.30176336
509,aFhc2ddipoM$_$14,missing,AV,2,1,0.56347656,0.69433594,-0.92529297,-1.6196289,-0.822265625,-0.6487630158662797,-0.6487630158662797,0.44762588,0.2900634,0.2623107
510,aK5tRCXjUvU$_$0,missing,AV,2,1,-0.31054688,0.38500977,0.26342773,-0.12158203,0.6416015625,0.5223307341337203,0.5223307341337203,0.376184,0.27052552,0.3532905
511,b-FX9NOVQOM$_$1,missing,AV,1,1,-0.19909668,1.2431641,0.1104126,1.1327515,0.1776123046875,0.15113932788372034,0.15113932788372034,0.39080408,0.3645539,0.24464197
512,b-FX9NOVQOM$_$4,missing,AV,0,1,-0.16137695,1.2060547,-0.059509277,-1.3674316,0.114013671875,0.10026042163372034,0.10026042163372034,0.39108148,0.37831607,0.23060244
513,b1LEcg6z66g$_$0,missing,AV,0,1,0.36450195,1.1669922,-0.5932617,-0.80249023,-0.1929931640625,-0.14534504711627969,-0.14534504711627969,0.41807652,0.2405784,0.3413451
514,b1LEcg6z66g$_$4,missing,AV,2,0,1.0107422,0.4152832,-1.0712891,-2.0820312,-0.59228515625,-0.46477864086627974,-0.46477864086627974,0.47291702,0.22789451,0.29918846
515,b1LEcg6z66g$_$8,missing,AV,0,1,-0.17236328,1.5654297,-0.3125,-1.737793,-0.029083251953125,-0.014217117428779666,-0.014217117428779666,0.4260832,0.28378317,0.29013363
516,bAkUEnPoucg$_$3,missing,AV,2,0,0.46679688,-0.39379883,-0.21154785,-0.6783447,-0.33447265625,-0.2585286408662797,-0.2585286408662797,0.43625292,0.30244324,0.26130387
517,bNQkb4K5DX0$_$3,missing,AV,1,0,0.7553711,0.5839844,-1.0585938,-0.17138672,-0.49853515625,-0.38977864086627967,-0.38977864086627967,0.4857553,0.2650737,0.249171
518,bNQkb4K5DX0$_$7,missing,AV,2,1,0.27075195,0.65722656,-0.70458984,-1.3618164,-0.259521484375,-0.19856770336627969,-0.19856770336627969,0.46555892,0.290553,0.24388805
519,bWunvAd96zI$_$1,missing,AV,0,1,0.39282227,1.2138672,-0.87841797,-0.8210449,-0.6787109375,-0.5339192658662797,-0.5339192658662797,0.51762474,0.24721494,0.2351603
520,bWunvAd96zI$_$2,missing,AV,0,0,0.8510742,0.26464844,-1.0498047,0.5864258,-0.96533203125,-0.7632161408662798,-0.7632161408662798,0.52230185,0.26619574,0.2115024
521,bWunvAd96zI$_$5,missing,AV,1,1,-0.36572266,1.8818359,-0.09875488,1.9805908,0.08721923828125,0.07882487475872034,0.07882487475872034,0.4719312,0.26136678,0.26670194
522,bWunvAd96zI$_$4,missing,AV,2,1,-0.11767578,1.7646484,-0.40454102,-2.1691895,-0.1578369140625,-0.11722004711627967,-0.11722004711627967,0.4862651,0.28893226,0.22480267
523,bj9e8w4vNxo$_$12,missing,AV,2,0,0.6645508,0.2980957,-0.73095703,-1.3955078,-0.30859375,-0.23782551586627967,-0.23782551586627967,0.43555498,0.26287723,0.30156782
524,bpvYdXVlgvc$_$1,missing,AV,1,1,-0.3474121,1.7011719,-0.0051231384,1.706295,0.0777587890625,0.07125651538372034,0.07125651538372034,0.47724366,0.25823256,0.26452377
525,bpvYdXVlgvc$_$3,missing,AV,0,1,-0.42504883,1.1953125,0.1706543,-1.6203613,0.34716796875,0.2867838591337204,0.2867838591337204,0.4308776,0.37398562,0.19513674
526,bpvYdXVlgvc$_$4,missing,AV,0,1,0.011978149,1.2480469,-0.45288086,-1.2360687,-0.25732421875,-0.19680989086627967,-0.19680989086627967,0.4548762,0.24103758,0.3040862
527,bpvYdXVlgvc$_$6,missing,AV,0,0,1.5361328,-0.14685059,-1.5429688,1.6829834,-1.3056640625,-1.0354817658662798,-1.0354817658662798,0.5568412,0.21816364,0.22499521
528,c1a1y9ytHH0$_$0,missing,AV,1,0,0.8305664,0.33813477,-0.8696289,-0.49243164,-0.5205078125,-0.40735676586627967,-0.40735676586627967,0.46437955,0.24217385,0.2934466
529,c1a1y9ytHH0$_$3,missing,AV,1,0,0.49267578,0.35473633,-0.41723633,-0.13793945,-0.207763671875,-0.15716145336627968,-0.15716145336627968,0.45051193,0.28635907,0.26312903
530,c1a1y9ytHH0$_$7,missing,AV,2,1,0.16967773,0.9628906,-0.23571777,-1.1986084,0.0697021484375,0.06481120288372033,0.06481120288372033,0.4226285,0.2683771,0.30899438
531,c5cB7AfVgcE$_$12,missing,AV,2,1,0.39135742,0.55908203,-0.48217773,-1.0412598,-0.11083984375,-0.07962239086627967,-0.07962239086627967,0.39083818,0.29556572,0.31359613
532,c5cB7AfVgcE$_$5,missing,AV,0,0,0.9008789,0.06210327,-0.9370117,0.83877563,-0.58056640625,-0.4554036408662797,-0.4554036408662797,0.42106417,0.29417536,0.28476042
533,d8BR6hsvzoY$_$1,missing,AV,1,1,0.6855469,1.5703125,-1.2158203,0.8847656,-0.45556640625,-0.35540364086627974,-0.35540364086627974,0.48361963,0.23067333,0.28570706
534,d8BR6hsvzoY$_$0,missing,AV,1,1,-0.20837402,1.7919922,-0.15856934,1.9505615,0.11260986328125,0.09913737475872034,0.09913737475872034,0.4232775,0.26850355,0.30821896
535,d8BR6hsvzoY$_$2,missing,AV,1,1,0.052886963,1.9775391,-0.5258789,1.9246521,-0.06048583984375,-0.03933918774127967,-0.03933918774127967,0.48103538,0.20252228,0.31644234
536,d8BR6hsvzoY$_$5,missing,AV,1,1,0.19885254,1.7060547,-0.54248047,1.5072021,-0.1116943359375,-0.08030598461627966,-0.08030598461627966,0.4342037,0.2358402,0.32995608
537,d8BR6hsvzoY$_$6,missing,AV,1,1,0.19848633,1.7998047,-0.6958008,1.6013184,-0.035614013671875,-0.019441726803779664,-0.019441726803779664,0.42474392,0.2698892,0.30536687
538,d8BR6hsvzoY$_$9,missing,AV,1,1,0.13183594,1.6445312,-0.7290039,1.5126953,-0.26806640625,-0.20540364086627969,-0.20540364086627969,0.40270987,0.31574675,0.28154337
539,d8BR6hsvzoY$_$8,missing,AV,0,0,1.7265625,0.1361084,-2.0390625,1.5904541,-1.41015625,-1.1190755158662797,-1.1190755158662797,0.52908057,0.19601639,0.27490306
540,dBWvtPeHpWM$_$4,missing,AV,2,1,-0.4958496,0.97753906,0.21398926,-0.7635498,0.46435546875,0.3805338591337204,0.3805338591337204,0.4982349,0.19597495,0.3057902
541,dEDbm2ubVRQ$_$0,missing,AV,1,1,-0.10620117,1.2666016,-0.21362305,1.3728027,0.054840087890625,0.05292155444622034,0.05292155444622034,0.43271112,0.20950396,0.3577849
542,dEDbm2ubVRQ$_$3,missing,AV,0,0,0.9135742,-0.28076172,-0.93310547,1.1943359,-1.10546875,-0.8753255158662797,-0.8753255158662797,0.5108595,0.2458501,0.24329051
543,dEDbm2ubVRQ$_$8,missing,AV,2,1,-0.1772461,1.5224609,-0.27978516,-1.8022461,-0.151123046875,-0.11184895336627967,-0.11184895336627967,0.48444217,0.22257,0.29298782
544,dt641WxonBI$_$1,missing,AV,2,1,-0.30786133,0.98339844,0.21813965,-0.7652588,0.1624755859375,0.13902995288372033,0.13902995288372033,0.47156835,0.28904042,0.23939125
545,dt641WxonBI$_$3,missing,AV,1,1,-0.18762207,1.0400391,0.097473145,0.9425659,-0.0516357421875,-0.03225910961627967,-0.03225910961627967,0.406817,0.37764433,0.21553868
546,eOiC1kb17P4$_$0,missing,AV,2,0,1.7939453,-1.3027344,-1.4482422,-3.2421875,-1.830078125,-1.4550130158662797,-1.4550130158662797,0.56102943,0.23417474,0.20479582
547,erNDEjQeox8$_$12,missing,AV,2,0,1.8876953,-0.6352539,-1.6835938,-3.571289,-1.462890625,-1.1612630158662798,-1.1612630158662798,0.48496315,0.20358151,0.3114553
548,ewBrNsyY82Q$_$4,missing,AV,1,1,0.70996094,0.96240234,-1.2597656,0.2524414,-0.5703125,-0.44720051586627974,-0.44720051586627974,0.48672637,0.25387007,0.25940353
549,fWOIAxzBQFY$_$12,missing,AV,1,1,-0.23596191,1.3730469,-0.15698242,1.5300293,0.184326171875,0.15651042163372034,0.15651042163372034,0.44429776,0.34463647,0.21106577
550,fWOIAxzBQFY$_$5,missing,AV,2,2,-1.1611328,1.2158203,1.2578125,0.041992188,0.7802734375,0.6332682341337204,0.6332682341337204,0.38959157,0.39856994,0.21183845
551,fWOIAxzBQFY$_$7,missing,AV,2,1,-0.19226074,1.2558594,-0.25805664,-1.513916,-0.0048980712890625,0.005131027102470337,0.005131027102470337,0.47424048,0.301939,0.22382052
552,f_ZJ7L14oYQ$_$11,missing,AV,2,0,1.2939453,0.20690918,-1.6533203,-2.9472656,-1.080078125,-0.8550130158662798,-0.8550130158662798,0.55706906,0.21247451,0.23045644
553,f_ZJ7L14oYQ$_$27,missing,AV,2,0,1.0556641,0.27172852,-1.4150391,-2.4707031,-0.63330078125,-0.49759114086627976,-0.49759114086627976,0.4780284,0.28826758,0.23370402
554,f_ZJ7L14oYQ$_$21,missing,AV,0,0,0.8022461,0.46679688,-1.1601562,0.33544922,-0.76953125,-0.6065755158662798,-0.6065755158662798,0.4932345,0.2291214,0.27764413
555,f_ZJ7L14oYQ$_$17,missing,AV,0,1,0.5722656,0.625,-1.0585938,-0.052734375,-0.60595703125,-0.47571614086627967,-0.47571614086627967,0.5105519,0.25180325,0.23764479
556,f_ZJ7L14oYQ$_$9,missing,AV,0,0,1.5478516,-0.20080566,-1.8476562,1.7486572,-1.357421875,-1.0768880158662797,-1.0768880158662797,0.55961937,0.21434614,0.22603452
557,f_ZJ7L14oYQ$_$8,missing,AV,2,1,0.4885254,0.77246094,-1.1386719,-1.9111328,-0.64111328125,-0.5038411408662797,-0.5038411408662797,0.5116954,0.25596696,0.23233767
558,ffrJ91swyq0$_$1,missing,AV,2,0,1.6582031,-0.59277344,-1.6787109,-3.336914,-1.52734375,-1.2128255158662797,-1.2128255158662797,0.51651275,0.22962888,0.25385845
559,g8Cl74tS3oY$_$2,missing,AV,0,0,0.59814453,0.4951172,-0.77978516,0.103027344,-0.673828125,-0.5300130158662797,-0.5300130158662797,0.45661858,0.2450068,0.29837462
560,g8Cl74tS3oY$_$6,missing,AV,2,0,0.92041016,0.1159668,-1.1171875,-2.0375977,-0.96875,-0.7659505158662797,-0.7659505158662797,0.4390969,0.23932701,0.32157612
561,gR4gM_WXesQ$_$10,missing,AV,1,1,-0.25097656,0.79052734,0.20703125,0.5834961,0.060546875,0.05748698413372034,0.05748698413372034,0.43185294,0.22697386,0.3411732
562,gR4gM_WXesQ$_$26,missing,AV,0,1,0.7290039,1.1123047,-1.1181641,-0.38330078,-0.87890625,-0.6940755158662797,-0.6940755158662797,0.44403145,0.20298468,0.3529839
563,gR4gM_WXesQ$_$20,missing,AV,2,0,0.8676758,0.0073547363,-0.70166016,-1.5693359,-0.74365234375,-0.5858723908662797,-0.5858723908662797,0.48831397,0.20779975,0.30388626
564,gR4gM_WXesQ$_$24,missing,AV,1,1,-0.016326904,2.1660156,-0.5175781,2.1823425,-0.0516357421875,-0.03225910961627967,-0.03225910961627967,0.43882188,0.23887454,0.3223036
565,gR4gM_WXesQ$_$18,missing,AV,0,0,1.4472656,0.18981934,-1.4306641,1.2574463,-1.25390625,-0.9940755158662797,-0.9940755158662797,0.48455492,0.18384662,0.3315985
566,gR4gM_WXesQ$_$3,missing,AV,0,0,0.8198242,0.7578125,-0.87646484,0.06201172,-0.5439453125,-0.4261067658662797,-0.4261067658662797,0.46994263,0.2265801,0.30347732
567,gR4gM_WXesQ$_$4,missing,AV,2,1,0.31054688,0.8779297,-0.42797852,-1.3059082,-0.28076171875,-0.21555989086627966,-0.21555989086627966,0.49001166,0.1888349,0.32115343
568,gR4gM_WXesQ$_$8,missing,AV,2,1,0.4416504,1.4228516,-0.6069336,-2.0297852,-0.116455078125,-0.08411457836627967,-0.08411457836627967,0.46292123,0.19846274,0.338616
569,gVqs4TzqySw$_$1,missing,AV,2,0,0.8227539,-0.32788086,-0.86376953,-1.6865234,-0.7236328125,-0.5698567658662798,-0.5698567658662798,0.4172781,0.33413315,0.24858877
570,gVqs4TzqySw$_$3,missing,AV,1,1,-0.06286621,1.4667969,-0.33203125,1.5296631,0.111572265625,0.09830729663372034,0.09830729663372034,0.41668257,0.291896,0.29142147
571,gVqs4TzqySw$_$2,missing,AV,2,1,-0.46655273,0.83203125,0.33862305,-0.4934082,0.3779296875,0.31139323413372033,0.31139323413372033,0.37774378,0.36134812,0.26090807
572,gVqs4TzqySw$_$4,missing,AV,1,1,-0.38671875,1.4277344,0.033691406,1.394043,0.222900390625,0.18736979663372036,0.18736979663372036,0.3401073,0.38205642,0.27783632
573,goMtnNHQ_z4$_$1,missing,AV,2,1,0.15966797,0.88183594,-0.44702148,-1.3288574,-0.314453125,-0.24251301586627969,-0.24251301586627969,0.4603183,0.20082232,0.3388594
574,goMtnNHQ_z4$_$2,missing,AV,2,0,0.48901367,0.2602539,-0.48413086,-0.97314453,-0.4072265625,-0.3167317658662797,-0.3167317658662797,0.4924724,0.20768248,0.2998451
575,goMtnNHQ_z4$_$13,missing,AV,2,1,0.53466797,1.03125,-1.1337891,-2.165039,-0.374755859375,-0.2907552033662797,-0.2907552033662797,0.4675283,0.28167763,0.25079408
576,goMtnNHQ_z4$_$12,missing,AV,1,0,0.6533203,0.44360352,-0.86865234,-0.2097168,-0.3251953125,-0.25110676586627967,-0.25110676586627967,0.47359613,0.23794487,0.28845897
577,hqzF4IDaIYE$_$0,missing,AV,0,2,-0.25561523,0.29663086,0.6333008,-0.888916,0.68359375,0.5559244841337203,0.5559244841337203,0.39034334,0.3146075,0.29504913
578,hqzF4IDaIYE$_$3,missing,AV,2,0,1.1894531,-0.37329102,-1.3642578,-2.553711,-1.158203125,-0.9175130158662798,-0.9175130158662798,0.45684808,0.28056034,0.2625915
579,hqzF4IDaIYE$_$2,missing,AV,2,0,1.0498047,-0.11071777,-1.1748047,-2.2246094,-0.9765625,-0.7722005158662797,-0.7722005158662797,0.46889585,0.2815206,0.24958359
580,hqzF4IDaIYE$_$4,missing,AV,1,1,-0.69384766,1.2099609,0.5854492,0.6245117,0.53125,0.43404948413372035,0.43404948413372035,0.38442162,0.34905517,0.2665232
581,hqzF4IDaIYE$_$6,missing,AV,2,2,-0.97998047,0.7402344,1.2099609,0.46972656,0.8818359375,0.7145182341337204,0.7145182341337204,0.35095862,0.38231465,0.26672676
582,hvfaYsv7p8E$_$0,missing,AV,0,1,0.11779785,0.8911133,-0.36376953,-0.7733154,-0.002655029296875,0.006925460696220336,0.006925460696220336,0.45369098,0.20072721,0.34558183
583,iUXqlrui25c$_$10,missing,AV,0,1,0.25854492,1.0615234,-0.6928711,-0.8029785,-0.308349609375,-0.23763020336627969,-0.23763020336627969,0.4708721,0.25298747,0.27614045
584,iUXqlrui25c$_$21,missing,AV,1,1,0.16760254,1.5087891,-0.75146484,1.3411865,-0.373291015625,-0.28958332836627965,-0.28958332836627965,0.48333076,0.21608578,0.3005834
585,iUXqlrui25c$_$23,missing,AV,1,1,-0.6171875,1.59375,0.20593262,1.3878174,0.220703125,0.18561198413372035,0.18561198413372035,0.4151411,0.3013604,0.28349844
586,icbUzboLcDQ$_$0,missing,AV,2,1,-0.13562012,0.80615234,-0.20690918,-1.0130615,0.27880859375,0.23209635913372034,0.23209635913372034,0.44446647,0.30588806,0.24964543
587,ioupaiAuRr0$_$5,missing,AV,2,0,1.7431641,-0.07116699,-1.8427734,-3.5859375,-1.548828125,-1.2300130158662799,-1.2300130158662799,0.52742225,0.23216233,0.24041548
588,ioupaiAuRr0$_$4,missing,AV,1,0,1.7431641,-0.095581055,-1.8310547,-1.8387451,-1.658203125,-1.3175130158662798,-1.3175130158662798,0.519172,0.23488934,0.24593864
589,jICmfLeFymA$_$16,missing,AV,2,2,-0.58251953,0.017028809,1.0712891,1.0542603,1.173828125,0.9481119841337203,0.9481119841337203,0.3557012,0.28683153,0.35746723
590,jPrEKz1rAno$_$11,missing,AV,1,1,0.21691895,1.6914062,-0.62158203,1.4744873,0.0430908203125,0.04352214038372034,0.04352214038372034,0.44064227,0.26658773,0.29277003
591,jPrEKz1rAno$_$7,missing,AV,1,0,0.5805664,0.40893555,-0.8413086,-0.17163086,-0.32275390625,-0.2491536408662797,-0.2491536408662797,0.42005834,0.34191644,0.2380252
592,jPrEKz1rAno$_$6,missing,AV,1,1,0.58154297,0.76953125,-0.9658203,0.18798828,-0.1806640625,-0.13548176586627966,-0.13548176586627966,0.42351785,0.3238602,0.25262195
593,k5ZOshC2LP4$_$1,missing,AV,1,1,0.026672363,0.546875,-0.1796875,0.52020264,-0.007106781005859375,0.0033640593290328365,0.0033640593290328365,0.49928474,0.2936484,0.20706683
594,kbGhEJ4W44o$_$0,missing,AV,0,2,-0.11242676,0.05230713,0.36572266,-0.4781494,0.451171875,0.36998698413372033,0.36998698413372033,0.43981194,0.33389604,0.226292
595,kfsO4c0Ekes$_$7,missing,AV,2,0,1.1005859,0.47265625,-1.4267578,-2.5273438,-0.884765625,-0.6987630158662798,-0.6987630158662798,0.4650485,0.2696185,0.265333
596,kvUb78Rdzdc$_$3,missing,AV,2,0,2.2441406,-0.9350586,-2.2265625,-4.470703,-1.939453125,-1.5425130158662799,-1.5425130158662799,0.575832,0.20376213,0.22040586
597,lO87-4Kf0cQ$_$2,missing,AV,1,1,0.18408203,1.2001953,-0.5961914,1.0161133,-0.25146484375,-0.19212239086627966,-0.19212239086627966,0.4260471,0.22321701,0.35073587
598,lO87-4Kf0cQ$_$5,missing,AV,1,0,0.8955078,0.68847656,-1.2900391,-0.20703125,-0.8017578125,-0.6323567658662798,-0.6323567658662798,0.4651084,0.22171807,0.31317356
599,lWf5hHRHIDs$_$11,missing,AV,2,1,-0.38720703,0.9658203,0.2783203,-0.6875,0.400390625,0.3293619841337203,0.3293619841337203,0.44786936,0.22024223,0.33188835
600,lawHYX5eB20$_$1,missing,AV,0,1,0.1817627,1.9345703,-0.6845703,-1.7528076,-0.191650390625,-0.14427082836627966,-0.14427082836627966,0.449352,0.19884564,0.3518023
601,lawHYX5eB20$_$2,missing,AV,1,1,0.8227539,1.1005859,-1.1181641,0.27783203,-0.402099609375,-0.31263020336627967,-0.31263020336627967,0.4674589,0.21487322,0.31766787
602,mHGaQ_nv9UY$_$13,missing,AV,1,0,2.0117188,-0.6147461,-1.8701172,-2.6264648,-1.58984375,-1.2628255158662798,-1.2628255158662798,0.53770757,0.23724131,0.22505112
603,mHGaQ_nv9UY$_$14,missing,AV,2,1,0.7675781,0.9580078,-1.2353516,-2.1933594,-0.481201171875,-0.37591145336627974,-0.37591145336627974,0.48404735,0.27364835,0.24230428
604,mHGaQ_nv9UY$_$17,missing,AV,1,0,0.89941406,0.5756836,-1.1113281,-0.32373047,-0.485595703125,-0.37942707836627965,-0.37942707836627965,0.49908245,0.27067885,0.23023872
605,mHGaQ_nv9UY$_$22,missing,AV,0,0,2.109375,-0.9814453,-1.9599609,3.0908203,-1.80859375,-1.4378255158662798,-1.4378255158662798,0.5531542,0.22706865,0.21977715
606,mHGaQ_nv9UY$_$5,missing,AV,0,0,1.6240234,-0.07067871,-1.7353516,1.6947021,-1.5322265625,-1.2167317658662797,-1.2167317658662797,0.5356596,0.225708,0.23863237
607,mHGaQ_nv9UY$_$4,missing,AV,0,1,0.59814453,0.9169922,-0.96533203,-0.31884766,-0.285400390625,-0.21927082836627967,-0.21927082836627967,0.47474244,0.2978251,0.2274325
608,mLW-jn67gRE$_$20,missing,AV,2,0,1.0634766,0.30126953,-1.3447266,-2.4082031,-0.8271484375,-0.6526692658662797,-0.6526692658662797,0.5324547,0.24592903,0.22161624
609,mLW-jn67gRE$_$17,missing,AV,2,0,1.2763672,0.07397461,-1.5507812,-2.8271484,-1.025390625,-0.8112630158662797,-0.8112630158662797,0.5773436,0.2007632,0.22189318
610,mLW-jn67gRE$_$1,missing,AV,1,1,-0.44604492,1.9482422,-0.13903809,2.0872803,0.04443359375,0.044596359133720335,0.044596359133720335,0.5093837,0.20686631,0.28375
611,mLW-jn67gRE$_$3,missing,AV,1,1,0.21838379,1.6142578,-1.0351562,1.395874,-0.226806640625,-0.17239582836627967,-0.17239582836627967,0.53929704,0.23692916,0.22377373
612,mLW-jn67gRE$_$5,missing,AV,1,1,0.3569336,1.4003906,-0.9838867,1.043457,-0.329833984375,-0.2548177033662796,-0.2548177033662796,0.55790395,0.20477635,0.23731972
613,mLW-jn67gRE$_$6,missing,AV,0,0,1.0693359,0.50634766,-1.5195312,0.5629883,-0.939453125,-0.7425130158662797,-0.7425130158662797,0.5493501,0.23131417,0.21933581
614,mLW-jn67gRE$_$9,missing,AV,1,1,-0.42797852,2.0429688,-0.1850586,2.2280273,0.03582763671875,0.03771159350872034,0.03771159350872034,0.5022238,0.24577004,0.25200614
615,mjpCK2Edsv8$_$0,missing,AV,2,0,0.9848633,-0.33251953,-0.9301758,-1.9150391,-0.5634765625,-0.4417317658662797,-0.4417317658662797,0.49239114,0.25810143,0.24950747
616,nUZYqTRSGDw$_$4,missing,AV,0,1,-0.36669922,0.9863281,0.3137207,-1.3530273,0.233642578125,0.19596354663372034,0.19596354663372034,0.37435567,0.32139608,0.30424827
617,nyzIL6YAonY$_$5,missing,AV,2,1,-0.24035645,1.9931641,-0.33764648,-2.3308105,0.006805419921875,0.014493820071220336,0.014493820071220336,0.5081296,0.22181496,0.27005547
618,nyzIL6YAonY$_$6,missing,AV,2,0,1.5224609,-0.091552734,-1.7431641,-3.265625,-1.4921875,-1.1847005158662798,-1.1847005158662798,0.62224275,0.16237105,0.21538617
619,ooAF6I-fmTg$_$3,missing,AV,0,1,0.6425781,0.7836914,-1.0146484,-0.14111328,-0.775390625,-0.6112630158662797,-0.6112630158662797,0.5139634,0.26498386,0.22105269
620,ooAF6I-fmTg$_$5,missing,AV,0,1,-0.07019043,1.6533203,-0.49365234,-1.7235107,0.06365966796875,0.05997721850872034,0.05997721850872034,0.47963476,0.26759216,0.25277308
621,ooAF6I-fmTg$_$7,missing,AV,0,0,0.7133789,0.61376953,-1.0458984,0.099609375,-0.69921875,-0.5503255158662798,-0.5503255158662798,0.5134757,0.22957343,0.2569508
622,pOrk7fl1AYo$_$1,missing,AV,1,1,-0.16601562,1.0273438,-0.27905273,1.1933594,-0.0166778564453125,-0.0042928010225296645,-0.0042928010225296645,0.42607975,0.30444297,0.26947728
623,pOrk7fl1AYo$_$3,missing,AV,2,1,-0.04421997,0.7578125,-0.22290039,-0.9807129,-0.01483154296875,-0.0028157502412796635,-0.0028157502412796635,0.37397113,0.36407778,0.26195106
624,pOrk7fl1AYo$_$2,missing,AV,0,1,0.39282227,0.64453125,-0.5576172,-0.25170898,-0.5810546875,-0.4557942658662797,-0.4557942658662797,0.44307446,0.2082293,0.34869623
625,pOrk7fl1AYo$_$4,missing,AV,0,1,-0.29956055,1.7041016,-0.13342285,-2.003662,0.07586669921875,0.06974284350872034,0.06974284350872034,0.42338163,0.31939486,0.2572235
626,q9yDL81QppI$_$1,missing,AV,1,1,0.7919922,1.4453125,-1.3642578,0.6533203,-0.40087890625,-0.31165364086627967,-0.31165364086627967,0.5089694,0.23331717,0.2577134
627,q9yDL81QppI$_$0,missing,AV,1,1,0.058258057,1.5283203,-0.6425781,1.4700623,0.152099609375,0.13072917163372033,0.13072917163372033,0.43469912,0.33338064,0.23192024
628,q9yDL81QppI$_$2,missing,AV,1,1,0.35473633,1.4990234,-1.0517578,1.1442871,-0.010498046875,0.0006510466337203372,0.0006510466337203372,0.46909502,0.26674,0.26416504
629,qK77ZmbqmOM$_$9,missing,AV,1,1,0.5444336,1.1328125,-1.1220703,0.5883789,-0.9619140625,-0.7604817658662797,-0.7604817658662797,0.4858165,0.22741376,0.2867698
630,qK77ZmbqmOM$_$0,missing,AV,1,0,1.5175781,-0.31323242,-1.6767578,-1.8308105,-1.61328125,-1.2815755158662798,-1.2815755158662798,0.47932085,0.19738741,0.32329175
631,qY1sXq-YCHs$_$8,missing,AV,0,1,0.4338379,1.5146484,-0.9897461,-1.0808105,-0.432861328125,-0.3372395783662797,-0.3372395783662797,0.47706154,0.24899803,0.2739404
632,qmMSumMloAs$_$1,missing,AV,2,0,1.5537109,-0.21472168,-1.7880859,-3.3417969,-1.6015625,-1.2722005158662797,-1.2722005158662797,0.48336488,0.21417731,0.3024578
633,qmMSumMloAs$_$3,missing,AV,2,1,0.3076172,1.6572266,-0.9741211,-2.6313477,-0.20751953125,-0.15696614086627966,-0.15696614086627966,0.43060488,0.22846459,0.34093055
634,qmMSumMloAs$_$2,missing,AV,2,0,1.6923828,-0.06359863,-2.1054688,-3.7978516,-1.6669921875,-1.3245442658662798,-1.3245442658662798,0.499331,0.18495165,0.3157173
635,r13W4H8ZhqI$_$12,missing,AV,1,0,0.45751953,0.37451172,-0.79345703,-0.08300781,-0.50537109375,-0.3952473908662797,-0.3952473908662797,0.47871247,0.31195065,0.20933689
636,r13W4H8ZhqI$_$1,missing,AV,2,0,1.5205078,-0.7163086,-1.4628906,-2.9833984,-1.36328125,-1.0815755158662796,-1.0815755158662796,0.52037233,0.27554795,0.20407976
637,r13W4H8ZhqI$_$5,missing,AV,1,1,-0.03378296,1.6972656,-0.52734375,1.7310486,-0.2215576171875,-0.16819660961627966,-0.16819660961627966,0.48043284,0.21373071,0.30583644
638,r13W4H8ZhqI$_$8,missing,AV,2,0,1.1494141,0.38867188,-1.4541016,-2.6035156,-0.8408203125,-0.6636067658662798,-0.6636067658662798,0.51573116,0.27025092,0.21401796
639,r5ijC2W9ddk$_$8,missing,AV,2,1,0.11450195,0.37426758,-0.33544922,-0.7097168,-0.079833984375,-0.05481770336627967,-0.05481770336627967,0.49111992,0.28699392,0.22188613
640,r5ijC2W9ddk$_$0,missing,AV,1,1,-0.73583984,1.4082031,0.32543945,1.0827637,0.330078125,0.2731119841337204,0.2731119841337204,0.4262301,0.33264166,0.24112825
641,r9tgDqXEcuc$_$4,missing,AV,1,1,0.3701172,1.2441406,-0.69189453,0.87402344,-0.1009521484375,-0.07171223461627967,-0.07171223461627967,0.48476246,0.22077708,0.29446045
642,rf0yDSeVEUA$_$1,missing,AV,2,0,1.4111328,-0.9013672,-0.8847656,-2.2958984,-1.140625,-0.9034505158662798,-0.9034505158662798,0.52581245,0.19080773,0.28337988
643,rf0yDSeVEUA$_$0,missing,AV,2,1,0.4033203,0.84765625,-0.6777344,-1.5253906,-0.251220703125,-0.19192707836627967,-0.19192707836627967,0.4969023,0.20331152,0.29978618
644,rf0yDSeVEUA$_$3,missing,AV,2,0,1.3378906,-0.7949219,-0.7871094,-2.125,-0.9921875,-0.7847005158662798,-0.7847005158662798,0.50922513,0.22944915,0.26132566
645,rojyUp4FPSg$_$26,missing,AV,2,0,1.6806641,-0.91796875,-1.1503906,-2.8310547,-1.4091796875,-1.1182942658662798,-1.1182942658662798,0.5306691,0.18216826,0.28716263
646,rojyUp4FPSg$_$20,missing,AV,2,0,0.78564453,-0.039398193,-0.72021484,-1.5058594,-0.57568359375,-0.4514973908662797,-0.4514973908662797,0.5011578,0.16471899,0.33412322
647,rojyUp4FPSg$_$21,missing,AV,2,1,-0.71435547,1.2617188,0.69873047,-0.5629883,0.57373046875,0.4680338591337203,0.4680338591337203,0.45102602,0.19185862,0.3571154
648,rojyUp4FPSg$_$23,missing,AV,2,1,-0.5595703,1.6025391,0.33642578,-1.2661133,0.42236328125,0.3469401091337203,0.3469401091337203,0.45875248,0.18185994,0.35938755
649,rojyUp4FPSg$_$5,missing,AV,1,0,0.99072266,0.12451172,-0.9980469,-0.86621094,-0.62353515625,-0.48977864086627965,-0.48977864086627965,0.49242792,0.14677228,0.3607998
650,rojyUp4FPSg$_$7,missing,AV,2,0,2.0722656,-1.2255859,-1.5888672,-3.6611328,-1.7490234375,-1.3901692658662799,-1.3901692658662799,0.55567104,0.17365788,0.27067107
651,rojyUp4FPSg$_$9,missing,AV,0,0,0.49780273,0.07080078,-0.32421875,0.42700195,-0.1943359375,-0.14641926586627968,-0.14641926586627968,0.48710316,0.16826177,0.3446351
652,rojyUp4FPSg$_$10,missing,AV,2,2,-0.6411133,0.6958008,0.70947266,0.013671875,0.76611328125,0.6219401091337203,0.6219401091337203,0.41435915,0.19730233,0.3883385
653,rojyUp4FPSg$_$12,missing,AV,2,1,-0.32983398,1.7021484,-0.18786621,-1.8900146,0.20849609375,0.17584635913372035,0.17584635913372035,0.47160524,0.19248764,0.3359071
654,rojyUp4FPSg$_$16,missing,AV,2,1,-0.23449707,1.5332031,-0.088134766,-1.6213379,0.36376953125,0.3000651091337203,0.3000651091337203,0.4744377,0.19934534,0.32621697
655,rojyUp4FPSg$_$18,missing,AV,2,1,0.12927246,0.38623047,-0.14758301,-0.5338135,-0.047149658203125,-0.028670242428779663,-0.028670242428779663,0.42572182,0.14684342,0.4274347
656,rojyUp4FPSg$_$37,missing,AV,2,1,0.25952148,1.15625,-0.5727539,-1.7290039,-0.038177490234375,-0.021492508053779665,-0.021492508053779665,0.5102939,0.18192936,0.30777675
657,rojyUp4FPSg$_$36,missing,AV,2,1,-0.42700195,1.5810547,0.28857422,-1.2924805,0.312255859375,0.2588541716337204,0.2588541716337204,0.4138576,0.20210095,0.38404146
658,rojyUp4FPSg$_$34,missing,AV,2,0,1.0878906,0.0032043457,-1.0019531,-2.0898438,-0.84765625,-0.6690755158662798,-0.6690755158662798,0.52016854,0.1451754,0.33465606
659,rojyUp4FPSg$_$32,missing,AV,2,1,-0.40527344,1.8994141,0.09448242,-1.8049316,0.3330078125,0.2754557341337204,0.2754557341337204,0.44553885,0.18728058,0.3671806
660,rwNlqh0k1j4$_$15,missing,AV,2,0,2.1191406,-1.0263672,-2.1210938,-4.2402344,-2.169921875,-1.7268880158662798,-1.7268880158662798,0.59330016,0.16591223,0.24078761
661,rwNlqh0k1j4$_$3,missing,AV,0,1,0.35913086,1.4580078,-0.66064453,-1.098877,-0.1131591796875,-0.08147785961627967,-0.08147785961627967,0.43520677,0.24109077,0.32370242
662,rwNlqh0k1j4$_$2,missing,AV,2,0,0.9868164,0.6279297,-1.3935547,-2.380371,-0.7958984375,-0.6276692658662797,-0.6276692658662797,0.5032006,0.21069075,0.28610864
663,rwNlqh0k1j4$_$7,missing,AV,0,0,1.6669922,-0.46020508,-1.8251953,2.1271973,-1.76953125,-1.4065755158662798,-1.4065755158662798,0.5214285,0.17723118,0.30134028
664,sC16n1k66io$_$2,missing,AV,2,0,1.3466797,0.21496582,-1.5214844,-2.868164,-0.9287109375,-0.7339192658662798,-0.7339192658662798,0.47601357,0.21539879,0.30858764
665,sC16n1k66io$_$16,missing,AV,2,1,0.057769775,1.7783203,-0.63671875,-2.415039,0.047119140625,0.04674479663372034,0.04674479663372034,0.46885154,0.19141367,0.3397348
666,sPremsknoLM$_$1,missing,AV,1,1,-0.71777344,1.5791016,0.65234375,0.9267578,0.2362060546875,0.19801432788372034,0.19801432788372034,0.3479794,0.38050637,0.2715143
667,ssqiwP19JhM$_$10,missing,AV,0,0,0.96240234,0.25952148,-0.8588867,0.70288086,-0.5732421875,-0.4495442658662797,-0.4495442658662797,0.48379624,0.2136026,0.3026012
668,ssqiwP19JhM$_$2,missing,AV,1,1,0.06530762,0.78808594,0.080566406,0.70751953,0.37744140625,0.31100260913372035,0.31100260913372035,0.4328971,0.19088443,0.37621847
669,szic2IB9HB4$_$5,missing,AV,0,1,0.027557373,1.5039062,-0.5107422,-1.4763489,-0.224365234375,-0.17044270336627967,-0.17044270336627967,0.45068076,0.2689308,0.28038844
670,tQ-CIfgj-Js$_$3,missing,AV,1,0,1.7626953,-0.29907227,-1.3662109,-2.0617676,-1.09765625,-0.8690755158662797,-0.8690755158662797,0.56822896,0.14974742,0.28202364
671,tXQpm-nKxNA$_$5,missing,AV,2,1,-0.2244873,0.9248047,0.041748047,-0.88305664,0.255859375,0.21373698413372036,0.21373698413372036,0.44364643,0.21738023,0.33897337
672,tXQpm-nKxNA$_$7,missing,AV,2,1,0.10180664,0.16674805,0.030578613,-0.13616943,0.1844482421875,0.15660807788372033,0.15660807788372033,0.4413319,0.26989767,0.28877044
673,uacdDoBtT1k$_$0,missing,AV,0,0,1.8134766,-0.5415039,-1.703125,2.3549805,-1.3642578125,-1.0823567658662798,-1.0823567658662798,0.52496123,0.21159197,0.2634468
674,uacdDoBtT1k$_$6,missing,AV,0,0,1.4677734,0.39892578,-1.546875,1.0688477,-0.91845703125,-0.7257161408662798,-0.7257161408662798,0.5076206,0.20680335,0.28557613
675,unNY4zIk8MM$_$1,missing,AV,2,1,0.18359375,1.1865234,-0.43798828,-1.6245117,-0.05657958984375,-0.036214187741279665,-0.036214187741279665,0.4333272,0.31961173,0.2470611
676,unNY4zIk8MM$_$3,missing,AV,2,1,-0.40356445,2.1367188,0.019165039,-2.1175537,0.1536865234375,0.13199870288372034,0.13199870288372034,0.41233078,0.28258592,0.30508327
677,unNY4zIk8MM$_$5,missing,AV,2,1,0.15893555,1.5322266,-0.42626953,-1.9584961,-0.061065673828125,-0.03980305492877967,-0.03980305492877967,0.45613754,0.25158647,0.292276
678,unNY4zIk8MM$_$8,missing,AV,1,1,0.088012695,0.91308594,-0.3022461,0.82507324,-0.1868896484375,-0.14046223461627966,-0.14046223461627966,0.36754975,0.2724242,0.36002603
679,uooIiW6dEyg$_$1,missing,AV,0,1,-0.47094727,1.2685547,0.38842773,-1.739502,0.48193359375,0.3945963591337204,0.3945963591337204,0.40359956,0.3386649,0.25773558
680,uooIiW6dEyg$_$5,missing,AV,2,0,0.5527344,0.3713379,-0.7636719,-1.3164062,-0.44091796875,-0.34368489086627974,-0.34368489086627974,0.4437177,0.34514025,0.21114205
681,v2Rr-EsJda8$_$0,missing,AV,1,1,-0.69970703,2.03125,0.40112305,1.630127,0.26904296875,0.22428385913372034,0.22428385913372034,0.40495715,0.33534348,0.25969943
682,v2Rr-EsJda8$_$6,missing,AV,2,1,-0.65527344,1.8330078,0.38232422,-1.4506836,0.256591796875,0.21432292163372035,0.21432292163372035,0.441513,0.2748553,0.28363177
683,v9gjg7TDlTA$_$0,missing,AV,0,1,0.6171875,1.0751953,-0.8823242,-0.4580078,-0.369873046875,-0.2868489533662797,-0.2868489533662797,0.39728397,0.23140123,0.37131476
684,v9gjg7TDlTA$_$4,missing,AV,0,1,0.84521484,0.98535156,-1.4111328,-0.14013672,-0.447265625,-0.34876301586627967,-0.34876301586627967,0.4332672,0.2649317,0.3018011
685,vHzbn_YW76s$_$3,missing,AV,0,1,0.8022461,1.046875,-1.0712891,-0.2446289,-0.3828125,-0.2972005158662797,-0.2972005158662797,0.49565578,0.24733149,0.25701275
686,vU0a4F36Ksw$_$13,missing,AV,1,0,0.9199219,0.31274414,-1.34375,-0.60717773,-0.95654296875,-0.7561848908662797,-0.7561848908662797,0.47564045,0.28229484,0.24206471
687,vU0a4F36Ksw$_$12,missing,AV,2,1,0.26123047,0.7675781,-0.7578125,-1.5253906,-0.273193359375,-0.20950520336627967,-0.20950520336627967,0.4280324,0.30653498,0.26543257
688,vU0a4F36Ksw$_$17,missing,AV,1,1,-0.071777344,1.2480469,-0.52441406,1.3198242,0.005794525146484375,0.013685104250907836,0.013685104250907836,0.41373375,0.30605438,0.2802119
689,vU0a4F36Ksw$_$0,missing,AV,2,0,1.9375,-0.9213867,-1.8271484,-3.7646484,-1.71875,-1.3659505158662797,-1.3659505158662797,0.53737783,0.23038511,0.23223712
690,vU0a4F36Ksw$_$3,missing,AV,2,1,-0.103759766,1.328125,-0.38989258,-1.7180176,0.190185546875,0.16119792163372035,0.16119792163372035,0.40372306,0.3042081,0.2920689
691,vU0a4F36Ksw$_$5,missing,AV,1,0,1.2607422,0.11315918,-1.5419922,-1.147583,-1.03515625,-0.8190755158662797,-0.8190755158662797,0.48435408,0.26705092,0.24859498
692,vU0a4F36Ksw$_$7,missing,AV,2,1,0.8720703,0.92871094,-1.4736328,-2.4023438,-0.75146484375,-0.5921223908662797,-0.5921223908662797,0.532324,0.26402578,0.20365018
693,vU0a4F36Ksw$_$20,missing,AV,1,1,-0.26049805,1.8925781,-0.17468262,2.0672607,0.05096435546875,0.04982096850872034,0.04982096850872034,0.42331958,0.26794904,0.30873135
694,vbr3EA8cJTI$_$0,missing,AV,2,1,-0.14868164,0.55078125,0.042785645,-0.5079956,-0.08197021484375,-0.05652668774127967,-0.05652668774127967,0.38197976,0.41492286,0.20309734
695,vbr3EA8cJTI$_$2,missing,AV,0,1,0.03439331,0.114990234,-0.093688965,-0.080596924,-0.0870361328125,-0.06057942211627966,-0.06057942211627966,0.43808138,0.3258623,0.23605633
696,vbr3EA8cJTI$_$7,missing,AV,2,1,-0.16625977,0.7602539,0.019592285,-0.7406616,-0.0306396484375,-0.015462234616279665,-0.015462234616279665,0.35448548,0.37145826,0.2740563
697,vbr3EA8cJTI$_$6,missing,AV,2,0,0.47875977,-0.16564941,-0.32250977,-0.80126953,-0.4111328125,-0.31985676586627965,-0.31985676586627965,0.4092084,0.35001457,0.24077709
698,wF8980oGklk$_$24,missing,AV,2,1,0.32495117,0.9663086,-0.84521484,-1.8115234,-0.88671875,-0.7003255158662798,-0.7003255158662798,0.45998695,0.27229255,0.26772043
699,wF8980oGklk$_$25,missing,AV,2,1,0.31396484,1.4912109,-0.78759766,-2.2788086,-0.75,-0.5909505158662798,-0.5909505158662798,0.49318576,0.23586138,0.27095285
700,wF8980oGklk$_$1,missing,AV,1,1,-0.64453125,1.3994141,0.5078125,0.89160156,0.181396484375,0.15416667163372033,0.15416667163372033,0.4028583,0.30205914,0.29508257
701,wF8980oGklk$_$0,missing,AV,1,1,0.107177734,1.1269531,-0.3864746,1.0197754,-0.14697265625,-0.10852864086627967,-0.10852864086627967,0.43157226,0.30481148,0.26361623
702,wF8980oGklk$_$3,missing,AV,1,1,-0.4633789,1.4921875,-0.0592041,1.5513916,-0.220947265625,-0.16770832836627966,-0.16770832836627966,0.43663642,0.29935667,0.2640069
703,wF8980oGklk$_$2,missing,AV,0,1,-0.35424805,1.0488281,0.044677734,-1.4030762,-0.2685546875,-0.20579426586627966,-0.20579426586627966,0.41193956,0.27761504,0.3104454
704,wF8980oGklk$_$6,missing,AV,2,1,0.20544434,1.2138672,-0.8339844,-2.0478516,-0.54638671875,-0.4280598908662797,-0.4280598908662797,0.4649751,0.27513987,0.259885
705,wF8980oGklk$_$17,missing,AV,2,1,0.012054443,1.1728516,-0.17163086,-1.3444824,-0.03985595703125,-0.02283528149127966,-0.02283528149127966,0.433042,0.2924496,0.27450845
706,wosolsrH3sM$_$6,missing,AV,2,0,2.4335938,-1.3779297,-2.2265625,-4.6601562,-2.208984375,-1.7581380158662798,-1.7581380158662798,0.5493492,0.222198,0.22845282
707,x-zGBp7axao$_$3,missing,AV,0,0,0.9194336,-0.55859375,-1.078125,1.4780273,-0.8359375,-0.6597005158662798,-0.6597005158662798,0.4768611,0.2991873,0.22395162
708,x2lOwQaAn4g$_$4,missing,AV,2,2,-0.7988281,0.5908203,0.9951172,0.40429688,0.89501953125,0.7250651091337204,0.7250651091337204,0.39351177,0.36489478,0.24159344
709,xUgAP84vsg4$_$15,missing,AV,2,1,0.10510254,1.2451172,-0.4338379,-1.6789551,-0.2384033203125,-0.18167317211627967,-0.18167317211627967,0.4980781,0.23498641,0.2669355
710,xUgAP84vsg4$_$4,missing,AV,2,1,0.12683105,0.91796875,-0.4650879,-1.3830566,-0.202392578125,-0.15286457836627967,-0.15286457836627967,0.4599378,0.31309634,0.22696583
711,xUgAP84vsg4$_$8,missing,AV,2,1,0.0736084,1.6787109,-0.75634766,-2.4350586,-0.247802734375,-0.18919270336627966,-0.18919270336627966,0.48632503,0.27964607,0.23402889
712,xivYoEUQ5sk$_$5,missing,AV,2,0,1.2705078,-0.671875,-0.96435547,-2.2348633,-0.9560546875,-0.7557942658662797,-0.7557942658662797,0.4610547,0.26865086,0.27029446
713,xivYoEUQ5sk$_$4,missing,AV,2,1,0.03765869,0.80859375,-0.33276367,-1.1413574,0.028167724609375,0.03158366382122034,0.03158366382122034,0.36359113,0.3590643,0.27734455
714,xjsaS-LeZ14$_$20,missing,AV,1,1,0.72753906,0.77001953,-1.0576172,0.04248047,-0.8642578125,-0.6823567658662797,-0.6823567658662797,0.49790955,0.21591239,0.28617805
715,xjsaS-LeZ14$_$14,missing,AV,1,1,0.59765625,1.3134766,-1.0732422,0.7158203,-0.35205078125,-0.27259114086627967,-0.27259114086627967,0.50574416,0.21333942,0.28091642
716,xjsaS-LeZ14$_$6,missing,AV,2,0,1.7685547,-1.1162109,-1.5585938,-3.3271484,-1.7734375,-1.4097005158662799,-1.4097005158662799,0.4799704,0.23224229,0.2877873
717,y8HXGm1-Ecw$_$7,missing,AV,0,1,0.06933594,1.0771484,-0.53466797,-1.0078125,-0.0928955078125,-0.06526692211627967,-0.06526692211627967,0.44048512,0.2657127,0.29380223
718,y9FyTEyGy5Y$_$1,missing,AV,2,1,-0.77685547,0.94091797,0.7763672,-0.16455078,0.5908203125,0.4817057341337203,0.4817057341337203,0.35782993,0.33421487,0.30795524
719,zhE_68GMJIk$_$8,missing,AV,0,0,1.0654297,0.25830078,-1.0927734,0.8071289,-0.880859375,-0.6956380158662797,-0.6956380158662797,0.51381385,0.22857514,0.25761104
720,zhE_68GMJIk$_$5,missing,AV,0,0,1.6328125,-0.59716797,-1.3837891,2.2299805,-1.5146484375,-1.2026692658662799,-1.2026692658662799,0.52712256,0.22151731,0.2513602
721,zjYEBwXGD8I$_$13,missing,AV,2,0,0.83154297,0.60839844,-1.3876953,-2.2192383,-0.75146484375,-0.5921223908662797,-0.5921223908662797,0.4971283,0.29794815,0.20492359
722,zjYEBwXGD8I$_$15,missing,AV,2,1,-0.27172852,1.7460938,-0.17028809,-1.9163818,0.11627197265625,0.10206706225872034,0.10206706225872034,0.423884,0.31715015,0.25896585
723,zjYEBwXGD8I$_$0,missing,AV,1,1,-0.6777344,1.8916016,0.4555664,1.4360352,0.204345703125,0.17252604663372034,0.17252604663372034,0.37938678,0.35702407,0.2635891
724,zjYEBwXGD8I$_$2,missing,AV,2,1,-0.23474121,1.7744141,-0.35766602,-2.13208,-0.1165771484375,-0.08421223461627966,-0.08421223461627966,0.44892815,0.32309988,0.22797197
725,zjYEBwXGD8I$_$4,missing,AV,1,1,0.36450195,1.2792969,-0.6923828,0.9147949,-0.25,-0.19095051586627967,-0.19095051586627967,0.45642772,0.27731973,0.26625258
726,zjYEBwXGD8I$_$9,missing,AV,2,1,0.34521484,1.0488281,-0.8120117,-1.8608398,-0.25830078125,-0.19759114086627969,-0.19759114086627969,0.4788327,0.28739786,0.23376945
727,zk2jTlAtvSU$_$3,missing,AV,1,0,1.4960938,-0.36206055,-1.4130859,-1.8581543,-1.51953125,-1.2065755158662799,-1.2065755158662799,0.5190439,0.18984957,0.29110646
0,-UacrmKiTn4$_$7,missing,TAV,1,1,-0.8442383,1.0439453,1.0263672,0.017578125,0.2685546875,0.22389323413372034,0.22389323413372034,0.4229274,0.22113061,0.35594195
1,-qDkUB0GgYY$_$5,missing,TAV,2,2,-1.0078125,0.9589844,1.3837891,0.4248047,0.58447265625,0.4766276091337204,0.4766276091337204,0.4137888,0.3017008,0.2845104
2,0utROiKxejc$_$1,missing,TAV,2,2,-0.32299805,-0.7524414,0.6977539,1.020752,0.5791015625,0.4723307341337204,0.4723307341337204,0.5941505,0.18976694,0.21608257
3,0utROiKxejc$_$4,missing,TAV,0,0,2.4277344,-1.7753906,-1.7314453,4.1591797,-1.8046875,-1.4347005158662798,-1.4347005158662798,0.6733996,0.14390771,0.18269269
4,0y022OlZ3W0$_$3,missing,TAV,2,2,-1.1455078,-0.19909668,1.8457031,2.0447998,1.076171875,0.8699869841337203,0.8699869841337203,0.45805645,0.31271642,0.22922704
5,0y022OlZ3W0$_$5,missing,TAV,0,0,1.9873047,-0.5395508,-1.6708984,2.5268555,-1.109375,-0.8784505158662798,-0.8784505158662798,0.59047484,0.18172999,0.22779524
6,0y022OlZ3W0$_$8,missing,TAV,1,1,-0.66748047,1.2421875,0.5834961,0.6586914,0.33056640625,0.2735026091337204,0.2735026091337204,0.42529914,0.28467897,0.29002193
7,101787$_$11,missing,TAV,0,0,1.1025391,-0.09094238,-1.0791016,1.1934814,-0.71875,-0.5659505158662798,-0.5659505158662798,0.5538369,0.18197899,0.26418415
8,101787$_$13,missing,TAV,0,0,0.29077148,-1.7470703,0.25976562,0.03100586,0.1422119140625,0.12281901538372034,0.12281901538372034,0.6088515,0.17537671,0.21577181
9,101787$_$1,missing,TAV,0,0,0.9980469,0.95410156,-1.171875,0.043945312,-0.388916015625,-0.3020833283662797,-0.3020833283662797,0.50185806,0.2120988,0.28604308
10,101787$_$5,missing,TAV,0,0,2.4589844,-1.5029297,-2.0195312,3.961914,-1.93359375,-1.5378255158662797,-1.5378255158662797,0.68171316,0.13132562,0.18696122
11,101787$_$7,missing,TAV,2,2,-1.2529297,-0.7739258,2.1914062,2.965332,1.7138671875,1.3801432341337203,1.3801432341337203,0.6003043,0.1525184,0.24717727
12,101787$_$9,missing,TAV,1,1,1.0009766,1.1474609,-1.2314453,0.14648438,-0.3642578125,-0.28235676586627967,-0.28235676586627967,0.51276773,0.20691685,0.28031534
13,102408$_$2,missing,TAV,1,1,0.41674805,1.3212891,-0.6357422,0.904541,0.0030059814453125,0.011454269289970337,0.011454269289970337,0.48865563,0.25810638,0.25323805
14,102408$_$5,missing,TAV,2,2,-0.43164062,-1.0556641,1.5810547,2.0126953,1.3955078125,1.1254557341337204,1.1254557341337204,0.50633913,0.27055663,0.2231043
15,102408$_$9,missing,TAV,0,0,1.4130859,-0.20837402,-1.1298828,1.62146,-0.323974609375,-0.25013020336627967,-0.25013020336627967,0.51472485,0.2664247,0.21885054
16,102858$_$20,missing,TAV,0,0,1.8808594,-1.1123047,-1.3134766,2.993164,-1.64453125,-1.3065755158662797,-1.3065755158662797,0.57853085,0.24630077,0.17516838
17,102858$_$21,missing,TAV,0,0,2.1855469,-0.80908203,-2.0273438,2.994629,-1.689453125,-1.3425130158662797,-1.3425130158662797,0.62254244,0.19400463,0.183453
18,102858$_$1,missing,TAV,1,1,-0.50683594,1.6708984,0.39526367,1.2756348,0.1064453125,0.09420573413372034,0.09420573413372034,0.42735872,0.34572974,0.22691154
19,102858$_$0,missing,TAV,2,2,-0.9760742,0.9975586,1.4316406,0.43408203,0.451904296875,0.37057292163372035,0.37057292163372035,0.4253747,0.32694054,0.24768475
20,102858$_$4,missing,TAV,2,2,-0.8022461,0.5385742,1.1132812,0.57470703,0.485595703125,0.3975260466337204,0.3975260466337204,0.4964266,0.2809373,0.22263601
21,102858$_$6,missing,TAV,0,0,0.5961914,-0.24621582,-0.51660156,0.8424072,-0.278564453125,-0.21380207836627968,-0.21380207836627968,0.5465376,0.22635402,0.22710837
22,102858$_$10,missing,TAV,2,2,-1.4511719,-0.8305664,2.5234375,3.354004,1.810546875,1.4574869841337204,1.4574869841337204,0.63215613,0.18266599,0.1851779
23,102858$_$17,missing,TAV,0,0,1.3271484,-0.26245117,-1.1416016,1.5895996,-0.7373046875,-0.5807942658662797,-0.5807942658662797,0.59537894,0.18607296,0.2185481
24,102858$_$19,missing,TAV,1,1,-0.37841797,1.7626953,0.32202148,1.4406738,0.1297607421875,0.11285807788372035,0.11285807788372035,0.51252466,0.2185103,0.26896507
25,112433$_$10,missing,TAV,1,1,-0.27490234,1.8603516,0.0018348694,1.8585167,-0.018524169921875,-0.005769851803779664,-0.005769851803779664,0.50828606,0.17104594,0.32066798
26,112433$_$3,missing,TAV,0,0,0.6923828,-0.57714844,-0.43847656,1.1308594,-0.2303466796875,-0.17522785961627968,-0.17522785961627968,0.53659207,0.22546914,0.23793876
27,112433$_$7,missing,TAV,0,0,1.4238281,-1.5400391,-0.72753906,2.1513672,-0.73095703125,-0.5757161408662798,-0.5757161408662798,0.5815809,0.14313512,0.27528408
28,112433$_$6,missing,TAV,0,0,2.2734375,-1.8925781,-1.6386719,3.9121094,-2.3046875,-1.8347005158662797,-1.8347005158662797,0.67271525,0.12327992,0.2040048
29,117tQqLjza4$_$6,missing,TAV,2,2,-1.2412109,0.8730469,1.7138672,0.8408203,0.517578125,0.4231119841337203,0.4231119841337203,0.42053437,0.38559753,0.19386807
30,11j7EfglCAs$_$2,missing,TAV,1,1,-0.9008789,1.3095703,1.2138672,0.095703125,0.237060546875,0.19869792163372035,0.19869792163372035,0.45545596,0.2593547,0.28518933
31,121128$_$10,missing,TAV,2,2,-0.52734375,-1.1220703,1.4384766,1.9658203,1.375,1.1090494841337204,1.1090494841337204,0.613344,0.2147591,0.17189687
32,121128$_$1,missing,TAV,1,1,0.040863037,1.6396484,-0.3371582,1.5987854,0.10858154296875,0.09591471850872034,0.09591471850872034,0.45347363,0.29763436,0.24889202
33,121128$_$0,missing,TAV,1,1,-0.5102539,1.7666016,0.21252441,1.5540771,0.0174407958984375,0.02300212085247034,0.02300212085247034,0.40265185,0.33325815,0.26408997
34,121128$_$5,missing,TAV,2,2,-1.2626953,-0.5385742,2.3964844,2.9350586,1.583984375,1.2762369841337204,1.2762369841337204,0.5146921,0.34063515,0.14467269
35,125344$_$0,missing,TAV,0,0,1.6923828,-1.0175781,-1.1611328,2.709961,-0.74462890625,-0.5866536408662797,-0.5866536408662797,0.5864212,0.16083862,0.25274014
36,125676$_$0,missing,TAV,1,1,-0.4880371,1.1455078,0.66503906,0.48046875,0.17333984375,0.14772135913372034,0.14772135913372034,0.4437663,0.23403534,0.32219836
37,125676$_$4,missing,TAV,2,2,-1.3837891,-0.20935059,2.3671875,2.576538,1.38671875,1.1184244841337203,1.1184244841337203,0.45353776,0.30707863,0.23938361
38,128059$_$11,missing,TAV,0,0,2.3574219,-1.7753906,-1.7236328,4.0810547,-2.078125,-1.6534505158662798,-1.6534505158662798,0.6367721,0.1573477,0.20588014
39,128059$_$12,missing,TAV,0,0,1.7431641,-0.44555664,-1.5605469,2.1887207,-1.123046875,-0.8893880158662797,-0.8893880158662797,0.5875021,0.19532847,0.21716943
40,128059$_$2,missing,TAV,0,0,0.72998047,-1.2236328,-0.35473633,1.0847168,-0.55859375,-0.4378255158662797,-0.4378255158662797,0.5948043,0.18449941,0.2206963
41,128059$_$7,missing,TAV,1,1,0.94091797,1.0947266,-1.3330078,0.1538086,-0.199951171875,-0.15091145336627967,-0.15091145336627967,0.50133777,0.2223379,0.27632436
42,128059$_$6,missing,TAV,0,0,1.3642578,-1.3525391,-0.9345703,2.2988281,-0.8671875,-0.6847005158662798,-0.6847005158662798,0.58726746,0.17748429,0.23524827
43,128059$_$9,missing,TAV,0,0,0.77197266,-0.34960938,-0.60791016,1.121582,-0.57470703125,-0.45071614086627965,-0.45071614086627965,0.5285196,0.22106399,0.2504165
44,128763$_$12,missing,TAV,0,0,0.46728516,0.4182129,-0.39233398,0.049072266,-0.1474609375,-0.10891926586627967,-0.10891926586627967,0.5504244,0.17939343,0.2701822
45,128763$_$3,missing,TAV,0,0,2.7167969,-1.4345703,-2.1679688,4.151367,-2.2421875,-1.7847005158662799,-1.7847005158662799,0.6765016,0.1424897,0.18100879
46,128763$_$2,missing,TAV,1,1,0.6298828,1.7373047,-1.1962891,1.1074219,-0.31787109375,-0.2452473908662797,-0.2452473908662797,0.56612426,0.20009162,0.23378411
47,128763$_$5,missing,TAV,1,1,0.123168945,2.046875,-0.5488281,1.923706,-0.06396484375,-0.04212239086627967,-0.04212239086627967,0.45925495,0.20971213,0.33103293
48,128763$_$7,missing,TAV,0,0,2.1992188,-0.99902344,-1.8769531,3.1982422,-1.39453125,-1.1065755158662798,-1.1065755158662798,0.6488685,0.15830652,0.19282502
49,128763$_$8,missing,TAV,0,0,1.9951172,-0.66748047,-1.8349609,2.6625977,-1.216796875,-0.9643880158662798,-0.9643880158662798,0.60221416,0.1604347,0.23735122
50,130456$_$11,missing,TAV,0,0,1.0019531,-1.6308594,-0.25610352,1.2580566,-0.7822265625,-0.6167317658662798,-0.6167317658662798,0.5875836,0.20210414,0.21031226
51,130456$_$3,missing,TAV,0,0,0.96240234,-1.0849609,-0.123046875,1.0854492,-0.23583984375,-0.17962239086627968,-0.17962239086627968,0.57380295,0.2328563,0.1933407
52,130456$_$5,missing,TAV,0,0,2.1132812,-1.1767578,-1.6445312,3.290039,-1.5966796875,-1.2682942658662797,-1.2682942658662797,0.60433304,0.19135179,0.20431516
53,130456$_$4,missing,TAV,1,1,0.013397217,1.7705078,-0.39233398,1.7571106,0.004909515380859375,0.012977096438407838,0.012977096438407838,0.41580856,0.27730834,0.3068831
54,130456$_$7,missing,TAV,0,0,2.1074219,-0.7529297,-1.8691406,2.8603516,-1.3017578125,-1.0323567658662798,-1.0323567658662798,0.5868367,0.2414325,0.17173079
55,130456$_$6,missing,TAV,0,0,1.4267578,0.31640625,-1.3105469,1.1103516,-0.45703125,-0.35657551586627967,-0.35657551586627967,0.5514374,0.22617346,0.22238916
56,188343$_$13,missing,TAV,2,2,0.057281494,-1.2783203,0.8964844,0.8392029,0.845703125,0.6856119841337204,0.6856119841337204,0.5721855,0.22372745,0.20408712
57,188343$_$12,missing,TAV,0,0,2.5449219,-1.9023438,-1.7177734,4.2626953,-2.08984375,-1.6628255158662797,-1.6628255158662797,0.66622615,0.15929049,0.1744834
58,188343$_$5,missing,TAV,0,0,1.3310547,-1.0761719,-0.86376953,2.1948242,-0.97265625,-0.7690755158662798,-0.7690755158662798,0.5480455,0.24110343,0.21085104
59,188343$_$9,missing,TAV,0,0,0.45825195,-0.31420898,0.21105957,0.24719238,0.1807861328125,0.15367839038372033,0.15367839038372033,0.5276879,0.24538438,0.22692771
60,188343$_$8,missing,TAV,0,0,2.5996094,-1.3632812,-1.8525391,3.9628906,-1.892578125,-1.5050130158662798,-1.5050130158662798,0.66088545,0.17242347,0.16669108
61,1HK7Nea0PFo$_$1,missing,TAV,0,0,1.3554688,-1.1484375,-0.99072266,2.3461914,-0.6806640625,-0.5354817658662797,-0.5354817658662797,0.594997,0.15843736,0.2465657
62,216097$_$1,missing,TAV,0,0,2.125,-0.86376953,-1.7294922,2.9887695,-1.251953125,-0.9925130158662798,-0.9925130158662798,0.6498871,0.14186947,0.20824343
63,216097$_$2,missing,TAV,1,1,-0.0892334,1.4619141,0.0748291,1.387085,0.125,0.10904948413372034,0.10904948413372034,0.43758452,0.19483885,0.36757666
64,216097$_$5,missing,TAV,1,1,-0.096191406,0.6171875,0.22521973,0.39196777,0.295654296875,0.24557292163372035,0.24557292163372035,0.45122442,0.16750386,0.38127172
65,216097$_$4,missing,TAV,0,0,2.0820312,-1.1201172,-1.7060547,3.2021484,-1.5087890625,-1.1979817658662797,-1.1979817658662797,0.57329804,0.13850579,0.28819618
66,216097$_$7,missing,TAV,2,2,-0.68652344,-0.984375,1.4726562,2.1591797,1.232421875,0.9949869841337203,0.9949869841337203,0.5340119,0.16586336,0.3001247
67,216097$_$8,missing,TAV,0,0,2.5371094,-1.5019531,-1.8154297,4.0390625,-1.705078125,-1.3550130158662799,-1.3550130158662799,0.6817307,0.13667697,0.18159235
68,223431$_$11,missing,TAV,0,0,2.2714844,-1.0429688,-1.8935547,3.3144531,-1.5087890625,-1.1979817658662797,-1.1979817658662797,0.6874103,0.13275076,0.17983893
69,223431$_$10,missing,TAV,2,2,-1.0351562,-0.05734253,1.5449219,1.6022644,0.95703125,0.7746744841337203,0.7746744841337203,0.53535444,0.208194,0.25645158
70,223431$_$13,missing,TAV,0,0,2.4550781,-0.90771484,-2.0332031,3.362793,-1.7724609375,-1.4089192658662797,-1.4089192658662797,0.6499255,0.17166795,0.17840658
71,223431$_$0,missing,TAV,1,1,-0.9482422,1.7910156,0.9326172,0.85839844,0.1929931640625,0.16344401538372036,0.16344401538372036,0.45222014,0.26318473,0.2845951
72,223431$_$5,missing,TAV,1,1,0.69091797,0.85302734,-0.9946289,0.16210938,-0.21875,-0.16595051586627968,-0.16595051586627968,0.47786784,0.2753931,0.24673906
73,225770$_$3,missing,TAV,0,0,1.3779297,0.03945923,-1.2060547,1.3384705,-0.59375,-0.46595051586627967,-0.46595051586627967,0.5471884,0.27176952,0.18104206
74,225770$_$5,missing,TAV,1,1,-0.27075195,1.9345703,0.09863281,1.8359375,0.1043701171875,0.09254557788372034,0.09254557788372034,0.4315156,0.2848701,0.2836143
75,225770$_$4,missing,TAV,1,1,0.24230957,1.7490234,-0.75927734,1.5067139,-0.07733154296875,-0.052815750241279665,-0.052815750241279665,0.48237452,0.32195294,0.19567247
76,225770$_$6,missing,TAV,0,0,1.0849609,-0.42797852,-0.8354492,1.5129395,-0.373291015625,-0.28958332836627965,-0.28958332836627965,0.57608306,0.23645504,0.18746193
77,236021$_$12,missing,TAV,2,2,-0.9848633,0.31420898,1.4160156,1.1018066,0.96533203125,0.7813151091337204,0.7813151091337204,0.50752467,0.22133467,0.27114064
78,236021$_$1,missing,TAV,1,1,-0.43237305,1.828125,0.030151367,1.7979736,0.0909423828125,0.08180339038372034,0.08180339038372034,0.4305707,0.33863765,0.23079163
79,236021$_$3,missing,TAV,0,0,2.7324219,-1.4443359,-2.0859375,4.176758,-2.033203125,-1.6175130158662798,-1.6175130158662798,0.682033,0.16021068,0.1577563
80,236021$_$2,missing,TAV,0,0,1.0302734,-0.92089844,-0.5395508,1.5698242,-0.5146484375,-0.4026692658662797,-0.4026692658662797,0.56398016,0.2120981,0.22392178
81,236021$_$5,missing,TAV,0,0,1.0419922,-0.44555664,-0.6748047,1.4875488,-0.60498046875,-0.4749348908662797,-0.4749348908662797,0.57171404,0.2044664,0.22381951
82,236021$_$4,missing,TAV,0,0,1.9648438,-1.5947266,-1.3984375,3.3632812,-1.6640625,-1.3222005158662797,-1.3222005158662797,0.61908305,0.21152844,0.16938847
83,237009$_$11,missing,TAV,0,0,2.2246094,-0.4350586,-2.0253906,2.659668,-1.486328125,-1.1800130158662798,-1.1800130158662798,0.6410927,0.16864973,0.19025756
84,237009$_$12,missing,TAV,0,0,2.6972656,-1.6435547,-2.1484375,4.3408203,-2.3359375,-1.8597005158662798,-1.8597005158662798,0.67100966,0.1467719,0.18221849
85,237009$_$4,missing,TAV,2,2,-0.4465332,-0.34643555,1.1152344,1.4616699,0.900390625,0.7293619841337203,0.7293619841337203,0.5147679,0.23336256,0.25186962
86,237009$_$7,missing,TAV,0,0,2.4824219,-1.5556641,-1.9052734,4.038086,-2.15625,-1.7159505158662798,-1.7159505158662798,0.64403856,0.18515036,0.17081103
87,237009$_$9,missing,TAV,0,0,2.4824219,-0.87353516,-2.1621094,3.355957,-1.7724609375,-1.4089192658662797,-1.4089192658662797,0.58290154,0.14761735,0.2694811
88,241629$_$10,missing,TAV,0,0,2.6875,-1.8232422,-1.8261719,4.510742,-2.1796875,-1.7347005158662798,-1.7347005158662798,0.68315303,0.14551575,0.17133126
89,241629$_$0,missing,TAV,2,2,-1.2978516,-0.22741699,2.1347656,2.3621826,1.23828125,0.9996744841337204,0.9996744841337204,0.5415023,0.26905715,0.18944053
90,241629$_$3,missing,TAV,2,2,-0.5644531,-1.3466797,1.5732422,2.1376953,1.568359375,1.2637369841337205,1.2637369841337205,0.6259568,0.16498113,0.20906208
91,241629$_$5,missing,TAV,0,0,2.1425781,-1.0078125,-1.9208984,3.1503906,-1.537109375,-1.2206380158662797,-1.2206380158662797,0.64890236,0.16145423,0.18964335
92,241629$_$8,missing,TAV,0,0,2.1503906,-0.87890625,-1.7607422,3.0292969,-1.39453125,-1.1065755158662798,-1.1065755158662798,0.6574657,0.17893872,0.16359566
93,243646$_$11,missing,TAV,0,0,2.3808594,-0.72265625,-1.9775391,3.1035156,-1.380859375,-1.0956380158662797,-1.0956380158662797,0.6547683,0.109696366,0.23553537
94,243646$_$12,missing,TAV,0,0,1.8007812,-1.0869141,-1.1191406,2.8876953,-0.9365234375,-0.7401692658662797,-0.7401692658662797,0.59449494,0.107639685,0.2978654
95,243646$_$9,missing,TAV,1,1,-0.095336914,2.3652344,-0.45703125,2.4605713,0.0538330078125,0.05211589038372034,0.05211589038372034,0.47107068,0.20600809,0.32292122
96,243646$_$8,missing,TAV,1,1,-0.4255371,2.1386719,0.35620117,1.7824707,0.1026611328125,0.09117839038372035,0.09117839038372035,0.47607866,0.20957933,0.31434196
97,247318$_$12,missing,TAV,0,0,2.4667969,-1.0302734,-1.8994141,3.4970703,-1.703125,-1.3534505158662797,-1.3534505158662797,0.64314437,0.14456442,0.21229124
98,247318$_$1,missing,TAV,1,1,-0.6982422,1.7148438,0.49023438,1.2246094,0.206787109375,0.17447917163372034,0.17447917163372034,0.47555625,0.20231959,0.32212412
99,247318$_$3,missing,TAV,0,0,1.8691406,-0.068481445,-1.8662109,1.9376221,-1.1083984375,-0.8776692658662797,-0.8776692658662797,0.6102167,0.13736789,0.2524154
100,247318$_$2,missing,TAV,1,1,-0.21508789,0.9379883,0.18200684,0.75598145,0.3017578125,0.25045573413372035,0.25045573413372035,0.57914597,0.16605978,0.25479427
101,247318$_$5,missing,TAV,0,0,0.41186523,0.17565918,-0.3076172,0.23620605,-0.129150390625,-0.09427082836627967,-0.09427082836627967,0.5605758,0.1890175,0.25040668
102,247318$_$7,missing,TAV,0,0,2.5839844,-1.1044922,-1.9541016,3.6884766,-1.8837890625,-1.4979817658662797,-1.4979817658662797,0.69119596,0.1219974,0.18680662
103,247318$_$6,missing,TAV,1,1,-0.57470703,1.7880859,0.3659668,1.4221191,0.115966796875,0.10182292163372034,0.10182292163372034,0.49707922,0.20650183,0.29641894
104,252998$_$1,missing,TAV,1,1,0.28173828,1.7080078,-0.6196289,1.4262695,-0.06683349609375,-0.04441731274127966,-0.04441731274127966,0.4261233,0.16856109,0.40531564
105,252998$_$0,missing,TAV,1,1,-0.57128906,1.5849609,0.41381836,1.1711426,0.1246337890625,0.10875651538372035,0.10875651538372035,0.46412456,0.1918262,0.34404925
106,252998$_$5,missing,TAV,0,0,2.7441406,-1.8212891,-1.8925781,4.5654297,-2.171875,-1.7284505158662797,-1.7284505158662797,0.60735536,0.13944139,0.25320324
107,252998$_$4,missing,TAV,0,0,1.8447266,0.04776001,-1.7275391,1.7969666,-1.076171875,-0.8518880158662797,-0.8518880158662797,0.55364156,0.18252228,0.26383615
108,252998$_$7,missing,TAV,2,2,0.22839355,-1.4814453,0.37524414,0.14685059,0.443359375,0.36373698413372035,0.36373698413372035,0.60674244,0.14056082,0.25269675
109,252998$_$8,missing,TAV,0,0,1.9189453,-0.07312012,-1.9951172,1.9920654,-1.099609375,-0.8706380158662798,-0.8706380158662798,0.62288165,0.19276014,0.1843582
110,257247$_$10,missing,TAV,0,0,2.2753906,-1.0224609,-1.7939453,3.2978516,-1.314453125,-1.0425130158662796,-1.0425130158662796,0.60337186,0.21508995,0.18153818
111,257247$_$12,missing,TAV,0,0,2.3144531,-1.2802734,-1.8779297,3.5947266,-1.7421875,-1.3847005158662797,-1.3847005158662797,0.6462729,0.19120339,0.16252372
112,257247$_$2,missing,TAV,1,1,-0.7685547,1.9521484,0.5307617,1.4213867,0.05145263671875,0.05021159350872034,0.05021159350872034,0.49439374,0.2507739,0.25483236
113,258654$_$1,missing,TAV,0,0,2.1230469,-1.4697266,-1.4863281,3.5927734,-1.818359375,-1.4456380158662798,-1.4456380158662798,0.61361605,0.2170248,0.16935916
114,258654$_$3,missing,TAV,0,0,1.8369141,-2.1328125,-0.9291992,2.7661133,-1.64453125,-1.3065755158662797,-1.3065755158662797,0.6517028,0.19341028,0.15488693
115,258654$_$4,missing,TAV,1,1,-0.45361328,1.9345703,0.37573242,1.5588379,0.05108642578125,0.04991862475872034,0.04991862475872034,0.44561702,0.2833755,0.27100742
116,266791$_$24,missing,TAV,0,0,2.4589844,-1.2724609,-2.0449219,3.7314453,-1.80859375,-1.4378255158662798,-1.4378255158662798,0.62305397,0.15038633,0.22655971
117,266791$_$20,missing,TAV,2,2,0.07269287,-0.82714844,0.36157227,0.2888794,0.42138671875,0.34615885913372035,0.34615885913372035,0.56381917,0.20588547,0.23029533
118,266791$_$21,missing,TAV,0,0,2.3496094,-1.1669922,-1.9013672,3.5166016,-1.59375,-1.2659505158662798,-1.2659505158662798,0.5938758,0.16053975,0.24558441
119,266791$_$23,missing,TAV,1,1,-0.20288086,0.4831543,0.3623047,0.12084961,0.06890869140625,0.06417643725872034,0.06417643725872034,0.45378393,0.22484568,0.32137042
120,266791$_$29,missing,TAV,1,1,-0.32910156,1.8564453,0.046142578,1.8103027,0.092529296875,0.08307292163372033,0.08307292163372033,0.4416655,0.25424948,0.30408505
121,266791$_$3,missing,TAV,0,0,1.2460938,0.40161133,-1.15625,0.8444824,-0.39306640625,-0.3054036408662797,-0.3054036408662797,0.45719737,0.232484,0.31031868
122,266791$_$5,missing,TAV,0,0,2.1152344,-1.0869141,-1.7626953,3.2021484,-1.5966796875,-1.2682942658662797,-1.2682942658662797,0.6070326,0.21391426,0.17905314
123,266791$_$4,missing,TAV,0,0,2.4355469,-1.2910156,-2.0410156,3.7265625,-1.904296875,-1.5143880158662797,-1.5143880158662797,0.61333644,0.17611967,0.21054389
124,266791$_$6,missing,TAV,1,1,0.0463562,1.5947266,-0.18762207,1.5483704,0.1591796875,0.13639323413372034,0.13639323413372034,0.4168183,0.2799318,0.30324993
125,266791$_$8,missing,TAV,0,0,1.3779297,0.62353516,-1.6240234,0.75439453,-0.472412109375,-0.3688802033662797,-0.3688802033662797,0.549716,0.20470473,0.24557932
126,266791$_$11,missing,TAV,2,2,0.1282959,-0.6723633,0.52490234,0.39660645,0.55419921875,0.4524088591337203,0.4524088591337203,0.5584416,0.20351607,0.23804238
127,266791$_$14,missing,TAV,1,1,0.35620117,0.61279297,-0.36645508,0.2565918,-0.21337890625,-0.16165364086627967,-0.16165364086627967,0.4889832,0.24613214,0.26488465
128,270254$_$23,missing,TAV,0,0,1.7802734,-0.81933594,-1.2880859,2.5996094,-0.888671875,-0.7018880158662797,-0.7018880158662797,0.526384,0.21174882,0.26186717
129,270254$_$0,missing,TAV,2,2,-1.0195312,0.74853516,1.4853516,0.7368164,0.64892578125,0.5281901091337203,0.5281901091337203,0.44083554,0.32019123,0.23897323
130,270254$_$6,missing,TAV,1,1,0.40454102,0.75,-0.3737793,0.34545898,-0.0347900390625,-0.018782547116279663,-0.018782547116279663,0.5086005,0.19922607,0.29217348
131,270254$_$8,missing,TAV,0,0,2.6621094,-1.7617188,-1.9072266,4.423828,-2.140625,-1.7034505158662798,-1.7034505158662798,0.6726809,0.11151086,0.21580821
132,270254$_$11,missing,TAV,2,2,-0.9169922,0.921875,1.2841797,0.3623047,0.51611328125,0.4219401091337204,0.4219401091337204,0.44695753,0.27389368,0.27914882
133,270254$_$14,missing,TAV,0,0,0.58496094,0.55859375,-0.46606445,0.026367188,-0.19873046875,-0.14993489086627967,-0.14993489086627967,0.5220063,0.16334404,0.31464973
134,270254$_$16,missing,TAV,1,1,0.3557129,0.37231445,-0.1685791,0.016601562,0.05242919921875,0.05099284350872034,0.05099284350872034,0.56552804,0.15274537,0.2817266
135,272624$_$10,missing,TAV,0,0,2.0429688,-0.9145508,-1.6767578,2.9575195,-1.2138671875,-0.9620442658662798,-0.9620442658662798,0.5637085,0.29019034,0.1461012
136,272624$_$13,missing,TAV,2,2,-0.07165527,-1.1191406,0.97998047,1.0516357,1.005859375,0.8137369841337203,0.8137369841337203,0.55211604,0.28217304,0.16571091
137,272624$_$12,missing,TAV,0,0,1.3876953,-0.23815918,-1.2763672,1.6258545,-0.45263671875,-0.35305989086627965,-0.35305989086627965,0.5453236,0.2930806,0.16159578
138,272624$_$16,missing,TAV,0,0,1.5117188,-0.6425781,-1.2998047,2.1542969,-0.7919921875,-0.6245442658662798,-0.6245442658662798,0.57281125,0.27557263,0.15161608
139,272624$_$18,missing,TAV,1,1,-0.6201172,1.7041016,0.51904297,1.1850586,0.259521484375,0.21666667163372036,0.21666667163372036,0.4625099,0.31784388,0.21964617
140,272624$_$2,missing,TAV,1,1,-0.78759766,1.6962891,0.41674805,1.279541,0.34423828125,0.2844401091337203,0.2844401091337203,0.42038456,0.3771613,0.20245415
141,272624$_$6,missing,TAV,1,1,0.13757324,0.89941406,-0.40161133,0.7618408,-0.03179931640625,-0.016389968991279664,-0.016389968991279664,0.5056051,0.31168544,0.18270949
142,272624$_$9,missing,TAV,0,0,0.6201172,-1.3984375,0.18334961,0.43676758,0.31689453125,0.26256510913372033,0.26256510913372033,0.6118406,0.25640267,0.13175674
143,272624$_$8,missing,TAV,0,0,2.1777344,-1.5146484,-1.7236328,3.6923828,-1.75,-1.3909505158662798,-1.3909505158662798,0.6184939,0.23553094,0.14597517
144,273539$_$3,missing,TAV,0,0,2.5410156,-1.3974609,-1.9619141,3.9384766,-1.87890625,-1.4940755158662797,-1.4940755158662797,0.669219,0.15011415,0.18066683
145,273539$_$2,missing,TAV,1,1,-0.22521973,2.2363281,-0.111694336,2.3480225,-0.02081298828125,-0.007600906491279664,-0.007600906491279664,0.48937988,0.16031477,0.35030538
146,273539$_$9,missing,TAV,0,0,2.0332031,-1.6972656,-1.4052734,3.4384766,-1.544921875,-1.2268880158662798,-1.2268880158662798,0.64884216,0.13469154,0.2164663
147,290546$_$3,missing,TAV,0,0,0.8930664,-0.1751709,-0.64697266,1.0682373,-0.300537109375,-0.23138020336627968,-0.23138020336627968,0.5108661,0.26493654,0.22419733
148,290546$_$5,missing,TAV,0,0,2.0644531,-0.609375,-1.8271484,2.6738281,-1.3623046875,-1.0807942658662797,-1.0807942658662797,0.5871727,0.21793962,0.19488768
149,290546$_$7,missing,TAV,0,0,0.38208008,-0.49780273,-0.10638428,0.48846436,-0.041168212890625,-0.023885086178779665,-0.023885086178779665,0.5409721,0.2584415,0.20058632
150,290546$_$6,missing,TAV,0,0,0.72021484,0.57177734,-0.7211914,0.1484375,-0.2880859375,-0.22141926586627966,-0.22141926586627966,0.51138777,0.24988809,0.23872416
151,2S00zYaVrtc$_$10,missing,TAV,0,0,1.9873047,-1.3505859,-1.5263672,3.3378906,-1.287109375,-1.0206380158662798,-1.0206380158662798,0.61911714,0.14520428,0.23567863
152,2S00zYaVrtc$_$12,missing,TAV,2,2,-1.1582031,-0.3005371,1.8369141,2.1374512,0.9765625,0.7902994841337203,0.7902994841337203,0.56463844,0.1493499,0.2860116
153,2S00zYaVrtc$_$20,missing,TAV,2,2,-1.3857422,-0.8173828,2.3164062,3.133789,1.5703125,1.2652994841337204,1.2652994841337204,0.5798948,0.15872702,0.2613782
154,2S00zYaVrtc$_$17,missing,TAV,0,0,0.7973633,-0.27905273,-0.5097656,1.076416,-0.3505859375,-0.2714192658662796,-0.2714192658662796,0.51979196,0.19607635,0.2841317
155,2S00zYaVrtc$_$5,missing,TAV,2,2,-1.4599609,-0.6689453,2.375,3.0439453,1.583984375,1.2762369841337204,1.2762369841337204,0.5717695,0.17359193,0.25463855
156,2S00zYaVrtc$_$4,missing,TAV,2,2,-0.8510742,-0.033843994,1.3857422,1.4195862,0.7099609375,0.5770182341337203,0.5770182341337203,0.5360593,0.20071734,0.26322338
157,2Xt31_d0XEE$_$2,missing,TAV,2,2,-1.4160156,-0.6191406,2.5625,3.1816406,1.73828125,1.3996744841337203,1.3996744841337203,0.45601648,0.3146162,0.22936733
158,31474$_$11,missing,TAV,1,1,-0.21142578,0.8178711,0.30932617,0.5085449,0.033050537109375,0.03548991382122034,0.03548991382122034,0.48027408,0.22481759,0.29490831
159,31474$_$14,missing,TAV,0,0,0.95166016,-1.2978516,-0.42211914,1.3737793,-0.0194854736328125,-0.0065388947725296635,-0.0065388947725296635,0.6307223,0.16877593,0.20050183
160,31474$_$0,missing,TAV,2,2,-1.1396484,0.8769531,1.5136719,0.63671875,0.70166015625,0.5703776091337204,0.5703776091337204,0.45658413,0.27171874,0.2716971
161,31474$_$3,missing,TAV,1,1,-0.4338379,1.5478516,0.27856445,1.2692871,0.1943359375,0.16451823413372035,0.16451823413372035,0.47471318,0.271069,0.25421783
162,31474$_$6,missing,TAV,0,0,2.7988281,-1.8271484,-2.046875,4.6259766,-2.275390625,-1.8112630158662797,-1.8112630158662797,0.7017677,0.12705414,0.17117816
163,31474$_$9,missing,TAV,0,0,2.1171875,-0.55859375,-1.6591797,2.6757812,-1.2451171875,-0.9870442658662797,-0.9870442658662797,0.6252983,0.17582478,0.19887693
164,31474$_$8,missing,TAV,0,0,2.3476562,-0.6591797,-1.9228516,3.006836,-1.4501953125,-1.1511067658662797,-1.1511067658662797,0.664399,0.16592665,0.16967428
165,32681$_$1,missing,TAV,0,0,0.43041992,-0.7783203,-0.03189087,0.4623108,0.197265625,0.16686198413372036,0.16686198413372036,0.61616987,0.18194203,0.2018881
166,32681$_$3,missing,TAV,0,0,2.5097656,-1.5224609,-1.9384766,4.0322266,-2.0859375,-1.6597005158662799,-1.6597005158662799,0.6547914,0.19644111,0.14876744
167,32681$_$5,missing,TAV,0,0,2.0449219,-1.4667969,-1.5078125,3.5117188,-1.759765625,-1.3987630158662798,-1.3987630158662798,0.6839084,0.17166474,0.14442681
168,32681$_$6,missing,TAV,0,0,2.0917969,-0.6616211,-1.8554688,2.753418,-1.4111328125,-1.1198567658662797,-1.1198567658662797,0.6102915,0.24711709,0.14259142
169,33170$_$1,missing,TAV,0,0,1.5917969,0.1541748,-1.6064453,1.4376221,-1.111328125,-0.8800130158662798,-0.8800130158662798,0.56590194,0.2543608,0.1797373
170,33170$_$3,missing,TAV,0,0,1.5175781,-1.7998047,-0.8017578,2.319336,-1.390625,-1.1034505158662797,-1.1034505158662797,0.6438843,0.2022215,0.15389422
171,33170$_$4,missing,TAV,0,0,2.1074219,-1.5166016,-1.4472656,3.5546875,-1.7841796875,-1.4182942658662798,-1.4182942658662798,0.62083685,0.19968958,0.17947352
172,3MFNIag0wNE$_$12,missing,TAV,0,0,2.3417969,-1.4619141,-1.8681641,3.803711,-1.5791015625,-1.2542317658662798,-1.2542317658662798,0.63076586,0.1423893,0.22684483
173,3MFNIag0wNE$_$14,missing,TAV,0,0,2.6894531,-1.7050781,-1.9736328,4.3945312,-2.013671875,-1.6018880158662798,-1.6018880158662798,0.6303184,0.1410788,0.2286028
174,3MFNIag0wNE$_$16,missing,TAV,1,1,-0.97265625,1.140625,1.1396484,0.0009765625,0.36083984375,0.29772135913372033,0.29772135913372033,0.47963277,0.24129169,0.2790755
175,3MFNIag0wNE$_$7,missing,TAV,0,0,0.2915039,-0.7685547,0.059387207,0.2321167,0.10345458984375,0.09181315600872034,0.09181315600872034,0.5269671,0.18464577,0.28838715
176,3V2qm0rw920$_$11,missing,TAV,2,2,-0.80126953,0.71191406,0.9995117,0.28759766,0.30224609375,0.25084635913372033,0.25084635913372033,0.41620257,0.28481463,0.29898274
177,3V2qm0rw920$_$13,missing,TAV,2,2,-1.4033203,-0.34521484,2.3710938,2.7163086,1.2900390625,1.0410807341337203,1.0410807341337203,0.51349235,0.2433645,0.24314311
178,3V2qm0rw920$_$3,missing,TAV,1,1,-0.5761719,0.81396484,0.74658203,0.06738281,0.103515625,0.09186198413372035,0.09186198413372035,0.48306388,0.17891562,0.3380205
179,3j94B0pzSVs$_$12,missing,TAV,2,2,-1.4130859,0.091918945,2.1542969,2.062378,0.787109375,0.6387369841337204,0.6387369841337204,0.52143484,0.22836746,0.25019765
180,3j94B0pzSVs$_$17,missing,TAV,0,0,2.1113281,-1.0322266,-1.5322266,3.1435547,-1.2177734375,-0.9651692658662797,-0.9651692658662797,0.6179981,0.1721433,0.20985854
181,3j94B0pzSVs$_$1,missing,TAV,0,0,0.2993164,0.16748047,0.0126953125,0.13183594,0.1868896484375,0.15856120288372033,0.15856120288372033,0.5288552,0.23636238,0.23478238
182,3j94B0pzSVs$_$0,missing,TAV,1,1,-0.3737793,1.6103516,0.46362305,1.1467285,0.0980224609375,0.08746745288372035,0.08746745288372035,0.455142,0.26843917,0.2764188
183,4cFeG2ydm9A$_$8,missing,TAV,2,2,-1.0371094,-0.41308594,1.8447266,2.2578125,1.2412109375,1.0020182341337205,1.0020182341337205,0.52894086,0.16945744,0.30160177
184,4dV3slGSc60$_$10,missing,TAV,2,2,-1.3046875,0.7475586,1.7646484,1.0170898,0.64794921875,0.5274088591337204,0.5274088591337204,0.44749823,0.26459408,0.28790766
185,4dV3slGSc60$_$12,missing,TAV,2,2,-1.2275391,0.56347656,1.7529297,1.1894531,0.75,0.6090494841337204,0.6090494841337204,0.43558437,0.2741532,0.29026243
186,4dV3slGSc60$_$22,missing,TAV,2,2,-1.2246094,0.73046875,1.8212891,1.0908203,0.69287109375,0.5633463591337203,0.5633463591337203,0.4761837,0.23293674,0.2908796
187,4dV3slGSc60$_$9,missing,TAV,2,2,-1.1103516,0.3708496,1.6347656,1.263916,0.736328125,0.5981119841337204,0.5981119841337204,0.43938637,0.29961655,0.26099712
188,4dV3slGSc60$_$8,missing,TAV,2,2,-1.2275391,-0.70166016,2.1601562,2.8618164,1.630859375,1.3137369841337203,1.3137369841337203,0.54573953,0.25859964,0.19566086
189,50103$_$3,missing,TAV,0,0,2.6621094,-1.7275391,-2.0117188,4.3896484,-2.154296875,-1.7143880158662799,-1.7143880158662799,0.646915,0.175203,0.17788203
190,5B0PQx3Ep3k$_$5,missing,TAV,2,2,-1.0693359,0.2788086,1.7021484,1.4233398,0.78076171875,0.6336588591337203,0.6336588591337203,0.4807962,0.17259735,0.34660646
191,5O1W39o56gg$_$1,missing,TAV,1,1,-0.82373047,1.6474609,0.8964844,0.75097656,0.329345703125,0.2725260466337204,0.2725260466337204,0.43284273,0.2193461,0.34781113
192,5O1W39o56gg$_$2,missing,TAV,1,1,-0.8256836,1.4677734,0.9838867,0.48388672,0.27978515625,0.23287760913372035,0.23287760913372035,0.4578764,0.22496843,0.31715515
193,5O1W39o56gg$_$9,missing,TAV,2,2,-1.5488281,-0.05532837,2.3164062,2.3717346,1.2841796875,1.0363932341337203,1.0363932341337203,0.51932555,0.1870537,0.29362074
194,5i6AgQSjXO4$_$3,missing,TAV,2,2,-0.9550781,1.3183594,1.3212891,0.0029296875,0.5205078125,0.4254557341337204,0.4254557341337204,0.41391024,0.32159865,0.26449114
195,5i6AgQSjXO4$_$2,missing,TAV,2,2,-1.0224609,0.20495605,1.5849609,1.3800049,0.9951171875,0.8051432341337204,0.8051432341337204,0.4394108,0.27197295,0.28861624
196,5i6AgQSjXO4$_$6,missing,TAV,1,1,-0.33764648,1.8134766,0.096069336,1.7174072,0.1405029296875,0.12145182788372035,0.12145182788372035,0.47366008,0.22154036,0.30479953
197,5kaCGzjYukM$_$0,missing,TAV,1,1,-0.42797852,0.8154297,0.5517578,0.26367188,0.1846923828125,0.15680339038372035,0.15680339038372035,0.44738525,0.26260626,0.29000854
198,5kaCGzjYukM$_$3,missing,TAV,0,0,1.5478516,-0.29492188,-1.3125,1.8427734,-0.8193359375,-0.6464192658662797,-0.6464192658662797,0.5237166,0.19036569,0.28591764
199,5kaCGzjYukM$_$2,missing,TAV,0,0,2.125,-1.3505859,-1.5947266,3.475586,-1.42578125,-1.1315755158662797,-1.1315755158662797,0.56217325,0.2029906,0.23483615
200,5kaCGzjYukM$_$5,missing,TAV,0,0,2.3183594,-1.3388672,-1.8388672,3.6572266,-1.759765625,-1.3987630158662798,-1.3987630158662798,0.58926535,0.1553524,0.2553823
201,5kaCGzjYukM$_$7,missing,TAV,2,2,-0.94140625,-0.40820312,1.6650391,2.0732422,0.984375,0.7965494841337204,0.7965494841337204,0.5565523,0.19306903,0.25037867
202,6KvG5VbLalY$_$9,missing,TAV,2,2,-0.62939453,0.8564453,1.0800781,0.22363281,0.421875,0.34654948413372033,0.34654948413372033,0.35750815,0.31733492,0.32515693
203,6ZA8I83x-oY$_$0,missing,TAV,2,2,-0.2939453,0.10522461,0.46801758,0.36279297,0.33935546875,0.2805338591337203,0.2805338591337203,0.4750509,0.2603493,0.26459977
204,6ZA8I83x-oY$_$2,missing,TAV,2,2,-1.1230469,-0.5888672,2.171875,2.7607422,1.525390625,1.2293619841337204,1.2293619841337204,0.5306513,0.26470155,0.20464718
205,6hFiTU77Sm0$_$1,missing,TAV,2,2,-0.27392578,0.5102539,0.57470703,0.064453125,0.37841796875,0.3117838591337203,0.3117838591337203,0.4796903,0.23718858,0.2831211
206,6hFiTU77Sm0$_$2,missing,TAV,1,1,0.011505127,1.0097656,0.12036133,0.8894043,0.08056640625,0.07350260913372034,0.07350260913372034,0.40234813,0.33543777,0.2622141
207,6uPGcKTpC4I$_$1,missing,TAV,2,2,-0.93896484,0.14343262,1.4697266,1.326294,0.89453125,0.7246744841337204,0.7246744841337204,0.46455967,0.2024588,0.3329815
208,6uPGcKTpC4I$_$2,missing,TAV,2,2,-1.0488281,-0.22058105,1.8076172,2.0281982,1.2001953125,0.9692057341337204,0.9692057341337204,0.44205174,0.22642873,0.3315195
209,6uPGcKTpC4I$_$6,missing,TAV,2,2,-1.2919922,0.7480469,1.8330078,1.0849609,0.7734375,0.6277994841337203,0.6277994841337203,0.39988136,0.22621465,0.37390396
210,70280$_$11,missing,TAV,0,0,2.0097656,-1.6044922,-1.2978516,3.3076172,-1.609375,-1.2784505158662798,-1.2784505158662798,0.64986604,0.19526182,0.1548722
211,70280$_$3,missing,TAV,0,0,1.9208984,-0.90234375,-1.6230469,2.8232422,-1.1494140625,-0.9104817658662797,-0.9104817658662797,0.6264818,0.20696956,0.16654857
212,70280$_$4,missing,TAV,2,2,-1.0751953,0.5917969,1.5878906,0.99609375,0.8349609375,0.6770182341337203,0.6770182341337203,0.4994571,0.29052308,0.21001984
213,70280$_$6,missing,TAV,0,0,0.5698242,-0.9638672,0.10882568,0.46099854,0.09234619140625,0.08292643725872034,0.08292643725872034,0.61362356,0.23277266,0.1536038
214,75RGHaxmUK8$_$3,missing,TAV,2,2,-1.2226562,1.0625,1.6552734,0.59277344,0.60498046875,0.49303385913372033,0.49303385913372033,0.44760755,0.2729326,0.2794599
215,75RGHaxmUK8$_$5,missing,TAV,1,1,-0.5864258,2.078125,0.38671875,1.6914062,-0.00893402099609375,0.0019022673368453364,0.0019022673368453364,0.4435353,0.27715555,0.27930915
216,7_K3F-lAv1k$_$2,missing,TAV,2,2,0.0625,0.06628418,0.2902832,0.22399902,0.2998046875,0.24889323413372036,0.24889323413372036,0.50464827,0.2052427,0.29010907
217,7r4vRxKLFCA$_$6,missing,TAV,2,2,-1.0791016,-0.12646484,1.7626953,1.8891602,1.16796875,0.9434244841337204,0.9434244841337204,0.48837858,0.29197899,0.21964245
218,80566$_$1,missing,TAV,2,2,-1.1708984,0.06939697,1.9443359,1.874939,1.056640625,0.8543619841337203,0.8543619841337203,0.53217673,0.20427997,0.26354334
219,80566$_$0,missing,TAV,1,1,-0.30688477,2.0410156,-0.0078086853,2.0488243,-0.143310546875,-0.10559895336627967,-0.10559895336627967,0.50313395,0.18957825,0.30728778
220,80566$_$3,missing,TAV,1,1,-0.6713867,1.0664062,0.8959961,0.17041016,0.1937255859375,0.16402995288372035,0.16402995288372035,0.47855368,0.23212858,0.2893178
221,80566$_$2,missing,TAV,1,1,-0.7993164,1.2900391,0.93066406,0.359375,0.090087890625,0.08111979663372033,0.08111979663372033,0.4567816,0.2922662,0.25095224
222,80566$_$4,missing,TAV,0,0,0.82958984,-1.2587891,-0.34350586,1.1730957,-0.243408203125,-0.18567707836627967,-0.18567707836627967,0.5560068,0.21798664,0.22600657
223,80566$_$6,missing,TAV,0,0,1.9082031,-0.47143555,-1.6376953,2.3796387,-1.1328125,-0.8972005158662797,-0.8972005158662797,0.6077831,0.13456793,0.25764903
224,80855$_$11,missing,TAV,1,1,-0.38720703,1.7880859,0.15759277,1.6304932,0.07952880859375,0.07267253100872034,0.07267253100872034,0.45075452,0.2391745,0.31007096
225,80855$_$10,missing,TAV,1,1,0.103393555,1.8583984,-0.58691406,1.7550049,-0.16162109375,-0.12024739086627967,-0.12024739086627967,0.4460301,0.22296278,0.3310071
226,80855$_$12,missing,TAV,0,0,1.3779297,0.67871094,-1.7382812,0.69921875,-0.82177734375,-0.6483723908662797,-0.6483723908662797,0.5649664,0.22141695,0.2136167
227,80855$_$15,missing,TAV,2,2,-1.3769531,-0.24401855,2.2890625,2.533081,1.4755859375,1.1895182341337203,1.1895182341337203,0.57190824,0.2003658,0.22772598
228,80855$_$17,missing,TAV,0,0,2.1796875,-1.2705078,-1.5869141,3.4501953,-1.3984375,-1.1097005158662798,-1.1097005158662798,0.6324132,0.14198756,0.22559921
229,80855$_$0,missing,TAV,1,1,-0.43579102,2.0566406,0.2121582,1.8444824,0.0117034912109375,0.018412277102470335,0.018412277102470335,0.46364483,0.2244597,0.3118955
230,80855$_$3,missing,TAV,1,1,-0.85302734,1.4492188,0.9526367,0.49658203,0.262451171875,0.21901042163372034,0.21901042163372034,0.48185462,0.21055508,0.30759034
231,80855$_$2,missing,TAV,1,1,0.8041992,0.92578125,-1.0576172,0.12158203,-0.470703125,-0.3675130158662797,-0.3675130158662797,0.55781347,0.17371242,0.2684742
232,80855$_$7,missing,TAV,1,1,0.77978516,1.2666016,-1.0498047,0.4868164,-0.345703125,-0.2675130158662796,-0.2675130158662796,0.52475655,0.19356929,0.28167418
233,80855$_$20,missing,TAV,2,2,-0.7036133,0.83935547,0.91259766,0.07324219,0.42138671875,0.34615885913372035,0.34615885913372035,0.46713623,0.21366578,0.31919798
234,830KzUc6CbU$_$0,missing,TAV,1,1,-0.26831055,1.9570312,0.115722656,1.8413086,0.0760498046875,0.06988932788372035,0.06988932788372035,0.4302767,0.21467721,0.35504612
235,830KzUc6CbU$_$13,missing,TAV,0,0,1.1962891,0.5385742,-1.1982422,0.65771484,-0.35693359375,-0.27649739086627967,-0.27649739086627967,0.5255465,0.20812543,0.26632807
236,84140$_$0,missing,TAV,2,2,0.25317383,-0.9482422,0.47094727,0.21777344,0.6376953125,0.5192057341337203,0.5192057341337203,0.54656404,0.2477874,0.20564859
237,84140$_$5,missing,TAV,0,0,2.2128906,-1.5673828,-1.6738281,3.7802734,-1.744140625,-1.3862630158662799,-1.3862630158662799,0.60145545,0.20599703,0.1925475
238,89835$_$1,missing,TAV,2,2,-0.79785156,0.77783203,1.1533203,0.37548828,0.4716796875,0.3863932341337204,0.3863932341337204,0.45743957,0.28535178,0.25720865
239,89835$_$0,missing,TAV,1,1,-0.80908203,1.0507812,1.0068359,0.043945312,0.287841796875,0.23932292163372035,0.23932292163372035,0.46610844,0.23527597,0.29861557
240,89835$_$4,missing,TAV,0,0,1.765625,-0.11462402,-1.4794922,1.880249,-0.69091796875,-0.5436848908662797,-0.5436848908662797,0.5978112,0.21851279,0.18367599
241,89835$_$7,missing,TAV,0,0,2.4453125,-1.9375,-1.5146484,3.959961,-1.9716796875,-1.5682942658662797,-1.5682942658662797,0.6461129,0.19441587,0.15947123
242,8eaYvALnJ0o$_$1,missing,TAV,2,2,-1.5439453,-0.028656006,2.4707031,2.4993591,1.2109375,0.9777994841337203,0.9777994841337203,0.52404153,0.23700806,0.23895043
243,8eaYvALnJ0o$_$0,missing,TAV,2,2,-1.5488281,-0.3125,2.5253906,2.8378906,1.4287109375,1.1520182341337204,1.1520182341337204,0.5812719,0.19861208,0.22011599
244,8x_nCOh6Wmc$_$6,missing,TAV,2,2,-0.99658203,-0.7651367,2.1054688,2.8706055,1.53515625,1.2371744841337204,1.2371744841337204,0.51843536,0.17325473,0.30830985
245,96642$_$1,missing,TAV,0,0,2.0605469,-0.41723633,-1.9501953,2.4777832,-1.6201171875,-1.2870442658662797,-1.2870442658662797,0.67600006,0.15602112,0.16797885
246,96642$_$3,missing,TAV,2,2,-1.2832031,-0.32250977,2.1992188,2.5217285,1.4462890625,1.1660807341337203,1.1660807341337203,0.55476683,0.21292485,0.23230831
247,96642$_$2,missing,TAV,1,1,-0.6821289,1.7236328,0.6118164,1.1118164,0.073486328125,0.06783854663372034,0.06783854663372034,0.458043,0.28990915,0.25204784
248,96642$_$4,missing,TAV,0,0,2.7050781,-1.7851562,-2.0019531,4.4902344,-2.20703125,-1.7565755158662797,-1.7565755158662797,0.7086264,0.13784637,0.15352729
249,99501$_$10,missing,TAV,0,0,0.49975586,-1.3222656,0.16442871,0.33532715,0.225830078125,0.18971354663372034,0.18971354663372034,0.59479684,0.20363432,0.20156883
250,99501$_$13,missing,TAV,0,0,2.3808594,-1.6289062,-1.8388672,4.0097656,-1.88671875,-1.5003255158662798,-1.5003255158662798,0.6268057,0.19504713,0.17814717
251,99501$_$1,missing,TAV,1,1,-0.8754883,1.7363281,0.77783203,0.9584961,0.302734375,0.2512369841337203,0.2512369841337203,0.47346956,0.25310898,0.27342147
252,99501$_$0,missing,TAV,1,1,-0.8354492,1.8662109,0.70458984,1.1616211,0.1710205078125,0.14586589038372033,0.14586589038372033,0.4604901,0.25185347,0.2876564
253,99501$_$5,missing,TAV,0,0,1.2744141,-0.6713867,-0.88378906,1.9458008,-0.6396484375,-0.5026692658662797,-0.5026692658662797,0.59063095,0.2124411,0.1969279
254,99501$_$7,missing,TAV,2,2,-0.6850586,-0.7270508,1.5947266,2.2797852,1.06640625,0.8621744841337203,0.8621744841337203,0.55347174,0.22295284,0.2235754
255,9QI-9w_VdB4$_$0,missing,TAV,2,2,-0.7631836,0.4230957,1.3154297,0.892334,0.6630859375,0.5395182341337204,0.5395182341337204,0.37925497,0.30504224,0.31570277
256,AG5EY8ZaFj4$_$3,missing,TAV,1,1,-0.8618164,1.3779297,1.0664062,0.31152344,0.275634765625,0.22955729663372035,0.22955729663372035,0.43068433,0.2725205,0.29679513
257,AG5EY8ZaFj4$_$15,missing,TAV,1,1,-0.4880371,0.79589844,0.7661133,0.029785156,0.19384765625,0.16412760913372035,0.16412760913372035,0.37231773,0.29257303,0.3351092
258,Arh2TKRi_mg$_$15,missing,TAV,2,2,-1.2792969,0.421875,1.8466797,1.4248047,0.6318359375,0.5145182341337203,0.5145182341337203,0.47695157,0.2504688,0.2725796
259,Arh2TKRi_mg$_$14,missing,TAV,2,2,-1.1474609,0.7324219,1.6357422,0.9033203,0.4521484375,0.3707682341337204,0.3707682341337204,0.4684399,0.22399998,0.30756018
260,Arh2TKRi_mg$_$16,missing,TAV,1,1,-0.7504883,1.0556641,1.0517578,0.00390625,0.5625,0.4590494841337204,0.4590494841337204,0.39570713,0.31156322,0.29272962
261,Arh2TKRi_mg$_$19,missing,TAV,2,2,-0.79003906,0.44555664,1.2763672,0.83081055,0.427734375,0.3512369841337204,0.3512369841337204,0.47812214,0.22457668,0.29730114
262,Arh2TKRi_mg$_$32,missing,TAV,2,2,-1.5322266,-0.5546875,2.6875,3.2421875,1.7421875,1.4027994841337204,1.4027994841337204,0.5358599,0.13963737,0.3245028
263,Arh2TKRi_mg$_$28,missing,TAV,0,0,1.7080078,-0.12219238,-1.2490234,1.8302002,-0.68359375,-0.5378255158662797,-0.5378255158662797,0.56184936,0.18425125,0.2538993
264,Arh2TKRi_mg$_$3,missing,TAV,2,2,-0.8457031,0.9658203,1.2236328,0.2578125,0.5078125,0.4152994841337203,0.4152994841337203,0.4365822,0.22422494,0.33919287
265,AxNy9TeTLq8$_$0,missing,TAV,2,2,-1.5859375,-0.49829102,2.7128906,3.2111816,1.720703125,1.3856119841337204,1.3856119841337204,0.4892776,0.2787464,0.23197599
266,BSKAHXFYF_I$_$1,missing,TAV,1,1,-0.21472168,1.8525391,0.036621094,1.815918,0.12432861328125,0.10851237475872035,0.10851237475872035,0.4469904,0.27158302,0.2814266
267,BSKAHXFYF_I$_$3,missing,TAV,1,1,-0.8823242,1.5830078,0.96191406,0.62109375,0.43408203125,0.35631510913372033,0.35631510913372033,0.42667344,0.30040142,0.27292514
268,BSKAHXFYF_I$_$7,missing,TAV,1,1,-0.46313477,1.8417969,0.38745117,1.4543457,0.166015625,0.14186198413372034,0.14186198413372034,0.4531481,0.28794625,0.25890565
269,BSKAHXFYF_I$_$8,missing,TAV,1,1,-0.23400879,1.4033203,0.23059082,1.1727295,0.1549072265625,0.13297526538372034,0.13297526538372034,0.43221465,0.2417441,0.32604125
270,Baz0VVQ-E9E$_$10,missing,TAV,0,0,1.6083984,-1.0224609,-1.2197266,2.6308594,-0.935546875,-0.7393880158662798,-0.7393880158662798,0.51568615,0.30231693,0.18199691
271,Baz0VVQ-E9E$_$1,missing,TAV,1,1,-0.16833496,1.3515625,0.0892334,1.2623291,0.037933349609375,0.03939616382122034,0.03939616382122034,0.4667857,0.303421,0.22979333
272,Baz0VVQ-E9E$_$5,missing,TAV,0,0,1.8408203,-0.03817749,-1.8535156,1.8789978,-0.9931640625,-0.7854817658662797,-0.7854817658662797,0.6411724,0.16537838,0.1934492
273,Baz0VVQ-E9E$_$7,missing,TAV,2,2,-0.78466797,-0.3930664,1.4775391,1.8706055,0.90380859375,0.7320963591337204,0.7320963591337204,0.524217,0.24905662,0.22672634
274,CJGuudyvA0Y$_$4,missing,TAV,2,2,0.1517334,-0.32617188,0.23010254,0.07836914,0.175537109375,0.14947917163372035,0.14947917163372035,0.52940655,0.24867913,0.22191426
275,CPjbogfLHR4$_$2,missing,TAV,2,2,-0.5732422,0.6748047,0.85595703,0.18115234,0.3671875,0.3027994841337204,0.3027994841337204,0.51752347,0.22267713,0.25979942
276,CPjbogfLHR4$_$5,missing,TAV,2,2,-1.1035156,1.1318359,1.6220703,0.49023438,0.53173828125,0.43444010913372033,0.43444010913372033,0.48730367,0.2706178,0.24207847
277,DdUJojoFU_c$_$11,missing,TAV,2,2,-0.83984375,0.6982422,1.0917969,0.3935547,0.54833984375,0.44772135913372035,0.44772135913372035,0.42181402,0.25561693,0.32256904
278,DdUJojoFU_c$_$15,missing,TAV,2,2,-1.1220703,1.0761719,1.3857422,0.3095703,0.5166015625,0.42233073413372035,0.42233073413372035,0.3457418,0.37545332,0.2788049
279,DdUJojoFU_c$_$14,missing,TAV,2,2,-1.5371094,0.07043457,2.2167969,2.1463623,1.373046875,1.1074869841337203,1.1074869841337203,0.39182195,0.24251099,0.3656671
280,DdUJojoFU_c$_$17,missing,TAV,1,1,-0.0105896,1.2294922,-0.008300781,1.237793,0.25634765625,0.21412760913372034,0.21412760913372034,0.4744855,0.22781558,0.29769897
281,DdUJojoFU_c$_$16,missing,TAV,2,2,-1.5839844,-0.019012451,2.234375,2.2533875,1.4482421875,1.1676432341337204,1.1676432341337204,0.3967592,0.2167839,0.38645685
282,DdUJojoFU_c$_$2,missing,TAV,2,2,-1.1445312,0.21862793,1.6787109,1.460083,1.0146484375,0.8207682341337204,0.8207682341337204,0.39281943,0.29294,0.31424055
283,DdUJojoFU_c$_$6,missing,TAV,1,1,-0.5703125,1.296875,0.42016602,0.876709,0.33935546875,0.2805338591337203,0.2805338591337203,0.4542862,0.20689021,0.33882362
284,DdUJojoFU_c$_$8,missing,TAV,2,2,-0.8408203,0.53271484,1.0556641,0.5229492,0.70458984375,0.5727213591337204,0.5727213591337204,0.40687683,0.26031777,0.33280537
285,DlbYiwOnTyk$_$1,missing,TAV,1,1,-0.41845703,1.4765625,0.3395996,1.1369629,-0.021759033203125,-0.008357742428779662,-0.008357742428779662,0.47439897,0.27262565,0.2529754
286,E8MuzHUhUHk$_$15,missing,TAV,2,2,-1.6113281,0.08703613,2.4628906,2.3758545,1.2353515625,0.9973307341337203,0.9973307341337203,0.49206924,0.22570644,0.28222433
287,E8MuzHUhUHk$_$14,missing,TAV,2,2,-1.0185547,0.22509766,1.78125,1.5561523,0.982421875,0.7949869841337204,0.7949869841337204,0.42209738,0.30279112,0.27511147
288,E8MuzHUhUHk$_$16,missing,TAV,2,2,-1.4140625,-0.14807129,2.2773438,2.425415,1.3310546875,1.0738932341337204,1.0738932341337204,0.48874635,0.21685392,0.29439974
289,E8MuzHUhUHk$_$2,missing,TAV,2,2,-0.64404297,0.5449219,0.87890625,0.33398438,0.482666015625,0.3951822966337204,0.3951822966337204,0.42980805,0.25530356,0.31488842
290,E8MuzHUhUHk$_$9,missing,TAV,2,2,-0.20874023,-0.064331055,0.58740234,0.6517334,0.564453125,0.4606119841337204,0.4606119841337204,0.52967983,0.26182526,0.20849493
291,EEjCkc82oyk$_$7,missing,TAV,0,0,1.4287109,0.2980957,-1.2724609,1.1306152,-0.29931640625,-0.23040364086627968,-0.23040364086627968,0.53664386,0.22976209,0.23359405
292,EEjCkc82oyk$_$9,missing,TAV,0,0,0.86865234,0.076416016,-0.6791992,0.7922363,-0.1007080078125,-0.07151692211627966,-0.07151692211627966,0.52715874,0.20435642,0.26848486
293,EQxkXiWAm08$_$8,missing,TAV,1,1,0.5239258,1.5849609,-0.87060547,1.0610352,-0.188720703125,-0.14192707836627969,-0.14192707836627969,0.4026925,0.23518626,0.3621212
294,ET1cU5_A2YM$_$1,missing,TAV,0,0,1.9384766,-0.85839844,-1.6777344,2.796875,-1.15234375,-0.9128255158662797,-0.9128255158662797,0.59333986,0.17187795,0.23478222
295,ET1cU5_A2YM$_$3,missing,TAV,0,0,0.21081543,-0.6323242,0.11999512,0.09082031,0.214599609375,0.18072917163372035,0.18072917163372035,0.54312897,0.19526409,0.2616069
296,ET1cU5_A2YM$_$6,missing,TAV,0,0,1.6748047,-0.17272949,-1.5224609,1.8475342,-0.73291015625,-0.5772786408662797,-0.5772786408662797,0.57234603,0.1991477,0.22850627
297,EmmuWoCUgXs$_$22,missing,TAV,1,1,-0.75341797,1.3994141,0.97509766,0.4243164,0.30419921875,0.25240885913372035,0.25240885913372035,0.52838784,0.17869386,0.29291826
298,EmmuWoCUgXs$_$7,missing,TAV,0,0,2.0078125,-1.9658203,-1.2558594,3.2636719,-1.427734375,-1.1331380158662798,-1.1331380158662798,0.6311609,0.16607483,0.20276433
299,Es9MkKsMsjU$_$10,missing,TAV,1,1,-0.33862305,0.58203125,0.4802246,0.10180664,0.447509765625,0.36705729663372033,0.36705729663372033,0.43032414,0.34245953,0.22721632
300,Es9MkKsMsjU$_$12,missing,TAV,0,0,2.1347656,-1.3466797,-1.7109375,3.4814453,-1.578125,-1.2534505158662799,-1.2534505158662799,0.57083404,0.24672298,0.18244302
301,Es9MkKsMsjU$_$2,missing,TAV,0,0,2.3027344,-1.3369141,-1.8623047,3.6396484,-1.767578125,-1.4050130158662797,-1.4050130158662797,0.5908008,0.23037092,0.17882825
302,Es9MkKsMsjU$_$7,missing,TAV,0,0,2.2167969,-1.578125,-1.5888672,3.7949219,-1.828125,-1.4534505158662798,-1.4534505158662798,0.57860357,0.22738813,0.19400828
303,Ezn3p5FWF_U$_$4,missing,TAV,2,2,-1.1123047,-0.25708008,2.0175781,2.2746582,1.09375,0.8840494841337203,0.8840494841337203,0.4784429,0.2690126,0.25254455
304,F1U26PLiXjM$_$1,missing,TAV,2,2,-0.52001953,0.17687988,0.8618164,0.6849365,0.390625,0.3215494841337203,0.3215494841337203,0.5139576,0.25321418,0.23282816
305,F6JV-K840EY$_$2,missing,TAV,0,0,1.0126953,0.14562988,-0.79003906,0.8670654,-0.1297607421875,-0.09475910961627967,-0.09475910961627967,0.5487778,0.20091993,0.25030226
306,FB_b1dm0SRY$_$10,missing,TAV,0,0,1.2470703,-0.040374756,-1.0478516,1.2874451,-0.46875,-0.3659505158662797,-0.3659505158662797,0.5283368,0.19150655,0.28015664
307,FB_b1dm0SRY$_$0,missing,TAV,1,1,-0.55126953,1.4130859,0.5151367,0.8979492,0.05908203125,0.05631510913372034,0.05631510913372034,0.43235892,0.2405835,0.32705757
308,FB_b1dm0SRY$_$6,missing,TAV,0,0,0.28442383,-0.080444336,-0.004940033,0.28936386,0.34619140625,0.28600260913372033,0.28600260913372033,0.4169578,0.26992872,0.31311348
309,FB_b1dm0SRY$_$9,missing,TAV,0,0,1.0097656,-0.11279297,-0.7680664,1.1225586,-0.1632080078125,-0.12151692211627968,-0.12151692211627968,0.48039055,0.2447615,0.27484795
310,FB_b1dm0SRY$_$8,missing,TAV,2,2,-1.2265625,-0.6513672,2.2675781,2.9189453,1.6904296875,1.3613932341337205,1.3613932341337205,0.560749,0.20804448,0.23120655
311,FxxJB8hBpyQ$_$1,missing,TAV,0,0,1.3271484,-0.6821289,-0.8808594,2.0092773,-0.40966796875,-0.3186848908662797,-0.3186848908662797,0.49186382,0.27152166,0.23661444
312,Fy0Uid9afM8$_$0,missing,TAV,1,1,0.39648438,0.71191406,-0.69677734,0.3154297,-0.0587158203125,-0.037923172116279665,-0.037923172116279665,0.42849398,0.3074294,0.26407662
313,Fy0Uid9afM8$_$3,missing,TAV,0,0,1.2402344,0.1505127,-1.1376953,1.0897217,-0.399169921875,-0.3102864533662797,-0.3102864533662797,0.46222574,0.32657865,0.21119563
314,Fy0Uid9afM8$_$5,missing,TAV,1,1,0.32983398,0.66503906,-0.21679688,0.33520508,0.153564453125,0.13190104663372035,0.13190104663372035,0.46319222,0.2909989,0.24580885
315,Fy0Uid9afM8$_$4,missing,TAV,0,0,0.83447266,0.7241211,-0.96435547,0.11035156,-0.22998046875,-0.17493489086627967,-0.17493489086627967,0.4783014,0.26960465,0.2520939
316,H1DpVwktfDQ$_$0,missing,TAV,0,0,1.2324219,0.095581055,-0.953125,1.1368408,-0.45849609375,-0.3577473908662797,-0.3577473908662797,0.5640689,0.18355455,0.2523765
317,HGicRLwgtkM$_$1,missing,TAV,2,2,-0.8256836,0.74316406,1.2265625,0.48339844,0.5166015625,0.42233073413372035,0.42233073413372035,0.40645075,0.35740963,0.23613961
318,HGicRLwgtkM$_$3,missing,TAV,1,1,-0.5727539,0.8984375,0.7871094,0.111328125,0.32861328125,0.27194010913372035,0.27194010913372035,0.40195507,0.32789108,0.27015385
319,HGicRLwgtkM$_$2,missing,TAV,2,2,-1.1181641,0.8359375,1.6748047,0.8388672,0.65478515625,0.5328776091337203,0.5328776091337203,0.404394,0.31860623,0.27699977
320,HGicRLwgtkM$_$6,missing,TAV,2,2,-1.0869141,0.9682617,1.5878906,0.6196289,0.55859375,0.45592448413372033,0.45592448413372033,0.39484647,0.3301064,0.27504706
321,HmXXW45eZL4$_$1,missing,TAV,0,0,0.62841797,-0.52246094,-0.20727539,0.83569336,-0.0389404296875,-0.022102859616279665,-0.022102859616279665,0.5501607,0.20849566,0.24134357
322,HmXXW45eZL4$_$4,missing,TAV,0,0,2.3105469,-0.84765625,-1.8144531,3.1582031,-1.4130859375,-1.1214192658662798,-1.1214192658662798,0.6391493,0.16154559,0.19930513
323,IM6HW1HwHhM$_$11,missing,TAV,0,0,0.7890625,-0.18432617,-0.40942383,0.9733887,-0.10302734375,-0.07337239086627967,-0.07337239086627967,0.4936717,0.23489028,0.27143797
324,IM6HW1HwHhM$_$15,missing,TAV,2,2,-1.0878906,-0.27905273,2.1425781,2.4216309,1.2978515625,1.0473307341337204,1.0473307341337204,0.45502973,0.23403844,0.3109318
325,IM6HW1HwHhM$_$17,missing,TAV,2,2,-1.265625,0.17297363,1.9990234,1.8260498,0.92138671875,0.7461588591337204,0.7461588591337204,0.4651083,0.20999375,0.32489792
326,IUmxJNs2zaY$_$3,missing,TAV,1,1,-0.7006836,1.7138672,0.6118164,1.1020508,0.13916015625,0.12037760913372034,0.12037760913372034,0.39486635,0.40668952,0.1984441
327,IUmxJNs2zaY$_$2,missing,TAV,1,1,-0.20788574,1.7119141,0.07800293,1.6339111,0.04168701171875,0.042399093508720335,0.042399093508720335,0.49600235,0.27694798,0.2270497
328,JAnRCQ9A0vI$_$1,missing,TAV,1,1,-1.0410156,1.2773438,1.2705078,0.0068359375,0.48876953125,0.4000651091337204,0.4000651091337204,0.37784493,0.33173898,0.29041612
329,JAnRCQ9A0vI$_$0,missing,TAV,1,1,-0.59765625,1.1884766,0.7104492,0.47802734,0.42041015625,0.3453776091337204,0.3453776091337204,0.3868076,0.37077937,0.24241306
330,JAnRCQ9A0vI$_$3,missing,TAV,2,2,-1.4296875,0.25830078,2.2695312,2.0112305,1.267578125,1.0231119841337204,1.0231119841337204,0.454836,0.24619861,0.29896536
331,JAnRCQ9A0vI$_$2,missing,TAV,2,2,-1.3642578,0.26293945,2.1601562,1.8972168,1.294921875,1.0449869841337203,1.0449869841337203,0.373913,0.28687543,0.33921158
332,JAnRCQ9A0vI$_$5,missing,TAV,2,2,-1.2568359,0.9692383,1.7001953,0.73095703,0.60546875,0.4934244841337203,0.4934244841337203,0.43734246,0.290685,0.2719725
333,JAnRCQ9A0vI$_$4,missing,TAV,1,1,-0.5371094,0.9345703,0.84765625,0.08691406,0.405029296875,0.3330729216337204,0.3330729216337204,0.443797,0.23642167,0.3197813
334,JAnRCQ9A0vI$_$8,missing,TAV,2,2,-1.1894531,0.96875,1.6806641,0.71191406,0.671875,0.5465494841337203,0.5465494841337203,0.43492162,0.29240242,0.27267593
335,JOK1SSmPtFw$_$10,missing,TAV,2,2,-0.87646484,1.0869141,1.1376953,0.05078125,0.198974609375,0.16822917163372034,0.16822917163372034,0.48548377,0.20831299,0.30620328
336,JOK1SSmPtFw$_$13,missing,TAV,2,2,-0.8022461,0.12756348,1.5849609,1.4573975,0.69384765625,0.5641276091337203,0.5641276091337203,0.4831044,0.2566611,0.2602345
337,JOK1SSmPtFw$_$14,missing,TAV,1,1,-0.9975586,1.6728516,1.0703125,0.60253906,0.322265625,0.2668619841337203,0.2668619841337203,0.5164087,0.22134924,0.26224205
338,JOK1SSmPtFw$_$16,missing,TAV,1,1,-0.92529297,1.9023438,0.9033203,0.99902344,0.204833984375,0.17291667163372035,0.17291667163372035,0.4832807,0.22890587,0.28781343
339,JOK1SSmPtFw$_$0,missing,TAV,2,2,-1.4423828,-0.7236328,2.7734375,3.4970703,1.85546875,1.4934244841337203,1.4934244841337203,0.5132285,0.30116403,0.18560751
340,JOK1SSmPtFw$_$5,missing,TAV,1,1,-0.30639648,1.1279297,0.55908203,0.56884766,0.1544189453125,0.13258464038372034,0.13258464038372034,0.5020777,0.25772354,0.24019878
341,JOK1SSmPtFw$_$4,missing,TAV,1,1,-0.96435547,1.6083984,1.1542969,0.45410156,0.2164306640625,0.18219401538372035,0.18219401538372035,0.48576924,0.21169467,0.3025361
342,JOK1SSmPtFw$_$8,missing,TAV,1,1,-0.99072266,1.7080078,1.1201172,0.5878906,0.233154296875,0.19557292163372034,0.19557292163372034,0.4721794,0.24033853,0.28748205
343,JPT38CA3sGI$_$1,missing,TAV,0,0,0.3425293,-0.009246826,0.05303955,0.28948975,0.3017578125,0.25045573413372035,0.25045573413372035,0.44850284,0.20408973,0.3474074
344,JPT38CA3sGI$_$0,missing,TAV,2,2,-0.63671875,0.52001953,1.0068359,0.4868164,0.5615234375,0.4582682341337203,0.4582682341337203,0.41973144,0.27531725,0.3049513
345,JPT38CA3sGI$_$5,missing,TAV,2,2,-1.0214844,0.98291016,1.3310547,0.34814453,0.4453125,0.3652994841337204,0.3652994841337204,0.43016708,0.22459786,0.3452351
346,JVpF99zuQhA$_$0,missing,TAV,1,1,-0.9848633,1.3964844,1.0957031,0.30078125,0.30810546875,0.25553385913372034,0.25553385913372034,0.39087263,0.34601215,0.26311517
347,JVpF99zuQhA$_$2,missing,TAV,1,1,-0.50439453,1.7304688,0.45483398,1.2756348,0.0300750732421875,0.03310954272747034,0.03310954272747034,0.41863164,0.32128522,0.2600831
348,JVpF99zuQhA$_$4,missing,TAV,1,1,-0.5131836,1.8291016,0.40478516,1.4243164,0.051544189453125,0.05028483569622034,0.05028483569622034,0.45990044,0.2725854,0.26751417
349,K0m1tO3Ybyc$_$15,missing,TAV,2,2,-0.9399414,0.39379883,1.3603516,0.96655273,0.67919921875,0.5524088591337203,0.5524088591337203,0.36226374,0.30454227,0.33319402
350,K0m1tO3Ybyc$_$8,missing,TAV,2,2,-0.10217285,-0.30908203,0.7426758,0.84484863,0.642578125,0.5231119841337203,0.5231119841337203,0.4271966,0.30355287,0.26925054
351,K8gp7ncdUl8$_$5,missing,TAV,0,0,1.1640625,-0.08483887,-1.0517578,1.2489014,-0.63818359375,-0.5014973908662798,-0.5014973908662798,0.5612043,0.2400796,0.1987161
352,KDjl2exStlI$_$10,missing,TAV,1,1,0.3540039,1.5810547,-0.68652344,1.2270508,-0.07867431640625,-0.053889968991279666,-0.053889968991279666,0.55196977,0.20220202,0.24582824
353,KDjl2exStlI$_$13,missing,TAV,1,1,0.30151367,2.0136719,-0.65527344,1.7121582,-0.1246337890625,-0.09065754711627967,-0.09065754711627967,0.50948465,0.24800177,0.24251361
354,KDjl2exStlI$_$5,missing,TAV,1,1,-0.2467041,2.0625,0.008056641,2.0544434,0.081298828125,0.07408854663372035,0.07408854663372035,0.48226368,0.20870751,0.30902883
355,KDjl2exStlI$_$4,missing,TAV,1,1,-0.5258789,2.0585938,0.3557129,1.7028809,0.018646240234375,0.023966476321220335,0.023966476321220335,0.49442914,0.24682698,0.25874394
356,KkKWFZZmmCM$_$1,missing,TAV,2,2,-0.7011719,-0.49780273,1.5712891,2.0690918,0.9345703125,0.7567057341337203,0.7567057341337203,0.57114255,0.18190847,0.24694891
357,KpMCvUyQCXg$_$1,missing,TAV,1,1,-0.35083008,0.9951172,0.40283203,0.59228516,0.183349609375,0.15572917163372035,0.15572917163372035,0.4049479,0.3523854,0.2426667
358,KpMCvUyQCXg$_$3,missing,TAV,1,1,0.08679199,1.0322266,-0.10498047,0.9454346,0.0140533447265625,0.02029215991497034,0.02029215991497034,0.4644162,0.26536533,0.2702185
359,KpMCvUyQCXg$_$5,missing,TAV,2,2,-0.88964844,1.1298828,1.1357422,0.005859375,0.37939453125,0.3125651091337204,0.3125651091337204,0.41926372,0.31855318,0.2621831
360,L1eFHRQGFeg$_$2,missing,TAV,0,0,0.3630371,-0.0814209,-0.05206299,0.4151001,0.1109619140625,0.09781901538372034,0.09781901538372034,0.525007,0.19921651,0.27577648
361,MCsvw5-7lVE$_$1,missing,TAV,2,2,-1.2089844,0.20202637,2.0605469,1.8585205,1.14453125,0.9246744841337203,0.9246744841337203,0.4473827,0.2688026,0.28381467
362,MCsvw5-7lVE$_$2,missing,TAV,2,2,-1.3115234,-0.17993164,2.2421875,2.4221191,1.2939453125,1.0442057341337203,1.0442057341337203,0.4680752,0.25397086,0.27795392
363,MCsvw5-7lVE$_$4,missing,TAV,2,2,-1.2626953,0.17114258,1.9326172,1.7614746,1.029296875,0.8324869841337204,0.8324869841337204,0.4509233,0.22798255,0.32109416
364,MMpo2bDk-DU$_$10,missing,TAV,0,0,0.67041016,0.45092773,-0.43139648,0.21948242,-0.218994140625,-0.16614582836627967,-0.16614582836627967,0.45438775,0.25130194,0.29431027
365,MMpo2bDk-DU$_$17,missing,TAV,0,0,0.6010742,0.36914062,-0.36889648,0.2319336,-0.2646484375,-0.20266926586627967,-0.20266926586627967,0.44432297,0.26419595,0.29148108
366,MMpo2bDk-DU$_$16,missing,TAV,1,1,0.27954102,1.1435547,-0.36035156,0.8640137,-0.229736328125,-0.17473957836627968,-0.17473957836627968,0.4691714,0.19691253,0.33391607
367,MMpo2bDk-DU$_$19,missing,TAV,2,2,-1.4785156,0.3696289,2.265625,1.8959961,1.099609375,0.8887369841337204,0.8887369841337204,0.4565227,0.2394707,0.30400658
368,MjaaudUc5-4$_$1,missing,TAV,0,0,2.2050781,-1.0908203,-1.7714844,3.2958984,-1.3955078125,-1.1073567658662797,-1.1073567658662797,0.66024816,0.19104461,0.14870727
369,MjaaudUc5-4$_$0,missing,TAV,2,2,-0.69091797,-0.3552246,1.3378906,1.6931152,0.7255859375,0.5895182341337203,0.5895182341337203,0.5818264,0.17020671,0.24796689
370,MjaaudUc5-4$_$3,missing,TAV,2,2,-0.6669922,-0.43579102,1.3886719,1.8244629,0.8955078125,0.7254557341337203,0.7254557341337203,0.51560354,0.25064397,0.23375246
371,MjaaudUc5-4$_$6,missing,TAV,0,0,1.9541016,-1.0107422,-1.625,2.9648438,-1.318359375,-1.0456380158662797,-1.0456380158662797,0.6547448,0.16105914,0.18419611
372,MoQmPA7Q07Q$_$1,missing,TAV,2,2,-0.7675781,0.37329102,1.1894531,0.8161621,0.52978515625,0.4328776091337203,0.4328776091337203,0.45537895,0.2501269,0.29449412
373,MoQmPA7Q07Q$_$2,missing,TAV,2,2,-1.4580078,-0.8251953,2.6953125,3.5205078,1.90625,1.5340494841337204,1.5340494841337204,0.5619012,0.21379226,0.22430655
374,N1X63d_jgmw$_$5,missing,TAV,0,0,0.31445312,0.2783203,0.06072998,0.036132812,0.190673828125,0.16158854663372035,0.16158854663372035,0.4639412,0.22769897,0.3083598
375,N5xfBtD6rLY$_$7,missing,TAV,1,1,-0.9038086,1.4355469,1.0839844,0.3515625,0.3408203125,0.28170573413372035,0.28170573413372035,0.44357717,0.25241387,0.30400896
376,NoZsdSGnNpI$_$7,missing,TAV,2,2,-0.41259766,-0.07397461,1.0654297,1.1394043,0.5234375,0.4277994841337204,0.4277994841337204,0.47042555,0.2913692,0.23820527
377,Nrurc5sMUOE$_$5,missing,TAV,0,0,2.1992188,-0.9951172,-1.875,3.194336,-1.3984375,-1.1097005158662798,-1.1097005158662798,0.6296058,0.22409585,0.1462983
378,Nrurc5sMUOE$_$7,missing,TAV,0,0,1.21875,0.3894043,-1.1962891,0.8293457,-0.3779296875,-0.2932942658662797,-0.2932942658662797,0.54748493,0.2336483,0.2188667
379,Nrurc5sMUOE$_$8,missing,TAV,0,0,1.2158203,0.038238525,-1.1787109,1.1775818,-0.339599609375,-0.2626302033662796,-0.2626302033662796,0.55381763,0.26321608,0.18296634
380,NzvNW7vP-Co$_$5,missing,TAV,2,2,-1.1699219,-0.60009766,2.1875,2.7875977,1.44921875,1.1684244841337204,1.1684244841337204,0.59340626,0.20273696,0.20385677
381,NzvNW7vP-Co$_$4,missing,TAV,1,1,0.5571289,1.2480469,-0.9301758,0.69091797,-0.17041015625,-0.12727864086627966,-0.12727864086627966,0.525107,0.2637284,0.2111646
382,NzvNW7vP-Co$_$7,missing,TAV,2,2,-0.22155762,-1.2021484,0.94628906,1.1678467,0.8544921875,0.6926432341337203,0.6926432341337203,0.58541703,0.21935272,0.1952303
383,OLP0nCKwU6k$_$6,missing,TAV,0,0,0.9165039,0.6513672,-0.80810547,0.26513672,-0.226806640625,-0.17239582836627967,-0.17239582836627967,0.5176227,0.23950629,0.24287099
384,OrYBtyO0aPI$_$1,missing,TAV,0,0,1.0195312,0.7163086,-1.1074219,0.30322266,-0.3154296875,-0.2432942658662797,-0.2432942658662797,0.5372095,0.23654538,0.22624508
385,OrYBtyO0aPI$_$4,missing,TAV,2,2,-1.1865234,0.78027344,1.8974609,1.1171875,0.65869140625,0.5360026091337203,0.5360026091337203,0.38240784,0.3342707,0.28332144
386,PboaYD5hlG8$_$10,missing,TAV,2,2,-1.1455078,0.9013672,1.6679688,0.76660156,0.6484375,0.5277994841337204,0.5277994841337204,0.3658735,0.32372707,0.31039944
387,PboaYD5hlG8$_$3,missing,TAV,2,2,-1.0644531,-0.37426758,1.9472656,2.3215332,1.1650390625,0.9410807341337204,0.9410807341337204,0.5245482,0.28606066,0.18939118
388,PboaYD5hlG8$_$2,missing,TAV,2,2,-0.99853516,1.2236328,1.2832031,0.059570312,0.59228515625,0.48287760913372035,0.48287760913372035,0.41376665,0.33662128,0.24961202
389,PboaYD5hlG8$_$7,missing,TAV,1,1,-0.07897949,0.8222656,0.1829834,0.6392822,0.187744140625,0.15924479663372035,0.15924479663372035,0.4823405,0.29205427,0.22560522
390,PboaYD5hlG8$_$9,missing,TAV,1,1,0.1373291,0.60009766,-0.0491333,0.46276855,0.146484375,0.12623698413372034,0.12623698413372034,0.5162148,0.2492521,0.23453312
391,PboaYD5hlG8$_$8,missing,TAV,0,0,2.0292969,-1.3447266,-1.5654297,3.3740234,-1.4931640625,-1.1854817658662797,-1.1854817658662797,0.60815907,0.19123343,0.20060752
392,Pt-D0LUHDSc$_$2,missing,TAV,2,2,-1.5068359,0.2722168,2.4101562,2.1379395,1.2939453125,1.0442057341337203,1.0442057341337203,0.42407918,0.34161493,0.23430584
393,PwapK9d8IGk$_$4,missing,TAV,0,0,0.39672852,0.31811523,-0.1739502,0.07861328,-0.038818359375,-0.022005203366279664,-0.022005203366279664,0.48522812,0.28861693,0.22615498
394,PyQrAYl1bFs$_$0,missing,TAV,2,2,-1.2607422,0.9091797,1.6435547,0.734375,0.72705078125,0.5906901091337203,0.5906901091337203,0.3691173,0.34776047,0.28312224
395,PyQrAYl1bFs$_$3,missing,TAV,2,2,-1.4931641,-0.6723633,2.5507812,3.2231445,1.693359375,1.3637369841337204,1.3637369841337204,0.48981738,0.23003238,0.2801503
396,PyQrAYl1bFs$_$4,missing,TAV,2,2,-1.3144531,-0.45825195,2.1757812,2.6340332,1.478515625,1.1918619841337204,1.1918619841337204,0.50634456,0.20058867,0.29306677
397,Q4WzApjaCNI$_$0,missing,TAV,1,1,-0.9711914,1.2851562,1.1582031,0.12695312,0.425537109375,0.34947917163372033,0.34947917163372033,0.39145318,0.36817172,0.24037504
398,Q7S0tX4FUNA$_$4,missing,TAV,1,1,-0.51708984,1.3310547,0.5058594,0.8251953,0.127685546875,0.11119792163372035,0.11119792163372035,0.4472831,0.30255926,0.25015762
399,Q7S0tX4FUNA$_$7,missing,TAV,1,1,-0.51904297,1.9785156,0.40600586,1.5725098,0.21875,0.18404948413372035,0.18404948413372035,0.42810276,0.32052627,0.25137094
400,Q7S0tX4FUNA$_$8,missing,TAV,0,0,1.1699219,-0.14147949,-0.95654297,1.3114014,-0.0760498046875,-0.05179035961627967,-0.05179035961627967,0.5049039,0.3016552,0.19344088
401,Qa6Yz62V-Yc$_$0,missing,TAV,1,1,0.34643555,0.6982422,-0.27172852,0.35180664,-0.241455078125,-0.18411457836627967,-0.18411457836627967,0.49285373,0.25378937,0.2533569
402,QjcQx8_PQfw$_$10,missing,TAV,2,2,-1.4833984,-0.31860352,2.4296875,2.748291,1.4296875,1.1527994841337204,1.1527994841337204,0.55521226,0.19554351,0.24924423
403,QjcQx8_PQfw$_$7,missing,TAV,1,1,0.3491211,0.9765625,-0.34814453,0.6274414,-0.1988525390625,-0.15003254711627967,-0.15003254711627967,0.4498416,0.28130928,0.2688491
404,QpchvHpGFc8$_$3,missing,TAV,1,1,-0.38671875,1.1279297,0.48706055,0.64086914,0.150634765625,0.12955729663372034,0.12955729663372034,0.43659836,0.2453492,0.31805244
405,RArhIHk4Qs4$_$13,missing,TAV,2,2,0.058135986,0.011077881,0.099609375,0.04147339,0.20703125,0.17467448413372036,0.17467448413372036,0.5583912,0.20036253,0.24124615
406,RArhIHk4Qs4$_$17,missing,TAV,0,0,2.0488281,-1.5605469,-1.4931641,3.5419922,-1.37109375,-1.0878255158662797,-1.0878255158662797,0.6602464,0.15517041,0.18458323
407,RArhIHk4Qs4$_$16,missing,TAV,0,0,1.6533203,0.03677368,-1.5224609,1.6165466,-0.62158203125,-0.48821614086627974,-0.48821614086627974,0.58514935,0.22351097,0.19133964
408,RArhIHk4Qs4$_$19,missing,TAV,1,1,-0.023834229,2.0410156,-0.4477539,2.0648499,0.0467529296875,0.04645182788372034,0.04645182788372034,0.4825766,0.25225744,0.2651659
409,RArhIHk4Qs4$_$1,missing,TAV,1,1,-0.8564453,1.4248047,0.97216797,0.45263672,0.241943359375,0.20260417163372035,0.20260417163372035,0.5045996,0.24762374,0.2477767
410,RArhIHk4Qs4$_$2,missing,TAV,0,0,1.2607422,-0.25048828,-1.0693359,1.5112305,-0.619140625,-0.48626301586627974,-0.48626301586627974,0.5814031,0.19579023,0.22280669
411,RArhIHk4Qs4$_$7,missing,TAV,1,1,-0.8828125,1.0292969,1.0078125,0.021484375,0.39794921875,0.3274088591337203,0.3274088591337203,0.5165814,0.23657754,0.24684107
412,RArhIHk4Qs4$_$6,missing,TAV,0,0,1.7392578,-0.21496582,-1.4980469,1.9542236,-0.73095703125,-0.5757161408662798,-0.5757161408662798,0.6031907,0.21896031,0.17784901
413,RArhIHk4Qs4$_$8,missing,TAV,0,0,1.4599609,-1.0693359,-0.9995117,2.4594727,-0.7421875,-0.5847005158662797,-0.5847005158662797,0.6646909,0.15440118,0.18090792
414,RArhIHk4Qs4$_$21,missing,TAV,2,2,-1.3720703,0.59814453,1.9658203,1.3676758,0.818359375,0.6637369841337204,0.6637369841337204,0.45808494,0.24032913,0.3015859
415,ROcTx5VEn7o$_$11,missing,TAV,1,1,-0.4111328,1.4541016,0.45043945,1.0036621,0.195068359375,0.16510417163372035,0.16510417163372035,0.4164603,0.2787421,0.30479765
416,ROcTx5VEn7o$_$1,missing,TAV,1,1,-0.5415039,1.8896484,0.33276367,1.5568848,0.216796875,0.18248698413372036,0.18248698413372036,0.40920764,0.29718378,0.29360858
417,ROcTx5VEn7o$_$5,missing,TAV,1,1,0.58447266,1.2744141,-0.6611328,0.6899414,-0.16796875,-0.12532551586627966,-0.12532551586627966,0.4797786,0.21199784,0.30822358
418,ROcTx5VEn7o$_$9,missing,TAV,1,1,-0.02243042,1.6337891,-0.08850098,1.6562195,0.0567626953125,0.05445964038372034,0.05445964038372034,0.4418125,0.24941772,0.3087698
419,RrGpzInAwCg$_$0,missing,TAV,2,2,-0.9267578,0.83447266,1.1992188,0.3647461,0.51220703125,0.41881510913372033,0.41881510913372033,0.42340314,0.30910432,0.2674925
420,RzOFxDk26p0$_$1,missing,TAV,2,2,-1.4609375,-0.9003906,2.6171875,3.5175781,1.9541015625,1.5723307341337205,1.5723307341337205,0.49859557,0.30708614,0.19431834
421,RzOFxDk26p0$_$0,missing,TAV,1,1,-0.38500977,1.7255859,0.22070312,1.5048828,0.178466796875,0.15182292163372035,0.15182292163372035,0.42769065,0.28886414,0.28344524
422,SHa756SwGJQ$_$0,missing,TAV,1,1,-0.30297852,1.3691406,0.22302246,1.1461182,0.1988525390625,0.16813151538372034,0.16813151538372034,0.48241648,0.2494715,0.26811203
423,SHa756SwGJQ$_$2,missing,TAV,2,2,-1.0654297,0.5083008,1.5625,1.0541992,0.8388671875,0.6801432341337204,0.6801432341337204,0.43659645,0.29699844,0.26640514
424,SHa756SwGJQ$_$4,missing,TAV,0,0,1.7392578,-0.6298828,-1.5253906,2.3691406,-0.91796875,-0.7253255158662797,-0.7253255158662797,0.5755717,0.19334267,0.23108564
425,SHa756SwGJQ$_$7,missing,TAV,1,1,0.56884766,0.6845703,-0.73779297,0.115722656,-0.179931640625,-0.13489582836627967,-0.13489582836627967,0.5103064,0.24314822,0.24654539
426,SHa756SwGJQ$_$6,missing,TAV,1,1,-0.76416016,1.3349609,0.8334961,0.50146484,0.54296875,0.4434244841337204,0.4434244841337204,0.48894814,0.23078544,0.28026646
427,TH32jop4FiI$_$15,missing,TAV,0,0,1.0166016,0.34057617,-0.90185547,0.6760254,-0.2017822265625,-0.15237629711627967,-0.15237629711627967,0.46761766,0.29220772,0.2401746
428,TH32jop4FiI$_$17,missing,TAV,2,2,-0.83251953,0.14099121,1.3330078,1.1920166,0.6767578125,0.5504557341337203,0.5504557341337203,0.41408145,0.3526777,0.23324087
429,TWszOxkOV0w$_$1,missing,TAV,0,0,1.3154297,-0.7397461,-1.0078125,2.0551758,-0.69140625,-0.5440755158662797,-0.5440755158662797,0.504512,0.26766837,0.2278196
430,TXCXFYIc3Yo$_$16,missing,TAV,1,1,0.29760742,0.42333984,-0.18347168,0.12573242,-0.1064453125,-0.07610676586627967,-0.07610676586627967,0.45019072,0.24617788,0.30363137
431,TXCXFYIc3Yo$_$2,missing,TAV,2,2,-0.9916992,0.7158203,1.3457031,0.6298828,0.44482421875,0.3649088591337204,0.3649088591337204,0.4941348,0.24527155,0.26059368
432,TXCXFYIc3Yo$_$7,missing,TAV,0,0,0.62060547,-0.8261719,-0.14611816,0.76672363,-0.1829833984375,-0.13733723461627967,-0.13733723461627967,0.512111,0.25536186,0.23252714
433,TXCXFYIc3Yo$_$6,missing,TAV,2,2,-0.34399414,0.3701172,0.6801758,0.3100586,0.27197265625,0.22662760913372035,0.22662760913372035,0.49033877,0.21432033,0.2953409
434,TYJzg5IJN8o$_$11,missing,TAV,1,1,0.41381836,0.5991211,-0.4338379,0.18530273,-0.054840087890625,-0.03482258617877967,-0.03482258617877967,0.51043016,0.2613565,0.22821335
435,TYJzg5IJN8o$_$10,missing,TAV,1,1,0.7553711,1.0029297,-0.9770508,0.2475586,-0.30517578125,-0.23509114086627966,-0.23509114086627966,0.52017856,0.26188156,0.21793987
436,TYJzg5IJN8o$_$14,missing,TAV,2,2,-1.1855469,0.16418457,1.9863281,1.8221436,0.9248046875,0.7488932341337203,0.7488932341337203,0.4426749,0.33516636,0.22215874
437,TYJzg5IJN8o$_$0,missing,TAV,2,2,-1.0986328,0.6621094,1.8212891,1.1591797,0.99169921875,0.8024088591337204,0.8024088591337204,0.38878202,0.3268427,0.2843753
438,TYJzg5IJN8o$_$4,missing,TAV,2,2,-0.98095703,0.47924805,1.6279297,1.1486816,0.779296875,0.6324869841337204,0.6324869841337204,0.38816547,0.36787677,0.24395779
439,TYJzg5IJN8o$_$7,missing,TAV,2,2,-1.2236328,-0.48999023,2.2617188,2.751709,1.3818359375,1.1145182341337203,1.1145182341337203,0.51030093,0.27713844,0.21256058
440,Uc_6d-fkZEc$_$3,missing,TAV,2,2,-1.3310547,-0.052947998,2.1757812,2.2287292,1.1103515625,0.8973307341337203,0.8973307341337203,0.51430243,0.3056734,0.18002418
441,UlTJmndbGHM$_$1,missing,TAV,2,2,-1.6591797,-0.7470703,2.8789062,3.6259766,1.87890625,1.5121744841337204,1.5121744841337204,0.54325485,0.21543962,0.24130549
442,UlTJmndbGHM$_$4,missing,TAV,0,0,1.8095703,-0.40673828,-1.4755859,2.2163086,-0.8564453125,-0.6761067658662797,-0.6761067658662797,0.54393065,0.2501801,0.20588927
443,VbV9S4svrTg$_$13,missing,TAV,2,2,-1.1884766,0.5473633,1.8398438,1.2924805,0.568359375,0.46373698413372033,0.46373698413372033,0.472814,0.23524603,0.29194
444,VbV9S4svrTg$_$3,missing,TAV,2,2,-1.0283203,0.93310547,1.4189453,0.48583984,0.4453125,0.3652994841337204,0.3652994841337204,0.50314665,0.23472628,0.2621271
445,VbV9S4svrTg$_$7,missing,TAV,2,2,-1.4560547,-0.7207031,2.578125,3.2988281,1.587890625,1.2793619841337205,1.2793619841337205,0.59718496,0.18180272,0.22101232
446,VbV9S4svrTg$_$8,missing,TAV,2,2,-1.0087891,0.46557617,1.5644531,1.098877,0.492919921875,0.4033854216337204,0.4033854216337204,0.47701493,0.2170085,0.30597657
447,VinxKpWioTo$_$1,missing,TAV,2,2,-1.5048828,-0.14587402,2.4785156,2.6243896,1.42578125,1.1496744841337203,1.1496744841337203,0.42430454,0.34341773,0.23227775
448,VinxKpWioTo$_$0,missing,TAV,1,1,-0.96435547,1.3251953,1.2939453,0.03125,0.2705078125,0.22545573413372036,0.22545573413372036,0.47636226,0.25342277,0.27021495
449,VinxKpWioTo$_$3,missing,TAV,2,2,-1.3466797,0.4494629,2.0859375,1.6364746,0.76318359375,0.6195963591337204,0.6195963591337204,0.4588868,0.2704221,0.27069107
450,VinxKpWioTo$_$5,missing,TAV,2,2,-1.4462891,0.007598877,2.3242188,2.3166199,1.0810546875,0.8738932341337203,0.8738932341337203,0.4795717,0.26866224,0.2517661
451,ViyQVpGW05w$_$1,missing,TAV,2,2,-1.09375,1.1689453,1.2548828,0.0859375,0.7138671875,0.5801432341337204,0.5801432341337204,0.3935917,0.24087785,0.3655304
452,ViyQVpGW05w$_$4,missing,TAV,1,1,-0.32055664,0.6621094,0.4885254,0.17358398,0.385986328125,0.31783854663372035,0.31783854663372035,0.4559508,0.21697578,0.32707343
453,ViyQVpGW05w$_$6,missing,TAV,0,0,1.4482422,-0.29101562,-1.1074219,1.7392578,-0.59375,-0.46595051586627967,-0.46595051586627967,0.525801,0.1969793,0.27721974
454,Vuay0mVKkik$_$3,missing,TAV,0,0,2.1582031,-1.2890625,-1.5400391,3.4472656,-1.4833984375,-1.1776692658662797,-1.1776692658662797,0.6087063,0.19293033,0.19836342
455,WmQF5RmbsVQ$_$6,missing,TAV,1,1,-0.77734375,1.5576172,0.89697266,0.66064453,0.24658203125,0.20631510913372034,0.20631510913372034,0.42790604,0.35152557,0.22056839
456,Wrcf2xtqbkQ$_$9,missing,TAV,1,1,0.38549805,1.5751953,-0.68359375,1.1896973,-0.187744140625,-0.14114582836627967,-0.14114582836627967,0.48950425,0.18793137,0.3225644
457,Wrcf2xtqbkQ$_$8,missing,TAV,1,1,-0.87939453,1.0537109,1.0419922,0.01171875,0.26708984375,0.22272135913372035,0.22272135913372035,0.4780404,0.20782486,0.31413472
458,WxajvjGKz7Y$_$0,missing,TAV,1,1,-0.86376953,1.6660156,0.90283203,0.7631836,0.30419921875,0.25240885913372035,0.25240885913372035,0.38052192,0.3635512,0.2559269
459,WxajvjGKz7Y$_$3,missing,TAV,1,1,-0.5649414,1.1865234,0.8334961,0.35302734,0.26171875,0.21842448413372034,0.21842448413372034,0.43861422,0.29212555,0.26926026
460,WxajvjGKz7Y$_$6,missing,TAV,1,1,-0.28735352,1.4550781,0.16137695,1.2937012,0.06585693359375,0.06173503100872034,0.06173503100872034,0.46835455,0.278988,0.25265744
461,XIGpuL-Kkyk$_$12,missing,TAV,2,2,-1.0292969,1.1650391,1.3427734,0.17773438,0.431396484375,0.3541666716337204,0.3541666716337204,0.45426023,0.31203833,0.23370147
462,XIGpuL-Kkyk$_$0,missing,TAV,0,0,0.9995117,0.90625,-0.95751953,0.09326172,-0.099365234375,-0.07044270336627967,-0.07044270336627967,0.5312779,0.18225613,0.286466
463,XIGpuL-Kkyk$_$4,missing,TAV,2,2,-1.5097656,-0.14501953,2.5429688,2.6879883,1.4833984375,1.1957682341337204,1.1957682341337204,0.43054125,0.29490706,0.27455166
464,XIGpuL-Kkyk$_$7,missing,TAV,1,1,-0.6933594,1.3740234,0.86572266,0.5083008,0.34765625,0.2871744841337204,0.2871744841337204,0.4035757,0.3112296,0.28519472
465,XaVYxIW0FDg$_$2,missing,TAV,2,2,-0.27929688,0.5703125,0.6245117,0.05419922,0.38232421875,0.31490885913372035,0.31490885913372035,0.414903,0.21745126,0.36764574
466,XyP8bVmGX6M$_$4,missing,TAV,2,2,-1.4482422,0.17053223,2.171875,2.0013428,1.107421875,0.8949869841337204,0.8949869841337204,0.43700513,0.2958133,0.26718158
467,XzVapdEr_GY$_$3,missing,TAV,2,2,-1.1943359,-0.28637695,2.1894531,2.47583,1.3251953125,1.0692057341337204,1.0692057341337204,0.5926983,0.19108233,0.21621935
468,XzVapdEr_GY$_$4,missing,TAV,2,2,-1.3583984,-0.7392578,2.6601562,3.399414,1.681640625,1.3543619841337204,1.3543619841337204,0.6260323,0.17194733,0.20202042
469,Y7h-S3cJ52o$_$0,missing,TAV,1,1,-0.9995117,1.4013672,1.1884766,0.21289062,0.41064453125,0.3375651091337204,0.3375651091337204,0.41731432,0.29324815,0.2894376
470,Y7qkyMyanjU$_$2,missing,TAV,1,1,-0.27612305,1.9619141,0.028198242,1.9337158,0.3291015625,0.27233073413372033,0.27233073413372033,0.48860982,0.23075631,0.28063387
471,Y7qkyMyanjU$_$4,missing,TAV,1,1,-0.9375,1.5908203,1.1113281,0.4794922,0.34375,0.28404948413372033,0.28404948413372033,0.46693647,0.24167852,0.29138502
472,YbuG8xyUO-o$_$3,missing,TAV,1,1,-0.42163086,1.8740234,0.36987305,1.5041504,0.1329345703125,0.11539714038372034,0.11539714038372034,0.4435434,0.2564507,0.30000588
473,YbuG8xyUO-o$_$2,missing,TAV,1,1,-0.3425293,2.0761719,0.15307617,1.9230957,0.174560546875,0.14869792163372034,0.14869792163372034,0.4482324,0.2395326,0.312235
474,Z7L3V5bwzI0$_$2,missing,TAV,2,2,-1.1826172,-0.39111328,2.1660156,2.557129,1.4580078125,1.1754557341337204,1.1754557341337204,0.4546445,0.3216287,0.22372681
475,ZaoFHcbRM9g$_$3,missing,TAV,2,2,0.2763672,-0.8173828,0.45922852,0.18286133,0.71484375,0.5809244841337203,0.5809244841337203,0.51707923,0.2301705,0.25275025
476,ZaoFHcbRM9g$_$2,missing,TAV,1,1,0.8745117,1.0615234,-0.9711914,0.18701172,-0.127685546875,-0.09309895336627967,-0.09309895336627967,0.5151454,0.21729301,0.26756155
477,ZaoFHcbRM9g$_$5,missing,TAV,1,1,-0.12683105,1.3066406,0.029174805,1.2774658,0.038330078125,0.03971354663372034,0.03971354663372034,0.42582795,0.34367523,0.23049684
478,ZaoFHcbRM9g$_$9,missing,TAV,0,0,1.5400391,-0.28588867,-1.4423828,1.8259277,-0.6396484375,-0.5026692658662797,-0.5026692658662797,0.5048847,0.3097753,0.18533993
479,ZaoFHcbRM9g$_$8,missing,TAV,0,0,1.9921875,-1.3515625,-1.4833984,3.34375,-1.1357421875,-0.8995442658662798,-0.8995442658662798,0.58803713,0.20643778,0.20552507
480,Zvisaa77Cng$_$1,missing,TAV,2,2,-0.4477539,-0.21984863,0.9067383,1.1265869,0.56982421875,0.4649088591337204,0.4649088591337204,0.4786419,0.2564005,0.26495764
481,Zvisaa77Cng$_$5,missing,TAV,2,2,0.068725586,-0.36547852,0.13916016,0.07043457,0.24365234375,0.20397135913372036,0.20397135913372036,0.48989403,0.21490788,0.29519808
482,_7HVhnSYX1Y$_$26,missing,TAV,2,2,-1.0458984,0.7885742,1.3466797,0.55810547,0.268798828125,0.22408854663372035,0.22408854663372035,0.4531835,0.19741844,0.3493981
483,_7HVhnSYX1Y$_$12,missing,TAV,2,2,-1.0126953,1.0214844,1.2431641,0.22167969,0.25634765625,0.21412760913372034,0.21412760913372034,0.40430877,0.27758566,0.3181056
484,_7HVhnSYX1Y$_$14,missing,TAV,1,1,-0.5522461,0.85058594,0.62890625,0.22167969,0.09906005859375,0.08829753100872034,0.08829753100872034,0.4607276,0.21314771,0.3261247
485,_7HVhnSYX1Y$_$19,missing,TAV,1,1,0.16601562,1.1669922,-0.14916992,1.0009766,-0.0052337646484375,0.004862472414970336,0.004862472414970336,0.46170858,0.20505174,0.33323964
486,_7HVhnSYX1Y$_$31,missing,TAV,2,2,-1.2509766,0.39526367,1.8427734,1.4475098,0.61767578125,0.5031901091337203,0.5031901091337203,0.47239253,0.23050681,0.2971007
487,_7HVhnSYX1Y$_$3,missing,TAV,1,1,-0.8852539,1.2617188,1.1669922,0.09472656,0.183349609375,0.15572917163372035,0.15572917163372035,0.43210503,0.24467057,0.32322443
488,_BvNNdEkhZA$_$14,missing,TAV,0,0,0.7504883,-0.19787598,-0.44311523,0.94836426,-0.399169921875,-0.3102864533662797,-0.3102864533662797,0.51684153,0.2448289,0.23832953
489,_BvNNdEkhZA$_$19,missing,TAV,2,2,-1.0615234,0.8803711,1.4433594,0.5629883,0.587890625,0.47936198413372033,0.47936198413372033,0.5262811,0.22880806,0.2449108
490,_BvNNdEkhZA$_$7,missing,TAV,1,1,-0.5004883,1.1572266,0.5800781,0.57714844,0.3408203125,0.28170573413372035,0.28170573413372035,0.48976356,0.24132319,0.26891324
491,_BvNNdEkhZA$_$6,missing,TAV,0,0,1.0263672,-0.16137695,-0.76708984,1.1877441,-0.40576171875,-0.31555989086627967,-0.31555989086627967,0.5676823,0.2079925,0.22432524
492,_BvNNdEkhZA$_$9,missing,TAV,1,1,0.3095703,1.8212891,-0.59033203,1.5117188,-0.044036865234375,-0.026180008053779666,-0.026180008053779666,0.5443716,0.24332973,0.21229865
493,_aZDaIfGfPo$_$1,missing,TAV,2,2,-1.1523438,-0.35302734,2.0234375,2.3764648,1.3984375,1.1277994841337204,1.1277994841337204,0.48840117,0.25906152,0.25253734
494,_aZDaIfGfPo$_$0,missing,TAV,2,2,-1.3681641,0.59277344,1.9130859,1.3203125,1.02734375,0.8309244841337203,0.8309244841337203,0.39633286,0.28010106,0.32356605
495,_gr7o5ynhnw$_$13,missing,TAV,1,1,-1.0175781,1.4599609,1.0673828,0.39257812,0.250244140625,0.20924479663372034,0.20924479663372034,0.5077598,0.23926264,0.2529776
496,_gr7o5ynhnw$_$12,missing,TAV,2,2,-1.2822266,0.75878906,1.6513672,0.8925781,0.46630859375,0.3820963591337203,0.3820963591337203,0.5191047,0.2380417,0.24285355
497,_gr7o5ynhnw$_$15,missing,TAV,2,2,-1.5449219,-0.90185547,2.6367188,3.5385742,1.8955078125,1.5254557341337205,1.5254557341337205,0.6350774,0.16218185,0.20274074
498,_gzYkdjNvPc$_$12,missing,TAV,1,1,-0.70214844,1.2128906,0.6821289,0.5307617,0.16455078125,0.14069010913372035,0.14069010913372035,0.50640965,0.19504355,0.2985468
499,_gzYkdjNvPc$_$17,missing,TAV,0,0,1.9033203,-0.86035156,-1.5498047,2.7636719,-1.2392578125,-0.9823567658662797,-0.9823567658662797,0.5648982,0.23180804,0.20329374
500,_gzYkdjNvPc$_$1,missing,TAV,0,0,0.9057617,0.32495117,-1.0117188,0.58081055,-0.29443359375,-0.22649739086627968,-0.22649739086627968,0.5223151,0.27861628,0.19906864
501,_gzYkdjNvPc$_$3,missing,TAV,1,1,-0.58251953,1.4443359,0.27978516,1.1645508,0.01104736328125,0.017887374758720338,0.017887374758720338,0.41630724,0.25061348,0.3330793
502,_gzYkdjNvPc$_$2,missing,TAV,0,0,2.2011719,-0.84472656,-1.7333984,3.0458984,-1.2138671875,-0.9620442658662798,-0.9620442658662798,0.6382557,0.15483707,0.20690723
503,_gzYkdjNvPc$_$5,missing,TAV,1,1,-0.27978516,1.5107422,0.020629883,1.4901123,-0.041839599609375,-0.02442219555377966,-0.02442219555377966,0.4533366,0.26533216,0.2813312
504,_gzYkdjNvPc$_$4,missing,TAV,1,1,-0.6225586,1.5595703,0.4230957,1.1364746,0.079833984375,0.07291667163372034,0.07291667163372034,0.42864466,0.31583372,0.25552163
505,_gzYkdjNvPc$_$6,missing,TAV,0,0,1.4189453,-0.27392578,-1.3369141,1.6928711,-0.623046875,-0.48938801586627967,-0.48938801586627967,0.5366963,0.24591498,0.21738872
506,_gzYkdjNvPc$_$9,missing,TAV,0,0,1.1845703,0.734375,-1.2490234,0.4501953,-0.40966796875,-0.3186848908662797,-0.3186848908662797,0.54664457,0.18967317,0.26368225
507,a-WihYDk6vc$_$8,missing,TAV,2,2,-0.9267578,0.92871094,1.2060547,0.27734375,0.42041015625,0.3453776091337204,0.3453776091337204,0.37071818,0.3395412,0.28974062
508,a-WihYDk6vc$_$0,missing,TAV,2,2,-1.2626953,0.50097656,1.8134766,1.3125,0.77490234375,0.6289713591337204,0.6289713591337204,0.45591754,0.26542735,0.27865508
509,aFhc2ddipoM$_$14,missing,TAV,2,2,-1.3212891,0.75,2.0195312,1.2695312,0.6455078125,0.5254557341337204,0.5254557341337204,0.43298697,0.29781216,0.2692009
510,aK5tRCXjUvU$_$0,missing,TAV,2,2,-1.1367188,0.45043945,1.5712891,1.1208496,0.94921875,0.7684244841337203,0.7684244841337203,0.3792048,0.2693845,0.3514107
511,b-FX9NOVQOM$_$1,missing,TAV,1,1,0.028869629,0.9555664,0.036376953,0.91918945,0.0638427734375,0.06012370288372034,0.06012370288372034,0.3844709,0.368589,0.24694008
512,b-FX9NOVQOM$_$4,missing,TAV,0,0,1.4189453,-0.796875,-1.0009766,2.2158203,-0.7822265625,-0.6167317658662798,-0.6167317658662798,0.5110455,0.3041582,0.18479627
513,b1LEcg6z66g$_$0,missing,TAV,0,0,0.9370117,-0.5957031,-0.52490234,1.4619141,-0.203369140625,-0.15364582836627969,-0.15364582836627969,0.5128449,0.20203215,0.285123
514,b1LEcg6z66g$_$4,missing,TAV,2,2,-1.0742188,0.37548828,1.7275391,1.3520508,0.7021484375,0.5707682341337204,0.5707682341337204,0.4868626,0.22138292,0.29175445
515,b1LEcg6z66g$_$8,missing,TAV,0,0,2.0117188,-0.91796875,-1.5107422,2.9296875,-1.0888671875,-0.8620442658662797,-0.8620442658662797,0.5838771,0.20675325,0.20936969
516,bAkUEnPoucg$_$3,missing,TAV,2,2,-1.2949219,-0.61035156,2.3710938,2.9814453,1.72265625,1.3871744841337204,1.3871744841337204,0.5012921,0.2685829,0.23012497
517,bNQkb4K5DX0$_$3,missing,TAV,1,1,-0.123046875,1.0917969,0.1899414,0.90185547,0.192138671875,0.16276042163372034,0.16276042163372034,0.4779551,0.2695884,0.25245652
518,bNQkb4K5DX0$_$7,missing,TAV,2,2,-1.3896484,-0.13916016,2.2421875,2.3813477,1.21484375,0.9809244841337204,0.9809244841337204,0.46943095,0.28949156,0.24107753
519,bWunvAd96zI$_$1,missing,TAV,0,0,0.4182129,0.019683838,-0.013427734,0.39852905,-0.106201171875,-0.07591145336627966,-0.07591145336627966,0.57533205,0.21909742,0.20557053
520,bWunvAd96zI$_$2,missing,TAV,0,0,1.7646484,-0.11804199,-1.6240234,1.8826904,-0.9619140625,-0.7604817658662797,-0.7604817658662797,0.60676396,0.21889968,0.17433639
521,bWunvAd96zI$_$5,missing,TAV,1,1,-0.8359375,1.2294922,0.88916016,0.34033203,0.12646484375,0.11022135913372035,0.11022135913372035,0.5036964,0.24618551,0.2501181
522,bWunvAd96zI$_$4,missing,TAV,2,2,-0.98583984,0.61035156,1.4111328,0.80078125,0.339111328125,0.2803385466337204,0.2803385466337204,0.5063821,0.27848756,0.21513036
523,bj9e8w4vNxo$_$12,missing,TAV,2,2,-0.34594727,0.34179688,0.81884766,0.47705078,0.46630859375,0.3820963591337203,0.3820963591337203,0.39646342,0.28092825,0.32260835
524,bpvYdXVlgvc$_$1,missing,TAV,1,1,-0.16931152,1.0205078,0.29907227,0.72143555,0.058502197265625,0.05585124194622034,0.05585124194622034,0.4784206,0.2586448,0.26293457
525,bpvYdXVlgvc$_$3,missing,TAV,0,0,0.34204102,0.29785156,-0.19177246,0.044189453,0.12396240234375,0.10821940600872035,0.10821940600872035,0.46982595,0.34982777,0.1803463
526,bpvYdXVlgvc$_$4,missing,TAV,0,0,1.9189453,-0.5371094,-1.6933594,2.4560547,-1.189453125,-0.9425130158662798,-0.9425130158662798,0.6010773,0.17668657,0.22223613
527,bpvYdXVlgvc$_$6,missing,TAV,0,0,1.5439453,-0.64160156,-1.1044922,2.1855469,-0.7529296875,-0.5932942658662798,-0.5932942658662798,0.5808499,0.20688999,0.21226013
528,c1a1y9ytHH0$_$0,missing,TAV,1,1,-0.4880371,1.3525391,0.65185547,0.7006836,0.27734375,0.23092448413372035,0.23092448413372035,0.42389658,0.2605426,0.3155608
529,c1a1y9ytHH0$_$3,missing,TAV,1,1,-0.71533203,1.3896484,0.87158203,0.5180664,0.2783203125,0.23170573413372034,0.23170573413372034,0.39281577,0.31571302,0.29147124
530,c1a1y9ytHH0$_$7,missing,TAV,2,2,-1.1347656,0.67529297,1.7451172,1.0698242,0.724609375,0.5887369841337203,0.5887369841337203,0.41936502,0.2696931,0.31094185
531,c5cB7AfVgcE$_$12,missing,TAV,2,2,-0.9111328,0.060333252,1.640625,1.5802917,0.7607421875,0.6176432341337204,0.6176432341337204,0.38613132,0.29827783,0.31559083
532,c5cB7AfVgcE$_$5,missing,TAV,0,0,1.3818359,-1.5800781,-0.5859375,1.9677734,-0.80712890625,-0.6366536408662797,-0.6366536408662797,0.544883,0.23165713,0.22345988
533,d8BR6hsvzoY$_$1,missing,TAV,1,1,-0.65185547,1.2646484,0.80078125,0.4638672,0.25830078125,0.21569010913372036,0.21569010913372036,0.454194,0.24425612,0.30154988
534,d8BR6hsvzoY$_$0,missing,TAV,1,1,-0.16638184,2.0234375,-0.039916992,2.0633545,0.138916015625,0.12018229663372035,0.12018229663372035,0.4488026,0.25713566,0.29406175
535,d8BR6hsvzoY$_$2,missing,TAV,1,1,-0.8457031,1.1748047,1.1220703,0.052734375,0.306884765625,0.25455729663372034,0.25455729663372034,0.469421,0.20695114,0.3236279
536,d8BR6hsvzoY$_$5,missing,TAV,1,1,-0.35961914,1.4453125,0.49291992,0.9523926,0.1962890625,0.16608073413372035,0.16608073413372035,0.4428946,0.23222339,0.324882
537,d8BR6hsvzoY$_$6,missing,TAV,1,1,-0.13708496,1.8779297,-0.067993164,1.9459229,0.0999755859375,0.08902995288372034,0.08902995288372034,0.4332452,0.26622126,0.3005335
538,d8BR6hsvzoY$_$9,missing,TAV,1,1,-0.06774902,1.6171875,-0.15356445,1.6849365,0.0282440185546875,0.03164469897747034,0.03164469897747034,0.4321476,0.3003133,0.2675391
539,d8BR6hsvzoY$_$8,missing,TAV,0,0,1.1162109,-0.50634766,-0.7885742,1.6225586,-0.378662109375,-0.29388020336627974,-0.29388020336627974,0.5389431,0.19257909,0.26847777
540,dBWvtPeHpWM$_$4,missing,TAV,2,2,-0.011047363,-0.88964844,0.54541016,0.5564575,0.5595703125,0.4567057341337204,0.4567057341337204,0.53308815,0.18352446,0.28338736
541,dEDbm2ubVRQ$_$0,missing,TAV,1,1,-0.49731445,1.5576172,0.43847656,1.1191406,0.205810546875,0.17369792163372036,0.17369792163372036,0.44640613,0.20461419,0.3489797
542,dEDbm2ubVRQ$_$3,missing,TAV,0,0,0.8208008,-0.08288574,-0.54052734,0.9036865,-0.30615234375,-0.23587239086627967,-0.23587239086627967,0.52293676,0.23896296,0.23810029
543,dEDbm2ubVRQ$_$8,missing,TAV,2,2,-1.0078125,1.0341797,1.2548828,0.22070312,0.4794921875,0.3926432341337204,0.3926432341337204,0.45816863,0.23368041,0.308151
544,dt641WxonBI$_$1,missing,TAV,2,2,-1.0771484,0.9189453,1.4716797,0.5527344,0.595703125,0.4856119841337203,0.4856119841337203,0.46377409,0.2931551,0.2430708
545,dt641WxonBI$_$3,missing,TAV,1,1,-0.39575195,0.9267578,0.6928711,0.23388672,0.2127685546875,0.17926432788372035,0.17926432788372035,0.40616792,0.37838188,0.21545021
546,eOiC1kb17P4$_$0,missing,TAV,2,2,-1.0996094,-0.06677246,1.7451172,1.8118896,1.09765625,0.8871744841337204,0.8871744841337204,0.51758766,0.25750583,0.22490646
547,erNDEjQeox8$_$12,missing,TAV,2,2,-0.12438965,-1.1357422,0.82128906,0.9456787,0.6484375,0.5277994841337204,0.5277994841337204,0.51629126,0.19138813,0.2923206
548,ewBrNsyY82Q$_$4,missing,TAV,1,1,-0.13830566,1.4150391,0.095947266,1.3190918,0.07373046875,0.06803385913372034,0.06803385913372034,0.4565311,0.26874846,0.27472046
549,fWOIAxzBQFY$_$12,missing,TAV,1,1,-0.6972656,1.5830078,0.7001953,0.8828125,0.32470703125,0.2688151091337203,0.2688151091337203,0.39569324,0.3751307,0.22917604
550,fWOIAxzBQFY$_$5,missing,TAV,2,2,-1.4375,0.4255371,2.2089844,1.7834473,1.087890625,0.8793619841337204,0.8793619841337204,0.43087637,0.3710624,0.19806124
551,fWOIAxzBQFY$_$7,missing,TAV,2,2,-1.1503906,0.92089844,1.5419922,0.62109375,0.6474609375,0.5270182341337203,0.5270182341337203,0.45772853,0.31162462,0.23064682
552,f_ZJ7L14oYQ$_$11,missing,TAV,2,2,-0.54833984,0.48217773,1.0029297,0.52075195,0.5185546875,0.4238932341337204,0.4238932341337204,0.52097946,0.23019668,0.24882387
553,f_ZJ7L14oYQ$_$27,missing,TAV,2,2,-0.11242676,-0.16760254,0.6064453,0.7188721,0.55615234375,0.45397135913372033,0.45397135913372033,0.49679637,0.27875355,0.2244501
554,f_ZJ7L14oYQ$_$21,missing,TAV,0,0,2.3378906,-1.5849609,-1.6552734,3.9228516,-1.6953125,-1.3472005158662799,-1.3472005158662799,0.61094165,0.17697473,0.2120836
555,f_ZJ7L14oYQ$_$17,missing,TAV,0,0,1.3134766,-0.21887207,-1.0039062,1.5323486,-0.607421875,-0.4768880158662797,-0.4768880158662797,0.53525877,0.24041781,0.22432339
556,f_ZJ7L14oYQ$_$9,missing,TAV,0,0,0.26782227,-0.3864746,0.17712402,0.09069824,0.188232421875,0.15963542163372035,0.15963542163372035,0.5184939,0.23487397,0.24663211
557,f_ZJ7L14oYQ$_$8,missing,TAV,2,2,0.0904541,-0.051971436,0.24121094,0.15075684,0.283447265625,0.23580729663372035,0.23580729663372035,0.49144256,0.2670706,0.2414868
558,ffrJ91swyq0$_$1,missing,TAV,2,2,-1.4511719,-0.18566895,2.2695312,2.4552002,1.189453125,0.9606119841337204,0.9606119841337204,0.517577,0.22898191,0.25344113
559,g8Cl74tS3oY$_$2,missing,TAV,0,0,0.5800781,0.015167236,-0.48754883,0.5649109,-0.13525390625,-0.09915364086627967,-0.09915364086627967,0.4793027,0.23485644,0.2858409
560,g8Cl74tS3oY$_$6,missing,TAV,2,2,-1.2851562,-0.35351562,2.0488281,2.4023438,1.201171875,0.9699869841337203,0.9699869841337203,0.47232607,0.22560772,0.30206618
561,gR4gM_WXesQ$_$10,missing,TAV,1,1,-0.03768921,1.1152344,0.034423828,1.0808105,0.1328125,0.11529948413372035,0.11529948413372035,0.45284522,0.21883689,0.3283179
562,gR4gM_WXesQ$_$26,missing,TAV,0,0,1.9287109,-0.027923584,-1.7695312,1.9566345,-0.93896484375,-0.7421223908662797,-0.7421223908662797,0.53781366,0.1693987,0.2927876
563,gR4gM_WXesQ$_$20,missing,TAV,2,2,-0.7036133,0.2692871,1.1503906,0.8811035,0.556640625,0.4543619841337203,0.4543619841337203,0.45564646,0.22165069,0.3227028
564,gR4gM_WXesQ$_$24,missing,TAV,1,1,0.9194336,1.1367188,-1.0732422,0.21728516,-0.224365234375,-0.17044270336627967,-0.17044270336627967,0.5066488,0.21111855,0.28223273
565,gR4gM_WXesQ$_$18,missing,TAV,0,0,1.921875,-0.5473633,-1.5166016,2.4692383,-0.78955078125,-0.6225911408662798,-0.6225911408662798,0.5420216,0.16321145,0.29476708
566,gR4gM_WXesQ$_$3,missing,TAV,0,0,1.4257812,-0.23376465,-1.1318359,1.6595459,-0.32421875,-0.2503255158662797,-0.2503255158662797,0.5427384,0.19624294,0.26101872
567,gR4gM_WXesQ$_$4,missing,TAV,2,2,-1.515625,0.007293701,2.2539062,2.2466125,1.1767578125,0.9504557341337203,0.9504557341337203,0.49216574,0.188015,0.31981927
568,gR4gM_WXesQ$_$8,missing,TAV,2,2,-0.51464844,0.25585938,0.9526367,0.69677734,0.51171875,0.41842448413372035,0.41842448413372035,0.51772624,0.178603,0.30367076
569,gVqs4TzqySw$_$1,missing,TAV,2,2,-0.8432617,-0.21374512,1.6611328,1.8748779,1.0986328125,0.8879557341337203,0.8879557341337203,0.4113675,0.33743003,0.25120246
570,gVqs4TzqySw$_$3,missing,TAV,1,1,-0.39672852,1.2412109,0.44091797,0.80029297,0.25732421875,0.21490885913372035,0.21490885913372035,0.44883463,0.27549452,0.2756709
571,gVqs4TzqySw$_$2,missing,TAV,2,2,-1.1142578,0.87158203,1.5048828,0.6333008,0.5986328125,0.4879557341337204,0.4879557341337204,0.35675195,0.37268022,0.2705679
572,gVqs4TzqySw$_$4,missing,TAV,1,1,-0.74658203,1.1083984,0.7915039,0.31689453,0.38232421875,0.31490885913372035,0.31490885913372035,0.35697716,0.3722634,0.27075937
573,goMtnNHQ_z4$_$1,missing,TAV,2,2,-0.88183594,0.8515625,1.1044922,0.2529297,0.4638671875,0.3801432341337203,0.3801432341337203,0.4381012,0.20861065,0.35328808
574,goMtnNHQ_z4$_$2,missing,TAV,2,2,-1.0576172,-0.9951172,2.1660156,3.1611328,1.60546875,1.2934244841337204,1.2934244841337204,0.5587931,0.1810186,0.26018825
575,goMtnNHQ_z4$_$13,missing,TAV,2,2,-1.0048828,-0.24255371,1.7441406,1.9866943,1.087890625,0.8793619841337204,0.8793619841337204,0.49611625,0.26663437,0.23724936
576,goMtnNHQ_z4$_$12,missing,TAV,1,1,-0.30078125,1.5458984,0.076293945,1.4696045,0.1865234375,0.15826823413372035,0.15826823413372035,0.4352736,0.25544608,0.30928028
577,hqzF4IDaIYE$_$0,missing,TAV,0,0,1.1113281,-0.8354492,-0.59033203,1.7016602,-0.415283203125,-0.32317707836627974,-0.32317707836627974,0.46590894,0.2764726,0.2576185
578,hqzF4IDaIYE$_$3,missing,TAV,2,2,-0.90771484,0.09814453,1.3632812,1.2651367,0.68603515625,0.5578776091337203,0.5578776091337203,0.44357532,0.28719693,0.2692278
579,hqzF4IDaIYE$_$2,missing,TAV,2,2,-1.1425781,-0.26342773,1.9599609,2.2233887,1.2138671875,0.9801432341337204,0.9801432341337204,0.46701157,0.28242224,0.25056615
580,hqzF4IDaIYE$_$4,missing,TAV,1,1,-0.7260742,1.15625,0.94140625,0.21484375,0.396240234375,0.32604167163372033,0.32604167163372033,0.38218328,0.3510114,0.2668053
581,hqzF4IDaIYE$_$6,missing,TAV,2,2,-0.33276367,0.35620117,0.5209961,0.16479492,0.422607421875,0.34713542163372035,0.34713542163372035,0.3527911,0.38211346,0.2650955
582,hvfaYsv7p8E$_$0,missing,TAV,0,0,1.8603516,-0.7089844,-1.3271484,2.569336,-0.92724609375,-0.7327473908662797,-0.7327473908662797,0.5393066,0.16919665,0.29149678
583,iUXqlrui25c$_$10,missing,TAV,0,0,1.3203125,-0.12512207,-1.1240234,1.4454346,-0.513671875,-0.40188801586627965,-0.40188801586627965,0.5031751,0.23799454,0.25883043
584,iUXqlrui25c$_$21,missing,TAV,1,1,0.06945801,1.0791016,0.03527832,1.0096436,-0.02886962890625,-0.014046218991279665,-0.014046218991279665,0.4647255,0.2241054,0.31116915
585,iUXqlrui25c$_$23,missing,TAV,1,1,-0.71533203,1.4404297,0.88427734,0.55615234,0.32763671875,0.2711588591337204,0.2711588591337204,0.38231546,0.31797603,0.29970852
586,icbUzboLcDQ$_$0,missing,TAV,2,2,-1.3408203,-0.6113281,2.3613281,2.9726562,1.517578125,1.2231119841337204,1.2231119841337204,0.5089099,0.27089313,0.22019698
587,ioupaiAuRr0$_$5,missing,TAV,2,2,-0.9868164,0.76464844,1.5527344,0.78808594,0.41552734375,0.3414713591337204,0.3414713591337204,0.47530007,0.25770637,0.2669935
588,ioupaiAuRr0$_$4,missing,TAV,1,1,-0.23083496,0.57958984,0.5708008,0.0087890625,0.314453125,0.26061198413372033,0.26061198413372033,0.46172708,0.26248488,0.27578804
589,jICmfLeFymA$_$16,missing,TAV,2,2,-1.4619141,-0.34960938,2.5625,2.9121094,1.681640625,1.3543619841337204,1.3543619841337204,0.37678874,0.27755174,0.34565955
590,jPrEKz1rAno$_$11,missing,TAV,1,1,-0.39770508,1.5488281,0.41088867,1.1379395,0.0970458984375,0.08668620288372034,0.08668620288372034,0.46542323,0.254865,0.27971178
591,jPrEKz1rAno$_$7,missing,TAV,1,1,-0.50146484,1.3359375,0.46801758,0.8679199,0.1746826171875,0.14879557788372033,0.14879557788372033,0.38738522,0.36110637,0.2515084
592,jPrEKz1rAno$_$6,missing,TAV,1,1,-0.18847656,1.6806641,-0.07336426,1.7540283,0.1627197265625,0.13922526538372035,0.13922526538372035,0.3914011,0.34166962,0.26692927
593,k5ZOshC2LP4$_$1,missing,TAV,1,1,-0.058807373,0.40600586,0.101379395,0.30462646,0.27001953125,0.22506510913372035,0.22506510913372035,0.47643608,0.30739617,0.21616772
594,kbGhEJ4W44o$_$0,missing,TAV,0,0,0.4934082,-0.34155273,-0.12182617,0.6152344,0.3349609375,0.2770182341337204,0.2770182341337204,0.46109962,0.32098222,0.21791816
595,kfsO4c0Ekes$_$7,missing,TAV,2,2,-1.2216797,-0.8071289,2.1640625,2.9711914,1.4921875,1.2027994841337204,1.2027994841337204,0.5306148,0.23654954,0.23283564
596,kvUb78Rdzdc$_$3,missing,TAV,2,2,-1.0957031,-1.1787109,2.1054688,3.2011719,1.5859375,1.2777994841337204,1.2777994841337204,0.6271802,0.17941488,0.19340488
597,lO87-4Kf0cQ$_$2,missing,TAV,1,1,-0.10681152,1.5078125,-0.02722168,1.5350342,0.05499267578125,0.05304362475872034,0.05304362475872034,0.44039133,0.2177472,0.3418615
598,lO87-4Kf0cQ$_$5,missing,TAV,1,1,0.03866577,1.3779297,-0.22619629,1.3392639,0.00040841102600097656,0.009376212954521118,0.009376212954521118,0.44118804,0.23175053,0.32706144
599,lWf5hHRHIDs$_$11,missing,TAV,2,2,-1.3105469,-0.023651123,2.1796875,2.2033386,1.1337890625,0.9160807341337204,0.9160807341337204,0.5039823,0.19769935,0.29831836
600,lawHYX5eB20$_$1,missing,TAV,0,0,1.1474609,0.5444336,-1.0771484,0.60302734,-0.339599609375,-0.2626302033662796,-0.2626302033662796,0.51686907,0.17464271,0.30848816
601,lawHYX5eB20$_$2,missing,TAV,1,1,-0.5332031,1.1367188,0.7314453,0.40527344,0.198974609375,0.16822917163372034,0.16822917163372034,0.42996675,0.22975327,0.34028
602,mHGaQ_nv9UY$_$13,missing,TAV,1,1,-0.16711426,0.48120117,0.36157227,0.119628906,0.191162109375,0.16197917163372036,0.16197917163372036,0.5484116,0.23106498,0.2205234
603,mHGaQ_nv9UY$_$14,missing,TAV,2,2,-0.57958984,0.859375,0.8901367,0.030761719,0.30126953125,0.2500651091337204,0.2500651091337204,0.48368946,0.27354836,0.2427622
604,mHGaQ_nv9UY$_$17,missing,TAV,1,1,0.11584473,0.87109375,-0.022583008,0.755249,0.08197021484375,0.07462565600872034,0.07462565600872034,0.4924875,0.27434066,0.23317187
605,mHGaQ_nv9UY$_$22,missing,TAV,0,0,1.8447266,-0.6010742,-1.4697266,2.4458008,-0.94921875,-0.7503255158662797,-0.7503255158662797,0.573945,0.21628577,0.2097692
606,mHGaQ_nv9UY$_$5,missing,TAV,0,0,0.50878906,-1.1064453,-0.020385742,0.5291748,-0.03240966796875,-0.016878250241279664,-0.016878250241279664,0.6110018,0.18895364,0.20004462
607,mHGaQ_nv9UY$_$4,missing,TAV,0,0,2.0898438,-1.1513672,-1.7167969,3.241211,-1.4853515625,-1.1792317658662796,-1.1792317658662796,0.6149444,0.21870583,0.16634975
608,mLW-jn67gRE$_$20,missing,TAV,2,2,-1.4287109,0.40649414,1.9306641,1.5241699,0.69921875,0.5684244841337204,0.5684244841337204,0.49854192,0.26442227,0.2370358
609,mLW-jn67gRE$_$17,missing,TAV,2,2,-0.15844727,-0.26245117,0.5288086,0.68725586,0.5791015625,0.4723307341337204,0.4723307341337204,0.6211083,0.1800627,0.19882901
610,mLW-jn67gRE$_$1,missing,TAV,1,1,0.2993164,1.3505859,-0.4230957,1.0512695,-0.03619384765625,-0.019905593991279665,-0.019905593991279665,0.58306706,0.17621365,0.24071933
611,mLW-jn67gRE$_$3,missing,TAV,1,1,-0.58154297,1.8154297,0.45825195,1.3571777,0.0950927734375,0.08512370288372034,0.08512370288372034,0.4914429,0.26142913,0.247128
612,mLW-jn67gRE$_$5,missing,TAV,1,1,-0.8754883,1.2529297,0.9970703,0.25585938,0.210693359375,0.17760417163372036,0.17760417163372036,0.52553964,0.22033453,0.2541258
613,mLW-jn67gRE$_$6,missing,TAV,0,0,1.6005859,-0.13391113,-1.4072266,1.7344971,-0.57275390625,-0.44915364086627974,-0.44915364086627974,0.61813676,0.19643277,0.18543054
614,mLW-jn67gRE$_$9,missing,TAV,1,1,0.5136719,0.6411133,-0.45922852,0.1274414,-0.0289764404296875,-0.014131668210029664,-0.014131668210029664,0.5873205,0.20449498,0.20818453
615,mjpCK2Edsv8$_$0,missing,TAV,2,2,-1.4814453,-0.8095703,2.6640625,3.4736328,1.818359375,1.4637369841337204,1.4637369841337204,0.5631528,0.22353072,0.21331649
616,nUZYqTRSGDw$_$4,missing,TAV,0,0,1.9423828,-0.9370117,-1.4404297,2.8793945,-1.1044921875,-0.8745442658662798,-0.8745442658662798,0.5345093,0.23956196,0.22592875
617,nyzIL6YAonY$_$5,missing,TAV,2,2,-1.5957031,-0.32080078,2.4296875,2.7504883,1.2724609375,1.0270182341337204,1.0270182341337204,0.58287627,0.18798396,0.22913978
618,nyzIL6YAonY$_$6,missing,TAV,2,2,-1.1826172,0.56640625,1.7695312,1.203125,0.8349609375,0.6770182341337203,0.6770182341337203,0.5441656,0.19580336,0.26003107
619,ooAF6I-fmTg$_$3,missing,TAV,0,0,0.5415039,0.1661377,-0.38012695,0.3753662,0.0214080810546875,0.02617594897747034,0.02617594897747034,0.54510826,0.24763285,0.20725897
620,ooAF6I-fmTg$_$5,missing,TAV,0,0,0.5932617,0.5854492,-0.6611328,0.0078125,-0.1365966796875,-0.10022785961627967,-0.10022785961627967,0.5705138,0.22118036,0.2083059
621,ooAF6I-fmTg$_$7,missing,TAV,0,0,2.2089844,-1.0722656,-1.7275391,3.28125,-1.337890625,-1.0612630158662797,-1.0612630158662797,0.62515867,0.17725135,0.19758998
622,pOrk7fl1AYo$_$1,missing,TAV,1,1,-0.06970215,1.0888672,-0.037597656,1.1264648,0.06243896484375,0.05900065600872034,0.05900065600872034,0.4390324,0.29814723,0.26282036
623,pOrk7fl1AYo$_$3,missing,TAV,2,2,-0.72314453,-0.26879883,1.3525391,1.6213379,0.896484375,0.7262369841337204,0.7262369841337204,0.44233742,0.3250778,0.23258479
624,pOrk7fl1AYo$_$2,missing,TAV,0,0,1.1416016,0.45336914,-1.0107422,0.6882324,-0.5029296875,-0.3932942658662797,-0.3932942658662797,0.5117957,0.1830697,0.30513456
625,pOrk7fl1AYo$_$4,missing,TAV,0,0,1.1064453,0.099487305,-0.8930664,1.006958,-0.08990478515625,-0.06287434399127967,-0.06287434399127967,0.50028914,0.2770825,0.22262837
626,q9yDL81QppI$_$1,missing,TAV,1,1,-0.50683594,1.8125,0.36132812,1.4511719,0.018310546875,0.023697921633720337,0.023697921633720337,0.4784903,0.24761361,0.27389613
627,q9yDL81QppI$_$0,missing,TAV,1,1,-0.56689453,1.3349609,0.5649414,0.77001953,0.18896484375,0.16022135913372035,0.16022135913372035,0.41163,0.34685442,0.24151556
628,q9yDL81QppI$_$2,missing,TAV,1,1,-0.70410156,1.6025391,0.5727539,1.0297852,0.14501953125,0.12506510913372035,0.12506510913372035,0.44212806,0.2799981,0.2778738
629,qK77ZmbqmOM$_$9,missing,TAV,1,1,0.066589355,1.0214844,-0.14538574,0.954895,-0.16845703125,-0.12571614086627966,-0.12571614086627966,0.47776675,0.23049036,0.2917429
630,qK77ZmbqmOM$_$0,missing,TAV,1,1,-0.3173828,1.0507812,0.27124023,0.779541,0.048431396484375,0.04779460132122034,0.04779460132122034,0.4090309,0.22410297,0.3668661
631,qY1sXq-YCHs$_$8,missing,TAV,0,0,1.2871094,0.39648438,-1.1679688,0.890625,-0.52978515625,-0.4147786408662797,-0.4147786408662797,0.5732647,0.20347549,0.22325979
632,qmMSumMloAs$_$1,missing,TAV,2,2,-1.4765625,-0.8569336,2.34375,3.2006836,1.619140625,1.3043619841337204,1.3043619841337204,0.54831934,0.18722953,0.26445112
633,qmMSumMloAs$_$3,missing,TAV,2,2,-1.3925781,-1.0087891,2.515625,3.524414,1.6904296875,1.3613932341337205,1.3613932341337205,0.5810972,0.16812876,0.250774
634,qmMSumMloAs$_$2,missing,TAV,2,2,-0.81933594,-1.7509766,1.8945312,2.7138672,1.7265625,1.3902994841337204,1.3902994841337204,0.6343691,0.13512193,0.23050903
635,r13W4H8ZhqI$_$12,missing,TAV,1,1,0.17626953,0.6064453,-0.14819336,0.43017578,0.06085205078125,0.05773112475872034,0.05773112475872034,0.447422,0.33022213,0.22235589
636,r13W4H8ZhqI$_$1,missing,TAV,2,2,-0.98291016,0.38964844,1.3828125,0.99316406,0.53515625,0.4371744841337204,0.4371744841337204,0.45480108,0.31177914,0.23341979
637,r13W4H8ZhqI$_$5,missing,TAV,1,1,-0.42333984,1.5039062,0.30004883,1.2038574,-0.08447265625,-0.058528640866279666,-0.058528640866279666,0.4635788,0.22126035,0.31516084
638,r13W4H8ZhqI$_$8,missing,TAV,2,2,-0.91259766,0.52978516,1.2939453,0.76416016,0.51953125,0.42467448413372033,0.42467448413372033,0.46688822,0.29757127,0.23554048
639,r5ijC2W9ddk$_$8,missing,TAV,2,2,-1.5419922,0.025238037,2.34375,2.318512,1.390625,1.1215494841337204,1.1215494841337204,0.47831672,0.29421827,0.22746499
640,r5ijC2W9ddk$_$0,missing,TAV,1,1,0.1986084,1.2041016,-0.45629883,1.0054932,-0.02667236328125,-0.012288406491279665,-0.012288406491279665,0.5000269,0.2901186,0.20985453
641,r9tgDqXEcuc$_$4,missing,TAV,1,1,-0.8183594,1.3085938,1.0693359,0.23925781,0.29638671875,0.24615885913372035,0.24615885913372035,0.45633456,0.23278613,0.31087932
642,rf0yDSeVEUA$_$1,missing,TAV,2,2,-1.4755859,-0.61376953,2.46875,3.0825195,1.537109375,1.2387369841337204,1.2387369841337204,0.53385943,0.18751852,0.27862203
643,rf0yDSeVEUA$_$0,missing,TAV,2,2,-1.6074219,-0.5673828,2.6191406,3.1865234,1.650390625,1.3293619841337203,1.3293619841337203,0.565267,0.17600374,0.25872922
644,rf0yDSeVEUA$_$3,missing,TAV,2,2,0.41577148,-1.3154297,0.44262695,0.026855469,0.45458984375,0.3727213591337204,0.3727213591337204,0.5730301,0.19942728,0.2275426
645,rojyUp4FPSg$_$26,missing,TAV,2,2,-1.4423828,0.43041992,2.0898438,1.6594238,1.017578125,0.8231119841337203,0.8231119841337203,0.44857812,0.21356663,0.33785522
646,rojyUp4FPSg$_$20,missing,TAV,2,2,-0.28198242,-0.77783203,1.2060547,1.4880371,1.1875,0.9590494841337204,0.9590494841337204,0.4869473,0.16974084,0.34331188
647,rojyUp4FPSg$_$21,missing,TAV,2,2,-1.3525391,-1.1787109,2.5742188,3.7529297,2.029296875,1.6324869841337204,1.6324869841337204,0.62522256,0.13117634,0.24360107
648,rojyUp4FPSg$_$23,missing,TAV,2,2,-1.1376953,-0.7363281,2.1367188,2.8730469,1.666015625,1.3418619841337205,1.3418619841337205,0.6076532,0.13208611,0.26026067
649,rojyUp4FPSg$_$5,missing,TAV,1,1,-0.8173828,1.265625,1.0068359,0.25878906,0.421875,0.34654948413372033,0.34654948413372033,0.43819892,0.16257325,0.39922783
650,rojyUp4FPSg$_$7,missing,TAV,2,2,-1.4394531,0.14733887,2.2929688,2.14563,1.158203125,0.9356119841337204,0.9356119841337204,0.49759245,0.19602177,0.30638582
651,rojyUp4FPSg$_$9,missing,TAV,0,0,1.8916016,-1.4355469,-1.1054688,2.9970703,-0.9560546875,-0.7557942658662797,-0.7557942658662797,0.5754479,0.1391795,0.28537259
652,rojyUp4FPSg$_$10,missing,TAV,2,2,-1.2089844,-0.67871094,2.2890625,2.9677734,1.66015625,1.3371744841337203,1.3371744841337203,0.49425203,0.17018792,0.3355601
653,rojyUp4FPSg$_$12,missing,TAV,2,2,-1.40625,-0.8779297,2.3984375,3.2763672,1.8046875,1.4527994841337204,1.4527994841337204,0.58197594,0.15199393,0.2660301
654,rojyUp4FPSg$_$16,missing,TAV,2,2,-0.96972656,0.83740234,1.4082031,0.5708008,0.72216796875,0.5867838591337203,0.5867838591337203,0.47745487,0.19806063,0.3244845
655,rojyUp4FPSg$_$18,missing,TAV,2,2,-0.78759766,0.5629883,1.2734375,0.7104492,0.75,0.6090494841337204,0.6090494841337204,0.43198404,0.14523548,0.42278048
656,rojyUp4FPSg$_$37,missing,TAV,2,2,-1.5126953,0.055877686,2.2421875,2.1863098,1.095703125,0.8856119841337203,0.8856119841337203,0.48064107,0.19323656,0.3261223
657,rojyUp4FPSg$_$36,missing,TAV,2,2,-1.2373047,-1.0214844,2.4785156,3.5,1.794921875,1.4449869841337204,1.4449869841337204,0.5922341,0.14072616,0.26703975
658,rojyUp4FPSg$_$34,missing,TAV,2,2,-1.4257812,0.7060547,1.9560547,1.25,0.859375,0.6965494841337203,0.6965494841337203,0.44377697,0.16798753,0.38823548
659,rojyUp4FPSg$_$32,missing,TAV,2,2,-1.5166016,-0.6064453,2.6386719,3.2451172,1.8134765625,1.4598307341337204,1.4598307341337204,0.58639604,0.14097778,0.27262613
660,rwNlqh0k1j4$_$15,missing,TAV,2,2,-1.0947266,-0.5444336,1.7763672,2.3208008,1.166015625,0.9418619841337204,0.9418619841337204,0.5443901,0.18626054,0.26934943
661,rwNlqh0k1j4$_$3,missing,TAV,0,0,2.5078125,-1.3710938,-1.9033203,3.8789062,-1.8193359375,-1.4464192658662798,-1.4464192658662798,0.6187954,0.16317643,0.21802811
662,rwNlqh0k1j4$_$2,missing,TAV,2,2,-0.6459961,0.8105469,0.8330078,0.022460938,0.29638671875,0.24615885913372035,0.24615885913372035,0.49184766,0.21562289,0.29252943
663,rwNlqh0k1j4$_$7,missing,TAV,0,0,1.5517578,-0.57910156,-1.4726562,2.1308594,-0.9775390625,-0.7729817658662798,-0.7729817658662798,0.5539363,0.16537984,0.28068393
664,sC16n1k66io$_$2,missing,TAV,2,2,-1.0234375,-0.29858398,1.6572266,1.9558105,1.0107421875,0.8176432341337203,0.8176432341337203,0.50866085,0.20127194,0.29006714
665,sC16n1k66io$_$16,missing,TAV,2,2,-1.0224609,-0.031036377,1.6572266,1.6882629,0.94189453125,0.7625651091337203,0.7625651091337203,0.56798875,0.15547372,0.27653757
666,sPremsknoLM$_$1,missing,TAV,1,1,-0.43579102,1.7382812,0.31640625,1.421875,0.240966796875,0.20182292163372034,0.20182292163372034,0.42077756,0.3390835,0.24013895
667,ssqiwP19JhM$_$10,missing,TAV,0,0,0.7163086,0.31225586,-0.4284668,0.40405273,-0.126953125,-0.09251301586627966,-0.09251301586627966,0.5308295,0.1947046,0.2744659
668,ssqiwP19JhM$_$2,missing,TAV,1,1,-0.6279297,1.3212891,0.82910156,0.4921875,0.3798828125,0.31295573413372035,0.31295573413372035,0.3913696,0.20472713,0.40390325
669,szic2IB9HB4$_$5,missing,TAV,0,0,1.2880859,0.5371094,-1.3369141,0.75097656,-0.720703125,-0.5675130158662797,-0.5675130158662797,0.5351804,0.22850108,0.23631853
670,tQ-CIfgj-Js$_$3,missing,TAV,1,1,0.30395508,1.2822266,-0.35473633,0.9782715,0.1044921875,0.09264323413372035,0.09264323413372035,0.52736604,0.16404125,0.30859268
671,tXQpm-nKxNA$_$5,missing,TAV,2,2,-1.3955078,-1.0205078,2.7675781,3.788086,2.03125,1.6340494841337203,1.6340494841337203,0.57842827,0.16451654,0.2570552
672,tXQpm-nKxNA$_$7,missing,TAV,2,2,-1.4179688,-0.66015625,2.546875,3.2070312,1.6962890625,1.3660807341337204,1.3660807341337204,0.48005417,0.25123057,0.26871526
673,uacdDoBtT1k$_$0,missing,TAV,0,0,2.1972656,-0.9350586,-1.7988281,3.1323242,-1.37109375,-1.0878255158662797,-1.0878255158662797,0.6464146,0.1577502,0.19583523
674,uacdDoBtT1k$_$6,missing,TAV,0,0,1.7353516,-0.37329102,-1.4150391,2.1086426,-0.6435546875,-0.5057942658662797,-0.5057942658662797,0.5653448,0.1828646,0.25179058
675,unNY4zIk8MM$_$1,missing,TAV,2,2,-1.4208984,-0.7675781,2.59375,3.3613281,1.75,1.4090494841337204,1.4090494841337204,0.54544127,0.25673494,0.19782385
676,unNY4zIk8MM$_$3,missing,TAV,2,2,-1.0898438,1.0703125,1.5458984,0.47558594,0.443115234375,0.3635416716337203,0.3635416716337203,0.42494553,0.27602097,0.29903352
677,unNY4zIk8MM$_$5,missing,TAV,2,2,-1.2226562,0.6923828,1.8037109,1.1113281,0.7119140625,0.5785807341337204,0.5785807341337204,0.46793312,0.245753,0.28631383
678,unNY4zIk8MM$_$8,missing,TAV,1,1,-0.25097656,1.3427734,0.24060059,1.1021729,0.10601806640625,0.09386393725872035,0.09386393725872035,0.39288232,0.26205927,0.34505838
679,uooIiW6dEyg$_$1,missing,TAV,0,0,2.0683594,-1.2529297,-1.5947266,3.321289,-1.4609375,-1.1597005158662796,-1.1597005158662796,0.5531365,0.2551102,0.19175327
680,uooIiW6dEyg$_$5,missing,TAV,2,2,-1.1425781,0.71972656,1.7041016,0.984375,0.783203125,0.6356119841337203,0.6356119841337203,0.40321016,0.3696332,0.22715661
681,v2Rr-EsJda8$_$0,missing,TAV,1,1,-0.17956543,1.6708984,-0.033935547,1.704834,0.21435546875,0.18053385913372036,0.18053385913372036,0.46123824,0.30479088,0.23397088
682,v2Rr-EsJda8$_$6,missing,TAV,2,2,-1.2705078,-0.62402344,2.2226562,2.8466797,1.728515625,1.3918619841337203,1.3918619841337203,0.6068419,0.19327705,0.19988099
683,v9gjg7TDlTA$_$0,missing,TAV,0,0,1.5820312,-0.40429688,-1.2958984,1.9863281,-0.80078125,-0.6315755158662797,-0.6315755158662797,0.4831845,0.19874412,0.31807145
684,v9gjg7TDlTA$_$4,missing,TAV,0,0,1.9228516,-1.1650391,-1.6376953,3.0878906,-1.3037109375,-1.0339192658662797,-1.0339192658662797,0.54506975,0.21286592,0.24206433
685,vHzbn_YW76s$_$3,missing,TAV,0,0,1.2441406,-0.36694336,-0.8925781,1.611084,-0.279296875,-0.21438801586627967,-0.21438801586627967,0.51492256,0.23762932,0.24744818
686,vU0a4F36Ksw$_$13,missing,TAV,1,1,-0.5986328,1.2548828,0.56103516,0.69384766,0.300048828125,0.24908854663372035,0.24908854663372035,0.41829607,0.31287825,0.26882565
687,vU0a4F36Ksw$_$12,missing,TAV,2,2,-0.9897461,1.0869141,1.1210938,0.034179688,0.62060546875,0.5055338591337204,0.5055338591337204,0.39479065,0.32376185,0.2814475
688,vU0a4F36Ksw$_$17,missing,TAV,1,1,-0.7524414,1.5771484,0.60302734,0.9741211,0.26611328125,0.22194010913372034,0.22194010913372034,0.42320353,0.30105075,0.27574572
689,vU0a4F36Ksw$_$0,missing,TAV,2,2,-1.5302734,-0.5126953,2.5,3.0126953,1.564453125,1.2606119841337204,1.2606119841337204,0.54898566,0.22487311,0.22614127
690,vU0a4F36Ksw$_$3,missing,TAV,2,2,-1.2558594,-0.53466797,2.0625,2.597168,1.5029296875,1.2113932341337204,1.2113932341337204,0.51967925,0.24509802,0.23522273
691,vU0a4F36Ksw$_$5,missing,TAV,1,1,-0.076660156,0.37109375,0.14929199,0.22180176,0.13916015625,0.12037760913372034,0.12037760913372034,0.4475432,0.2868476,0.26560917
692,vU0a4F36Ksw$_$7,missing,TAV,2,2,-1.0039062,0.796875,1.3154297,0.5185547,0.294189453125,0.24440104663372034,0.24440104663372034,0.49415955,0.2853846,0.22045583
693,vU0a4F36Ksw$_$20,missing,TAV,1,1,0.27685547,0.45092773,-0.17871094,0.17407227,0.053466796875,0.05182292163372034,0.05182292163372034,0.4678787,0.24797665,0.28414467
694,vbr3EA8cJTI$_$0,missing,TAV,2,2,-1.3945312,-0.6142578,2.6171875,3.2314453,1.650390625,1.3293619841337203,1.3293619841337203,0.44472632,0.3730822,0.18219152
695,vbr3EA8cJTI$_$2,missing,TAV,0,0,1.9091797,-1.1884766,-1.5214844,3.0976562,-1.328125,-1.0534505158662797,-1.0534505158662797,0.5801531,0.24484842,0.17499848
696,vbr3EA8cJTI$_$7,missing,TAV,2,2,-0.6455078,0.48510742,1.0859375,0.6008301,0.5830078125,0.47545573413372033,0.47545573413372033,0.3728759,0.36181012,0.26531404
697,vbr3EA8cJTI$_$6,missing,TAV,2,2,-1.4072266,-0.27514648,2.4375,2.7126465,1.4658203125,1.1817057341337203,1.1817057341337203,0.41933906,0.3441634,0.23649754
698,wF8980oGklk$_$24,missing,TAV,2,2,-1.3095703,0.14526367,1.9501953,1.8049316,0.9091796875,0.7363932341337204,0.7363932341337204,0.45384538,0.2753822,0.2707725
699,wF8980oGklk$_$25,missing,TAV,2,2,-1.4492188,-0.64160156,2.5957031,3.2373047,1.69140625,1.3621744841337204,1.3621744841337204,0.5987895,0.18673103,0.21447949
700,wF8980oGklk$_$1,missing,TAV,1,1,-0.4399414,1.1962891,0.45874023,0.7375488,0.115478515625,0.10143229663372035,0.10143229663372035,0.40860885,0.29974794,0.2916432
701,wF8980oGklk$_$0,missing,TAV,1,1,-0.69921875,1.6171875,0.73583984,0.88134766,0.2060546875,0.17389323413372035,0.17389323413372035,0.39030424,0.3265533,0.2831425
702,wF8980oGklk$_$3,missing,TAV,1,1,0.0736084,1.5537109,-0.3894043,1.4801025,-0.15087890625,-0.11165364086627967,-0.11165364086627967,0.46004105,0.28729406,0.2526649
703,wF8980oGklk$_$2,missing,TAV,0,0,2.2246094,-1.0537109,-1.7822266,3.2783203,-1.5380859375,-1.2214192658662797,-1.2214192658662797,0.57888854,0.19965594,0.22145547
704,wF8980oGklk$_$6,missing,TAV,2,2,-0.99853516,0.63671875,1.4189453,0.78222656,0.55126953125,0.45006510913372033,0.45006510913372033,0.4539304,0.28092572,0.2651439
705,wF8980oGklk$_$17,missing,TAV,2,2,-1.3837891,-0.8154297,2.6640625,3.4794922,1.759765625,1.4168619841337204,1.4168619841337204,0.5539533,0.22984228,0.21620443
706,wosolsrH3sM$_$6,missing,TAV,2,2,0.42358398,-1.9853516,0.54003906,0.11645508,0.548828125,0.44811198413372033,0.44811198413372033,0.62572134,0.18447629,0.1898023
707,x-zGBp7axao$_$3,missing,TAV,0,0,0.37182617,-0.8535156,0.117492676,0.2543335,0.2325439453125,0.19508464038372034,0.19508464038372034,0.48291883,0.29577932,0.22130182
708,x2lOwQaAn4g$_$4,missing,TAV,2,2,-1.4912109,-0.49536133,2.7285156,3.223877,1.728515625,1.3918619841337203,1.3918619841337203,0.44954118,0.33138555,0.2190733
709,xUgAP84vsg4$_$15,missing,TAV,2,2,-1.6025391,-0.73291016,2.7753906,3.5083008,1.73046875,1.3934244841337204,1.3934244841337204,0.59208566,0.19189899,0.2160154
710,xUgAP84vsg4$_$4,missing,TAV,2,2,-1.4785156,-0.22839355,2.4785156,2.7069092,1.3720703125,1.1067057341337203,1.1067057341337203,0.49051884,0.29559407,0.21388708
711,xUgAP84vsg4$_$8,missing,TAV,2,2,-1.1699219,1.1982422,1.4833984,0.28515625,0.384521484375,0.3166666716337203,0.3166666716337203,0.5039735,0.27034402,0.2256825
712,xivYoEUQ5sk$_$5,missing,TAV,2,2,-1.4091797,-0.56933594,2.4492188,3.0185547,1.6201171875,1.3051432341337204,1.3051432341337204,0.51065606,0.24411178,0.24523212
713,xivYoEUQ5sk$_$4,missing,TAV,2,2,-1.3193359,-1.0371094,2.5605469,3.5976562,1.94140625,1.5621744841337204,1.5621744841337204,0.52790767,0.26753393,0.20455842
714,xjsaS-LeZ14$_$20,missing,TAV,1,1,-0.34350586,1.1542969,0.34643555,0.8078613,0.28662109375,0.23834635913372035,0.23834635913372035,0.45778865,0.23388499,0.30832636
715,xjsaS-LeZ14$_$14,missing,TAV,1,1,-1.0019531,1.3388672,1.2861328,0.052734375,0.443359375,0.36373698413372035,0.36373698413372035,0.45633292,0.23378783,0.3098793
716,xjsaS-LeZ14$_$6,missing,TAV,2,2,-0.40356445,-0.23596191,0.8803711,1.116333,0.55029296875,0.4492838591337204,0.4492838591337204,0.43352765,0.25280258,0.31366974
717,y8HXGm1-Ecw$_$7,missing,TAV,0,0,1.1904297,-0.86328125,-0.7807617,1.9711914,-0.357666015625,-0.2770833283662797,-0.2770833283662797,0.51544577,0.23115344,0.2534007
718,y9FyTEyGy5Y$_$1,missing,TAV,2,2,-1.3027344,-0.0022277832,2.1054688,2.1076965,1.3271484375,1.0707682341337204,1.0707682341337204,0.44746715,0.2870927,0.26544014
719,zhE_68GMJIk$_$8,missing,TAV,0,0,0.93310547,-1.1767578,-0.5439453,1.4770508,-0.376953125,-0.29251301586627965,-0.29251301586627965,0.5714781,0.20217222,0.22634965
720,zhE_68GMJIk$_$5,missing,TAV,0,0,1.7255859,-0.72216797,-1.3486328,2.447754,-0.9189453125,-0.7261067658662798,-0.7261067658662798,0.56276685,0.20620586,0.23102732
721,zjYEBwXGD8I$_$13,missing,TAV,2,2,-1.0205078,0.83691406,1.3847656,0.54785156,0.5009765625,0.4098307341337204,0.4098307341337204,0.47187352,0.31273994,0.21538654
722,zjYEBwXGD8I$_$15,missing,TAV,2,2,-0.8852539,1.0703125,1.1240234,0.053710938,0.5439453125,0.44420573413372033,0.44420573413372033,0.44122842,0.30741224,0.25135934
723,zjYEBwXGD8I$_$0,missing,TAV,1,1,-1.0107422,1.5185547,1.3662109,0.15234375,0.400634765625,0.32955729663372035,0.32955729663372035,0.3618267,0.36731774,0.27085558
724,zjYEBwXGD8I$_$2,missing,TAV,2,2,-0.90527344,-0.0066833496,1.5771484,1.5838318,0.8359375,0.6777994841337204,0.6777994841337204,0.53339446,0.27416602,0.19243954
725,zjYEBwXGD8I$_$4,missing,TAV,1,1,-0.21923828,0.9863281,0.23278809,0.75354004,0.2646484375,0.22076823413372035,0.22076823413372035,0.46386588,0.27329746,0.2628367
726,zjYEBwXGD8I$_$9,missing,TAV,2,2,-1.4492188,0.23571777,2.0742188,1.838501,0.88623046875,0.7180338591337203,0.7180338591337203,0.47965434,0.2867352,0.23361047
727,zk2jTlAtvSU$_$3,missing,TAV,1,1,-0.072265625,1.2900391,0.02746582,1.2625732,-0.0213623046875,-0.008040359616279663,-0.008040359616279663,0.48438677,0.20378461,0.3118286
