sample_index,sample_id,baseline,phi_T_cls,phi_T_reg,phi_A_cls,phi_A_reg,phi_V_cls,phi_V_reg,cls_efficiency_residual,reg_efficiency_residual
0,-UacrmKiTn4$_$7,missing,-0.7218577067057292,0.51435546875,-0.23211161295572919,0.012353515624999995,0.4808247884114583,0.090869140625,1.6653345369377348e-16,0.0
1,-qDkUB0GgYY$_$5,missing,2.638997395833333,1.3443684895833334,1.1603597005208333,0.35569661458333335,1.5883382161458333,0.5987630208333334,8.881784197001252e-16,0.0
2,0utROiKxejc$_$1,missing,3.6873372395833335,0.6030761718750001,0.3555501302083333,-0.055712890625,-0.01920572916666667,-0.17392578125,0.0,0.0
3,0utROiKxejc$_$4,missing,2.6982014973958335,-0.5470052083333333,0.3596394856770833,0.026822916666666693,-0.4126993815104167,0.2186197916666667,4.440892098500626e-16,0.0
4,0y022OlZ3W0$_$3,missing,3.761220296223959,0.6162760416666667,0.7852528889973959,0.12945963541666666,0.45047505696614576,0.014029947916666653,0.0,1.1102230246251565e-16
5,0y022OlZ3W0$_$5,missing,3.5119222005208335,-0.6002929687500002,0.4970296223958333,-0.04897460937500001,0.14241536458333334,-0.09936523437499999,0.0,0.0
6,0y022OlZ3W0$_$8,missing,-0.7923736572265626,0.08980305989583334,-0.7198791503906251,0.07388509114583335,-0.7055206298828125,0.004817708333333344,0.0,2.7755575615628914e-17
7,101787$_$11,missing,0.5247395833333334,0.5087890625,0.4330037434895833,-0.08681640624999999,-0.6285196940104166,-0.05556640625000005,1.1102230246251565e-16,5.551115123125783e-17
8,101787$_$13,missing,0.14746093749999997,1.0175455729166667,1.02239990234375,-0.2742513020833333,0.19415283203125,-0.40452473958333335,0.0,1.1102230246251565e-16
9,101787$_$1,missing,1.6630045572916667,-0.035367838541666675,0.9357096354166666,-0.15131022135416666,0.3121744791666667,-0.2142985026041667,0.0,0.0
10,101787$_$5,missing,6.259002685546875,-1.5063232421875001,0.6922760009765625,-0.1256591796875,-0.1187591552734375,-0.016064453124999985,0.0,0.0
11,101787$_$7,missing,5.9796142578125,1.4631998697916666,0.24291992187499997,-0.055550130208333375,-0.06726074218749999,-0.09148763020833334,0.0,2.220446049250313e-16
12,101787$_$9,missing,-0.15291341145833331,0.25966796875000003,-1.1165364583333333,-0.18378906250000002,0.08292643229166666,-0.14228515625000004,2.220446049250313e-16,2.7755575615628914e-17
13,102408$_$2,missing,-0.9648234049479166,-0.10888722737630208,-0.32206217447916674,0.010021464029947916,-0.7717081705729166,0.022266642252604163,0.0,0.0
14,102408$_$5,missing,2.711710611979167,1.0326416015625002,1.6672770182291667,0.757470703125,1.5214029947916665,0.4692626953125,0.0,0.0
15,102408$_$9,missing,2.262369791666667,-0.15052083333333333,-1.767552693684896,0.5712565104166667,-0.5172780354817708,0.4630533854166668,2.220446049250313e-16,1.1102230246251565e-16
16,102858$_$20,missing,4.822591145833334,-1.2507080078125001,0.22255452473958334,0.06943359375,-0.16013590494791669,-0.07307128906249999,0.0,2.220446049250313e-16
17,102858$_$21,missing,2.715087890625,-0.6805338541666667,-0.279296875,0.09231770833333336,0.065185546875,-0.06100260416666664,0.0,0.0
18,102858$_$1,missing,0.10979715983072916,0.3043212890625,-0.30016072591145837,0.1403076171875,-0.15851338704427084,-0.22060546875,5.551115123125783e-17,2.7755575615628914e-17
19,102858$_$0,missing,2.090006510416667,0.20568033854166667,1.1402384440104165,0.1902750651041667,0.3752237955729167,-0.06592610677083333,0.0,0.0
20,102858$_$4,missing,5.126749674479167,2.0878255208333334,0.17167154947916663,0.0809895833333333,0.23917643229166674,0.050911458333333354,8.881784197001252e-16,0.0
21,102858$_$6,missing,0.15248616536458334,0.7363932291666667,0.5693715413411459,-0.037727864583333354,0.6112721761067708,-0.5187825520833333,0.0,5.551115123125783e-17
22,102858$_$10,missing,6.255045572916666,1.5263203938802086,0.22745768229166666,0.029829915364583307,0.15714518229166666,-0.12656046549479166,0.0,2.220446049250313e-16
23,102858$_$17,missing,3.530181884765625,-0.4452880859375,0.699249267578125,-0.05820312500000002,-0.251617431640625,-0.10227050781249997,0.0,1.1102230246251565e-16
24,102858$_$19,missing,-0.8594970703125,0.21822102864583331,-0.6442871093750001,-0.06407877604166667,0.0550537109375,-0.13426920572916667,0.0,4.163336342344337e-17
25,112433$_$10,missing,-0.1854712168375651,-0.05237833658854166,-0.4087378184000651,-0.05991007486979167,0.09124501546223958,0.055379231770833336,0.0,2.0816681711721685e-17
26,112433$_$3,missing,1.5154215494791665,0.34380696614583334,-0.7558186848958334,0.26255696614583335,-0.49300130208333337,0.15076497395833335,2.220446049250313e-16,1.1102230246251565e-16
27,112433$_$7,missing,3.974197387695313,-0.40554199218750003,0.35963439941406244,-0.06899414062500002,0.20574951171875,-0.12614746093750004,0.0,0.0
28,112433$_$6,missing,5.313883463541667,-1.6633789062500002,0.4016520182291667,-0.07773437499999997,0.08841959635416666,-0.04135742187499999,8.881784197001252e-16,0.0
29,117tQqLjza4$_$6,missing,2.0549723307291665,0.22699381510416666,0.9197794596354166,0.08541666666666664,0.7903849283854167,0.010734049479166646,0.0,0.0
30,11j7EfglCAs$_$2,missing,-1.1800944010416667,0.4207194010416667,-0.38627115885416663,-0.07683919270833332,-0.22977701822916669,-0.09295247395833334,2.220446049250313e-16,0.0
31,121128$_$10,missing,4.644266764322917,1.1499715169270834,0.009012858072916671,-0.1387736002604167,0.23685709635416669,-0.002115885416666668,8.881784197001252e-16,0.0
32,121128$_$1,missing,2.460205078125,0.7348063151041667,-0.1636199951171875,0.03302408854166669,0.9461212158203125,0.4620035807291666,0.0,2.220446049250313e-16
33,121128$_$0,missing,-0.11315917968749999,-0.048506673177083334,-0.96258544921875,-0.0050801595052083395,-0.06622314453125,0.017954508463541668,0.0,6.938893903907228e-18
34,121128$_$5,missing,4.770731608072916,1.1979329427083334,0.9484659830729166,0.01355794270833336,0.2454020182291667,-0.02330729166666663,0.0,2.220446049250313e-16
35,125344$_$0,missing,0.17649332682291669,0.2856770833333333,0.45383707682291663,-0.20260416666666672,-2.088338216145833,1.1524739583333334,2.220446049250313e-16,0.0
36,125676$_$0,missing,-1.2167154947916667,0.15042317708333336,-0.42350260416666674,-0.19479166666666667,-0.7557779947916666,0.08709309895833332,0.0,1.3877787807814457e-17
37,125676$_$4,missing,4.558349609375,1.4133789062500002,0.7018432617187499,0.1505859375,0.48236083984374994,0.24775390624999996,0.0,2.220446049250313e-16
38,128059$_$11,missing,3.173177083333333,-0.7523437500000001,-0.32572428385416663,0.1326171875,-0.17765299479166666,0.10410156249999995,0.0,2.220446049250313e-16
39,128059$_$12,missing,4.63775634765625,-0.98583984375,0.4404296875,0.013818359375000023,-0.02252197265625,-0.016259765624999995,0.0,0.0
40,128059$_$2,missing,2.984186808268229,-0.256195068359375,0.4654642740885417,-0.06781005859375001,0.7136789957682291,-0.21994018554687503,0.0,0.0
41,128059$_$7,missing,2.8907877604166665,1.3133138020833335,0.8356119791666667,0.1571126302083333,0.5953776041666666,0.20086263020833334,0.0,0.0
42,128059$_$6,missing,-0.8859456380208333,0.9482421875,-0.38423665364583337,0.04863281249999997,-0.5989583333333334,0.14062499999999997,0.0,0.0
43,128059$_$9,missing,1.1577250162760417,0.28377278645833337,0.8580729166666667,-0.2885904947916667,0.7302958170572916,-0.3160807291666667,0.0,5.551115123125783e-17
44,128763$_$12,missing,0.9569498697916667,0.23085734049479167,0.9617106119791666,-0.24630330403645834,0.04215494791666667,0.010758463541666664,2.220446049250313e-16,1.214306433183765e-17
45,128763$_$3,missing,5.689066569010416,-1.6047037760416667,0.5359903971354167,-0.06876627604166667,-0.18184407552083334,-0.05900065104166674,0.0,0.0
46,128763$_$2,missing,-0.77294921875,-0.10122070312500002,-0.85528564453125,-0.178759765625,-0.15374755859374997,-0.05825195312500001,0.0,5.551115123125783e-17
47,128763$_$5,missing,0.3125661214192708,0.09265340169270833,-0.6797587076822916,-0.12000834147135417,-0.16881815592447916,-0.042664591471354166,0.0,0.0
48,128763$_$7,missing,5.310384114583334,-0.9635742187500003,0.7170003255208334,-0.1263916015625,0.03780110677083333,-0.11550292968750003,0.0,2.220446049250313e-16
49,128763$_$8,missing,4.57257080078125,-0.7527587890625,0.9562377929687501,-0.25168457031249997,-0.1995849609375,-0.023925781250000035,0.0,2.220446049250313e-16
50,130456$_$11,missing,-0.17917887369791669,0.47734375,-0.10734049479166669,0.1623046875,-0.4545694986979167,0.061132812500000036,0.0,0.0
51,130456$_$3,missing,2.9723765055338545,-0.3836751302083333,0.26305643717447913,0.13434244791666666,-0.8169759114583333,0.2856608072916667,0.0,5.551115123125783e-17
52,130456$_$5,missing,6.094156901041667,-1.4305419921875002,0.3108927408854167,-0.03408203124999996,-0.41896565755208337,0.1376953125,8.881784197001252e-16,0.0
53,130456$_$4,missing,0.6429494222005208,0.05298970540364584,-0.7726999918619791,-0.01226298014322917,0.025899251302083336,0.03102315266927084,2.7755575615628914e-17,0.0
54,130456$_$7,missing,5.588724772135416,-1.3907633463541667,-0.07204182942708333,0.24326985677083335,0.010294596354166685,0.05115559895833333,0.0,2.220446049250313e-16
55,130456$_$6,missing,1.1006571451822915,0.15045572916666666,-0.5779164632161458,0.22506510416666672,-0.9264272054036459,0.40104166666666674,1.1102230246251565e-16,0.0
56,188343$_$13,missing,5.171946207682292,2.310546875,-0.10667928059895834,-0.06289062499999992,0.13526407877604163,-0.12499999999999994,8.881784197001252e-16,4.440892098500626e-16
57,188343$_$12,missing,2.291707356770833,-0.6677083333333333,0.4018147786458333,-0.016145833333333214,-0.04300944010416667,0.14713541666666666,0.0,0.0
58,188343$_$5,missing,2.0785725911458335,-0.3986979166666667,0.7033284505208333,-0.04654947916666668,0.5916341145833334,-0.0928385416666667,4.440892098500626e-16,0.0
59,188343$_$9,missing,-2.04931640625,1.2462076822916666,0.440185546875,0.05885416666666668,0.244140625,-0.025276692708333316,0.0,0.0
60,188343$_$8,missing,4.572530110677083,-1.3030598958333335,0.8464558919270833,-0.14173177083333333,0.17281087239583334,0.0715494791666667,8.881784197001252e-16,0.0
61,1HK7Nea0PFo$_$1,missing,4.093098958333334,-0.3774820963541667,0.9520467122395833,-0.2544352213541667,0.17165120442708337,-0.013785807291666665,0.0,0.0
62,216097$_$1,missing,5.926066080729166,-1.2121337890625001,0.2728678385416667,0.014184570312499952,-0.22578938802083331,0.10043945312500001,0.0,2.220446049250313e-16
63,216097$_$2,missing,0.6103566487630209,0.22675984700520838,-0.47393290201822913,-0.2120951334635417,-0.6411844889322916,0.14661458333333333,1.1102230246251565e-16,0.0
64,216097$_$5,missing,1.502655029296875,0.8093017578125,-0.2007904052734375,-7.324218750003053e-05,-0.04563903808593747,0.368701171875,0.0,0.0
65,216097$_$4,missing,-0.05607096354166667,0.4157552083333334,-0.3238932291666667,0.06575520833333333,-0.47941080729166674,0.11770833333333336,1.1102230246251565e-16,0.0
66,216097$_$7,missing,5.783528645833333,2.446614583333333,0.22737630208333334,0.0774739583333333,1.1111653645833333,0.2930989583333333,8.881784197001252e-16,4.440892098500626e-16
67,216097$_$8,missing,6.994771321614583,-1.4703323364257814,0.24043782552083334,-0.06276397705078127,-0.3067423502604167,0.0850982666015625,8.881784197001252e-16,0.0
68,223431$_$11,missing,2.667928059895833,-0.46015625,0.3050130208333333,-0.095703125,-0.15214029947916669,0.05117187500000003,0.0,0.0
69,223431$_$10,missing,4.0464935302734375,0.7420410156249999,-0.11830139160156249,-0.08061523437500001,0.550537109375,0.008251953124999975,0.0,1.1102230246251565e-16
70,223431$_$13,missing,5.119633992513021,-1.3443522135416668,0.3476613362630208,-0.0006998697916666338,-0.21265665690104169,-0.011637369791666647,0.0,2.220446049250313e-16
71,223431$_$0,missing,-1.11029052734375,0.055533854166666674,-0.4532470703125,0.08859049479166668,-0.04217529296875,-0.02351888020833333,0.0,1.3877787807814457e-17
72,223431$_$5,missing,-2.2045135498046875,-0.06617431640625,-0.21611022949218753,-0.055047607421875006,-0.28787231445312494,-0.15494995117187502,0.0,0.0
73,225770$_$3,missing,-1.273956298828125,0.6188476562499999,-1.3668212890625002,0.7791015625,-0.188720703125,-0.041699218749999996,0.0,2.220446049250313e-16
74,225770$_$5,missing,-0.3571116129557292,0.05819346110026041,-0.6502787272135417,-5.086263020834085e-05,-0.021662394205729157,-0.020251973470052087,2.220446049250313e-16,1.3877787807814457e-17
75,225770$_$4,missing,1.4078165690104167,0.46287434895833335,0.6489664713541666,0.2856526692708333,0.3141886393229167,0.13101399739583333,0.0,0.0
76,225770$_$6,missing,0.8247273763020833,0.5772786458333334,-0.3550211588541667,0.1522786458333334,-0.4708048502604167,0.11399739583333336,1.1102230246251565e-16,0.0
77,236021$_$12,missing,1.5823567708333335,0.18198242187500002,0.21687825520833334,-0.09448242187499999,2.3064778645833335,0.600830078125,0.0,0.0
78,236021$_$1,missing,2.530721028645833,0.8253763834635417,0.022786458333333343,0.1323038736979167,-0.26188151041666663,-0.18258260091145836,0.0,0.0
79,236021$_$3,missing,6.253896077473958,-1.668603515625,0.6658681233723959,0.003955078124999956,0.22012837727864581,-0.040917968750000006,8.881784197001252e-16,0.0
80,236021$_$2,missing,-1.8040364583333335,1.1747395833333334,-0.7224934895833335,0.21184895833333334,-0.07161458333333334,0.03294270833333329,4.440892098500626e-16,2.220446049250313e-16
81,236021$_$5,missing,2.7460784912109375,-0.17378438313802086,0.920135498046875,-0.08963826497395833,0.7795867919921875,-0.31147969563802086,0.0,0.0
82,236021$_$4,missing,0.40380859375,0.1265625,-0.9921875,0.33515625,-0.21630859375,0.03828125000000001,0.0,5.551115123125783e-17
83,237009$_$11,missing,4.2119089762369795,-0.9830729166666667,0.9098459879557291,-0.10365397135416676,-0.07387288411458334,-0.11825358072916667,8.881784197001252e-16,0.0
84,237009$_$12,missing,0.9966634114583333,-0.17838541666666663,-0.16349283854166666,0.09270833333333328,-0.4767252604166667,-0.0033854166666667015,5.551115123125783e-17,0.0
85,237009$_$4,missing,3.713251749674479,0.9315470377604167,0.5113627115885416,-0.09882405598958337,0.3513132731119792,0.11258951822916667,0.0,0.0
86,237009$_$7,missing,6.045216878255208,-1.761865234375,0.5004018147786459,0.048901367187500024,0.15909322102864584,-0.06696777343749999,8.881784197001252e-16,0.0
87,237009$_$9,missing,5.031890869140625,-1.545556640625,0.7879791259765625,0.03188476562500006,0.42549133300781244,0.01176757812500003,0.0,0.0
88,241629$_$10,missing,5.756876627604166,-1.5732137044270835,0.9632975260416666,-0.19113362630208341,-0.2976888020833333,0.13387858072916667,0.0,2.220446049250313e-16
89,241629$_$0,missing,4.352366129557291,0.8903645833333333,0.4507090250651042,0.012654622395833367,0.4355723063151042,-0.008341471354166678,0.0,0.0
90,241629$_$3,missing,5.651041666666667,2.2514973958333337,0.006022135416666657,-0.046549479166666616,0.2980143229166667,0.13880208333333335,8.881784197001252e-16,4.440892098500626e-16
91,241629$_$5,missing,2.3157348632812496,-0.387109375,0.6889038085937501,-0.206640625,-0.34790039062499994,0.06640625,4.440892098500626e-16,0.0
92,241629$_$8,missing,-0.4972330729166667,0.4126302083333333,-0.46622721354166663,0.22942708333333334,-0.17521158854166663,0.07356770833333326,0.0,0.0
93,243646$_$11,missing,4.1195068359375,-0.9837799072265626,0.88519287109375,-0.1496627807617188,-0.56817626953125,0.25375518798828134,0.0,1.1102230246251565e-16
94,243646$_$12,missing,0.35332234700520837,0.01940104166666662,0.050099690755208315,-0.07259114583333331,-1.6836954752604167,1.1352213541666667,0.0,0.0
95,243646$_$9,missing,0.23610432942708334,-0.020977783203125003,-0.5029246012369791,-0.009619140625000003,0.3659108479817708,0.031573486328125,5.551115123125783e-17,6.938893903907228e-18
96,243646$_$8,missing,-0.49173990885416663,0.08400472005208334,-0.32747904459635413,-0.12595621744791669,-0.2877146402994792,0.04014485677083334,0.0,6.938893903907228e-18
97,247318$_$12,missing,5.913828531901042,-1.4569213867187503,0.5601755777994791,0.0005493164062500069,0.007441202799479157,-0.002075195312499986,8.881784197001252e-16,2.220446049250313e-16
98,247318$_$1,missing,-1.01220703125,0.13162841796875002,-0.64453125,0.017077636718749997,0.014404296875,-0.0731201171875,0.0,2.7755575615628914e-17
99,247318$_$3,missing,4.27081298828125,-0.7758138020833334,0.716796875,-0.21936848958333333,-0.15838623046875,0.0466959635416667,0.0,0.0
100,247318$_$2,missing,-1.4866689046223958,0.23526611328125005,-0.7033589680989584,0.02667236328125,0.07540384928385419,-0.12170410156250003,0.0,2.7755575615628914e-17
101,247318$_$5,missing,0.9990183512369792,0.2181773821512858,0.7977244059244791,-0.10796426137288415,-0.22752888997395834,0.011466566721598327,2.220446049250313e-16,2.7755575615628914e-17
102,247318$_$7,missing,6.119873046875,-1.5531412760416665,0.53375244140625,0.0332112630208334,-0.10015869140625,-0.032706705729166716,0.0,2.220446049250313e-16
103,247318$_$6,missing,-0.7398020426432291,-0.016542879740397143,-0.42408243815104174,0.08826154073079427,-0.3055979410807292,-0.040712801615397136,2.220446049250313e-16,6.938893903907228e-18
104,252998$_$1,missing,0.8241831461588542,0.28680826822916666,-0.6103871663411459,-0.07764485677083335,-0.6992696126302084,-0.14934895833333334,0.0,2.7755575615628914e-17
105,252998$_$0,missing,-0.5011393229166666,0.079052734375,-0.32694498697916663,-0.029614257812499996,-0.7344156901041667,-0.046801757812500004,0.0,0.0
106,252998$_$5,missing,3.175343831380208,-0.8565104166666666,-0.39698282877604163,0.24583333333333332,0.07530721028645833,0.10833333333333339,0.0,0.0
107,252998$_$4,missing,-1.2321573893229167,0.5505208333333333,-0.4593149820963542,0.11223958333333332,-0.6795298258463541,0.3075520833333333,0.0,1.1102230246251565e-16
108,252998$_$7,missing,3.6913146972656254,1.6399088541666669,0.04423522949218754,-0.06555989583333333,0.17594909667968753,-0.025130208333333362,4.440892098500626e-16,2.220446049250313e-16
109,252998$_$8,missing,4.087275187174479,-0.8830078125,0.42046610514322913,0.027111816406249985,0.18036905924479166,-0.07337646484374999,0.0,0.0
110,257247$_$10,missing,5.9975840250651045,-1.1669982910156251,0.25635782877604163,0.015093994140625011,-0.2894643147786458,0.045410156250000076,8.881784197001252e-16,2.220446049250313e-16
111,257247$_$12,missing,5.3546396891276045,-1.272086588541667,0.058924357096354164,0.04148763020833334,-0.4858296712239583,0.06184895833333336,8.881784197001252e-16,2.220446049250313e-16
112,257247$_$2,missing,-0.5591176350911459,0.18139648437500003,-0.25043233235677087,0.056176757812500006,0.3191935221354167,-0.0831298828125,5.551115123125783e-17,2.7755575615628914e-17
113,258654$_$1,missing,1.0447184244791665,-0.16145833333333331,-0.6640218098958334,0.34596354166666665,-0.9558919270833333,0.19205729166666657,1.1102230246251565e-16,0.0
114,258654$_$3,missing,0.16402180989583334,-0.016927083333333294,-0.6052652994791667,0.3346354166666666,-0.9606119791666666,0.19791666666666669,0.0,0.0
115,258654$_$4,missing,-0.16952006022135416,-0.153558349609375,-0.2130839029947917,-0.052227783203125,-0.9828745524088542,0.1557373046875,0.0,2.0816681711721685e-17
116,266791$_$24,missing,5.495646158854167,-1.415233357747396,0.8130289713541666,-0.10976765950520835,0.2897135416666667,-0.011717732747395845,8.881784197001252e-16,0.0
117,266791$_$20,missing,4.513997395833333,1.758268229166667,-0.16074625651041669,-0.14641927083333334,-0.17667643229166669,0.009635416666666674,8.881784197001252e-16,0.0
118,266791$_$21,missing,0.41524251302083337,0.2286458333333333,-0.16849772135416666,0.03020833333333335,-0.8981119791666665,0.29739583333333336,2.220446049250313e-16,1.1102230246251565e-16
119,266791$_$23,missing,1.5567423502604167,1.2775390625,-0.22487386067708334,-0.06557617187499996,0.7881266276041665,0.1697265625,0.0,0.0
120,266791$_$29,missing,0.21746826171875,-0.0013187726338704416,-0.4607391357421875,0.04140278498331706,-0.3424530029296875,0.002445284525553388,0.0,0.0
121,266791$_$3,missing,0.7003987630208334,0.28157552083333337,1.3835042317708335,-0.47189127604166675,0.09358723958333333,0.10086263020833332,4.440892098500626e-16,4.163336342344337e-17
122,266791$_$5,missing,2.739501953125,-0.7429361979166667,-0.1251220703125,0.17815755208333336,-0.2764892578125,0.22884114583333337,0.0,1.1102230246251565e-16
123,266791$_$4,missing,5.990966796875,-1.5359700520833333,0.6616821289062499,-0.1377034505208333,0.058288574218750014,0.05428873697916666,0.0,2.220446049250313e-16
124,266791$_$6,missing,3.2063732147216797,0.9729654947916666,-0.2010345458984375,0.12042643229166662,0.31802558898925776,0.31832682291666675,0.0,2.220446049250313e-16
125,266791$_$8,missing,2.05133056640625,-0.16685384114583335,1.33001708984375,-0.3544514973958333,0.06909179687500001,0.09379069010416667,0.0,1.1102230246251565e-16
126,266791$_$11,missing,3.4125569661458335,0.452294921875,0.23813374837239584,0.02194824218749996,-0.11834208170572916,-0.08046874999999999,4.440892098500626e-16,0.0
127,266791$_$14,missing,0.38749186197916663,0.3073323567708333,-0.5479329427083334,-0.16178385416666669,-0.07368977864583334,0.08648274739583338,8.326672684688674e-17,2.7755575615628914e-17
128,270254$_$23,missing,4.4010264078776045,-0.6617024739583334,0.4411722819010417,-0.11231282552083333,0.6280161539713542,-0.03809407552083334,8.881784197001252e-16,0.0
129,270254$_$0,missing,2.12725830078125,0.334716796875,1.663330078125,0.26494140625,0.06341552734375,0.03276367187500002,0.0,0.0
130,270254$_$6,missing,1.4997202555338542,0.6856475830078126,-0.8173573811848959,-0.11393737792968756,0.5273539225260417,0.34186401367187497,0.0,0.0
131,270254$_$8,missing,5.259195963541666,-1.5617052714029949,0.7132975260416666,-0.11209589640299485,0.34318033854166663,0.022580464680989575,0.0,0.0
132,270254$_$11,missing,1.9377644856770835,0.09770507812500001,1.4123738606770833,0.277587890625,0.07027180989583334,-0.008007812499999985,4.440892098500626e-16,0.0
133,270254$_$14,missing,1.1727701822916667,-0.09747721354166666,0.8629557291666666,-0.07577311197916667,0.45035807291666663,-0.00458170572916667,0.0,2.7755575615628914e-17
134,270254$_$16,missing,-2.0265096028645835,-0.03633626302083334,-0.9536336263020834,-0.06269124348958334,0.07242838541666666,0.05005289713541666,4.440892098500626e-16,1.3877787807814457e-17
135,272624$_$10,missing,1.1236775716145835,-0.1977213541666667,-1.1838785807291667,0.7126302083333332,-1.1502482096354165,0.3452473958333334,2.220446049250313e-16,0.0
136,272624$_$13,missing,3.3668212890625,1.2537109375000002,1.20599365234375,0.49121093750000006,0.24346923828125,0.254296875,0.0,2.220446049250313e-16
137,272624$_$12,missing,3.879252115885416,-0.457275390625,-0.24178059895833331,0.20908203125000002,-0.3871053059895833,0.024951171875000008,8.881784197001252e-16,0.0
138,272624$_$16,missing,0.4049479166666667,0.13515625,-1.2140706380208335,0.684375,-1.2045491536458333,0.37812500000000004,0.0,0.0
139,272624$_$18,missing,1.362945556640625,0.8280436197916667,0.489776611328125,0.39908854166666674,1.107330322265625,0.2648600260416667,0.0,0.0
140,272624$_$2,missing,3.6573994954427085,1.1066284179687502,0.4513600667317709,0.640191650390625,1.232304890950521,0.334820556640625,0.0,4.440892098500626e-16
141,272624$_$6,missing,0.6038106282552084,0.3968424479166667,0.8397725423177083,0.5899088541666667,1.0651753743489585,0.2518717447916667,0.0,0.0
142,272624$_$9,missing,-0.9449259440104166,0.8549479166666667,-1.6246134440104167,0.8996744791666667,-1.0591227213541667,0.3082682291666667,0.0,0.0
143,272624$_$8,missing,2.746826171875,-0.6475260416666668,-0.9798583984375,0.5329427083333333,-1.1390380859375,0.3114583333333333,0.0,1.1102230246251565e-16
144,273539$_$3,missing,2.6768646240234375,-0.5466145833333333,-0.019317626953125007,0.08072916666666669,-0.33125305175781256,0.09791666666666672,0.0,0.0
145,273539$_$2,missing,0.45394388834635413,0.06134236653645833,-0.5318501790364583,-0.01985270182291667,0.02990214029947916,-0.08963419596354168,2.7755575615628914e-17,1.3877787807814457e-17
146,273539$_$9,missing,-0.09488932291666664,0.5143229166666666,-0.09635416666666664,0.019010416666666655,-0.43180338541666663,0.03697916666666663,1.1102230246251565e-16,0.0
147,290546$_$3,missing,2.0353240966796875,-0.084161376953125,0.577117919921875,0.100299072265625,0.3167572021484375,-0.1887451171875,0.0,0.0
148,290546$_$5,missing,1.42218017578125,-0.09440104166666666,-0.13372802734375,0.19661458333333343,-0.12866210937500003,-0.04986979166666664,0.0,6.938893903907228e-18
149,290546$_$7,missing,-2.6628621419270835,1.4931925455729167,-1.0497639973958333,0.45641886393229175,0.03312174479166663,-0.15129597981770834,4.440892098500626e-16,0.0
150,290546$_$6,missing,1.904001871744792,-0.16916503906250002,0.9083201090494792,-0.06890869140625,0.0027414957682291713,-0.047326660156250006,4.440892098500626e-16,0.0
151,2S00zYaVrtc$_$10,missing,4.284871419270833,-0.6279947916666667,0.6227620442708334,-0.1830729166666667,0.3420003255208333,-0.10533854166666667,8.881784197001252e-16,0.0
152,2S00zYaVrtc$_$12,missing,5.207789103190104,0.9500651041666666,0.33521525065104163,-0.03860677083333337,-0.45340474446614587,-0.23138020833333334,0.0,1.1102230246251565e-16
153,2S00zYaVrtc$_$20,missing,5.551676432291667,1.2761922200520834,0.42301432291666663,0.04822591145833332,0.16202799479166669,-0.1580118815104166,8.881784197001252e-16,0.0
154,2S00zYaVrtc$_$17,missing,1.6704762776692708,0.20033391316731775,0.5529912312825521,-0.10650202433268229,0.764691670735677,-0.2610193888346354,0.0,2.7755575615628914e-17
155,2S00zYaVrtc$_$5,missing,5.721516927083333,1.5138997395833336,0.4031575520833333,-0.016569010416666672,0.03548177083333334,-0.16266276041666664,8.881784197001252e-16,2.220446049250313e-16
156,2S00zYaVrtc$_$4,missing,4.2137451171875,0.9658203125,0.3392181396484375,-0.02617187499999999,-0.0357208251953125,-0.13164062500000004,0.0,0.0
157,2Xt31_d0XEE$_$2,missing,4.305155436197917,0.9920898437500001,0.6985270182291666,0.087646484375,1.3556925455729165,0.37216796874999997,0.0,0.0
158,31474$_$11,missing,-1.572723388671875,-0.03084004720052084,-0.5243682861328125,0.08130594889322917,-0.3574981689453125,-0.10302937825520836,0.0,2.0816681711721685e-17
159,31474$_$14,missing,3.772501627604167,-0.04217529296875,0.6056315104166666,-0.09383544921875,-0.13741048177083334,0.030578613281249997,8.881784197001252e-16,0.0
160,31474$_$0,missing,2.73583984375,0.6444010416666667,1.002197265625,0.06217447916666669,0.081298828125,-0.07742513020833333,0.0,1.1102230246251565e-16
161,31474$_$3,missing,-0.2128753662109375,0.21505940755208336,-0.38462829589843744,0.09389241536458334,0.052215576171875,-0.08600260416666665,0.0,0.0
162,31474$_$6,missing,6.6748046875,-1.7704500834147137,0.7489624023437499,-0.08895594278971349,0.06915283203125,-0.050750223795572924,0.0,0.0
163,31474$_$9,missing,5.0750579833984375,-1.1567708333333335,0.384185791015625,0.0018839518229166689,-0.1168365478515625,0.10386149088541669,0.0,2.220446049250313e-16
164,31474$_$8,missing,5.341237386067708,-1.1575358072916666,0.4530995686848958,-0.03776041666666665,-0.12087504069010416,-0.019791666666666645,8.881784197001252e-16,0.0
165,32681$_$1,missing,1.0362345377604167,0.5272420247395834,0.8763682047526041,-0.15449625651041668,0.17861429850260419,-0.07411295572916667,0.0,0.0
166,32681$_$3,missing,3.439493815104167,-0.8254557291666669,-0.002888997395833352,0.1302083333333333,-0.8022054036458334,0.16009114583333328,0.0,1.1102230246251565e-16
167,32681$_$5,missing,2.4891153971354165,-0.40794270833333346,0.17215983072916669,0.08229166666666661,-0.5473836263020833,0.05143229166666665,0.0,5.551115123125783e-17
168,32681$_$6,missing,2.5519612630208335,-0.5504557291666666,-0.8147379557291666,0.4298177083333334,-0.5974527994791666,0.08079427083333332,4.440892098500626e-16,2.7755575615628914e-17
169,33170$_$1,missing,-1.5368652343749998,0.474609375,-0.8099365234375,0.348046875,-0.38354492187500006,0.11953124999999996,0.0,0.0
170,33170$_$3,missing,1.1348978678385415,-0.17311197916666665,-0.2605031331380208,0.20462239583333341,-0.5542043050130209,0.18255208333333334,1.1102230246251565e-16,5.551115123125783e-17
171,33170$_$4,missing,2.9412689208984375,-0.6845052083333334,-0.23336791992187497,0.20436197916666668,-0.6672515869140625,0.1949869791666667,0.0,0.0
172,3MFNIag0wNE$_$12,missing,0.5693766276041667,0.23776041666666659,-0.08687337239583336,0.03580729166666665,-0.8467610677083333,0.2944010416666667,1.1102230246251565e-16,0.0
173,3MFNIag0wNE$_$14,missing,3.225830078125,-0.622265625,0.004760742187500019,0.029687500000000002,-0.35009765625,0.12382812500000001,0.0,5.551115123125783e-17
174,3MFNIag0wNE$_$16,missing,-1.2526499430338542,0.46223958333333326,-0.41927591959635413,-0.14235026041666668,0.04839070638020833,0.10764973958333332,2.220446049250313e-16,5.551115123125783e-17
175,3MFNIag0wNE$_$7,missing,0.01711018880208333,0.7005126953125,1.3651326497395835,-0.3714599609375001,0.18288167317708331,-0.021289062499999976,0.0,0.0
176,3V2qm0rw920$_$11,missing,2.257649739583333,0.6353352864583334,0.7388509114583333,0.06858723958333335,0.3887532552083333,-0.2220865885416667,4.440892098500626e-16,0.0
177,3V2qm0rw920$_$13,missing,5.300252278645834,1.72783203125,1.1148274739583333,0.45322265624999997,0.1889241536458333,-0.006054687499999968,0.0,4.440892098500626e-16
178,3V2qm0rw920$_$3,missing,-1.881098429361979,0.19496256510416668,-0.8482004801432291,0.02711588541666668,-0.12763468424479166,-0.23018391927083334,4.440892098500626e-16,1.3877787807814457e-17
179,3j94B0pzSVs$_$12,missing,4.649037679036458,0.7535115559895834,0.09087117513020833,-0.13877360026041669,0.3263753255208333,-0.06898600260416665,8.881784197001252e-16,1.1102230246251565e-16
180,3j94B0pzSVs$_$17,missing,3.93731689453125,-0.49192708333333335,0.9258422851562501,-0.2733723958333334,-0.0950927734375,-0.0700520833333333,0.0,0.0
181,3j94B0pzSVs$_$1,missing,-1.355595906575521,1.1729654947916668,-0.08871968587239584,0.10348307291666665,-0.4229939778645833,0.19962565104166669,0.0,2.220446049250313e-16
182,3j94B0pzSVs$_$0,missing,2.60198974609375,1.1046223958333334,-0.15606689453125,-0.08199869791666667,0.31298828125,0.19095052083333333,0.0,0.0
183,4cFeG2ydm9A$_$8,missing,4.060038248697917,0.7328776041666667,0.3685709635416667,0.0725748697916667,0.8321329752604166,0.09767252604166674,8.881784197001252e-16,0.0
184,4dV3slGSc60$_$10,missing,3.239095052083333,0.5418619791666667,0.7742513020833334,0.16500651041666667,0.16487630208333331,-0.0496419270833333,8.881784197001252e-16,1.1102230246251565e-16
185,4dV3slGSc60$_$12,missing,3.064046223958333,0.7443359375,1.0920003255208333,0.188720703125,0.13106282552083331,-0.093017578125,8.881784197001252e-16,0.0
186,4dV3slGSc60$_$22,missing,4.111165364583334,1.5911132812500002,0.39680989583333337,0.12001953125000003,1.5457356770833335,0.6744140625000001,0.0,0.0
187,4dV3slGSc60$_$9,missing,3.0555826822916665,0.7919921875,0.9916178385416667,0.024707031249999976,0.31437174479166663,0.012402343750000027,0.0,0.0
188,4dV3slGSc60$_$8,missing,4.670003255208333,1.2908594767252604,0.8390706380208333,-0.0009267171223958312,0.5304768880208334,0.0760340372721354,8.881784197001252e-16,2.220446049250313e-16
189,50103$_$3,missing,0.8777669270833333,-0.03541666666666669,-0.3531901041666667,0.16380208333333332,-0.11930338541666667,-0.0721354166666667,1.6653345369377348e-16,2.7755575615628914e-17
190,5B0PQx3Ep3k$_$5,missing,4.4998626708984375,1.4636067708333333,0.2857513427734375,0.05520833333333336,0.4551086425781249,0.1948567708333333,0.0,2.220446049250313e-16
191,5O1W39o56gg$_$1,missing,-0.81549072265625,0.05157877604166668,-0.38726806640625,-0.0013997395833333249,-0.7799072265625,0.11622721354166668,0.0,0.0
192,5O1W39o56gg$_$2,missing,-1.2591756184895833,0.24515380859375002,-0.9279988606770834,-0.10211181640625001,-0.19588216145833334,-0.0090576171875,0.0,0.0
193,5O1W39o56gg$_$9,missing,3.845570882161458,0.7451914469401042,0.33690388997395826,-0.04532674153645834,1.1135762532552083,0.23656107584635416,8.881784197001252e-16,1.1102230246251565e-16
194,5i6AgQSjXO4$_$3,missing,1.23284912109375,0.4114339192708334,0.48059082031250006,0.060115559895833344,1.40374755859375,0.16985677083333336,0.0,0.0
195,5i6AgQSjXO4$_$2,missing,3.10784912109375,1.3266276041666667,0.3736572265625,0.11715494791666668,1.71588134765625,0.4413736979166667,0.0,0.0
196,5i6AgQSjXO4$_$6,missing,0.010854085286458336,0.14710108439127606,-0.6679789225260417,0.08096872965494792,-0.013682047526041668,-0.13158543904622394,0.0,2.7755575615628914e-17
197,5kaCGzjYukM$_$0,missing,2.273539225260417,1.4455403645833333,0.2744547526041667,0.18640950520833335,-0.2851765950520833,-0.15763346354166669,0.0,0.0
198,5kaCGzjYukM$_$3,missing,0.12714131673177084,0.5186197916666667,0.24884541829427081,0.008072916666666624,0.9731343587239583,-0.47981770833333337,0.0,0.0
199,5kaCGzjYukM$_$2,missing,1.4753316243489583,0.15833333333333335,-0.3596903483072917,0.30403645833333337,0.5849507649739583,-0.31861979166666665,2.220446049250313e-16,0.0
200,5kaCGzjYukM$_$5,missing,1.9389444986979165,-0.17213541666666665,0.01072184244791667,0.15520833333333328,0.8433024088541666,-0.44947916666666676,0.0,0.0
201,5kaCGzjYukM$_$7,missing,6.815287272135416,2.6444661458333334,0.24643961588541669,0.06653645833333331,-0.02559407552083335,-0.0922526041666666,0.0,4.440892098500626e-16
202,6KvG5VbLalY$_$9,missing,1.7349243164062502,0.7626302083333334,0.7828369140625,0.3504720052083333,1.4705200195312498,0.41892903645833335,0.0,2.220446049250313e-16
203,6ZA8I83x-oY$_$0,missing,2.4560190836588545,0.3602864583333333,0.8484751383463542,0.03001302083333333,0.24091593424479163,-0.05099283854166667,4.440892098500626e-16,5.551115123125783e-17
204,6ZA8I83x-oY$_$2,missing,6.61376953125,2.6625,0.45166015624999994,0.19062500000000002,0.658203125,0.1984375,0.0,4.440892098500626e-16
205,6hFiTU77Sm0$_$1,missing,1.130126953125,-0.07494710286458334,0.07220458984375,-0.059663899739583345,1.5957641601562498,0.34027506510416666,0.0,0.0
206,6hFiTU77Sm0$_$2,missing,-0.9415028889973959,-0.06981201171875001,-0.6307118733723959,0.11865234375000001,-0.4053243001302083,-0.07423095703125,0.0,0.0
207,6uPGcKTpC4I$_$1,missing,3.147013346354167,1.0649861653645833,0.11808268229166669,-0.060209147135416655,1.2272135416666667,0.4131917317708334,0.0,0.0
208,6uPGcKTpC4I$_$2,missing,3.775410970052083,1.28663330078125,0.7869466145833334,0.24689331054687502,1.0849812825520833,0.434442138671875,8.881784197001252e-16,2.220446049250313e-16
209,6uPGcKTpC4I$_$6,missing,1.7309163411458335,0.11565755208333334,0.7674153645833333,0.19490559895833337,1.5895589192708335,0.21834309895833331,0.0,0.0
210,70280$_$11,missing,5.2254079182942705,-1.3735514322916669,0.12865193684895834,0.13260091145833336,-0.18548075358072919,0.021272786458333328,8.881784197001252e-16,2.220446049250313e-16
211,70280$_$3,missing,4.4874725341796875,-0.8874674479166667,0.3464813232421875,-0.01847330729166665,-0.19613647460937503,0.05388997395833334,0.0,0.0
212,70280$_$4,missing,3.783528645833333,0.7028076171875,0.3429768880208333,0.06733398437499999,0.052205403645833315,-0.0343505859375,8.881784197001252e-16,1.1102230246251565e-16
213,70280$_$6,missing,1.518798828125,0.16568196614583336,-0.1434326171875,0.20026448567708335,-0.42364501953125,0.11066487630208334,0.0,5.551115123125783e-17
214,75RGHaxmUK8$_$3,missing,2.5635986328125,0.5898681640625,0.6651611328125,-0.03273925781250004,0.478271484375,0.15185546875,0.0,1.1102230246251565e-16
215,75RGHaxmUK8$_$5,missing,-0.42579142252604163,0.0254730224609375,-0.38169352213541663,-0.06829833984375,-0.37757364908854163,-0.0602691650390625,0.0,0.0
216,7_K3F-lAv1k$_$2,missing,4.1818796793619795,1.6475260416666668,0.10546366373697919,-0.01536458333333338,0.5167338053385416,0.20455729166666675,8.881784197001252e-16,0.0
217,7r4vRxKLFCA$_$6,missing,4.660512288411458,1.7994791666666665,0.8747914632161458,0.33893229166666666,0.11850484212239581,-0.009505208333333293,8.881784197001252e-16,0.0
218,80566$_$1,missing,4.103515625,0.7451395670572917,0.21691894531250003,0.005790201822916655,0.43096923828125,-0.0015645345052083363,0.0,0.0
219,80566$_$0,missing,-0.1680920918782552,0.03957112630208335,-0.5565198262532552,-0.20286051432291669,-0.1159680684407552,-0.035294596354166666,1.1102230246251565e-16,0.0
220,80566$_$3,missing,-1.9845174153645835,0.204345703125,-0.7058919270833334,-0.075537109375,-0.009785970052083343,-0.07500000000000001,4.440892098500626e-16,1.3877787807814457e-17
221,80566$_$2,missing,-1.8140106201171875,0.04253133138020834,-0.6022186279296875,0.03686116536458334,0.041961669921875,-0.10439249674479167,0.0,1.3877787807814457e-17
222,80566$_$4,missing,2.623799641927083,0.03774414062500001,0.9764912923177083,-0.08574218750000001,0.5359395345052084,-0.22573242187500003,8.881784197001252e-16,0.0
223,80566$_$6,missing,3.7133026123046875,-0.6783365885416668,0.8006439208984375,-0.14733072916666665,0.736297607421875,-0.18175455729166665,0.0,0.0
224,80855$_$11,missing,-0.5925089518229167,0.06711044311523438,-0.5453287760416666,0.06089630126953125,-0.15598551432291666,-0.15530166625976563,2.220446049250313e-16,1.3877787807814457e-17
225,80855$_$10,missing,0.35878499348958337,0.13912862141927085,-1.0175577799479167,-0.21715342203776047,-0.4568277994791667,-0.15244394938151043,0.0,5.551115123125783e-17
226,80855$_$12,missing,1.630126953125,-0.15201822916666666,0.65771484375,-0.1840494791666667,0.040283203124999986,-0.1805338541666667,0.0,0.0
227,80855$_$15,missing,5.139872233072916,1.3817179361979166,0.19156901041666669,-0.09984944661458339,0.3158976236979167,0.12360026041666662,0.0,0.0
228,80855$_$17,missing,2.6617431640625,-0.2533528645833334,0.46984863281249994,-0.14905598958333335,-1.2935791015625,0.4188151041666667,0.0,0.0
229,80855$_$0,missing,-0.12641398111979169,-0.015208435058593752,-0.40973917643229163,-0.0163055419921875,0.01915486653645833,-0.00121307373046875,1.1102230246251565e-16,0.0
230,80855$_$3,missing,-1.1748860677083333,0.12512181599934896,-0.44418843587239587,0.020752461751302083,-0.28037007649739587,0.032592519124348955,0.0,0.0
231,80855$_$2,missing,-1.625940958658854,-0.17984619140625002,-0.8221079508463541,-0.14418945312500003,-0.3219706217447917,-0.11429443359375002,4.440892098500626e-16,5.551115123125783e-17
232,80855$_$7,missing,-1.2063039143880208,-0.07550150553385415,-0.9553883870442709,-0.09899698893229165,-0.31462605794270837,-0.18106791178385417,0.0,0.0
233,80855$_$20,missing,3.0597330729166665,0.60302734375,0.43839518229166674,-0.09277343749999999,-0.4219563802083333,-0.26298828125,4.440892098500626e-16,2.7755575615628914e-17
234,830KzUc6CbU$_$0,missing,0.8669026692708334,0.5596842447916668,-0.9532877604166667,-0.36946614583333337,0.015950520833333343,-0.01609700520833334,2.7755575615628914e-17,5.551115123125783e-17
235,830KzUc6CbU$_$13,missing,-2.32421875,1.2725911458333334,-0.6402587890625,0.11585286458333334,-0.4432373046875,0.13538411458333335,0.0,2.220446049250313e-16
236,84140$_$0,missing,2.1481730143229165,0.6473958333333334,0.6249186197916665,-0.03131510416666669,0.6058146158854166,0.03294270833333332,4.440892098500626e-16,1.1102230246251565e-16
237,84140$_$5,missing,0.8544921875,-0.19361979166666668,-0.34765625,0.10208333333333329,-0.8945312500000001,0.5274739583333333,1.1102230246251565e-16,5.551115123125783e-17
238,89835$_$1,missing,1.8316853841145833,0.66142578125,-0.06601969401041664,-0.338671875,1.7270100911458335,0.16787109375000003,0.0,1.1102230246251565e-16
239,89835$_$0,missing,-1.027587890625,0.21426595052083333,-1.0198974609375,-0.09713541666666667,-0.7850341796874999,0.01719563802083333,0.0,2.7755575615628914e-17
240,89835$_$4,missing,-1.9378814697265625,1.0386718750000001,-0.3101806640625,0.15468749999999998,-0.03965759277343752,0.08515625000000003,0.0,0.0
241,89835$_$7,missing,1.9914042154947915,-0.4615885416666666,0.07471720377604166,0.09427083333333335,0.18207804361979166,0.025130208333333383,4.440892098500626e-16,5.551115123125783e-17
242,8eaYvALnJ0o$_$1,missing,4.928654988606771,1.00986328125,0.10652669270833331,-0.05249023437500003,0.6419118245442709,0.07265624999999999,0.0,0.0
243,8eaYvALnJ0o$_$0,missing,4.609883626302083,0.93995361328125,0.45723470052083337,0.06505126953125001,0.5044148763020834,0.04089355468750004,8.881784197001252e-16,0.0
244,8x_nCOh6Wmc$_$6,missing,6.368570963541667,2.42392578125,0.09171549479166664,-0.0022460937500000623,1.3400065104166667,0.6158203125000001,8.881784197001252e-16,8.881784197001252e-16
245,96642$_$1,missing,3.250310262044271,-0.8729248046875,1.3925526936848958,-0.33386230468750006,-0.3505045572916667,-0.021826171875000022,0.0,2.220446049250313e-16
246,96642$_$3,missing,4.380218505859375,1.0476389567057292,0.6009979248046875,0.00017801920572910884,0.4926605224609375,0.008042399088541641,0.0,0.0
247,96642$_$2,missing,0.35125732421875,0.4948567708333334,-1.29510498046875,-0.24886881510416667,0.1439208984375,-0.07391764322916668,0.0,5.551115123125783e-17
248,96642$_$4,missing,2.8633321126302085,-0.5079427083333333,0.7672627766927084,-0.17161458333333326,-0.8872782389322916,0.17799479166666668,4.440892098500626e-16,0.0
249,99501$_$10,missing,1.3692830403645835,0.6718424479166667,0.7872517903645834,-0.2295247395833333,-0.19230143229166666,-0.12083333333333336,2.220446049250313e-16,0.0
250,99501$_$13,missing,2.7921244303385415,-0.29531250000000003,0.5315500895182292,-0.14218750000000002,-0.7251637776692708,0.07500000000000001,0.0,0.0
251,99501$_$1,missing,-0.33074951171875,0.5380696614583333,-0.84039306640625,-0.14933268229166669,0.2178955078125,-0.033268229166666684,0.0,0.0
252,99501$_$0,missing,-0.7243143717447916,-0.00016886393229166227,-0.20411173502604169,0.08687032063802083,-0.2714335123697917,0.00802510579427083,0.0,0.0
253,99501$_$5,missing,0.9942626953125,0.5256510416666668,0.413818359375,-0.03372395833333339,-0.860107421875,0.1299479166666666,0.0,0.0
254,99501$_$7,missing,5.047119140625,1.1396809895833333,0.32080078125,-0.10211588541666668,0.029052734374999993,-0.07115885416666667,0.0,0.0
255,9QI-9w_VdB4$_$0,missing,1.5561116536458333,0.13592122395833334,1.2860921223958335,0.21443684895833337,1.2278645833333335,0.24138997395833334,0.0,0.0
256,AG5EY8ZaFj4$_$3,missing,-1.8432210286458333,0.38924153645833337,-0.19331868489583334,-0.030143229166666688,-0.5225423177083333,-0.23976236979166665,0.0,4.163336342344337e-17
257,AG5EY8ZaFj4$_$15,missing,-0.18579101562499994,0.6156575520833334,-0.1923828125,-0.021842447916666674,-0.082763671875,-0.03600260416666666,5.551115123125783e-17,0.0
258,Arh2TKRi_mg$_$15,missing,4.439290364583334,0.7061035156250001,0.08101399739583333,-0.06406250000000001,0.08711751302083334,-0.06875,0.0,1.1102230246251565e-16
259,Arh2TKRi_mg$_$14,missing,3.370930989583333,0.5088460286458334,0.2727864583333333,0.08006184895833336,0.4207356770833333,-0.08832194010416665,0.0,0.0
260,Arh2TKRi_mg$_$16,missing,0.03690592447916666,0.7561442057291667,0.5282389322916666,0.3447550455729167,0.30301920572916663,0.2905069986979167,1.1102230246251565e-16,0.0
261,Arh2TKRi_mg$_$19,missing,3.4306640625,0.5036865234375,0.29016113281250006,0.018212890625000026,0.2769775390625,-0.0388916015625,0.0,1.1102230246251565e-16
262,Arh2TKRi_mg$_$32,missing,5.61993408203125,2.0354207356770835,-0.09918212890625,-0.05364176432291677,1.538818359375,0.5010335286458334,0.0,0.0
263,Arh2TKRi_mg$_$28,missing,4.260274251302084,-0.6452189127604168,0.10255940755208334,-0.05306803385416665,0.33430989583333337,0.061568196614583355,0.0,1.1102230246251565e-16
264,Arh2TKRi_mg$_$3,missing,2.499918619791667,0.9133138020833332,0.02994791666666667,0.0430989583333333,1.2308756510416665,0.3912434895833334,0.0,0.0
265,AxNy9TeTLq8$_$0,missing,4.734659830729167,1.8479166666666667,0.9991251627604166,0.4007486979166667,1.2010294596354167,0.2747721354166667,8.881784197001252e-16,0.0
266,BSKAHXFYF_I$_$1,missing,0.11751302083333334,-0.023844401041666668,-0.3652445475260417,-0.015152994791666671,-0.8128153483072917,0.042513020833333345,0.0,0.0
267,BSKAHXFYF_I$_$3,missing,0.8443196614583334,0.7753743489583333,-0.31943766276041663,0.12654622395833334,0.9604695638020834,0.38675130208333336,0.0,2.220446049250313e-16
268,BSKAHXFYF_I$_$7,missing,-0.4527791341145833,0.015293375651041663,-0.36720784505208337,0.04180704752604167,-0.45930989583333337,-0.02135823567708333,0.0,6.938893903907228e-18
269,BSKAHXFYF_I$_$8,missing,-0.9368845621744791,0.14125773111979167,-0.6269480387369791,-0.037312825520833336,-0.13038126627604169,-0.06986287434895834,0.0,1.3877787807814457e-17
270,Baz0VVQ-E9E$_$10,missing,5.068471272786458,-1.0069661458333332,-0.09778849283854166,0.28902994791666664,0.048390706380208336,-0.04641927083333333,8.881784197001252e-16,3.3306690738754696e-16
271,Baz0VVQ-E9E$_$1,missing,-0.7349039713541666,-0.017716471354166666,-0.9163614908854166,0.06436360677083333,0.02419026692708334,-0.10023600260416667,0.0,0.0
272,Baz0VVQ-E9E$_$5,missing,3.88873291015625,-0.7099202473958333,1.0806121826171875,-0.15265706380208333,-0.1272125244140625,-0.010957845052083328,0.0,1.1102230246251565e-16
273,Baz0VVQ-E9E$_$7,missing,4.409688313802083,0.9634765624999999,0.7803548177083335,-0.01630859375000001,-0.20225016276041669,-0.11083984374999994,8.881784197001252e-16,2.220446049250313e-16
274,CJGuudyvA0Y$_$4,missing,3.4027277628580728,1.1751302083333335,0.13966623942057294,-0.019010416666666682,0.26253763834635413,0.11790364583333332,4.440892098500626e-16,2.220446049250313e-16
275,CPjbogfLHR4$_$2,missing,2.1869913736979165,0.2653605143229167,0.29838053385416663,-0.029506429036458347,0.6987101236979167,-0.03194783528645831,0.0,0.0
276,CPjbogfLHR4$_$5,missing,3.147216796875,1.1609375,0.370849609375,0.17792968750000002,0.85986328125,0.2294921875,0.0,0.0
277,DdUJojoFU_c$_$11,missing,1.41693115234375,0.23301188151041669,1.109619140625,0.15575358072916667,1.04473876953125,0.11118570963541669,0.0,0.0
278,DdUJojoFU_c$_$15,missing,1.3611958821614585,0.07320963541666667,0.5999959309895834,0.16573893229166667,1.3513081868489583,0.08448893229166668,0.0,0.0
279,DdUJojoFU_c$_$14,missing,2.196248372395833,0.3207845052083333,0.7005208333333333,0.1491048177083333,2.432210286458333,0.6963704427083334,8.881784197001252e-16,0.0
280,DdUJojoFU_c$_$17,missing,1.07403564453125,-0.06767578125000002,-0.5477294921875,-0.04194335937500002,-0.4672241210937501,0.5547363281250001,1.1102230246251565e-16,0.0
281,DdUJojoFU_c$_$16,missing,2.3668924967447915,0.8238932291666666,0.7609965006510416,0.31168619791666663,2.8520609537760415,1.1566080729166668,0.0,0.0
282,DdUJojoFU_c$_$2,missing,3.3515218098958335,1.492643229166667,1.1415608723958333,0.35651041666666666,1.8283284505208333,0.7110026041666666,0.0,0.0
283,DdUJojoFU_c$_$6,missing,1.817052205403646,0.44315592447916663,-0.24592081705729169,0.24405924479166669,0.16983540852864581,0.5256754557291666,0.0,0.0
284,DdUJojoFU_c$_$8,missing,1.2145182291666667,0.6825358072916667,1.0245768229166665,0.28629557291666663,2.101236979166667,0.6839029947916668,0.0,0.0
285,DlbYiwOnTyk$_$1,missing,0.1699676513671875,0.3324544270833334,-0.5304718017578125,-0.04960123697916668,0.318756103515625,-0.06022135416666666,0.0,2.7755575615628914e-17
286,E8MuzHUhUHk$_$15,missing,3.8043212890625004,0.6000437418619792,0.49230957031249994,0.029404703776041652,1.0821533203125,0.2689890543619792,0.0,0.0
287,E8MuzHUhUHk$_$14,missing,2.9199829101562504,0.55989990234375,0.47247314453124994,0.05383300781250003,1.2808837890625,0.28548583984375,0.0,1.1102230246251565e-16
288,E8MuzHUhUHk$_$16,missing,5.2221120198567705,1.8970052083333333,-0.00745646158854164,-0.017252604166666595,1.0847829182942708,0.3202473958333334,8.881784197001252e-16,0.0
289,E8MuzHUhUHk$_$2,missing,3.200927734375,0.8619466145833334,0.48291015625,0.030208333333333327,-0.399658203125,-0.10328776041666668,0.0,0.0
290,E8MuzHUhUHk$_$9,missing,3.4131876627604165,0.6261169433593751,0.4601236979166667,0.002087402343749994,-0.10536702473958333,-0.10916137695312497,4.440892098500626e-16,0.0
291,EEjCkc82oyk$_$7,missing,2.3441009521484375,-0.06845703125,0.5587615966796875,-0.1346923828125,-0.147735595703125,0.10256347656249999,0.0,1.3877787807814457e-17
292,EEjCkc82oyk$_$9,missing,2.5242919921875,-0.058890787760416674,0.40020751953125,-0.07607828776041667,-0.50335693359375,0.19522298177083336,0.0,0.0
293,EQxkXiWAm08$_$8,missing,0.5138346354166666,0.2820515950520833,-1.1703084309895835,-0.17222086588541666,-1.1589558919270833,-0.3567545572916667,0.0,2.7755575615628914e-17
294,ET1cU5_A2YM$_$1,missing,3.852579752604167,-0.43605143229166676,0.6027018229166666,-0.19943033854166667,0.23343912760416663,-0.22511393229166665,8.881784197001252e-16,1.1102230246251565e-16
295,ET1cU5_A2YM$_$3,missing,2.0835978190104165,0.3422047932942709,0.9393870035807291,-0.1822092692057292,0.052210489908854164,-0.08426310221354168,4.440892098500626e-16,1.3877787807814457e-17
296,ET1cU5_A2YM$_$6,missing,2.1990458170572915,0.07447916666666672,0.7284800211588542,-0.21419270833333334,0.09871927897135417,-0.20657552083333333,4.440892098500626e-16,1.1102230246251565e-16
297,EmmuWoCUgXs$_$22,missing,-1.3133544921875,0.252099609375,-0.574951171875,-0.16962890625,-0.6116943359375,0.069970703125,0.0,2.7755575615628914e-17
298,EmmuWoCUgXs$_$7,missing,1.5822957356770833,0.06940104166666668,0.11427815755208333,0.03541666666666663,-0.4320475260416667,0.07955729166666667,2.220446049250313e-16,2.7755575615628914e-17
299,Es9MkKsMsjU$_$10,missing,-0.6763763427734375,0.3444905598958334,-0.5753631591796875,0.2740559895833333,0.020538330078125,-0.03553873697916667,0.0,0.0
300,Es9MkKsMsjU$_$12,missing,2.4545033772786455,-0.3285807291666667,-0.5177256266276042,0.41888020833333317,-0.23032633463541663,-0.06842447916666666,4.440892098500626e-16,5.551115123125783e-17
301,Es9MkKsMsjU$_$2,missing,1.647160847981771,-0.16289062499999996,-0.5721995035807291,0.28125,-0.4997660319010417,0.06445312500000003,2.220446049250313e-16,2.7755575615628914e-17
302,Es9MkKsMsjU$_$7,missing,2.511647542317708,-0.30156250000000007,-0.8374125162760416,0.38906250000000003,0.34569295247395837,-0.265625,0.0,5.551115123125783e-17
303,Ezn3p5FWF_U$_$4,missing,5.916524251302083,2.2563802083333333,0.47224934895833337,0.1872395833333333,0.7862752278645834,0.21106770833333335,8.881784197001252e-16,4.440892098500626e-16
304,F1U26PLiXjM$_$1,missing,2.753092447916667,0.7203125,0.14481608072916669,-0.02216796875000001,0.9540201822916667,-0.24482421875000007,0.0,5.551115123125783e-17
305,F6JV-K840EY$_$2,missing,1.2461293538411458,0.1635009765625,0.8760121663411459,-0.21488037109375002,-0.07636515299479167,0.18760986328125,0.0,0.0
306,FB_b1dm0SRY$_$10,missing,1.1635233561197917,0.28684895833333335,0.22260538736979166,-0.1686197916666667,0.39203898111979163,-0.09049479166666667,0.0,1.3877787807814457e-17
307,FB_b1dm0SRY$_$0,missing,-0.07869466145833336,0.5113810221354167,-0.14168294270833334,-0.04297688802083333,0.6276041666666666,-0.018404134114583352,5.551115123125783e-17,0.0
308,FB_b1dm0SRY$_$6,missing,3.388711293538411,-0.3554128011067708,-0.18862024943033856,0.054352823893229166,0.07364781697591145,0.4820658365885417,0.0,2.7755575615628914e-17
309,FB_b1dm0SRY$_$9,missing,0.44384765625,0.45634765625,-0.6329345703125,0.37470703125000004,-0.30200195312500006,0.12744140624999997,5.551115123125783e-17,0.0
310,FB_b1dm0SRY$_$8,missing,4.706868489583333,1.4578450520833335,0.46388753255208337,0.11407063802083332,0.8458455403645834,0.020467122395833374,8.881784197001252e-16,2.220446049250313e-16
311,FxxJB8hBpyQ$_$1,missing,3.439737955729167,-0.5254394531250001,-0.09633382161458334,0.1609375,0.2947794596354167,0.17758789062500002,0.0,0.0
312,Fy0Uid9afM8$_$0,missing,-0.8901977539062499,-0.08595377604166665,-0.69171142578125,0.2959065755208333,-0.014404296875,-0.1436442057291667,0.0,2.7755575615628914e-17
313,Fy0Uid9afM8$_$3,missing,2.3997802734375,-0.29365234375000004,-0.04656982421875,0.25917968750000003,0.06951904296875,-0.05986328125000001,0.0,0.0
314,Fy0Uid9afM8$_$5,missing,-0.9820454915364583,0.118707275390625,-0.9223683675130209,-0.03609008789062498,0.6107126871744792,0.1810546875,2.220446049250313e-16,0.0
315,Fy0Uid9afM8$_$4,missing,2.2222900390625,-0.20299886067708334,0.3168792724609375,0.00867106119791666,-0.040603637695312514,-0.005574544270833323,0.0,2.7755575615628914e-17
316,H1DpVwktfDQ$_$0,missing,3.265523274739583,-0.5177571614583334,1.3362019856770833,-0.11537679036458337,-0.48050944010416663,0.17038981119791669,8.881784197001252e-16,5.551115123125783e-17
317,HGicRLwgtkM$_$1,missing,1.4237060546875,0.6132893880208334,1.902587890625,0.5277425130208333,1.0760498046874998,0.5363118489583334,0.0,0.0
318,HGicRLwgtkM$_$3,missing,-0.04229736328125,0.18482259114583333,-0.25177001953125,0.17165120442708334,-0.0853271484375,0.3091512044270833,0.0,0.0
319,HGicRLwgtkM$_$2,missing,1.6768391927083335,0.14742024739583331,1.2052815755208333,0.20032552083333333,1.1393636067708335,0.24390462239583333,0.0,0.0
320,HGicRLwgtkM$_$6,missing,1.5526123046875,0.21310221354166667,1.310546875,0.17433268229166665,0.9234619140625,0.2002604166666667,0.0,1.1102230246251565e-16
321,HmXXW45eZL4$_$1,missing,-1.19500732421875,0.9392578125000001,-0.78509521484375,0.40371093750000003,-1.2457275390625,0.43212890625000006,0.0,2.220446049250313e-16
322,HmXXW45eZL4$_$4,missing,4.451944986979167,-0.7735026041666667,0.6593424479166666,-0.2341471354166667,-0.04134114583333334,-0.009537760416666709,8.881784197001252e-16,0.0
323,IM6HW1HwHhM$_$11,missing,2.6756134033203125,-0.04654744466145834,0.435394287109375,0.022538248697916666,-0.3230438232421875,0.00906778971354167,0.0,6.938893903907228e-18
324,IM6HW1HwHhM$_$15,missing,3.773457845052083,0.9966715494791667,0.7636922200520834,0.08423258463541668,0.9987386067708334,0.18237711588541666,8.881784197001252e-16,0.0
325,IM6HW1HwHhM$_$17,missing,3.6805419921875,0.6826090494791667,0.3731689453125,0.005338541666666651,0.8885498046875,0.11664225260416669,0.0,0.0
326,IUmxJNs2zaY$_$3,missing,1.1301472981770833,0.48153788248697915,0.32539876302083337,0.48107706705729164,0.5107625325520834,0.09011942545572915,0.0,0.0
327,IUmxJNs2zaY$_$2,missing,0.5274658203125,0.3828409830729167,-0.54583740234375,-0.07849934895833333,0.31927490234374994,-0.04599202473958335,5.551115123125783e-17,0.0
328,JAnRCQ9A0vI$_$1,missing,2.2063395182291665,1.2336588541666669,0.40976969401041674,0.3121744791666667,1.5586954752604167,0.6764322916666666,0.0,0.0
329,JAnRCQ9A0vI$_$0,missing,-0.15686035156249997,-0.03347981770833331,-1.6622314453125,0.36669108072916673,-0.16259765625,-0.015730794270833324,0.0,0.0
330,JAnRCQ9A0vI$_$3,missing,4.827107747395833,1.869986979166667,0.5945638020833333,0.27779947916666664,1.4899495442708333,0.6459635416666667,8.881784197001252e-16,0.0
331,JAnRCQ9A0vI$_$2,missing,3.9044799804687504,1.7470703125,0.83306884765625,0.41611328124999997,2.12255859375,0.70400390625,0.0,0.0
332,JAnRCQ9A0vI$_$5,missing,2.8398844401041665,0.42547912597656246,0.4072672526041667,0.03597717285156249,0.6000162760416666,0.09039916992187498,4.440892098500626e-16,1.1102230246251565e-16
333,JAnRCQ9A0vI$_$4,missing,-1.4418741861979165,0.044677734375000035,-0.4164225260416667,0.068701171875,-0.7884318033854166,0.11357421875000001,0.0,0.0
334,JAnRCQ9A0vI$_$8,missing,4.32177734375,1.741373697916667,0.9609375,0.4056315104166667,0.39208984375,0.22174479166666658,0.0,4.440892098500626e-16
335,JOK1SSmPtFw$_$10,missing,2.1810302734375,0.15118815104166666,0.035400390625,-0.14336140950520837,0.7864990234375,0.05018107096354167,0.0,2.7755575615628914e-17
336,JOK1SSmPtFw$_$13,missing,3.952555338541666,0.702008056640625,0.021708170572916657,-0.149652099609375,0.6003214518229166,0.11600341796874997,8.881784197001252e-16,1.1102230246251565e-16
337,JOK1SSmPtFw$_$14,missing,-1.7008260091145833,0.19235026041666664,-0.2766927083333333,0.02784830729166666,-0.3442586263020833,-0.05330403645833335,0.0,2.7755575615628914e-17
338,JOK1SSmPtFw$_$16,missing,-0.92572021484375,0.07594807942708334,-0.31317138671874994,-0.06300455729166667,-0.6864013671875,0.06000569661458334,0.0,1.3877787807814457e-17
339,JOK1SSmPtFw$_$0,missing,6.26318359375,2.4478515625,1.0921630859375,0.55751953125,1.1046142578125,0.3102539062499999,0.0,0.0
340,JOK1SSmPtFw$_$5,missing,-0.033772786458333315,0.46418457031250004,-0.08711751302083333,-0.05646972656250001,0.19901529947916666,0.11855468749999999,1.3877787807814457e-17,1.1102230246251565e-16
341,JOK1SSmPtFw$_$4,missing,-1.6983439127604167,0.16489257812499997,-0.5239206949869792,-0.10610351562500002,-0.21303812662760416,0.03041992187500001,0.0,5.551115123125783e-17
342,JOK1SSmPtFw$_$8,missing,-1.4004313151041667,0.10652669270833334,-0.12436930338541669,-0.016691080729166665,-0.6209513346354166,-0.0003824869791666692,0.0,1.3877787807814457e-17
343,JPT38CA3sGI$_$1,missing,1.3885904947916665,-0.20053710937500002,1.5475870768229165,-0.056274414062499986,-0.7349446614583334,0.6114990234375001,4.440892098500626e-16,0.0
344,JPT38CA3sGI$_$0,missing,1.0081380208333335,-0.021402994791666654,0.7843831380208333,0.04490559895833329,1.697224934895833,0.33587239583333334,0.0,0.0
345,JPT38CA3sGI$_$5,missing,2.3538004557291665,0.2158447265625,0.3913981119791667,0.011889648437499997,0.6058756510416666,0.03867187500000002,4.440892098500626e-16,5.551115123125783e-17
346,JVpF99zuQhA$_$0,missing,-0.7307993570963542,0.43140869140625004,-0.8883310953776042,0.039135742187499975,0.29539998372395837,-0.08519287109374998,0.0,0.0
347,JVpF99zuQhA$_$2,missing,1.3064371744791667,0.5534627278645834,-0.37056477864583337,0.041109212239583345,0.8334147135416666,0.13183186848958334,0.0,0.0
348,JVpF99zuQhA$_$4,missing,-0.6520792643229167,0.09533767700195313,-0.8465372721354166,-0.04714508056640624,-0.0013834635416666505,-0.0978752136230469,2.220446049250313e-16,0.0
349,K0m1tO3Ybyc$_$15,missing,1.8749593098958333,0.12852376302083332,0.3365071614583333,-0.06280924479166669,1.4887288411458333,0.3805745442708333,0.0,0.0
350,K0m1tO3Ybyc$_$8,missing,1.124827067057292,0.41136067708333335,1.2890574137369792,0.3519368489583333,1.933893839518229,0.6921712239583333,0.0,0.0
351,K8gp7ncdUl8$_$5,missing,-0.8374735514322917,0.8584309895833333,0.34068806966145837,0.1008138020833333,-0.0012308756510416644,-0.20572916666666666,5.551115123125783e-17,0.0
352,KDjl2exStlI$_$10,missing,-1.29193115234375,0.01819051106770833,-0.400634765625,-0.06103922526041667,-0.00469970703125,-0.11100870768229168,0.0,0.0
353,KDjl2exStlI$_$13,missing,-0.5685145060221354,0.013065592447916665,-0.5278879801432291,-0.08510335286458334,0.07491811116536456,-0.12473958333333335,0.0,2.7755575615628914e-17
354,KDjl2exStlI$_$5,missing,-0.28335571289062494,0.0029179890950520827,-0.5491485595703125,0.05690816243489584,0.020004272460937486,-0.08463083902994792,0.0,6.938893903907228e-18
355,KDjl2exStlI$_$4,missing,0.03224690755208333,0.20390625,-0.29587809244791663,-0.08041992187500002,0.10555013020833333,-0.0407470703125,0.0,0.0
356,KkKWFZZmmCM$_$1,missing,5.571940104166667,1.8549479166666667,-0.011922200520833336,-0.013802083333333295,0.32645670572916663,-0.004427083333333378,8.881784197001252e-16,0.0
357,KpMCvUyQCXg$_$1,missing,0.11944580078125003,-0.1408203125,-0.5958251953125,0.2511474609375,-0.82318115234375,0.0976318359375,0.0,0.0
358,KpMCvUyQCXg$_$3,missing,-0.9290720621744791,-0.07032318115234375,-0.30103556315104163,-0.009323120117187502,-0.7009226481119791,-0.005058288574218752,0.0,0.0
359,KpMCvUyQCXg$_$5,missing,1.474853515625,0.28824869791666674,0.7776489257812501,0.18566080729166667,0.85101318359375,0.06964518229166668,0.0,1.1102230246251565e-16
360,L1eFHRQGFeg$_$2,missing,-1.6582082112630208,1.1095987955729167,-0.07391866048177081,0.10026041666666669,-0.38475545247395837,0.32500406901041673,0.0,0.0
361,MCsvw5-7lVE$_$1,missing,4.172078450520834,1.5046549479166669,0.9595540364583334,0.3771158854166668,0.4505208333333333,0.18072916666666666,0.0,4.440892098500626e-16
362,MCsvw5-7lVE$_$2,missing,4.236907958984375,0.9075358072916666,0.3675994873046875,-0.05818684895833336,1.0002288818359375,0.25362955729166664,0.0,2.220446049250313e-16
363,MCsvw5-7lVE$_$4,missing,3.0155843098958335,0.5126383463541667,0.5754597981770834,0.03251139322916666,0.9040730794270833,0.18121744791666666,0.0,0.0
364,MMpo2bDk-DU$_$10,missing,0.7405598958333334,0.19703776041666668,1.8857625325520833,-0.21842854817708335,-0.49509684244791674,-0.04052327473958336,0.0,2.0816681711721685e-17
365,MMpo2bDk-DU$_$17,missing,-0.18357340494791666,0.58896484375,0.3122762044270833,0.09821777343749998,-0.7610270182291666,0.04250488281249997,0.0,1.1102230246251565e-16
366,MMpo2bDk-DU$_$16,missing,1.1708157857259116,0.5658040364583333,-1.5191847483317058,-0.2778238932291667,0.033671696980794266,-0.23173014322916669,5.551115123125783e-17,2.7755575615628914e-17
367,MMpo2bDk-DU$_$19,missing,3.609029134114583,0.7176310221354167,0.7110799153645833,0.09503580729166669,0.6920979817708334,0.13450113932291666,8.881784197001252e-16,0.0
368,MjaaudUc5-4$_$1,missing,5.456390380859375,-1.0479899088541669,0.8147125244140625,-0.10543619791666667,-0.1045989990234375,-0.06415201822916669,0.0,0.0
369,MjaaudUc5-4$_$0,missing,4.065943400065104,0.47578531901041665,0.19231669108072916,0.032828776041666674,0.49296061197916663,0.026249186197916642,0.0,0.0
370,MjaaudUc5-4$_$3,missing,3.9406280517578125,0.5651204427083334,0.46018981933593744,0.09558919270833333,0.42657470703125,-0.03414713541666669,0.0,0.0
371,MjaaudUc5-4$_$6,missing,4.648193359375,-0.7925618489583334,1.06109619140625,-0.2331868489583333,-0.28472900390624994,-0.04778645833333334,0.0,2.220446049250313e-16
372,MoQmPA7Q07Q$_$1,missing,2.741861979166667,0.8655924479166668,0.3444010416666667,0.06822916666666667,0.6800944010416666,-0.10725911458333337,0.0,1.1102230246251565e-16
373,MoQmPA7Q07Q$_$2,missing,6.512939453125,2.469661458333334,0.49609375,0.2985677083333334,0.38549804687499994,-0.10807291666666659,0.0,8.881784197001252e-16
374,N1X63d_jgmw$_$5,missing,-1.3367106119791665,1.0289693196614584,-0.4056193033854167,0.20079549153645834,-1.9949747721354165,0.6712117513020834,0.0,0.0
375,N5xfBtD6rLY$_$7,missing,-1.191009521484375,0.1775797526041667,-0.6249084472656249,-0.025179036458333325,-0.22073364257812497,0.10433756510416667,0.0,0.0
376,NoZsdSGnNpI$_$7,missing,4.0253651936848955,1.1990885416666668,0.7127583821614583,0.36608072916666673,0.12491353352864584,0.0004557291666666616,8.881784197001252e-16,0.0
377,Nrurc5sMUOE$_$5,missing,0.5462239583333333,0.05,-0.7919108072916666,0.40859375000000003,-0.6254069010416667,0.23203125000000002,1.1102230246251565e-16,0.0
378,Nrurc5sMUOE$_$7,missing,2.9285074869791665,-0.15830078125000002,0.8041788736979167,-0.03149414062500002,0.05491129557291666,-0.20346679687500005,4.440892098500626e-16,5.551115123125783e-17
379,Nrurc5sMUOE$_$8,missing,1.291529337565104,0.2906412760416667,-1.1918690999348958,0.5879069010416668,-0.41316731770833337,0.044303385416666674,1.1102230246251565e-16,0.0
380,NzvNW7vP-Co$_$5,missing,7.212565104166666,2.7466145833333337,0.3494059244791667,0.14348958333333345,0.15531412760416666,0.07864583333333333,0.0,4.440892098500626e-16
381,NzvNW7vP-Co$_$4,missing,-1.233708699544271,-0.04757893880208333,-0.8313039143880208,-0.12400716145833332,-0.11101277669270833,-0.05458577473958333,4.440892098500626e-16,2.7755575615628914e-17
382,NzvNW7vP-Co$_$7,missing,4.610555013020833,1.6983072916666666,0.11287434895833334,0.07721354166666666,0.16805013020833334,0.05494791666666666,8.881784197001252e-16,2.220446049250313e-16
383,OLP0nCKwU6k$_$6,missing,-3.3072509765625,1.5786214192708337,-0.669921875,0.21282552083333336,0.1768798828125,-0.16351725260416666,0.0,2.220446049250313e-16
384,OrYBtyO0aPI$_$1,missing,2.834548950195313,-0.3771036783854167,0.607879638671875,-0.0552164713541667,-0.2686004638671875,0.07880452473958334,4.440892098500626e-16,0.0
385,OrYBtyO0aPI$_$4,missing,2.4671630859375,0.27809244791666665,0.7729492187500001,0.00670572916666665,0.9351806640624999,0.19654947916666668,0.0,0.0
386,PboaYD5hlG8$_$10,missing,1.6887613932291667,0.16316731770833337,0.8100992838541667,0.18108723958333334,1.3849283854166667,0.28777669270833334,0.0,0.0
387,PboaYD5hlG8$_$3,missing,4.245951334635417,0.8395182291666666,0.10892740885416667,-0.10420735677083329,0.9188028971354166,0.09554850260416667,8.881784197001252e-16,0.0
388,PboaYD5hlG8$_$2,missing,0.45483398437499994,-0.10061848958333333,1.2352294921875,0.32521158854166676,1.3724365234375002,0.15939127604166664,0.0,0.0
389,PboaYD5hlG8$_$7,missing,1.5517069498697917,0.9151936848958334,0.3412577311197917,0.2866536458333334,0.4932352701822917,0.21241048177083335,0.0,2.220446049250313e-16
390,PboaYD5hlG8$_$9,missing,0.9822591145833333,0.66055908203125,0.43575032552083337,0.075799560546875,-0.09098307291666667,0.322235107421875,2.220446049250313e-16,0.0
391,PboaYD5hlG8$_$8,missing,2.1016031901041665,-0.23378906250000003,-0.06496175130208333,-0.052539062499999914,-0.17665608723958337,0.23398437500000002,4.440892098500626e-16,0.0
392,Pt-D0LUHDSc$_$2,missing,3.04742431640625,0.5512044270833334,0.5440673828125,0.11370442708333332,1.66265869140625,0.43772786458333335,0.0,0.0
393,PwapK9d8IGk$_$4,missing,-3.3423055013020835,1.5695638020833333,-0.6626790364583334,0.3306966145833334,0.09922281901041667,-0.1516276041666667,4.440892098500626e-16,0.0
394,PyQrAYl1bFs$_$0,missing,1.6883138020833333,0.13313802083333331,0.9298909505208334,0.1176106770833333,1.4286702473958335,0.31497395833333336,0.0,0.0
395,PyQrAYl1bFs$_$3,missing,4.831990559895833,1.0973470052083334,0.3966878255208333,0.07171223958333334,0.7281087239583334,0.08855794270833336,8.881784197001252e-16,2.220446049250313e-16
396,PyQrAYl1bFs$_$4,missing,5.2850341796875,1.3797444661458333,0.34228515625,-0.013028971354166658,0.12097167968749997,0.041097005208333336,0.0,0.0
397,Q4WzApjaCNI$_$0,missing,-0.9281005859375,0.09423421223958334,-1.13580322265625,0.09657796223958334,-0.68560791015625,0.05367024739583333,0.0,2.7755575615628914e-17
398,Q7S0tX4FUNA$_$4,missing,-0.3275553385416667,0.2626871744791667,-0.5414835611979166,0.014078776041666675,-0.21750895182291666,-0.061336263020833344,0.0,0.0
399,Q7S0tX4FUNA$_$7,missing,-0.20652262369791666,0.040791829427083336,-0.31486002604166663,0.07001546223958334,-0.3658243815104167,0.045345052083333344,0.0,0.0
400,Q7S0tX4FUNA$_$8,missing,4.050679524739584,-0.5349283854166667,0.3886922200520833,0.3194661458333334,-0.16971842447916669,0.06370442708333335,0.0,8.326672684688674e-17
401,Qa6Yz62V-Yc$_$0,missing,1.4892832438151042,0.8431884765625,-0.18062337239583334,0.008630371093749995,-0.09259541829427083,-0.10357666015625003,2.220446049250313e-16,1.1102230246251565e-16
402,QjcQx8_PQfw$_$10,missing,5.402440388997396,1.2562337239583332,0.30565388997395837,0.00955403645833336,0.21793111165364584,-0.06075846354166665,0.0,2.220446049250313e-16
403,QjcQx8_PQfw$_$7,missing,-0.13846842447916666,0.13659667968750003,-0.7995402018229166,0.04760742187499999,-0.05906168619791668,-0.2044189453125,1.1102230246251565e-16,2.7755575615628914e-17
404,QpchvHpGFc8$_$3,missing,-0.23663330078124997,0.32078450520833335,-0.50885009765625,-0.2678873697916667,-0.47460937500000006,0.13543294270833334,0.0,5.551115123125783e-17
405,RArhIHk4Qs4$_$13,missing,3.1640625000000004,0.2670084635416667,0.0050659179687499965,-0.09234212239583332,-0.123748779296875,-0.09297688802083333,4.440892098500626e-16,0.0
406,RArhIHk4Qs4$_$17,missing,5.730916341145834,-1.0989568074544271,0.6815388997395833,-0.07979176839192707,-0.005472819010416657,0.03626810709635414,0.0,0.0
407,RArhIHk4Qs4$_$16,missing,2.0542856852213545,-0.19723307291666672,0.8717905680338542,-0.07184244791666668,-0.13081868489583331,0.011848958333333326,4.440892098500626e-16,0.0
408,RArhIHk4Qs4$_$19,missing,0.24393208821614584,0.08991292317708335,-0.7636362711588541,-0.042228190104166674,0.12483723958333334,-0.02913004557291667,1.1102230246251565e-16,6.938893903907228e-18
409,RArhIHk4Qs4$_$1,missing,1.9891459147135415,1.2275065104166667,-0.20970662434895834,0.009733072916666691,0.44819132486979163,0.24069010416666664,0.0,0.0
410,RArhIHk4Qs4$_$2,missing,-0.35400390625,0.519921875,0.1970672607421875,-0.011132812499999978,0.0559844970703125,0.1310546875,0.0,0.0
411,RArhIHk4Qs4$_$7,missing,-1.9112752278645833,0.3231119791666667,-0.7080891927083333,0.0012613932291666609,-0.09279378255208334,-0.10308430989583335,0.0,5.551115123125783e-17
412,RArhIHk4Qs4$_$6,missing,1.6847991943359375,0.03411458333333332,0.7744293212890625,-0.22955729166666672,-0.0142822265625,0.0134114583333333,0.0,0.0
413,RArhIHk4Qs4$_$8,missing,4.559168497721354,-0.56229248046875,0.4576059977213542,-0.049847412109375,0.10932413736979167,-0.03654174804687501,0.0,1.1102230246251565e-16
414,RArhIHk4Qs4$_$21,missing,2.8662109375,0.30992024739583335,0.65283203125,0.17549641927083331,0.8781738281250001,0.09026692708333336,0.0,0.0
415,ROcTx5VEn7o$_$11,missing,2.925933837890625,1.3890950520833334,0.33645629882812506,0.18636067708333337,-0.511810302734375,-0.15533854166666666,0.0,2.220446049250313e-16
416,ROcTx5VEn7o$_$1,missing,-0.38916524251302087,0.18225301106770833,-0.31000264485677087,0.027583821614583337,-0.6333516438802083,-0.12033487955729166,0.0,1.3877787807814457e-17
417,ROcTx5VEn7o$_$5,missing,0.5335795084635417,0.41126708984375004,-0.6185353597005209,-0.09316406249999999,-1.116948445638021,-0.39119873046875003,0.0,2.7755575615628914e-17
418,ROcTx5VEn7o$_$9,missing,-0.16635131835937503,0.18091227213541666,-0.335479736328125,-0.09340413411458336,-0.766265869140625,-0.13301595052083334,0.0,2.7755575615628914e-17
419,RrGpzInAwCg$_$0,missing,0.7931315104166666,0.027172851562499996,0.4448649088541667,-0.11711425781250001,2.0788981119791665,0.3985351562500001,0.0,5.551115123125783e-17
420,RzOFxDk26p0$_$1,missing,7.238037109375,3.0300781250000006,1.284423828125,0.4828125,-0.0732421875,-0.1433593749999999,0.0,4.440892098500626e-16
421,RzOFxDk26p0$_$0,missing,0.6160685221354166,0.47285970052083337,-0.6808675130208334,0.053133138020833345,-0.3221638997395833,-0.32194010416666663,5.551115123125783e-17,2.7755575615628914e-17
422,SHa756SwGJQ$_$0,missing,-0.5368143717447917,-0.0315478006998698,-0.7460581461588542,0.08695805867513022,-0.4379526774088542,0.013828023274739589,2.220446049250313e-16,0.0
423,SHa756SwGJQ$_$2,missing,2.689208984375,1.1022135416666667,0.572509765625,0.22008463541666667,1.66650390625,0.4839518229166667,0.0,2.220446049250313e-16
424,SHa756SwGJQ$_$4,missing,4.85028076171875,-0.6446614583333333,0.4537353515625,-0.05394490559895833,0.023376464843749993,-0.12668660481770833,0.0,0.0
425,SHa756SwGJQ$_$7,missing,-1.630401611328125,-0.2333984375,-0.7952880859375,0.12684326171875,-0.325531005859375,-0.12723388671875,0.0,0.0
426,SHa756SwGJQ$_$6,missing,-1.4812825520833333,0.049517822265625,-0.7551472981770834,0.28731079101562507,-0.13857014973958331,0.0015991210937500236,0.0,5.551115123125783e-17
427,TH32jop4FiI$_$15,missing,1.0057373046875,0.15019938151041667,0.7340087890625,0.011966959635416673,0.560791015625,-0.18472493489583333,0.0,0.0
428,TH32jop4FiI$_$17,missing,3.4715576171875,1.2966471354166669,1.2113037109375,0.4305338541666667,0.3968505859375,-0.04280598958333335,0.0,2.220446049250313e-16
429,TWszOxkOV0w$_$1,missing,1.3461201985677085,0.24788411458333334,-1.0105845133463542,0.6094075520833334,0.30838521321614587,-0.2635416666666666,1.1102230246251565e-16,1.1102230246251565e-16
430,TXCXFYIc3Yo$_$16,missing,-0.20153808593749997,0.48139648437500004,-0.25634765625,0.02080078124999999,0.0928955078125,-0.184619140625,0.0,0.0
431,TXCXFYIc3Yo$_$2,missing,3.410563151041667,0.7411295572916667,0.6473795572916666,-0.04431966145833335,-0.3304036458333333,-0.10091145833333331,4.440892098500626e-16,0.0
432,TXCXFYIc3Yo$_$7,missing,-0.5010782877604166,0.7813313802083335,-0.011027018229166664,0.18455403645833338,-0.4329325358072917,0.12288411458333337,0.0,0.0
433,TXCXFYIc3Yo$_$6,missing,3.33880615234375,0.6097656250000001,0.34442138671875,-0.23007812500000005,-0.2061767578125,-0.02128906250000001,0.0,5.551115123125783e-17
434,TYJzg5IJN8o$_$11,missing,2.899129231770833,1.4017333984375002,0.7054646809895834,0.30021972656250007,0.7486775716145834,0.08542480468749994,0.0,0.0
435,TYJzg5IJN8o$_$10,missing,1.1930745442708333,0.7110188802083334,0.32881673177083337,0.13953450520833333,0.33931477864583337,-0.005631510416666638,0.0,0.0
436,TYJzg5IJN8o$_$14,missing,4.5212554931640625,1.3794921875000001,1.084228515625,0.49189453125000004,0.1043548583984375,0.01142578125000003,0.0,2.220446049250313e-16
437,TYJzg5IJN8o$_$0,missing,2.0718282063802085,1.0803466796875,1.7288564046223958,0.5599243164062501,1.232518513997396,0.28824462890625,0.0,0.0
438,TYJzg5IJN8o$_$4,missing,3.0314127604166665,1.219205729166667,1.6562906901041665,0.5461588541666668,0.3389078776041667,0.00026041666666674207,0.0,0.0
439,TYJzg5IJN8o$_$7,missing,5.248697916666667,1.29443359375,0.8032633463541667,-0.021191406249999992,-0.12251790364583333,-0.10649414062499998,8.881784197001252e-16,0.0
440,Uc_6d-fkZEc$_$3,missing,4.5855865478515625,0.818359375,0.5931549072265625,0.11630859375,-0.02569580078125,-0.13730468750000002,0.0,0.0
441,UlTJmndbGHM$_$1,missing,4.209869384765625,0.8497355143229167,0.7085418701171875,0.05599772135416664,1.7104949951171875,0.5075480143229166,0.0,2.220446049250313e-16
442,UlTJmndbGHM$_$4,missing,3.699442545572917,-0.7426310221354168,0.6704508463541667,0.015327962239583347,-0.8205769856770833,0.26714680989583334,8.881784197001252e-16,5.551115123125783e-17
443,VbV9S4svrTg$_$13,missing,3.1446533203125,0.32333984375,0.3912353515625,0.013916015625000003,0.946533203125,0.06249999999999997,0.0,0.0
444,VbV9S4svrTg$_$3,missing,2.640034993489583,0.3130421956380208,0.21864827473958331,0.01032918294270833,0.5514729817708334,-0.05803934733072916,0.0,0.0
445,VbV9S4svrTg$_$7,missing,5.754557291666667,1.2516825358072918,0.11149088541666667,-0.026207478841145798,0.6227213541666666,-0.010094197591145795,8.881784197001252e-16,2.220446049250313e-16
446,VbV9S4svrTg$_$8,missing,2.7029622395833335,0.1951171875,0.2657063802083333,0.10864257812500001,1.0066731770833333,-0.005371093749999993,0.0,5.551115123125783e-17
447,VinxKpWioTo$_$1,missing,5.321899414062499,2.056770833333333,0.9755249023437501,0.4329427083333333,1.28985595703125,0.48216145833333335,8.881784197001252e-16,0.0
448,VinxKpWioTo$_$0,missing,-1.9005533854166667,0.2836669921875,-0.7042032877604166,-0.008349609374999997,0.17628987630208334,-0.07775878906250001,0.0,0.0
449,VinxKpWioTo$_$3,missing,3.995076497395833,1.2918619791666668,0.4070638020833333,0.08756510416666666,1.0517171223958333,0.32018229166666673,8.881784197001252e-16,2.220446049250313e-16
450,VinxKpWioTo$_$5,missing,4.5204620361328125,1.1339843749999998,0.4627838134765625,-0.11250000000000003,0.4310302734375,0.08339843749999999,0.0,2.220446049250313e-16
451,ViyQVpGW05w$_$1,missing,0.18117268880208331,-0.11371256510416662,0.08510335286458334,-0.15530192057291667,2.7718098958333335,0.7389363606770833,0.0,0.0
452,ViyQVpGW05w$_$4,missing,0.0028839111328124445,-0.25299275716145836,-0.9197540283203125,-0.013246663411458321,-1.7860107421875,0.47908121744791665,0.0,2.7755575615628914e-17
453,ViyQVpGW05w$_$6,missing,2.6013539632161455,-0.42137044270833335,0.4101308186848958,-0.09185384114583334,0.5423482259114584,0.10570475260416666,0.0,5.551115123125783e-17
454,Vuay0mVKkik$_$3,missing,3.9669189453125,-0.8883951822916667,0.1597900390625,0.0029134114583333048,-0.188720703125,0.10149739583333335,0.0,1.1102230246251565e-16
455,WmQF5RmbsVQ$_$6,missing,3.8457031250000004,1.3966471354166667,0.6318359375000001,0.41676432291666676,0.35107421874999994,0.21510416666666662,8.881784197001252e-16,4.440892098500626e-16
456,Wrcf2xtqbkQ$_$9,missing,3.4802907307942705,1.1160237630208334,-0.7438456217447917,-0.1313151041666667,0.06689961751302087,-0.04584147135416667,4.440892098500626e-16,1.1102230246251565e-16
457,Wrcf2xtqbkQ$_$8,missing,-0.9332682291666666,0.683203125,-1.0519205729166665,-0.28173828125,0.08516438802083334,-0.07451171874999998,2.220446049250313e-16,5.551115123125783e-17
458,WxajvjGKz7Y$_$0,missing,-0.7754720052083333,0.04659016927083333,-1.0758260091145833,0.22469075520833334,-0.08156331380208333,-0.07750651041666667,2.220446049250313e-16,0.0
459,WxajvjGKz7Y$_$3,missing,-1.1552734375,0.3347819010416667,-0.37554931640625006,-0.010603841145833338,0.25933837890624994,0.024064127604166673,0.0,0.0
460,WxajvjGKz7Y$_$6,missing,1.20648193359375,0.605306879679362,0.10504150390624999,0.251153818766276,0.846435546875,0.13763109842936203,0.0,0.0
461,XIGpuL-Kkyk$_$12,missing,2.7216796874999996,0.9460611979166667,0.617919921875,0.1796549479166667,0.655517578125,0.3084635416666667,4.440892098500626e-16,2.220446049250313e-16
462,XIGpuL-Kkyk$_$0,missing,2.712320963541667,-0.2791951497395833,0.8923746744791665,0.05437418619791668,-0.5270589192708334,0.04938151041666666,0.0,2.7755575615628914e-17
463,XIGpuL-Kkyk$_$4,missing,3.247639973958333,0.6202484130859375,0.6273396809895834,0.04172973632812502,1.9800008138020835,0.6655609130859376,0.0,0.0
464,XIGpuL-Kkyk$_$7,missing,-0.9699300130208334,0.03792215983072917,-0.7931722005208333,0.11709696451822918,-0.6917317708333333,0.04410196940104168,0.0,0.0
465,XaVYxIW0FDg$_$2,missing,2.3714447021484375,1.2150309244791668,-0.2439117431640625,-0.16685384114583332,1.988189697265625,0.5842447916666667,0.0,0.0
466,XyP8bVmGX6M$_$4,missing,2.297200520833333,0.3480631510416667,0.5934651692708333,-0.020345052083333332,2.227864583333333,0.6715006510416667,8.881784197001252e-16,0.0
467,XzVapdEr_GY$_$3,missing,6.068400065104167,1.9927083333333337,-0.10738118489583333,0.03880208333333339,0.39274088541666663,0.17083333333333336,8.881784197001252e-16,4.440892098500626e-16
468,XzVapdEr_GY$_$4,missing,7.0068359375,2.4242838541666667,-0.21875,-0.05345052083333335,0.3759765625,0.1690104166666667,0.0,0.0
469,Y7h-S3cJ52o$_$0,missing,-1.4905192057291667,0.21106770833333338,-0.6850992838541666,-0.01726481119791666,-0.30753580729166663,0.08512776692708336,0.0,0.0
470,Y7qkyMyanjU$_$2,missing,-0.06589762369791669,0.07608439127604166,-0.3890635172526042,0.09063517252604167,-0.3073679606119792,0.04697672526041666,0.0,0.0
471,Y7qkyMyanjU$_$4,missing,-1.14208984375,0.091876220703125,-0.5951538085937499,0.043334960937499986,-0.6597290039062501,0.043841552734375004,0.0,0.0
472,YbuG8xyUO-o$_$3,missing,-0.5768686930338542,0.0020426432291666668,-0.3313700358072917,-0.04867757161458334,-0.46407572428385413,0.05703531901041668,0.0,6.938893903907228e-18
473,YbuG8xyUO-o$_$2,missing,-0.07363001505533855,0.015856933593749994,-0.5443922678629557,-0.0267822265625,-0.38319842020670575,0.05965576171874999,0.0,6.938893903907228e-18
474,Z7L3V5bwzI0$_$2,missing,3.6609649658203125,1.1980712890625003,1.1815185546875,0.3877929687500001,0.8806610107421874,0.2828857421875,0.0,2.220446049250313e-16
475,ZaoFHcbRM9g$_$3,missing,1.40740966796875,0.6098673502604167,0.8306884765624999,0.39258219401041666,1.8324584960937498,0.7123942057291668,0.0,2.220446049250313e-16
476,ZaoFHcbRM9g$_$2,missing,-2.2227325439453125,-0.06669921875000001,-0.32025146484375,0.019775390625,0.3417816162109375,-0.07114257812500001,0.0,1.3877787807814457e-17
477,ZaoFHcbRM9g$_$5,missing,-0.568603515625,-0.16109619140624998,-0.40295410156249994,0.019616699218749988,-0.48461914062499994,0.0750732421875,0.0,0.0
478,ZaoFHcbRM9g$_$9,missing,5.108235677083333,-0.8212158203125001,-0.13529459635416669,0.2568115234375,-0.2820231119791667,0.007080078124999979,8.881784197001252e-16,0.0
479,ZaoFHcbRM9g$_$8,missing,5.855489095052083,-1.0010009765625,0.3991292317708333,0.05845947265625,-0.24424235026041666,-0.02098388671875003,8.881784197001252e-16,1.1102230246251565e-16
480,Zvisaa77Cng$_$1,missing,3.0207722981770835,0.8222981770833333,0.5138142903645834,-0.04615885416666669,0.7091878255208334,-0.20699869791666667,0.0,1.1102230246251565e-16
481,Zvisaa77Cng$_$5,missing,2.33197021484375,0.31615905761718754,0.09179687500000001,-0.20503234863281253,0.64959716796875,-0.006048583984374993,0.0,0.0
482,_7HVhnSYX1Y$_$26,missing,2.9170735677083335,0.26843668619791666,0.3382161458333333,0.009366861979166674,0.30574544270833337,-0.15260823567708331,4.440892098500626e-16,2.7755575615628914e-17
483,_7HVhnSYX1Y$_$12,missing,2.488525390625,0.4674153645833333,0.32226562500000006,0.026497395833333333,0.525146484375,-0.06383463541666669,0.0,0.0
484,_7HVhnSYX1Y$_$14,missing,-1.6332550048828125,0.13417154947916668,-0.5105133056640625,0.02361246744791667,-0.094268798828125,-0.09738362630208333,0.0,1.3877787807814457e-17
485,_7HVhnSYX1Y$_$19,missing,-0.6701463063557942,0.07468719482421876,-0.4997971852620443,-0.047651672363281244,-0.7055447896321614,-0.1271697998046875,2.220446049250313e-16,0.0
486,_7HVhnSYX1Y$_$31,missing,3.368113199869792,0.4226949055989583,0.24756876627604166,-0.03513590494791667,0.7082926432291667,0.0106343587239583,0.0,1.1102230246251565e-16
487,_7HVhnSYX1Y$_$3,missing,-0.922119140625,0.3984700520833334,-0.467529296875,-0.06378580729166665,-0.3765869140625,-0.12018229166666669,0.0,2.7755575615628914e-17
488,_BvNNdEkhZA$_$14,missing,3.001948038736979,-0.06855672200520832,0.7744089762369791,-0.19521382649739588,0.13025919596354163,-0.14648335774739585,4.440892098500626e-16,0.0
489,_BvNNdEkhZA$_$19,missing,3.5836588541666665,1.25078125,0.5438639322916666,0.15898437499999998,-0.061604817708333315,0.0019531249999999861,0.0,0.0
490,_BvNNdEkhZA$_$7,missing,-0.6786092122395834,0.3430826822916667,-0.7185262044270834,0.055192057291666666,0.11332194010416667,-0.05779622395833334,0.0,0.0
491,_BvNNdEkhZA$_$6,missing,-0.7286885579427084,0.9091634114583333,0.8040720621744791,-0.19798990885416667,-0.5012868245442709,0.05327962239583334,1.1102230246251565e-16,1.1102230246251565e-16
492,_BvNNdEkhZA$_$9,missing,-0.48606363932291674,0.05951131184895834,-0.6816202799479167,-0.04733072916666667,-0.18754069010416666,-0.13725382486979168,2.220446049250313e-16,2.7755575615628914e-17
493,_aZDaIfGfPo$_$1,missing,5.292643229166666,2.062369791666667,0.9165445963541666,0.3682291666666667,1.0676676432291665,0.4678385416666667,0.0,0.0
494,_aZDaIfGfPo$_$0,missing,1.4248453776041665,0.2809407552083334,0.5236002604166667,-0.015445963541666677,2.538859049479167,0.6972005208333334,0.0,2.220446049250313e-16
495,_gr7o5ynhnw$_$13,missing,2.0806783040364585,1.3719889322916667,-0.4221750895182292,-0.10857747395833334,0.7332204182942708,0.2633463541666667,0.0,0.0
496,_gr7o5ynhnw$_$12,missing,3.021077473958333,0.3615193684895833,0.21919759114583331,0.003932698567708299,0.38594563802083337,-0.08947550455729168,0.0,5.551115123125783e-17
497,_gr7o5ynhnw$_$15,missing,7.876220703125,3.069010416666667,0.09936523437500003,-0.061067708333333394,0.5258789062500001,0.33971354166666673,0.0,4.440892098500626e-16
498,_gzYkdjNvPc$_$12,missing,-1.264373779296875,0.34619140625,-0.536590576171875,-0.10351562499999999,-0.056488037109374986,-0.126953125,0.0,1.3877787807814457e-17
499,_gzYkdjNvPc$_$17,missing,5.26531982421875,-0.9921712239583336,0.14361572265625003,-0.05208333333333333,0.22534179687500003,-0.04832356770833332,0.0,0.0
500,_gzYkdjNvPc$_$1,missing,2.1277008056640625,-0.18410644531250003,-1.124542236328125,0.42550048828125003,0.0683746337890625,-0.07420654296875001,0.0,0.0
501,_gzYkdjNvPc$_$3,missing,-0.95458984375,0.10294596354166667,-0.56256103515625,0.03878580729166667,-0.18524169921875003,-0.22273763020833331,0.0,1.3877787807814457e-17
502,_gzYkdjNvPc$_$2,missing,5.4437255859375,-1.31640625,0.402587890625,0.08974609374999998,0.0645751953125,0.2099609375,0.0,2.220446049250313e-16
503,_gzYkdjNvPc$_$5,missing,-0.91131591796875,0.06997273763020834,-0.32318115234375,-0.017167154947916666,-0.14233398437499997,-0.17612101236979166,0.0,1.3877787807814457e-17
504,_gzYkdjNvPc$_$4,missing,-0.036997477213541664,0.22810465494791668,-0.30755106608072913,0.09579264322916667,-0.14348856608072919,-0.12116292317708333,0.0,0.0
505,_gzYkdjNvPc$_$6,missing,3.428965250651042,-0.40160725911458334,-0.17267354329427084,0.13158365885416667,0.34832255045572913,-0.11513264973958334,0.0,0.0
506,_gzYkdjNvPc$_$9,missing,2.05499267578125,-0.10462239583333335,0.75830078125,-0.14939778645833335,0.5951538085937499,-0.16463216145833337,0.0,0.0
507,a-WihYDk6vc$_$8,missing,1.9785970052083333,0.619921875,1.1946614583333333,0.4284423828125001,0.6070149739583335,0.22937011718750006,0.0,0.0
508,a-WihYDk6vc$_$0,missing,3.16925048828125,0.4070475260416667,0.8206176757812501,0.20880533854166666,0.24694824218750006,-0.08684895833333332,0.0,1.1102230246251565e-16
509,aFhc2ddipoM$_$14,missing,3.5653483072916665,1.3016276041666666,0.5653483072916666,0.13697916666666668,0.6417643229166666,0.019205729166666675,0.0,2.220446049250313e-16
510,aK5tRCXjUvU$_$0,missing,1.5288899739583333,0.1681640625,1.6722615559895833,0.31865234375000007,0.9226277669270833,0.18271484375,0.0,0.0
511,b-FX9NOVQOM$_$1,missing,-0.11897786458333333,0.22925821940104169,0.8125712076822917,0.2742533365885417,0.7192484537760417,0.24990641276041667,0.0,1.1102230246251565e-16
512,b-FX9NOVQOM$_$4,missing,3.264973958333333,-0.582421875,-1.3825480143229167,0.6360351562500001,-1.2787882486979167,0.45576171875000004,4.440892098500626e-16,1.1102230246251565e-16
513,b1LEcg6z66g$_$0,missing,2.3903605143229165,0.03591715494791666,0.23188273111979166,-0.018581136067708344,0.7315165201822916,-0.11875203450520835,4.440892098500626e-16,1.3877787807814457e-17
514,b1LEcg6z66g$_$4,missing,4.319173177083334,1.3685546875,0.6850179036458334,0.25312500000000004,0.22188313802083331,0.0751953125,0.0,0.0
515,b1LEcg6z66g$_$8,missing,5.050882975260417,-1.0094685872395834,-0.2964680989583333,0.17222086588541669,0.06711832682291669,0.027433268229166658,8.881784197001252e-16,0.0
516,bAkUEnPoucg$_$3,missing,4.753662109375,1.8749837239583333,0.36944580078125006,0.016585286458333376,1.73626708984375,0.6287434895833334,0.0,0.0
517,bNQkb4K5DX0$_$3,missing,0.9648030598958333,0.5387207031250001,-0.46561686197916663,0.07646484375,-0.08805338541666669,-0.05874023437500002,5.551115123125783e-17,1.1102230246251565e-16
518,bNQkb4K5DX0$_$7,missing,3.931620279947917,0.9578776041666666,1.4297892252604167,0.2236979166666667,0.18693033854166669,-0.06888020833333335,8.881784197001252e-16,2.220446049250313e-16
519,bWunvAd96zI$_$1,missing,1.379241943359375,0.32254231770833336,0.9022521972656251,-0.32533365885416665,0.028778076171874997,0.031111653645833334,0.0,4.163336342344337e-17
520,bWunvAd96zI$_$2,missing,1.0499420166015625,0.1123697916666667,-0.4463958740234375,0.11100260416666669,-0.23489379882812497,0.14928385416666673,0.0,0.0
521,bWunvAd96zI$_$5,missing,-1.6444295247395833,0.0078125,-0.7619222005208333,0.17194824218750002,-0.21645100911458334,-0.1575927734375,0.0,1.3877787807814457e-17
522,bWunvAd96zI$_$4,missing,2.9948933919270835,0.26534016927083337,0.2657674153645833,-0.07049967447916665,0.49226888020833337,-0.024723307291666666,4.440892098500626e-16,0.0
523,bj9e8w4vNxo$_$12,missing,3.105728149414062,1.04423828125,0.9850921630859375,0.38681640625,0.74755859375,0.3880859375000001,0.0,0.0
524,bpvYdXVlgvc$_$1,missing,-0.7910346984863281,-0.020035807291666676,-0.35030174255371094,-0.11495768229166668,-0.5969448089599608,0.16294759114583335,0.0,3.469446951953614e-18
525,bpvYdXVlgvc$_$3,missing,1.9662424723307295,-0.04062500000000002,-0.5647481282552084,0.35905761718750007,0.2716013590494792,-0.07844238281249998,2.220446049250313e-16,2.7755575615628914e-17
526,bpvYdXVlgvc$_$4,missing,4.1977895100911455,-0.7290328979492189,0.666486104329427,-0.18439025878906254,0.6703923543294271,-0.13520965576171876,8.881784197001252e-16,0.0
527,bpvYdXVlgvc$_$6,missing,0.49939982096354163,0.5100260416666668,-0.011967976888020832,0.07682291666666664,0.05419413248697916,-0.046223958333333356,0.0,0.0
528,c1a1y9ytHH0$_$0,missing,1.3996988932291667,0.6879720052083333,-0.2560628255208333,0.14563802083333338,0.050699869791666685,0.09060872395833335,2.220446049250313e-16,0.0
529,c1a1y9ytHH0$_$3,missing,1.67254638671875,0.7085937500000001,-0.10388183593749999,0.24135742187500003,0.59332275390625,0.41567382812500003,0.0,2.220446049250313e-16
530,c1a1y9ytHH0$_$7,missing,2.7052001953125,0.49147542317708337,0.90692138671875,0.13172200520833333,0.61883544921875,0.09535725911458333,0.0,1.1102230246251565e-16
531,c5cB7AfVgcE$_$12,missing,3.7382914225260415,1.0254908243815104,1.0930277506510415,0.23623301188151044,0.36811319986979163,0.3546824137369791,0.0,2.220446049250313e-16
532,c5cB7AfVgcE$_$5,missing,1.141693115234375,0.03678385416666666,-0.2883453369140625,0.33053385416666664,-0.3766632080078125,0.1815104166666667,0.0,0.0
533,d8BR6hsvzoY$_$1,missing,-1.0400187174479167,0.4420410156250001,-0.5871378580729166,-0.06752929687500002,0.19917805989583334,-0.106591796875,2.220446049250313e-16,0.0
534,d8BR6hsvzoY$_$0,missing,-0.010646104812622084,0.023376464843750003,-0.7509245872497559,0.03321533203125,-0.13820958137512207,-0.024462890625000004,0.0,6.938893903907228e-18
535,d8BR6hsvzoY$_$2,missing,-2.2249247233072915,0.19583333333333333,-0.5614267985026042,0.06319173177083333,-0.0315195719401042,-0.11468912760416668,4.440892098500626e-16,0.0
536,d8BR6hsvzoY$_$5,missing,-0.66998291015625,0.18802083333333336,-0.582275390625,0.010042317708333335,-0.25506591796875,-0.05987955729166667,0.0,2.7755575615628914e-17
537,d8BR6hsvzoY$_$6,missing,0.21442667643229169,0.10464680989583333,-0.5686543782552084,-0.009134928385416661,-0.08806355794270833,-0.03144938151041666,0.0,1.3877787807814457e-17
538,d8BR6hsvzoY$_$9,missing,-0.3662312825520833,0.13527018229166668,-0.8057454427083334,-0.14046223958333334,-0.013692220052083336,-0.07338460286458334,0.0,0.0
539,d8BR6hsvzoY$_$8,missing,0.08032226562500001,0.8510579427083333,0.54205322265625,-0.0918131510416667,-0.64373779296875,0.08079427083333335,0.0,0.0
540,dBWvtPeHpWM$_$4,missing,1.9894816080729165,0.08022460937499998,-0.17134602864583334,-0.08162841796874998,1.6389567057291665,0.38729248046875003,0.0,5.551115123125783e-17
541,dEDbm2ubVRQ$_$0,missing,-0.41080729166666663,0.10356445312500001,-0.46122233072916663,-0.07196044921874999,-0.8982340494791667,0.04910888671875,0.0,1.3877787807814457e-17
542,dEDbm2ubVRQ$_$3,missing,-0.44419352213541663,0.7795898437500001,-0.022135416666666657,0.18039550781250008,-0.14402262369791663,-0.06271972656249997,1.1102230246251565e-16,0.0
543,dEDbm2ubVRQ$_$8,missing,1.88690185546875,0.27248535156250003,0.22479248046875,-0.067919921875,1.1119384765625,0.08918457031250003,0.0,0.0
544,dt641WxonBI$_$1,missing,1.5198160807291667,0.21010742187500003,0.5878702799479166,-0.09941406250000004,1.7306925455729167,0.34702148437499997,0.0,5.551115123125783e-17
545,dt641WxonBI$_$3,missing,-0.793212890625,0.20180358886718752,-0.599884033203125,0.035260009765625,-0.264862060546875,-0.005569458007812497,0.0,0.0
546,eOiC1kb17P4$_$0,missing,5.3602294921875,2.3271484375,0.5047607421875,0.15078125,0.9097900390625,0.2314453125,0.0,0.0
547,erNDEjQeox8$_$12,missing,5.150472005208333,1.9382812500000002,-0.07499186197916666,-0.0007812499999999625,0.8018391927083333,0.3875,8.881784197001252e-16,0.0
548,ewBrNsyY82Q$_$4,missing,1.37982177734375,0.7236572265625,0.2213134765625,0.15424804687499996,0.58221435546875,0.12248535156250001,0.0,2.220446049250313e-16
549,fWOIAxzBQFY$_$12,missing,-0.3934987386067708,0.13306986490885417,-0.47728474934895837,0.08962198893229165,-0.13824971516927084,0.09835306803385416,0.0,0.0
550,fWOIAxzBQFY$_$5,missing,2.6072184244791665,0.3228515625,0.9110514322916667,0.14921875000000004,1.2681070963541665,0.3083984375,0.0,0.0
551,fWOIAxzBQFY$_$7,missing,2.2939860026041665,0.46204833984374993,0.7242838541666666,0.174298095703125,0.7170817057291667,0.10662231445312498,0.0,1.1102230246251565e-16
552,f_ZJ7L14oYQ$_$11,missing,3.5469563802083335,1.3016276041666666,0.18684895833333334,0.013541666666666646,0.4812825520833333,0.23248697916666666,0.0,4.440892098500626e-16
553,f_ZJ7L14oYQ$_$27,missing,3.317036946614583,0.9128255208333333,0.3811238606770833,-0.02701822916666669,-0.0290934244791667,-0.03815104166666672,0.0,1.1102230246251565e-16
554,f_ZJ7L14oYQ$_$21,missing,4.365437825520833,-0.9073893229166669,0.7414143880208334,-0.11471354166666668,0.44051106770833337,-0.1952799479166667,8.881784197001252e-16,0.0
555,f_ZJ7L14oYQ$_$17,missing,1.733662923177083,-0.02532552083333334,1.3842976888020833,-0.19602864583333332,0.04329427083333334,-0.12376302083333335,4.440892098500626e-16,5.551115123125783e-17
556,f_ZJ7L14oYQ$_$9,missing,-1.76568603515625,1.2289469401041668,0.68804931640625,-0.10952962239583333,-0.4755859375,0.17413736979166672,0.0,2.220446049250313e-16
557,f_ZJ7L14oYQ$_$8,missing,2.39501953125,0.5652669270833334,0.53271484375,-0.20162760416666667,0.3900146484375,0.003938802083333333,0.0,0.0
558,ffrJ91swyq0$_$1,missing,6.185129801432292,2.291276041666667,0.2608286539713542,-0.00794270833333327,0.5893198649088542,0.26510416666666664,8.881784197001252e-16,0.0
559,g8Cl74tS3oY$_$2,missing,0.14077250162760416,0.6147786458333334,-0.4572347005208333,0.12229817708333336,-0.6326649983723959,0.29690755208333336,0.0,0.0
560,g8Cl74tS3oY$_$6,missing,5.416422526041666,1.9967447916666667,0.3199869791666667,-0.03138020833333327,0.5965983072916666,0.23072916666666674,0.0,0.0
561,gR4gM_WXesQ$_$10,missing,0.2286529541015625,0.023883056640625008,0.028167724609375028,-0.11156616210937499,-1.0678558349609375,0.25521240234375003,0.0,5.551115123125783e-17
562,gR4gM_WXesQ$_$26,missing,2.6718292236328125,-0.18769531250000002,0.6114196777343749,-0.30800781250000003,0.0063934326171875,-0.030468750000000003,0.0,0.0
563,gR4gM_WXesQ$_$20,missing,2.967041015625,1.1513997395833333,0.4375,0.16136067708333335,1.2001953125,0.2794270833333334,0.0,0.0
564,gR4gM_WXesQ$_$24,missing,-2.1289920806884766,-0.1474609375,-0.4192447662353516,-0.1345947265625,-0.12388229370117185,0.018627929687500003,0.0,0.0
565,gR4gM_WXesQ$_$18,missing,1.43505859375,0.3555989583333333,-0.10162353515625003,0.08079427083333332,0.044738769531249986,-0.06022135416666673,0.0,0.0
566,gR4gM_WXesQ$_$3,missing,1.65740966796875,0.19251302083333335,-0.029968261718750028,0.06067708333333334,-0.4615478515625,0.18977864583333331,0.0,0.0
567,gR4gM_WXesQ$_$4,missing,3.8934834798177085,1.0008138020833333,0.3359883626302083,-0.0636393229166667,1.1147969563802085,0.24427083333333335,0.0,0.0
568,gR4gM_WXesQ$_$8,missing,3.037801106770833,0.4581868489583334,0.17464192708333334,-0.10255533854166668,0.6669514973958333,0.12156575520833335,0.0,5.551115123125783e-17
569,gVqs4TzqySw$_$1,missing,4.79412841796875,1.8596028645833333,2.099853515625,0.8475911458333333,-0.15777587890625003,-0.0798502604166667,0.0,4.440892098500626e-16
570,gVqs4TzqySw$_$3,missing,-0.7384440104166667,0.18142089843750003,-0.6066691080729166,0.11108398437500001,0.3308308919270833,-0.019165039062500017,2.220446049250313e-16,0.0
571,gVqs4TzqySw$_$2,missing,1.744598388671875,0.4691406250000001,1.6818237304687502,0.48295898437500007,0.372894287109375,0.22915039062500003,0.0,0.0
572,gVqs4TzqySw$_$4,missing,-0.942626953125,0.1165771484375,-1.57391357421875,0.22287597656249997,0.16680908203125,-0.08852539062499999,0.0,5.551115123125783e-17
573,goMtnNHQ_z4$_$1,missing,1.750651041666667,0.3873209635416667,0.22269694010416666,-0.06878255208333336,1.2825113932291667,-0.037288411458333365,4.440892098500626e-16,1.1102230246251565e-16
574,goMtnNHQ_z4$_$2,missing,4.847859700520833,1.4508463541666667,0.04732259114583334,-0.2530598958333334,1.3802083333333333,0.3115885416666666,8.881784197001252e-16,0.0
575,goMtnNHQ_z4$_$13,missing,4.602152506510416,1.1264973958333333,0.4266153971354167,-0.07281901041666666,0.12491861979166669,-0.04254557291666667,0.0,0.0
576,goMtnNHQ_z4$_$12,missing,1.3727620442708335,0.379150390625,-0.6177164713541667,-0.02250976562500001,-0.6184488932291666,0.017578125000000017,1.1102230246251565e-16,5.551115123125783e-17
577,hqzF4IDaIYE$_$0,missing,3.079752604166667,-0.6339152018229166,0.015909830729166685,0.1119710286458333,0.4205729166666667,0.25719807942708334,0.0,1.1102230246251565e-16
578,hqzF4IDaIYE$_$3,missing,4.147562662760416,1.5256510416666667,1.0895792643229165,0.4166666666666667,-0.2776692708333333,-0.26067708333333334,8.881784197001252e-16,0.0
579,hqzF4IDaIYE$_$2,missing,4.906585693359375,1.7653645833333336,0.7818756103515625,0.31126302083333335,0.42262268066406244,0.03743489583333341,0.0,4.440892098500626e-16
580,hqzF4IDaIYE$_$4,missing,-0.7724609375,-0.05529988606770833,-1.1741943359375,0.25004679361979165,-0.7149658203125001,0.026298014322916667,0.0,0.0
581,hqzF4IDaIYE$_$6,missing,0.5338439941406249,-0.18985188802083336,1.3077087402343752,0.2559733072916667,1.6357421875,0.2560465494791667,0.0,0.0
582,hvfaYsv7p8E$_$0,missing,3.455525716145833,-0.5307373046875,0.7906697591145834,-0.3257446289062501,-0.4981486002604167,0.35472412109375007,4.440892098500626e-16,0.0
583,iUXqlrui25c$_$10,missing,1.8881632486979165,0.07975260416666666,-0.4705403645833333,0.2539713541666667,-0.8364461263020833,0.1967447916666667,0.0,0.0
584,iUXqlrui25c$_$21,missing,-0.3436075846354167,0.304547119140625,-0.32462565104166663,-0.154241943359375,0.4991658528645833,0.06663818359375,5.551115123125783e-17,2.7755575615628914e-17
585,iUXqlrui25c$_$23,missing,-0.87103271484375,0.1363688151041667,-0.0706787109375,0.12386881510416668,-0.31671142578125,0.06935221354166668,0.0,5.551115123125783e-17
586,icbUzboLcDQ$_$0,missing,4.801340738932291,1.0694661458333334,1.2420450846354167,0.29671223958333326,0.09626261393229166,-0.011295572916666663,0.0,0.0
587,ioupaiAuRr0$_$5,missing,4.398518880208334,1.5324869791666669,0.2556966145833333,0.13033854166666667,0.02156575520833333,-0.1874348958333333,0.0,0.0
588,ioupaiAuRr0$_$4,missing,1.4308624267578125,1.5189453125,0.0558624267578125,0.13642578124999996,-0.147613525390625,-0.27099609375000006,0.0,2.220446049250313e-16
589,jICmfLeFymA$_$16,missing,3.30010986328125,0.7293294270833334,1.245147705078125,0.26302083333333337,1.4811096191406248,0.5779622395833334,0.0,0.0
590,jPrEKz1rAno$_$11,missing,-0.9117635091145834,0.03274739583333333,-0.5407918294270834,-0.07228190104166667,-0.14314778645833331,0.02010091145833333,0.0,0.0
591,jPrEKz1rAno$_$7,missing,1.5735575358072917,0.8251627604166668,0.5945536295572915,0.4679361979166667,0.44672648111979163,0.11070963541666667,4.440892098500626e-16,0.0
592,jPrEKz1rAno$_$6,missing,1.8241322835286455,0.46826171875,0.1990865071614583,0.20839843750000003,0.22446187337239581,0.155859375,0.0,0.0
593,k5ZOshC2LP4$_$1,missing,0.33620198567708337,0.5416819254557292,0.8289082845052084,0.22416636149088542,0.23058064778645837,0.4579798380533854,0.0,0.0
594,kbGhEJ4W44o$_$0,missing,0.880884806315104,0.28347981770833336,-1.070042928059896,0.7068684895833334,-0.5934346516927084,0.4112141927083333,3.3306690738754696e-16,0.0
595,kfsO4c0Ekes$_$7,missing,6.043212890625,2.0042317708333335,0.30615234374999994,-0.015104166666666658,-0.212158203125,-0.09303385416666674,0.0,0.0
596,kvUb78Rdzdc$_$3,missing,7.874837239583334,2.962760416666667,0.16048177083333334,0.09401041666666662,0.12874348958333334,0.04322916666666663,1.7763568394002505e-15,4.440892098500626e-16
597,lO87-4Kf0cQ$_$2,missing,-0.08652750651041663,0.12325337727864584,-0.5959269205729166,-0.04938761393229167,-0.5161539713541666,-0.12694193522135416,0.0,6.938893903907228e-18
598,lO87-4Kf0cQ$_$5,missing,0.749725341796875,0.4181753158569336,-0.900115966796875,-0.2127328872680664,-0.422088623046875,-0.09183444976806643,0.0,0.0
599,lWf5hHRHIDs$_$11,missing,3.210662841796875,0.4209676106770833,0.085113525390625,-0.08260904947916668,1.784027099609375,0.4727254231770833,0.0,1.1102230246251565e-16
600,lawHYX5eB20$_$1,missing,2.6077677408854165,-0.12572428385416665,0.7571818033854166,-0.05662027994791665,0.12748209635416666,-0.17327067057291667,4.440892098500626e-16,0.0
601,lawHYX5eB20$_$2,missing,-0.5164388020833334,0.3337320963541667,-1.0887044270833333,0.019352213541666677,0.14945475260416666,-0.12608235677083335,2.220446049250313e-16,0.0
602,mHGaQ_nv9UY$_$13,missing,2.9010009765625,1.7366210937500002,0.47723388671875,0.12841796874999994,0.90936279296875,0.11914062499999997,0.0,0.0
603,mHGaQ_nv9UY$_$14,missing,2.513020833333333,0.6827799479166667,0.5823567708333333,0.09459635416666667,-0.11442057291666666,-0.13362630208333337,4.440892098500626e-16,0.0
604,mHGaQ_nv9UY$_$17,missing,1.4514567057291667,0.7156046549479167,0.24119059244791663,0.3086710611979167,0.7065226236979167,0.1842692057291667,0.0,2.220446049250313e-16
605,mHGaQ_nv9UY$_$22,missing,-0.7601725260416666,0.7791666666666668,-0.36905924479166663,0.2690104166666666,-0.5929361979166666,0.02369791666666668,0.0,2.220446049250313e-16
606,mHGaQ_nv9UY$_$5,missing,-1.3032385508219402,1.2976562500000002,0.1998742421468099,-0.009716796874999961,0.11850102742513022,-0.1716796875,1.1102230246251565e-16,0.0
607,mHGaQ_nv9UY$_$4,missing,3.4351806640625,-0.8562337239583333,-0.435302734375,0.38307291666666676,-0.2523193359375,-0.012776692708333317,0.0,5.551115123125783e-17
608,mLW-jn67gRE$_$20,missing,4.198771158854166,1.3531575520833334,0.5820719401041667,0.09973958333333335,0.4376627604166666,0.23929036458333333,0.0,0.0
609,mLW-jn67gRE$_$17,missing,3.7277374267578125,1.3504882812500003,0.170867919921875,0.002148437500000034,0.7193145751953125,0.34580078125000013,0.0,2.220446049250313e-16
610,mLW-jn67gRE$_$1,missing,-0.9292551676432292,0.02791735331217448,-0.7346903483072916,-0.04358533223470053,-0.018427530924479157,-0.11035741170247394,2.220446049250313e-16,2.7755575615628914e-17
611,mLW-jn67gRE$_$3,missing,0.07871500651041667,0.32997639973958337,-0.5829671223958334,-0.12186686197916666,0.23252360026041669,0.008784993489583337,5.551115123125783e-17,2.7755575615628914e-17
612,mLW-jn67gRE$_$5,missing,-0.79656982421875,0.38203938802083337,-0.8917846679687501,-0.08361002604166667,0.08325195312499999,-0.06205240885416665,0.0,2.7755575615628914e-17
613,mLW-jn67gRE$_$6,missing,0.819671630859375,0.43808593749999997,-0.018035888671875007,0.02480468749999997,-0.814056396484375,0.34296875,0.0,1.1102230246251565e-16
614,mLW-jn67gRE$_$9,missing,-2.292867024739583,-0.037984212239583336,-0.45296223958333337,0.00317789713541667,-0.0031941731770833218,-0.08432210286458335,0.0,1.3877787807814457e-17
615,mjpCK2Edsv8$_$0,missing,6.823567708333333,2.5743489583333337,0.8660481770833333,0.3595052083333333,0.7469075520833334,0.35208333333333336,0.0,0.0
616,nUZYqTRSGDw$_$4,missing,4.7520599365234375,-1.1023874918619792,0.05130004882812503,0.15885213216145833,-0.1093902587890625,0.12742207845052084,0.0,0.0
617,nyzIL6YAonY$_$5,missing,4.88336181640625,0.8788370768229167,0.34161376953125,0.09267985026041668,0.25915527343749994,-0.050618489583333336,0.0,0.0
618,nyzIL6YAonY$_$6,missing,4.138916015625,1.6580729166666668,0.029296874999999986,-0.06614583333333338,0.7995605468749999,0.27057291666666666,0.0,0.0
619,ooAF6I-fmTg$_$3,missing,0.5829823811848959,0.45134277343750007,1.0746815999348958,-0.09317626953125002,0.05071004231770834,-0.11604003906250002,2.220446049250313e-16,2.7755575615628914e-17
620,ooAF6I-fmTg$_$5,missing,1.864420572916667,-0.11583658854166667,0.9518839518229166,-0.025065104166666664,0.058451334635416664,-0.05821940104166665,0.0,2.7755575615628914e-17
621,ooAF6I-fmTg$_$7,missing,3.7557576497395835,-0.5737630208333333,1.0963338216145833,-0.2317708333333333,0.053670247395833336,-0.12591145833333334,0.0,0.0
622,pOrk7fl1AYo$_$1,missing,-0.04960123697916666,0.18800455729166668,0.13264973958333331,0.22766520182291666,-0.5810953776041667,-0.22685139973958332,1.1102230246251565e-16,2.7755575615628914e-17
623,pOrk7fl1AYo$_$3,missing,3.7706705729166665,1.107861328125,0.6755777994791666,0.32849121093750006,0.12528483072916666,-0.31643066406250003,0.0,2.220446049250313e-16
624,pOrk7fl1AYo$_$2,missing,1.189453125,0.03889973958333335,0.9534912109375,-0.12423502604166668,1.0050048828125,-0.3358561197916667,0.0,0.0
625,pOrk7fl1AYo$_$4,missing,3.2572784423828125,-0.12321777343750004,-0.074676513671875,0.06684570312500002,-0.8426361083984375,0.2094482421875,0.0,2.7755575615628914e-17
626,q9yDL81QppI$_$1,missing,0.23470052083333331,0.2638916015625,-0.6299235026041667,-0.050195312500000006,-0.014567057291666657,-0.1312255859375,1.1102230246251565e-16,1.3877787807814457e-17
627,q9yDL81QppI$_$0,missing,-0.9097391764322916,0.11710611979166669,-0.12038675944010416,0.06478678385416667,-0.09170023600260416,0.03055826822916667,0.0,0.0
628,q9yDL81QppI$_$2,missing,-0.5110677083333334,0.20537109375000004,-0.23225911458333331,-0.015014648437499995,-0.04146321614583337,-0.006860351562500002,1.1102230246251565e-16,0.0
629,qK77ZmbqmOM$_$9,missing,0.006810506184895843,0.45798950195312504,-0.5661265055338541,-0.3396667480468751,-0.11469523111979166,-0.11226806640624998,1.1102230246251565e-16,2.7755575615628914e-17
630,qK77ZmbqmOM$_$0,missing,2.2809041341145835,1.1809326171875,-0.18125406901041666,0.01359863281249998,-0.45585123697916663,-0.21437988281250003,4.440892098500626e-16,1.1102230246251565e-16
631,qY1sXq-YCHs$_$8,missing,2.155029296875,-0.09814351399739582,1.0166015625,-0.11633351643880212,0.67724609375,-0.3002690633138021,0.0,0.0
632,qmMSumMloAs$_$1,missing,6.791259765625,2.5248697916666667,0.308349609375,0.01744791666666675,-0.02490234375,-0.11184895833333333,0.0,0.0
633,qmMSumMloAs$_$3,missing,6.363606770833334,1.461344401041667,0.20198567708333334,-0.02644856770833332,-0.11686197916666666,-0.1734700520833333,0.0,4.440892098500626e-16
634,qmMSumMloAs$_$2,missing,6.844970703125,2.7600260416666664,-0.08398437500000001,-0.04700520833333326,-0.116455078125,-0.09661458333333331,0.0,4.440892098500626e-16
635,r13W4H8ZhqI$_$12,missing,0.38945515950520837,0.3422322591145833,-0.9516855875651042,-0.018741861979166687,-0.18630472819010416,-0.034769694010416664,0.0,5.551115123125783e-17
636,r13W4H8ZhqI$_$1,missing,4.173828125,1.5313151041666666,0.7556152343750001,0.23580729166666672,0.425048828125,0.10709635416666673,0.0,2.220446049250313e-16
637,r13W4H8ZhqI$_$5,missing,-0.6944071451822916,0.04581705729166666,-0.3371836344401042,-0.16004231770833335,-0.6888682047526041,-0.04427083333333333,0.0,0.0
638,r13W4H8ZhqI$_$8,missing,3.531494140625,1.05859375,0.14453125,-0.007226562500000056,0.254150390625,0.06660156250000002,0.0,2.220446049250313e-16
639,r5ijC2W9ddk$_$8,missing,4.029998779296875,1.468359375,0.669525146484375,0.30732421875000004,1.496917724609375,0.47900390625000006,0.0,0.0
640,r5ijC2W9ddk$_$0,missing,-0.823699951171875,-0.14919128417968752,-0.56134033203125,0.0830352783203125,-0.533782958984375,-0.046099853515625,0.0,0.0
641,r9tgDqXEcuc$_$4,missing,-0.67620849609375,0.3222127278645834,-0.84588623046875,-0.024271647135416664,0.1368408203125,0.07803548177083335,0.0,5.551115123125783e-17
642,rf0yDSeVEUA$_$1,missing,6.352661132812499,2.385807291666667,0.23999023437499997,0.10065104166666658,1.4527587890625,0.5744791666666667,0.0,4.440892098500626e-16
643,rf0yDSeVEUA$_$0,missing,5.20391845703125,1.5624837239583333,0.056091308593750014,-0.07316080729166671,0.876708984375,0.23372395833333334,0.0,2.220446049250313e-16
644,rf0yDSeVEUA$_$3,missing,2.66705322265625,1.2284586588541668,0.73687744140625,0.2970133463541667,1.5858154296875,0.6694498697916667,0.0,0.0
645,rojyUp4FPSg$_$26,missing,4.582560221354166,1.8932942708333331,0.12162272135416667,0.031282552083333345,1.9181315104166667,0.7207356770833333,0.0,4.440892098500626e-16
646,rojyUp4FPSg$_$20,missing,3.346466064453125,1.3086588541666666,-0.2678070068359375,-0.06634114583333334,1.9123077392578125,0.6490885416666666,0.0,4.440892098500626e-16
647,rojyUp4FPSg$_$21,missing,5.154866536458333,1.3085774739583336,0.3262532552083333,0.0007649739583333219,1.1482747395833333,0.2181477864583333,8.881784197001252e-16,0.0
648,rojyUp4FPSg$_$23,missing,4.6304931640625,1.04830322265625,0.438720703125,0.055786132812500014,0.8333740234374999,0.14971923828125006,0.0,0.0
649,rojyUp4FPSg$_$5,missing,1.322697957356771,0.7173014322916667,-0.6893259684244791,-0.09007161458333333,0.11906941731770826,0.41261393229166665,1.1102230246251565e-16,2.220446049250313e-16
650,rojyUp4FPSg$_$7,missing,5.69482421875,2.1789062500000003,-0.029052734374999983,-0.028515625000000034,1.3802490234375,0.555859375,0.0,4.440892098500626e-16
651,rojyUp4FPSg$_$9,missing,3.145914713541667,-0.5252604166666668,0.7768961588541667,-0.30104166666666665,-0.4350179036458333,0.4641927083333333,4.440892098500626e-16,5.551115123125783e-17
652,rojyUp4FPSg$_$10,missing,3.649037679036458,0.7244466145833334,0.5307668050130209,0.09895833333333327,1.5216115315755208,0.40764973958333334,8.881784197001252e-16,0.0
653,rojyUp4FPSg$_$12,missing,5.484212239583333,1.2651957194010417,0.16786702473958331,0.011356608072916654,0.6538289388020834,0.08819376627604167,8.881784197001252e-16,0.0
654,rojyUp4FPSg$_$16,missing,2.238444010416667,0.21763509114583335,0.11429850260416667,0.02972005208333333,1.2219645182291667,0.2464436848958333,0.0,0.0
655,rojyUp4FPSg$_$18,missing,1.5989990234374998,0.3128580729166667,0.34698486328124994,-0.0707234700520833,1.71661376953125,0.2566935221354167,0.0,0.0
656,rojyUp4FPSg$_$37,missing,3.777109781901042,0.7644124348958333,0.2945658365885417,-0.14675699869791667,1.2816263834635415,0.3997273763020833,0.0,0.0
657,rojyUp4FPSg$_$36,missing,5.336832682291667,1.231591796875,0.07096354166666667,-0.09677734375,1.1503092447916665,0.255517578125,0.0,2.220446049250313e-16
658,rojyUp4FPSg$_$34,missing,3.4299112955729165,1.3507405598958335,0.022684733072916678,-0.025626627604166674,1.8589274088541667,0.6889485677083333,0.0,4.440892098500626e-16
659,rojyUp4FPSg$_$32,missing,5.323689778645834,1.1930460611979168,0.07893880208333334,0.054435221354166674,0.8720296223958334,0.12429606119791667,0.0,2.220446049250313e-16
660,rwNlqh0k1j4$_$15,missing,6.428853352864583,2.4748697916666664,0.22810872395833331,0.10143229166666662,0.24391682942708331,-0.04661458333333334,8.881784197001252e-16,0.0
661,rwNlqh0k1j4$_$3,missing,5.6453094482421875,-1.3037109375,0.303131103515625,0.039794921875000014,0.8010711669921874,-0.29272460937500006,0.0,2.220446049250313e-16
662,rwNlqh0k1j4$_$2,missing,2.6018880208333335,0.622265625,0.3931477864583333,-0.03505859374999999,0.18855794270833331,-0.21123046875000004,4.440892098500626e-16,0.0
663,rwNlqh0k1j4$_$7,missing,0.264251708984375,0.5850260416666667,0.49461364746093744,-0.016145833333333363,0.5077362060546875,-0.40950520833333337,0.0,0.0
664,sC16n1k66io$_$2,missing,5.08404541015625,1.5969726562500002,-0.3251953125,-0.19521484375000003,0.6998901367187499,0.3482421875,0.0,0.0
665,sC16n1k66io$_$16,missing,4.338979085286459,0.7882568359375001,0.07262166341145833,-0.1509033203125,0.28056844075520837,0.032226562500000014,0.0,1.1102230246251565e-16
666,sPremsknoLM$_$1,missing,0.018138249715169252,0.005156453450520833,-0.8687197367350261,0.09767964680989584,-0.5925337473551433,0.04433186848958333,2.220446049250313e-16,0.0
667,ssqiwP19JhM$_$10,missing,-0.5290934244791667,0.6390299479166667,0.13643391927083331,0.20626627604166664,-0.6011149088541666,0.18673502604166664,0.0,0.0
668,ssqiwP19JhM$_$2,missing,0.18062337239583331,0.0981608072916667,-0.3867594401041667,-0.053401692708333344,-0.9261881510416667,0.39801432291666666,0.0,0.0
669,szic2IB9HB4$_$5,missing,2.5352020263671875,-0.307275390625,0.7471771240234375,-0.1923828125,0.452972412109375,-0.1728515625,0.0,0.0
670,tQ-CIfgj-Js$_$3,missing,3.3267873128255205,1.2172892252604168,-0.2782084147135417,-0.02207234700520836,2.097661336263021,0.7196268717447918,0.0,0.0
671,tXQpm-nKxNA$_$5,missing,5.477376302083333,1.5854166666666667,0.0036214192708333252,-0.2143880208333334,1.4213460286458333,0.47897135416666664,8.881784197001252e-16,0.0
672,tXQpm-nKxNA$_$7,missing,4.828364054361979,1.67939453125,0.32424418131510413,0.07973632812500002,1.9421183268229167,0.7408691406250001,0.0,0.0
673,uacdDoBtT1k$_$0,missing,0.37835693359375,0.1401041666666667,-0.37384033203125,0.15768229166666659,-1.0401611328125,0.4365885416666668,0.0,0.0
674,uacdDoBtT1k$_$6,missing,1.064697265625,0.2986328125,0.47131347656249994,-0.10703125000000002,-1.041015625,0.3826171875,0.0,0.0
675,unNY4zIk8MM$_$1,missing,5.92718505859375,1.9630533854166665,0.56561279296875,0.16893717447916673,0.7425537109375,0.4031656901041667,0.0,0.0
676,unNY4zIk8MM$_$3,missing,2.796671549479167,0.24220581054687496,-0.025777180989583343,-0.004522705078124993,0.6568400065104167,0.015637207031249985,0.0,5.551115123125783e-17
677,unNY4zIk8MM$_$5,missing,3.284098307291667,0.6379659016927084,0.31168619791666663,-0.07610880533854167,0.6825358072916667,0.14849446614583334,0.0,0.0
678,unNY4zIk8MM$_$8,missing,-0.19065348307291663,0.14161783854166668,-0.7978922526041666,0.008658854166666667,-0.7986857096354166,-0.14939778645833332,0.0,2.7755575615628914e-17
679,uooIiW6dEyg$_$1,missing,5.541971842447917,-1.3385660807291666,0.38395182291666663,0.14771321614583338,0.06199137369791667,-0.03282877604166662,8.881784197001252e-16,2.220446049250313e-16
680,uooIiW6dEyg$_$5,missing,3.1370442708333335,1.2430013020833333,1.4417317708333333,0.5519856770833333,0.32454427083333326,0.09563802083333336,0.0,0.0
681,v2Rr-EsJda8$_$0,missing,-0.46162414550781244,0.014636230468750006,-0.290374755859375,0.09969482421875,-0.002883911132812486,0.0383056640625,0.0,0.0
682,v2Rr-EsJda8$_$6,missing,4.84100341796875,1.2194524129231772,0.6687011718750001,0.08976491292317706,0.34088134765625006,-0.010340372721354222,0.0,0.0
683,v9gjg7TDlTA$_$0,missing,3.2453460693359375,-0.3483642578125,0.695220947265625,-0.16008300781249998,0.9127044677734374,-0.22202148437500002,0.0,0.0
684,v9gjg7TDlTA$_$4,missing,3.8402099609375,-0.7483561197916667,0.41333007812499994,-0.07218424479166664,0.0130615234375,0.017610677083333366,0.0,1.1102230246251565e-16
685,vHzbn_YW76s$_$3,missing,2.1700236002604165,0.10706380208333335,0.8381754557291666,-0.11073404947916668,-0.06410725911458333,0.005232747395833334,4.440892098500626e-16,1.3877787807814457e-17
686,vU0a4F36Ksw$_$13,missing,1.5481363932291665,1.0240559895833334,0.11527506510416666,0.19222005208333334,0.12150065104166667,0.031575520833333315,0.0,0.0
687,vU0a4F36Ksw$_$12,missing,1.8999837239583335,0.5625325520833334,1.0833333333333333,0.18606770833333336,0.2119954427083333,-0.1132486979166667,4.440892098500626e-16,0.0
688,vU0a4F36Ksw$_$17,missing,-0.7517140706380208,0.11363830566406252,-0.7409108479817708,0.03497467041015625,-0.40019734700520837,-0.025566101074218753,0.0,2.7755575615628914e-17
689,vU0a4F36Ksw$_$0,missing,7.112019856770834,2.709635416666667,0.24898274739583331,0.13307291666666674,0.6145833333333334,0.24010416666666665,0.0,4.440892098500626e-16
690,vU0a4F36Ksw$_$3,missing,4.799173990885417,1.000762430826823,0.8909098307291667,0.16951243082682294,-0.03481038411458333,-0.013536580403645835,8.881784197001252e-16,2.220446049250313e-16
691,vU0a4F36Ksw$_$5,missing,1.2503458658854167,0.9954915364583334,0.15061442057291666,0.22425130208333338,0.4344889322916667,-0.019352213541666656,2.220446049250313e-16,2.220446049250313e-16
692,vU0a4F36Ksw$_$7,missing,2.980794270833333,0.6708984375,0.37044270833333326,-0.19941406250000002,0.28157552083333337,-0.011132812500000021,4.440892098500626e-16,5.551115123125783e-17
693,vU0a4F36Ksw$_$20,missing,-1.9571533203125,-0.04453735351562499,-0.974609375,-0.026611328125,0.3160400390625,0.058160400390625,0.0,0.0
694,vbr3EA8cJTI$_$0,missing,4.896504720052083,1.5355224609374998,0.9191182454427083,0.1797119140625,0.5300801595052083,-0.16992187500000008,8.881784197001252e-16,2.220446049250313e-16
695,vbr3EA8cJTI$_$2,missing,3.8240458170572915,-0.9093098958333334,0.5697580973307291,-0.003206380208333309,0.5184275309244791,-0.08250325520833332,0.0,1.1102230246251565e-16
696,vbr3EA8cJTI$_$7,missing,2.0255126953125,0.5156982421875,0.9667663574218751,0.11445312499999999,0.769683837890625,-0.0248779296875,0.0,1.1102230246251565e-16
697,vbr3EA8cJTI$_$6,missing,4.806884765625,1.7939778645833335,1.2137451171875,0.44954427083333337,0.5093994140625,0.01819661458333327,0.0,0.0
698,wF8980oGklk$_$24,missing,3.97857666015625,1.0617187500000003,0.213623046875,-0.18691406250000003,0.7738647460937501,-0.008593749999999997,0.0,2.220446049250313e-16
699,wF8980oGklk$_$25,missing,5.818929036458333,1.6045572916666668,0.32893880208333337,-0.1938802083333333,0.37508138020833326,-0.07639973958333335,8.881784197001252e-16,0.0
700,wF8980oGklk$_$1,missing,-0.5583089192708334,-0.013624064127604165,-0.7693074544270833,0.08972371419270833,-0.8979695638020833,-0.06272074381510417,0.0,1.3877787807814457e-17
701,wF8980oGklk$_$0,missing,0.04414876302083333,0.27720947265625007,-0.8357340494791666,-0.18270263671875,-0.23881022135416666,0.1836181640625,0.0,5.551115123125783e-17
702,wF8980oGklk$_$3,missing,-0.54144287109375,-0.0013956705729166775,-0.5972900390625,-0.008658854166666665,-0.25177001953125,-0.21182047526041667,0.0,0.0
703,wF8980oGklk$_$2,missing,5.2055002848307295,-1.0943847656249999,0.7739359537760416,-0.113671875,0.19048563639322916,-0.08417968750000002,8.881784197001252e-16,0.0
704,wF8980oGklk$_$6,missing,3.1869303385416665,0.669873046875,0.33756510416666663,-0.11918945312500001,0.43546549479166663,-0.04838867187500001,4.440892098500626e-16,1.1102230246251565e-16
705,wF8980oGklk$_$17,missing,5.63958740234375,1.4701293945312501,0.5493774414062501,-0.0393798828125,0.47314453125,0.04488525390625,0.0,0.0
706,wosolsrH3sM$_$6,missing,5.116200764973959,2.3270833333333334,0.4772389729817708,0.2641927083333333,-0.5140940348307291,-0.32096354166666663,0.0,0.0
707,x-zGBp7axao$_$3,missing,-1.6269734700520835,1.0997721354166667,-1.6506551106770835,0.8404947916666667,-0.6360066731770833,0.07701822916666665,0.0,0.0
708,x2lOwQaAn4g$_$4,missing,4.221516927083333,0.9558268229166668,0.5177815755208334,0.04596354166666657,1.6017659505208333,0.4943033854166667,8.881784197001252e-16,0.0
709,xUgAP84vsg4$_$15,missing,5.6986083984375,1.4990397135416667,0.31420898437500006,-0.09446614583333333,0.6624755859374999,0.12062174479166671,0.0,2.220446049250313e-16
710,xUgAP84vsg4$_$4,missing,4.5974477132161455,1.10048828125,0.22110493977864587,-0.1587890625,1.0494893391927083,0.29482421875,8.881784197001252e-16,0.0
711,xUgAP84vsg4$_$8,missing,2.815755208333333,0.34623209635416663,0.2820638020833333,-0.10572102864583335,0.47298177083333337,0.04825846354166666,0.0,5.551115123125783e-17
712,xivYoEUQ5sk$_$5,missing,6.479248046875001,2.5265625,0.767578125,0.2710937500000001,0.672119140625,0.27812499999999996,8.881784197001252e-16,8.881784197001252e-16
713,xivYoEUQ5sk$_$4,missing,5.689575195312499,1.8160929361979168,0.6177978515624999,0.12187906901041665,0.240478515625,0.01788736979166664,8.881784197001252e-16,2.220446049250313e-16
714,xjsaS-LeZ14$_$20,missing,0.58447265625,0.6861979166666667,-0.7608642578125,-0.08401692708333335,-0.34875488281250006,-0.14788411458333334,0.0,5.551115123125783e-17
715,xjsaS-LeZ14$_$14,missing,-0.8541463216145834,0.5207682291666667,-0.8202107747395834,0.12076822916666666,0.3940836588541667,-0.061848958333333315,0.0,1.1102230246251565e-16
716,xjsaS-LeZ14$_$6,missing,5.070088704427084,2.0133789062500003,0.6807454427083334,0.21035156249999995,0.32838948567708337,0.04775390625,0.0,4.440892098500626e-16
717,y8HXGm1-Ecw$_$7,missing,3.4779205322265625,-0.24230143229166667,-0.132537841796875,0.21487630208333336,0.4867706298828125,-0.1908854166666667,0.0,0.0
718,y9FyTEyGy5Y$_$1,missing,3.420069376627604,0.6681152343750001,0.7204844156901041,0.12143554687500002,0.8436075846354167,0.176220703125,0.0,0.0
719,zhE_68GMJIk$_$8,missing,1.3908030192057292,0.25299275716145836,1.4016977945963542,-0.38352457682291663,0.5455118815104166,-0.10320841471354168,0.0,0.0
720,zhE_68GMJIk$_$5,missing,0.3409627278645833,0.4722005208333334,0.15327962239583331,-0.09029947916666671,0.3095906575520833,0.025911458333333304,0.0,0.0
721,zjYEBwXGD8I$_$13,missing,3.657470703125,1.2572265625,0.5615234375,0.28007812500000007,0.052490234375000014,0.010351562500000026,0.0,2.220446049250313e-16
722,zjYEBwXGD8I$_$15,missing,2.3153889973958335,0.4640055338541667,0.3579305013020833,0.07135416666666666,0.4780476888020833,0.1398356119791667,4.440892098500626e-16,1.1102230246251565e-16
723,zjYEBwXGD8I$_$0,missing,-1.4298909505208335,0.15621744791666667,-0.6524861653645834,0.09347330729166667,-0.46132405598958337,0.021232096354166667,4.440892098500626e-16,0.0
724,zjYEBwXGD8I$_$2,missing,4.0446014404296875,0.73148193359375,0.06561279296874997,-0.14024658203124998,0.35008239746093744,-0.01843261718749999,0.0,0.0
725,zjYEBwXGD8I$_$4,missing,0.5810801188151041,0.7410156250000001,0.16677347819010413,0.11049804687499996,1.3360087076822917,0.493017578125,0.0,2.220446049250313e-16
726,zjYEBwXGD8I$_$9,missing,4.033304850260417,0.9436360677083333,0.18070475260416666,-0.014371744791666698,0.5746866861979166,0.18245442708333331,8.881784197001252e-16,2.220446049250313e-16
727,zk2jTlAtvSU$_$3,missing,2.9578857421875,1.0842325846354168,-0.07110595703125,-0.02223714192708337,-0.75994873046875,-0.1376790364583334,0.0,2.220446049250313e-16
