sample_index,sample_id,baseline,modality,position,is_valid_non_special,TEXT_MISSING_OOD_CAUTION,signed_classification_score,absolute_classification_sensitivity,support_classification_score,regression_score,normalized_support_cls,normalized_regression,combined_score,combined_score_w1,combined_score_w3,combined_score_w5,natural_zero_modality
1,01,zero,A,1,True,False,-0.08772786458333333,0.08772786458333333,0.0,0.011679682930310652,0.0,0.03810129494551554,0.01905064747275777,0.038218778971373664,0.01809144812560749,0.008386818974774352,False
1,01,zero,A,2,True,False,-0.10944010416666666,0.10944010416666666,0.0,0.019114577174186825,0.0,0.06235530082605937,0.031177650413029685,0.055049076382986076,0.034923784195403096,0.012580227156317257,False
1,01,zero,A,3,True,False,-0.10667317708333333,0.10667317708333333,0.0,0.01453124225139633,0.0,0.04740361106108065,0.023701805530540326,0.01612901361863248,0.03757454237342285,0.013393232759642966,False
1,01,zero,A,4,True,False,-0.0966796875,0.0966796875,0.0,0.013105462392171342,0.0,0.04275245235516003,0.021376226177580015,0.031206155049868508,0.021471169959628836,0.015275986014303229,False
1,01,zero,A,5,True,False,-0.0740234375,0.0779296875,0.001953125,0.011048178076744061,0.031496062992125984,0.036041208825983766,0.03376863590905488,0.06446606519328628,0.010271707657944227,0.019811713444273196,False
1,01,zero,A,6,True,False,-0.08417968749999999,0.08906249999999999,0.00244140625,0.008388672868410734,0.03937007874015748,0.027365408895758454,0.03336774381795797,0.05025297768089071,0.011530819713756107,0.02092425100166114,False
1,01,zero,A,7,True,False,-0.14638671874999998,0.14638671874999998,0.0,0.011959628462791588,0.0,0.039014529265777344,0.019507264632888672,0.010869545677503612,0.022929089182147862,0.021095410625874673,False
1,01,zero,A,8,True,False,-0.19527994791666667,0.19527994791666667,0.0,0.016406241059303456,0.0,0.05352020540947358,0.02676010270473679,0.02103785036368601,0.032405556039037275,0.024176283861718197,False
1,01,zero,A,9,True,False,-0.21741536458333333,0.21741536458333333,0.0,0.020091136892636793,0.0,0.06554102000067931,0.032770510000339655,0.04698455887325511,0.031742865483346816,0.025203241606999372,False
1,01,zero,A,10,True,False,-0.15638020833333333,0.15638020833333333,0.0,0.013076166113217795,0.0,0.04265688245211768,0.02132844122605884,0.01612901361863248,0.023459241626700218,0.022207953406639714,False
1,01,zero,A,11,True,False,-0.10065104166666665,0.10065104166666665,0.0,0.013896487752596472,0.0,0.04533292399525266,0.02266646199762633,0.0448808144984624,0.015308155881191726,0.017030379997557576,False
1,01,zero,A,12,True,False,-0.045540364583333326,0.06018880208333333,0.00732421875,0.00736002345879878,0.11811023622047244,0.02400976347413115,0.0710599998473018,0.13498044361596778,0.015374424936760767,0.015062044319101995,False
1,01,zero,A,13,True,False,-0.04527994791666666,0.04527994791666666,0.0,0.00678384959697733,0.0,0.022130177326104453,0.011065088663052227,0.005610077736374745,0.011597080679840971,0.01382113704355391,False
1,01,zero,A,14,True,False,-0.05260416666666666,0.05260416666666666,0.0,0.006487624843915405,0.0,0.021163837164824516,0.010581918582412258,0.012272070461804565,0.008084812645197361,0.012237915742955874,False
1,01,zero,A,15,True,False,-0.05266927083333333,0.05266927083333333,0.0,0.006806641221046442,0.0,0.022204527836826877,0.011102263918413438,0.007012645322334616,0.00675943153381644,0.018271292496482763,False
1,01,zero,A,16,True,False,-0.04580078125,0.046191406250000004,0.0001953125,0.009824215372403524,0.003149606299212599,0.03204841516209367,0.017599010730653133,0.01928469438330972,0.007355861123422018,0.035863291316835244,False
1,01,zero,A,17,True,False,-0.0126953125,0.025911458333333335,0.0066080729166666675,0.01265950500965119,0.10656167979002626,0.04129765654726745,0.07392966816864685,0.0028050281677726428,0.11136815959879512,0.13500215098673232,False
1,01,zero,A,18,True,False,0.019596354166666666,0.028776041666666665,0.024186197916666666,0.023528654774029878,0.3900262467191601,0.07675484176801028,0.23339054424358519,0.27945304187115105,0.2005964352522445,0.14860934633508496,False
1,01,zero,A,19,True,False,0.008300781250000002,0.01663411458333333,0.012467447916666667,0.02893881042798345,0.2010498687664042,0.09440377432057838,0.1477268215434913,0.07849131303629658,0.21630220142210843,0.14728285663574156,False
1,01,zero,A,20,True,False,-0.012825520833333333,0.02376302083333333,0.00546875,0.024475919206937008,0.08818897637795275,0.07984499428027811,0.08401698532911543,0.02559609871432322,0.12097115731576452,0.13970904065260437,False
1,01,zero,A,21,True,False,-0.018391927083333332,0.02112630208333333,0.0013671875,0.017737636367479843,0.02204724409448819,0.05786346418015965,0.039955354137323915,0.025245467518247983,0.029754814039985845,0.11779525870917171,False
1,01,zero,A,22,True,False,-0.030826822916666663,0.030826822916666663,0.0,0.008642582694689349,0.0,0.02819370990686722,0.01409685495343361,0.014025269243839773,0.012127241213877506,0.01626016691197379,False
2,02,zero,A,1,True,False,-0.0130859375,0.01474609375,0.000830078125,0.006041654845078864,0.0007569011576135353,0.008931858506730778,0.004844379832172157,0.007987157212348937,0.007811409382943224,0.0019915703114453047,False
2,02,zero,A,2,True,False,-0.02685546875,0.037109375,0.005126953125,0.013717434704303817,0.004674977738201248,0.020279573890911458,0.012477275814556352,0.03567616604883836,0.008226167491350949,0.009082140699506944,False
2,02,zero,A,3,True,False,-0.0028157552083333346,0.05138346354166666,0.024283854166666667,0.02005207568407063,0.02214306915998813,0.029644577085078044,0.025893823122533088,0.011182042847328462,0.030673406226099834,0.02623805625081506,False
2,02,zero,A,4,True,False,0.06707356770833334,0.07683919270833334,0.07195638020833334,0.03995770454406723,0.06561294152567529,0.05907265019153925,0.06234279585860727,0.10538868966822476,0.06442879290878195,0.05041642509930289,False
2,02,zero,A,5,True,False,0.10771484375000001,0.10771484375000001,0.10771484375000001,0.05431318233410496,0.09821905609973289,0.08029549388337538,0.08925727499155414,0.13422227378413493,0.10158339082013504,0.07061554524918116,False
2,02,zero,A,6,True,False,0.10709635416666667,0.10709635416666667,0.10709635416666667,0.05919273962577162,0.09765509053131495,0.08750933122136124,0.0925822108763381,0.0727121668659684,0.1087702497222397,0.08731176579242599,False
2,02,zero,A,7,True,False,0.10208333333333333,0.10208333333333333,0.10208333333333333,0.07029951045910496,0.09308400118729596,0.10392935323417497,0.09850667721073547,0.08848477507747743,0.09422029747211429,0.10367022964762539,False
2,02,zero,A,8,True,False,0.08660481770833332,0.08660481770833332,0.08660481770833332,0.07100263545910497,0.07897002077767884,0.10496883880122299,0.09196942978945091,0.06252205007086357,0.07768711092745269,0.10821078339862185,False
2,02,zero,A,9,True,False,0.07237955729166667,0.07823893229166666,0.07530924479166666,0.06710289587577165,0.06867022855446721,0.09920354385065124,0.08393688620255922,0.03301387510322203,0.07559663713652529,0.10153962027989737,False
2,02,zero,A,10,True,False,0.093994140625,0.093994140625,0.093994140625,0.0657812812924383,0.08570792520035621,0.09724969597925547,0.09147881058980584,0.06058731182750808,0.0910118668695078,0.09931633092840589,False
2,02,zero,A,11,True,False,0.11699218749999998,0.11699218749999998,0.11699218749999998,0.0657910469174383,0.10667853962600178,0.09726413327879778,0.10197133645239978,0.128500458915816,0.10225324526740287,0.09538523089820444,False
2,02,zero,A,12,True,False,0.124072265625,0.124072265625,0.124072265625,0.052216828167438306,0.11313446126447019,0.07719628691495453,0.09516537408971236,0.1467043275987345,0.09762642810424582,0.08159848784618476,False
2,02,zero,A,13,True,False,0.06051432291666667,0.06930338541666665,0.06490885416666665,0.0324902656674383,0.05918670228554467,0.04803294183944129,0.053609822062492984,0.0026624615709162462,0.05936584785888395,0.06240415435223459,False
2,02,zero,A,14,True,False,0.050244140625,0.050244140625,0.050244140625,0.028912791709104976,0.04581478183437223,0.042744077773766535,0.04427942980406938,0.05240491222676162,0.03580784436449906,0.04754067246785261,False
2,02,zero,A,15,True,False,0.02825520833333333,0.03333333333333333,0.03079427083333333,0.013951822221279154,0.02807954882754527,0.02062608758476686,0.024352818206156066,0.016000909100162535,0.018740589932092516,0.03006812382241294,False
2,02,zero,A,16,True,False,0.021809895833333332,0.026888020833333335,0.024348958333333334,0.007317726413408818,0.022202433956663704,0.010818376519600877,0.01651040523813229,0.022949812859849577,0.016218615896704418,0.015311432997924274,False
2,02,zero,A,17,True,False,-0.001399739583333334,0.01767578125,0.008138020833333334,0.003867175678412193,0.007420599584446425,0.005717153141971227,0.006568876363208826,0.007286028560252768,0.00777557446249277,0.005649141806682896,False
2,02,zero,A,18,True,False,-0.012727864583333333,0.01708984375,0.0021809895833333334,0.003144541680812782,0.001988720688631642,0.004648825873330822,0.003318773280981232,0.00745479002338561,0.001926022212130242,0.0031470059983285093,False
2,02,zero,A,19,True,False,-0.02516276041666667,0.02516276041666667,0.0,0.001263004839420436,0.0,0.001867200429069249,0.0009336002145346245,0.004259790638206184,0.00027650294439772384,0.0005032821529471285,False
3,03,zero,A,1,True,False,-0.03567708333333334,0.03567708333333334,0.0,0.0069726539651553876,0.0,0.0070469781190479275,0.0035234890595239638,0.01005547502010404,0.0031654275469250254,0.0019181330888314264,False
3,03,zero,A,2,True,False,-0.046744791666666674,0.046744791666666674,0.0,0.010768226087093491,0.0,0.01088300867875032,0.00544150433937516,0.009361993619349062,0.006973115897575735,0.0032232544755227484,False
3,03,zero,A,3,True,False,-0.048177083333333336,0.048177083333333336,0.0,0.013619787792364932,0.0,0.013764966257971021,0.006882483128985511,0.009361993619349062,0.009863288814332613,0.004034011586294632,False
3,03,zero,A,4,True,False,-0.025260416666666667,0.027864583333333335,0.0013020833333333335,0.014492183327675065,0.02133333333333334,0.014646660987009336,0.01798999716017134,0.02612112532939575,0.020608644801112894,0.0048843178391400725,False
3,03,zero,A,5,True,False,-0.029980468750000003,0.03160807291666667,0.0008138020833333334,0.009446611106395891,0.013333333333333336,0.009547306104476024,0.01144031971890468,0.001040216810289499,0.01748909372589125,0.005774173234059064,False
3,03,zero,A,6,True,False,-0.034765625,0.043229166666666666,0.004231770833333333,0.009095051586627984,0.06933333333333333,0.009191999178916836,0.03926266625612508,0.08645400492757363,0.01528705668454605,0.006406959507235942,False
3,03,zero,A,7,True,False,-0.07180989583333333,0.07180989583333333,0.0,0.011035155753294654,0.0,0.011152783649148186,0.005576391824574093,0.00034674599122045297,0.0042664460675976255,0.008008699761214922,False
3,03,zero,A,8,True,False,-0.14176432291666666,0.14176432291666666,0.0,0.021171870529651842,0.0,0.021397549499424684,0.010698774749712342,0.011789178521991454,0.010734928476531744,0.010361873714591446,False
3,03,zero,A,9,True,False,-0.16956380208333333,0.16956380208333333,0.0,0.02771483927965183,0.0,0.0280102622262116,0.0140051311131058,0.013869622724256332,0.01624002107989473,0.012438203673453083,False
3,03,zero,A,10,True,False,-0.20279947916666663,0.20279947916666663,0.0,0.03680989136298515,0.0,0.037202261907128345,0.018601130953564173,0.03155339844350795,0.01821267926276646,0.015186869047565159,False
3,03,zero,A,11,True,False,-0.15485026041666664,0.15485026041666664,0.0,0.026777339279651834,0.0,0.0270627690593884,0.0135313845296942,0.005201105214819256,0.012661710887708783,0.016531539878066034,False
3,03,zero,A,12,True,False,-0.16565755208333333,0.16565755208333333,0.0,0.026914058029651827,0.0,0.02720094514621678,0.01360047257310839,0.0017336982110444257,0.01087255579161581,0.01894403754455289,False
3,03,zero,A,13,True,False,-0.15686848958333333,0.15686848958333333,0.0,0.03480468302965184,0.0,0.03517567930031207,0.017587839650156034,0.005547845915196769,0.014175611353633608,0.02347241431197494,False
3,03,zero,A,14,True,False,-0.1802734375,0.1802734375,0.0,0.05264322469631852,0.0,0.05320436872458689,0.026602184362293446,0.024618584435958338,0.023901274952908228,0.029108167057456533,False
3,03,zero,A,15,True,False,-0.17835286458333335,0.17835286458333335,0.0,0.06670572469631852,0.0,0.06741676622693492,0.03370838311346746,0.0329403612450179,0.03394806895404569,0.03375519125109925,False
3,03,zero,A,16,True,False,-0.18977864583333334,0.18977864583333334,0.0,0.07301431844631853,0.0,0.07379260566201606,0.03689630283100803,0.030166435641998095,0.0387650249819883,0.037472810606013415,False
3,03,zero,A,17,True,False,-0.24671223958333333,0.24671223958333333,0.0,0.08001952677965185,0.0,0.08087248515855608,0.04043624257927804,0.04854369276200464,0.039223782698935214,0.03899545257584529,False
3,03,zero,A,18,True,False,-0.17789713541666669,0.17789713541666669,0.0,0.06501952677965184,0.0,0.06571259448938484,0.03285629724469242,0.022191399533315944,0.032892926205067785,0.03587107035203444,False
3,03,zero,A,19,True,False,-0.17600911458333335,0.17600911458333335,0.0,0.055930985112985165,0.0,0.05652717462212657,0.028263587311063286,0.020804436731805993,0.027020827428147258,0.03128336987150205,False
3,03,zero,A,20,True,False,-0.17493489583333333,0.17493489583333333,0.0,0.045963537196318516,0.0,0.04645347991097158,0.02322673995548579,0.02045769603142853,0.02059821939089044,0.02590468654949857,False
3,03,zero,A,21,True,False,-0.21969401041666667,0.21969401041666667,0.0,0.034420568446318515,0.0,0.03478747029446091,0.017393735147230454,0.015256585525766284,0.016744654568536348,0.018469447839670226,False
3,03,zero,A,22,True,False,-0.20013020833333334,0.20013020833333334,0.0,0.024095048209031595,0.0,0.024351886434488598,0.012175943217244299,0.006934808716706671,0.01201945008398312,0.013782875107425943,False
3,03,zero,A,23,True,False,-0.16389973958333331,0.16389973958333331,0.0,0.022513018548488715,0.0,0.02275299332187419,0.011376496660937095,0.012135919222368917,0.008441141291814554,0.01326873686394172,False
3,03,zero,A,24,True,False,-0.09807942708333334,0.10335286458333334,0.00263671875,0.022695311804612515,0.04320000000000001,0.02293722971071179,0.0330686148553559,0.002773920312176914,0.02588644642808167,0.11447498630065712,False
3,03,zero,A,25,True,False,-0.022233072916666666,0.061686197916666664,0.0197265625,0.03580078512430173,0.32320000000000004,0.03618239922366039,0.17969119961183022,0.2511558119084979,0.15494332600001254,0.11578010859255644,False
3,03,zero,A,26,True,False,-0.008528645833333334,0.04244791666666667,0.016959635416666667,0.04107422322034815,0.2778666666666667,0.0415120488894408,0.15968935777805376,0.15418401316851527,0.17867569554047952,0.11726320202378673,False
3,03,zero,A,27,True,False,-0.0349609375,0.06009114583333333,0.012565104166666665,0.036197920540968404,0.20586666666666667,0.03658376785682856,0.12122521726174762,0.07119742053555944,0.15921185784966335,0.11532529345871055,False
3,03,zero,A,28,True,False,-0.09541015624999999,0.10100911458333334,0.0027994791666666667,0.023815106451511286,0.045866666666666674,0.024068960671972364,0.03496781366931952,0.008668522800280066,0.03084311485315285,0.11218113606039093,False
3,03,zero,A,29,True,False,-0.17259114583333332,0.17259114583333332,0.0,0.020345049798488724,0.0,0.020561915373595543,0.010280957686797772,0.017683770428408675,0.010780805648243822,0.007810955257791126,False
3,03,zero,A,30,True,False,-0.16497395833333334,0.16497395833333334,0.0,0.01576171517372147,0.0,0.015929725252815646,0.007964862626407823,0.017337029728031163,0.010322046531279523,0.0035989713252215193,False
3,03,zero,A,31,True,False,-0.12574869791666668,0.12574869791666668,0.0,0.010768226285775642,0.0,0.010883008879550298,0.005441504439775149,0.00797503081783916,0.009312780954013698,0.0019379070563962139,False
3,03,zero,A,32,True,False,-0.06845703125,0.06845703125,0.0,0.00736328214406964,0.0,0.0074417701513570965,0.0037208850756785482,0.01040222630216748,0.0038535648223540935,0.0017203870767276556,False
3,03,zero,A,33,True,False,-0.034016927083333336,0.034016927083333336,0.0,0.005683595438798201,0.0,0.0057441790306654,0.0028720895153327,0.012135929804054897,0.002064410426269815,0.0008107571107718839,False
4,04,zero,A,1,True,False,-0.2786783854166667,0.2786783854166667,0.0,0.09527017315228789,0.0,0.01153997756975821,0.005769988784879105,0.015864186067775173,0.005275402402691978,0.0035102367290389355,False
4,04,zero,A,2,True,False,-0.4760091145833334,0.4760091145833334,0.0,0.16553709705670688,0.0,0.02005133741012215,0.010025668705061075,0.01964667147205421,0.010494473756302167,0.007235502630872918,False
4,04,zero,A,3,True,False,-0.6251302083333334,0.6251302083333334,0.0,0.2048079272111259,0.0,0.02480817246282402,0.01240408623141201,0.009589710279500546,0.015679746480463285,0.010910442556095292,False
4,04,zero,A,4,True,False,-0.7459635416666667,0.7459635416666667,0.0,0.2704492020606997,0.0,0.032759232215844154,0.016379616107922077,0.016754182633487887,0.01707675649769162,0.015811506275127722,False
4,04,zero,A,5,True,False,-0.8734375000000001,0.8734375000000001,0.0,0.33627276857694016,0.0,0.040732372769967946,0.020366186384983973,0.0200026700983393,0.018789220389777962,0.0215269357975116,False
4,04,zero,A,6,True,False,-0.8951660156250001,0.8951660156250001,0.0,0.3764876123269401,0.0,0.04560355521344381,0.022801777606721904,0.021026166148908926,0.02223668059358336,0.023640626815199083,False
4,04,zero,A,7,True,False,-0.9100911458333334,0.9100911458333334,0.0,0.3991894352436067,0.0,0.048353403550889226,0.024176701775444613,0.01715468108805861,0.025425017971612545,0.02513668084719866,False
4,04,zero,A,8,True,False,-0.98994140625,0.98994140625,0.0,0.4570735498269401,0.0,0.05536484650134155,0.027682423250670773,0.032151123220317844,0.028219038006069213,0.026170650912128036,False
4,04,zero,A,9,True,False,-0.9544921875000001,0.9544921875000001,0.0,0.4365396956602734,0.0,0.05287760197702183,0.026438800988510914,0.030460129745463683,0.026822027988840882,0.025145831024764406,False
4,04,zero,A,10,True,False,-0.8290527343749999,0.8290527343749999,0.0,0.35407875816027345,0.0,0.04288919387777213,0.021444596938886066,0.016442683835488442,0.0211945561855703,0.022899462432373598,False
4,04,zero,A,11,True,False,-0.7597981770833333,0.7597981770833333,0.0,0.2983951644102735,0.0,0.0361442977406426,0.0180721488703213,0.012571198774638137,0.015719178214820537,0.021078577096790018,False
4,04,zero,A,12,True,False,-0.750390625,0.750390625,0.0,0.2683561019102735,0.0,0.03250569715877476,0.01625284857938738,0.006608221784362959,0.013961649483468765,0.020282511648570055,False
4,04,zero,A,13,True,False,-0.8304036458333334,0.8304036458333334,0.0,0.3119433414936068,0.0,0.03778537442266839,0.018892687211334195,0.016131185037488997,0.017279548274386054,0.020694269639028658,False
4,04,zero,A,14,True,False,-0.9534505208333334,0.9534505208333334,0.0,0.36510740399360675,0.0,0.04422508234454372,0.02211254117227186,0.02209416202776417,0.02174096736166363,0.022368752133560293,False
4,04,zero,A,15,True,False,-1.0331705729166667,1.0331705729166667,0.0,0.4045865706602734,0.0,0.049007152983565526,0.024503576491782763,0.022984158593476883,0.02479411022189652,0.024697472324042822,False
4,04,zero,A,16,True,False,-1.1026855468749999,1.1026855468749999,0.0,0.4342284977436068,0.0,0.052597648963028966,0.026298824481514483,0.025876647432043202,0.026067191931144925,0.02656410854745514,False
4,04,zero,A,17,True,False,-1.1179361979166667,1.1179361979166667,0.0,0.4316829248269401,0.0,0.0522893063476171,0.02614465317380855,0.021204165462051457,0.026427710645268363,0.0272229213321889,False
4,04,zero,A,18,True,False,-1.16396484375,1.16396484375,0.0,0.4402245914936068,0.0,0.05332394959933159,0.026661974799665793,0.025743147947186303,0.026743164520126376,0.02684318896321041,False
4,04,zero,A,19,True,False,-1.1284016927083333,1.1284016927083333,0.0,0.4225683414936068,0.0,0.051185266292433966,0.025592633146216983,0.02663314451289902,0.02522222619491811,0.0255758893703545,False
4,04,zero,A,20,True,False,-1.0077473958333334,1.0077473958333334,0.0,0.36687823732694014,0.0,0.04443958155526502,0.02221979077763251,0.01897917404776967,0.021864895669643565,0.023292920067700708,False
4,04,zero,A,21,True,False,-0.9172363281250001,0.9172363281250001,0.0,0.3181217269102735,0.0,0.038533755860074674,0.019266877930037337,0.013950693451492848,0.018372370626572734,0.021238705204190578,False
4,04,zero,A,22,True,False,-0.8781575520833333,0.8781575520833333,0.0,0.29820636232694014,0.0,0.03612142833949952,0.01806071416974976,0.01470719053234865,0.01628812181054659,0.020122383541169485,False
4,04,zero,A,23,True,False,-0.78388671875,0.78388671875,0.0,0.2643033687273663,0.0,0.03201479377863495,0.016007396889317474,0.01666518297691662,0.016682439154119107,0.015381447929537625,False
4,04,zero,A,24,True,False,-0.6659505208333333,0.6659505208333333,0.0,0.22737303137779252,0.0,0.02754146019944169,0.013770730099720845,0.012882697572637589,0.01805691675171472,0.0110980211961931,False
4,04,zero,A,25,True,False,-0.5166178385416667,0.5166178385416667,0.0,0.18761391997337357,0.0,0.022725480143783585,0.011362740071891793,0.02218316168433545,0.012837845398104532,0.00758320937837129,False
4,04,zero,A,26,True,False,-0.32835286458333335,0.32835286458333335,0.0,0.12036782940228792,0.0,0.014580030721708914,0.007290015360854457,0.02169366357319346,0.006728743469002098,0.003967745607326268,False
5,05,zero,A,1,True,False,-0.019010416666666665,0.019010416666666665,0.0,0.03658852795759826,0.0,0.07346399970490876,0.03673199985245438,0.05932194513350446,0.038095218551967513,0.02539980207790209,False
5,05,zero,A,2,True,False,-0.03151041666666666,0.035807291666666664,0.0021484375,0.05718748152256007,0.001123021949974477,0.11482345314811633,0.0579732375490454,0.06355923039246099,0.0689654804357504,0.044834097916706825,False
5,05,zero,A,3,True,False,-0.03326822916666666,0.06725260416666666,0.0169921875,0.07583331008752173,0.00888208269525268,0.15226133930143615,0.08057171099834441,0.1016947977230662,0.09012983668621663,0.061450750693808266,False
5,05,zero,A,4,True,False,0.0697265625,0.0888671875,0.079296875,0.044453109502792305,0.04144971924451251,0.08925484040188693,0.06535227982319972,0.047755326817671,0.06901582906789622,0.0715691618892729,False
5,05,zero,A,5,True,False,0.13561197916666667,0.14108072916666667,0.13834635416666669,0.038932301799456295,0.07231580738472011,0.07816992832346842,0.07524286785409426,0.09047185611538573,0.0605557868787374,0.08577434677285556,False
5,05,zero,A,6,True,False,0.1640625,0.1640625,0.1640625,0.022864603002866184,0.08575803981623278,0.045908520566938865,0.06583328019158582,0.06086810844662545,0.05884978837920772,0.07562810577480283,False
5,05,zero,A,7,True,False,0.18307291666666667,0.18307291666666667,0.18307291666666667,0.0172135649124782,0.09569508252509785,0.034562126388801996,0.06512860445694993,0.05620136974738013,0.06289201465250174,0.07088293087397551,False
5,05,zero,A,8,True,False,0.18971354166666668,0.18971354166666668,0.18971354166666668,0.019166693488756915,0.09916624127956442,0.038483700859293674,0.06882497106942904,0.05497025857044624,0.06781812147171856,0.07360661286484152,False
5,05,zero,A,9,True,False,0.21321614583333331,0.21321614583333331,0.21321614583333331,0.024036485155423577,0.11145142079292156,0.048261475302079714,0.07985644804750064,0.07566998228100529,0.07430550559909746,0.08586784545872694,False
5,05,zero,A,10,True,False,0.22636718749999998,0.22636718749999998,0.22636718749999998,0.03210940182209031,0.1183256763654926,0.06447062010028132,0.09139814823288696,0.1006356158224874,0.0835599655898463,0.09443034400284778,False
5,05,zero,A,11,True,False,0.2061848958333333,0.2061848958333333,0.2061848958333333,0.02770836015542369,0.10777607622936872,0.05563402180706835,0.08170504901821854,0.03464273915624354,0.08244901874056294,0.0989720921472951,False
5,05,zero,A,12,True,False,0.19283854166666664,0.19283854166666664,0.19283854166666664,0.0372396083672843,0.10079972775225456,0.07477126659141695,0.08778549717183576,0.0977153154563643,0.08684783895050005,0.08428297120931769,False
5,05,zero,A,13,True,False,0.1580078125,0.1580078125,0.1580078125,0.028294294079144935,0.08259315977539562,0.05681048481343028,0.06970182229441295,0.06086810844662545,0.0797703054711215,0.06494263644135023,False
5,05,zero,A,14,True,False,0.0943359375,0.0943359375,0.0943359375,0.02433595597743992,0.04931087289433385,0.04886276553178595,0.0490868192130599,0.05416860083380112,0.053544925806563975,0.04256299265200017,False
5,05,zero,A,15,True,False,0.04850260416666667,0.04850260416666667,0.04850260416666667,0.012083347042401682,0.025353071294878345,0.02426145715908646,0.0248072642269824,0.041456745056932726,0.023200363718311447,0.01979530922429669,False
6,06,zero,A,1,True,False,0.025455729166666666,0.025455729166666666,0.025455729166666666,0.01769529879093177,0.04137566137566138,0.02347757141222475,0.032426616393943064,0.13419530806131683,0.018352732283850495,0.005367300721731347,False
6,06,zero,A,2,True,False,-0.006966145833333333,0.01686197916666667,0.004947916666666667,0.014635398189226885,0.008042328042328043,0.01941779057780047,0.013730059310064258,0.012367461730262626,0.022409038630083145,0.007477002999652142,False
6,06,zero,A,3,True,False,-0.014615885416666665,0.024511718749999998,0.004947916666666667,0.017630185087522048,0.008042328042328043,0.023391180578151944,0.015716754310239993,0.008833889682038451,0.026465344976315794,0.009586705277572938,False
6,06,zero,A,4,True,False,-0.03675130208333333,0.03753255208333333,0.000390625,0.01601559996604936,0.0006349206349206349,0.021248999316430813,0.010941959975675724,0.010600675706150538,0.010737279577226047,0.011274466617036488,False
6,06,zero,A,5,True,False,-0.026692708333333332,0.029427083333333333,0.0013671875,0.017343723177909966,0.0022222222222222222,0.023011111836772652,0.012616667029497437,0.018463252083379043,0.010021459846490062,0.012540287018042799,False
6,06,zero,A,6,True,False,-0.04065755208333333,0.04065755208333333,0.0,0.010156244635582054,0.0,0.013474989121635885,0.0067374945608179426,0.0017668264626350787,0.007874000654282176,0.00738395917990548,False
6,06,zero,A,7,True,False,-0.03815104166666666,0.04401041666666666,0.0029296875,0.011601542830467281,0.004761904761904762,0.015392565760678932,0.010077235261291846,0.02888804676549979,0.007516090788914182,0.00537974455096441,False
6,06,zero,A,8,True,False,-0.06848958333333334,0.06848958333333334,0.0,0.006276031533877138,0.0,0.008326843206370988,0.004163421603185494,0.0017667455855895984,0.005130035942336559,0.004166669181630661,False
6,06,zero,A,9,True,False,-0.08251953125000001,0.08251953125000001,0.0,0.005234374403953616,0.0,0.006944804963119328,0.003472402481559664,0.0017667455855895984,0.004652833711054852,0.0031118216642183815,False
6,06,zero,A,10,True,False,-0.09612630208333334,0.09612630208333334,0.0,0.0074870059887567645,0.0,0.009933526403909656,0.004966763201954828,0.010600756583196019,0.004056328191317125,0.003955708369863653,False
6,06,zero,A,11,True,False,-0.09277343749999999,0.09277343749999999,0.0,0.006471375028292322,0.0,0.008586018871853182,0.004293009435926591,0.0017668264626350787,0.0033404975380389697,0.0057489573583069005,False
6,06,zero,A,12,True,False,-0.10345052083333331,0.10345052083333331,0.0,0.008632815480232255,0.0,0.011453750757211138,0.005726875378605569,0.0017667455855895984,0.004294923845686859,0.00796414728520739,False
6,06,zero,A,13,True,False,-0.10794270833333333,0.10794270833333333,0.0,0.012578127980232228,0.0,0.016688268526968163,0.008344134263484081,0.003533531609701686,0.0064423830378947475,0.01118144694094381,False
6,06,zero,A,14,True,False,-0.1654296875,0.1654296875,0.0,0.02367190182209001,0.0,0.03140714220525616,0.01570357110262808,0.022968258751981132,0.011453132075588677,0.016666679140887885,False
6,06,zero,A,15,True,False,-0.1767578125,0.1767578125,0.0,0.024218776822090005,0.0,0.03213271892581653,0.016066359462908266,0.007067184534971341,0.015032230729268467,0.01951478047547426,False
6,06,zero,A,16,True,False,-0.20126953125000002,0.20126953125000002,0.0,0.029166693488756668,0.0,0.038697460683267626,0.019348730341633813,0.007067184534971341,0.019804362267508185,0.02267933751390354,False
6,06,zero,A,17,True,False,-0.21617838541666667,0.21617838541666667,0.0,0.03710940182209002,0.0,0.04923559876759705,0.024617799383798523,0.030035402848429985,0.02290624776736396,0.024261616033118178,False
6,06,zero,A,18,True,False,-0.21360677083333335,0.21360677083333335,0.0,0.03332033574581129,0.0,0.044208383887390554,0.022104191943695277,0.02650183080020531,0.02290624776736396,0.02020042967173646,False
6,06,zero,A,19,True,False,-0.17630208333333333,0.17630208333333333,0.0,0.022604186336199285,0.0,0.029990530546752606,0.014995265273376303,0.007067184534971341,0.015509443883092342,0.016983125187269226,False
6,06,zero,A,20,True,False,-0.16070963541666664,0.16070963541666664,0.0,0.02131511429945625,0.0,0.02828022990952087,0.014140114954760434,0.010600756583196019,0.011572424441502391,0.017088605593152714,False
6,06,zero,A,21,True,False,-0.08971354166666667,0.10397135416666667,0.00712890625,0.024401024381319726,0.011587301587301587,0.032374519312296145,0.021980910449798864,0.011484068718206331,0.018619792860314066,0.028500724526004922,False
6,06,zero,A,22,True,False,0.0014973958333333358,0.07669270833333333,0.03909505208333334,0.03696611901124327,0.06354497354497356,0.04904549559592736,0.05629523457045046,0.0811879416386563,0.057012474111299505,0.046382859637042,False
6,06,zero,A,23,True,False,0.051009114583333334,0.07014973958333333,0.06057942708333333,0.04268226484457669,0.09846560846560846,0.05662949988940388,0.07754755417750617,0.06970383248192748,0.08563228096998639,0.07336133009824022,False
6,06,zero,A,24,True,False,0.08271484374999999,0.08583984374999999,0.08427734374999998,0.04707028567790997,0.13698412698412696,0.0624513892900907,0.09971775813710883,0.10579289772896026,0.09629419927092157,0.09975178254732252,False
6,06,zero,A,25,True,False,0.07819010416666666,0.07819010416666666,0.07819010416666666,0.045143202344576645,0.1270899470899471,0.05989459513192555,0.09349227111093632,0.04284641349584521,0.08693463280445166,0.1189678990493774,False
6,06,zero,A,26,True,False,0.07750651041666666,0.07750651041666666,0.07750651041666666,0.03946611901124335,0.12597883597883597,0.05236241774706065,0.08917062686294831,0.006095749914593928,0.09088012664594972,0.11963948193801671,False
6,06,zero,A,27,True,False,0.09993489583333333,0.09993489583333333,0.09993489583333333,0.04848955651124335,0.16243386243386243,0.064334433636307,0.11338414803508472,0.14718232104832982,0.10912204642506564,0.10410424481148406,False
6,06,zero,A,28,True,False,0.0712890625,0.0771484375,0.07421875,0.03826820234457676,0.12063492063492064,0.05077305921630943,0.08570398992561504,0.09143681485822526,0.09253190302333275,0.07781142837527882,False
6,06,zero,A,29,True,False,0.02259114583333334,0.05924479166666668,0.040917968750000006,0.027786441047986502,0.06650793650793652,0.036866184725289144,0.05168706061661283,0.04540863180073745,0.057938457341938095,0.04925853344533401,False
6,06,zero,A,30,True,False,-0.03600260416666666,0.059375000000000004,0.011686197916666665,0.016861989299456228,0.01899470899470899,0.02237196232781485,0.02068333566126192,0.004417005498802959,0.02103282453542743,0.02666689426435204,False
6,06,zero,A,31,True,False,-0.07848307291666667,0.08180338541666668,0.00166015625,0.02001304050286604,0.002698412698412698,0.026552678942192806,0.014625545820302753,0.036219153932822545,0.011691738652500649,0.010680238762131106,False
6,06,zero,A,32,True,False,-0.05084635416666666,0.05084635416666666,0.0,0.009205726782480913,0.0,0.01221387163283639,0.006106935816418195,0.0008833525735333036,0.010498694845398551,0.004430384682531827,False
6,06,zero,A,33,True,False,-0.04466145833333333,0.04466145833333333,0.0,0.006770826776822436,0.0,0.008983322127011221,0.004491661063505611,0.0008833525735333036,0.007038888557632474,0.003691990454597065,False
6,06,zero,A,34,True,False,-0.0330078125,0.0330078125,0.0,0.004856759508450873,0.0,0.0064437972785229706,0.0032218986392614853,0.005300317633813774,0.0027439647119456147,0.002953591397931489,False
6,06,zero,A,35,True,False,-0.018294270833333334,0.018294270833333334,0.0,0.0025650940338770947,0.0,0.003403286888282606,0.001701643444141303,0.003533531609701686,0.0015509372886567698,0.001265825229737123,False
7,07,zero,A,1,True,False,-0.016373697916666666,0.016373697916666666,0.0,0.0033072986205419466,0.0,0.004989209803385623,0.0024946049016928117,0.010989083926326096,0.000561156956871731,0.001084333251738581,False
7,07,zero,A,2,True,False,-0.021256510416666666,0.021256510416666666,0.0,0.004687469204266763,0.0,0.0070712596563668306,0.0035356298281834153,0.005494437163757811,0.003366984554925331,0.0030120403850694777,False
7,07,zero,A,3,True,False,-0.029459635416666664,0.029459635416666664,0.0,0.006927044590314117,0.0,0.010449760588241448,0.005224880294120724,0.005494437163757811,0.006172812152978931,0.004457819586061913,False
7,07,zero,A,4,True,False,-0.03561197916666666,0.03561197916666666,0.0,0.00890620827674855,0.0,0.013435418673523578,0.006717709336761789,0.005494437163757811,0.0084174827941608,0.005903598787054349,False
7,07,zero,A,5,True,False,-0.037337239583333334,0.037337239583333334,0.0,0.009817663629849623,0.0,0.014810390366371507,0.007405195183185754,0.005494437163757811,0.007856315133865293,0.007710823937300639,False
7,07,zero,A,6,True,False,-0.037988281250000006,0.037988281250000006,0.0,0.010234330296516273,0.0,0.015438950909760423,0.007719475454880212,0.007325939507100351,0.006733979813274358,0.008554197818892956,False
7,07,zero,A,7,True,False,-0.019433593750000002,0.019433593750000002,0.0,0.009192693432172126,0.0,0.01386759450944176,0.00693379725472088,0.0036630745529554133,0.0061728121529788516,0.008554197818892956,False
7,07,zero,A,8,True,False,-0.010319010416666666,0.011295572916666666,0.00048828125,0.011041621963182938,0.0005780346820809249,0.016656786962576494,0.00861741082232871,0.007543617491626664,0.007295147473569785,0.009999981615908307,False
7,07,zero,A,9,True,False,-0.006901041666666667,0.008268229166666667,0.00068359375,0.013671830296516306,0.0008092485549132947,0.02062457539271924,0.010716911973816268,0.010988944193785953,0.010100985775047082,0.011033697563957475,False
7,07,zero,A,10,True,False,-0.0053059895833333336,0.006673177083333334,0.00068359375,0.014947871963182972,0.0008092485549132947,0.022549542056847876,0.011679395305880585,0.010988944193785953,0.01234565641622895,0.011395143513211295,False
7,07,zero,A,11,True,False,-0.0065755208333333325,0.011197916666666669,0.0023111979166666667,0.015025996963182919,0.002736030828516378,0.02266739715873322,0.012701713993624799,0.014651948880471034,0.012584359932737953,0.012118035411718969,False
7,07,zero,A,12,True,False,-0.01015625,0.014778645833333335,0.0023111979166666667,0.012109330296516277,0.002736030828516378,0.018267473355010666,0.010501752091763522,0.010988944193785953,0.010339689291556082,0.010431287648534371,False
7,07,zero,A,13,True,False,-0.00439453125,0.02561848958333333,0.010611979166666665,0.010937491059303217,0.012562620423892099,0.01649970077651357,0.014531160600202835,0.05131965653012421,0.008656186310669722,0.008021657178887961,False
7,07,zero,A,14,True,False,-0.035546875000000006,0.035546875000000006,0.0,0.010859336256980826,0.0,0.01638180071647465,0.008190900358237324,0.018314953567156636,0.006733979813274358,0.005903603383077264,False
7,07,zero,A,15,True,False,-0.03040364583333333,0.03098958333333333,0.00029296875,0.010208310484886086,0.0003468208092485549,0.015399698845111267,0.007873259827179912,0.016483451223813575,0.006172833559826403,0.006243363424500249,False
7,07,zero,A,16,True,False,-0.003873697916666667,0.024837239583333334,0.010481770833333333,0.014375022848447213,0.012408477842003853,0.021685373214836236,0.017046925528420045,0.05023126660749317,0.009786940507683313,0.012163771055135327,False
7,07,zero,A,17,True,False,0.0016276041666666657,0.01796875,0.009798177083333331,0.014140663743019219,0.011599229287090557,0.021331831886861916,0.016465530586976238,0.0036630745529554133,0.01562896597126659,0.020961282879883306,False
7,07,zero,A,18,True,False,0.01611328125,0.02431640625,0.02021484375,0.020598997076352533,0.023930635838150287,0.031074520309390483,0.027502578073770385,0.0036630745529554133,0.02871170520411307,0.033864722504946536,False
7,07,zero,A,19,True,False,0.04111328125,0.04111328125,0.04111328125,0.031692753036817047,0.048670520231213876,0.04780995376875181,0.04824023699998284,0.0547649832322835,0.04540852997796915,0.04847415726890014,False
7,07,zero,A,20,True,False,0.05465494791666666,0.05465494791666666,0.05465494791666666,0.03773441970348367,0.06470134874759152,0.056924081647891395,0.06081271519774146,0.05616112960657342,0.06374697741907287,0.06008599666361038,False
7,07,zero,A,21,True,False,0.06331380208333333,0.06331380208333333,0.06331380208333333,0.03630212803681701,0.07495183044315992,0.05476340477999192,0.06485761761157592,0.05206276895083571,0.07175407952107707,0.06360153022424944,False
7,07,zero,A,22,True,False,0.08050130208333334,0.08050130208333334,0.08050130208333334,0.028255253036817047,0.09529865125240848,0.04262432928579304,0.06896149026910076,0.0779590007924193,0.0691408763911062,0.06660620905271444,False
7,07,zero,A,23,True,False,0.06861979166666667,0.06861979166666667,0.06861979166666667,0.018281294703483733,0.08123314065510598,0.027578161278420277,0.05440565096676313,0.03418310148646189,0.05517869338554165,0.05996769349935968,False
7,07,zero,A,24,True,False,0.06468098958333333,0.06468098958333333,0.06468098958333333,0.013307336370150358,0.07657032755298651,0.020074719791714723,0.04832252367235062,0.04216214481341098,0.04764899831655547,0.05071718973415473,False
7,07,zero,A,25,True,False,0.04687500000000001,0.04687500000000001,0.04687500000000001,0.007578169703483653,0.05549132947976879,0.01143201232011672,0.03346167089994276,0.014344332161351779,0.03324291252888382,0.03921614370635342,False
7,07,zero,A,26,True,False,0.04388020833333334,0.04388020833333334,0.04388020833333334,0.009557330409685857,0.05194605009633912,0.014417665909583516,0.03318185800296132,0.057467197513730764,0.028552560012286017,0.029197030783316136,False
7,07,zero,A,27,True,False,0.014420572916666667,0.023535156249999998,0.018977864583333334,0.006640618046124701,0.022466281310211948,0.01001767317002533,0.016241977240118638,0.007325939507100351,0.015553559999869484,0.019052661093452113,False
7,07,zero,A,28,True,False,0.014713541666666668,0.016015625,0.015364583333333336,0.0062760486205418594,0.018188824662813106,0.0094677036750317,0.013828264168922404,0.012295151833482926,0.013639708158354358,0.014573262476090304,False
7,07,zero,A,29,True,False,0.003255208333333333,0.008854166666666666,0.0060546875,0.008749961256980746,0.007167630057803468,0.01319971296556801,0.010183671511685739,0.005494437163757811,0.0108924808891238,0.011021561223610848,False
7,07,zero,A,30,True,False,0.0043294270833333336,0.005045572916666667,0.0046875,0.011953080296516278,0.0055491329479768784,0.018031763151239815,0.011790448049608347,0.013038124521654806,0.012575983870010164,0.010797508381530346,False
7,07,zero,A,31,True,False,0.0041015625,0.005794270833333334,0.004947916666666667,0.01059894343217207,0.005857418111753373,0.015988986343379353,0.010923202227566363,0.012295151833482926,0.011474588706238664,0.010537306231701215,False
7,07,zero,A,32,True,False,-0.0077473958333333336,0.009049479166666667,0.0006510416666666667,0.015468705296516248,0.0007707129094412333,0.023335242736083964,0.012052977822762599,0.016483451223813575,0.01037738157383094,0.011771052862382982,False
7,07,zero,A,33,True,False,-0.006966145833333333,0.009635416666666667,0.0013346354166666667,0.012890580296516293,0.0015799614643545279,0.019446024373864956,0.010512992919109742,0.007761295476152975,0.00869387859294458,0.012877085810021206,False
7,07,zero,A,34,True,False,-0.015071614583333334,0.015462239583333334,0.0001953125,0.015182246963182933,0.00023121387283236996,0.022903107362504095,0.011567160617668232,0.005494437163757811,0.009820401944899368,0.014804797539375017,False
7,07,zero,A,35,True,False,-0.02444661458333333,0.02444661458333333,0.0,0.01794266362984962,0.0,0.027067320962455867,0.013533660481227934,0.005494437163757811,0.013748575566967599,0.01602408077013899,False
7,07,zero,A,36,True,False,-0.03717447916666667,0.03717447916666667,0.0,0.024218705296516343,0.0,0.03653501414725188,0.01826750707362594,0.018314953567156636,0.019360252169922196,0.01746986456715434,False
7,07,zero,A,37,True,False,-0.03746744791666667,0.03746744791666667,0.0,0.02453120529651628,0.0,0.037006434554793494,0.018503217277396747,0.021977958253841717,0.02020200366036533,0.016144562753223596,False
7,07,zero,A,38,True,False,-0.011555989583333332,0.023860677083333334,0.00615234375,0.0181510029236474,0.007283236994219653,0.02738161022578099,0.01733242361000032,0.016701129208339886,0.017345908982521533,0.01743603312693101,False
7,07,zero,A,39,True,False,0.010188802083333334,0.026074218750000003,0.018131510416666663,0.01127604862054193,0.021464354527938337,0.017010430195699106,0.01923739236181872,0.015958156520168527,0.016692626039068365,0.022175633894122027,False
7,07,zero,A,40,True,False,0.0265625,0.031249999999999997,0.028906249999999998,0.008802106181780574,0.03421965317919075,0.013278375947009183,0.023749014563099965,0.015958156520168527,0.022731474705522014,0.026823679478063994,False
7,07,zero,A,41,True,False,0.04108072916666667,0.04147135416666667,0.04127604166666667,0.009088580409685897,0.04886319845857419,0.013710535298271017,0.0312868668784226,0.020056517175906233,0.03493479157249797,0.03205243987755233,False
7,07,zero,A,42,True,False,0.05279947916666667,0.05279947916666667,0.05279947916666667,0.009713586370150332,0.06250481695568401,0.014653385104985064,0.03857910103033454,0.040112964485542135,0.04159341893149379,0.03604267886261679,False
7,07,zero,A,43,True,False,0.053450520833333334,0.053450520833333334,0.053450520833333334,0.012109413743019186,0.06327552986512525,0.018267599237840777,0.04077156455148301,0.05563569517038822,0.042150398560425364,0.035428253271446844,False
7,07,zero,A,44,True,False,0.03264973958333333,0.033040364583333336,0.03284505208333333,0.009401064515113829,0.03888246628131021,0.014181931728130669,0.02653219900472044,0.004098430522007516,0.031077793076768126,0.02996576060574815,False
7,07,zero,A,45,True,False,0.025130208333333334,0.025520833333333333,0.025325520833333334,0.009270843267440773,0.02998073217726397,0.01398548707645508,0.021983109626859523,0.020491873144958334,0.023372193554883618,0.02170326012529069,False
7,07,zero,A,46,True,False,0.0065755208333333325,0.011848958333333333,0.009212239583333334,0.014557258884111982,0.01090558766859345,0.02196028453068222,0.016432936099637835,0.018314953567156636,0.019582203560975692,0.013221490778540705,False
7,07,zero,A,47,True,False,-0.0016927083333333336,0.007486979166666666,0.0028971354166666663,0.012630177537600044,0.003429672447013487,0.01905319501471845,0.011241433730865969,0.016483451223813575,0.014012417975083508,0.007424026643229963,False
7,07,zero,A,48,True,False,-0.00654296875,0.00654296875,0.0,0.009739560484886134,0.0,0.014692568233798782,0.007346284116899391,0.018314953567156636,0.007856336540712685,0.003373490930346247,False
8,08,zero,A,1,True,False,0.14700520833333333,0.14700520833333333,0.14700520833333333,0.05972654879093178,0.17984866587017123,0.12173568299733255,0.1507921744337519,0.2930315696201692,0.11592816461920186,0.0813519844083053,False
8,08,zero,A,2,True,False,0.13470052083333334,0.13470052083333334,0.13470052083333334,0.06627602318922689,0.16479490242931102,0.13508493480059514,0.1499399186149531,0.16113790322493957,0.16941110908051615,0.12197802539525714,False
8,08,zero,A,3,True,False,0.12369791666666669,0.12369791666666669,0.12369791666666669,0.07065101842085528,0.1513341298287535,0.14400212562132475,0.14766812772503912,0.04447952400427414,0.21418953327543655,0.15637695915003358,False
8,08,zero,A,4,True,False,0.11126302083333335,0.11126302083333335,0.11126302083333335,0.07522132913271601,0.13612106730386303,0.1533174118262237,0.14471923956504334,0.09788271046659078,0.15156490867820127,0.17382617492718144,False
8,08,zero,A,5,True,False,0.11744791666666668,0.11744791666666668,0.11744791666666668,0.07430986901124337,0.1436877737953007,0.15145965806916833,0.1475737159322345,0.09362181353681698,0.13891349074615708,0.19630369545852455,False
8,08,zero,A,6,True,False,0.06705729166666666,0.084765625,0.07591145833333333,0.05528643151124328,0.09287136598964556,0.1126857592938353,0.10277856264174043,0.08585521243561772,0.10059361815527187,0.11665000856377844,False
8,08,zero,A,7,True,False,0.024153645833333338,0.05592447916666667,0.04003906250000001,0.03207028925418865,0.04898446833930706,0.0653662172905163,0.05717534281491168,0.028156490962239884,0.05602695166033278,0.07802197460474287,False
8,08,zero,A,8,True,False,-0.047526041666666664,0.067578125,0.010026041666666666,0.020794273217519112,0.012266029470330545,0.04238324671041715,0.027324638090373846,0.01804128637325653,0.018604117691153204,0.043623040849966446,False
8,08,zero,A,9,True,False,0.014713541666666666,0.06796875,0.04134114583333333,0.020911444624265123,0.050577459179609714,0.04262206749475401,0.04659976333718186,0.1112057828527605,0.018550181902624863,0.026173825072818596,False
8,08,zero,A,10,True,False,-0.0591796875,0.06243489583333333,0.0016276041666666667,0.010104175607363333,0.0019912385503783356,0.020594505183834065,0.0112928718671062,0.026632356395379926,0.009813308375597378,0.00369630454147548,False
8,08,zero,A,11,True,False,0.007291666666666666,0.021354166666666667,0.014322916666666666,0.0052734273672104,0.01752289924332935,0.010748390711998613,0.014135644977663982,0.039955350127954786,0.00640461581550684,0.001998007027916272,False
9,09,zero,A,1,True,False,-0.14986979166666664,0.14986979166666664,0.0,0.02354163467884101,0.0,0.033259732071274646,0.016629866035637323,0.04109585909302927,0.013645221812438215,0.010526316125697523,False
9,09,zero,A,2,True,False,-0.22962239583333333,0.22962239583333333,0.0,0.03729162355264074,0.0,0.052685780948697,0.0263428904743485,0.04109585909302927,0.028265103255272667,0.01961722463585635,False
9,09,zero,A,3,True,False,-0.3198567708333333,0.3198567708333333,0.0,0.04947911242644047,0.0,0.0699043224856,0.0349521612428,0.04109585909302927,0.042884984698107115,0.02631578712011732,False
9,09,zero,A,4,True,False,-0.34921874999999997,0.34921874999999997,0.0,0.05156244158744868,0.0,0.07284765971161193,0.036423829855805966,0.04109585909302927,0.04093566543731451,0.031100472783659978,False
9,09,zero,A,5,True,False,-0.3641276041666667,0.3641276041666667,0.0,0.04749993741512363,0.0,0.06710813473158117,0.033554067365790585,0.04109585909302927,0.03216372876374797,0.032057404805766083,False
9,09,zero,A,6,True,False,-0.25976562500000006,0.25976562500000006,0.0,0.02687495966752409,0.0,0.037969069275021534,0.018984534637510767,0.013698558732106196,0.017543860334023435,0.02200956427350115,False
9,09,zero,A,7,True,False,-0.16888020833333334,0.16888020833333334,0.0,0.015208356976508863,0.0,0.021486438184244557,0.010743219092122279,0.0068494165385856245,0.00974660931707282,0.012918662151595378,False
9,09,zero,A,8,True,False,-0.14518229166666666,0.14518229166666666,0.0,0.00947920421759257,0.0,0.013392264251275309,0.006696132125637654,9.144835534177019e-08,0.004873337191311049,0.010526316125697524,False
9,09,zero,A,9,True,False,-0.15852864583333334,0.15852864583333334,0.0,0.014479190309842134,0.0,0.020456268092002104,0.010228134046001052,0.0068494165385856245,0.007797290056280071,0.013397131356774991,False
9,09,zero,A,10,True,False,-0.2222005208333333,0.2222005208333333,0.0,0.02635413467884085,0.0,0.037233245284209265,0.018616622642104633,0.013698558732106196,0.016569200703626923,0.022009577050007254,False
9,09,zero,A,11,True,False,-0.28294270833333335,0.28294270833333335,0.0,0.04739577909310703,0.0,0.06696097936490736,0.03348048968245368,0.027397208912567736,0.03313838839414407,0.03588517122370874,False
9,09,zero,A,12,True,False,-0.3297526041666667,0.3297526041666667,0.0,0.06947910408179009,0.0,0.09816040465488653,0.04908020232744326,0.05479450927348984,0.04580896358929595,0.04976076539741022,False
9,09,zero,A,13,True,False,-0.3439453125,0.3439453125,0.0,0.0740624374151236,0.0,0.10463575952041022,0.05231787976020511,0.04109585909302927,0.05263158100207002,0.05598086506474463,False
9,09,zero,A,14,True,False,-0.3411458333333333,0.3411458333333333,0.0,0.06749993741512347,0.0,0.09536422869022874,0.04768211434511437,0.013698558732106196,0.052631581002070014,0.055502395859565026,False
9,09,zero,A,15,True,False,-0.3582682291666666,0.3582682291666666,0.0,0.07947910825411525,0.0,0.11228845752889101,0.056144228764445504,0.09589045981487446,0.051656921371673645,0.04593301814422665,False
9,09,zero,A,16,True,False,-0.24713541666666666,0.24713541666666666,0.0,0.04145827909310704,0.0,0.0585724514709338,0.0292862257354669,0.013698558732106196,0.033138388394144215,0.03157894837709257,False
9,09,zero,A,17,True,False,-0.16881510416666667,0.16881510416666667,0.0,0.019895831942558347,0.0,0.028108924837719738,0.014054462418859869,9.144835534177019e-08,0.015594528060120913,0.017703347815138035,False
9,09,zero,A,18,True,False,-0.08515625,0.08515625,0.0,0.006770843068758539,0.0,0.009565878896505025,0.004782939448252512,0.0068494165385856245,0.0009746466172864625,0.007177031689440513,False
10,10,zero,A,1,True,False,-0.05911458333333333,0.05911458333333333,0.0,0.013541634678840914,0.0,0.01138851335454508,0.00569425667727254,0.015624993480723118,0.004884003420991633,0.0027777767475730486,False
10,10,zero,A,2,True,False,-0.08743489583333333,0.08743489583333333,0.0,0.020833290219307278,0.0,0.017520794904651974,0.008760397452325987,0.015624993480723118,0.009768006841983265,0.005555553495146097,False
10,10,zero,A,3,True,False,-0.1181640625,0.1181640625,0.0,0.02812494575977364,0.0,0.023653076454758865,0.011826538227379432,0.015624993480723118,0.0146520102629749,0.008333330242719145,False
10,10,zero,A,4,True,False,-0.1263671875,0.1263671875,0.0,0.030624941587448527,0.0,0.025755572685459086,0.012877786342729543,0.015624993480723118,0.0146520102629749,0.010555550899030175,False
10,10,zero,A,5,True,False,-0.13743489583333335,0.13743489583333335,0.0,0.03249993741512331,0.0,0.027332443981252917,0.013666221990626459,0.011718732071988019,0.0146520102629749,0.013611105692234253,False
10,10,zero,A,6,True,False,-0.15325520833333334,0.15325520833333334,0.0,0.03499993741512345,0.0,0.029434943720878244,0.014717471860439122,0.015624993480723118,0.012820505923450432,0.01583333005728229,False
10,10,zero,A,7,True,False,-0.1623046875,0.1623046875,0.0,0.03614577074845671,0.0,0.030398589434873065,0.015199294717436532,0.011718732071988019,0.013431007369958645,0.017777776376699334,False
10,10,zero,A,8,True,False,-0.1763671875,0.1763671875,0.0,0.042187437415123555,0.0,0.0354796304723008,0.0177398152361504,0.007812470663253475,0.018315018942024006,0.02083333487864042,False
10,10,zero,A,9,True,False,-0.20937499999999998,0.20937499999999998,0.0,0.06104160408179018,0.0,0.05133598267530754,0.02566799133765377,0.03125003911566185,0.02503053485361384,0.02416667142621249,False
10,10,zero,A,10,True,False,-0.2190755208333333,0.2190755208333333,0.0,0.06989577074845686,0.0,0.058782335919813494,0.029391167959906747,0.03906256193313149,0.029914546425679117,0.025555561654367516,False
10,10,zero,A,11,True,False,-0.18691406249999998,0.18691406249999998,0.0,0.05177077074845681,0.0,0.0435392128075307,0.02176960640376535,0.011718732071988019,0.024420033407105624,0.02333333728931948,False
10,10,zero,A,12,True,False,-0.18919270833333332,0.18919270833333332,0.0,0.053229104081790074,0.0,0.04476567098897868,0.02238283549448934,0.03125003911566185,0.019536021835040263,0.021388890969902437,False
10,10,zero,A,13,True,False,-0.13229166666666667,0.13229166666666667,0.0,0.03020831247170778,0.0,0.025405187642513007,0.012702593821256504,0.003906313562950713,0.011599503030434177,0.016666664194175337,False
10,10,zero,A,14,True,False,-0.13847656249999998,0.13847656249999998,0.0,0.031145770748456873,0.0,0.02619358995562279,0.013096794977811394,0.015624993480723118,0.011599503030434177,0.013333327646603263,False
10,10,zero,A,15,True,False,-0.097265625,0.097265625,0.0,0.022812437415123545,0.0,0.019185257490205436,0.009592628745102718,0.007812470663253475,0.009157497244401583,0.01055554719029321,False
10,10,zero,A,16,True,False,-0.09778645833333334,0.09778645833333334,0.0,0.021770770748456843,0.0,0.01830921593202824,0.00915460796601412,0.007812470663253475,0.009767998690909711,0.009166656962138182,False
10,10,zero,A,17,True,False,-0.1,0.1,0.0,0.018645770748456855,0.0,0.015681091257496737,0.007840545628748368,0.007812470663253475,0.007936494351385243,0.0077777667339831566,False
10,10,zero,A,18,True,False,-0.12981770833333334,0.12981770833333334,0.0,0.021458270748456743,0.0,0.018046403464575003,0.009023201732287501,0.011718732071988019,0.007936494351385243,0.008888878916507154,False
10,10,zero,A,19,True,False,-0.14095052083333334,0.14095052083333334,0.0,0.021874937415123565,0.0,0.018396820087846003,0.009198410043923001,0.007812470663253475,0.007325992904877115,0.01111110328155523,False
10,10,zero,A,20,True,False,-0.15774739583333333,0.15774739583333333,0.0,0.027291604081790218,0.0,0.02295223619036727,0.011476118095183636,0.007812470663253475,0.008546995797893456,0.01499999592038928,False
10,10,zero,A,21,True,False,-0.18802083333333333,0.18802083333333333,0.0,0.04104160408179016,0.0,0.03451598475830586,0.01725799237915293,0.011718732071988019,0.015873013155991413,0.0202777787873784,False
10,10,zero,A,22,True,False,-0.21236979166666667,0.21236979166666667,0.0,0.0571874374151236,0.0,0.04809462891005209,0.024047314455026045,0.015624993480723118,0.025641036300121968,0.025833339699998507,False
10,10,zero,A,23,True,False,-0.25221354166666665,0.25221354166666665,0.0,0.08208327074845699,0.0,0.0690320221504865,0.03451601107524325,0.042968823341866594,0.03540905944425252,0.030833344521356637,False
10,10,zero,A,24,True,False,-0.23365885416666665,0.23365885416666665,0.0,0.07791660408179013,0.0,0.06552785591777766,0.03276392795888883,0.03125003911566185,0.03418805655123618,0.032222234749511657,False
10,10,zero,A,25,True,False,-0.21920572916666667,0.21920572916666667,0.0,0.06937493741512368,0.0,0.058344315140725043,0.029172157570362522,0.02343751629819276,0.029304044979170905,0.031111122566987667,False
10,10,zero,A,26,True,False,-0.20813802083333333,0.20813802083333333,0.0,0.05822910408179028,0.0,0.04897067046822927,0.024485335234114634,0.015624993480723118,0.023199030514089284,0.0286111201563086,False
10,10,zero,A,27,True,False,-0.1845703125,0.1845703125,0.0,0.050416608254115314,0.0,0.04240036229082541,0.021200181145412705,0.01953125488945766,0.02136752617456482,0.02166667272427047,False
10,10,zero,A,28,True,False,-0.17259114583333335,0.17259114583333335,0.0,0.04281244575977385,0.0,0.03600526242505714,0.01800263121252857,0.02343751629819276,0.02014652328154848,0.014444447246601313,False
10,10,zero,A,29,True,False,-0.10885416666666667,0.10885416666666667,0.0,0.023749956885974005,0.0,0.0199737112675481,0.00998685563377405,0.007812470663253475,0.012820514074524163,0.008611111997087181,False
10,10,zero,A,30,True,False,-0.07291666666666667,0.07291666666666667,0.0,0.016145801345507596,0.0,0.013578617249988018,0.006789308624994009,0.015624993480723118,0.006105006314007975,0.004166666975728075,False
11,11,zero,A,1,True,False,-0.01712239583333333,0.01712239583333333,0.0,0.003333356976509287,0.0,0.01316886512936259,0.006584432564681295,0.008929171125675222,0.006613698065104836,0.0056337777310698275,False
11,11,zero,A,2,True,False,-0.015494791666666667,0.015494791666666667,0.0,0.00947906196117357,0.0,0.03744828093698119,0.018724140468490594,0.03571378941323421,0.017195666437622065,0.013380239237195163,False
11,11,zero,A,3,True,False,-0.0205078125,0.0205078125,0.0,0.016145701607068016,0.0,0.06378571763563984,0.03189285881781992,0.053570973628799506,0.0304231483484146,0.024647840368412874,False
11,11,zero,A,4,True,False,-0.026432291666666666,0.026432291666666666,0.0,0.013906209468841343,0.0,0.05493830941191618,0.02746915470595809,5.790178913054842e-07,0.03174590511755206,0.034506985649593515,False
11,11,zero,A,5,True,False,-0.017708333333333333,0.017708333333333333,0.0,0.023072764674822038,0.0,0.09115199131250513,0.04557599565625257,0.053570973628799506,0.037036932194102305,0.049999954330922046,False
11,11,zero,A,6,True,False,-0.013802083333333335,0.017317708333333334,0.0017578125,0.024635264674821907,0.03103448275862069,0.09732485305807641,0.06417966790834854,0.03571378941323421,0.037036932194102305,0.10499360374038247,False
11,11,zero,A,7,True,False,0.006315104166666667,0.013997395833333334,0.01015625,0.030833181341488675,0.1793103448275862,0.12181053798217828,0.15056044140488223,0.20062979715821128,0.07658028935916192,0.1732394758565316,False
11,11,zero,A,8,True,False,0.004752604166666667,0.011653645833333334,0.008203125,0.031249848008155202,0.14482758620689656,0.12345663444766354,0.13414211032728005,0.03571378941323421,0.16875522547158994,0.17042256415645768,False
11,11,zero,A,9,True,False,0.009114583333333334,0.013802083333333335,0.011458333333333334,0.034687348008155254,0.20229885057471267,0.1370369302879217,0.1696678904313172,0.10083992255024463,0.23809527485834495,0.16478874075631,False
11,11,zero,A,10,True,False,0.014388020833333334,0.026106770833333334,0.020247395833333334,0.031666534940401295,0.3574712643678161,0.12510281097498613,0.24128703767140114,0.4306719380401962,0.19722916092414788,0.15000004566907796,False
11,11,zero,A,11,True,False,-0.008854166666666666,0.018489583333333334,0.0048177083333333336,0.015052096843719673,0.08505747126436781,0.059465288190233064,0.07226137972730044,0.008929171125675222,0.0997633692963357,0.0893726185285477,False
11,11,zero,A,12,True,False,-0.0244140625,0.0244140625,0.0,0.010000057419141437,0.0,0.03950654201352935,0.019753271006764675,0.0178577632334566,0.027777977932471516,0.01338028490627322,False
11,11,zero,A,13,True,False,-0.0259765625,0.0259765625,0.0,0.005260501106580332,0.0,0.02078230146774262,0.01039115073387131,5.790178913054842e-07,0.021164279867366676,0.0049295954751294516,False
11,11,zero,A,14,True,False,-0.0244140625,0.0244140625,0.0,0.0038021610180540254,0.0,0.015020937151264008,0.007510468575632004,0.0178577632334566,0.010582139933683338,0.000704273594096495,False
12,12,zero,A,1,True,False,-0.0578125,0.0578125,0.0,0.021875041127205036,0.0,0.013041464780040226,0.006520732390020113,0.01360546878912805,0.006711410890853389,0.004512635401433786,False
12,12,zero,A,2,True,False,-0.09225260416666667,0.09225260416666667,0.0,0.04046880543231996,0.0,0.024126697530160692,0.012063348765080346,0.01870749768951857,0.014765102423759143,0.00848375492652497,False
12,12,zero,A,3,True,False,-0.12311197916666666,0.12311197916666666,0.0,0.05333340307076815,0.0,0.03179631497387642,0.01589815748693821,0.017006821389388558,0.021923940195296632,0.011552347991045138,False
12,12,zero,A,4,True,False,-0.1365234375,0.1365234375,0.0,0.060208408435186246,0.0,0.03589505653972152,0.01794752826986076,0.0255102028900391,0.020581659553244265,0.0141696778252798,False
12,12,zero,A,5,True,False,-0.13483072916666666,0.13483072916666666,0.0,0.052343830466271016,0.0,0.03120635145363453,0.015603175726817265,0.015306145089258545,0.014765110104350637,0.016245491783171834,False
12,12,zero,A,6,True,False,-0.10709635416666666,0.10709635416666666,0.0,0.035104247132937576,0.0,0.02092845448618033,0.010464227243090166,0.001700734688217485,0.008948560655457008,0.013808670339630085,False
12,12,zero,A,7,True,False,-0.09674479166666666,0.09674479166666666,0.0,0.028645913799604208,0.0,0.017078124504415013,0.008539062252207507,5.838808747306512e-08,0.006487712811694263,0.01218412271060225,False
12,12,zero,A,8,True,False,-0.10891927083333333,0.10891927083333333,0.0,0.03307299713293757,0.0,0.01971746360481866,0.00985873180240933,0.006802763588608003,0.008948560655456945,0.011281596250031237,False
12,12,zero,A,9,True,False,-0.12037760416666667,0.12037760416666667,0.0,0.03848966379960402,0.0,0.022946772621782973,0.011473386310891487,0.01360546878912805,0.012527975700929943,0.010198564497346007,False
12,12,zero,A,10,True,False,-0.12194010416666666,0.12194010416666666,0.0,0.035729247132937375,0.0,0.021301067065060724,0.010650533532530362,0.01360546878912805,0.012304262260587893,0.00875452216043239,False
12,12,zero,A,11,True,False,-0.10325520833333333,0.10325520833333333,0.0,0.025989645918210614,0.0,0.015494510383641346,0.007747255191820673,0.010204116188868028,0.007829978092563642,0.007039721885347485,False
12,12,zero,A,12,True,False,-0.08554687500000001,0.08554687500000001,0.0,0.01708332439263668,0.0,0.01018473849246835,0.005092369246234175,0.003401294212173034,0.004474261126249771,0.00595669013266228,False
12,12,zero,A,13,True,False,-0.07369791666666667,0.07369791666666667,0.0,0.016145824392636586,0.0,0.009625819624147524,0.004812909812073762,0.006802646812433057,0.0017896998421450378,0.006317700716890664,False
12,12,zero,A,14,True,False,-0.08912760416666665,0.08912760416666665,0.0,0.022500008940696738,0.0,0.013414058169964159,0.006707029084982079,0.0017006179120425387,0.006040270569827238,0.008483764222261101,False
12,12,zero,A,15,True,False,-0.12610677083333333,0.12610677083333333,0.0,0.039479247132937566,0.0,0.02353674253834391,0.011768371269171955,0.010204116188868028,0.01163312193956174,0.012274375356659373,False
12,12,zero,A,16,True,False,-0.17428385416666667,0.17428385416666667,0.0,0.06338549713293752,0.0,0.03778917368052349,0.018894586840261744,0.027210879190169113,0.019686805791876,0.016155239137114714,False
12,12,zero,A,17,True,False,-0.1826171875,0.1826171875,0.0,0.06770841379960409,0.0,0.04036641068444697,0.020183205342223485,0.022108850289778593,0.021923940195296632,0.018501807934599344,False
12,12,zero,A,18,True,False,-0.17102864583333335,0.17102864583333335,0.0,0.06375008046627093,0.0,0.03800653101820383,0.019003265509101915,0.017006821389388558,0.019463092351533953,0.019223829103056162,False
12,12,zero,A,19,True,False,-0.16223958333333333,0.16223958333333333,0.0,0.057864663799604144,0.0,0.034497762567078934,0.017248881283539467,0.01360546878912805,0.015883677306060953,0.019133576456999066,False
12,12,zero,A,20,True,False,-0.15084635416666667,0.15084635416666667,0.0,0.051145913799604266,0.0,0.030492177344113497,0.015246088672056748,0.006802763588608003,0.01319911602195616,0.01886281851882775,False
12,12,zero,A,21,True,False,-0.16295572916666667,0.16295572916666667,0.0,0.0581771637996041,0.0,0.03468406885651917,0.017342034428259583,0.01360546878912805,0.015212536985034742,0.019765344979398768,False
12,12,zero,A,22,True,False,-0.17337239583333333,0.17337239583333333,0.0,0.06338549713293753,0.0,0.037789173680523494,0.018894586840261747,0.010204116188868028,0.018344525149823637,0.02157039790054079,False
12,12,zero,A,23,True,False,-0.20234375000000002,0.20234375000000002,0.0,0.08218758046627091,0.0,0.048998602095178936,0.024499301047589468,0.027210879190169113,0.024161074598717327,0.02400721934408252,False
12,12,zero,A,24,True,False,-0.21152343750000002,0.21152343750000002,0.0,0.08645841379960433,0.0,0.05154478805086249,0.025772394025431244,0.023809526589909088,0.026621922442480014,0.025722019619167452,False
12,12,zero,A,25,True,False,-0.21705729166666668,0.21705729166666668,0.0,0.09140633046627075,0.0,0.0544946376336664,0.0272473188168332,0.030612231790429136,0.027516776203848216,0.02617328284945295,False
12,12,zero,A,26,True,False,-0.19042968750000003,0.19042968750000003,0.0,0.0797917471329375,0.0,0.04757025387613693,0.023785126938068463,0.01870749768951857,0.02438478803905932,0.02472924051253934,False
12,12,zero,A,27,True,False,-0.170703125,0.170703125,0.0,0.07072924713293753,0.0,0.042167371482369514,0.021083685741184757,0.017006821389388558,0.021029086433928368,0.02220216642294049,False
12,12,zero,A,28,True,False,-0.1503255208333333,0.1503255208333333,0.0,0.06020841379960427,0.0,0.03589505973788093,0.017947529868940465,0.017006821389388558,0.01722595794811332,0.018682313226713557,False
12,12,zero,A,29,True,False,-0.12721354166666665,0.12721354166666665,0.0,0.045000080466270825,0.0,0.026828153651788395,0.013414076825894197,0.010204116188868028,0.013422829462298207,0.01425993356991559,False
12,12,zero,A,30,True,False,-0.10592447916666667,0.10592447916666667,0.0,0.03250008046627081,0.0,0.019375902074178133,0.009687951037089066,0.010204116188868028,0.009395987536141046,0.009747301267060525,False
12,12,zero,A,31,True,False,-0.06998697916666666,0.06998697916666666,0.0,0.0182813197374347,0.0,0.01089895950832761,0.005449479754163805,0.001700734688217485,0.004698005288957732,0.006949463042132951,False
12,12,zero,A,32,True,False,-0.04947916666666667,0.04947916666666667,0.0,0.013177124460538344,0.0,0.007855939723953079,0.0039279698619765395,0.003401410988347497,0.003131995845380327,0.004602888047490881,False
12,12,zero,A,33,True,False,-0.016080729166666665,0.023893229166666665,0.00390625,0.013124958872794915,0.14285714285714285,0.007824839637268445,0.07534099124720564,0.04251693252671877,0.14039047060920204,0.0030685868673627306,False
12,12,zero,A,34,True,False,-0.004687499999999999,0.016406249999999997,0.005859375,0.014166596929231915,0.21428571428571427,0.008445843545218965,0.11136577891546662,0.1139455039552902,0.14128530900938732,0.0030685806702052906,False
12,12,zero,A,35,True,False,-0.005403645833333333,0.01712239583333333,0.005859375,0.013958270748456032,0.21428571428571427,0.008321643616471397,0.11130367895109283,0.1139455039552902,0.14016675716886,0.0037003429954475765,False
12,12,zero,A,36,True,False,-0.027408854166666666,0.027408854166666666,0.0,0.010468741059303283,0.0,0.006241255365982887,0.0031206276829914433,0.006802763588608003,0.0013422729614608732,0.003339332411219166,False
12,12,zero,A,37,True,False,-0.023828125,0.023828125,0.0,0.011249991059303176,0.0,0.0067070210895834636,0.0033535105447917318,0.003401410988347497,0.0020134132824870883,0.004241858871790179,False
12,12,zero,A,38,True,False,-0.011197916666666667,0.016276041666666668,0.0025390625,0.019531169533729006,0.09285714285714286,0.011644095117624419,0.05225061898738364,0.0816325708412645,0.004026818884382684,0.10586640650081798,False
12,12,zero,A,39,True,False,-0.011197916666666667,0.012369791666666666,0.0005859375,0.017447841564813917,0.02142857142857143,0.010402056386182256,0.01591531390737684,0.003401294212173034,0.006263953287803315,0.10496388313882568,False
12,12,zero,A,40,True,False,-0.007942708333333333,0.010416666666666666,0.0012369791666666666,0.018802013595898632,0.04523809523809524,0.011209386838582795,0.028223741038339016,0.003401294212173034,0.038804117994254254,0.10424186506894759,False
12,12,zero,A,41,True,False,-0.0002604166666666666,0.004687499999999999,0.0022135416666666666,0.019166611234346813,0.08095238095238096,0.01142675270468827,0.04618956682853461,0.04761896142710929,0.03656699127142512,0.1037003522911837,False
12,12,zero,A,42,True,False,0.005143229166666667,0.005143229166666667,0.005143229166666667,0.013802042206128344,0.1880952380952381,0.008228503264389056,0.09816187067981358,0.15476181856996643,0.03410615110825393,0.10225631305284881,False
13,13,zero,A,1,True,False,0.0010416666666666667,0.0026692708333333334,0.00185546875,0.00277996619542449,0.05846153846153846,0.011910787089318543,0.0351861627754285,0.0491544987087141,0.007593927024609723,0.03799252497013021,False
13,13,zero,A,2,True,False,-0.0057617187499999995,0.0069335937500000005,0.0005859375000000001,0.005976587136586626,0.018461538461538463,0.025606734722820417,0.02203413659217944,0.018891760074140167,0.014388495877626367,0.05957722666828446,False
13,13,zero,A,3,True,False,-0.0024088541666666663,0.005208333333333334,0.0013997395833333333,0.007669301827748765,0.0441025641025641,0.03285918416719765,0.038480874134880876,0.020151200496396987,0.06568080514085495,0.06302848246319154,False
13,13,zero,A,4,True,False,-0.00390625,0.009895833333333333,0.0029947916666666664,0.006171908378601244,0.09435897435897435,0.026443590124690563,0.06040128224183246,1.537402867791216e-07,0.13535840927116716,0.09147973825809863,False
13,13,zero,A,5,True,False,0.01005859375,0.010839843750000001,0.010449218750000001,0.006803421179453713,0.32923076923076927,0.029149311700554698,0.17919004046566198,0.19327108198811377,0.1778577542523964,0.11941330726362435,False
13,13,zero,A,6,True,False,0.0006184895833333329,0.007128906250000001,0.0038736979166666663,0.006673212846120367,0.12205128205128205,0.0285914330694616,0.07532135756037182,0.037387665267513456,0.1313616184132018,0.08521716261465542,False
13,13,zero,A,7,True,False,-0.014029947916666667,0.016829427083333334,0.0013997395833333333,0.006061233679453704,0.0441025641025641,0.02596940350332431,0.035035983802944204,1.537402867791216e-07,0.05688786525333116,0.06915446386893365,False
13,13,zero,A,8,True,False,-0.015234375000000001,0.0203125,0.0025390624999999997,0.00957685867945368,0.07999999999999999,0.04103212654283639,0.06051606327141819,0.08107237890602459,0.014788199357898468,0.07346852044711157,False
13,13,zero,A,9,True,False,-0.035970052083333336,0.03655598958333334,0.00029296875,0.009798189004262332,0.00923076923076923,0.04198041806506587,0.02560559364791755,0.005037607948740862,0.019384508844558643,0.05261001476216235,False
13,13,zero,A,10,True,False,-0.05631510416666667,0.05631510416666667,0.0,0.015403681596120357,0.0,0.06599719528425015,0.03299859764212507,0.03022672387445191,0.03257391867584436,0.03425366189255636,False
13,13,zero,A,11,True,False,-0.07581380208333334,0.07581380208333334,0.0,0.018404983679453694,0.0,0.07885629773094484,0.03942814886547242,0.03652392598573637,0.040567500391775056,0.039603092049496996,False
13,13,zero,A,12,True,False,-0.08753255208333333,0.08753255208333333,0.0,0.019570348262787057,0.0,0.0838493114792277,0.04192465573961385,0.037783366407993554,0.04436445170684216,0.041587558075458844,False
13,13,zero,A,13,True,False,-0.06464843749999999,0.06464843749999999,0.0,0.01755211909612038,0.0,0.07520219269728548,0.03760109634864274,0.02644840260768145,0.039768142220181976,0.039861935444187674,False
13,13,zero,A,14,True,False,-0.06103515625,0.06103515625,0.0,0.01616540034612037,0.0,0.0692607852761445,0.03463039263807225,0.02770784302993827,0.034372474561928726,0.03718722036571737,False
13,13,zero,A,15,True,False,-0.05416666666666667,0.05416666666666667,0.0,0.01361331701278703,0.0,0.058326364106720825,0.029163182053360413,0.022670081340910628,0.028177448732082434,0.03209663360346742,False
13,13,zero,A,16,True,False,-0.05071614583333334,0.05071614583333334,0.0,0.010403681596120373,0.0,0.04457465585027733,0.022287327925138666,0.015113438807369345,0.02178258335933789,0.025107861946819205,False
13,13,zero,A,17,True,False,-0.038899739583333336,0.038899739583333336,0.0,0.008066442012787048,0.0,0.03456073442215723,0.017280367211078614,0.013853998385112525,0.017386113415576023,0.018377933684861646,False
13,13,zero,A,18,True,False,-0.04108072916666667,0.04108072916666667,0.0,0.005371124744415447,0.0,0.02301262632840549,0.011506313164202746,0.006297355851571242,0.011390927128627996,0.013373606989445775,False
13,13,zero,A,19,True,False,-0.04651692708333334,0.04651692708333334,0.0,0.004361997445424493,0.0,0.018689012457099037,0.009344506228549519,0.015113438807369345,0.007593927024609781,0.008628123688720587,False
13,13,zero,A,20,True,False,-0.045670572916666666,0.050553385416666666,0.00244140625,0.004108054637908859,0.07692307692307693,0.017600992495503547,0.04726203470929024,0.08906058359988121,0.008193396864353488,0.006212230940211463,False
13,13,zero,A,21,True,False,-0.07926432291666667,0.07926432291666667,0.0,0.002890601952870599,0.0,0.012384806864657887,0.0061924034323289434,0.007556488793254862,0.007793717778556919,0.004572868375774372,False
13,13,zero,A,22,True,False,-0.10169270833333333,0.10169270833333333,0.0,0.0032812349001565895,0.0,0.014058476808146526,0.007029238404073263,0.010075369637768504,0.007194247938813212,0.005867085349227747,False
13,13,zero,A,23,True,False,-0.11220703124999999,0.11220703124999999,0.0,0.004557313124338883,0.0,0.019525844023822382,0.009762922011911191,0.02770784302993827,0.005195901298781654,0.006902479992719916,False
13,13,zero,A,24,True,False,-0.08447265625000001,0.08447265625000001,0.0,0.00393880446751913,0.0,0.016875838805627427,0.008437919402813713,0.005037607948740862,0.009792210785441832,0.008628123688720561,False
13,13,zero,A,25,True,False,-0.07373046875,0.07373046875,0.0,0.0050976872444154315,0.0,0.02184108120311003,0.010920540601555015,0.015113438807369345,0.013789001643407187,0.0074202089115602415,False
13,13,zero,A,26,True,False,-0.06578776041666667,0.06578776041666667,0.0,0.006744822661082096,0.0,0.02889824588643703,0.014449122943218515,0.03274560471896591,0.015387717986593294,0.007506490043123796,False
13,13,zero,A,27,True,False,-0.048372395833333325,0.048372395833333325,0.0,0.004192705154418923,0.0,0.01796367830111215,0.008981839150556075,0.011334810060025324,0.012789755139964673,0.005435732353233664,False
13,13,zero,A,28,True,False,-0.03662109374999999,0.03662109374999999,0.0,0.004179697831471811,0.0,0.017907948323359166,0.008953974161679583,0.021410640918653807,0.010791310922030875,0.0033649746633435318,False
13,13,zero,A,29,True,False,-0.009049479166666666,0.01686197916666667,0.00390625,0.0027408655484516637,0.12307692307692308,0.011743260058984697,0.06741009156795388,0.13443660730153806,0.005195779326403829,0.0014667792365805066,False
13,13,zero,A,30,True,False,-0.008430989583333333,0.008430989583333333,0.0,0.0012434713045755238,0.0,0.005327662611456573,0.0026638313057282866,0.008815929215511683,0.0025978896632019143,0.0006039573885801714,False
14,14,zero,A,1,True,False,-0.11334635416666666,0.11334635416666666,0.0,0.03133464912573503,0.0,0.019461799242108415,0.009730899621054208,0.018585676898063754,0.010240172347982107,0.007063284614286559,False
14,14,zero,A,2,True,False,-0.22197265625,0.22197265625,0.0,0.06274741431077331,0.0,0.03897211599139057,0.019486057995695284,0.03173162880708633,0.021849503880791155,0.014648019690466392,False
14,14,zero,A,3,True,False,-0.3140950520833333,0.3140950520833333,0.0,0.08634116907914495,0.0,0.053626083132591665,0.026813041566295832,0.03127832012056834,0.03280277997087063,0.021497983661251156,False
14,14,zero,A,4,True,False,-0.3474609375,0.3474609375,0.0,0.09818361878395095,0.0,0.06098137145143905,0.030490685725719526,0.03218493749360433,0.03362998031170358,0.027873901757587492,False
14,14,zero,A,5,True,False,-0.37050781250000003,0.37050781250000003,0.0,0.1046484643220903,0.0,0.06499665579337141,0.032498327896685705,0.028558468001460186,0.031747386432566534,0.034048350357283236,False
14,14,zero,A,6,True,False,-0.34944661458333337,0.34944661458333337,0.0,0.10261070390542364,0.0,0.0637310126398915,0.03186550631994575,0.03399817223967643,0.030321178948371795,0.03237733864985252,False
14,14,zero,A,7,True,False,-0.30052083333333335,0.30052083333333335,0.0,0.09049481848875697,0.0,0.05620589472095822,0.02810294736047911,0.02130552901717191,0.027868102075556848,0.03004266271819398,False
14,14,zero,A,8,True,False,-0.2672526041666667,0.2672526041666667,0.0,0.08802086015542362,0.0,0.05466933114804331,0.027334665574021654,0.02629192456887009,0.02561469425052916,0.028798292297766846,False
14,14,zero,A,9,True,False,-0.24007161458333334,0.24007161458333334,0.0,0.08454429765542362,0.0,0.05251005496926288,0.02625502748463144,0.0258386158823521,0.02390324526949548,0.02799241431120451,False
14,14,zero,A,10,True,False,-0.18434244791666665,0.18434244791666665,0.0,0.07573570390542364,0.0,0.04703907993201586,0.02351953996600793,0.010879429227257483,0.023475383024237063,0.026854704212528266,False
14,14,zero,A,11,True,False,-0.20393880208333331,0.20393880208333331,0.0,0.08514325598875695,0.0,0.052882065097442275,0.026441032548721138,0.028558468001460186,0.02581436329831643,0.026321402603773785,False
14,14,zero,A,12,True,False,-0.19615885416666667,0.19615885416666667,0.0,0.08440757890542365,0.0,0.0524251396139176,0.0262125698069588,0.029011776687978247,0.026213701393890957,0.02547997117662781,False
14,14,zero,A,13,True,False,-0.18434244791666668,0.18434244791666668,0.0,0.07641278723875697,0.0,0.04745961312039257,0.023729806560196284,0.0258386158823521,0.02367505207202434,0.023216402126136543,False
14,14,zero,A,14,True,False,-0.16660156250000002,0.16660156250000002,0.0,0.06263674557209029,0.0,0.038903380172266376,0.019451690086133188,0.014959207405919616,0.0184836568295555,0.02129651633462039,False
14,14,zero,A,15,True,False,-0.15221354166666667,0.15221354166666667,0.0,0.05165367265542362,0.0,0.03208184662619414,0.01604092331309707,0.006799651048595285,0.013976841179500137,0.019886229858136296,False
14,14,zero,A,16,True,False,-0.17259114583333332,0.17259114583333332,0.0,0.0551562768220903,0.0,0.034257297158373674,0.017128648579186837,0.017679059525027768,0.014889613969384763,0.018535199115958263,False
14,14,zero,A,17,True,False,-0.17154947916666666,0.17154947916666666,0.0,0.04973309973875696,0.0,0.0308889880630102,0.0154444940315051,0.006799651048595285,0.01640139390263119,0.0170419546114457,False
14,14,zero,A,18,True,False,-0.1828125,0.1828125,0.0,0.06048179765542363,0.0,0.037564952428490506,0.018782476214245253,0.028558468001460186,0.018341036081136027,0.016532355296413635,False
14,14,zero,A,19,True,False,-0.12916666666666665,0.12916666666666665,0.0,0.04696617265542363,0.0,0.029170463014355368,0.014585231507177684,0.014959207405919616,0.014746993220965302,0.014375446567673263,False
14,14,zero,A,20,True,False,-0.09456380208333334,0.09456380208333334,0.0,0.03363934973875696,0.0,0.020893237662363735,0.010446618831181868,0.004986416302523183,0.010668039816168358,0.01172078967076204,False
14,14,zero,A,21,True,False,-0.08151041666666668,0.08151041666666668,0.0,0.025319037238756975,0.0,0.015725531751349917,0.007862765875674959,0.006346342362077292,0.006731707159790886,0.009042430480128393,False
14,14,zero,A,22,True,False,-0.06311848958333333,0.06311848958333333,0.0,0.019876328905423627,0.0,0.01234509189093711,0.006172545945468555,0.006799651048595285,0.005077306478124991,0.006767010282775915,False
14,14,zero,A,23,True,False,-0.03333333333333334,0.03430989583333334,0.00048828125,0.011497422655423637,0.0019083969465648854,0.007140993684775303,0.004524695315670095,0.007573304790527717,0.0035370023951946847,0.004290120588782852,False
14,14,zero,A,24,True,False,-0.026236979166666667,0.026236979166666667,0.0,0.00895836015542364,0.0,0.005563994228362635,0.0027819971141813176,0.0031731815564511458,0.0025101330065744774,0.002867982965437552,False
14,14,zero,A,25,True,False,-0.009733072916666665,0.018912760416666667,0.00458984375,0.006757835745811606,0.017938931297709924,0.004197259144928892,0.011068095221319407,0.014239971457194384,0.0017114568154254308,0.016331498977013685,False
14,14,zero,A,26,True,False,-0.004980468749999999,0.02158203125,0.00830078125,0.0069010553757350435,0.03244274809160305,0.004286212165398803,0.018364480128500928,0.0022665641834150947,0.004064053961600225,0.032246060066035434,False
14,14,zero,A,27,True,False,0.018326822916666666,0.02451171875,0.02141927083333333,0.008906254172325167,0.0837150127226463,0.005531631453904685,0.04462332208827549,0.0018132554968971013,0.04657466149679072,0.05518192427528013,False
14,14,zero,A,28,True,False,0.04251302083333333,0.04309895833333333,0.04280598958333333,0.013229143420855068,0.16730279898218828,0.00821655708888367,0.08775967803553597,0.08362644874131914,0.09609596254302841,0.08341258462317541,False
14,14,zero,A,29,True,False,0.06442057291666667,0.06442057291666667,0.06442057291666667,0.019921848177909703,0.25178117048346055,0.01237336369124405,0.1320772670873523,0.23223931378516152,0.1392911548935602,0.0997063824117559,False
14,14,zero,A,30,True,False,0.04544270833333333,0.04544270833333333,0.04544270833333333,0.012981747587521745,0.17760814249363868,0.008062900731592186,0.09283552161261543,0.03423992995554438,0.12211848931121416,0.08973305194124756,False
14,14,zero,A,31,True,False,0.03655598958333333,0.03655598958333333,0.03655598958333333,0.011562486290931609,0.14287531806615775,0.007181404394566143,0.07502836123036194,0.06938649803494976,0.07832926239180193,0.07441428446996508,False
14,14,zero,A,32,True,False,0.02099609375,0.02294921875,0.02197265625,0.009088535706202144,0.08587786259541985,0.005644845634271674,0.04576135411484576,0.05605316470161643,0.03369424568497997,0.05083845724521007,False
14,14,zero,A,33,True,False,-0.005436197916666666,0.018326822916666666,0.0064453125000000005,0.01192710300286621,0.02519083969465649,0.00740786607344165,0.01629935288404907,0.010426120540739424,0.009839559515698038,0.022252261406473583,False
14,14,zero,A,34,True,False,-0.0008463541666666665,0.007291666666666666,0.0032226562500000003,0.00746095597743998,0.012595419847328246,0.00463396372509212,0.008614691786210183,0.030293156909635806,0.003594048083098557,0.005887355651720917,False
14,14,zero,A,35,True,False,-0.003873697916666666,0.004264322916666666,0.0001953125,0.0047786595424016975,0.0007633587786259542,0.002968002363371794,0.001865680570998874,0.0027198728699330877,0.002167837987439908,0.001425374983028937,False
15,15,zero,A,1,True,False,0.1580810546875,0.1580810546875,0.1580810546875,0.09098962446053827,0.024556513164756186,0.024226036796795795,0.024391274980775993,0.05738854930915578,0.022987374690310713,0.013539948086454248,False
15,15,zero,A,2,True,False,0.25056559244791665,0.25056559244791665,0.25056559244791665,0.147005263765653,0.038923179515380206,0.03914023110243655,0.03903170530890838,0.06371792324462144,0.04387734487714439,0.02618695484135965,False
15,15,zero,A,3,True,False,0.30731201171875,0.30731201171875,0.30731201171875,0.1911719447374345,0.04773824084345459,0.05089963383388497,0.04931893733866978,0.0583837763041498,0.06069016697126703,0.036866259286522374,False
15,15,zero,A,4,True,False,0.28940836588541663,0.28940836588541663,0.28940836588541663,0.18794278343518592,0.04495706560729172,0.050039867888098576,0.047498466747695145,0.041822190136937956,0.051895269975278775,0.04601608699073999,False
15,15,zero,A,5,True,False,0.28189290364583336,0.28189290364583336,0.28189290364583336,0.18992195546627058,0.043789604093384275,0.05056682351338573,0.047178213803385,0.03137116716504614,0.04418696793013456,0.055309260714077116,False
15,15,zero,A,6,True,False,0.2735371907552083,0.2735371907552083,0.2735371907552083,0.18346362213293724,0.04249161696896145,0.0488472887652545,0.045669452867107975,0.03900148719927195,0.041117323063424666,0.051740632885506316,False
15,15,zero,A,7,True,False,0.2686055501302083,0.2686055501302083,0.2686055501302083,0.1727084137996039,0.04172552960845476,0.04598370872098758,0.04385461916472117,0.034542583219382625,0.04109721635603769,0.04946178419088365,False
15,15,zero,A,8,True,False,0.297833251953125,0.297833251953125,0.297833251953125,0.17484383046627058,0.04626579818149064,0.04655226456512775,0.04640903137330919,0.04222981560862619,0.04363951289091533,0.0502141819628099,False
15,15,zero,A,9,True,False,0.3167012532552083,0.3167012532552083,0.3167012532552083,0.18531258046627064,0.04919677762923773,0.049339574922985636,0.049268176276111686,0.044920156000861265,0.046951961352424396,0.05273810807882165,False
15,15,zero,A,10,True,False,0.3364359537760417,0.3364359537760417,0.3364359537760417,0.19453133046627058,0.05226239124182634,0.05179407210378583,0.05202823167280608,0.04581193679683909,0.05056809352327425,0.05547716577581359,False
15,15,zero,A,11,True,False,0.3489644368489583,0.3489644368489583,0.3489644368489583,0.20057299713293722,0.05420858182185939,0.053402669126231164,0.05380562547404528,0.04734669164004629,0.05194089531240937,0.057658092387896556,False
15,15,zero,A,12,True,False,0.36066284179687497,0.36066284179687497,0.36066284179687497,0.2045834137996039,0.05602582700457945,0.054470444735957815,0.05524813587026863,0.05000703602367844,0.05235114272237934,0.059483008821249087,False
15,15,zero,A,13,True,False,0.3498758951822916,0.3498758951822916,0.3498758951822916,0.19817716379960387,0.05435016892479132,0.05276477720353732,0.05355747306416432,0.03920529993511606,0.05190686893231636,0.06007680758248664,False
15,15,zero,A,14,True,False,0.37982788085937497,0.37982788085937497,0.37982788085937497,0.20468758046627056,0.0590029486778356,0.05449817916737928,0.05675056392260744,0.05135143630424893,0.053510274993759536,0.06133035715152684,False
15,15,zero,A,15,True,False,0.39022623697916664,0.39022623697916664,0.39022623697916664,0.20442716379960388,0.06061824261329337,0.0544288430888256,0.057523542851059484,0.05120453592342249,0.05440587872161596,0.06235980238081678,False
15,15,zero,A,16,True,False,0.3914204915364583,0.3914204915364583,0.3914204915364583,0.20921883046627054,0.060803759643251055,0.05570462693421328,0.05825419328873217,0.04869109192061678,0.056029758860071874,0.0635225005849974,False
15,15,zero,A,17,True,False,0.39033406575520835,0.39033406575520835,0.39033406575520835,0.21651049713293724,0.06063499287323845,0.05764603713371628,0.05914051500347736,0.04837037481254915,0.056853192637017894,0.06486825214650763,False
15,15,zero,A,18,True,False,0.3655619303385417,0.3655619303385417,0.3655619303385417,0.19979174176851924,0.05678685768283856,0.05319465946229093,0.054990758572564746,0.05352916519468558,0.05834150937159838,0.05284275116818109,False
15,15,zero,A,19,True,False,0.318145751953125,0.318145751953125,0.318145751953125,0.1818750697374345,0.0494211679039736,0.04842433582951865,0.04892275186674612,0.05167369324341066,0.05884875099604367,0.039915447778911525,False
15,15,zero,A,20,True,False,0.225927734375,0.225927734375,0.225927734375,0.1321354720989864,0.035095903139251546,0.035181141017021536,0.035138522078136544,0.04860418355699619,0.039325144691952266,0.02685377112929251,False
15,15,zero,A,21,True,False,0.13611857096354166,0.13611857096354166,0.13611857096354166,0.08598962446053834,0.02114483286084958,0.02289478408856519,0.022019808474707386,0.050826906460337176,0.019475351130623576,0.0135388260551455,False
16,16,zero,A,1,True,False,-0.07161458333333333,0.07161458333333333,0.0,0.024687504569689683,0.0,0.030095240713798398,0.015047620356899199,0.02439024929203083,0.01295336837063289,0.013600000036621086,False
16,16,zero,A,2,True,False,-0.13463541666666667,0.13463541666666667,0.0,0.04666667282581378,0.0,0.05688889081682482,0.02844444540841241,0.030487808707496022,0.030224525649108113,0.02640000011596677,False
16,16,zero,A,3,True,False,-0.2139973958333333,0.2139973958333333,0.0,0.07000000774860439,0.0,0.08533333440871471,0.042666667204357356,0.030487808707496022,0.04922279849072017,0.04160000006713866,False
16,16,zero,A,4,True,False,-0.287109375,0.287109375,0.0,0.09447917501131754,0.0,0.11517460204939735,0.057587301024698674,0.06097560578481939,0.05613126074326788,0.05759999997558595,False
16,16,zero,A,5,True,False,-0.3463541666666667,0.3463541666666667,0.0,0.10989584227403068,0.0,0.13396825172614632,0.06698412586307316,0.06097560578481939,0.06303972299581558,0.07199999996948243,False
16,16,zero,A,6,True,False,-0.3416015625,0.3416015625,0.0,0.10729167560736393,0.0,0.1307936488629469,0.06539682443147345,0.03658536812296035,0.06908462746679486,0.07199999996948243,False
16,16,zero,A,7,True,False,-0.3873046875,0.3873046875,0.0,0.12572917560736394,0.0,0.15326983713439815,0.07663491856719908,0.09756096227760708,0.07167530081150025,0.07359999988403323,False
16,16,zero,A,8,True,False,-0.29134114583333337,0.29134114583333337,0.0,0.09822917501131752,0.0,0.11974603017240436,0.05987301508620218,0.06097560578481939,0.06131260743267862,0.05839999993286135,False
16,16,zero,A,9,True,False,-0.19251302083333333,0.19251302083333333,0.0,0.06541667441527084,0.0,0.07974603336948363,0.039873016684741816,0.012195130461101308,0.048359240709151624,0.04240000002441406,False
16,16,zero,A,10,True,False,-0.12317708333333333,0.12317708333333333,0.0,0.043750006159146926,0.0,0.053333335610041346,0.026666667805020673,0.02439024929203083,0.025906736741265663,0.02800000003051757,False
16,16,zero,A,11,True,False,-0.0888671875,0.0888671875,0.0,0.034166671236356444,0.0,0.04165079513584406,0.02082539756792203,0.06097560578481939,0.012089810589064352,0.014399999993896484,False
17,17,zero,A,1,True,False,-0.097216796875,0.097216796875,0.0,0.04666658898194626,0.0,0.025516163946577936,0.012758081973288968,0.031561503667006045,0.012882456808837402,0.008003303543957027,False
17,17,zero,A,2,True,False,-0.16124674479166667,0.16124674479166667,0.0,0.08197906196117404,0.0,0.044824171443026,0.022412085721513,0.038206053433643174,0.025563625026075235,0.016336640444392852,False
17,17,zero,A,3,True,False,-0.215869140625,0.215869140625,0.0,0.11140611827373507,0.0,0.06091417522768173,0.030457087613840864,0.036544915991984006,0.03743963887691474,0.024174927310110464,False
17,17,zero,A,4,True,False,-0.22932942708333331,0.22932942708333331,0.0,0.12052069147427875,0.0,0.06589780375425201,0.032948901877126006,0.02990036622534688,0.0360306187357177,0.03160067248022959,False
17,17,zero,A,5,True,False,-0.24327799479166665,0.24327799479166665,0.0,0.13583318134148903,0.0,0.07427030344633806,0.03713515172316903,0.034883778550324374,0.034822887186120234,0.03927394266770782,False
17,17,zero,A,6,True,False,-0.23211263020833328,0.23211263020833328,0.0,0.13515609800815592,0.0,0.0739000906299373,0.03695004531496865,0.036544915991984006,0.034420310002921096,0.038778892632989635,False
17,17,zero,A,7,True,False,-0.2370930989583333,0.2370930989583333,0.0,0.13015609800815586,0.0,0.0711662113703615,0.03558310568518075,0.02990036622534688,0.034420310002921096,0.03778879256355324,False
17,17,zero,A,8,True,False,-0.23152669270833331,0.23152669270833331,0.0,0.12828109800815582,0.0,0.07014100664802056,0.03507050332401028,0.031561503667006045,0.034420310002921096,0.03638615079851838,False
17,17,zero,A,9,True,False,-0.21801757812499997,0.21801757812499997,0.0,0.12739568134148915,0.0,0.06965688219580403,0.034828441097902015,0.036544915991984006,0.03421902141132148,0.034818492355244104,False
17,17,zero,A,10,True,False,-0.18227539062499998,0.18227539062499998,0.0,0.11562484800815574,0.0,0.06322087477221937,0.031610437386109684,0.02990036622534688,0.03140098112892735,0.03217822550341375,False
17,17,zero,A,11,True,False,-0.14930013020833335,0.14930013020833335,0.0,0.10281234800815575,0.0,0.05621530916955649,0.028107654584778246,0.028239228783687717,0.026570054930537428,0.029125416955984904,False
17,17,zero,A,12,True,False,-0.108349609375,0.108349609375,0.0,0.08046859800815573,0.0,0.04399828622832729,0.021999143114163646,0.011627854367095139,0.02053139718255004,0.025577558373837874,False
17,17,zero,A,13,True,False,-0.10838216145833332,0.10838216145833332,0.0,0.0734373480081556,0.0,0.040153768519548806,0.020076884259774403,0.014950129250413466,0.018115934083355052,0.022689766504648434,False
17,17,zero,A,14,True,False,-0.10668945312499999,0.10668945312499999,0.0,0.06885401467482215,0.0,0.03764771253160429,0.018823856265802144,0.018272404133731792,0.01771335690015586,0.019719466296339302,False
17,17,zero,A,15,True,False,-0.10164388020833331,0.10164388020833331,0.0,0.06364568134148885,0.0,0.034799921636212885,0.017399960818106443,0.018272404133731792,0.017310779716956725,0.017244216122748356,False
17,17,zero,A,16,True,False,-0.07576497395833331,0.07576497395833331,0.0,0.052708181341488976,0.0,0.02881956075589098,0.01440978037794549,0.014950129250413466,0.013687585068164325,0.01476896594915741,False
17,17,zero,A,17,True,False,-0.05541992187500001,0.05541992187500001,0.0,0.0412498480081556,0.0,0.022554420786029834,0.011277210393014917,0.00830557948377634,0.009661813236172734,0.013118799166763445,False
17,17,zero,A,18,True,False,-0.044596354166666664,0.052408854166666664,0.00390625,0.03270818134148884,1.0,0.017884043717587856,0.5089420218587939,0.5016610297171392,0.0070450615453781775,0.01204619075820736,False
17,17,zero,A,19,True,False,-0.07423502604166667,0.07423502604166667,0.0,0.03729151467482216,0.0,0.020390099705532298,0.010195049852766149,0.00830557948377634,0.008655370278174779,0.011716157401728561,False
17,17,zero,A,20,True,False,-0.087255859375,0.087255859375,0.0,0.03833318134148894,0.0,0.020959657884610645,0.010479828942305322,0.004983304600458013,0.011272121968969337,0.011303615706130072,False
17,17,zero,A,21,True,False,-0.11083984375,0.11083984375,0.0,0.043697774807611826,0.0,0.023892888047228444,0.011946444023614222,0.018272404133731792,0.013486296476564758,0.009323420917911024,False
17,17,zero,A,22,True,False,-0.092626953125,0.092626953125,0.0,0.03546861827373488,0.0,0.019393383972874736,0.009696691986437368,0.014950129250413466,0.011473410560568961,0.00717820945145259,False
17,17,zero,A,23,True,False,-0.060791015625,0.060791015625,0.0,0.01828114529450713,0.0,0.009995688792388817,0.004997844396194408,0.0016610297171392137,0.006642497415714743,0.004702964628515359,False
17,17,zero,A,24,True,False,-0.036637369791666666,0.036637369791666666,0.0,0.006927106976509112,0.0,0.0037875748183881655,0.0018937874091940828,1.077245199497724e-07,0.002214161454059661,0.0021452114664584337,False
18,18,zero,A,1,True,False,-0.014192708333333331,0.014192708333333331,0.0,0.007682360212007966,0.0,0.005367566461866465,0.0026837832309332325,0.007009400770196359,0.0026838482341814056,0.0017552671041219283,False
18,18,zero,A,2,True,False,-0.016471354166666667,0.016471354166666667,0.0,0.013541759053865862,0.0,0.009461453215718021,0.004730726607859011,0.005841189590356933,0.006307037975371122,0.0035105342082438567,False
18,18,zero,A,3,True,False,-0.012272135416666666,0.012760416666666666,0.000244140625,0.019349074562390333,0.00013178703215603585,0.013518950013161946,0.006825368522658991,0.008177611950035784,0.009189220203999177,0.005065200013523183,False
18,18,zero,A,4,True,False,0.0055501302083333336,0.013818359374999999,0.009684244791666668,0.024375125169753785,0.0052275522755227555,0.017030587053242417,0.011129069664382586,0.03191121582261395,0.009385585217551937,0.00782299839473671,False
18,18,zero,A,5,True,False,-0.007812499999999998,0.015755208333333333,0.0039713541666666664,0.019401175777117103,0.002143735723071516,0.013555352463069565,0.00784954409307054,1.3369115947016242e-07,0.006835943984243718,0.010144631516104011,False
18,18,zero,A,6,True,False,0.0026855468749999996,0.01512044270833333,0.008902994791666667,0.022239717443783797,0.004805833772623441,0.01553860508728209,0.010172219429952766,0.005841189590356933,0.008492665233086933,0.012117262685217787,False
18,18,zero,A,7,True,False,0.013541666666666667,0.021582031249999998,0.01756184895833333,0.02252617577711711,0.009479880513090844,0.015738749847523704,0.012609315180307274,0.0011683448709988963,0.012539239319759359,0.01507620943888845,False
18,18,zero,A,8,True,False,0.038069661458333334,0.038069661458333334,0.038069661458333334,0.03283867577711715,0.020549991214197857,0.02294396121622238,0.02174697621521012,0.03596293334616733,0.020922429570653725,0.019274754677760852,False
18,18,zero,A,9,True,False,0.04147135416666666,0.04147135416666666,0.04147135416666666,0.033724092443783785,0.02238622386223862,0.023562590475151024,0.022974407168694824,0.021486167058181845,0.02444208198636231,0.022391746236838272,False
18,18,zero,A,10,True,False,0.04563802083333333,0.04563802083333333,0.04563802083333333,0.03609388411045044,0.024635389211034964,0.025218333491695402,0.02492686135136518,0.02034757316305011,0.025239355925936714,0.025685529570948752,False
18,18,zero,A,11,True,False,0.053564453125,0.053564453125,0.053564453125,0.03630221744378383,0.028914074855034267,0.025363893317325716,0.02713898408617999,0.024931566028284752,0.02569819728452445,0.02848793476631915,False
18,18,zero,A,12,True,False,0.05636393229166667,0.05636393229166667,0.05636393229166667,0.03710950911045042,0.03042523282375681,0.02592793764164298,0.028176585232699895,0.01971163732489161,0.027096380150120468,0.030613548186656465,False
18,18,zero,A,13,True,False,0.06402994791666666,0.06402994791666666,0.06402994791666666,0.04302096744378378,0.03456334563345633,0.030058197693902073,0.032310771663679204,0.035401040719778384,0.030625877470298525,0.03267279558974842,False
18,18,zero,A,14,True,False,0.060986328125,0.060986328125,0.060986328125,0.0426043007771171,0.032920400632577757,0.02976707804264151,0.03134373933760963,0.01573396301310778,0.031222848434532356,0.034658083144320215,False
18,18,zero,A,15,True,False,0.07504882812500001,0.07504882812500001,0.07504882812500001,0.04416680077711718,0.04051133368476542,0.030858776734868636,0.03568505520981703,0.037678228510041864,0.034600433282807076,0.03593264429168298,False
18,18,zero,A,16,True,False,0.07623697916666666,0.07623697916666666,0.07623697916666666,0.04093763411045043,0.04115269724125813,0.028602599437599303,0.03487764833942872,0.028362156356033476,0.036645946596967995,0.03519810836066445,False
18,18,zero,A,17,True,False,0.07320963541666667,0.07320963541666667,0.07320963541666667,0.04427096744378375,0.03951853804252328,0.030931556647683704,0.0352250473451035,0.04177437196065678,0.035788468268593075,0.03350866020017335,False
18,18,zero,A,18,True,False,0.061523437499999986,0.061523437499999986,0.061523437499999986,0.038984509110450476,0.03321033210332103,0.0272379760723155,0.030224154087818263,0.0353714234350707,0.02915173836875082,0.029799989852934545,False
18,18,zero,A,19,True,False,0.03649088541666667,0.04088541666666667,0.03868815104166667,0.030937634110450418,0.020883851695659813,0.021615727807346066,0.02124978975150294,0.005841189590356933,0.01972258069950436,0.025395780761036345,False
18,18,zero,A,20,True,False,0.036181640625000004,0.036181640625000004,0.036181640625000004,0.028099092443783762,0.019530838165524516,0.019632475183133567,0.01958165667432904,0.014491708621498803,0.015728335078056863,0.023005731301702664,False
18,18,zero,A,21,True,False,0.036181640625,0.036181640625,0.036181640625,0.029713675777117067,0.019530838165524513,0.020760563831768185,0.02014570099864635,0.018558234787406026,0.016860103636830125,0.02249204688625955,False
18,18,zero,A,22,True,False,0.042317708333333336,0.042317708333333336,0.042317708333333336,0.03299492577711708,0.022843085573712882,0.023053131085445034,0.022948108329578956,0.018558234787406026,0.021319097559547022,0.02486841193015013,False
18,18,zero,A,23,True,False,0.05126953125,0.05126953125,0.05126953125,0.04158867577711718,0.027675276752767528,0.029057473892693975,0.02836637532273075,0.024990800597700456,0.025255107773087888,0.0309473567371112,False
18,18,zero,A,24,True,False,0.06778971354166667,0.06778971354166667,0.06778971354166667,0.047526175777117194,0.03659286592865929,0.03320592892315684,0.034899397425908064,0.027297605672671622,0.03315779787556172,0.03753998595951538,False
18,18,zero,A,25,True,False,0.085595703125,0.085595703125,0.085595703125,0.05466159244378383,0.04620453347390617,0.03819135295099376,0.04219794321244996,0.02672090440392883,0.0458480695772696,0.04320760306042483,False
18,18,zero,A,26,True,False,0.11876627604166667,0.11876627604166667,0.11876627604166667,0.06135430077711715,0.06410999824283957,0.04286746234936635,0.05348873029610296,0.07294585775747552,0.05646329325140817,0.047649306091575666,False
18,18,zero,A,27,True,False,0.11482747395833333,0.11482747395833333,0.11482747395833333,0.06627617577711707,0.061983834124055524,0.04630631322988156,0.05414507367696854,0.07889057415315022,0.05699809084594756,0.04721567210882102,False
18,18,zero,A,28,True,False,0.08815104166666667,0.08815104166666667,0.08815104166666667,0.048567842443783725,0.04758390441047267,0.03393372805130812,0.04075881623089039,0.023171844937348356,0.04476075356014572,0.04203033606827035,False
18,18,zero,A,29,True,False,0.07161458333333333,0.07161458333333333,0.07161458333333333,0.043645967443783816,0.03865752943243718,0.030494877170792925,0.03457620330161505,0.03191121582261395,0.031341288231239536,0.037100814205456134,False
18,18,zero,A,30,True,False,0.05424804687499999,0.05424804687499999,0.05424804687499999,0.03479180077711707,0.02928307854507116,0.024308584581506153,0.026795831563288658,0.015674728443692068,0.022034508320488037,0.03202337264560157,False
18,18,zero,A,31,True,False,0.046044921875000006,0.046044921875000006,0.046044921875000006,0.030885550777117122,0.024855034264628362,0.02157933785093852,0.023217186057783442,0.006979783485488672,0.02083859741112645,0.02806648195190112,False
18,18,zero,A,32,True,False,0.054671223958333334,0.054671223958333334,0.054671223958333334,0.03338555077711708,0.029511509400808295,0.0233260557585018,0.026418782579655048,0.028421390925449184,0.024288200533565042,0.02729548011161506,False
18,18,zero,A,33,True,False,0.059244791666666664,0.059244791666666664,0.059244791666666664,0.033255342443783836,0.03198031980319803,0.02323508086748294,0.027607700335340483,0.025493458654673694,0.028601188927060258,0.027462146778281727,False
18,18,zero,A,34,True,False,0.059895833333333336,0.059895833333333336,0.059895833333333336,0.03458346744378375,0.03233175188894746,0.02416302475587589,0.02824738832241168,0.03188159853790593,0.031323567403194474,0.025632372752025095,False
18,18,zero,A,35,True,False,0.05006510416666666,0.050944010416666664,0.05050455729166666,0.032838675777117056,0.027262344052011944,0.02294396121622231,0.025103152634117127,0.033049809717745356,0.027743710598685335,0.02184618324918941,False
18,18,zero,A,36,True,False,0.028076171875,0.037548828125,0.0328125,0.02630221744378368,0.017712177121771217,0.018377021687072382,0.0180445994044218,0.0202883385936344,0.019117733811694904,0.016931849048924797,False
18,18,zero,A,37,True,False,-0.005891927083333333,0.030891927083333333,0.0125,0.019088675777117058,0.006747496046389035,0.01333701272462412,0.010042254385506579,0.005841189590356933,0.009480397243532323,0.011261700670923733,False
18,18,zero,A,38,True,False,-0.03287760416666666,0.03834635416666666,0.002734375,0.011067842443783709,0.0014760147601476014,0.007732959437858498,0.00460448709900305,0.0011683448709988963,0.0029522622359277814,0.006348394500644233,False
18,18,zero,A,39,True,False,-0.042399088541666664,0.042399088541666664,0.0,0.00697921137015008,0.0,0.004876285392364237,0.0024381426961821184,0.002336288668519382,0.001476154153486194,0.003059198503595551,False
18,18,zero,A,40,True,False,-0.03850911458333333,0.03850911458333333,0.0,0.004609509110450402,0.0,0.0032206048433199718,0.0016103024216599859,0.0011683448709988963,0.0012077708657695556,0.001955891359961259,False
18,18,zero,A,41,True,False,-0.0294921875,0.0294921875,0.0,0.005859479308128127,0.0,0.004093942974601624,0.002046971487300812,0.005841189590356933,0.0012077401517398179,0.001755290061118671,False
18,18,zero,A,42,True,False,-0.025960286458333332,0.025960286458333332,0.0,0.005937485098838891,0.0,0.004148444619212875,0.0020742223096064374,0.004672711028198566,0.0012077094377100804,0.0020561920093825673,False
18,18,zero,A,43,True,False,-0.03380533854166667,0.03380533854166667,0.0,0.00919269343217221,0.0,0.00642281689468592,0.00321140844734296,0.004672711028198566,0.002147050944718353,0.003560701750702064,False
18,18,zero,A,44,True,False,-0.026318359374999996,0.028694661458333333,0.0011881510416666668,0.01497406264146143,0.0006413635564927079,0.010462185345926162,0.005551774451209435,0.0011683448709988963,0.005698237768759022,0.0063990200424762925,False
18,18,zero,A,45,True,False,0.005305989583333332,0.0205078125,0.012906901041666669,0.022734500169753737,0.006967141099982429,0.015884303426403963,0.011425722263193196,0.029574793462934765,0.013760746980741556,0.006198413004384508,False
18,18,zero,A,46,True,False,0.010026041666666667,0.013834635416666666,0.011930338541666667,0.026015741229057122,0.006439992971358285,0.01817686443333085,0.012308428702344568,0.02326069679147208,0.019565595303829536,0.005546453043896872,False
18,18,zero,A,47,True,False,0.01103515625,0.0125,0.011767578125,0.021276134053865935,0.006352134949920928,0.014865361742242055,0.010608748346081491,0.023837398060214874,0.015880232192945414,0.0045935911351453395,False
18,18,zero,A,48,True,False,0.00419921875,0.00419921875,0.00419921875,0.01294277687867466,0.0022667369530838164,0.009042952059030943,0.00565484450605738,0.014580560475622195,0.007146780118686115,0.002838324031023411,False
19,19,zero,A,1,True,False,0.11672566731770834,0.11672566731770834,0.11672566731770834,0.02864582876364398,0.02453693605847158,0.014952253253933623,0.019744594656202603,0.06189508296757856,0.01624191641209275,0.009300160524776863,False
19,19,zero,A,2,True,False,0.16009012858072919,0.16009012858072919,0.16009012858072919,0.028190098007520096,0.033652591917818185,0.014714375630025627,0.024183483773921904,0.04056809135462082,0.028781577656320643,0.015710881008137993,False
19,19,zero,A,3,True,False,0.2030161539713542,0.2030161539713542,0.2030161539713542,0.033281242251396274,0.04267608404647961,0.017371798416248394,0.030023941231364003,0.03166159065757858,0.04013144564383978,0.022061231215923453,False
19,19,zero,A,4,True,False,0.20530395507812502,0.20530395507812502,0.20530395507812502,0.03563801248868325,0.04315700337434727,0.018601960955444044,0.030879482164895656,0.032173993187255556,0.03252815897892682,0.029286595607348143,False
19,19,zero,A,5,True,False,0.21545308430989585,0.21545308430989585,0.21545308430989585,0.04046874105930346,0.0452904547456837,0.021123454663477294,0.0332069547045805,0.03061625850284417,0.029244321061028443,0.03694598740771887,False
19,19,zero,A,6,True,False,0.18135782877604165,0.18135782877604165,0.18135782877604165,0.036302080353101104,0.03812328128541674,0.01894858422714273,0.028535932756279733,0.008000764959835446,0.028106021737401884,0.03522676054656049,False
19,19,zero,A,7,True,False,0.20282491048177081,0.20282491048177081,0.20282491048177081,0.056393220225970056,0.04263588269759604,0.029435549502890127,0.03603571610024309,0.03741654783538419,0.03399522913444099,0.03718564465578005,False
19,19,zero,A,8,True,False,0.21484680175781246,0.21484680175781246,0.21484680175781246,0.05980467855930344,0.04516300791624433,0.03121622721991891,0.03818961756808162,0.03634000596410906,0.037929209731866226,0.038925264023909834,False
19,19,zero,A,9,True,False,0.20469563802083332,0.20469563802083332,0.20469563802083332,0.0680729077259701,0.043029128870983605,0.035531991915771055,0.03928056039337733,0.03602957064177068,0.038396698634778265,0.04093719280505144,False
19,19,zero,A,10,True,False,0.17851664225260416,0.17851664225260416,0.17851664225260416,0.06580728272597004,0.03752603465014134,0.03434940442430917,0.03593771953722526,0.025430796428026203,0.033573847375532435,0.04088344246190553,False
19,19,zero,A,11,True,False,0.149359130859375,0.149359130859375,0.149359130859375,0.06860676189263673,0.031396825804133895,0.03581064758904653,0.03360373669659021,0.018289122171174337,0.034137610248267,0.037957547363763396,False
19,19,zero,A,12,True,False,0.14053853352864581,0.14053853352864581,0.14053853352864581,0.0704296785593034,0.029542645505360888,0.0367621547660848,0.03315240013572284,0.029881535080159637,0.03584778361618797,0.032217923153897085,False
19,19,zero,A,13,True,False,0.12826944986979166,0.13077189127604166,0.12952067057291666,0.06809894939263682,0.027226577368351275,0.035545584875443056,0.03138608112189717,0.05449471020030987,0.03141065407894552,0.024292022180661607,False
19,19,zero,A,14,True,False,0.040307617187500006,0.07894287109374999,0.059625244140625006,0.04065103590488442,0.012533839699259697,0.021218607040477906,0.0168762233698688,0.008787460276513785,0.020044178760536525,0.017023556308428334,False
19,19,zero,A,15,True,False,-0.0416412353515625,0.0808807373046875,0.0196197509765625,0.03613281587759648,0.004124273488921107,0.018860233307868526,0.011492253398394816,0.010402225861875267,0.01176074464360187,0.011673862753865187,False
19,19,zero,A,16,True,False,-0.06897176106770833,0.07789510091145833,0.004461669921875,0.033398444056510795,0.000937888915974904,0.01743297420160792,0.009185431558791413,0.011095707233277387,0.010025783333758666,0.008044255223927751,False
19,19,zero,A,17,True,False,-0.0716552734375,0.0716552734375,0.0,0.02830729822317748,0.0,0.014775550585736768,0.007387775292868384,0.007628300376266587,0.009357397923871223,0.005906481275125848,False
19,19,zero,A,18,True,False,-0.04485677083333334,0.06840413411458333,0.011773681640625,0.028007817069689387,0.0024749489998845283,0.014619230512448565,0.008547089756166547,0.0055478562620602245,0.00601546941746938,0.011313652367124479,False
19,19,zero,A,19,True,False,0.014638264973958337,0.07133992513020834,0.042989095052083336,0.032369787096977284,0.009036750020314512,0.01689604648702607,0.01296639825367029,0.004109117224029988,0.008950101970408037,0.01861296601936517,False
19,19,zero,A,20,True,False,0.09203389485677083,0.1109100341796875,0.10147196451822915,0.05249999225139623,0.021330450811083593,0.02740340265416611,0.024366926732624854,0.01552560474134905,0.023134658034652797,0.02803266169580592,False
19,19,zero,A,21,True,False,0.19406229654947915,0.19451395670572919,0.1942881266276042,0.08002603272597002,0.04084136291126195,0.041771160405207654,0.0413062616582348,0.035424102544033984,0.043403244852201095,0.04159216349790068,False
19,19,zero,A,22,True,False,0.2935302734375,0.2935302734375,0.2935302734375,0.11397134522597004,0.06170308310132023,0.05948958333762741,0.060596333219473816,0.07284583802193884,0.060025496925700736,0.05727025654465769,False
19,19,zero,A,23,True,False,0.32741800944010413,0.32741800944010413,0.32741800944010413,0.11770832439263679,0.06882663382130927,0.0614401730505559,0.06513340343593259,0.059162601844582496,0.06796324604461493,0.06489247410495792,False
19,19,zero,A,24,True,False,0.3300771077473958,0.3300771077473958,0.3300771077473958,0.11921874105930338,0.06938560364036044,0.06222856471153043,0.06580708417594544,0.05213476591492896,0.0716131656789381,0.06581348020147275,False
19,19,zero,A,25,True,False,0.34151000976562496,0.34151000976562496,0.34151000976562496,0.11635415772597009,0.07178891725792585,0.06073333914761317,0.06626112820276951,0.07687205736077739,0.06786069515532372,0.061820417655543525,False
19,19,zero,A,26,True,False,0.2771636962890625,0.2771636962890625,0.2771636962890625,0.09263019939263675,0.058262660217343894,0.04835015288644371,0.0533064065518938,0.06261961509661916,0.052692608766125915,0.050886167279273184,False
19,19,zero,A,27,True,False,0.15390116373697915,0.15390116373697915,0.15390116373697915,0.052122386892636756,0.032351607840118375,0.0272063041166862,0.029778955978402286,0.012192736716629099,0.029032265259643187,0.03578864869993924,False
19,19,zero,A,28,True,False,0.07805277506510416,0.08348490397135416,0.08076883951822916,0.025898437698682164,0.01697844095747638,0.013518198497485453,0.015248319727480916,0.0013869680336473028,0.010142892089345849,0.023292854132056288,False
19,19,zero,A,29,True,False,0.053851318359375004,0.053851318359375004,0.053851318359375004,0.014283849596977238,0.011320101102115704,0.007455735994839231,0.009387918548477467,0.005775464531534119,0.004663065556345988,0.013952415656890949,False
19,19,zero,A,30,True,False,0.039697265625,0.039697265625,0.039697265625,0.010911454955736852,0.008344773610808175,0.005695448339554775,0.007020110975181475,0.0065207116164765055,0.006534421173902443,0.007518113211168485,False
19,19,zero,A,31,True,False,0.0394256591796875,0.0423553466796875,0.0408905029296875,0.015572914481163018,0.008595604367406116,0.008128588743074625,0.00836209655524037,0.018589221691775806,0.007611531982519312,0.0057132063634259015,False
19,19,zero,A,32,True,False,0.017679850260416664,0.030924479166666664,0.024302164713541664,0.018190111120541842,0.0051085650256818185,0.009494685960586518,0.007301625493134168,0.006955403903482526,0.007091976021397254,0.007470614569409315,False
19,19,zero,A,33,True,False,-0.023457845052083332,0.03515625,0.005849202473958334,0.033385425607363295,0.0012295625323428406,0.01742617896624458,0.00932787074929371,0.009015263119071025,0.008399869594837819,0.010095347736481694,False
19,19,zero,A,34,True,False,-0.024068196614583336,0.03561604817708334,0.00577392578125,0.04066407144069657,0.0012137385971439936,0.021225411194561637,0.011219574895852815,0.008037084774007488,0.01088513600361397,0.012363948872206092,False
19,19,zero,A,35,True,False,-0.047039794921875,0.047039794921875,0.0,0.050195321440696626,0.0,0.026200434434504608,0.013100217217252304,0.013522892033185106,0.012890292233276333,0.013125514813992479,False
19,19,zero,A,36,True,False,-0.03249308268229167,0.03249308268229167,0.0,0.041796883344650114,0.0,0.0218167046291744,0.0109083523145872,0.006934819004864466,0.012030939563421026,0.011279739200371728,False
19,19,zero,A,37,True,False,-0.019238281250000003,0.030773925781250003,0.005767822265625,0.03263021608193703,0.0012124555753711141,0.017031982513520966,0.00912221904444604,0.009015263119071025,0.010081889892724495,0.008449550093052772,False
19,19,zero,A,38,True,False,-0.008669026692708333,0.020204671223958335,0.005767822265625,0.016601568659146564,0.0012124555753711141,0.008665515005771812,0.0049389852905714635,0.003120671462152703,0.0054031912950300316,0.005127154238884716,False
19,19,zero,A,39,True,False,0.03310546875,0.03568115234375,0.034393310546875,0.012552081942558309,0.007229827690175902,0.006551805835949719,0.00689081676306281,0.03398017728520261,0.0020612635171104853,0.0020098445292371196,False
20,20,zero,A,1,True,False,0.028694661458333336,0.028694661458333336,0.028694661458333336,0.011614551345507425,0.003758060218491873,0.003285081540592161,0.0035215708795420173,0.0050052673979289275,0.0034234658733540433,0.003221990562501448,False
20,20,zero,A,2,True,False,0.056689453125,0.056689453125,0.056689453125,0.031041623552640445,0.0074244604316546755,0.008779871171023253,0.008102165801338964,0.009641428786167843,0.008229344012332775,0.007647178594358598,False
20,20,zero,A,3,True,False,0.09589843749999999,0.09589843749999999,0.09589843749999999,0.05312494575977336,0.012559552358113506,0.015025959545815475,0.01379275595196449,0.014776427448923027,0.01505995410862273,0.012720142864865822,False
20,20,zero,A,4,True,False,0.13186848958333333,0.13186848958333333,0.13186848958333333,0.06979160825411497,0.017270450306421527,0.01973998970287526,0.018505220004648396,0.017279841863173336,0.0203409593399881,0.017587876676910946,False
20,20,zero,A,5,True,False,0.177587890625,0.177587890625,0.177587890625,0.08682285408178976,0.0232581934452438,0.024557139295435557,0.023907666370339677,0.02629274895725201,0.0253966893035526,0.022344294871177155,False
20,20,zero,A,6,True,False,0.19251302083333333,0.19251302083333333,0.19251302083333333,0.09213535408178972,0.025212896349586993,0.02605973678415786,0.025636316566872427,0.031176021972331935,0.02628060874455434,0.02387183758046755,False
20,20,zero,A,7,True,False,0.18365885416666666,0.18365885416666666,0.18365885416666666,0.0850520207484564,0.024053290700772712,0.024056273465861443,0.02405478208331708,0.02604256131652146,0.02334652647186527,0.024044337584146452,False
20,20,zero,A,8,True,False,0.15791015625,0.15791015625,0.15791015625,0.07114577074845649,0.020681055155875296,0.020123003568911876,0.020402029362393586,0.009516334965802571,0.019391915979763426,0.023703371483485412,False
20,20,zero,A,9,True,False,0.17454427083333332,0.17454427083333332,0.17454427083333332,0.06869785408178976,0.02285957900346389,0.0194306302162653,0.021145104609864594,0.01489383123456452,0.01978447368137761,0.02354665827810365,False
20,20,zero,A,10,True,False,0.18681640625,0.18681640625,0.18681640625,0.08385410408178981,0.024466826538768985,0.02371745246350251,0.02409213950113575,0.02767185699515956,0.02369320419550186,0.02349625839652486,False
20,20,zero,A,11,True,False,0.191064453125,0.191064453125,0.191064453125,0.08669264574845649,0.02502318145483613,0.024520310925613947,0.024771746190225038,0.028172232276620655,0.02553338508538085,0.02344930097618327,False
20,20,zero,A,12,True,False,0.19044596354166668,0.19044596354166668,0.19044596354166668,0.08348952074845649,0.024942179589661603,0.023614333028001963,0.024278256308831785,0.029044813005288037,0.02366768631770856,0.023527106222809614,False
20,20,zero,A,13,True,False,0.15847981770833336,0.15847981770833336,0.15847981770833336,0.07263014574845647,0.020755662136957103,0.0205428469848784,0.020649254560917752,0.01214484320041803,0.020113708764560846,0.023058580585462875,False
20,20,zero,A,14,True,False,0.15854492187499997,0.15854492187499997,0.15854492187499997,0.07416660408178972,0.02076418864908073,0.020977421748773557,0.020870805198927145,0.014398069973937666,0.020218699735464998,0.02286510301860113,False
20,20,zero,A,15,True,False,0.17521158854166663,0.17521158854166663,0.17521158854166663,0.08520827074845645,0.02294697575273114,0.024100467509647408,0.023523721631189272,0.02854751373771648,0.022407533656606957,0.023051238542378845,False
20,20,zero,A,16,True,False,0.17495117187499998,0.17495117187499998,0.17495117187499998,0.08460931241512312,0.022912869704236605,0.023931057008467933,0.02342196335635227,0.025103588660309553,0.023418868479740774,0.023018050966985996,False
20,20,zero,A,17,True,False,0.16193033854166666,0.16193033854166666,0.16193033854166666,0.07921868741512311,0.02120756727950972,0.022406362497852637,0.02180696488868118,0.01677792857476741,0.02212512270350593,0.022812040592154526,False
20,20,zero,A,18,True,False,0.16269531250000002,0.16269531250000002,0.16269531250000002,0.08062493741512315,0.02130775379696243,0.022804108891926203,0.022055931344444314,0.01778021714463443,0.020953723535211362,0.0238206577825194,False
20,20,zero,A,19,True,False,0.17278645833333334,0.17278645833333334,0.17278645833333334,0.0835416040817898,0.022629363176125763,0.023629064375930608,0.023129213776028185,0.02140947594217208,0.021579718745383586,0.024568319543107744,False
20,20,zero,A,20,True,False,0.18211263020833332,0.18211263020833332,0.18211263020833332,0.08947910408178976,0.023850786037836393,0.025308438039796714,0.024579612038816555,0.023787796536056994,0.024317050091213266,0.024940590590663184,False
20,20,zero,A,21,True,False,0.18185221354166667,0.18185221354166667,0.18185221354166667,0.09463535408178977,0.02381667998934186,0.026766841484733083,0.02529176073703747,0.02203648305094316,0.02592576878016062,0.02565694740435713,False
20,20,zero,A,22,True,False,0.19305013020833334,0.19305013020833334,0.19305013020833334,0.10731764574845645,0.02528324007460698,0.0303539247053594,0.02781858238998319,0.034936526618013934,0.026970696718427695,0.026668227139589825,False
20,20,zero,A,23,True,False,0.17635091145833334,0.17635091145833334,0.17635091145833334,0.09471347908178981,0.02309618971489475,0.02678893850662607,0.024942564110760408,0.019282880995962426,0.025314035740459144,0.026064745776413517,False
20,20,zero,A,24,True,False,0.17478841145833335,0.17478841145833335,0.17478841145833335,0.08976556241512314,0.022891553423927524,0.025389460453404303,0.024140506938665915,0.020283631558884616,0.024483214366087584,0.0248432332887428,False
20,20,zero,A,25,True,False,0.175146484375,0.175146484375,0.175146484375,0.0845832707484565,0.02293844924060751,0.023923691334503616,0.02343107028755556,0.02554064802811566,0.023407699775835435,0.02293166664029661,False
20,20,zero,A,26,True,False,0.16022135416666666,0.16022135416666666,0.16022135416666666,0.07645827074845646,0.02098374633626432,0.021625601057634183,0.02130467369694925,0.02328588324765119,0.020970048016725702,0.021041857471402622,False
20,20,zero,A,27,True,False,0.13017578125,0.13017578125,0.13017578125,0.06716139574845645,0.017048760991207033,0.01899605545237013,0.01802240822178858,0.01878250571450133,0.016165111198755355,0.01907268322314356,False
20,20,zero,A,28,True,False,0.10166015625000001,0.10361328125000001,0.10263671875000001,0.05523431241512306,0.013442046362909672,0.015622576776709226,0.014532311569809449,0.004385950323881507,0.012870089031958964,0.01809270843480526,False
20,20,zero,A,29,True,False,0.12324218750000002,0.12324218750000002,0.12324218750000002,0.05140618741512311,0.016140687450039968,0.014539822703953452,0.01534025507699671,0.006007555967795826,0.014179215137603571,0.018360683111906098,False
20,20,zero,A,30,True,False,0.16861979166666666,0.16861979166666666,0.16861979166666666,0.06713535408178978,0.02208366640021316,0.0189886897784058,0.02053617808930948,0.02654139859103785,0.019185027504520485,0.019978698200642495,False
20,20,zero,A,31,True,False,0.182177734375,0.182177734375,0.182177734375,0.06872389574845648,0.02385931254996003,0.019437995890229643,0.021648654220094835,0.02190831321668847,0.022300654381493618,0.021152284880692464,False
20,20,zero,A,32,True,False,0.194873046875,0.194873046875,0.194873046875,0.0729166040817898,0.025521982414068743,0.020623869398485973,0.02307292590627736,0.021533031755592652,0.023084651625782972,0.023437493938523044,False
20,20,zero,A,33,True,False,0.20447591145833333,0.20447591145833333,0.20447591145833333,0.07643222908178982,0.026779642952304818,0.021618235383669866,0.024198939167987342,0.02115775029449683,0.022050892391421252,0.026357812102184044,False
20,20,zero,A,34,True,False,0.223583984375,0.223583984375,0.223583984375,0.08513014574845647,0.02928217426059152,0.024078370487754436,0.02668027237417298,0.0217832193963232,0.025111445894137795,0.028901502515833122,False
20,20,zero,A,35,True,False,0.247509765625,0.247509765625,0.247509765625,0.09794264574845649,0.03241566746602717,0.02770228207820238,0.030058974772114777,0.022909063779610665,0.03040568214045211,0.031552743290264196,False
20,20,zero,A,36,True,False,0.2943684895833333,0.2943684895833333,0.2943684895833333,0.12768222908178978,0.03855262456701305,0.03611388174546161,0.037333253156237325,0.0484528112452426,0.03656338872416665,0.03515687628374574,False
20,20,zero,A,37,True,False,0.2835286458333333,0.2835286458333333,0.2835286458333333,0.13302077074845642,0.03713296029842792,0.03762384490814824,0.03737840260328808,0.03768859066604996,0.03791718964543265,0.03695277061195652,False
20,20,zero,A,38,True,False,0.26923828125,0.26923828125,0.26923828125,0.12992181241512316,0.03526139088729016,0.03674732970639358,0.03600436029684187,0.026044099323466293,0.036634612573103145,0.03799756071834179,False
20,20,zero,A,39,True,False,0.28359375,0.28359375,0.28359375,0.13664056241512304,0.03714148681055155,0.03864767358918942,0.037894580199870485,0.03831405976787633,0.035585560012748874,0.03932662356679452,False
20,20,zero,A,40,True,False,0.25421549479166666,0.25421549479166666,0.25421549479166666,0.1180207749207815,0.033293898214761516,0.03338121788480527,0.03333755804978339,0.033052429277811046,0.035901651084400375,0.03170450946805263,False
20,20,zero,A,41,True,False,0.22623697916666669,0.22623697916666669,0.22623697916666669,0.10369786242643995,0.029629629629629627,0.029330098384534757,0.02947986400708219,0.032426960175984676,0.037532881187992834,0.02343085387366378,False
20,20,zero,A,42,True,False,0.16692708333333334,0.16692708333333334,0.16692708333333334,0.07726558188597368,0.021861977084998666,0.021853942457700243,0.021857959771349453,0.03756195883873999,0.02522039031139094,0.015838162093317856,False
20,20,zero,A,43,True,False,0.10428059895833335,0.10428059895833335,0.10428059895833335,0.04679684301217399,0.013657340794031442,0.013236107066395313,0.013446723930213378,0.03662144817558324,0.012937454931252316,0.00818442025192187,False
