sample_index,sample_id,baseline,modality,position,is_valid_non_special,TEXT_MISSING_OOD_CAUTION,signed_classification_score,absolute_classification_sensitivity,support_classification_score,regression_score,normalized_support_cls,normalized_regression,combined_score,combined_score_w1,combined_score_w3,combined_score_w5,natural_zero_modality
1,01,zero,V,1,True,False,0.02483723958333333,0.02483723958333333,0.02483723958333333,0.029401046236356018,0.0935049019607843,0.025613975375165635,0.059559438667974966,0.11783074632817486,0.042308906089975395,0.04640830396071788,False
1,01,zero,V,2,True,False,0.027050781250000003,0.027050781250000003,0.027050781250000003,0.05061198532581318,0.10183823529411766,0.04409278960354088,0.07296551244882926,0.05321505915196774,0.0949051337473181,0.0672962118100324,False
1,01,zero,V,3,True,False,0.04202473958333334,0.04202473958333334,0.04202473958333334,0.06832357545693701,0.1582107843137255,0.05952299674061383,0.10886689052716966,0.09328090682104473,0.13493211444437622,0.09033899384830027,False
1,01,zero,V,4,True,False,0.04944661458333334,0.04944661458333334,0.04944661458333334,0.07699870626131679,0.18615196078431376,0.06708070693274149,0.1266163338585276,0.17786592774927842,0.11281609529216452,0.10752803548617806,False
1,01,zero,V,5,True,False,0.0125,0.029427083333333333,0.02096354166666667,0.0793587328990299,0.07892156862745099,0.0691367447926585,0.07402915671005475,0.029249265922145273,0.06982404667223488,0.11379039534308985,False
1,01,zero,V,6,True,False,-0.001367187499999999,0.018684895833333333,0.008658854166666667,0.07128256102402988,0.03259803921568628,0.062100843217290126,0.0473494412164882,0.019987001520820048,0.040400125630696906,0.07341373273676853,False
1,01,zero,V,7,True,False,-0.0039713541666666664,0.01848958333333333,0.0072591145833333336,0.07028972248236322,0.02732843137254902,0.06123588957743227,0.044282160474990645,0.04952593355671863,0.029168460219981814,0.0587222651722186,False
1,01,zero,V,8,True,False,-0.010611979166666667,0.015364583333333334,0.0023763020833333336,0.06739258706569654,0.00894607843137255,0.058711926497191286,0.033829002464281915,0.0292975452607642,0.02842504059862292,0.041793523953531295,False
1,01,zero,V,9,True,False,-0.02392578125,0.02548828125,0.00078125,0.06462240477402988,0.0029411764705882353,0.0562985640463092,0.02961987025844872,0.019987001520820048,0.026984126692140287,0.03598410530927542,False
1,01,zero,V,10,True,False,-0.00341796875,0.018977864583333334,0.007779947916666666,0.06843750894069656,0.029289215686274506,0.05962225475422204,0.044455735220248274,0.04276704434519419,0.03693274732804517,0.0549802033287559,False
1,01,zero,V,11,True,False,0.004589843749999999,0.01845703125,0.0115234375,0.07013672769069654,0.043382352941176476,0.06110260163948695,0.05224247729033171,0.029574257655525085,0.062550589135469,0.05484836418446148,False
1,01,zero,V,12,True,False,0.018977864583333334,0.030110677083333332,0.024544270833333333,0.0685221443573632,0.09240196078431373,0.059695988507127935,0.07604897464572083,0.07802395320302569,0.08908407162628565,0.05359589231366439,False
1,01,zero,V,13,True,False,0.010709635416666667,0.04293619791666666,0.026822916666666665,0.06639649331569655,0.10098039215686273,0.05784413694376014,0.07941226455031143,0.11583251658927692,0.07841212379122076,0.051733664400505586,False
1,01,zero,V,14,True,False,-0.03310546875,0.05621744791666666,0.011555989583333332,0.05541993081569656,0.04350490196078431,0.04828143637457751,0.04589316916768091,0.04021538981677448,0.049418755054383576,0.043682980303244426,False
1,01,zero,V,15,True,False,-0.09973958333333333,0.09973958333333333,0.0,0.04477539956569655,0.0,0.03900799898987193,0.019503999494935965,0.013974654453293184,0.018143460924629113,0.02183586078839691,False
1,01,zero,V,16,True,False,-0.14000651041666667,0.14000651041666667,0.0,0.038118498524029876,0.0,0.033208555732464305,0.016604277866232153,0.011862208186324259,0.014567009773226863,0.019199077902508323,False
1,01,zero,V,17,True,False,-0.16832682291666667,0.16832682291666667,0.0,0.03683269123236321,0.0,0.03208836987100905,0.016044184935504524,0.013487166853223417,0.015029135483801316,0.017386289668459926,False
1,01,zero,V,18,True,False,-0.16643880208333334,0.16643880208333334,0.0,0.03629232664902988,0.0,0.03161760821784051,0.015808804108920254,0.01413715031998309,0.01595338690495021,0.016133817797662847,False
1,01,zero,V,19,True,False,-0.11803385416666666,0.11803385416666666,0.0,0.03456055521965011,0.0,0.030108901677571263,0.015054450838785632,0.021611960187719204,0.015913202060552432,0.012804878901302092,False
1,01,zero,V,20,True,False,-0.09322916666666667,0.09322916666666667,0.0,0.024104825456937012,0.0,0.02099994676084608,0.01049997338042304,0.0076373156523864595,0.013180632641503523,0.009393540539757324,False
1,01,zero,V,21,True,False,-0.060546875,0.060546875,0.0,0.016298834284146517,0.0,0.014199424627338593,0.0070997123136692965,0.008937282585905804,0.007836047110254936,0.006130521215543788,False
1,01,zero,V,22,True,False,-0.033040364583333336,0.033040364583333336,0.0,0.009674483736356012,0.0,0.008428339120940617,0.004214169560470308,0.011699712319634353,0.0032147887781663518,0.002999341035624679,False
2,02,zero,V,1,True,False,0.08810221354166667,0.08810221354166667,0.08810221354166667,0.030022802452246252,0.02036148883748048,0.02026454332095303,0.020313016079216754,0.05165323794587022,0.020139740407777197,0.012617255594097345,False
2,02,zero,V,2,True,False,0.14612630208333333,0.14612630208333333,0.14612630208333333,0.05139650593201305,0.033771558614982405,0.03469118922730589,0.03423137392114414,0.057430962288472366,0.03834728518945262,0.02568020799582218,False
2,02,zero,V,3,True,False,0.19257812500000002,0.19257812500000002,0.19257812500000002,0.0727246364951132,0.04450713761778479,0.04908707470263227,0.04679710616020853,0.05333422812870249,0.05628148824575763,0.038912327561728494,False
2,02,zero,V,4,True,False,0.21642252604166667,0.21642252604166667,0.21642252604166667,0.07836265941460907,0.05001786755440199,0.05289258086343713,0.051455224208919556,0.03724861413073773,0.05483404498886517,0.052682480390178595,False
2,02,zero,V,5,True,False,0.2601236979166667,0.2601236979166667,0.2601236979166667,0.09626305212577164,0.06011773777953318,0.06497484014400892,0.06254628896177106,0.055649531225268487,0.0585217012758194,0.06700769089960809,False
2,02,zero,V,6,True,False,0.27639973958333336,0.27639973958333336,0.27639973958333336,0.09943362504243831,0.06387932817995448,0.06711488727399378,0.06549710772697413,0.05877828245045327,0.06357778475822953,0.06849214975219547,False
2,02,zero,V,7,True,False,0.2880859375,0.2880859375,0.2880859375,0.1014258125424383,0.06658015008745696,0.06845955754457975,0.06751985381601835,0.062249130415539713,0.06650902523675473,0.06951385099577187,False
2,02,zero,V,8,True,False,0.29405924479166673,0.29405924479166673,0.29405924479166673,0.09898115108410498,0.0679606537644116,0.06680948013737377,0.06738506695089269,0.06287922996974829,0.06474729672639937,0.07015584219104205,False
2,02,zero,V,9,True,False,0.27138671875000003,0.27138671875000003,0.27138671875000003,0.09687177608410498,0.06272075833662472,0.06538571161557685,0.06405323497610078,0.04947561621716991,0.0614461077623826,0.06939490510739016,False
2,02,zero,V,10,True,False,0.2637044270833333,0.2637044270833333,0.2637044270833333,0.09710615108410497,0.06094528766762585,0.06554390811799873,0.0632445978928123,0.04954656358086533,0.06055392065802327,0.0684088805223132,False
2,02,zero,V,11,True,False,0.257763671875,0.257763671875,0.257763671875,0.10311526566743831,0.059572307171472084,0.06959989066620413,0.06458609891883811,0.06106409203034316,0.06075853759235318,0.06820640566617882,False
2,02,zero,V,12,True,False,0.266259765625,0.266259765625,0.266259765625,0.09887698441743831,0.061535857360492,0.06673917058074182,0.0641375139706169,0.057622737581932836,0.0607005493668087,0.06810585227999053,False
2,02,zero,V,13,True,False,0.267333984375,0.267333984375,0.267333984375,0.0920117500424383,0.06178412232691981,0.06210533136396761,0.06194472684544371,0.04689759046344796,0.05991285473454461,0.06703285611192983,False
2,02,zero,V,14,True,False,0.2808756510416667,0.2808756510416667,0.2808756510416667,0.08993818233410497,0.06491376554007033,0.06070573175226293,0.06280974864616663,0.054577573799018994,0.06133581287711096,0.06584572475447628,False
2,02,zero,V,15,True,False,0.288525390625,0.288525390625,0.288525390625,0.08685550004243829,0.06668171302826834,0.05862500831068627,0.0626533606694773,0.05940838200466184,0.06096980724760648,0.06458342857807872,False
2,02,zero,V,16,True,False,0.2541341145833333,0.2541341145833333,0.2541341145833333,0.07250653962294243,0.05873347251217813,0.04893986547653492,0.053836668994356525,0.05995910747612469,0.05620807318523234,0.05068418898752837,False
2,02,zero,V,17,True,False,0.1941569010416667,0.1941569010416667,0.1941569010416667,0.054599636495113194,0.044872011886625665,0.036853211848673635,0.040862611867649654,0.03399060825673757,0.049622699672197804,0.03670008872841543,False
2,02,zero,V,18,True,False,0.12828776041666667,0.12828776041666667,0.12828776041666667,0.03502931843201305,0.029648855536120667,0.023643800141511337,0.026646327838816,0.02753711715338237,0.030357595952548395,0.02389897413529962,False
2,02,zero,V,19,True,False,0.092578125,0.092578125,0.092578125,0.026022151410579585,0.021395926197596338,0.017564216911557348,0.019480071554576844,0.06069739488152283,0.015175674122135992,0.01207688974795495,False
3,03,zero,V,1,True,False,0.04625651041666666,0.04625651041666666,0.04625651041666666,0.0026757835348446175,0.01226480234766097,0.003864873176398889,0.008064837762029929,0.02385985342878268,0.0073427064204081615,0.004828093273697105,False
3,03,zero,V,2,True,False,0.07239583333333333,0.07239583333333333,0.07239583333333333,0.004342450996239833,0.01919558087346798,0.006272189867618926,0.012733885370543452,0.01956947035478479,0.01445257029328873,0.010015714628458215,False
3,03,zero,V,3,True,False,0.10172526041666666,0.10172526041666666,0.10172526041666666,0.007291670540968406,0.02697220783704471,0.01053201109803647,0.01875210946754059,0.020731594826071523,0.022909654124652862,0.01559406819756573,False
3,03,zero,V,4,True,False,0.11839192708333333,0.11839192708333333,0.11839192708333333,0.01035156667232494,0.03139133436906612,0.014951692408816844,0.02317151338894148,0.02133255232900084,0.025285191932299216,0.02223325053482452,False
3,03,zero,V,5,True,False,0.14169921875,0.14169921875,0.14169921875,0.014817712803681493,0.037571206628689804,0.021402546209275692,0.029486876418982746,0.030514275979925946,0.028454739410795616,0.029905419671512605,False
3,03,zero,V,6,True,False,0.14534505208333331,0.14534505208333331,0.14534505208333331,0.01804036905368149,0.03853789055756948,0.026057316498122127,0.0322976035278458,0.029913318476996548,0.03168794157480353,0.0332482334591775,False
3,03,zero,V,7,True,False,0.14329427083333335,0.14329427083333335,0.14329427083333335,0.02270833780368149,0.037994130847574664,0.032799680734693644,0.03539690579113415,0.027947184345572047,0.035289252493050996,0.037218908521444966,False
3,03,zero,V,8,True,False,0.14710286458333333,0.14710286458333333,0.14710286458333333,0.02927083780368149,0.039003970308993614,0.042278485686526396,0.04064122799776,0.03961231907735879,0.03989501075339444,0.04137270978880484,False
3,03,zero,V,9,True,False,0.14931640624999998,0.14931640624999998,0.14931640624999998,0.03311198363701482,0.039590885551527705,0.047826595727777706,0.0437087406396527,0.041777405881643775,0.04376748276682904,0.04414408266935267,False
3,03,zero,V,10,True,False,0.14908854166666666,0.14908854166666666,0.14908854166666666,0.03504557738701482,0.039530467805972726,0.05061945790108556,0.045074962853529146,0.039532738008214593,0.04588630751988097,0.045868075439990864,False
3,03,zero,V,11,True,False,0.14853515625,0.14853515625,0.14853515625,0.037646488845348144,0.03938373899533921,0.05437618664935657,0.04687996282234789,0.04670853699314305,0.04575543820552444,0.04764065960393143,False
3,03,zero,V,12,True,False,0.14150390625,0.14150390625,0.14150390625,0.03781575967868148,0.03751941998964268,0.05462067963422528,0.04607004981193398,0.04077444354864545,0.04451961394668602,0.048306449340937224,False
3,03,zero,V,13,True,False,0.13580729166666666,0.13580729166666666,0.13580729166666666,0.03793620238701482,0.03600897635076817,0.05479464579653571,0.04540181107365194,0.034919931173292056,0.04453699324884904,0.04842417332992521,False
3,03,zero,V,14,True,False,0.14052734375,0.14052734375,0.14052734375,0.03887044717868149,0.03726048679440705,0.05614405900148412,0.04670227289794558,0.040452019787720735,0.046786687316257514,0.04813267319948451,False
3,03,zero,V,15,True,False,0.1548828125,0.1548828125,0.1548828125,0.038030603428681496,0.041066804764370794,0.05493099765348173,0.04799890120892626,0.051038710601713,0.04902549328640677,0.04665589598278372,False
3,03,zero,V,16,True,False,0.1552734375,0.1552734375,0.1552734375,0.03396484822034816,0.041170378042465046,0.04905846422846233,0.045114421135463684,0.04823287575992656,0.04654505098401908,0.043478084710149745,False
3,03,zero,V,17,True,False,0.14762369791666669,0.14762369791666669,0.14762369791666669,0.02779297322034816,0.03914206801311929,0.04014387385709581,0.03964297093510755,0.03989495230371145,0.03922244793042684,0.039839832190265836,False
3,03,zero,V,18,True,False,0.12718098958333335,0.12718098958333335,0.12718098958333335,0.020699874262014816,0.03372173312618679,0.02989867743346307,0.03181020527982493,0.02081117589521565,0.030150594508807353,0.035421219886751454,False
3,03,zero,V,19,True,False,0.11494140624999999,0.11494140624999999,0.11494140624999999,0.018932296137014828,0.03047643707923356,0.027345606456853373,0.028911021768043464,0.019286837128432214,0.026477043387596204,0.032696340872831534,False
3,03,zero,V,20,True,False,0.11083984374999999,0.11083984374999999,0.11083984374999999,0.019882816970348154,0.029388917659243913,0.028718528602654534,0.029053723130949224,0.022574257869431704,0.026642671306278773,0.03209611334475382,False
3,03,zero,V,21,True,False,0.11171874999999999,0.11171874999999999,0.11171874999999999,0.024322921137014827,0.029621957534955983,0.03513176766728742,0.0323768626011217,0.035843312437146176,0.03136485084038601,0.032218304143364525,False
3,03,zero,V,22,True,False,0.10696614583333332,0.10696614583333332,0.10696614583333332,0.02416016072034816,0.02836181598480925,0.03489667825875982,0.03162924712178453,0.0237761728752905,0.034668198894809224,0.031557349431002225,False
3,03,zero,V,23,True,False,0.11005859374999999,0.11005859374999999,0.11005859374999999,0.027265629470348156,0.029181771103055414,0.03938218417346638,0.034281977638260894,0.04145498212071906,0.03580644681283201,0.03166199297676932,False
3,03,zero,V,24,True,False,0.10664062499999999,0.10664062499999999,0.10664062499999999,0.023105473220348144,0.028275504919730708,0.03337329889150096,0.030824401905615834,0.03640447940550343,0.02987084789616802,0.030144661563146435,False
3,03,zero,V,25,True,False,0.09521484374999999,0.09521484374999999,0.09521484374999999,0.01564453572034815,0.025245986535473847,0.022596800404595874,0.02392139347003486,0.012270200281792088,0.022672622952028522,0.027444102360564444,False
3,03,zero,V,26,True,False,0.09420572916666665,0.09420572916666665,0.09420572916666665,0.011751303573449393,0.024978422233730365,0.01697345744800031,0.020975939840865338,0.008461385981551389,0.01899320930767682,0.02514530651824876,False
3,03,zero,V,27,True,False,0.11246744791666664,0.11246744791666664,0.11246744791666664,0.0138997440536815,0.029820472984636626,0.020076641945180048,0.024948557464908337,0.025622935402998735,0.022728949483614334,0.026190269115836634,False
3,03,zero,V,28,True,False,0.11565755208333332,0.11565755208333332,0.11565755208333332,0.014654952387014829,0.030666321422406353,0.021167456800748097,0.025916889111577225,0.030032690080712816,0.025477621619618897,0.025229040646611828,False
3,03,zero,V,29,True,False,0.10716145833333332,0.10716145833333332,0.10716145833333332,0.015000004470348162,0.02841360262385638,0.021665846346826605,0.025039724485341492,0.02594125967957548,0.02849389490747709,0.022648991160360336,False
3,03,zero,V,30,True,False,0.08639322916666665,0.08639322916666665,0.08639322916666665,0.010156254172324948,0.02290695667184533,0.014669585118583737,0.018788270895214534,0.009424574905433584,0.023433339649337685,0.018030393200394543,False
3,03,zero,V,31,True,False,0.07796223958333333,0.07796223958333333,0.07796223958333333,0.012597659130891033,0.020671500086311065,0.018195924381164345,0.019433712233737705,0.045745365194716864,0.019152343880773,0.013441318291430939,False
3,03,zero,V,32,True,False,0.03811848958333334,0.03811848958333334,0.03811848958333334,0.006113280355930375,0.010107025720697396,0.00882995689291196,0.009468491306804678,0.022168136429558873,0.00883021708938105,0.006871476772054896,False
3,03,zero,V,33,True,False,0.0171875,0.0171875,0.0171875,0.004433592061201805,0.004557224236147075,0.006403833049009684,0.0054805286425783795,0.023370051435417594,0.003874565255641692,0.002296795173571618,False
4,04,zero,V,1,True,False,0.032958984375,0.039794921875,0.036376953125,0.015546872218449944,0.021101826936694518,0.017677103386122866,0.019389465161408694,0.013976690857315956,0.021835615383488917,0.01821558093854611,False
4,04,zero,V,2,True,False,0.09807942708333334,0.09807942708333334,0.09807942708333334,0.034514986276626455,0.05689467969598263,0.03924422689076224,0.048069453293372436,0.04845308954231485,0.0626818581425409,0.037665064257973974,False
4,04,zero,V,3,True,False,0.17283528645833332,0.17283528645833332,0.17283528645833332,0.05516277591387414,0.10025964216588773,0.06272117498578776,0.08149040857583775,0.15843251637559014,0.09949554371797156,0.05044749884656949,False
4,04,zero,V,4,True,False,0.17820638020833332,0.17820638020833332,0.17820638020833332,0.05191082159678125,0.10337534815654062,0.05902363815249598,0.0811994931545183,0.13745057542415842,0.09855954126314256,0.055582487388590035,False
4,04,zero,V,5,True,False,0.13543294270833334,0.13543294270833334,0.13543294270833334,0.0341731862227121,0.07856299863097767,0.03885559342124314,0.0587092960261104,0.03608590338960085,0.064415491776006,0.06219120639737098,False
4,04,zero,V,6,True,False,0.08084309895833333,0.08572591145833333,0.08328450520833333,0.030569652318954574,0.04831232592172969,0.03475830359489942,0.041535314758314554,0.021647478314915244,0.03610282900865476,0.05071988081454338,False
4,04,zero,V,7,True,False,0.017805989583333334,0.062239583333333334,0.040022786458333334,0.0418424324194592,0.023216730397016477,0.04757567910848787,0.035396204752752174,0.038103156564887254,0.026778582411231988,0.037738888404144355,False
4,04,zero,V,8,True,False,0.013981119791666666,0.03986002604166666,0.02692057291666667,0.04479490399360676,0.015616296086484446,0.05093269809773887,0.03327449709211166,0.03743759889019562,0.030894618806156494,0.0309360631149943,False
4,04,zero,V,9,True,False,0.020377604166666667,0.02770182291666667,0.02403971354166667,0.042503237326940106,0.013945144691497902,0.04832702745067949,0.031136086071088694,0.030449243305933613,0.030457399170925374,0.03029698269536848,False
4,04,zero,V,10,True,False,0.027620442708333335,0.027620442708333335,0.027620442708333335,0.029980450868606776,0.016022282018599822,0.03408836980971713,0.025055325914158474,0.02383772534312253,0.023793704834781007,0.027287619750515964,False
4,04,zero,V,11,True,False,0.016015625,0.022200520833333334,0.019108072916666666,0.024853497743606772,0.011084360100080253,0.028258921984264638,0.019671641042172446,0.01381030143864306,0.016445754029035208,0.02368706518915184,False
4,04,zero,V,12,True,False,0.020556640625,0.021858723958333333,0.021207682291666665,0.018111961285273436,0.01230231789642638,0.020593660748383938,0.016447989322405158,0.009477380406782641,0.012541719592154528,0.020657783356994,False
4,04,zero,V,13,True,False,0.022444661458333334,0.03253580729166667,0.027490234375,0.018128239711125864,0.01594674975215975,0.020612169642823502,0.018279459697491625,0.014808637950680483,0.012833733858980682,0.021714310460715015,False
4,04,zero,V,14,True,False,0.052148437500000006,0.052148437500000006,0.052148437500000006,0.019169912735621235,0.030250672709247986,0.021796572620464742,0.026023622664856364,0.01663212540971755,0.017158148022845744,0.03375345347948297,False
4,04,zero,V,15,True,False,0.09319661458333334,0.09319661458333334,0.09319661458333334,0.020253915389378763,0.05406221970448001,0.023029105229728952,0.03854566246710448,0.02289708053033616,0.02961954357612941,0.05039988355243483,False
4,04,zero,V,16,True,False,0.134521484375,0.134521484375,0.134521484375,0.032353531122207485,0.07803427276589718,0.036786609326774716,0.05741044104633595,0.036612256231079075,0.054955570923389416,0.06615466788816404,False
4,04,zero,V,17,True,False,0.15997721354166666,0.15997721354166666,0.15997721354166666,0.046656918923059905,0.09280083085493084,0.053049846161475206,0.07292533850820301,0.05435475871179607,0.07728136284536036,0.07558128387735559,False
4,04,zero,V,18,True,False,0.17931315104166665,0.17931315104166665,0.17931315104166665,0.053841163714726574,0.1040173724212812,0.061218475590537835,0.08261792400590952,0.1269103909709305,0.08157211090104599,0.07315993387440398,False
4,04,zero,V,19,True,False,0.115185546875,0.11948242187500001,0.117333984375,0.036689452727635706,0.06806401359580797,0.04171663855814125,0.05489032607697461,0.027528759045301804,0.056776147827602264,0.06236937268329805,False
4,04,zero,V,20,True,False,0.04235026041666667,0.0837890625,0.06306966145833333,0.039189446369807,0.03658594155690884,0.044559181125955444,0.04057256134143214,0.016971700393428275,0.03632120975055371,0.049447493229527587,False
4,04,zero,V,21,True,False,-0.023193359375,0.073095703125,0.024951171875,0.045852851470311616,0.014473870556578389,0.0521356054517085,0.03330473800414344,0.02978368563124198,0.02754363528651893,0.036930359635409214,False
4,04,zero,V,22,True,False,-0.05830078125,0.07431640625,0.0080078125,0.0507779792944592,0.004645234386064297,0.057735573889990774,0.031190404138027535,0.034442589354083356,0.03174491739549786,0.028356980103532062,False
4,04,zero,V,23,True,False,-0.060449218750000006,0.060449218750000006,0.0,0.04691404581069965,0.0,0.05334220455435926,0.02667110227717963,0.03311147400470009,0.027179983073233417,0.023742193703317205,False
4,04,zero,V,24,True,False,-0.03990885416666667,0.03990885416666667,0.0,0.02903318762779253,0.0,0.03301131263664308,0.01650565631832154,0.01381030143864306,0.016000552079932732,0.017997703753260454,False
4,04,zero,V,25,True,False,-0.016861979166666666,0.016861979166666666,0.0,0.01246418039004021,0.0,0.0141720213739554,0.0070860106869777,0.00016636910746477949,0.0060555194352186195,0.010673797070150641,False
4,04,zero,V,26,True,False,-0.0037597656249999997,0.005224609375,0.000732421875,0.004202464818954567,0.000424868998725393,0.00477828620685805,0.002601577602791722,0.002808211367136648,0.0009549068876014732,0.004292445534185395,False
5,05,zero,V,1,True,False,0.2402994791666667,0.2402994791666667,0.2402994791666667,0.07138022204240174,0.05519665021683866,0.05919446920248721,0.05719555970966293,0.11591270510952853,0.048027557870926475,0.04286118035233351,False
5,05,zero,V,2,True,False,0.40032552083333334,0.40032552083333334,0.40032552083333334,0.11480470597744005,0.09195453865709588,0.0952056947685773,0.09358011671283659,0.11131862270132056,0.09778265750620951,0.08321211782782656,False
5,05,zero,V,3,True,False,0.5652343750000001,0.5652343750000001,0.5652343750000001,0.1572396065791449,0.12983400628084346,0.13039627480468424,0.13011514054276385,0.11371653904270204,0.14799502404183787,0.12093509025387006,False
5,05,zero,V,4,True,False,0.6361979166666667,0.6361979166666667,0.6361979166666667,0.17627606670061766,0.14613429041423662,0.14618290477223345,0.14615859759323502,0.12824237120268728,0.14610933062336853,0.15330200190677318,False
5,05,zero,V,5,True,False,0.6543619791666667,0.6543619791666667,0.6543619791666667,0.17923179765542369,0.15030656497682074,0.14863404487755802,0.14947030492718938,0.11553803198402098,0.13615038370219545,0.1743585320286008,False
5,05,zero,V,6,True,False,0.5489583333333332,0.5489583333333332,0.5489583333333332,0.14802086015542362,0.12609540900254224,0.12275131678059252,0.12442336289156739,0.09406055112935705,0.11721770577346663,0.14248618890556386,False
5,05,zero,V,7,True,False,0.4303385416666667,0.4303385416666667,0.4303385416666667,0.11217450598875696,0.09884851203828326,0.09302451225370648,0.09593651214599487,0.08967398031135834,0.08818491701457831,0.10519469311729876,False
5,05,zero,V,8,True,False,0.2864583333333333,0.2864583333333333,0.2864583333333333,0.0694140893220903,0.0657993120981008,0.05756398698443886,0.06168164954126983,0.061948085642466025,0.052128909880954644,0.06998382110337428,False
5,05,zero,V,9,True,False,0.1296875,0.1375,0.13359375,0.03166666964689897,0.030686406460296106,0.026260659430916312,0.028473532945606207,0.0064559045591054305,0.025320761972837856,0.039393580421400676,False
5,05,zero,V,10,True,False,0.07825520833333333,0.08606770833333334,0.08216145833333334,0.01791666964689889,0.01887243906086437,0.014858005751151744,0.016865222406008056,0.006744116259136698,0.016019602810505556,0.02130177962852564,False
5,05,zero,V,11,True,False,0.0720703125,0.0798828125,0.0759765625,0.021848961313565604,0.017451772095109917,0.018118991936084433,0.017785382015597175,0.005130134908027284,0.026658987817354544,0.014652630742102641,False
5,05,zero,V,12,True,False,0.13255208333333332,0.13255208333333332,0.13255208333333332,0.04604169170061759,0.030447136234484824,0.03818163383946397,0.0343143850369744,0.08599640568946373,0.03738564825128167,0.011593189054874664,False
5,05,zero,V,13,True,False,0.09296874999999999,0.09296874999999999,0.09296874999999999,0.033737002412478206,0.02135486765365635,0.027977553069299513,0.024666210361477932,0.041260301093728434,0.034991925013954484,0.009081088642755641,False
5,05,zero,V,14,True,False,0.0443359375,0.0443359375,0.0443359375,0.0169661643107733,0.01018393898609242,0.014069766975252963,0.012126852980672691,0.005049476488870249,0.020612394426619208,0.007304417671826118,False
5,05,zero,V,15,True,False,0.029752604166666665,0.029752604166666665,0.029752604166666665,0.009140638709068338,0.006834155824734561,0.007580184553553156,0.007207170189143858,0.018952773878227407,0.0054141932939093165,0.004339688342873538,False
6,06,zero,V,1,True,False,-0.029557291666666666,0.029557291666666666,0.0,0.0034375137090682183,0.0,0.004315853514365853,0.0021579267571829267,0.005836602211941475,0.002184999511063566,0.0012779565331493652,False
6,06,zero,V,2,True,False,-0.044824218750000006,0.044824218750000006,0.0,0.005872414310773129,0.0,0.007372910215340634,0.003686455107670317,0.005836602211941475,0.004248610469108471,0.002829760447125813,False
6,06,zero,V,3,True,False,-0.06578776041666666,0.06578776041666666,0.0,0.00885418991247801,0.0,0.011116577237153516,0.005558288618576758,0.007782121439454843,0.006312221427153376,0.004564129281653632,False
6,06,zero,V,4,True,False,-0.07858072916666665,0.07858072916666665,0.0,0.010364608367284063,0.0,0.013012931796886963,0.006506465898443481,0.005836602211941475,0.006797775639228225,0.006481063036732848,False
6,06,zero,V,5,True,False,-0.09306640624999998,0.09306640624999998,0.0,0.012786485155423393,0.0,0.016053636891350566,0.008026818445675283,0.005836602211941475,0.007890272616396514,0.008626202942501292,False
6,06,zero,V,6,True,False,-0.10764973958333332,0.10764973958333332,0.0,0.016197943488756732,0.0,0.020336777464198003,0.010168388732099002,0.01070040028072517,0.00995387801771443,0.010178004767188052,False
6,06,zero,V,7,True,False,-0.11790364583333332,0.11790364583333332,0.0,0.018281276822090034,0.0,0.022952435829295632,0.011476217914647816,0.01070040028072517,0.010924986441863987,0.012003653972701867,False
6,06,zero,V,8,True,False,-0.12392578124999999,0.12392578124999999,0.0,0.02110679765542341,0.0,0.0264999224869594,0.0132499612434797,0.01167315989448213,0.012624426184125787,0.014011868098767082,False
6,06,zero,V,9,True,False,-0.13017578125,0.13017578125,0.0,0.023828151822089996,0.0,0.029916626226368124,0.014958313113184062,0.01070040028072517,0.014566643032424973,0.01620264714538364,False
6,06,zero,V,10,True,False,-0.14886067708333334,0.14886067708333334,0.0,0.029479193488756605,0.0,0.03701159954169547,0.018505799770847736,0.019455236804535595,0.017965522516948638,0.018621632342689425,False
6,06,zero,V,11,True,False,-0.15810546875,0.15810546875,0.0,0.03256513098875662,0.0,0.040886043494996416,0.020443021747498208,0.022373515645805923,0.02015051647128528,0.02017343416737616,False
6,06,zero,V,12,True,False,-0.15576171875,0.15576171875,0.0,0.03213544348875669,0.0,0.0403465639571951,0.02017328197859755,0.016536957963265823,0.0205146821303414,0.020812411389305986,False
6,06,zero,V,13,True,False,-0.15826822916666666,0.15826822916666666,0.0,0.03274742265542326,0.0,0.04111491360194243,0.020557456800971215,0.019455236804535595,0.02027190502430401,0.020994976309857354,False
6,06,zero,V,14,True,False,-0.15553385416666665,0.15553385416666665,0.0,0.03171877682209003,0.0,0.039823432284175585,0.019911716142087792,0.016536957963265823,0.019300796600154383,0.021086258770133065,False
6,06,zero,V,15,True,False,-0.14967447916666668,0.14967447916666668,0.0,0.031132839322089993,0.0,0.03908777836899182,0.01954388918449591,0.01750971757702223,0.018572465282042212,0.020629846468754612,False
6,06,zero,V,16,True,False,-0.14293619791666667,0.14293619791666667,0.0,0.030195339322090047,0.0,0.03791073210469793,0.018955366052348967,0.013618679121995497,0.018572465282042212,0.02044728154820324,False
6,06,zero,V,17,True,False,-0.13541666666666666,0.13541666666666666,0.0,0.03134117265542337,0.0,0.03934934420550164,0.01967467210275082,0.015564198349508862,0.01954357370619184,0.02072112892903032,False
6,06,zero,V,18,True,False,-0.13811848958333334,0.13811848958333334,0.0,0.03541669348875668,0.0,0.044466225882223924,0.022233112941111962,0.027237313714589616,0.02160717910750976,0.02145138861123586,False
6,06,zero,V,19,True,False,-0.12890625,0.12890625,0.0,0.03315106848875674,0.0,0.041621697410180285,0.020810848705090142,0.016536957963265823,0.02124301344845364,0.021542671071511546,False
6,06,zero,V,20,True,False,-0.1328125,0.1328125,0.0,0.033658880988756655,0.0,0.04225926413667273,0.021129632068336367,0.019455236804535595,0.021243013448453637,0.02145138861123586,False
6,06,zero,V,21,True,False,-0.12962239583333332,0.12962239583333332,0.0,0.03209638098875666,0.0,0.04029752036284949,0.020148760181424745,0.01750971757702223,0.0205146821303414,0.020538564008478952,False
6,06,zero,V,22,True,False,-0.12903645833333333,0.12903645833333333,0.0,0.03092450598875666,0.0,0.03882621253248205,0.019413106266241025,0.019455236804535595,0.01978635081222923,0.01916932710434359,False
6,06,zero,V,23,True,False,-0.12060546874999999,0.12060546874999999,0.0,0.028007839322090087,0.0,0.03516429082134544,0.01758214541067272,0.021400756032049516,0.01711580264581781,0.016978548057727003,False
6,06,zero,V,24,True,False,-0.10296223958333334,0.10296223958333334,0.0,0.021432318488756666,0.0,0.02690861910650581,0.013454309553252905,0.009727640666968209,0.012867203290163245,0.014696486550834735,False
6,06,zero,V,25,True,False,-0.09176432291666667,0.09176432291666667,0.0,0.018151068488756687,0.0,0.022788957181477013,0.011394478590738506,0.007782121439454843,0.010682209335826599,0.01268827242476955,False
6,06,zero,V,26,True,False,-0.08850911458333334,0.08850911458333334,0.0,0.017291693488756633,0.0,0.021709998105874154,0.010854999052937077,0.009727640666968209,0.00995387801771436,0.01168416536173693,False
6,06,zero,V,27,True,False,-0.08733723958333334,0.08733723958333334,0.0,0.01829429765542335,0.0,0.02296878369407747,0.011484391847038734,0.013618679121995497,0.01080359788884526,0.011410317980909844,False
6,06,zero,V,28,True,False,-0.08496093750000001,0.08496093750000001,0.0,0.017929714322089965,0.0,0.022511043480185313,0.011255521740092657,0.01070040028072517,0.01092498644186392,0.011592882901461217,False
6,06,zero,V,29,True,False,-0.08499348958333335,0.08499348958333335,0.0,0.018515651822089956,0.0,0.023246697395369022,0.011623348697684511,0.007782121439454843,0.011653317759976157,0.012505707504218125,False
6,06,zero,V,30,True,False,-0.08479817708333334,0.08479817708333334,0.0,0.021588568488756663,0.0,0.027104793483888133,0.013552396741944066,0.013618679121995497,0.012867203290163177,0.013966226868629172,False
6,06,zero,V,31,True,False,-0.09547526041666667,0.09547526041666667,0.0,0.024244818488756675,0.0,0.030439757899387673,0.015219878949693837,0.015564198349508862,0.014323865926387652,0.015700593613867303,False
6,06,zero,V,32,True,False,-0.08776041666666666,0.08776041666666666,0.0,0.021914087533950737,0.0,0.027513487858397166,0.013756743929198583,0.01167315989448213,0.0156591400095934,0.013053400176582575,False
6,06,zero,V,33,True,False,-0.08281249999999998,0.08281249999999998,0.0,0.021731794079144696,0.0,0.0272846155064135,0.01364230775320675,0.015564198349508862,0.018086911069967435,0.01040620673929785,False
6,06,zero,V,34,True,False,-0.06468098958333332,0.06468098958333332,0.0,0.017669289310773162,0.0,0.022184075707706218,0.011092037853853109,0.021400756032049516,0.012988586286454985,0.007485165921186039,False
6,06,zero,V,35,True,False,-0.043717447916666666,0.043717447916666666,0.0,0.012421888709068213,0.0,0.015595880213849538,0.007797940106924769,0.02529179448707625,0.007283318737849027,0.004016430341420089,False
7,07,zero,V,1,True,False,-0.09918619791666666,0.09918619791666666,0.0,0.013619768818219484,0.0,0.005162361980192522,0.002581180990096261,0.008813128302544502,0.0022860371659512227,0.0012885139796434532,False
7,07,zero,V,2,True,False,-0.1328125,0.1328125,0.0,0.018098927537600156,0.0,0.006860117572434761,0.0034300587862173804,0.005875411397362571,0.00414344185231686,0.0023809495823890613,False
7,07,zero,V,3,True,False,-0.1805989583333333,0.1805989583333333,0.0,0.024218711256980757,0.0,0.009179726607036693,0.004589863303518346,0.005287868016326051,0.006000846538682498,0.003501396381834367,False
7,07,zero,V,4,True,False,-0.2030598958333333,0.2030598958333333,0.0,0.026041624943415182,0.0,0.009870673746714496,0.004935336873357248,0.005287868016326051,0.005286459072706515,0.004621843181279672,False
7,07,zero,V,5,True,False,-0.22897135416666664,0.22897135416666664,0.0,0.029687455296516358,0.0,0.011252569155680906,0.005626284577840453,0.005875411397362571,0.005357897819304109,0.005742289980724978,False
7,07,zero,V,6,True,False,-0.23118489583333332,0.23118489583333332,0.0,0.027656205296516342,0.0,0.0104826553699022,0.0052413276849511,0.0035252378732169927,0.005357897819304109,0.005574222800526831,False
7,07,zero,V,7,True,False,-0.22727864583333332,0.22727864583333332,0.0,0.030729121963183004,0.0,0.011647396738131513,0.005823698369065757,0.007050498159435276,0.0057150915522920995,0.005602233997226529,False
7,07,zero,V,8,True,False,-0.21588541666666666,0.21588541666666666,0.0,0.028359330296516282,0.0,0.010749163988056342,0.005374581994028171,0.005287868016326051,0.005357897819304109,0.0054061556203286835,False
7,07,zero,V,9,True,False,-0.21705729166666665,0.21705729166666665,0.0,0.02565099696318293,0.0,0.009722612273684735,0.004861306136842367,0.005287868016326051,0.005072142832913712,0.004621842112737319,False
7,07,zero,V,10,True,False,-0.2132161458333333,0.2132161458333333,0.0,0.021328086256980783,0.0,0.008084080065736245,0.0040420400328681225,0.004700324635289698,0.004286316620340135,0.003725485955431902,False
7,07,zero,V,11,True,False,-0.20221354166666664,0.20221354166666664,0.0,0.017734352151552748,0.0,0.006721930930872427,0.0033609654654362135,0.004700324635289698,0.003000424631927205,0.003277308945321548,False
7,07,zero,V,12,True,False,-0.17897135416666665,0.17897135416666665,0.0,0.014869814515113829,0.0,0.0056361723998318075,0.0028180861999159037,2.24130012907557e-08,0.0031433075754662395,0.0032773110824062574,False
7,07,zero,V,13,True,False,-0.12457682291666668,0.12457682291666668,0.0,0.024479205409685834,0.0,0.009278462872529558,0.004639231436264779,0.00822562974751073,0.004429210464566842,0.003921570743583883,False
7,07,zero,V,14,True,False,-0.09052734375,0.09052734375,0.0,0.030520878036817044,0.0,0.011568465109964702,0.005784232554982351,0.007050542985438025,0.006286617876104393,0.005154065535455028,False
7,07,zero,V,15,True,False,-0.058951822916666674,0.05973307291666667,0.000390625,0.03460941970348368,0.00030581039755351685,0.013118163371083357,0.006711986884318437,0.0052879128423288,0.0068581278488851856,0.006966295625403165,False
7,07,zero,V,16,True,False,-0.031510416666666666,0.040820312500000004,0.004654947916666667,0.03838546137015037,0.0036442405708460753,0.014549413357466847,0.009096826964156462,0.0052879128423288,0.009335775457022924,0.009874739551795651,False
7,07,zero,V,17,True,False,0.01194661458333333,0.03063151041666666,0.021289062499999997,0.045026086370150376,0.016666666666666663,0.017066439195589523,0.01686655293112809,0.030888519265924327,0.016693276196216782,0.013252135181603203,False
7,07,zero,V,18,True,False,0.021549479166666666,0.028190104166666664,0.024869791666666665,0.048203169703483685,0.019469928644240568,0.018270663322063892,0.01887029598315223,0.028055658076122626,0.02286503177396226,0.013644291935398883,False
7,07,zero,V,19,True,False,0.01595052083333333,0.02825520833333333,0.02210286458333333,0.053567753036816976,0.017303771661569822,0.020304025371684548,0.018803898516627185,0.024498765387836664,0.02364885631722498,0.013980426295795174,False
7,07,zero,V,20,True,False,-0.004687500000000001,0.031835937499999994,0.013574218749999999,0.05270837803681705,0.010626911314984708,0.019978292616162817,0.015302601965573762,0.01624152565125971,0.017148620537202307,0.013792845614429148,False
7,07,zero,V,21,True,False,-0.03092447916666667,0.04075520833333333,0.004915364583333333,0.04971358637015042,0.0038481141692150865,0.018843163316617312,0.011345638742916199,0.009400716509583603,0.01111974245265202,0.012004849556024324,False
7,07,zero,V,22,True,False,-0.07360026041666666,0.07360026041666666,0.0,0.04369796137015035,0.0,0.01656303402796498,0.00828151701398249,0.0052879128423288,0.007858270301251566,0.009271711450309677,False
7,07,zero,V,23,True,False,-0.06839192708333333,0.06839192708333333,0.0,0.04432296137015036,0.0,0.016799930577435354,0.008399965288717677,0.0052879128423288,0.007858270301251566,0.009495801023907211,False
7,07,zero,V,24,True,False,-0.04889322916666666,0.05162760416666666,0.0013671875,0.05200525303681705,0.0010703363914373089,0.01971178399800865,0.01039106019472298,0.010575803271656308,0.008858412753617945,0.011384826063474735,False
7,07,zero,V,25,True,False,-0.025455729166666666,0.037825520833333334,0.006184895833333334,0.05705733637015043,0.004841997961264017,0.021626697772894155,0.013234347867079086,0.009400716509583603,0.01186684678796052,0.015145880751546156,False
7,07,zero,V,26,True,False,-0.0014648437500000004,0.031217447916666665,0.014876302083333333,0.06401046137015043,0.011646279306829765,0.024262171885752012,0.01795422559629089,0.009400716509583603,0.019183623980578424,0.019299721720939324,False
7,07,zero,V,27,True,False,0.035546875,0.040234374999999996,0.037890625,0.0751042113701504,0.02966360856269113,0.02846708563885106,0.029065347100771095,0.049270484597567867,0.029912757495035407,0.023163064445225572,False
7,07,zero,V,28,True,False,0.03642578125,0.03642578125,0.03642578125,0.07953129470348368,0.028516819571865443,0.03014510286426615,0.029330961218065797,0.03769769600553292,0.03428853606128663,0.0237232883792194,False
7,07,zero,V,29,True,False,0.026953124999999998,0.03046875,0.0287109375,0.07627608637015035,0.022477064220183484,0.028911266669107982,0.025694165444645735,0.03109823069668479,0.028400533800620693,0.022394487273645708,False
7,07,zero,V,30,True,False,0.001692708333333333,0.021028645833333335,0.011360677083333333,0.07044275303681709,0.008893985728848114,0.026700232207384562,0.017797108968116336,0.012338433414765534,0.0178142777793589,0.01919365651956812,False
7,07,zero,V,31,True,False,-0.018001302083333334,0.024641927083333334,0.0033203125,0.06458337803681705,0.002599388379204893,0.024479327056099832,0.013539357717652363,0.010575803271656308,0.011430207631131478,0.015712084270967548,False
7,07,zero,V,32,True,False,-0.026464843750000005,0.026464843750000005,0.0,0.05877608637015041,0.0,0.02227816328393766,0.01113908164196883,0.007050542985438025,0.010644381418557902,0.012436976677374818,False
7,07,zero,V,33,True,False,-0.010872395833333333,0.01861979166666667,0.0038736979166666668,0.06401046137015044,0.003032619775739042,0.02426217188575202,0.013647395830745531,0.012338433414765534,0.013297623389223346,0.014215845512721766,False
7,07,zero,V,34,True,False,0.00673828125,0.020345052083333336,0.013541666666666667,0.06708337803681712,0.010601427115188583,0.02542691325398134,0.01801417018458496,0.018004155794368933,0.01602430577579724,0.019363612282344452,False
7,07,zero,V,35,True,False,0.024641927083333334,0.028938802083333333,0.02679036458333333,0.07192712803681707,0.020973496432212024,0.027262861512376682,0.024118178972294353,0.027090282744810387,0.020293927056807493,0.025943097721281727,False
7,07,zero,V,36,True,False,0.03232421875,0.03740234375,0.03486328125,0.07364587803681702,0.027293577981651378,0.027914327023420178,0.027603952502535778,0.00822562974751073,0.02617992764816257,0.033561515548211844,False
7,07,zero,V,37,True,False,0.05924479166666667,0.05924479166666667,0.05924479166666667,0.08838546137015038,0.046381243628950054,0.0335011373150964,0.03994119047202323,0.032031973625929515,0.03794792549225101,0.04338809738404216,False
7,07,zero,V,38,True,False,0.08642578124999999,0.08642578124999999,0.08642578124999999,0.09729171137015036,0.06766055045871558,0.03687691314504916,0.052268731801882365,0.061881871834227595,0.0493954498113057,0.05173669490774245,False
7,07,zero,V,39,True,False,0.08955078124999999,0.08955078124999999,0.08955078124999999,0.099895878036817,0.07010703363914372,0.03786398210117568,0.0539855078701597,0.04453850514720902,0.05470593709125829,0.055957574076171065,False
7,07,zero,V,40,True,False,0.09283854166666666,0.09283854166666666,0.09283854166666666,0.09958337803681704,0.07268093781855249,0.03774553382644051,0.0552132358224965,0.041946987790235465,0.05391810920937386,0.05955182063909647,False
7,07,zero,V,41,True,False,0.09554036458333333,0.09554036458333333,0.09554036458333333,0.09911462803681705,0.07479612640163098,0.03756786141433774,0.05618199390798436,0.041946987790235465,0.051838378880800076,0.06287508245808282,False
7,07,zero,V,42,True,False,0.09873046875,0.09873046875,0.09873046875,0.09669275303681708,0.07729357798165137,0.03664988728514007,0.05697173263339572,0.044192305599000815,0.053205723412708746,0.06287634151313495,False
7,07,zero,V,43,True,False,0.10361328125000001,0.10361328125000001,0.10361328125000001,0.09617191970348377,0.08111620795107034,0.03645247349391477,0.058784340722492556,0.04985802797860422,0.05658135952659361,0.06259622954613803,False
7,07,zero,V,44,True,False,0.10579427083333334,0.10579427083333334,0.10579427083333334,0.09721358637015035,0.0828236493374108,0.03684730107636536,0.05983547520688808,0.05728638050131667,0.05686911618229484,0.06252132317909684,False
7,07,zero,V,45,True,False,0.09397786458333333,0.09397786458333333,0.09397786458333333,0.08544275005658482,0.07357288481141692,0.03238574826506264,0.052979316538239785,0.058944154929045665,0.055181298125352427,0.04993862719251834,False
7,07,zero,V,46,True,False,0.06595052083333333,0.06595052083333333,0.06595052083333333,0.07171878874301925,0.05163098878695209,0.027183893736665007,0.03940744126180855,0.027090282744810387,0.04843002589758271,0.03653196116848665,False
7,07,zero,V,47,True,False,0.05188802083333333,0.05188802083333333,0.05188802083333333,0.05505211412906659,0.04062181447502548,0.02086664940515975,0.03074423194009262,0.05562860607358784,0.03086147516874087,0.024351178686287764,False
7,07,zero,V,48,True,False,0.022786458333333332,0.022786458333333332,0.022786458333333332,0.034036481181780584,0.01783893985728848,0.012900999916923167,0.015369969887105824,0.03438214715007509,0.013760278796749691,0.01175872594912532,False
8,08,zero,V,1,True,False,-0.13997395833333334,0.13997395833333334,0.0,0.035976576209068224,0.0,0.038097212637792296,0.019048606318896148,0.04064417549419298,0.018296169291941163,0.013804437203869275,False
8,08,zero,V,2,True,False,-0.24895833333333334,0.24895833333333334,0.0,0.06291668514410652,0.0,0.06662530415542657,0.033312652077713285,0.04754601065469888,0.03611587595550223,0.02748562052092458,False
8,08,zero,V,3,True,False,-0.34140625,0.34140625,0.0,0.0870052315791447,0.0,0.09213374804786309,0.046066874023931545,0.045245398934530244,0.053077949887979106,0.04124897309585586,False
8,08,zero,V,4,True,False,-0.38639322916666663,0.38639322916666663,0.0,0.09684898336728398,0.0,0.10255773900373016,0.05127886950186508,0.03680982262724541,0.0510768068487827,0.05529991807335308,False
8,08,zero,V,5,True,False,-0.45748697916666664,0.45748697916666664,0.0,0.11229169348875664,0.0,0.11891071844742829,0.059455359223714144,0.04064417549419298,0.051267391900134726,0.0703779787743,False
8,08,zero,V,6,True,False,-0.45221354166666666,0.45221354166666666,0.0,0.1146614851554233,0.0,0.12142019729576604,0.06071009864788302,0.04064417549419298,0.053363827465007126,0.07136400986881174,False
8,08,zero,V,7,True,False,-0.4724609375,0.4724609375,0.0,0.12167971432208997,0.0,0.12885211542353556,0.06442605771176778,0.05061349294825676,0.05831903880016006,0.07251437947907541,False
8,08,zero,V,8,True,False,-0.4242838541666667,0.4242838541666667,0.0,0.10970054586728395,0.0,0.1161668358351003,0.05808341791755015,0.04984662237486707,0.060224889313680426,0.058751026904144146,False
8,08,zero,V,9,True,False,-0.37734375000000003,0.37734375000000003,0.0,0.09907554407914468,0.0,0.10491554416000098,0.05245777208000049,0.06058281040232054,0.060224889313680426,0.04470008192664693,False
8,08,zero,V,10,True,False,-0.24733072916666665,0.24733072916666665,0.0,0.06514324764410641,0.0,0.0689831112052383,0.03449155560261915,0.04064417549419298,0.03897465172578273,0.02962202122569999,False
8,08,zero,V,11,True,False,-0.1474609375,0.1474609375,0.0,0.03903647204240155,0.0,0.041337473788118514,0.020668736894059257,0.046779140081309185,0.019058509497349267,0.014831552927318994,False
9,09,zero,V,1,True,False,-0.00234375,0.00234375,0.0,0.00229169865449248,0.0,0.008239785720510321,0.0041198928602551605,3.708683912734262e-07,0.005208350717963347,0.004166672461551305,False
9,09,zero,V,2,True,False,-0.004427083333333333,0.005729166666666667,0.0006510416666666666,0.005104209780692726,0.001455604075691412,0.018352148866952633,0.009903876471322022,3.708683912734262e-07,0.015016867394310199,0.00833334492310261,False
9,09,zero,V,3,True,False,-0.002994791666666667,0.005598958333333333,0.0013020833333333333,0.00760422090689299,0.002911208151382824,0.027340920553142693,0.015126064352262759,3.708683912734262e-07,0.02482538407065705,0.011458352746196944,False
9,09,zero,V,4,True,False,0.0006510416666666665,0.009765625,0.005208333333333334,0.00947922507921799,0.011644832605531298,0.03408248431622057,0.022863658460875933,0.05902777777777668,0.02482538407065705,0.012500031292377192,False
9,09,zero,V,5,True,False,-0.009244791666666665,0.010546875,0.0006510416666666666,0.0063542292515432015,0.001455604075691412,0.02284658471526212,0.012151094395476765,3.708683912734262e-07,0.015016902163570038,0.012500045200100472,False
9,09,zero,V,6,True,False,-0.019661458333333333,0.019661458333333333,0.0,0.003541729251543243,0.0,0.012734261572991417,0.006367130786495708,3.708683912734262e-07,0.005208420256483032,0.008333386646272449,False
9,09,zero,V,7,True,False,-0.022786458333333332,0.022786458333333332,0.0,0.0012500625848765876,0.0,0.0044945908644744665,0.0022472954322372333,3.708683912734262e-07,1.043077795260262e-07,0.004166728092444421,False
9,09,zero,V,8,True,False,-0.020312499999999997,0.020312499999999997,0.0,0.0015625625848765701,0.0,0.0056181823247267206,0.0028090911623633603,3.708683912734262e-07,1.043077795260262e-07,0.0052083927309013915,False
9,09,zero,V,9,True,False,-0.009830729166666666,0.013346354166666668,0.0017578125,0.0031250625848765704,0.003930131004366813,0.011236139625988305,0.007583135315177559,3.708683912734262e-07,1.043077795260262e-07,0.014381473632437636,False
9,09,zero,V,10,True,False,0.0024739583333333332,0.014973958333333336,0.008723958333333334,0.008020895918209831,0.019505094614264924,0.028839072503274343,0.02417208355876963,3.708683912734262e-07,0.017402764149297943,0.03432914260322041,False
9,09,zero,V,11,True,False,0.016276041666666664,0.025390625,0.020833333333333336,0.015625062584876483,0.04657933042212519,0.05617979803608066,0.05137956422910293,3.708683912734262e-07,0.04239960192524814,0.0694979794617046,False
9,09,zero,V,12,True,False,0.04459635416666667,0.04459635416666667,0.04459635416666667,0.027187562584876507,0.09970887918486174,0.09775268206541647,0.0987307806251391,0.11024268468716604,0.07998063759570959,0.1092327100335358,False
9,09,zero,V,13,True,False,0.061328125,0.061328125,0.061328125,0.03250006258487642,0.137117903930131,0.11685373688970556,0.1269858204099183,0.07465277777777668,0.1205556852422193,0.1433185887787206,False
9,09,zero,V,14,True,False,0.08229166666666665,0.08229166666666665,0.08229166666666665,0.04239589591820982,0.18398835516739445,0.15243413313102916,0.1682112441492118,0.16145759159655143,0.16473289485509657,0.17311849507518517,False
9,09,zero,V,15,True,False,0.08867187499999998,0.08867187499999998,0.08867187499999998,0.04687505841255135,0.1982532751091703,0.1685389290597479,0.1833961020844591,0.30728981232471164,0.1877337246470148,0.1531708121966791,False
9,09,zero,V,16,True,False,0.06972656249999999,0.06972656249999999,0.06972656249999999,0.03666672090689285,0.15589519650655023,0.13183492635660768,0.14386506143157896,0.19704749850593684,0.16534104484541617,0.11800196143047163,False
9,09,zero,V,17,True,False,0.040755208333333334,0.040755208333333334,0.040755208333333334,0.020416709780692596,0.09112081513828241,0.0734081304193157,0.08226447277879906,0.05902777777777668,0.09616696268732888,0.07826721695091717,False
9,09,zero,V,18,True,False,0.020768229166666666,0.020768229166666666,0.020768229166666666,0.008125031987825777,0.04643377001455604,0.02921349297855344,0.03782363149655474,0.031250370868391275,0.03558506245568935,0.040014665744181055,False
10,10,zero,V,1,True,False,0.015625,0.015625,0.015625,0.01104169865449253,0.00831168831168831,0.013668610849596297,0.010990149580642303,0.026012461059190188,0.012270006362341535,0.00707585538486883,False
10,10,zero,V,2,True,False,0.027734375,0.027734375,0.027734375,0.01927087644735946,0.01475324675324675,0.023855578668816088,0.01930441271103142,0.02367601246105935,0.025293024772875844,0.014693609502869293,False
10,10,zero,V,3,True,False,0.049023437499999996,0.049023437499999996,0.049023437499999996,0.029375054240226288,0.02607792207792207,0.03636362462509988,0.031220773351510973,0.048364430350677994,0.03906905523160292,0.022853262354001386,False
10,10,zero,V,4,True,False,0.0505859375,0.0505859375,0.0505859375,0.03218755841255145,0.026909090909090903,0.03984524699565219,0.03337716895237155,0.02834890965732103,0.03906905523160292,0.030917404221370348,False
10,10,zero,V,5,True,False,0.05481770833333333,0.05481770833333333,0.05481770833333333,0.03625006258487655,0.029160173160173157,0.04487425479091385,0.0370172139755435,0.026012461059190188,0.037814035151281636,0.03882169129066021,False
10,10,zero,V,6,True,False,0.055273437499999994,0.055273437499999994,0.055273437499999994,0.03812506258487645,0.029402597402597395,0.047195332927977854,0.03829896516528762,0.034345738761892945,0.03681001908702461,0.04003216691013377,False
10,10,zero,V,7,True,False,0.05813802083333333,0.05813802083333333,0.05813802083333333,0.03593756258487653,0.030926406926406923,0.04448740843473647,0.037706907680571694,0.026012461059190188,0.037814035151281636,0.04009450124902805,False
10,10,zero,V,8,True,False,0.06927083333333334,0.06927083333333334,0.06927083333333334,0.03656256258487646,0.036848484848484846,0.045261101147091094,0.04105479299778797,0.04602798175254715,0.040826083344052716,0.04018800275736949,False
10,10,zero,V,9,True,False,0.07194010416666666,0.07194010416666666,0.07194010416666666,0.032187562584876574,0.03826839826839826,0.03984525216060826,0.03905682521450326,0.03302180685358271,0.03892312898239571,0.04040818241892123,False
10,10,zero,V,10,True,False,0.07805989583333332,0.07805989583333332,0.07805989583333332,0.029687562584876596,0.04152380952380951,0.036750481311189444,0.03913714541749948,0.037694704049844395,0.037271178636802946,0.04059719491102581,False
10,10,zero,V,11,True,False,0.07779947916666666,0.07779947916666666,0.07779947916666666,0.025312562584876463,0.04138528138528137,0.031334632324706305,0.03635995685499384,0.02468852915087877,0.03461521222695316,0.03986226473494618,False
10,10,zero,V,12,True,False,0.08294270833333332,0.08294270833333332,0.08294270833333332,0.026562562584876614,0.04412121212121211,0.03288201774941591,0.03850161493531401,0.037694704049844395,0.03587023230727444,0.04027547583944588,False
10,10,zero,V,13,True,False,0.08138020833333331,0.08138020833333331,0.08138020833333331,0.02625006258487663,0.043290043290043274,0.03249517139323858,0.037892607341640926,0.035358255451713554,0.03587023230727444,0.03963806612255111,False
10,10,zero,V,14,True,False,0.0771484375,0.0771484375,0.0771484375,0.024375062584876473,0.041038961038961035,0.030174093256174248,0.03560652714756764,0.02702497774900961,0.03486621624301741,0.03785452460049871,False
10,10,zero,V,15,True,False,0.07220052083333334,0.07220052083333334,0.07220052083333334,0.026458395918209907,0.0384069264069264,0.032753068964023406,0.0355799976854749,0.035358255451713554,0.03458018630466743,0.036230837876525444,False
10,10,zero,V,16,True,False,0.06503906250000001,0.06503906250000001,0.06503906250000001,0.026979229251543214,0.0345974025974026,0.03339781289098564,0.03399760774419412,0.03302180685358271,0.033792148334188934,0.034320618201262795,False
10,10,zero,V,17,True,False,0.055468750000000004,0.055468750000000004,0.055468750000000004,0.02666672925154319,0.029506493506493505,0.03301096653480825,0.031258730020650875,0.03068535825545187,0.030780100141417847,0.031677477825342186,False
10,10,zero,V,18,True,False,0.0458984375,0.0458984375,0.0458984375,0.02531256258487648,0.02441558441558441,0.031334632324706325,0.02787510837014537,0.026012461059190188,0.02583007166470402,0.02951189236823725,False
10,10,zero,V,19,True,False,0.044075520833333326,0.044075520833333326,0.044075520833333326,0.025208395918209836,0.02344588744588744,0.0312056835393139,0.02732578549260067,0.026012461059190188,0.02188405925224722,0.03094656660010598,False
10,10,zero,V,20,True,False,0.046549479166666664,0.046549479166666664,0.046549479166666664,0.026145895918209823,0.02476190476190476,0.03236622260784595,0.02856406368487535,0.026012461059190188,0.02213506326831148,0.03304981771831658,False
10,10,zero,V,21,True,False,0.056640625,0.056640625,0.056640625,0.029479229251543206,0.030129870129870125,0.03649258374040447,0.0333112269351373,0.026012461059190188,0.030780100141417847,0.036363544456000804,False
10,10,zero,V,22,True,False,0.07005208333333333,0.07005208333333333,0.07005208333333333,0.03333339591820989,0.03726406926406926,0.04126368879992521,0.03926387903199724,0.02834890965732103,0.04114713920468829,0.040345848080026954,False
10,10,zero,V,23,True,False,0.09908854166666668,0.09908854166666668,0.09908854166666668,0.03979172925154303,0.052709956709956714,0.04925851349425697,0.05098423510210684,0.08473509123095085,0.04979217607779453,0.044805706622868764,False
10,10,zero,V,24,True,False,0.08255208333333335,0.08255208333333335,0.08255208333333335,0.03468756258487648,0.04391341991341991,0.04294002301002699,0.04342672146172345,0.03068535825545187,0.046097167681401985,0.044421653212394496,False
10,10,zero,V,25,True,False,0.08125000000000002,0.08125000000000002,0.08125000000000002,0.0315625625848765,0.04322077922077922,0.039071559448253454,0.04114616933451634,0.03068535825545187,0.041433169143038136,0.04314482430318323,False
10,10,zero,V,26,True,False,0.08515625000000002,0.08515625000000002,0.08515625000000002,0.027395895918209828,0.045298701298701304,0.03391360803255538,0.03960615466562834,0.035358255451713554,0.036588218433181344,0.04234555031278763,False
10,10,zero,V,27,True,False,0.07877604166666667,0.07877604166666667,0.07877604166666667,0.021770891745884743,0.0419047619047619,0.026950368456406963,0.03442756518058443,0.040031152647975236,0.03493626808758859,0.03291308750328765,False
10,10,zero,V,28,True,False,0.06686197916666665,0.06686197916666665,0.06686197916666665,0.014583387573559526,0.03556709956709956,0.018052897099371606,0.026809998333235583,0.02702497774900961,0.03278230970986731,0.023003069774971997,False
10,10,zero,V,29,True,False,0.046158854166666666,0.046158854166666666,0.046158854166666666,0.008125043114026065,0.02455411255411255,0.010058058631823666,0.017306085592968107,0.016355251448176008,0.020623203674447407,0.015451668946709242,False
10,10,zero,V,30,True,False,0.034375,0.034375,0.034375,0.007187531987825846,0.018285714285714284,0.008897505790075559,0.01359161003789492,0.049376947040498595,0.010437103845255834,0.008155633900288718,False
11,11,zero,V,1,True,False,0.0607421875,0.0607421875,0.0607421875,0.052499922315279335,0.02803064443442993,0.0329411654254063,0.030485904929918116,0.06293781860789167,0.03055472391271825,0.021924491206364007,False
11,11,zero,V,2,True,False,0.11432291666666668,0.11432291666666668,0.11432291666666668,0.10239572862784027,0.052756496920534794,0.06424837384193663,0.058502435381235715,0.09613673001637546,0.0633691839492526,0.04520512188611885,False
11,11,zero,V,3,True,False,0.15325520833333334,0.15325520833333334,0.15325520833333334,0.13843736827373468,0.07072254769415655,0.08686276185280721,0.07879265477348188,0.08389268878694872,0.09462806285448766,0.06644735145267225,False
11,11,zero,V,4,True,False,0.16888020833333334,0.16888020833333334,0.16888020833333334,0.15567694147427838,0.07793300285413853,0.09767976133810426,0.08780638209612139,0.07336637299747505,0.09376024036859773,0.08735484327168264,False
11,11,zero,V,5,True,False,0.19798177083333335,0.19798177083333335,0.19798177083333335,0.16770818134148874,0.09136247558960495,0.10522878322728857,0.09829562940844676,0.08564707475186101,0.08968287753746432,0.10763519949751692,False
11,11,zero,V,6,True,False,0.19921875000000003,0.19921875000000003,0.19921875000000003,0.15390609800815538,0.0919333032897702,0.09656864259758985,0.09425097294368003,0.07168530808248075,0.08684986122028958,0.10540626882572098,False
11,11,zero,V,7,True,False,0.19798177083333335,0.19798177083333335,0.19798177083333335,0.1439060980081554,0.09136247558960495,0.09029412561305344,0.0908283006013292,0.06817653615265618,0.08426249413202547,0.10134445391328978,False
11,11,zero,V,8,True,False,0.21002604166666666,0.21002604166666666,0.21002604166666666,0.1364060980081554,0.09692053477542438,0.08558823787465111,0.09125438632503774,0.08221162387195444,0.08368921393866682,0.09899688734199452,False
11,11,zero,V,9,True,False,0.20032552083333333,0.20032552083333333,0.20032552083333333,0.1283331813414886,0.09244404386360223,0.08052287260067632,0.08648345823213928,0.06469220457280395,0.08123301762726265,0.0958122659664627,False
11,11,zero,V,10,True,False,0.20130208333333333,0.20130208333333333,0.20130208333333333,0.12489568134148879,0.09289469731110112,0.07836600738724205,0.08563035234917157,0.0751940800123053,0.07985750033644404,0.09236480050248305,False
11,11,zero,V,11,True,False,0.17057291666666666,0.17057291666666666,0.17057291666666666,0.10416652480761172,0.0787141354964699,0.06535946291254946,0.07203679920450967,0.06120787299295222,0.07522354963676123,0.072669239967915,False
11,11,zero,V,12,True,False,0.14524739583333335,0.14524739583333335,0.14524739583333335,0.087708201607068,0.06702718942466579,0.05503266006666931,0.061029924745667555,0.06471664492277678,0.07062239163129339,0.05345042420059133,False
11,11,zero,V,13,True,False,0.098828125,0.098828125,0.098828125,0.06124989529450702,0.045606128886886,0.03843135083264619,0.04201873985976609,0.0629622589578645,0.044898374583547784,0.034555761205333206,False
11,11,zero,V,14,True,False,0.04830729166666667,0.04830729166666667,0.04830729166666667,0.036458255648612735,0.02229232386961094,0.022875794429379162,0.022584059149495052,0.047172785273653976,0.02136850827118831,0.01683289076185464,False
12,12,zero,V,1,True,False,0.04720052083333333,0.04720052083333333,0.04720052083333333,0.02598954220612818,0.009222158621128282,0.008385845367396663,0.008804001994262473,0.02381706795823993,0.008962047432629813,0.005616691721535595,False
12,12,zero,V,2,True,False,0.08235677083333333,0.08235677083333333,0.08235677083333333,0.04578119456768015,0.016091076766520385,0.014771865365475395,0.01543147106599789,0.027748542579602423,0.017988730454182117,0.011325042526288815,False
12,12,zero,V,3,True,False,0.115234375,0.115234375,0.115234375,0.06322909692923182,0.022514787254340776,0.020401645606656672,0.021458216430498722,0.02661475202432867,0.026921091649663872,0.017033393331042035,False
12,12,zero,V,4,True,False,0.1298828125,0.1298828125,0.1298828125,0.07182284156481379,0.025376836481587485,0.02317452298438487,0.02427567973298618,0.02381706795823993,0.026921091649663872,0.022741744135795255,False
12,12,zero,V,5,True,False,0.14599609375,0.14599609375,0.14599609375,0.0827603362003957,0.028525090631558864,0.026703640119010406,0.027614365375284635,0.02495085851351336,0.02729311583931975,0.028363077885205625,False
12,12,zero,V,6,True,False,0.1470052083333333,0.1470052083333333,0.1470052083333333,0.0846353362003959,0.028722254022769185,0.027308631924528353,0.028015442973648767,0.027748542579602423,0.02775946185504618,0.028228492624531847,False
12,12,zero,V,7,True,False,0.14488932291666667,0.14488932291666667,0.14488932291666667,0.08453116953372924,0.02830884691216689,0.027275021268666252,0.02779193409041657,0.028580489335010076,0.027163844661474798,0.028013271000112118,False
12,12,zero,V,8,True,False,0.13821614583333333,0.13821614583333333,0.13821614583333333,0.08229158620039578,0.027005024486421166,0.02655239216763096,0.026778708327026064,0.024649014713647582,0.025600586084676163,0.027935538000518838,False
12,12,zero,V,9,True,False,0.12936197916666667,0.12936197916666667,0.12936197916666667,0.0827082528670624,0.025275074731285378,0.026686834791079365,0.02598095476118237,0.020489280936609313,0.02459799534967448,0.02796686749521175,False
12,12,zero,V,10,True,False,0.13030598958333334,0.13030598958333334,0.13030598958333334,0.08562491953372907,0.025459517903707943,0.027627933155218293,0.026543725529463116,0.020489280936609313,0.025654695444345923,0.02833988451967917,False
12,12,zero,V,11,True,False,0.13938802083333335,0.13938802083333335,0.13938802083333335,0.09187491953372913,0.027233988424600907,0.029644572506944595,0.02843928046577275,0.028050386379468197,0.028274654115815992,0.028621242460928946,False
12,12,zero,V,12,True,False,0.14436848958333331,0.14436848958333331,0.14436848958333331,0.09578116953372898,0.028207085161864782,0.03090497210177347,0.029556028631819126,0.03394759831151145,0.029867598929762686,0.02846461176131182,False
12,12,zero,V,13,True,False,0.14095052083333331,0.14095052083333331,0.14095052083333331,0.09098950286706246,0.027539273675507216,0.029358881932116703,0.028449077803811958,0.02888233313487585,0.028716577009020694,0.028194276539533714,False
12,12,zero,V,14,True,False,0.13440755208333333,0.13440755208333333,0.13440755208333333,0.08406241953372903,0.026260891687337022,0.02712377331728671,0.026692332502311865,0.024649014713647582,0.0255656367329017,0.027797475412400845,False
12,12,zero,V,15,True,False,0.11920572916666668,0.11920572916666668,0.11920572916666668,0.07854158620039585,0.02329072060039433,0.02534240855659521,0.024316564578494772,0.013760122249158404,0.023253066662165013,0.027146003810836317,False
12,12,zero,V,16,True,False,0.12578125,0.12578125,0.12578125,0.08161450286706241,0.024575462697958406,0.026333922904527268,0.025454692801242837,0.021321227692016966,0.02412638621932172,0.02712395837189297,False
12,12,zero,V,17,True,False,0.13795572916666668,0.13795572916666668,0.13795572916666668,0.08677075286706254,0.026954143611270118,0.02799765036970149,0.027475896990485804,0.02888233313487585,0.026562964353277055,0.027748742506639362,False
12,12,zero,V,18,True,False,0.14371744791666669,0.14371744791666669,0.14371744791666669,0.0875520028670625,0.028079882973987155,0.02824973028866726,0.028164806631327206,0.02888233313487585,0.02806685045577953,0.02807940731694218,False
12,12,zero,V,19,True,False,0.14365234375000002,0.14365234375000002,0.14365234375000002,0.08416658620039572,0.028067162755199392,0.027157383973148822,0.027612273364174107,0.02381706795823993,0.02766514002897559,0.028357861894039292,False
12,12,zero,V,20,True,False,0.14557291666666666,0.14557291666666666,0.14557291666666666,0.08286450286706239,0.028442409209438402,0.026737250774872514,0.027589829992155458,0.025480961469055236,0.026667812408600278,0.028584106237930694,False
12,12,zero,V,21,True,False,0.14423828125,0.14423828125,0.14423828125,0.0821353362003957,0.028181644724289256,0.026501976183837775,0.027341810454063517,0.025480961469055236,0.026355160693240558,0.028324793735624264,False
12,12,zero,V,22,True,False,0.13935546875000002,0.13935546875000002,0.13935546875000002,0.08239575286706233,0.027227628315207024,0.026586002823493025,0.026906815569350026,0.025782805268921016,0.02619620327824751,0.027573543695523107,False
12,12,zero,V,23,True,False,0.133203125,0.133203125,0.133203125,0.08197908620039564,0.026025567639763405,0.026451560200044598,0.026238563919904,0.02495085851351336,0.02616125392647308,0.026550219769921737,False
12,12,zero,V,24,True,False,0.12386067708333333,0.12386067708333333,0.12386067708333333,0.08031241953372897,0.024200216243719392,0.025913789706250925,0.025057002974985157,0.024118911758105707,0.024999705776478386,0.0252849867530825,False
12,12,zero,V,25,True,False,0.11416015624999999,0.11416015624999999,0.11416015624999999,0.07734366953372916,0.02230490364434268,0.024955886014181,0.02363039482926184,0.02525270231337946,0.02302947365824948,0.023668782150719207,False
12,12,zero,V,26,True,False,0.09973958333333331,0.09973958333333331,0.09973958333333331,0.0689061695337291,0.01948737518285314,0.022233422889350506,0.020860399036101825,0.01852354362592823,0.01993790585642665,0.02191044689565469,False
12,12,zero,V,27,True,False,0.09101562499999999,0.09101562499999999,0.09101562499999999,0.06135408620039569,0.01778286586529288,0.01979665033934789,0.018789758102320385,0.01262633169388465,0.017913564378527952,0.02059648097305397,False
12,12,zero,V,28,True,False,0.09690755208333332,0.09690755208333332,0.09690755208333332,0.06124991953372914,0.018934045665585444,0.01976303968348582,0.019348542674535632,0.019053646581470105,0.017511853951724016,0.020534986684098692,False
12,12,zero,V,29,True,False,0.10179036458333332,0.10179036458333332,0.10179036458333332,0.061822836200395886,0.019888062074667683,0.019947898290727423,0.019917980182697553,0.01708790927078902,0.01885678263923348,0.021148748099373414,False
12,12,zero,V,30,True,False,0.1115234375,0.1115234375,0.1115234375,0.0677082528670625,0.021789734783438274,0.021846900346936322,0.021818317565187297,0.020187437136743536,0.021134403358195775,0.022575253843704568,False
12,12,zero,V,31,True,False,0.12259114583333333,0.12259114583333333,0.12259114583333333,0.0746874195337291,0.023952171977358012,0.02409881428969731,0.024025493133527663,0.022455018247290397,0.023883633207510822,0.024444390256777398,False
12,12,zero,V,32,True,False,0.1376953125,0.1376953125,0.1376953125,0.07947908620039591,0.026903262736119062,0.025644904459354176,0.02627408359773662,0.02691659582419477,0.026072195215028897,0.026269435791963523,False
12,12,zero,V,33,True,False,0.14641927083333334,0.14641927083333334,0.14641927083333334,0.07911450286706243,0.028607772053679325,0.02552726716383676,0.027067519608758042,0.025480961469055236,0.027422387017164693,0.027170935840084905,False
12,12,zero,V,34,True,False,0.14674479166666668,0.14674479166666668,0.14674479166666668,0.07953116953372906,0.02867137314761814,0.025661709787285165,0.027166541467451653,0.025782805268921016,0.02726869271679802,0.027390799492379415,False
12,12,zero,V,35,True,False,0.14365234375,0.14365234375,0.14365234375,0.07718741953372915,0.02806716275519939,0.02490547003038784,0.026486316392793613,0.024649014713647582,0.026425059396789418,0.026900600618306805,False
12,12,zero,V,36,True,False,0.13723958333333333,0.13723958333333333,0.13723958333333333,0.07531241953372915,0.026814221204604718,0.024300478224869956,0.02555734971473734,0.024649014713647582,0.02501549512035746,0.02607509490605659,False
12,12,zero,V,37,True,False,0.12369791666666667,0.12369791666666667,0.12369791666666667,0.07348950286706248,0.024168415696749986,0.02371229174728312,0.023940353722016555,0.020489280936609313,0.02319895730249523,0.025115003933132603,False
12,12,zero,V,38,True,False,0.11946614583333336,0.11946614583333336,0.11946614583333336,0.07265616953372911,0.023341601475545384,0.023443406500386274,0.02339250398796583,0.022153174447424623,0.02200772291535244,0.024501242517857895,False
12,12,zero,V,39,True,False,0.10130208333333335,0.10130208333333335,0.10130208333333335,0.06369784156481392,0.019792660433759462,0.02055289182714075,0.020172776130450105,0.019355490381335883,0.02184876550035943,0.019311516717717532,False
12,12,zero,V,40,True,False,0.08919270833333334,0.08919270833333334,0.08919270833333334,0.05765618026256527,0.017426699739235517,0.018603475518034113,0.018015087628634817,0.020489280936609313,0.023034736772875854,0.014422290933617625,False
12,12,zero,V,41,True,False,0.06702473958333334,0.06702473958333334,0.06702473958333334,0.04171869456768008,0.013095465242002164,0.013461049786853288,0.013278257514427726,0.022985121202832276,0.015918913395256327,0.009654889026997706,False
12,12,zero,V,42,True,False,0.04189453125,0.04189453125,0.04189453125,0.025885375539461478,0.008185460789925587,0.008352234711534547,0.008268847750730068,0.02495085851351336,0.00817778658691733,0.0048938678119746825,False
13,13,zero,V,1,True,False,0.0,0.0,0.0,0.0,0.0,0.0,0.0,0.0,0.0,0.0,True
13,13,zero,V,2,True,False,0.0,0.0,0.0,0.0,0.0,0.0,0.0,0.0,0.0,0.0,True
13,13,zero,V,3,True,False,0.0,0.0,0.0,0.0,0.0,0.0,0.0,0.0,0.0,0.0,True
13,13,zero,V,4,True,False,0.0,0.0,0.0,0.0,0.0,0.0,0.0,0.0,0.0,0.0,True
13,13,zero,V,5,True,False,0.0,0.0,0.0,0.0,0.0,0.0,0.0,0.0,0.0,0.0,True
13,13,zero,V,6,True,False,0.0,0.0,0.0,0.0,0.0,0.0,0.0,0.0,0.0,0.0,True
13,13,zero,V,7,True,False,0.0,0.0,0.0,0.0,0.0,0.0,0.0,0.0,0.0,0.0,True
13,13,zero,V,8,True,False,0.0,0.0,0.0,0.0,0.0,0.0,0.0,0.0,0.0,0.0,True
13,13,zero,V,9,True,False,0.0,0.0,0.0,0.0,0.0,0.0,0.0,0.0,0.0,0.0,True
13,13,zero,V,10,True,False,0.0,0.0,0.0,0.0,0.0,0.0,0.0,0.0,0.0,0.0,True
13,13,zero,V,11,True,False,0.0,0.0,0.0,0.0,0.0,0.0,0.0,0.0,0.0,0.0,True
13,13,zero,V,12,True,False,0.0,0.0,0.0,0.0,0.0,0.0,0.0,0.0,0.0,0.0,True
13,13,zero,V,13,True,False,0.0,0.0,0.0,0.0,0.0,0.0,0.0,0.0,0.0,0.0,True
13,13,zero,V,14,True,False,0.0,0.0,0.0,0.0,0.0,0.0,0.0,0.0,0.0,0.0,True
13,13,zero,V,15,True,False,0.0,0.0,0.0,0.0,0.0,0.0,0.0,0.0,0.0,0.0,True
13,13,zero,V,16,True,False,0.0,0.0,0.0,0.0,0.0,0.0,0.0,0.0,0.0,0.0,True
13,13,zero,V,17,True,False,0.0,0.0,0.0,0.0,0.0,0.0,0.0,0.0,0.0,0.0,True
13,13,zero,V,18,True,False,0.0,0.0,0.0,0.0,0.0,0.0,0.0,0.0,0.0,0.0,True
13,13,zero,V,19,True,False,0.0,0.0,0.0,0.0,0.0,0.0,0.0,0.0,0.0,0.0,True
13,13,zero,V,20,True,False,0.0,0.0,0.0,0.0,0.0,0.0,0.0,0.0,0.0,0.0,True
13,13,zero,V,21,True,False,0.0,0.0,0.0,0.0,0.0,0.0,0.0,0.0,0.0,0.0,True
13,13,zero,V,22,True,False,0.0,0.0,0.0,0.0,0.0,0.0,0.0,0.0,0.0,0.0,True
13,13,zero,V,23,True,False,0.0,0.0,0.0,0.0,0.0,0.0,0.0,0.0,0.0,0.0,True
13,13,zero,V,24,True,False,0.0,0.0,0.0,0.0,0.0,0.0,0.0,0.0,0.0,0.0,True
13,13,zero,V,25,True,False,0.0,0.0,0.0,0.0,0.0,0.0,0.0,0.0,0.0,0.0,True
13,13,zero,V,26,True,False,0.0,0.0,0.0,0.0,0.0,0.0,0.0,0.0,0.0,0.0,True
13,13,zero,V,27,True,False,0.0,0.0,0.0,0.0,0.0,0.0,0.0,0.0,0.0,0.0,True
13,13,zero,V,28,True,False,0.0,0.0,0.0,0.0,0.0,0.0,0.0,0.0,0.0,0.0,True
13,13,zero,V,29,True,False,0.0,0.0,0.0,0.0,0.0,0.0,0.0,0.0,0.0,0.0,True
13,13,zero,V,30,True,False,0.0,0.0,0.0,0.0,0.0,0.0,0.0,0.0,0.0,0.0,True
14,14,zero,V,1,True,False,-0.027408854166666663,0.027408854166666663,0.0,0.002526045838991817,0.0,0.006463440745544444,0.003231720372772222,0.005576282826401558,0.0023607051679355733,0.0032163682288431374,False
14,14,zero,V,2,True,False,-0.03525390625,0.03525390625,0.0,0.005937481522560019,0.0,0.015192345050297406,0.007596172525148703,0.0037173800742251826,0.00849855589496835,0.00799218988337123,False
14,14,zero,V,3,True,False,-0.02998046875,0.02998046875,0.0,0.012460914254188396,0.0,0.03188397442122496,0.01594198721061248,0.024163438455603908,0.01699712259643689,0.013060409055215248,False
14,14,zero,V,4,True,False,-0.02584635416666667,0.02584635416666667,0.0,0.01610674579938239,0.0,0.0412126318022023,0.02060631590110115,0.026022171035729413,0.023134984129969855,0.017446367353322098,False
14,14,zero,V,5,True,False,-0.03134765625,0.03134765625,0.0,0.01755205651124303,0.0,0.04491077535954183,0.022455387679770913,0.024163438455603908,0.02384319892230061,0.02105259893858648,False
14,14,zero,V,6,True,False,-0.0388671875,0.0388671875,0.0,0.016328098177909704,0.0,0.041779010274204866,0.020889505137102433,0.024163438455603908,0.020538196558090565,0.02027287222574401,False
14,14,zero,V,7,True,False,-0.062174479166666664,0.062174479166666664,0.0,0.011940077344576373,0.0,0.03055129927677335,0.015275649638386676,0.009293577814601174,0.01510854981688832,0.01695903369616349,False
14,14,zero,V,8,True,False,-0.07698567708333333,0.07698567708333333,0.0,0.00899736901124305,0.0,0.023021736412027018,0.011510868206013509,0.0074348452344759315,0.010387117868016799,0.013352797649267046,False
14,14,zero,V,9,True,False,-0.08785807291666667,0.08785807291666667,0.0,0.0066666398445763796,0.0,0.01705805608994914,0.00852902804497457,0.0074348452344759315,0.006609972308919561,0.010136424958791843,False
14,14,zero,V,10,True,False,-0.08997395833333334,0.08997395833333334,0.0,0.004387994011243042,0.0,0.011227642367247301,0.005613821183623651,0.0037173800742251826,0.004721399529370959,0.006725120590106021,False
14,14,zero,V,11,True,False,-0.09700520833333333,0.09700520833333333,0.0,0.0033723725875217264,0.0,0.008628952830105662,0.004314476415052831,0.0018586474940996758,0.004013184737040204,0.005165676087685207,False
14,14,zero,V,12,True,False,-0.10244140624999999,0.10244140624999999,0.0,0.0038150904575982875,0.0,0.009761743326645329,0.004880871663322664,0.005576112654350425,0.0030689199602662947,0.005945411723791806,False
14,14,zero,V,13,True,False,-0.1140625,0.1140625,0.0,0.005013016661008169,0.0,0.012826899514137565,0.0064134497570687826,0.0018586474940996758,0.005429657547702431,0.008284600785583362,False
14,14,zero,V,14,True,False,-0.13974609375,0.13974609375,0.0,0.009231794079144939,0.0,0.02362156421889644,0.01181078210944822,0.013011213146903056,0.011095397499348646,0.011988311594849237,False
14,14,zero,V,15,True,False,-0.16106770833333334,0.16106770833333334,0.0,0.014309922655423628,0.0,0.0366150668087517,0.01830753340437585,0.020446143467404292,0.01888576021498665,0.01734894166890537,False
14,14,zero,V,16,True,False,-0.17154947916666666,0.17154947916666666,0.0,0.017721380988756964,0.0,0.04534402906788244,0.02267201453394122,0.02416360862765504,0.023607192163858176,0.02163743858953897,False
14,14,zero,V,17,True,False,-0.17825520833333333,0.17825520833333333,0.0,0.018541693488756977,0.0,0.04744297800805513,0.023721489004027565,0.022304876047529797,0.024315406956188897,0.02368422121075047,False
14,14,zero,V,18,True,False,-0.17864583333333334,0.17864583333333334,0.0,0.017604193488756973,0.0,0.04504417921928637,0.022522089609643185,0.018587410887279047,0.02289897737152745,0.02329435785432923,False
14,14,zero,V,19,True,False,-0.17597656250000002,0.17597656250000002,0.0,0.01611981848875696,0.0,0.041246081137069145,0.020623040568534572,0.020446143467404292,0.02006611820220453,0.021052643554907116,False
14,14,zero,V,20,True,False,-0.15908203125,0.15908203125,0.0,0.013463568488756981,0.0,0.03444948456889107,0.017224742284445534,0.016728678307153806,0.01652504424055089,0.01783627086443192,False
14,14,zero,V,21,True,False,-0.14397786458333336,0.14397786458333336,0.0,0.010364610155423637,0.0,0.02652012190601656,0.01326006095300828,0.009293747986652308,0.01251182708401009,0.01481482985216734,False
14,14,zero,V,22,True,False,-0.13284505208333333,0.13284505208333333,0.0,0.009140651822090302,0.0,0.023388356820679572,0.011694178410339786,0.009293747986652308,0.010623254304461486,0.013060444748271761,False
14,14,zero,V,23,True,False,-0.12513020833333333,0.12513020833333333,0.0,0.008307318488756961,0.0,0.021256091230662886,0.010628045615331443,0.005576282826401558,0.010151111109574328,0.012280718035429291,False
14,14,zero,V,24,True,False,-0.125390625,0.125390625,0.0,0.010065130988756955,0.0,0.02575383895960428,0.01287691947980214,0.0148699457270283,0.012275755486566491,0.012768047230955837,False
14,14,zero,V,25,True,False,-0.12750651041666666,0.12750651041666666,0.0,0.01049481848875696,0.0,0.026853288404456634,0.013426644202228317,0.013011213146903056,0.013692185071227934,0.013352842265587684,False
14,14,zero,V,26,True,False,-0.130859375,0.130859375,0.0,0.01144533932209028,0.0,0.029285403843069366,0.014642701921534683,0.0148699457270283,0.014872543058445816,0.014424966495746082,False
14,14,zero,V,27,True,False,-0.12978515625,0.12978515625,0.0,0.011627630988756958,0.0,0.02975183694088554,0.01487591847044277,0.0148699457270283,0.014400399863558691,0.015204693208588565,False
14,14,zero,V,28,True,False,-0.13727213541666666,0.13727213541666666,0.0,0.012239610155423644,0.0,0.03131771948355408,0.01565885974177704,0.016728678307153806,0.014636471461002285,0.01608188576053634,False
14,14,zero,V,29,True,False,-0.145703125,0.145703125,0.0,0.011901068488756968,0.0,0.030451486587609784,0.015225743293804892,0.009293747986652308,0.015108614655889445,0.01686161247337881,False
14,14,zero,V,30,True,False,-0.16233723958333332,0.16233723958333332,0.0,0.013945339322090314,0.0,0.035682200613119455,0.017841100306559728,0.016728678307153806,0.016997187435438047,0.01871346341637969,False
14,14,zero,V,31,True,False,-0.17154947916666666,0.17154947916666666,0.0,0.014973985155423645,0.0,0.038314215950796274,0.019157107975398137,0.016728678307153806,0.018177545422655927,0.020467848520275254,False
14,14,zero,V,32,True,False,-0.15576171875,0.15576171875,0.0,0.014166691700617622,0.0,0.036248579085122,0.018124289542561,0.016728678307153806,0.02006611820220453,0.017154005529062672,False
14,14,zero,V,33,True,False,-0.13639322916666666,0.13639322916666666,0.0,0.013541689912478245,0.0,0.03464937531726383,0.017324687658631915,0.020446143467404292,0.021482547786865973,0.013645230859639482,False
14,14,zero,V,34,True,False,-0.09778645833333333,0.09778645833333333,0.0,0.01041668514410665,0.0,0.026653367153779715,0.013326683576889858,0.022304876047529797,0.015108603849389222,0.00974659283379505,False
14,14,zero,V,35,True,False,-0.05608723958333333,0.05608723958333333,0.0,0.00609376370906837,0.0,0.015592227204646595,0.0077961136023232975,0.018587410887279047,0.007790373522138191,0.004970762256002828,False
15,15,zero,V,1,True,False,-0.0414794921875,0.0414794921875,0.0,0.003281219601631139,0.0,0.004794473311655461,0.0023972366558277303,0.0034245359315188423,0.0015974249320700271,0.002637896835497695,False
15,15,zero,V,2,True,False,-0.060994466145833336,0.060994466145833336,0.0,0.011979150573412515,0.0,0.017503771369638724,0.008751885684819362,0.01712314996218329,0.005324810711189539,0.008393298382853534,False
15,15,zero,V,3,True,False,-0.04969075520833333,0.04969075520833333,0.0,0.022916718522707713,0.0,0.03348559642067932,0.01674279821033966,0.01712338511447856,0.01650693148597436,0.016786588532550904,False
15,15,zero,V,4,True,False,-0.031640625,0.03351236979166666,0.0009358723958333334,0.03906257510185255,0.012306046013911182,0.05707770175372214,0.034691873883816664,0.03424665265280948,0.04961445747218013,0.025179878682248275,False
15,15,zero,V,5,True,False,-0.023665364583333338,0.025537109375000002,0.0009358723958333334,0.048281330466270506,0.012306046013911182,0.07054802130789356,0.04142703366090237,0.030821999145143008,0.059199116752321285,0.03333336077718731,False
15,15,zero,V,6,True,False,-0.008797200520833335,0.0204345703125,0.005818684895833333,0.054218830466270546,0.0765115034777956,0.07922381529431345,0.07786765938605453,0.0937816969196503,0.059199116752321285,0.03764990576283705,False
15,15,zero,V,7,True,False,-0.013606770833333332,0.013606770833333332,0.0,0.04468758046627062,0.0,0.0652968828424291,0.03264844142121455,0.01712338511447856,0.03354636232435454,0.037410097708078745,False
15,15,zero,V,8,True,False,-0.018204752604166666,0.019816080729166664,0.0008056640625,0.039947997132937216,0.01059390048154093,0.05837146834449738,0.03448268441301915,0.013698731606812082,0.03682420219761398,0.1345324010509789,False
15,15,zero,V,9,True,False,0.012117513020833333,0.019523111979166664,0.0158203125,0.040781330466270645,0.20802568218298553,0.05958912364083715,0.13380740291191134,0.14385256398285876,0.12012141359153017,0.13021585606532918,False
15,15,zero,V,10,True,False,-0.0001383463541666666,0.015096028645833332,0.007478841145833333,0.032031330466270616,0.09834135901551631,0.046803743029271046,0.07257255102239368,0.029438656050439153,0.14532464039492365,0.12398084664161288,False
15,15,zero,V,11,True,False,-0.017513020833333334,0.0341796875,0.008333333333333333,0.025104236404101185,0.10957731407169609,0.036681967701618995,0.07312964088665755,0.04175392698639974,0.13192966017040406,0.1177458207515842,False
15,15,zero,V,12,True,False,-0.0496337890625,0.058487955729166666,0.004427083333333333,0.02145839234193175,0.05821294810058855,0.03135471010330421,0.04478382910194638,0.044216981173591866,0.03904778949634673,0.1177458042852718,False
15,15,zero,V,13,True,False,-0.114013671875,0.114013671875,0.0,0.018437476754188532,0.0,0.026940589465051658,0.013470294732525829,0.0034245359315188423,0.009584677561427973,0.019904060311784294,False
15,15,zero,V,14,True,False,-0.15491536458333333,0.15491536458333333,0.0,0.025937501788139316,0.0,0.037899523711375595,0.018949761855687797,0.003424771083813625,0.019169300278995566,0.024220588831121638,False
15,15,zero,V,15,True,False,-0.21597493489583333,0.21597493489583333,0.0,0.043020752867062716,0.0,0.06286133709731642,0.03143066854865821,0.027397110485181748,0.03301377156551478,0.03165462206231716,False
15,15,zero,V,16,True,False,-0.21578776041666664,0.21578776041666664,0.0,0.05916658620039606,0.0,0.08645340846389667,0.04322670423194833,0.061643645561843596,0.042065949774537,0.03764982343127514,False
15,15,zero,V,17,True,False,-0.1570393880208333,0.1570393880208333,0.0,0.04432284692923212,0.0,0.06476393917467596,0.03238196958733798,0.010273842946850823,0.03727362013446639,0.03645079962379594,False
15,15,zero,V,18,True,False,-0.13362630208333334,0.13362630208333334,0.0,0.03359368562698349,0.0,0.04908663507271774,0.02454331753635887,0.010273842946850823,0.025559036569849387,0.028776950104685912,False
15,15,zero,V,19,True,False,-0.09886067708333332,0.10154622395833332,0.0013427734375,0.030468708872795024,0.01765650080256822,0.044520461677906784,0.0310884812402375,0.023972456977515755,0.05159982087383998,0.020383676421300942,False
15,15,zero,V,20,True,False,-0.04100748697916667,0.04369303385416667,0.0013427734375,0.018125026822090138,0.01765650080256822,0.02648404188745898,0.0220702713450136,0.013698731606812082,0.04361262308834249,0.011031170518882671,False
15,15,zero,V,21,True,False,0.0261474609375,0.0314697265625,0.02880859375,0.02755212446053825,0.37881219903691815,0.04025878832973952,0.20953549368332883,0.3592853978192491,0.03988527387179661,0.004316553218805937,False
16,16,zero,V,1,True,False,0.04095052083333334,0.04095052083333334,0.04095052083333334,0.015520828763643706,0.03671920607122008,0.04021592097080245,0.038467563521011265,0.08305921145763975,0.03650475349861809,0.028434396719510882,False
16,16,zero,V,2,True,False,0.07513020833333334,0.07513020833333334,0.07513020833333334,0.0264583271741864,0.0673671920607122,0.06855600373281337,0.06796159789676279,0.0896381588260608,0.07070707050182039,0.060505452424289285,False
16,16,zero,V,3,True,False,0.11217447916666667,0.11217447916666667,0.11217447916666667,0.038749992251395804,0.10058377116170462,0.10040485915621267,0.10049431515895865,0.09621710619448186,0.11278223435206369,0.09302026717496617,False
16,16,zero,V,4,True,False,0.13111979166666665,0.13111979166666665,0.13111979166666665,0.04499999165534923,0.1175715119673088,0.11659919297205369,0.11708535246968124,0.07072367489729335,0.12459150462262536,0.12371675243300917,False
16,16,zero,V,5,True,False,0.16067708333333333,0.16067708333333333,0.16067708333333333,0.058229157725969365,0.1440747227086982,0.15087720127351129,0.14747596199110474,0.14391449510464388,0.1410056478840186,0.15293855081010227,False
16,16,zero,V,6,True,False,0.15768229166666667,0.15768229166666667,0.15768229166666667,0.05677082439263595,0.141389375364857,0.14709852302278523,0.1442439491938211,0.14720396878885444,0.13706922446049796,0.14851449016725232,False
16,16,zero,V,7,True,False,0.14108072916666667,0.14108072916666667,0.14108072916666667,0.0486458243926361,0.12650321074138937,0.12604588705445605,0.12627454889792272,0.09950657987869238,0.11712715450761021,0.1394945475757107,False
16,16,zero,V,8,True,False,0.10598958333333335,0.10598958333333335,0.10598958333333335,0.03479165832201588,0.09503794512551081,0.0901484452169729,0.09259319517124186,0.04194076991589654,0.09053772790376012,0.10697973282503381,False
16,16,zero,V,9,True,False,0.08736979166666667,0.08736979166666667,0.08736979166666667,0.027499992251395777,0.0783420899007589,0.07125505550775625,0.07479857270425758,0.045230243600107065,0.08348187452077166,0.07628324756699079,False
16,16,zero,V,10,True,False,0.06009114583333333,0.06009114583333333,0.06009114583333333,0.019479160507519654,0.05388207822533567,0.050472329247196725,0.05217720373626619,0.06414472752887229,0.055109920704479676,0.0470614491898977,False
16,16,zero,V,11,True,False,0.04296875,0.04296875,0.04296875,0.014791662096976993,0.03852889667250438,0.03832658184543941,0.038427739258971895,0.11842106380745762,0.0310828870437342,0.02305111311323678,False
17,17,zero,V,1,True,False,0.0392578125,0.0392578125,0.0392578125,0.020833411018053784,0.020973001173862006,0.02093146149464021,0.020952231334251108,0.058189220463870386,0.01613415926519197,0.01369443096463645,False
17,17,zero,V,2,True,False,0.055468750000000004,0.055468750000000004,0.055468750000000004,0.03208343803882603,0.02963349419590453,0.032234435702507315,0.030933964949205923,0.03086203663123177,0.03483483740488061,0.028171501064079063,False
17,17,zero,V,3,True,False,0.09568684895833332,0.09568684895833332,0.09568684895833332,0.05536471505959833,0.051119516542759,0.055625283849460014,0.053372400196109504,0.05988227831020772,0.06001380513651371,0.046748087590196524,False
17,17,zero,V,4,True,False,0.12296549479166666,0.12296549479166666,0.12296549479166666,0.06880222519238795,0.0656927959653928,0.06912603635151471,0.06740941615845375,0.06441204848567841,0.07016074306201059,0.06628880145438693,False
17,17,zero,V,5,True,False,0.15084635416666667,0.15084635416666667,0.15084635416666667,0.08000015199184425,0.08058780053041172,0.08037666513330675,0.08048223283185924,0.07177853099028247,0.07896323701770891,0.08407791629632108,False
17,17,zero,V,6,True,False,0.15646158854166664,0.15646158854166664,0.15646158854166664,0.079323068658511,0.08358767010129993,0.07969639517136697,0.08164203263633345,0.06456061126549209,0.08189928670696447,0.08639507426518159,False
17,17,zero,V,7,True,False,0.159033203125,0.159033203125,0.159033203125,0.0807293186585111,0.08496152341202556,0.08110926355385757,0.08303539348294156,0.07907073210498045,0.08177691764186412,0.08508423230800183,False
17,17,zero,V,8,True,False,0.1453125,0.1453125,0.1453125,0.07390640199184423,0.07763140733011609,0.07425423547584782,0.07594282140298195,0.06993691036413145,0.07517706685797199,0.07821230319925873,False
17,17,zero,V,9,True,False,0.12311197916666668,0.12311197916666668,0.12311197916666668,0.06031265199184428,0.06577105343245947,0.06059650777843952,0.06318378060544949,0.05097130073907924,0.06136390421838077,0.06802349679864705,False
17,17,zero,V,10,True,False,0.10301106770833333,0.10301106770833333,0.10301106770833333,0.0534376519918444,0.05503238989609147,0.05368915124181933,0.0543607705689554,0.050822737959266326,0.05011806832643878,0.05838640383190137,False
17,17,zero,V,11,True,False,0.08173828125,0.08173828125,0.08173828125,0.04265640199184443,0.0436676666231903,0.04285716030939205,0.04326241346629117,0.020881685967214875,0.04217134995329021,0.050472566726542406,False
17,17,zero,V,12,True,False,0.08570963541666667,0.08570963541666667,0.08570963541666667,0.04656265199184434,0.045789313508108345,0.046781794705198956,0.04628555410665365,0.053510887508586014,0.04192661182308953,0.04728532386557863,False
17,17,zero,V,13,True,False,0.07672526041666665,0.07672526041666665,0.07672526041666665,0.04093765199184433,0.04098952219468718,0.04113032117523687,0.041059921684962024,0.03086203663123177,0.03899217788013917,0.045455944184779475,False
17,17,zero,V,14,True,False,0.07897135416666666,0.07897135416666666,0.07897135416666666,0.04156265199184436,0.04218947002304247,0.04175826267856603,0.041973866350804245,0.029094697394987594,0.04119239743248747,0.04624341586896272,False
17,17,zero,V,15,True,False,0.08606770833333334,0.08606770833333334,0.08606770833333334,0.04619806865851088,0.04598060953871571,0.04641549549492351,0.04619805251681961,0.04268400792139968,0.046448612119733716,0.04702847127845747,False
17,17,zero,V,16,True,False,0.09078776041666667,0.09078776041666667,0.09078776041666667,0.04984390199184433,0.048502239033085516,0.05007848759767682,0.04929036331538117,0.05719412876088803,0.05182638799892774,0.04520150787234685,False
17,17,zero,V,17,True,False,0.08037109375,0.08037109375,0.08037109375,0.045260568658511004,0.042937263597234904,0.045473583239929956,0.044205423418582426,0.05535250813473702,0.048036986346580296,0.038254214379749435,False
17,17,zero,V,18,True,False,0.05302734375,0.05302734375,0.05302734375,0.03156265199184433,0.028329203078127037,0.031711198625300085,0.03002020085171356,0.031708565554400436,0.03153493576739207,0.02843080066035987,False
17,17,zero,V,19,True,False,0.026757812500000002,0.03014322916666667,0.028450520833333336,0.016510514616966426,0.015199339159166995,0.016588219790904475,0.015893779475035737,0.007292375440802022,0.014911276487341306,0.019081299226646024,False
17,17,zero,V,20,True,False,0.00849609375,0.013834635416666664,0.011165364583333332,0.007031347950299813,0.0059649580453023775,0.007064440323746218,0.006514699184524297,1.743261048070919e-07,0.0035438794034516313,0.010507208593320081,False
17,17,zero,V,21,True,False,0.004427083333333332,0.009765625,0.007096354166666667,0.005468837817510094,0.0037911395156732318,0.005494576384944686,0.0046428579503089585,0.009059714677046197,0.003421510338351289,0.004236420171292706,False
17,17,zero,V,22,True,False,0.009993489583333333,0.013704427083333333,0.011848958333333333,0.005208444794019156,0.006330159558280074,0.005232957846340983,0.005781558702310528,0.012742955929348224,0.009413602671419649,0.0012047283825910458,False
17,17,zero,V,23,True,False,0.011848958333333333,0.013606770833333334,0.012727864583333333,0.00520841777324681,0.00679970436067997,0.00523293069839793,0.00601631752953895,0.014584576555499237,0.009413578916962222,0.0011528643654054032,False
17,17,zero,V,24,True,False,0.015983072916666667,0.015983072916666667,0.015983072916666667,0.0065104943513870864,0.008538759184383288,0.006541135376681195,0.0075399472805322415,0.0345452778835338,0.006724667222907779,0.0003629866513572786,False
18,18,zero,V,1,True,False,0.021826171875,0.021826171875,0.021826171875,0.016822985212007993,0.008047529030515798,0.00745485968656477,0.007751194358540284,0.021831971179139834,0.007132612399964827,0.0048957033448473715,False
18,18,zero,V,2,True,False,0.03562825520833333,0.03562825520833333,0.03562825520833333,0.027343842387199224,0.0131364959342275,0.01211702356741129,0.012626759750819394,0.02077274744127802,0.014608852737999866,0.00947672403763539,False
18,18,zero,V,3,True,False,0.05183919270833333,0.05183919270833333,0.05183919270833333,0.03940115789572376,0.019113631590002098,0.017460046472081787,0.018286839031041942,0.02077274744127802,0.022772348952175312,0.014837485974391728,False
18,18,zero,V,4,True,False,0.0623046875,0.0623046875,0.0623046875,0.047343875169753726,0.022972364749302365,0.020979745387687033,0.021976055068494697,0.023950418654863456,0.023459604828315717,0.020563055876490627,False
18,18,zero,V,5,True,False,0.0748046875,0.0748046875,0.0748046875,0.05429700911045041,0.027581240435682778,0.024060924932015833,0.025821082683849306,0.025807773781163605,0.025152214423362733,0.02625590331941763,False
18,18,zero,V,6,True,False,0.07281901041666666,0.07281901041666666,0.07281901041666666,0.05291680077711705,0.026849101329252556,0.023449305808919695,0.025149203569086127,0.0149395897129539,0.02633402835049239,0.026737670349087667,False
18,18,zero,V,7,True,False,0.08968098958333334,0.08968098958333334,0.08968098958333334,0.05833346744378375,0.033066282593692806,0.02584962236748564,0.029457952480589224,0.037845560263071676,0.02881141640416724,0.027966456163554133,False
18,18,zero,V,8,True,False,0.08038736979166668,0.08038736979166668,0.08038736979166668,0.05666680077711717,0.029639631529990704,0.02511106342638847,0.027375347478189586,0.02500964239272547,0.027761947633204866,0.027667787532905615,False
18,18,zero,V,9,True,False,0.07740885416666667,0.07740885416666667,0.07740885416666667,0.054765759110450445,0.028541422870345366,0.02426864463419944,0.026405033752272402,0.023634136967521705,0.026285267059248704,0.027120575584891785,False
18,18,zero,V,10,True,False,0.07213541666666667,0.07213541666666667,0.07213541666666667,0.05320325911045046,0.02659705344015363,0.02357624562692081,0.02508664953353722,0.019974616052839685,0.02381252524476181,0.027070450271608575,False
18,18,zero,V,11,True,False,0.07594401041666667,0.07594401041666667,0.07594401041666667,0.05427096744378378,0.028001320250847662,0.024049384948561202,0.026025352599704434,0.023634136967521705,0.024425489734354516,0.027600259365511106,False
18,18,zero,V,12,True,False,0.07786458333333333,0.07786458333333333,0.07786458333333333,0.05578138411045046,0.028709454796411318,0.024718703988930554,0.026714079392670936,0.023262665942261673,0.026241152007192944,0.02781330255830356,False
18,18,zero,V,13,True,False,0.08271484375,0.08271484375,0.08271484375,0.05854180077711718,0.030497794580970385,0.02594194223512283,0.028219868408046606,0.027609939569545675,0.02843991103096937,0.028226152587878594,False
18,18,zero,V,14,True,False,0.08621419270833333,0.08621419270833333,0.08621419270833333,0.06018242577711713,0.031788039727548234,0.026668961192765375,0.029228500460156806,0.033443097297869595,0.029382564741068443,0.028175332858245142,False
18,18,zero,V,15,True,False,0.07594401041666667,0.07594401041666667,0.07594401041666667,0.057552217443783825,0.028001320250847662,0.025503422863846353,0.026752371557347006,0.025381113417985497,0.027121105708484455,0.026830282395801427,False
18,18,zero,V,16,True,False,0.0689453125,0.0689453125,0.0689453125,0.054166800777117066,0.02542082995769196,0.02400322501474261,0.024712027486217286,0.02469336070538352,0.023745178996766297,0.025336939242558816,False
18,18,zero,V,17,True,False,0.05415039062499999,0.05415039062499999,0.05415039062499999,0.047317842443783745,0.01996579350076514,0.020968209366171275,0.020467001433468208,0.012023010848791937,0.019642527596039926,0.022932270592310053,False
18,18,zero,V,18,True,False,0.05336914062499999,0.05336914062499999,0.05336914062499999,0.04606784244378383,0.019677738770366368,0.020414290160348403,0.020046014465357385,0.017484697551856027,0.01925943084510192,0.02114234205746965,False
18,18,zero,V,19,True,False,0.048323567708333334,0.048323567708333334,0.048323567708333334,0.043880342443783776,0.01781738530320761,0.019444931550158296,0.018631158426682955,0.0149395897129539,0.01852341367771783,0.01955083152671135,False
18,18,zero,V,20,True,False,0.051676432291666664,0.051676432291666664,0.051676432291666664,0.04583346744378388,0.019053620187835688,0.02031043030925663,0.01968202524854616,0.025752584443245526,0.018818280324544332,0.018839312866487785,False
18,18,zero,V,21,True,False,0.04090169270833333,0.04090169270833333,0.04090169270833333,0.03986992577711714,0.01508086536441924,0.017667774098143154,0.016374319731281197,0.011335258136190154,0.016398946040489075,0.01751513733990659,False
18,18,zero,V,22,True,False,0.04210611979166667,0.04210611979166667,0.04210611979166667,0.03914075911045046,0.015524949740450687,0.01734465456141312,0.016434802150931904,0.014994779050872174,0.01576045145559238,0.017201843520547724,False
18,18,zero,V,23,True,False,0.04241536458333334,0.04241536458333334,0.04241536458333334,0.038203259110450465,0.015638971404566868,0.01692921515704594,0.016284093280806405,0.014623308025612146,0.015347178370162445,0.017270066104292492,False
18,18,zero,V,24,True,False,0.045735677083333336,0.045735677083333336,0.045735677083333336,0.038984509110450455,0.016863204008761665,0.017275414660685252,0.01706930933472346,0.017911357915034138,0.016259655745769607,0.017403733606381044,False
18,18,zero,V,25,True,False,0.04576822916666667,0.04576822916666667,0.04576822916666667,0.039557425777117135,0.016875206289194946,0.017529294296687422,0.017202250292941184,0.014994779050872174,0.017251070747112393,0.01768499938291825,False
18,18,zero,V,26,True,False,0.04767252604166666,0.04767252604166666,0.04767252604166666,0.042291800777117194,0.017577339694541963,0.018740992559425056,0.01815916612698351,0.01599881345081591,0.01801726424898842,0.01874392315437306,False
18,18,zero,V,27,True,False,0.05519205729166666,0.05519205729166666,0.05519205729166666,0.045781384110450414,0.020349866474630177,0.020287350342347285,0.02031860840848873,0.02506483173064355,0.019396422240457154,0.019820944196289415,False
18,18,zero,V,28,True,False,0.05159505208333333,0.05159505208333333,0.05159505208333333,0.044270967443783726,0.01902361448675248,0.019618031301977933,0.01932082289436521,0.015311060738213929,0.019700581365659536,0.0200019593462602,False
18,18,zero,V,29,True,False,0.05458984374999999,0.05458984374999999,0.05458984374999999,0.04575534244378375,0.020127824286614453,0.020275810358892643,0.02020181732275355,0.01891539231497787,0.020568943689210913,0.02026651668503634,False
18,18,zero,V,30,True,False,0.055550130208333326,0.055550130208333326,0.055550130208333326,0.04575534244378373,0.02048189155939628,0.020275810358892633,0.020378850959144455,0.024005607992781737,0.019965271677994105,0.019818860947238674,False
18,18,zero,V,31,True,False,0.048958333333333326,0.048958333333333326,0.048958333333333326,0.043515759110450435,0.01805142977165661,0.019283371781793276,0.018667400776724942,0.01780097923919778,0.01896921043746337,0.018674311737927794,False
18,18,zero,V,32,True,False,0.041975911458333334,0.041975911458333334,0.041975911458333334,0.04049492577711704,0.015476940618717556,0.01794473370105456,0.01671083715988606,0.0149395897129539,0.016280539601885618,0.017396095026528363,False
18,18,zero,V,33,True,False,0.038378906250000004,0.038378906250000004,0.038378906250000004,0.03947930077711706,0.014150688630839861,0.017494674346323458,0.01582268148858166,0.015311060738213929,0.014411469798615554,0.016846799829463806,False
18,18,zero,V,34,True,False,0.03313802083333333,0.03313802083333333,0.03313802083333333,0.03877617577711715,0.012218321481081405,0.017183094793048113,0.014700708137064759,0.006932795170988073,0.013793859069834893,0.017059843022256264,False
18,18,zero,V,35,True,False,0.040332031250000004,0.040332031250000004,0.040332031250000004,0.04257825911045043,0.0148708254568368,0.018867932377426094,0.016869378917131448,0.01345370561191378,0.01564434391635318,0.018434838278470915,False
18,18,zero,V,36,True,False,0.051513671875,0.051513671875,0.051513671875,0.04776055077711711,0.01899360878566928,0.021164389084900235,0.020078998935284757,0.018860202977059592,0.019712172743399668,0.02059096361135436,False
18,18,zero,V,37,True,False,0.06259765625000001,0.06259765625000001,0.06259765625000001,0.05174492577711708,0.02308038527320191,0.022930006553460735,0.023005195913331323,0.022519723891741616,0.02387752415293358,0.02256468496156653,False
18,18,zero,V,38,True,False,0.07473958333333333,0.07473958333333333,0.07473958333333333,0.05552096744378381,0.027557235874816215,0.024603304154384126,0.02608027001460017,0.032012402534747755,0.026575487466887232,0.024422141663801456,False
18,18,zero,V,39,True,False,0.06969401041666666,0.06969401041666666,0.06969401041666666,0.05471367577711707,0.025696882407657454,0.02424556466729013,0.024971223537473792,0.024321889680123488,0.025275267101154117,0.02493454790359266,False
18,18,zero,V,40,True,False,0.064404296875,0.064404296875,0.064404296875,0.05390638411045043,0.023746511837249077,0.023887825180196182,0.02381716850872263,0.019974616052839685,0.02304863064225001,0.025196327576967836,False
18,18,zero,V,41,True,False,0.05984700520833334,0.05984700520833334,0.05984700520833334,0.0544793007771171,0.022066192576589552,0.024141704816198352,0.023103948696393952,0.018860202977059592,0.021421019955374793,0.025156660954293524,False
18,18,zero,V,42,True,False,0.06044921875,0.06044921875,0.06044921875,0.05744805077711706,0.022288234764605275,0.025457262930027733,0.023872748847316504,0.020978650452783222,0.023173982219405656,0.024984021245880894,False
18,18,zero,V,43,True,False,0.06092122395833334,0.06092122395833334,0.06092122395833334,0.05971367577711717,0.02246226783088787,0.0264612414905818,0.024461754660734837,0.022037874190645228,0.025147519743715346,0.02458024107421427,False
18,18,zero,V,44,True,False,0.06669921875,0.06669921875,0.06669921875,0.06294284244378384,0.02459267260779548,0.027892199438957644,0.026242436023376562,0.03290605825885494,0.025918359484779323,0.02492556293639479,False
18,18,zero,V,45,True,False,0.05047200520833334,0.05047200520833334,0.05047200520833334,0.053880333503087165,0.018609535811804245,0.02387628123480269,0.021242908523303468,0.020868271776946865,0.023489732722348215,0.01986902496108891,False
18,18,zero,V,46,True,False,0.03997395833333334,0.03997395833333334,0.03997395833333334,0.04359386622905716,0.014738800372070695,0.01931798380827948,0.017028392090175086,0.0133985162739957,0.021859823136108736,0.01474843090013972,False
18,18,zero,V,47,True,False,0.03024088541666667,0.03024088541666667,0.03024088541666667,0.03177092572053253,0.01115011852251928,0.014078820754700737,0.012614469638610008,0.02135012147804325,0.013768319409116728,0.00984365769738394,False
18,18,zero,V,48,True,False,0.022314453125,0.022314453125,0.022314453125,0.020026110212008043,0.008227563237015033,0.008874277651485988,0.008550920444250511,0.0275547502316274,0.0072370801210044555,0.005005023829322194,False
19,19,zero,V,1,True,False,0.07466023763020833,0.07466023763020833,0.07466023763020833,0.0131510370969773,0.010625654656813243,0.008346761098443045,0.009486207877628144,0.024262762920279585,0.005388947028277003,0.003083290029867838,False
19,19,zero,V,2,True,False,0.08800048828125001,0.08800048828125001,0.08800048828125001,0.011627598007520085,0.012524240851453799,0.00737985772542681,0.009952049288440304,0.01293150058577757,0.011853523288454033,0.005720549058776999,False
19,19,zero,V,3,True,False,0.144342041015625,0.144342041015625,0.144342041015625,0.028138013084729647,0.020542777909282207,0.017858764390306866,0.019200771149794536,0.028067815396430263,0.022181533092271635,0.00911898417520237,False
19,19,zero,V,4,True,False,0.16452128092447915,0.16452128092447915,0.16452128092447915,0.03420572082201652,0.023414689937884058,0.021709845223311937,0.022562267580597997,0.028942601436443283,0.02576788689376014,0.014059588012438312,False
19,19,zero,V,5,True,False,0.1753021240234375,0.1753021240234375,0.1753021240234375,0.038333324392636765,0.024949020919339038,0.024329571763431444,0.02463929634138524,0.02971087780342662,0.025561283244150374,0.01941126803274373,False
19,19,zero,V,6,True,False,0.15978902180989585,0.15978902180989585,0.15978902180989585,0.03218749105930341,0.022741194209847774,0.02042890581549857,0.02158505001267317,0.019725385706727844,0.0230750156310127,0.021178249381911277,False
19,19,zero,V,7,True,False,0.157464599609375,0.157464599609375,0.157464599609375,0.033984366059303425,0.02241038214222892,0.021569354757902677,0.0219898684500658,0.01587774817670444,0.02441617875712433,0.0236109468540835,False
19,19,zero,V,8,True,False,0.216546630859375,0.216546630859375,0.216546630859375,0.04949217855930342,0.030818944456147128,0.03141192497821632,0.031115434717181725,0.035799419815243066,0.0305271896825469,0.028066358314092012,False
19,19,zero,V,9,True,False,0.2205332438151042,0.2205332438151042,0.2205332438151042,0.0479687410593034,0.0313863197266059,0.030445022614004134,0.03091567117030502,0.031064013049113708,0.03191205971448311,0.02941406079194596,False
19,19,zero,V,10,True,False,0.2216064453125,0.2216064453125,0.2216064453125,0.04264322022597016,0.03153905790224612,0.027064996400647117,0.02930202715144662,0.025278641172413397,0.03181106246824816,0.029266274398145258,False
19,19,zero,V,11,True,False,0.2204345703125,0.2204345703125,0.2204345703125,0.03850259522597018,0.03137227650097832,0.02443700535945507,0.027904640930216697,0.022062436894970325,0.029830841096445963,0.02982472700337156,False
19,19,zero,V,12,True,False,0.24827067057291666,0.24827067057291666,0.24827067057291666,0.046796866059303444,0.035333913883176284,0.029701251564610183,0.03251758272389323,0.03645894400886798,0.03141763379722637,0.030216795831574432,False
19,19,zero,V,13,True,False,0.2289337158203125,0.2289337158203125,0.2289337158203125,0.03871092855930344,0.03258187598673566,0.024569231323791733,0.028575553655263698,0.026912591751850783,0.029874766125660195,0.02791448917089203,False
19,19,zero,V,14,True,False,0.21771952311197915,0.21771952311197915,0.21771952311197915,0.03644530355930339,0.030985870632936858,0.02313127396163001,0.027058572297283433,0.023242635570428098,0.02752373296761236,0.028904543274520945,False
19,19,zero,V,15,True,False,0.22216084798177083,0.22216084798177083,0.22216084798177083,0.04070311605930347,0.03161796056170006,0.025833642107761515,0.028725801334730787,0.02691995675973475,0.027573375726821295,0.030863993093356433,False
19,19,zero,V,16,True,False,0.22881673177083334,0.22881673177083334,0.22881673177083334,0.04468749105930337,0.03256522680171327,0.02836246367570098,0.030463845238707123,0.02343629807381803,0.03219859119769842,0.03368125018495327,False
19,19,zero,V,17,True,False,0.2533467610677083,0.2533467610677083,0.2533467610677083,0.06087238689263678,0.03605634373762621,0.038634768280108964,0.03734555600886759,0.03619760346925702,0.03757801283823635,0.0377031037058249,False
19,19,zero,V,18,True,False,0.26034647623697915,0.26034647623697915,0.26034647623697915,0.06619790772597008,0.03705254410405306,0.04201479449346602,0.03953366929875954,0.03767023158406673,0.039550276073402696,0.04095666454040238,False
19,19,zero,V,19,True,False,0.23447163899739581,0.23447163899739581,0.23447163899739581,0.060273428559303434,0.033370033928143555,0.03825461863264092,0.03581232628039224,0.024158000066924902,0.03784664167674136,0.042660279227658165,False
19,19,zero,V,20,True,False,0.24359130859375,0.24359130859375,0.24359130859375,0.06921874105930335,0.03466794648228056,0.04393207097634824,0.0393000087293144,0.033767781262445326,0.03761334066403958,0.04559939506441131,False
19,19,zero,V,21,True,False,0.23542277018229166,0.23542277018229166,0.23542277018229166,0.07139322022597007,0.03350539904115171,0.04531217947911265,0.03940878926013218,0.03090793104351116,0.03869297589811717,0.04686838101315313,False
19,19,zero,V,22,True,False,0.23851318359375,0.23851318359375,0.23851318359375,0.07300780355930336,0.033945227076786766,0.04633693070272211,0.040141078889754434,0.030650839601617873,0.0412771817250092,0.04636406291477188,False
19,19,zero,V,23,True,False,0.2543304443359375,0.2543304443359375,0.2543304443359375,0.07600259522597005,0.03619634166733625,0.04823767894006229,0.04221701030369927,0.03780745242765356,0.0419127806032527,0.04615376699179276,False
19,19,zero,V,24,True,False,0.24571228027343753,0.24571228027343753,0.24571228027343753,0.06802082439263674,0.03496980344551265,0.04317177168141221,0.039070787563462425,0.03193105635205905,0.03963120474442446,0.04414466463477919,False
19,19,zero,V,25,True,False,0.2354319254557292,0.2354319254557292,0.2354319254557292,0.06119790772597005,0.03350670202084912,0.038841371349385034,0.03617403668511708,0.030531724461679212,0.03626039561069139,0.04053506719853243,False
19,19,zero,V,26,True,False,0.2161651611328125,0.2161651611328125,0.2161651611328125,0.05467447022597007,0.030764653635421933,0.034701045841091904,0.03273284973825692,0.02744799624945157,0.0325293735689562,0.03687827083930755,False
19,19,zero,V,27,True,False,0.21066385904947918,0.21066385904947918,0.21066385904947918,0.04993488689263673,0.029981707612803655,0.03169290515243181,0.03083730638261773,0.02843016537233184,0.03108442615523799,0.03225066329732053,False
19,19,zero,V,28,True,False,0.19982706705729167,0.19982706705729167,0.19982706705729167,0.04510415772597011,0.028439413977642315,0.02862691560437444,0.028533164791008377,0.027261203073291877,0.029693638225823885,0.02792629479571329,False
19,19,zero,V,29,True,False,0.19163004557291666,0.19163004557291666,0.19163004557291666,0.03894530355930345,0.02727281282189932,0.024717985533670536,0.025995399177784928,0.027678743569975274,0.027095956699784596,0.023118305845147197,False
19,19,zero,V,30,True,False,0.17963562011718748,0.17963562011718748,0.17963562011718748,0.031796867251396355,0.025565764642777253,0.02018098288897031,0.022873373765873783,0.02541149496681266,0.02430926361341145,0.019080089446916,False
19,19,zero,V,31,True,False,0.15365498860677082,0.15365498860677082,0.15365498860677082,0.022578118443489177,0.021868197812586636,0.014329984723674007,0.01809909126813032,0.018989449378506766,0.019420790566776758,0.01579314086331194,False
19,19,zero,V,32,True,False,0.14577840169270834,0.14577840169270834,0.14577840169270834,0.026718744635582038,0.02074720094625281,0.01695797652146908,0.018852588733860944,0.027523039293556442,0.01722526060651521,0.0137232923509827,False
19,19,zero,V,33,True,False,0.10685221354166667,0.10685221354166667,0.10685221354166667,0.0168880166610082,0.015207220823931972,0.010718564585933699,0.012962892704932834,0.013236913221222318,0.012978504503085162,0.012948097899128555,False
19,19,zero,V,34,True,False,0.10618286132812502,0.10618286132812502,0.10618286132812502,0.023059892853101064,0.015111958530499498,0.014635759536011669,0.014873859033255584,0.020437975872275627,0.012199895244692817,0.014068836169465323,False
19,19,zero,V,35,True,False,0.08653157552083333,0.08653157552083333,0.08653157552083333,0.023177082339922606,0.012315184997781314,0.014710137901956159,0.013512661449868736,0.01890453904847525,0.0088262827726066,0.015243912765894842,False
19,19,zero,V,36,True,False,0.07347005208333333,0.07347005208333333,0.07347005208333333,0.01947916706403092,0.010456267296150635,0.01236312791768311,0.011409697606916873,0.01557533349995597,0.008027006095476236,0.012692690684123436,False
19,19,zero,V,37,True,False,0.06288655598958333,0.06288655598958333,0.06288655598958333,0.014544272621472693,0.008950022765950822,0.009231026270160939,0.00909052451805588,0.011357485305493412,0.00717735781282965,0.010410585986665055,False
19,19,zero,V,38,True,False,0.06540120442708333,0.06540120442708333,0.06540120442708333,0.01583333353201549,0.009307907856171308,0.010049173415690258,0.009678540635930783,0.020720915754884762,0.005255755300732438,0.006915344112776596,False
19,19,zero,V,39,True,False,0.03746439615885416,0.03746439615885416,0.03746439615885416,0.009088540275891632,0.00533193769730189,0.005768356811485315,0.005550147254393603,0.012708496002321663,0.0029000582883630184,0.003629722044044921,False
20,20,zero,V,1,True,False,-0.007291666666666666,0.009635416666666665,0.001171875,0.006197948654492591,0.00033252511257360584,0.0029102626798003144,0.0016213938961869602,0.0061350127931072106,0.0018027815580334823,0.0005057040033971275,False
20,20,zero,V,2,True,False,-0.003499348958333333,0.015706380208333332,0.006103515625,0.009479201436042677,0.0017319016279875306,0.004450983335208513,0.0030914424815980217,0.0061350127931072106,0.002884452418426864,0.002523733415375314,False
20,20,zero,V,3,True,False,0.02130533854166667,0.027327473958333334,0.02431640625,0.012343773643175687,0.006899896085902321,0.005796050558695364,0.006347973322298842,0.005154785725294257,0.0061613782198818735,0.006712718114972725,False
20,20,zero,V,4,True,False,0.0478515625,0.048665364583333336,0.048258463541666664,0.02031250556310016,0.01369356887195474,0.009537789060365525,0.011615678966160132,0.005154785725294257,0.011546553195247528,0.013044415551348535,False
20,20,zero,V,5,True,False,0.09200846354166665,0.09200846354166665,0.09200846354166665,0.0401301540931067,0.026107839741369356,0.018843216732224683,0.02247552823679702,0.029167911169152454,0.02230313458201337,0.021155625771188076,False
20,20,zero,V,6,True,False,0.12333984375,0.12333984375,0.12333984375,0.05825514574845648,0.03499826809837202,0.02735385302928755,0.031176060563829783,0.033140647540653656,0.033013399676257174,0.029612657362889996,False
20,20,zero,V,7,True,False,0.153515625,0.153515625,0.153515625,0.07236972908178985,0.043560789747142364,0.0339813918176505,0.038771090782396433,0.04070939351759326,0.04064704653359623,0.037206434699841334,False
20,20,zero,V,8,True,False,0.17099609375,0.17099609375,0.17099609375,0.08236972908178974,0.048520956009698656,0.038676917453686184,0.04359893673169242,0.04498388003996932,0.04454180340126204,0.0427222288339647,False
20,20,zero,V,9,True,False,0.181884765625,0.181884765625,0.181884765625,0.08609368741512316,0.05161066851402841,0.04042551163585578,0.04601809007494209,0.044053637382281595,0.04630890416068495,0.0462716992951877,False
20,20,zero,V,10,True,False,0.18907877604166667,0.18907877604166667,0.18907877604166667,0.08898431241512314,0.05365200323288305,0.041782812015022354,0.0477174076239527,0.04495888783490682,0.047435015707636,0.04849696229119876,False
20,20,zero,V,11,True,False,0.19337565104166665,0.19337565104166665,0.19337565104166665,0.09244785408178982,0.054871261978986265,0.043409126883753486,0.049140194431369875,0.04909499538437682,0.047925146718133624,0.049895898349647166,False
20,20,zero,V,12,True,False,0.19563802083333331,0.19563802083333331,0.19563802083333331,0.09140618741512316,0.05551322018242697,0.04292000962999976,0.04921661490621337,0.04254488662790622,0.04870384852442216,0.05096552127832811,False
20,20,zero,V,13,True,False,0.20613606770833331,0.20613606770833331,0.20613606770833331,0.09338535408178975,0.058492090982565526,0.0438493324121318,0.05117071169734866,0.049208382152220384,0.04981368620709493,0.05244309676301108,False
20,20,zero,V,14,True,False,0.21043294270833335,0.21043294270833335,0.21043294270833335,0.09544264574845647,0.059711349728668754,0.04481533898829543,0.052263344358482094,0.05044037496078341,0.05119394040138274,0.05331895385611332,False
20,20,zero,V,15,True,False,0.21150716145833334,0.21150716145833334,0.21150716145833334,0.0942186874151231,0.06001616441519456,0.04424062621513478,0.05212839531516467,0.04465713768403175,0.052574194595670545,0.05346058937659005,False
20,20,zero,V,16,True,False,0.21708984375,0.21708984375,0.21708984375,0.09528639574845643,0.06160027710426049,0.04474197140023235,0.05317112425224642,0.053922997798378024,0.052566057663531424,0.05339108228978741,False
20,20,zero,V,17,True,False,0.214453125,0.214453125,0.214453125,0.09208327074845644,0.06085209560096987,0.043237935844939665,0.052045015722954766,0.053457876469534156,0.0508646849448961,0.052483515766427825,False
20,20,zero,V,18,True,False,0.20104166666666667,0.20104166666666667,0.20104166666666667,0.08565097908178977,0.057046530423738605,0.04021763680301042,0.04863208361337451,0.04221814427196864,0.04785191432888132,0.05049850464839109,False
20,20,zero,V,19,True,False,0.19143880208333336,0.19143880208333336,0.19143880208333336,0.08158847908178975,0.054321671862371565,0.0383100795133709,0.04631587568787123,0.04191639412109356,0.04570297568034171,0.04765023565610054,False
20,20,zero,V,20,True,False,0.17776692708333336,0.17776692708333336,0.17776692708333336,0.07838535408178979,0.050442212215679495,0.03680604395807822,0.043624128086878856,0.041312893819343416,0.04419314582437635,0.04378447405023102,False
20,20,zero,V,21,True,False,0.158837890625,0.158837890625,0.158837890625,0.07434889574845648,0.0450710079667475,0.03491071459978255,0.039990861283265025,0.04191639412109356,0.04063578134533631,0.039203601083144884,False
20,20,zero,V,22,True,False,0.130029296875,0.130029296875,0.130029296875,0.0700259790817898,0.03689643228264635,0.032880877996704604,0.03488865513967548,0.040734385722655767,0.03431289980170228,0.034000588839633396,False
20,20,zero,V,23,True,False,0.08531901041666666,0.08531901041666666,0.08531901041666666,0.05710931241512314,0.024209675557095026,0.02681582405015845,0.025512749803626736,0.01646941262733678,0.026254217390978756,0.02697462188340652,False
20,20,zero,V,24,True,False,0.06144205729166667,0.06144205729166667,0.06144205729166667,0.0481770207484565,0.01743447638840781,0.022621643599220295,0.020028059993814053,0.017978163381712157,0.02110690157080508,0.019789219868729745,False
20,20,zero,V,25,True,False,0.041406250000000006,0.045312500000000006,0.043359375000000006,0.03749994575977337,0.012303429165223418,0.017608195666496535,0.014955812415859977,0.022831158000775866,0.014874791448050487,0.013312421842212334,False
20,20,zero,V,26,True,False,0.012402343749999998,0.03131510416666666,0.021858723958333333,0.027864551345507426,0.0062025170303660095,0.013083871517946412,0.00964319427415621,0.015564162174711554,0.009442675299747587,0.008482189464532266,False
20,20,zero,V,27,True,False,-0.023681640625000003,0.033251953125,0.00478515625,0.023750031987825958,0.001357810876342224,0.01115188840555055,0.006254849640946387,0.00920249871198319,0.006131326163771632,0.005673455187998498,False
20,20,zero,V,28,True,False,-0.041259765625,0.042138671875,0.000439453125,0.025572970906893294,0.0001246969172151022,0.012007854048291345,0.006066275482753224,0.00920249871198319,0.006129455371740521,0.005331969225158369,False
20,20,zero,V,29,True,False,-0.04521484375,0.04521484375,0.0,0.03010422925154356,0.0,0.01413551802037196,0.00706775901018598,0.007668755752545309,0.007751954441430709,0.006506279169819032,False
20,20,zero,V,30,True,False,-0.04614257812500001,0.04614257812500001,0.0,0.03276047925154352,0.0,0.015382767017443934,0.007691383508721967,0.0046012698336693305,0.007751954441430709,0.00833616764136741,False
20,20,zero,V,31,True,False,-0.052539062500000004,0.052539062500000004,0.0,0.039062562584876837,0.0,0.018341926402653946,0.009170963201326973,0.00920249871198319,0.008653342813480822,0.009488319641971953,False
20,20,zero,V,32,True,False,-0.05817057291666667,0.05817057291666667,0.0,0.04072922925154352,0.0,0.019124514008659912,0.009562257004329956,0.00920249871198319,0.009374453511120923,0.009759414230349496,False
20,20,zero,V,33,True,False,-0.05945638020833333,0.05945638020833333,0.0,0.04125006258487686,0.0,0.019369072635536774,0.009684536317768387,0.00920249871198319,0.009735008859940974,0.009759414230349497,False
20,20,zero,V,34,True,False,-0.05965169270833333,0.05965169270833333,0.0,0.0403646459182102,0.0,0.018953322969846115,0.009476661484923057,0.00920249871198319,0.00955473118553096,0.009488319641971953,False
20,20,zero,V,35,True,False,-0.05406901041666666,0.05406901041666666,0.0,0.03703131258487693,0.0,0.017388147757834232,0.008694073878917116,0.007668755752545309,0.008653342813480848,0.008946130465216879,False
20,20,zero,V,36,True,False,-0.05699869791666666,0.05699869791666666,0.0,0.034375062584876895,0.0,0.016140898760762225,0.008070449380381112,0.00920249871198319,0.007571676767020722,0.00813284670008426,False
20,20,zero,V,37,True,False,-0.03992513020833333,0.03992513020833333,0.0,0.025312562584876876,0.0,0.011885578653104831,0.005942789326552416,0.0015337839147933517,0.005949177697330509,0.006912921052385338,False
20,20,zero,V,38,True,False,-0.04124348958333333,0.04124348958333333,0.0,0.02333339591821016,0.0,0.010956255870972736,0.005478127935486368,0.0061350127931072106,0.005228066999690409,0.005489674463403254,False
20,20,zero,V,39,True,False,-0.031445312499999996,0.031445312499999996,0.0,0.016354220906893344,0.0,0.007679166352570927,0.0038395831762854634,0.00306752687423145,0.003966123278820246,0.003930876960729175,False
20,20,zero,V,40,True,False,-0.02169596354166667,0.02169596354166667,0.0,0.010468786160151086,0.0,0.004915645379316551,0.0024578226896582755,0.0015337839147933517,0.002704169930083595,0.0025076285619954784,False
20,20,zero,V,41,True,False,-0.012516276041666665,0.014306640625,0.0008951822916666666,0.0063541847467422675,0.0002540122387715045,0.0029836237374435545,0.0016188179881075294,4.095535547118568e-08,0.0027223145863929958,0.0012877011045449346,False
20,20,zero,V,42,True,False,-0.0012858072916666669,0.008447265625,0.0035807291666666665,0.00630204856395733,0.001016048955086018,0.0029591430591603823,0.0019875960071232,0.009454182542022316,0.0018209214004096261,0.0004744155296606946,False
20,20,zero,V,43,True,False,0.002750651041666667,0.0053873697916666675,0.004069010416666667,0.005104134678840737,0.0011546010853250204,0.0023966595234275697,0.001775630304376295,0.010057682843772467,0.0016406485399328445,6.777183734276861e-05,False
