bootstrap_rep,accuracy_gain,macro_f1_gain,mae_reduction,pearson_gain
0,0.016452991452991395,0.013581013765187278,0.008033201038602833,0.0055470013673744045
1,0.0042124542124541975,0.00011781235949803737,0.012325629234748892,0.01022414336071742
2,0.005952380952380931,0.0012945314124231944,0.008071133857576074,0.0042555891592194195
3,0.01105006105006101,0.007837380828741414,0.013750038459687697,0.019474567210240434
4,0.0035409035409036393,0.0008814241213094265,0.0076910326624854974,0.005892560507024136
5,0.0026556776556776462,-0.0010096138845731017,0.006824988342181149,0.018174516178019018
6,0.014560439560439509,0.010521738712775952,0.012500369235940445,0.006243537363420537
7,0.01095848595848592,0.0058883042743350655,-0.0035635638314325258,0.0040719076340627325
8,0.012026862026862095,0.008883365804314924,0.007207761346485819,0.004014395217863953
9,0.010042735042735118,0.005596883521975737,0.01812254947865144,0.016948274987712897
10,0.011172161172161243,0.009067290448451892,0.009836025493247358,0.010229445817617533
11,0.01239316239316246,0.008279139656867551,0.009063523610773006,0.00958917990367425
12,0.01608669108669114,0.01311312127872033,0.017857034564893293,0.017028226372836408
13,0.02280219780219772,0.018177722614149294,0.018135670549432437,0.020243231735936118
14,0.014926739926739874,0.008643417615244009,0.02638813660634043,0.02527533051168218
15,0.017338217338217277,0.012028283376743776,0.0037148732444741706,0.013859028543993457
16,0.011568986568986528,0.0059514159589521,0.0034919792373885317,0.0033013365393198546
17,0.019200244200244132,0.014445307323533108,0.011390505098723525,0.01331064539584581
18,0.0038461538461538325,-0.0011697024878050133,0.009871062264537822,0.014372546360781113
19,0.00583028083028081,0.003223009731545101,0.00855985093695344,-0.0027858918194942905
20,0.014407814407814357,0.011222292257017319,-0.004262760235995144,0.0027498994925767573
21,0.011172161172161132,0.00510578162948272,0.0075786646423613435,0.0024564247007662354
22,0.027289377289377303,0.02338201181205879,0.01757810828238915,0.022867693134733913
23,0.014835164835164782,0.012376385746618479,0.013411660365083566,0.01048785889531234
24,0.00073260073260073,-0.0021392616091097105,0.012005874051255527,0.016336085826836766
25,0.01681929181929176,0.013939763268083105,0.000643173614257031,-0.0030164191527487505
26,0.017765567765567702,0.013478458418852313,0.014246678786849376,0.018566391651775316
27,0.007875457875457847,0.002485367950534445,0.0012661809720325712,0.0016798677278122565
28,0.0035714285714285587,-5.461902607972746e-07,0.01449348874332812,0.02031294936210082
29,0.010042735042735118,0.005475143193125476,0.019602073901196615,0.015310187231225125
30,0.0022283272283272204,-0.0006987796227029275,0.024559005792812005,0.02313719639019618
31,0.01620879120879115,0.011407276093350682,0.011000900622452514,0.011129678939096666
32,0.008516483516483486,0.005876378765387491,0.014401733965691443,0.013538496947915757
33,0.004609279609279704,-0.00022232116065556973,0.019633314591764317,0.017440707705449032
34,0.005616605616605597,0.0017641413869842193,0.005892895524538533,0.004565547914628598
35,0.01681929181929176,0.01289355660944791,0.01813872089703461,0.017360633879279774
36,-0.004517704517704502,-0.008684777313169412,0.002287300845840501,-0.0005001259864184648
37,0.02783882783882785,0.01962945894450241,0.01182486936849747,0.012832795449360557
38,0.003937728937728924,0.0013619880600991285,0.0168067968667045,0.015149413241823173
39,0.015689865689865745,0.011842509230767795,0.009517767485173967,0.01869318940571818
40,0.011996336996336954,0.008067095531667512,0.00979886501977656,0.013937012614573807
41,0.01019536019536016,0.004176063390844087,0.013024870077264827,0.016804015342136047
42,0.005219780219780312,0.0017665568923195263,0.006432816323738155,-0.0005247747079566434
43,0.0064102564102563875,-0.0006950623252137689,0.008273620480566568,0.004697031129065943
44,-0.003968253968253954,-0.00906978531320457,0.010630522870118675,0.007429463451729013
45,0.00219780219780219,-0.00022962041639806863,0.016755779647399605,0.013694825534024457
46,0.009676434676434642,0.005616627311166633,0.005796061460730084,0.0135445227314962
47,0.024603174603174627,0.02333515004257558,0.014103344677979912,0.01381960460235876
48,-0.006898656898656874,-0.008624879007177344,-0.0029826326861669417,-0.003302159001825289
49,0.009584859584859662,0.007136469737060502,0.011181543643797975,0.005820023217775305
50,-0.003235653235653224,-0.004534341325982738,-0.003702406643021794,-0.004469285285209956
51,0.014926739926739874,0.012630243265793872,0.009885078504417777,0.009183843938571412
52,0.008180708180708263,0.003617171360134952,0.010573138730553655,0.01732516817427565
53,0.01315628815628822,0.00736667844559058,0.0069534385465057635,0.007093581586936626
54,0.0023809523809523725,-0.0011134254505922314,0.008753785253564517,0.005110479762692188
55,0.022161172161172082,0.018306531097564194,0.014988466439313397,0.012114595417188623
56,0.006532356532356509,0.0019790843700711047,0.002926391061882083,0.002706453693861355
57,0.012148962148962106,0.00830818121158694,0.002384418997579796,0.0006929843354105403
58,0.0167582417582417,0.010036111012075577,0.01082502245481276,0.01431988321667399
59,0.01755189255189249,0.013503491079048802,0.00029965307018975373,0.002997267625549749
60,0.008882783882783851,0.00496027749524286,0.00955348565619396,0.013866082893459919
61,0.014529914529914478,0.013066046998087555,0.004589348499607904,0.008695049584358183
62,0.017155067155067094,0.012923543138304239,0.026811807156329692,0.03370584509756702
63,0.028266178266178277,0.023480115955922365,0.014078809286581118,0.0129532040390139
64,0.010592185592185555,0.00699941173398555,0.007733014368607183,0.007983504546822173
65,0.019597069597069527,0.014978196134564414,0.018031568720714874,0.016274799637864268
66,0.01752136752136757,0.011767830180428596,0.027098540017949424,0.01919674413350847
67,0.020726495726495764,0.018212459472574882,0.0049207262172494826,0.0007588766907259403
68,0.009951159951160027,0.007479353086198293,0.012588678511980866,0.01244160624202173
69,0.013766788766788718,0.009477063686264664,0.01960466223779389,0.01242018908267617
70,0.02851037851037852,0.02346746754836848,0.012716331751353338,0.0195068921749455
71,0.0024420024420024333,-0.0005220041395458397,0.010431846589521343,0.003158929238668451
72,0.009279609279609247,0.005627612713558272,0.012205306641193459,0.013420134728453603
73,0.009279609279609358,0.0046942221973530485,0.025776378161366464,0.031153716962937783
74,0.02258852258852262,0.01641940897138283,0.010429000996140525,0.017172056605218033
75,0.011935286935286893,0.007439141379717129,0.006621900000902681,0.0018572079414995724
76,0.0033882783882783762,-0.000758641372175739,0.016167038242218545,0.021643963930129018
77,0.006013431013430992,0.0028584931534958447,0.00826314542637796,0.009368555367491704
78,0.011111111111111072,0.007155782758885509,0.0069796950472762465,0.0003531968081623704
79,0.006898656898656985,0.002328226932802102,0.0046824071062607775,0.009044244891074471
80,0.0087301587301587,0.003881518000048545,0.010753118013184015,0.01983584406915362
81,0.010103785103785068,0.007098027871595081,0.0059647020173887455,0.010191845151869106
82,0.006227106227106205,0.003177043890567832,0.014108755234063852,0.015112767021252749
83,0.006959706959706935,0.0021090782228292415,0.005603397076015648,0.008585906269911736
84,0.018498168498168543,0.015053148271000683,0.01456219561641836,0.018977511548686987
85,0.015506715506715563,0.011618627678393945,0.012249995996254426,0.01087643505142799
86,0.01175213675213671,0.00781924113979271,0.01214895436241581,0.01623160701627535
87,0.00042735042735042583,-0.0032680831074012318,0.013217512026723832,0.017539873514664905
88,0.01672771672771678,0.012861928032022574,0.016450918439578355,0.0265004033662527
89,0.007783882783882867,0.003624840498864912,0.008893748871616203,0.008562189717526092
90,0.004914529914529897,0.00027286884954380586,0.006719360544397146,-0.003338230396794706
91,0.015628815628815573,0.010022695002347204,0.010573741863365904,0.004062434759363853
92,0.008424908424908395,0.005010855221689869,0.003560612047746714,0.00741890351320218
93,-0.0007020757020756996,-0.00547652126196807,0.009227815140630868,0.0045020809210676305
94,0.020787545787545825,0.01602822661081138,0.014180766220301733,0.01821144288483345
95,0.0019536019536019467,-0.0030371435656209034,0.014242748432465424,0.025967288327920945
96,0.0019536019536019467,-0.003120191046669607,0.010987336622798938,0.014554918790923965
97,0.009676434676434753,0.0031038798351622487,0.011885467244702741,0.016775643343433178
98,0.012606837606837562,0.006932861895629361,0.017773743712578227,0.014328851161047762
99,0.0028083028083027983,0.0020553390913238268,0.012650087271235844,0.01341151315113176
100,0.023962148962148988,0.021101236073762242,0.019163243338498392,0.02664064534391397
101,0.01681929181929187,0.013557619578398072,0.010299707250031598,0.011711548114546555
102,0.013064713064713018,0.008004662831147757,0.01028120973093083,0.0142694349301411
103,0.014010989010989072,0.011270043802953267,0.011861709022764066,0.01210531344080401
104,-0.006257631257631235,-0.01009842948747175,0.0021628288814945495,-0.0007016052472239576
105,0.011446886446886517,0.005669445617097257,0.011712256509576857,0.014494687567795705
106,0.013247863247863312,0.010403997873129178,0.013192771474034637,0.016014182636861385
107,-0.00879120879120876,-0.015215316819243152,0.007241609897583601,0.009499878969759123
108,0.011385836385836456,0.005967092005130237,0.0065277072937171,0.006303117326778018
109,0.00958485958485955,0.007343313855527778,0.013439792678435203,0.01322298510281894
110,0.005341880341880323,0.002054156999124368,0.013170943492436193,0.012645923101149648
111,0.009340659340659307,0.006641805078061558,0.017552210638896892,0.02202044366922462
112,0.0056776556776556575,0.0020851982393712554,0.01745566072226379,0.01920343432211713
113,0.00735653235653233,0.004392303719641832,0.005899370245628255,0.006140906159629367
114,0.010561660561660524,0.0037704442040945585,0.00924867144355479,0.009426500826219764
115,0.007387057387057361,0.004735124583537642,0.00732137564016988,0.0064340719631407195
116,-0.01016483516483524,-0.01360029775863203,0.011926376740892697,0.0028158746318918126
117,0.005952380952380931,0.0022738185071767836,0.008830348060459348,0.005376489099310766
118,0.009035409035409003,0.0035581659616259476,0.014531957987483968,0.008108995843435274
119,-0.0010073260073260037,-0.0027384586639994657,0.010463955651278223,0.0014683579174162853
120,0.009768009768009733,0.00417094714691868,0.00531613571190237,0.005942242096842687
121,0.011813186813186771,0.007983776902063977,0.012415587279004048,0.0011361760434734913
122,0.012637362637362592,0.008132531085106809,0.008381884163425224,-0.0013735056284182035
123,0.00943223443223451,0.006413744614335637,0.019459848378276745,0.013115411355551942
124,0.023168498168498086,0.01840946749993666,0.01651779934826869,0.02175603312081731
125,0.002564102564102555,-0.0018879831259305258,0.008679738234652956,0.008760885928791873
126,0.014163614163614224,0.011553893124109593,0.010655908186122387,0.01357650675857558
127,0.013339438339438292,0.009383010188127816,0.010606023739831438,0.00940340113824234
128,0.00659340659340657,0.004860952794929263,0.00827958060985523,0.017073133076482394
129,0.006166056166056144,0.001549859554127786,-0.0073716014926014095,-0.0009912448395431595
130,0.0015567765567765512,-0.0031096909630565772,0.016376528480796293,0.008965506972663628
131,0.023656898656898684,0.01713450590986021,0.01074949933519731,0.020890184694499325
132,0.01025641025641022,0.005532837283551584,0.01880493021513152,0.026690410386362662
133,-0.009890109890109855,-0.014795087956618769,0.000524785424625196,-0.005050274233024732
134,0.0378205128205128,0.03127197806080262,0.013813846360581916,0.012551971518821814
135,0.003449328449328437,-0.001226543448748063,0.003087591084051766,0.006711441492904258
136,0.030311355311355315,0.02771292798413283,0.017710707286245797,0.027682388692155335
137,0.02210012210012202,0.019578485373448418,0.019917481312191954,0.022987815697376512
138,0.015689865689865634,0.013053727825381278,0.018820481202308392,0.020123196352018202
139,0.024358974358974383,0.020770983285800515,0.022002023422492356,0.025924441170294354
140,0.014896214896214843,0.010388948363709072,0.012314054081458914,0.01348047400337593
141,0.009065934065934034,0.0030002388725776097,0.013898916087695445,0.01936217650512373
142,0.008638583638583719,0.004707344809044223,0.005110449224419389,0.0007270024490731997
143,0.006929181929182016,0.003137216462500425,0.013417710816079675,0.01787686476565964
144,0.00805860805860803,0.0020713376081037405,0.011817851188178463,0.010571810553181793
145,0.007081807081807057,0.0013818757498439416,0.015026162123428999,0.007108612881760901
146,0.005189255189255171,-0.0014839271083640915,0.0006997314462168225,0.0025255292115111683
147,0.009340659340659307,0.006414035917773453,0.015248996293133477,0.012626158936382081
148,0.00946275946275943,0.005390682687385739,0.011418594841167806,0.01240224020779046
149,0.0014346764346764296,-0.003309145624293297,0.004963780849338795,0.005082360205445946
150,-0.006074481074481053,-0.009943821723134239,0.005528185915095629,0.011081352488890306
151,0.0011904761904761862,-0.004242910494958174,0.010980643415085312,0.018455625241299844
152,0.008150183150183121,0.004552842699666826,-0.0025086095213779913,-0.0008854720474414934
153,-0.004120879120879106,-0.0069283619757929404,0.013724709359402731,0.017311922744927988
154,0.018162393162393098,0.013088967300803334,0.018742322909566345,0.020726973844671592
155,-0.004456654456654441,-0.010096601919247994,0.011296634243761705,0.014859797086766324
156,0.01892551892551886,0.013508673896968748,0.014561647501991848,0.026442238778753957
157,0.01764346764346758,0.013411583591365961,0.010685275178703768,0.011482103360017426
158,0.006501831501831479,0.002898549817037299,0.004233071351011253,0.00661086245348963
159,0.011294261294261365,0.003589651166777119,0.0076449498817561246,0.0017218273047087118
160,0.01742979242979248,0.012525096002525604,0.020045368081768045,0.016685309252729263
161,0.009249084249084216,0.004067723598642381,0.015859401423883424,0.012591927140703452
162,0.0024420024420024333,-0.0034548447146149908,0.006848428842543441,0.006243875013868139
163,0.014346764346764407,0.010457128127502435,0.01983904125468494,0.01860268077256022
164,0.001312576312576308,-0.0023208656950308715,0.008041818946994739,0.010634114653442883
165,0.0037545787545787412,-0.001973309270082435,0.016638454227997257,0.02216328272011958
166,0.0021062271062272098,0.0005055419858048804,0.008509771628526841,0.005164400361937105
167,0.02121489621489614,0.017081643679639713,0.013254703930638989,0.011961431280483326
168,0.01095848595848592,0.006564963757266673,0.010543080391442805,0.006258742100074932
169,0.017399267399267337,0.011756057252600205,0.010570429368255252,0.009020031545795226
170,0.023931623931623958,0.02016479817031336,0.016971052586259194,0.013232809831570491
171,0.013919413919413981,0.00860422108374248,0.016935781453812027,0.01943740059856891
172,0.008089133089133171,0.003455712740804362,0.006164246240849547,0.0026270739368723373
173,0.006532356532356509,-0.0009635692597844692,0.005145507526268411,0.0036276301619729834
174,0.011904761904761862,0.007981642861253357,0.013833656009476725,0.018071456406361763
175,0.010592185592185555,0.006584560767929792,0.008361876581214456,0.013604521793318392
176,0.0064102564102563875,0.002690665131208636,0.01820173368672684,0.014010347996993522
177,0.017185592185592125,0.014338943305676866,0.01243725018356634,0.0187232777562224
178,0.01028693528693525,0.008723818339088973,0.013636879226418097,0.009776140021604318
179,0.011843711843711802,0.007577062582404315,0.018925785273071538,0.01534672267287751
180,0.013278388278388342,0.007828672713834806,0.011422667472022807,0.012140510836023077
181,0.016575091575091516,0.01265127951763434,0.00950840262687691,0.012543191671144704
182,0.004609279609279593,0.0022127700463536737,0.013792550584482699,0.025741431445317042
183,0.006959706959707046,0.0030636646583206417,0.0044990630754129235,0.00675978654696241
184,0.016483516483516425,0.014548104913979287,0.012805953897947142,0.012158022420376668
185,0.014163614163614113,0.009785581950483957,0.014590527285324395,0.013991897990594526
186,0.018528693528693574,0.014375325214026069,0.023254725617285033,0.02233413519311145
187,0.009401709401709368,0.004728850290840025,0.007138212928368692,0.013499299898510952
188,0.009890109890109966,0.005967865333812217,0.015140197843437009,0.017712672587613
189,0.010347985347985422,0.005938826137839248,0.0061577477393806035,0.008010066707284658
190,0.017002442002442053,0.010754356488342554,0.01663697498829375,0.013420168804740507
191,0.009615384615384581,0.006585752683560431,0.008446210346995775,0.013662947026208738
192,0.009126984126984095,0.004775904286085431,-0.0007997900847132033,0.003315262789224338
193,0.010439560439560513,0.006079510013841771,0.00832562318996799,0.013601877213642366
194,0.001678876678876673,-0.0007728637987054476,0.007823472207115212,0.011650228627252068
195,0.008699633699633669,0.003189169372327827,0.011102494140930008,0.013634927844186295
196,-0.0012210012210012167,-0.0037807535559105654,0.017864589007888232,0.025963682100007324
197,0.017765567765567702,0.013563284339269788,-0.0013026836172091993,-0.0010115885304181615
198,0.018162393162393098,0.014044490864874914,0.018611876182325515,0.021400460629640516
199,0.01468253968253963,0.0093942231335844,0.004498915161245121,0.010294742659585077
200,0.019413919413919456,0.015140934226362646,0.01851912121636845,0.027149538867177636
201,0.024328449328449353,0.021248367887350184,0.013370441306066794,0.017060778530268217
202,0.014041514041513992,0.00966024862638526,0.010747547215745445,0.012158752875428447
203,0.006379731379731357,0.0016952508037507696,0.011755261310745668,0.017608293235997108
204,0.010409035409035372,0.006687684360532575,0.01571277826580708,0.009181123875289354
205,0.014224664224664285,0.010035847520796892,0.009655446092780906,0.004127704274248134
206,0.005494505494505475,0.0018524254100755755,0.008361737512135758,0.008483472253857594
207,0.026098901098901117,0.02088459953136701,0.01609286833786472,0.015084740701929111
208,0.006654456654456631,0.004080393590181974,0.004318397472938829,0.009639145341276856
209,0.009645909645909723,0.005817101766688038,0.015295029267945237,0.004237489718318055
210,0.02854090354090355,0.02280749329127496,0.00459876052016539,0.008481348587929594
211,0.021733821733821768,0.014797008524624289,0.011698412317174167,0.010389381794683517
212,0.01169108669108665,0.008493898337047168,0.015061829679422045,0.019135201991436368
213,0.0056776556776556575,0.0017934328851942904,0.005179972890623552,0.006321438070508223
214,0.009218559218559297,0.004773659280051357,0.012407887092894865,0.020004899464074133
215,0.00879120879120876,0.004636625195502453,0.016908480825801875,0.007242457220739462
216,0.017094017094017144,0.010829643595437921,0.004931834444352856,0.004768487428266521
217,0.0075091575091574825,0.0041264725811296366,0.010738276482992859,0.013179281777046747
218,0.009768009768009733,0.005787355776784353,0.00682264878462191,0.0006996337873170777
219,0.019505494505494547,0.01566041050623468,0.015550384097079761,0.015854861954020194
220,0.0262820512820513,0.022330618966116544,0.006655807793944701,0.013591538135697467
221,0.013553113553113616,0.009389179506147483,0.017433962914571555,0.020544341393102017
222,0.015750915750915806,0.012296508326939515,0.010541787607822317,0.014926598118569556
223,0.025915750915750935,0.020858979564217783,0.0163803164847367,0.016393626976236697
224,0.020848595848595886,0.012872680206382658,0.016984897362217866,0.020632376942134156
225,0.008577533577533547,0.0023403937978301315,0.011333522014832953,0.006053805953625924
226,0.00512820512820511,0.0013743625938639203,0.011006424036081652,0.016101450490049407
227,0.01019536019536016,0.007967701416050632,0.014438007641993877,0.007926466882616445
228,0.0076617826617826346,0.0041901886392108345,0.0061635059078005705,-2.1016962853281917e-05
229,0.01105006105006101,0.005466032837264212,0.0017578370927510134,-0.0007684970899437538
230,0.014438339438339498,0.011129695832979514,0.020062277292553943,0.02224947460536597
231,0.013431013431013494,0.011496533045463497,0.01449419671833807,0.005325709222316233
232,0.020848595848595775,0.016611109701618387,0.012537082190749782,0.014888653818715625
233,0.007081807081807168,-0.0008111685726661655,0.004008506795425526,0.007813830357222717
234,0.008699633699633669,0.005492363649451604,0.00765962869343384,0.00887877390389702
235,0.011446886446886517,0.007646180214088361,0.015011525008655435,0.013961496324319866
236,0.007448107448107422,0.003261103770598961,0.012999168042441944,0.014917949983069057
237,0.008455433455433425,0.003804154713282326,-0.0008175010621783718,0.0046034862330567305
238,0.01739926739926745,0.013435263663028274,0.0148879304166879,0.0090574241303919
239,0.013308913308913262,0.009941062086088026,0.009477270965667528,0.001835940132354441
240,0.01248473748473744,0.00983863762737136,0.005314298834074083,0.002232799742920788
241,0.001098901098901095,0.00017230528555833846,0.013519526117407032,0.009322240455134079
242,0.020177045177045216,0.017044145830126145,0.021972944785661697,0.020602741583057194
243,0.030830280830280832,0.027073101400019506,0.009886411869762246,0.004806151413665916
244,0.008882783882783851,0.00387912333435414,0.00845673288710247,0.013449366041268673
245,0.009859584859584825,0.0048948860974167285,0.003230539596988713,0.007884425693007291
246,0.010561660561660524,0.004528392324156805,-0.004502022285038931,-0.0017177725201119598
247,0.014529914529914478,0.00964089022058856,0.017858941520659588,0.029724301116523133
248,0.01617826617826612,0.013035017527289416,0.014681749254523369,0.016807331786125368
249,0.012362637362637319,0.010043638655895193,0.017899749828925948,0.027282135438776556
250,0.0030525030525030417,-0.00034917185168747977,0.012221193689777365,0.01935539985603585
251,-0.0003357753357753346,-0.003888704017686595,0.014096204498115439,0.010860496019290733
252,0.01828449328449333,0.015318854977654728,0.013828136951895775,0.010852386301022365
253,0.01175213675213671,0.009305496380826117,0.009032341025187463,0.004695158743599492
254,0.017918192918192966,0.011820140679811963,0.00931191754802152,0.020898664106957177
255,0.010073260073260037,0.005597346319508034,0.001982682839743788,0.0049076567858069575
256,0.012210012210012167,0.005620614627199316,0.015714745809283337,0.016899060520494835
257,0.010866910866910828,0.0055905817816457315,0.013819808412282364,0.010735888797116289
258,0.002258852258852251,-0.0033238713805013864,0.015403402167529556,0.014890284756722383
259,0.01843711843711837,0.016336556985047657,0.007889943141169198,0.006335840572082918
260,0.0161477411477412,0.013047998300351082,0.016508577709163585,0.022765508948526914
261,0.0132478632478632,0.008312841925138592,0.01218228843850222,0.018820704975881397
262,0.007967032967032939,0.0027723796529751654,0.0058658270700747694,0.009843975805773786
263,0.010653235653235615,0.006817140856561377,0.015773116339615756,0.020744048331321707
264,0.026770451770451786,0.020647333751318886,0.002461567330073078,-0.003618490191141688
265,0.020604395604395642,0.015462288325407525,0.01879113865294224,0.02746551221022131
266,0.021733821733821768,0.018375315872176667,0.020052351679339164,0.018349021124526188
267,0.01535409035409041,0.012337118691562843,0.011283607127205442,0.01685633028399114
268,0.015384615384615441,0.011837948210537741,0.01704626564545797,0.018162328228462865
269,0.01669719169719175,0.013236472889966544,0.0123876554456821,0.01023647045462106
270,0.016636141636141688,0.013921969122395295,0.014284241331318781,0.01569358920447128
271,0.006379731379731468,0.0017002517721093069,0.01195990302721539,0.022188986665320987
272,0.006593406593406681,-0.0008005518389447852,0.0060912575475333686,0.004981577669740389
273,0.015109890109890056,0.012697291799111832,0.01398055595986103,0.01788457548156508
274,0.017032967032966972,0.013618212543073938,0.006615958918483655,0.007062471735332587
275,0.010439560439560513,0.005796272224559917,0.004429900396905495,0.0041397914240594025
276,0.010561660561660524,0.006052085298638654,0.020076362637802325,0.029524537966546083
277,0.013369963369963322,0.008695989364879475,0.008591448670687618,0.005609489174827287
278,0.021428571428571463,0.016911409906491648,0.016409507476264573,0.013652226374114229
279,0.016056166056166,0.010735659071101189,0.015079670911878007,0.011329642989804656
280,0.015323565323565269,0.01137898386511682,0.009185326117329806,0.013239135657794665
281,0.02329059829059832,0.017585929249205767,0.012244384753422266,0.017285629232524302
282,0.008302808302808384,0.006510493830405584,0.002000558462038393,0.009712388284993767
283,0.014926739926739874,0.01039514211477166,0.015724481335569696,0.01817156145637222
284,0.016514041514041566,0.012170152853912874,0.019868354478609462,0.017370707028242838
285,0.014865689865689813,0.010244957214572636,0.011198284475212206,0.014924309520284229
286,0.012087912087912045,0.00949716494147268,0.011257980903477294,0.005507228847054901
287,-0.0007936507936507908,-0.0038458441397091203,0.005031712948948552,0.00225837288315045
288,0.006807081807081783,0.003672220077986399,0.004017083667333332,0.015983857245477018
289,0.0029609279609279504,-0.002568777695872715,0.012991458001072376,0.007370682951070795
290,0.017216117216117155,0.011525363094789132,0.009300746805789406,0.01805858574610919
291,0.013369963369963322,0.008278679288708402,0.0053823148182006175,0.00969183085087566
292,0.007264957264957239,0.0023572437042616023,0.00814677394528085,0.002862814043824713
293,0.00876068376068384,0.005078993536403842,0.017567367012807922,0.022707850097693605
294,0.019871794871794912,0.013861682210607684,0.018594146054082605,0.02384188877417881
295,0.0011904761904761862,-0.0037630480055402815,0.024430309091069913,0.026023437943680228
296,0.011202686202686163,0.00664491853645377,0.004890186881114755,0.009231020887896735
297,0.004884004884004978,0.0011617878693412909,0.018261187532593315,0.016051057446973216
298,0.021062271062270987,0.015624735496652664,0.01813656169047284,0.018908929599259494
299,0.011904761904761973,0.007598465582080771,0.01810048403359299,0.0205248650251022
300,0.005189255189255171,0.0023271407208046435,0.0054345382872135195,-0.003447367772362764
301,0.021001221001221038,0.016217879826180726,0.01535394752558883,0.024162472716084626
302,0.004853479853479836,0.0010440337379955533,0.003129576645160115,0.005517511260507368
303,0.004304029304029289,0.0032915928265485617,0.010387672235782963,0.006112859765529
304,0.00027472527472527375,-0.004505103154238688,0.008393687550061202,0.010267306155413936
305,0.00799755799755797,0.004078579786564673,0.020474733711178694,0.022063236396542063
306,0.011935286935286893,0.009445496702177425,0.015902997644192784,0.026494113100341665
307,0.016422466422466475,0.013476003260222802,0.002752575618441666,0.0028231250853797407
308,0.014407814407814357,0.00889982777802889,0.01183105502121684,0.01531073592374177
309,0.009920634920634885,0.0017219853335330715,0.004381317518429517,0.008883058412407996
310,0.0072954822954822696,0.0052469033053826886,0.015682528895359704,0.012759182706576278
311,0.01816239316239321,0.015055817697392948,0.009770178517846673,0.007320276588192565
312,-0.00943223443223451,-0.011342513331974446,-0.0007822762760523183,-0.009730556860596762
313,0.003815628815628802,-9.51404629100372e-05,0.006489829908635114,0.009368069547574964
314,0.01462148962148968,0.011722075239988583,0.02007847687933917,0.023049692030311486
315,-0.0006715506715506692,-0.004094933248471877,0.018422377736349804,0.0186465720571094
316,-0.005555555555555536,-0.009884578039408232,0.010296975951840981,0.010162181248345559
317,0.011813186813186771,0.005195622872538719,0.015522582603848978,0.012587569175667723
318,0.0255799755799756,0.021701215010780706,0.017560959433816192,0.020637595342146042
319,0.01385836385836392,0.011372100265713447,0.014361198413757714,0.020982958005470564
320,0.005280830280830262,0.001914560789059383,0.01659748939785366,0.011136891484328837
321,0.004700854700854684,0.0010870595242731262,0.0163345028698354,0.017619844908810522
322,0.013858363858363809,0.006484656306906311,0.00651453780246436,0.0069457910091396124
323,0.013766788766788829,0.010259022621914804,0.004025469056095798,0.004766598025033653
324,0.025152625152625063,0.019198118256192,0.015462571818591786,0.022247287614157063
325,0.01620879120879115,0.012524689701532199,0.015871533405158567,0.02813240393789318
326,0.006898656898656874,0.0024279204497625884,0.005488884800758043,0.0006721079135587615
327,0.00021367521367521292,-0.003139773376616417,-0.008222555045834468,-0.00033920004930232395
328,0.00735653235653233,0.0018792032071984766,0.011269386128415437,0.018065335502980284
329,0.027228327228327243,0.02479716135586274,0.012485215248562387,0.017558662539371772
330,0.00802808302808311,0.0012581023152797854,0.009031359549998452,0.004594132997456812
331,0.015231990231990289,0.010042711144455208,0.015082032242528243,0.01810707714157289
332,0.006135531135531225,0.0023605637215456943,0.0026251272915538415,0.011624073105247157
333,0.0053113553113552925,-0.0006768434255300937,0.01242155722310545,0.015132651315096113
334,0.005402930402930384,-0.00039170293939672085,0.013305341695627582,0.010915215895961228
335,0.010744810744810707,0.00857502479318506,0.0077341353500608445,0.01560992091913227
336,0.018833943833943767,0.017123297013644567,0.005304646654457956,0.014153993893502137
337,0.01022588522588519,0.005469210381592204,0.003390499130302538,0.005224893622254645
338,0.005341880341880323,0.0022713370666980204,0.01967189084835108,0.021063349804974374
339,0.02185592185592189,0.01831094995237037,-0.0026577129592462168,-6.69445100084376e-05
340,0.013034188034188099,0.008487160761196377,0.02170139072189725,0.02086167402653749
341,0.03064713064713065,0.02643370077679874,0.015953169598891592,0.015227795462278815
342,0.017124542124542175,0.013480957062245391,0.005572354690091985,0.004832186904641933
343,0.01822344322344316,0.013738477280183292,0.012714440544811967,0.023767511731593194
344,0.007692307692307665,0.00293998222723435,0.018256134796570178,0.02591074136466931
345,-0.0032661782661783656,-0.006170191483876986,0.012678095551038826,0.009456709118467743
346,0.0025335775335775246,-0.001379057735835243,0.0076652688541981595,0.0075953773368343525
347,0.011630036630036589,0.006746990354374205,0.013620956000614748,0.010415985405210937
348,0.014774114774114722,0.012176612679322574,0.014081959472658556,0.01361329081202689
349,0.008333333333333304,0.0026729215323714195,0.015866350295058895,0.010767211710677405
350,-0.009126984126984095,-0.012167308220199957,0.00460982137260213,0.004355456437145522
351,0.004761904761904856,0.0008751802351883997,0.022953419987518875,0.024408289555911455
352,0.024358974358974272,0.0199025203924329,0.019268502885853023,0.014856342154633384
353,0.008363858363858445,0.003598719536853201,0.01113582703606375,0.01648952059926645
354,0.020665445665445703,0.012906435515771753,-0.0002464125553276464,0.008205991784154931
355,0.012606837606837562,0.008956433160606458,0.006682371639220919,0.006920865912698804
356,0.01672771672771678,0.015382888360538138,0.014636463418379098,0.020487591764758895
357,0.008669108669108638,0.0030593647719920902,0.01080092683112266,0.009308891387730722
358,0.014041514041513992,0.008541704617106016,0.015979210973821156,0.01130257883096597
359,0.012820512820512886,0.009654913363047135,0.009624194268785913,0.004574236311450375
360,0.008547008547008517,0.0030857393470702377,0.0037295001104526992,0.0010773686429608187
361,0.015506715506715452,0.008955420637814182,0.008402549266629644,0.014433877304342424
362,0.013308913308913262,0.010980294113495326,0.020731201402837462,0.028428303367876162
363,0.011996336996337065,0.009290013423796095,0.016087891794551834,0.012870989180158166
364,0.009249084249084216,0.007375603277054665,0.012491319581964588,0.006685727254980178
365,0.025030525030525053,0.02206441305689033,0.008700758304040379,0.004703806440394809
366,0.017032967032967083,0.013529211058718071,0.012932312255317324,0.009355588138555637
367,0.014285714285714235,0.009068789942817568,0.013482298888480626,0.008848723128823677
368,-0.006288156288156266,-0.01054028191550116,0.00922281565614158,0.008677575868698884
369,0.008882783882783962,0.002865324344281772,0.004872054952073657,0.003547236721935576
370,0.016636141636141577,0.011287052348730064,0.015972091611564765,0.006112937112639383
371,0.0012210012210012167,-0.0022283430190889186,0.008095554079868728,0.01223702961898665
372,0.023107448107448025,0.018565837760342152,0.013082468887492094,0.015737576446605117
373,0.021550671550671585,0.015198446009784372,0.010543960751071002,0.006160140167533079
374,0.012301587301587369,0.0062654523726073386,-0.004876225312299698,-0.0016121693873556442
375,0.020024420024420064,0.014935410946503191,0.0008477233020540709,-0.00041241859752361165
376,-0.009218559218559186,-0.012434141597491788,0.011336223566972503,0.013596644460543539
377,0.015598290598290543,0.012856929443129994,0.013124822382931,0.02498261078989772
378,0.001678876678876673,-0.0037601815268240024,0.0026315406857521095,0.008065618470650349
379,0.006349206349206327,0.002358891997994328,0.013070064523037384,0.013151369609521013
380,0.005402930402930384,0.0008740496188500702,-0.00020771378633877013,-0.0028852379020550822
381,0.015048840048840106,0.011465280906034825,0.003391530481099081,-0.002689534163404006
382,0.00579975579975589,0.0026772936218361076,0.004298212307442206,0.010094278148621627
383,0.006990231990231965,0.004656367272801387,0.01594496672881418,0.014354455533933108
384,0.016452991452991506,0.013905299899868662,0.015623784305704769,0.0136727847622522
385,-0.00024420024420024333,-0.003815521894398377,0.01389705404547359,0.019547992958913962
386,0.021001221001221038,0.01663412365798278,0.017471098889415893,0.03092144157402299
387,0.016422466422466475,0.014397273168825664,0.007357344275511046,0.017773828572956507
388,0.006135531135531114,0.0009311123925646037,0.0032928399284808396,0.00578828807298204
389,0.023626373626373653,0.020073971958497916,0.014487251710660787,0.027026461414346503
390,0.020177045177045216,0.015258599877175927,0.014626495062289635,0.013134083241416517
391,0.013919413919413981,0.011181075015732289,0.014970795716694685,0.02326560459064675
392,0.013003663003662957,0.009251077090595805,0.01597647925401524,0.011382098766238302
393,0.023870573870573897,0.021673866204661496,0.017811555024972447,0.020487580291398855
394,0.03675213675213673,0.03396838896670806,0.024864050996138087,0.022607159569211444
395,0.015567765567765623,0.013456727250582112,0.011441193533172966,0.015858326791019506
396,0.010073260073260148,0.0065325044791672005,0.009802471208041008,0.00949147471967049
397,0.029761904761904767,0.025247885842840545,0.013726722028342131,0.01470747089514779
398,0.008516483516483486,0.007366727104643811,0.01972272983777612,0.02539365372335245
399,0.014743589743589691,0.012909775594944661,0.013574688370602273,0.0044039785696006195
400,0.00808913308913306,0.004699999098950691,-0.003232900776123593,0.003722843216564131
401,0.026129426129426148,0.02059667728232606,0.018564625361687348,0.01696167311871344
402,0.014133089133089083,0.010293229797772141,0.01213099190062572,0.010228364283470959
403,0.018070818070818007,0.012730291287947004,0.022908312540131148,0.013720214770920225
404,0.0087301587301587,0.0041209399504469335,0.0027750091258403886,-0.0005726795890050873
405,0.005219780219780201,0.0021808552375506274,-0.0012128750919404574,0.016063075492835033
406,0.014133089133089083,0.011318102076010361,-0.0005897117060071899,-0.004235408674072794
407,0.01822344322344327,0.013625394738885355,0.008600254438977495,0.016157363892290055
408,0.00879120879120876,0.003585301119312767,0.006162400220840247,0.004356489840429689
409,0.000366300366300365,-0.0028374081189699307,0.006093515463177046,0.007012728211550523
410,0.013614163614163566,0.009291611866508398,0.010061084644438112,0.008751844004399767
411,0.009096459096459064,0.005308848162610458,0.001145373572913111,0.008670261508103683
412,0.017338217338217277,0.014210493418677417,0.015424030078328932,0.009766023084456621
413,0.01593406593406599,0.011146355465529778,0.004387742326500299,0.008020347550576123
414,0.014743589743589691,0.011124017704209566,0.00790745379897484,0.00872099993981601
415,0.009188034188034155,0.006000770975764125,0.01741190045139196,0.01742354194708462
416,0.015659340659340715,0.012250828013431803,0.023784038091431703,0.02550900252655841
417,0.019871794871794912,0.01712626177369736,0.005046456720950054,0.011950268423748911
418,0.0248778998778999,0.019885345083158312,0.018288155385797422,0.021415369613134505
419,0.020726495726495653,0.01730734893819863,0.01266604877938493,0.009827660135035443
420,0.0,-0.004601127531155158,-0.0013530505131199577,-0.010109069344413357
421,0.006288156288156377,0.0038170742735508245,0.0070659683244131966,0.014028762327708888
422,0.015659340659340604,0.01356520887696644,0.009262052747252336,-0.002040768855206432
423,0.009157509157509125,0.004263941004081451,0.013209505958311274,0.01327217942610237
424,0.017216117216117266,0.015493917391248835,0.01326224467078252,0.024542125123673708
425,0.005006105006104988,0.0021529980347800848,0.009523489593145862,0.010237983847124155
426,-0.0017399267399268448,-0.0030375017531238946,0.010862960406606614,0.006385255770204656
427,0.007753357753357837,0.0027952642739981215,0.008602163720229039,0.009011776657946613
428,0.011294261294261254,0.007968484197820369,0.020978315028801098,0.02914325132466422
429,0.008211233211233182,0.00573478217482315,0.011358257504256786,0.015502299213107973
430,0.01089743589743597,0.008279577259696635,0.009752267745326448,0.009529082232807906
431,0.004914529914529897,0.001776528358497731,0.008987646456890763,0.005121804559729548
432,0.01843711843711837,0.014270032813074818,0.012366868117862806,0.009563418019757797
433,0.010622710622710585,0.006936666483162712,0.013454776961179027,0.017383845848364277
434,0.008333333333333415,0.0054850987520678185,0.0028297811330711964,0.005339800965728392
435,0.018040293040293087,0.013900312360722089,0.016682343805432986,0.02078567302201717
436,0.02115384615384619,0.015987444323420363,0.014647772003342663,0.0178596015487672
437,0.010927960927961,0.005164029178414631,0.01726136799042033,0.01744778724391305
438,0.01462148962148957,0.011815579983882385,0.0192085281821488,0.02187663580145427
439,0.014072039072039022,0.01076387787621269,0.018990505947039882,0.03054244088734892
440,0.023015873015873045,0.020220721678580023,0.01487373238112033,0.016218944233882038
441,0.001098901098901095,-0.004313630700662152,0.010285047341346276,0.015992525956296855
442,0.018803418803418737,0.014433946621215221,0.015530726807969186,0.020759050197617035
443,0.0026556776556776462,-0.00356471248503043,0.01964531558830862,0.03148514618106535
444,0.009218559218559186,0.0048188206700330305,0.009403019225806553,0.010027844682213738
445,0.0037851037851037717,-0.0005073511772688555,-0.0008113317019100563,0.005862096144317319
446,0.012606837606837673,0.008259229510372834,0.015271137684630953,0.013903100067421237
447,0.015109890109890056,0.01137930692768796,0.00945180979166027,0.011268226245295332
448,0.002411477411477403,-0.0010280221530124534,0.010809827136658678,0.0003356939253744695
449,0.019413919413919456,0.015755173438662617,0.01716425232449348,0.022841089977570284
450,0.017948717948717885,0.012057941518775483,-0.0011694806791977541,-0.007321145512382832
451,0.007814407814407787,0.007982781713658071,0.005056197401951956,0.010807764447299584
452,0.007081807081807057,0.0031557838208708944,0.020039944624789863,0.015466328708535926
453,0.006715506715506692,0.003038576157221362,0.006376170786996926,-0.0005569819501876072
454,0.02341269841269844,0.018808523449412307,0.00398176038274678,0.013553025055734524
455,0.004090354090354187,0.0006029787289609789,-0.0038038537270820294,-0.0011384839914334588
456,0.017277167277167216,0.013975435486460297,0.009577210200768183,0.0032777843645145355
457,0.0010378510378510342,-0.0016982096143217662,0.016209845008183565,0.02034238863064275
458,0.014774114774114833,0.007586970873341148,0.012114096115902528,0.012163477093336539
459,0.02786935286935288,0.023432408663178528,0.01316157233971238,0.008951543409475904
460,0.012637362637362592,0.008459873625750958,0.003296911538980929,0.004203591987076871
461,0.01608669108669114,0.011087726335493597,0.011421910388327294,0.014929369672582182
462,0.011965811965811923,0.007643535755558095,0.017628152278808096,0.019218723821151085
463,0.019627594627594558,0.013977781519426635,0.008109662998561418,0.0014038470022859073
464,0.01315628815628822,0.009206065729118973,-0.00015649263719053064,0.00598721898668686
465,0.0018009768009767946,-0.003260284844935346,0.014610922574605945,0.015149608965697503
466,0.004181929181929167,0.000770555919411442,0.012421532216657205,0.012742216653288563
467,0.0036935286935286804,0.0002389751199802781,-0.000423562063420424,0.004746429127996943
468,0.011904761904761973,0.007553870915249283,0.002620345051659312,0.012139222707371555
469,0.008882783882783962,0.004778033910971868,0.006998050852332738,0.017912864420610908
470,0.005250305250305343,0.0032800483290198468,0.013529488651898403,0.020693275402275724
471,0.019261294261294193,0.015005072515334783,0.016619499134025717,0.020674722130994083
472,0.010683760683760757,0.0071795201482540705,0.012304132781175148,0.010665786206321748
473,0.012087912087912045,0.008026875697056846,0.018526751603959335,0.020384584584392185
474,0.009096459096459064,0.006618896995480572,0.02112553439513498,0.03138574152054052
475,0.011477411477411437,0.009990093940030143,0.003396935165696169,0.0037440627950917627
476,0.013766788766788718,0.011881491211947592,0.01443756364462978,0.021532101895803457
477,0.02692307692307694,0.02149596042438895,0.02287177779568994,0.02867067421236924
478,0.010317460317460392,0.0047579835500014545,-0.0005489846839791257,0.002259799513874783
479,0.00882173382173379,0.0063705858964602236,0.0021050668914220916,0.0098712221843692
480,0.03003663003663004,0.025342566656960774,0.010820656497665504,0.020023091723606834
481,-0.0032051282051281937,-0.006083940468513016,0.006977266812428162,0.00895764403464372
482,0.023534798534798562,0.013802650843677822,0.01582675093768282,0.02031984581594659
483,0.011965811965811923,0.006007920313413906,0.016051719617568905,0.02055475023498765
484,0.00219780219780219,-0.0016071930241420285,0.005854376962238783,0.002860077093614133
485,0.012179487179487136,0.00838807444076839,0.013515693608999846,0.02331636435680018
486,0.0038461538461538325,-0.0017505581645400614,0.003912785609770708,0.003904809663023534
487,0.004181929181929167,0.001056094451607037,0.006804663824814927,0.009085528365746609
488,0.007844932844932928,0.004425157968130478,0.009941920525838088,0.010605105148275062
489,0.01251526251526247,0.009689951388247575,0.021574356434527875,0.01581908948314925
490,0.0001831501831501825,-0.003516311941860306,-0.0028893039748308924,0.0054436363419283484
491,0.0017399267399267337,-0.002590353719938654,-0.0037444600816010087,-0.003122904764270129
492,0.012667887667887623,0.008878771632122029,0.014586056081397736,0.015297280437385985
493,-9.157509157509125e-05,-0.004341903372848566,0.0018852040238415135,0.009238161433396175
494,0.010897435897435859,0.0075965602821301825,0.009687015415697053,0.00881972755938032
495,0.01532356532356538,0.007492214881615222,0.011210338068752601,0.008580011680316635
496,0.01025641025641022,0.005865450025479335,0.01674473727245407,0.012537145994241161
497,-0.0012210012210012167,-0.004274994935285825,0.004953153093264495,-0.0034520686218125762
498,0.022191697191697224,0.016970729778888582,0.013927698352317996,0.011084407617105274
499,0.007539682539682513,0.0032318524367760393,0.013488491842327144,0.019850422823992853
500,0.016391941391941334,0.012055204700686106,0.015272930331768353,0.03108457164883982
501,0.020726495726495764,0.016781098876010758,0.014554792302386543,0.011292227063291804
502,0.016514041514041566,0.010004896710310573,0.01755588379902373,0.024083309581942047
503,0.021611721611721535,0.014569659836156545,0.013014414820100573,0.014619700892594789
504,0.00805860805860803,0.004386634805757406,0.013509924793872918,0.014311152103936742
505,0.009829059829059794,0.006151461613962628,0.01041977243906167,0.018596185137206067
506,0.028815628815628824,0.025091152321612298,0.01805305987784278,0.02083648775784075
507,0.019932844932844973,0.014052646794878831,0.010464922949593558,0.0215622785677958
508,0.015750915750915695,0.010022671734703503,0.013748666173476254,0.01658857370753075
509,0.0168498168498169,0.011564068116768689,0.009466808053470888,0.014286137381976038
510,0.003724053724053711,-0.0005009832765506816,0.009421441189440771,0.008191713647239585
511,0.017368742368742418,0.013045236235681545,0.004388107985177969,0.012130407397749399
512,0.005006105006105099,0.0022417243595268532,0.01666166959666593,0.016987821295515237
513,0.018376068376068422,0.01627028747803405,0.009107478823988657,0.007906760166610627
514,0.014163614163614113,0.011218129537651444,0.008627886994921674,0.0021377215203447486
515,0.0016483516483516425,-0.001265543449657458,0.0064481608673093715,0.011332709133848984
516,0.0167582417582417,0.01336763187136425,0.008865624700384767,0.020938079702264356
517,0.00885225885225882,0.006408958469309445,0.026675079328880802,0.031730074363334415
518,0.010134310134310098,0.008812217285241952,0.01348814035897683,0.012918453902771576
519,0.011507936507936467,0.007118866301925486,0.010383659777803866,0.016403752745217104
520,0.006318681318681296,0.002925669835520006,0.012995387129663971,0.014558132162358794
521,0.006257631257631235,0.0031910871152747156,0.018282230734947058,0.0189600439245301
522,0.02136752136752129,0.016550811250745756,0.019624401978304173,0.022045665645746948
523,0.006257631257631346,0.0031655279801012792,0.009785724432704646,0.008282961862734917
524,0.009798534798534875,0.007358651093757995,0.014882310443028457,0.020240030140653786
525,0.0029609279609279504,-0.0008276201434130881,-0.0024749079017976072,-0.0024157857560610507
526,0.021794871794871717,0.016363774272974307,0.011564451648347518,0.028288770575414346
527,0.00943223443223451,0.00493578526218208,0.0250247507745347,0.02759481082627735
528,0.006318681318681296,0.002805665898535259,0.012774209046885976,0.009025596368694266
529,0.015567765567765623,0.014086412510766033,0.010207254518903364,0.009701646681320897
530,-0.0027472527472528485,-0.005300266256106134,0.004150075016231658,0.006765315960071017
531,0.006074481074481164,-0.001106171437478376,0.0035547821207688735,0.005915292981474973
532,0.027503052503052516,0.024842054485577303,0.014544745977364881,0.015563229095119868
533,0.00958485958485955,0.0049149862860374816,0.019402771541754515,0.01804547187237182
534,0.0060439560439560225,-0.00021324102295783298,0.010316792025001464,0.006684086571066006
535,0.011416361416361376,0.006380512229217317,0.017282595742094453,0.019294021382699755
536,0.01755189255189249,0.01260627788502422,0.0031145999613172437,0.006156651751754616
537,0.0024420024420024333,-0.000826552434288752,0.02658143106335642,0.023976557536413368
538,0.014133089133089083,0.011261294960706159,0.004695887751528072,0.010444645000216357
539,0.026495726495726513,0.022966511817757662,0.023916513601831668,0.01765418682597597
540,0.010836385836385909,0.005544015946276182,0.0021556650114311626,-0.003836586836488909
541,0.012881562881562947,0.0102120038529252,0.013341970169851725,0.01896546982666536
542,-0.0006715506715506692,-0.005326916303537321,0.005974286997825762,0.008566787207903048
543,0.011996336996337065,0.007894701252645464,0.00490935053868502,-0.0033218678123264622
544,0.008638583638583608,0.0063488220783505245,0.010939313080715829,0.022809978308105383
545,0.012973137973138038,0.0076552966893495,0.015297970079573231,0.01622307895993569
546,0.022069597069597102,0.018190712048313684,0.013363426081692498,0.023043570609372788
547,0.01086691086691094,0.006339318603624355,0.005821853523085507,0.0005111315971055852
548,0.025244200244200155,0.023284365644873684,0.01563382631202237,0.01704470409136838
549,0.012545787545787501,0.006988063485006246,-0.0021662631510269703,-0.004439695776056629
550,0.02344322344322347,0.020960167805156082,0.0051232812266919225,0.0027749332267749116
551,0.008638583638583608,0.00390150944360379,0.019340311670459798,0.026704004959932748
552,0.007448107448107533,0.004390889202672943,0.0033935417368552434,0.006163783357445718
553,0.0069291819291819046,0.002637685878646545,0.009099281416795058,0.014496132644583937
554,0.0037851037851037717,-0.0006443405624201315,0.006189780166159231,0.007743724797470208
555,0.014743589743589691,0.010976545453647235,0.015515580827810904,0.020793636454150444
556,0.006166056166056144,0.0017377693644269332,0.015601236274538244,0.013491010408707482
557,0.00509768009768008,-4.865104160434175e-05,0.0017359355316530767,0.006454057453606721
558,0.017246642246642296,0.013524639088669521,0.00875636638744981,0.009363781834799356
559,0.00796703296703305,0.0038148874335171,0.016355921031776632,0.0186471691629021
560,0.01758241758241763,0.013683469490865185,0.0047533124330807475,0.0012962172025210439
561,0.014316239316239376,0.010400335092334179,0.010178073909560381,0.014048975776317474
562,0.0,-0.0016108678691273415,0.004868506662382033,0.0002530031412888434
563,0.007539682539682513,0.001972860163855561,0.01447150680753917,0.014272608821051413
564,0.007448107448107422,0.0017099361612908925,0.010969477310420195,0.013198232366446683
565,6.105006105006083e-05,-0.004384106362034013,0.007355933978320239,0.004539005014514763
566,0.023565323565323593,0.021149724365048028,0.014948859243038348,0.007434949840703031
567,0.014041514041513992,0.009944570057277002,-0.0011720500390464128,-0.0023147178420144243
568,0.014896214896214843,0.010807216887830706,0.014827514753526172,0.019444305443588883
569,0.03208180708180708,0.025436136966945244,0.009984848439276828,0.0042698889451763256
570,0.008272283272283243,0.00227530251030561,0.012168074266783568,0.00322733837882605
571,0.01837606837606831,0.01336037097897913,0.013392681539648232,0.01047540701838634
572,0.02408424908424911,0.020389614067453765,0.021569412932403886,0.016238411315837697
573,0.006898656898656874,0.0035134867692523386,0.016708182671293037,0.026857530188872936
574,0.005067155067155049,5.071152948854518e-05,0.0067529544184822266,0.010690520363720535
575,0.023717948717948745,0.019515002923475633,-0.000753398200551092,0.00661804364345886
576,0.006990231990231965,0.0013632811177703985,0.024514988524973358,0.03297312944853614
577,0.011904761904761862,0.006171064688537231,0.01370602178250302,0.008566131079907557
578,0.01681929181929187,0.01052715402316906,-9.104180589980526e-05,0.006942770763388673
579,0.01166056166056162,0.009936497350864548,0.013565808326091444,0.01942961184623171
580,-0.002991452991452981,-0.005661462640335291,0.013763660671267997,0.012630886015365772
581,0.010531135531135494,0.00798713761816816,0.012366526725893667,-0.0002593779285781084
582,0.011813186813186771,0.0072723219838478625,0.008147591756675454,0.010243045370610604
583,0.018437118437118483,0.01226869887459936,0.01700695627490023,0.022128019248892405
584,0.013736263736263687,0.011450359781949304,0.010069176089554377,0.010467405326345491
585,0.011446886446886406,0.007187223088362504,0.0002699504153578225,0.00961966930707936
586,0.00586080586080584,0.003997459108462165,0.0035986378563410693,0.005801936176927813
587,0.0020757020757020683,7.15242462472343e-05,0.004150132287680353,0.008787293778526606
588,0.008333333333333415,0.007189635888720347,0.023111959722927344,0.030030006559593647
589,0.024572649572649485,0.0207310001658636,0.012191162474582629,0.017708269003359423
590,0.0006105006105006083,-0.0036370652512603963,0.004704703966349144,0.0035498318303400778
591,0.010073260073260037,0.005520581255457957,0.019415520011290544,0.017791703819703186
592,0.01019536019536016,0.006778325501650029,0.00560369736818056,0.008460990359901
593,0.00439560439560438,-0.0006867796676586213,0.02341311459780404,0.03320453972649429
594,0.01971916971916976,0.015612531848033906,0.016764985256988663,0.009345478951626629
595,0.017338217338217388,0.012082831248820258,0.01471629242589556,0.013593180591566445
596,0.019841269841269882,0.01669838933084178,0.021843500113158054,0.01698182216357569
597,0.003815628815628802,0.0001834620739337156,0.01115493991378047,0.01614529211559812
598,0.007844932844932817,0.0019066059398888946,0.008285022551574484,0.007985388313879072
599,-0.0018925518925518858,-0.005128085195023835,0.013520133899412534,0.02130365247764765
600,0.018559218559218604,0.013188282899798676,0.0173880617007941,0.0233231751089944
601,0.005463980463980445,-0.001127185413235865,0.0018045471311833872,0.007466089957312905
602,0.020146520146520186,0.01592380771568358,0.014065959788311155,0.018427474750568495
603,0.008272283272283354,0.002577167193843599,0.010327178066796061,0.008234696052823898
604,0.023687423687423714,0.01836204228497995,0.014182161898112278,0.015063215303332544
605,0.00866910866910875,0.004520187842994572,0.022468407808142188,0.03361372382765515
606,0.020818070818070744,0.01342688081194443,0.027918574045420308,0.03018884336793659
607,0.016575091575091516,0.013938486578687126,-0.0014483291229667739,0.00026310015754449356
608,0.019108669108669152,0.014665260850235007,0.020418403648795103,0.02166082882891618
609,0.013064713064713018,0.0055914392420671755,0.016120274497050113,0.016999097563132004
610,0.0067765567765567525,0.0031878695706697435,0.013438199116380667,0.015266635883173119
611,0.008150183150183232,0.0034852369497354596,0.007588640392039547,0.007855892372683693
612,0.0168498168498169,0.013524373931556033,0.014357872832354568,0.026762448843298814
613,-0.003296703296703285,-0.0073207699435942075,-0.00619897735120134,-0.012137335513382363
614,-0.0028388278388278287,-0.010458981979329152,0.00446498606488277,0.00720755187091926
615,0.009706959706959672,0.0038016801510785125,0.016531464776715188,0.015217390563773359
616,0.004273504273504258,0.001051968737565745,0.016808919223569863,0.025104201702356166
617,0.009249084249084216,0.007697372686916504,0.007540840915758684,0.006881577325344002
618,0.00793650793650802,0.003205516508491657,0.01442859987323064,0.008898624713860381
619,0.014560439560439509,0.010106470172350224,0.016937103960301902,0.018986913241682224
620,0.004334554334554319,0.0016685640572806637,0.016584182130382374,0.01873343330507904
621,0.009004884004883973,0.007388942696762935,0.02002932471360941,0.02568053701807238
622,0.014987789987789935,0.010450946539269812,0.009325535401008667,0.00741438006099937
623,0.013583638583638535,0.01012725594259889,0.005594968090452901,0.005333275971664775
624,0.019261294261294304,0.01593785851166407,0.00908545266141314,0.014616743333328297
625,0.00802808302808311,0.0035585758688999602,0.00250066303747265,-0.0028087967331428265
626,0.023168498168498086,0.019968207031887952,0.018109110132425554,0.02398341343674182
627,0.009218559218559186,0.005464572903281284,0.006660858217855226,0.0077034824274349045
628,0.006288156288156266,0.003575400424737585,-0.00110167505963632,0.004129652918191562
629,0.02927350427350428,0.025766187197400425,0.0195274049568398,0.023491133664655606
630,0.0146520146520146,0.011297663522006673,0.013647365002388834,0.017032353356565166
631,0.02417582417582409,0.019990413056495626,0.00802150585583894,0.007898804562422757
632,0.017216117216117266,0.012750402760576263,0.029961619749627078,0.030877642920685844
633,0.013766788766788829,0.009111717694692323,0.001919586776327975,-0.0008684184555736163
634,0.00586080586080584,0.0017936095181030343,0.012959316309207547,0.01647666802942005
635,-0.0009462759462759429,-0.004034400538758587,0.006678067640829122,0.005289984392216729
636,0.010409035409035483,0.0040590305009340355,0.01559384018285559,0.01046286285124609
637,-0.001251526251526247,-0.006947804374093036,0.004245503766350689,0.010098414149650736
638,0.011874236874236943,0.01025058998956152,0.014886610327064398,0.01745779282285509
639,0.01974969474969479,0.016283967516961706,0.008475960559293338,0.011608355321537589
640,0.00876068376068373,0.005126525157469475,0.014922947970352984,0.019420712913036042
641,0.018101343101343037,0.013349540701240614,0.005365382038013178,0.014115725248937339
642,0.021642246642246676,0.01718630770438556,0.01040726217666088,0.008671762927725757
643,0.00882173382173379,0.005914663144607091,0.008713999097238578,0.012859388937503047
644,0.011935286935286893,0.00627179755115026,0.016583652248441938,0.025212771703813197
645,0.017399267399267337,0.012404017006165335,0.005795420155322084,0.0036095737047476817
646,0.00073260073260073,-0.0032545596005836286,0.007750995370157887,0.00947770704737716
647,0.028968253968253976,0.025172126953791674,0.008155940632569414,0.009629116493813483
648,0.01892551892551897,0.016471235402202522,0.020114224732731834,0.03464839634121353
649,0.019963369963370003,0.0167590676412801,0.010124020255605437,0.011517669983344359
650,0.01752136752136757,0.013946240056346704,0.013271263825931578,0.008036224543941817
651,0.015445665445665502,0.009727442568770006,0.004286928412316482,0.008830694080029788
652,0.00879120879120876,0.006960149071017052,0.014892419852545746,0.019340818782374924
653,0.008547008547008517,0.004777315469675858,0.021150584445227882,0.02624320063870289
654,0.024633699633699657,0.02061258942899702,0.017836258949537775,0.023151000954724
655,0.010347985347985422,0.003669250070660879,0.010219301413015969,0.0145413831501785
656,0.010775335775335737,0.008391417337592078,0.010635052974409254,0.015425641778669674
657,0.02261904761904765,0.016689332295690362,0.016975579515812744,0.03103983295180046
658,0.01315628815628811,0.009472318013166281,0.004074641890017827,-0.001719971318689839
659,0.012148962148962217,0.008030890482462416,0.009104971130716288,0.007088342009648141
660,0.015934065934065877,0.011765745329911592,0.02016491669200826,0.023669300751249067
661,0.01825396825396819,0.014894439515913294,0.017270872712326413,0.02286489569256489
662,-0.003601953601953589,-0.006322931316161351,0.002085728546614707,0.00804234462451825
663,-0.008882783882783851,-0.014106244338442209,0.0033381370264731203,-0.004252960932870198
664,0.012606837606837673,0.0088478723789569,0.0023265572936890244,0.007533136822320152
665,0.015628815628815573,0.009483806149825469,0.008323279477035372,0.0005506988994878892
666,0.011080586080586041,0.00666819378055139,0.0043416518321821584,0.003585426588121665
667,0.007844932844932817,0.004033288744415886,0.016343541168271414,0.005374664877431212
668,0.0010073260073260037,-0.0008050701414515915,0.010853354709352558,0.020210593918019826
669,0.009768009768009733,0.007063086453167222,0.00776347925130072,-0.005137084208484355
670,-0.003510378510378498,-0.007867048464432536,0.009242564416421017,0.00720752484348286
671,0.008485958485958567,0.006349475552376749,0.004163788591159623,0.008153490951479658
672,0.027472527472527486,0.022619709502477492,0.01662151732485151,0.01999996235950996
673,0.012759462759462714,0.010181080757129202,-4.311162545744818e-05,0.010029783426686256
674,0.016544566544566486,0.013649835568674384,0.011616754893509107,0.014787264144798695
675,-0.00045787545787545625,-0.0026318907042688355,0.008169719253001917,0.011574408746353626
676,0.024023199023198938,0.020376021183700188,0.019874506180022733,0.02079199787236541
677,0.02783882783882785,0.024030777713447526,0.02102971143911392,0.03650711745496682
678,0.013186813186813251,0.00729687110556676,0.014249120873580323,0.01990136433501377
679,0.01816239316239321,0.015948183424433604,0.021642868657229974,0.022333706262182118
680,0.0043040293040294,-0.00014525582900404288,0.004219307621926016,0.0064637205946052045
681,0.019993894993894923,0.014022748301596999,0.02043388232252341,0.020214135913822484
682,0.008913308913308882,0.0051335938417858,-0.0024645108218122047,0.0005501564082719401
683,0.019139194139194182,0.015895694206352062,0.011286811134375685,0.011103962959630231
684,0.019383394383394426,0.01594646140062972,0.021485329792798602,0.023387249435847135
685,0.018864468864468797,0.01521575123880714,0.01132681768995969,0.01804092301528948
686,0.010622710622710585,0.007515611419450896,0.018436703911116292,0.025181619911251563
687,0.0010683760683760646,-0.0021477239906843026,0.007753358416393907,0.005722735503224885
688,0.005006105006104988,0.001819531336174518,0.01885961289650906,0.0306635786392343
689,0.0087301587301587,0.004483058345937763,0.0015790825002469644,0.0041805243548223014
690,0.017002442002442053,0.016123788666102534,-0.001146521323246108,0.00026210439416585185
691,0.011111111111111183,0.007334076250902211,0.013213499556534614,0.014720443634514968
692,0.0034798534798534675,-0.001064849888307573,0.02016701737790383,0.023336931817445006
693,0.01178266178266174,0.00883034994162657,0.008534921017726016,0.011186755516213287
694,0.012240537240537308,0.008550183706503733,0.00755932593222286,0.004875262531112701
695,0.012545787545787501,0.006431424159789589,0.0204111984667541,0.023740916609576335
696,0.025885225885225904,0.01840548876902859,0.004202893095710092,0.004346787710621469
697,0.03299755799755799,0.029934138981996594,0.011455648422264875,0.0007022482881016145
698,0.0035714285714285587,-0.0014495339964708531,0.019198560118777075,0.02794515372403128
699,0.02130647130647123,0.017288391041653584,0.014090072017249322,0.020082649407658137
700,0.018070818070818007,0.012750182882340089,0.010574382934942173,0.006301249779091411
701,0.013125763125763079,0.008574952241743983,0.01363905544664179,0.008740385828543418
702,0.007387057387057361,0.0034792460252105473,0.013177834717458037,0.008365680542603005
703,0.0004884004884004867,-0.0049995509963511875,-0.0002777595123891752,0.0007758558815538219
704,-0.0060439560439560225,-0.00996923696100449,0.01577307421786278,0.021678918255723545
705,0.008577533577533658,0.005248735285243833,0.0009967227423673952,-0.0024911568047214505
706,0.01166056166056173,0.006601908099579945,-0.0018057185973312517,0.0046734606884134555
707,0.015537240537240593,0.011467382419244831,0.007955420949705805,0.008302815675954589
708,0.002777777777777768,0.0011633604888261484,0.01740460339161287,0.018536560174665206
709,0.010500610500610463,0.002938506989301315,-0.0036903401454054796,0.002366691030688539
710,0.029059829059829068,0.023403003568359892,0.011345592772656898,0.0227458408214396
711,0.005769230769230749,0.0018952946370026647,0.015507863766791918,0.015946123474703255
712,0.025366300366300387,0.0237131882512297,0.01294622421973135,0.017884370384333437
713,0.013247863247863312,0.00570856134485398,0.01141939058871666,0.01772319652406229
714,0.017185592185592125,0.012470700798737133,0.008675573848371587,0.017670381167428695
715,0.00015262515262515208,-0.0031325468121329303,0.01933660045890584,0.024766021410739136
716,0.015628815628815573,0.011094230408446482,0.011959350515419742,0.019181628475843704
717,0.0018925518925518858,-0.0018164363021435648,0.012497259931450011,0.012509764785398003
718,0.015109890109890056,0.00909249888075847,0.011794409438772968,0.00569105641950618
719,0.01379731379731386,0.008099222680027385,0.004005898532889907,0.0018760925113221472
720,0.028754578754578763,0.023198074211575492,0.012664886190537517,0.019155257503376433
721,0.009981684981685057,0.006028591902262459,0.00023994841936780809,0.01347958135238958
722,0.011294261294261365,0.007707435004947527,0.011123622907852848,0.0115996789609214
723,0.004548229548229532,0.0010593800907198192,0.01772670483281147,0.00636334506827918
724,0.013003663003663068,0.007304287419808042,0.020243187450067146,0.016741295208158702
725,0.023656898656898684,0.01896956927732496,0.014446304367677354,0.01928162557352109
726,0.014133089133089194,0.011853064956725223,0.0035992984473068868,0.0023446702611775727
727,-0.0005494505494505475,-0.005006538519361503,0.005914021084293175,0.012152251529156777
728,0.013614163614163677,0.008758950262462317,0.004014864260074691,-0.004630147563491005
729,0.0010683760683760646,-0.0034010651018806515,0.013545264225714115,0.011948879526150535
730,0.01178266178266174,0.007731708229878009,0.012716796702721411,0.02127415200044147
731,-0.002136752136752129,-0.008626743191701536,0.01766787676673298,0.009881238198075737
732,-0.004548229548229532,-0.007722035106324632,0.007343096010869021,0.008980204646728107
733,0.007600732600732685,0.005329021251225252,0.008713342292990811,0.012562876895242603
734,0.013644688644688596,0.006509847272825553,0.01290336636570133,0.004193188626897548
735,0.013675213675213738,0.005623996040322932,0.008268888832184684,0.011285379226523506
736,0.025396825396825418,0.01907498496536597,0.009510040275974574,0.008697145478848589
737,0.025702075702075722,0.022971772929245127,0.010063428771037275,0.022580547833772835
738,0.009523809523809601,0.0061986222136745095,0.007223673499494709,0.0029638671266370986
739,-0.004700854700854795,-0.008228485025754795,0.0018585152506556124,0.0014734504441427099
740,0.013400488400488353,0.008901826131823665,0.005604226301857973,0.014071913716881324
741,0.02283272283272275,0.016408639208334908,0.016557849713124573,0.017799128634748418
742,0.005402930402930384,0.0018843921920111972,0.0028595223944575254,-0.0012537105027756734
743,0.003083028083028072,-0.0008767991777167694,0.007527197543903741,0.0006512049083862159
744,0.0168498168498169,0.011694767291391628,0.023663225836538793,0.02667548775035089
745,0.007417582417582391,0.003856371774655365,0.0006419315153516347,0.00745842046240186
746,0.013461538461538414,0.009213112757516906,0.01289321730126125,0.02484790062832154
747,0.022191697191697113,0.01789086845839294,0.010716368468167481,0.013316716954990593
748,0.012026862026861984,0.008081557539823092,0.0032880394670261603,0.0015606382670861896
749,0.012301587301587258,0.00988333830916377,0.010334592169208512,0.004625727201164942
750,0.014163614163614113,0.01011664534449519,0.01984485625464183,0.016571778544613003
751,0.010531135531135605,0.008598428591861995,0.009479402713952423,0.012457210661101281
752,0.0010683760683760646,-0.0015425758544240775,0.008944075987357802,0.004924533970982914
753,0.01019536019536016,0.003653715517894285,0.012699205320511386,0.013671703908304411
754,0.009737484737484703,0.00619838764201508,0.011951895027197401,0.007894301880499888
755,0.01974969474969468,0.015601719731032082,0.018077954295548815,0.01723318396689577
756,0.009401709401709368,0.005996479186749504,-0.0033913475376745605,0.001574626593911943
757,0.012698412698412653,0.006685852883617782,0.018370715253386183,0.01873870664379773
758,0.012087912087912045,0.009459308620359597,0.016747599635428823,0.013184539388053196
759,0.030982905982905984,0.02720522497794342,0.02022008872519776,0.015599622584279715
760,0.01822344322344316,0.013341270028040197,0.011979471963180055,0.00880354347238732
761,0.014987789987790046,0.008811417755603568,0.009206012829881649,0.010884964808383413
762,0.005982905982905962,0.0013758569650585972,0.01177514326984519,0.016859081985789892
763,0.008241758241758212,0.0045249257340178595,0.013113329421940878,0.010238096390733031
764,0.0011904761904761862,-0.0037780144309637054,0.010458524146257697,0.018568557908345995
765,0.017857142857142794,0.014462160959939463,0.006671563074969744,0.008698683774663207
766,0.00506715506715516,-0.00013861513858359764,0.014485108627291576,0.011127092437410502
767,0.011538461538461608,0.007465963443721635,0.011370746176798119,0.010746574524295949
768,0.010531135531135494,0.006447311122006916,0.00727918976400499,0.006526237994648798
769,0.014102564102564163,0.007899572292141332,0.016828518891067068,0.018368651389924384
770,0.004884004884004867,0.001022882431456651,0.014109082281198337,0.010836164066052811
771,0.020085470085470125,0.017451048650633405,0.01911706798892998,0.024856383942246874
772,0.017277167277167216,0.013966025808188176,0.00457531105314124,0.007648814139865512
773,-0.0017399267399267337,-0.0063248941933078395,0.0076585834999133295,0.007439318604183454
774,0.020207570207570247,0.017416711541375585,0.021134171064354335,0.019831860984449667
775,0.011935286935286893,0.0065370194357853295,0.011781846968996978,0.004656865915197317
776,-0.0019230769230769162,-0.00531491288494057,0.026860909946810452,0.028780233978797476
777,0.0017094017094017033,-0.0016455427484016738,0.005454328704991962,0.002966197571837026
778,0.0015262515262515208,-0.004923997454332696,0.004335542663287728,0.013549239102261912
779,0.016422466422466364,0.011498797073252187,0.016722941682188575,0.010933562172138367
780,-0.002350427350427342,-0.005972027072870589,0.008323622362692351,0.01626737070038453
781,0.01602564102564097,0.01297670047862487,0.014130637616679653,0.019374306688956344
782,-0.01022588522588519,-0.014627796896822032,0.015461543356622753,0.014304419640957522
783,0.0006715506715506692,-0.003736926133346752,0.01153260158330971,0.014439710661336536
784,0.012820512820512775,0.00828634753807278,0.005345619289058523,0.017007753191336406
785,0.01379731379731386,0.01119964625640768,0.0047311043025373145,0.009312341335823371
786,0.02695360195360197,0.024575179961461302,0.01204286419515821,0.009869189123552613
787,0.01684981684981679,0.012986023556820991,0.011540809442939781,0.035697078898904944
788,0.014285714285714346,0.008193540457608006,0.012410063783051206,0.006652226577234521
789,0.0072954822954822696,0.004942386646549224,0.006909144031994274,0.010873543037296929
790,0.00146520146520146,-0.003535764907828809,0.013181213039137996,0.006008478331991363
791,0.014194139194139144,0.009397469578716011,0.013558389437587914,0.026552500622131547
792,0.006532356532356509,0.0038376741406698223,0.005506458075472009,0.013207362570742509
793,0.018711843711843756,0.016256757114389786,0.010504997892794243,0.01135708110356426
794,0.009615384615384581,0.004951912706699257,0.00404696210973754,0.002059962814527694
795,0.027625152625152638,0.023719210815615566,0.012770380543086768,0.007826304749556035
796,0.015170940170940228,0.010094128830069993,0.0019948960859041964,0.004134788634135189
797,0.0011904761904761862,-0.005975181808343111,0.01789428880980315,0.01498032086007861
798,0.015628815628815684,0.007990504900815432,0.010769064150903618,0.0018567603486780992
799,0.0027472527472527375,0.0009239442660144981,0.0147753189935389,0.0027600346504890183
800,0.005952380952381042,0.0027932408886301996,0.0148306409418274,0.0022428996493880637
801,0.0018620268620268554,-0.0020687298896601147,-0.0038431013078134013,-0.0019372338023850855
802,-0.003296703296703285,-0.005193422412152593,0.009236820626417175,0.005161220457286064
803,0.02564102564102566,0.019438901808700115,0.005393690259567263,0.014902354049744382
804,0.014010989010989072,0.009037045418725742,0.004885216834524253,0.005901878544603778
805,0.016330891330891273,0.010636431126303192,0.011508267729653965,0.013550650206022308
806,0.014529914529914478,0.0126015209753908,0.01628123530104708,0.01801870856890908
807,0.014499389499389559,0.011117751183779001,0.018257398017595072,0.022279710121093976
808,0.0139499389499389,0.009792280037587808,0.011849565644562188,0.014754222117104865
809,0.014224664224664285,0.009718224127980957,0.0170810332192024,0.015352007225766351
810,0.013583638583638535,0.008264114150776769,0.012523545595628738,0.017849209278597122
811,0.011843711843711802,0.008518596488557462,0.013012846753290508,0.008221971431795483
812,0.019108669108669152,0.014842535616652941,0.005313539547435853,0.0071826356596148555
813,0.02200854700854693,0.017757400399732948,0.020125496291126144,0.03588345646726199
814,0.023717948717948745,0.021154771839451136,0.013820838746253838,0.01252541532765361
815,0.010042735042735007,0.005514932035115994,0.014213688733116792,0.011448954768462083
816,0.01105006105006101,0.007771665899886759,0.020735908546776316,0.015736856231767682
817,0.009065934065934034,0.0050576631485166335,0.01010529787207115,0.008613621458280152
818,0.014804639804639752,0.009410338530026152,0.01386354875728324,0.005168580987178317
819,0.01971916971916976,0.016332804066590878,0.019968005721270998,0.02068115287983241
820,0.007570207570207543,0.003156397421614443,0.013750122531531628,0.003952492108905137
821,0.010531135531135494,0.006355258691781995,0.00792130343769204,0.002776872351942905
822,0.0034798534798534675,-0.003287539960012853,0.015135519308108414,0.006279549611281077
823,0.014102564102564163,0.008658524453307725,0.0025411960167779357,0.0015752705805142098
824,0.001678876678876673,-0.001545447577993908,-0.0008525478383925034,-0.0006981617861577805
825,0.011477411477411548,0.008088183268535665,-0.0009721762972982884,0.006680433455970913
826,0.012118437118437186,0.009292675273020912,0.005556893374436878,0.009274113132527129
827,0.018009768009768057,0.014154869939112302,0.010099135103448731,0.010151097306529189
828,0.00946275946275943,0.003004101685481264,0.004270637348640083,-0.0009988530364049009
829,0.01178266178266174,0.00757538899178134,-0.0003809059902007972,0.004270901141093297
830,-0.001098901098901095,-0.004746122463906266,0.0006283176894299469,-0.0027931389960753616
831,-0.0008241758241758212,-0.005494501651893469,0.0057995964748372986,-0.0001382068477380205
832,0.02860195360195361,0.02594530224713365,0.01458933565268905,0.014499156393720014
833,0.028632478632478642,0.02591378800860744,0.014157234391935614,0.009313976689870662
834,0.001617826617826612,-0.004759683184844321,0.017741965660238113,0.01483942988027842
835,0.013614163614163677,0.008607140938706626,-0.0017761047665288965,0.0004112143462254858
836,0.007112332112332087,0.002614891265129482,0.0111085488258299,0.0038091887834763583
837,0.009004884004883973,0.006481877709078487,0.008166204966486457,0.005323745621351961
838,0.009951159951159916,0.007313905034970758,0.002456917971192407,0.0042340697838032515
839,0.003601953601953589,0.00022682720556543856,0.003723715513786363,0.0003860423678846425
840,0.013431013431013383,0.007200939944528972,0.0034329211631775047,0.012605334330692664
841,0.030372405372405376,0.026666635616169665,0.009606877435303529,0.009027556098240241
842,0.002564102564102555,-0.00238266471140014,0.015261315731882608,0.010417762066112668
843,0.02182539682539686,0.01520480410223446,0.015991908115157605,0.010995869381156376
844,0.011080586080586152,0.007119250168273306,0.008977663205338327,0.01127183723083014
845,0.0019230769230769162,-7.885535448137748e-05,0.015073515456274444,0.01181275242308455
846,0.013583638583638535,0.009515080620802863,0.018320587963831958,0.022122037033921682
847,0.018620268620268665,0.01640009622042704,0.007494850309320511,0.006642338655785007
848,-0.004731379731379715,-0.010461813762969618,0.010649744096161817,0.0069351519121227945
849,-0.0053113553113552925,-0.009645837594498552,0.007176777841405468,-0.0017401889231206669
850,0.004609279609279593,-7.336004190772183e-05,-0.0017781494863340352,0.007164218837638181
851,0.011568986568986528,0.009433863929943054,0.02022877483866814,0.02113586165314907
852,-0.004487179487179471,-0.00843184306993694,0.010104988958529293,0.0036985111718844665
853,0.005921855921856012,0.0008106174500619456,0.0013867988781287588,0.00880604756352632
854,0.013369963369963322,0.00754549300084939,0.013921393510066049,0.014144091721208674
855,-0.004517704517704502,-0.00977572217857603,0.005094927896415635,0.003049011306127336
856,0.013247863247863312,0.008645694769341739,0.01656298996809591,0.02043292328604851
857,0.019993894993894923,0.015515710176394082,0.011572229935070566,0.009529925638066872
858,0.007692307692307776,0.004289363658383061,0.014891310770352884,0.011771492118050508
859,0.006532356532356509,0.004171814936650753,0.015544083180665136,0.010359420320316892
860,0.027686202686202588,0.025143840462851674,0.006575709845804356,0.015501066489258086
861,0.017307692307692357,0.011163030413880892,0.00354549404681459,-0.005538177188209259
862,0.013553113553113616,0.009155545657808295,0.0158918591020053,0.01748530209072796
863,0.01669719169719175,0.013640028366978973,0.014052526599620085,0.015562041672642968
864,0.015689865689865745,0.009909116908016213,0.01274230130061016,0.025343526505282266
865,0.012576312576312532,0.00811086687410012,0.0105126515988756,0.009354856490138341
866,0.00589133089133087,0.00192811471254839,0.004266005704174458,-0.0023605014468844887
867,0.023962148962148988,0.018048146060539505,0.005854168928519199,0.004810445725671464
868,0.011568986568986528,0.008600301595810156,0.01056854814051189,0.022848115529991886
869,0.003144078144078133,-0.0008326493358021825,0.011050158587518233,0.008050068938476262
870,0.020909645909645835,0.016794036885396713,0.02754395883672478,0.025406257933681342
871,0.012728937728937684,0.010746356879752783,0.010852737267233459,0.0206087176255777
872,0.013675213675213738,0.009288707801900054,0.01842605952977472,0.018685559433041288
873,0.015567765567765512,0.011549521635396243,0.006898931567814737,0.0130933682601031
874,0.006471306471306559,0.0006745005522045266,-0.008364312180920375,-0.002212611948154586
875,0.012912087912087866,0.010396982294305968,0.0013737825285949912,0.003649121493851659
876,0.012271062271062227,0.007782922198503184,0.011316381120115682,0.020009349341827742
877,0.02048229548229552,0.017003054111032978,0.010193695582644158,0.012605940888564815
878,-0.011050061050061122,-0.014228518089740128,0.008709972968748425,0.005889592983137737
879,0.022222222222222254,0.01838384875257104,0.01269257934468282,0.014698777513405425
880,0.019322344322344254,0.015803877109982323,0.010562860305107113,0.005616929858766495
881,0.021672771672771707,0.015620570507067999,0.014952910377803885,0.010963865269864703
882,0.019505494505494547,0.015889002649323136,0.018636007813734534,0.014823086485706738
883,0.010866910866910828,0.006821159961260648,0.005403002713216809,0.007471839988219653
884,0.002777777777777768,-0.0024516387759688785,0.012855322494453536,0.004885067187359593
885,0.007570207570207543,0.004867776119535705,0.012270945376436138,0.013579108194058054
886,0.013553113553113505,0.00785701261980487,0.011173795601925662,0.00768724555120015
887,0.005219780219780201,0.0024076190737707392,0.006969874832887468,0.007189737254622575
888,-0.0023809523809523725,-0.006705525312705296,0.016478696189332953,0.017122783417645615
889,0.013797313797313748,0.007541792937547531,0.010532031119051877,0.011397677975839127
890,0.01892551892551886,0.01587443714250869,0.01399861542360914,0.027459260847100264
891,0.011355311355311426,0.008301049903385982,0.00957097993834588,0.013256455250365007
892,0.0024420024420024333,3.83902669858216e-05,0.01660896879396201,0.016504377857520236
893,0.01675824175824181,0.011564531830208002,0.00769418291181545,0.00594919109130887
894,0.003937728937728924,-0.00011941306560214748,0.008952593588163138,0.00968416961144325
895,0.006929181929182016,0.0033606024724848194,0.010426771134805723,0.010026410483175763
896,0.007326007326007411,0.00388976191707302,0.009778356227444274,0.011032586161541902
897,0.005494505494505475,0.0014189437216582945,0.006941650520376097,0.006552094359156824
898,0.0013736263736263687,-0.0013226592563407857,0.004814814845635285,0.007125577824551588
899,0.013400488400488464,0.009886514980098848,0.013894890027330353,0.019722819812254988
900,-0.0004884004884004867,-0.003716525327755349,0.00819345377473113,-0.0009576967827140681
901,0.022954822954822984,0.017940125756500835,0.0083742159071859,0.008432728584302884
902,-0.0025946275946275854,-0.006862860015920846,-0.0017807178922206734,-0.004335662165533716
903,0.02844932844932846,0.020874193216450676,0.0021050613670431373,0.008497759672476124
904,0.028632478632478642,0.023248231862078028,0.019110105764389096,0.01799915922898354
905,0.01697191697191691,0.011674809554185761,0.0032824298824691844,0.015628543416762786
906,-0.005921855921855901,-0.009466302353326905,0.018042290785271753,0.012707659096777846
907,0.021489621489621524,0.0169504880582092,0.008819660187351697,0.013495602492524794
908,0.007905982905982878,0.003099916157561111,0.017820269145126022,0.022342575427742095
909,0.026862026862026878,0.019685284028709837,0.028895627504423427,0.01819544828145847
910,0.0073260073260073,0.002473911450473376,0.017285863025977677,0.01676502528502133
911,0.033302808302808296,0.027360232355624126,0.017286079104362972,0.021237589315148298
912,0.004761904761904745,0.002229760351116994,0.008404871308639872,0.010326675805450658
913,0.01608669108669114,0.012734831420485815,0.020889159179103167,0.019756306248720823
914,0.014224664224664174,0.008457650086669877,0.010149079973726494,0.007572446814599454
915,0.021001221001220927,0.016596791314773207,0.012704168364654933,0.018151765784763407
916,0.013766788766788718,0.006469010708690104,0.02877922672908273,0.02578697722567269
917,0.007600732600732574,0.003412244160435396,0.00749980377409698,0.005985807470397897
918,0.01605616605616611,0.013386292697187607,0.009965799533009023,0.013001416504441976
919,0.01105006105006101,0.005698034105061867,0.011565887735800473,0.008775083983405985
920,0.006684981684981661,0.0021069591855806813,0.014973065929780649,0.021727644560054604
921,0.01761294261294266,0.012470987180741355,0.016362864293698376,0.01912014319644273
922,0.0038461538461539435,-0.0016585018290803388,0.011127079208087864,0.012368784763478469
923,0.0076617826617826346,0.0045264282412238455,0.003280271553403824,0.010773590736697702
924,0.018803418803418848,0.013665102622741898,0.017541676112610927,0.014550915937312614
925,0.020848595848595775,0.013942162951098735,0.01947061945017481,0.02210220779055483
926,0.011385836385836345,0.007544426672177806,0.02102505351107764,0.02008167040762454
927,0.02280219780219772,0.017655550030972966,0.018504055655330087,0.009875375427109478
928,0.022069597069597102,0.017631502874412952,0.01105077363875262,0.01593251241635618
929,0.01541514041514036,0.010677864769823353,0.022362747888425405,0.025942485419832018
930,0.019322344322344254,0.01524779466492221,0.015073622411476695,0.01476247435431266
931,0.002716727716727707,-0.002957290769771914,0.007160900294515216,0.000627654024832891
932,0.004334554334554319,-0.0009491464514270742,0.006761378970809528,0.009176488458033094
933,0.003510378510378498,-0.002336059900732268,0.00479672572908052,0.003319229467230178
934,0.011202686202686163,0.004816799148674278,-0.002013677712621731,-0.00010285067621884636
935,-0.0069291819291819046,-0.011728573108810925,0.017499382357686888,0.024033745143843932
936,0.003296703296703285,-0.001467130164299446,0.003528862612857342,0.011249086940018471
937,0.016178266178266232,0.012390745439378681,0.008144894952877513,0.014644409947255466
938,0.007631257631257715,0.0038999599759586,0.006612405680494815,0.005370826042693677
939,0.010714285714285676,0.009336903482069836,0.0025346006530636567,0.007627586427356836
940,0.0015262515262515208,-0.00424705379762258,0.0029170883730362807,0.007378933613747418
941,0.010714285714285787,0.010554731409116891,-7.159795717637252e-05,0.012049991696541973
942,0.032539682539682535,0.024491265172824628,0.0002712421230270934,-0.0036595147761582236
943,0.009096459096459064,0.003604185224431622,0.0033974191125368813,0.0017984063492056945
944,0.014926739926739874,0.010261016078693008,0.0034218250613091694,-0.004425891527660264
945,-0.0037545787545787412,-0.004876218732324911,0.02015307062495142,0.021040637531582695
946,0.01315628815628822,0.010600426142423625,0.00013808309803742258,0.005542738706330486
947,0.017246642246642296,0.01142155076934015,0.010613484750666147,0.01952093586855741
948,0.015750915750915695,0.011342057484582613,0.017983846407777393,0.021304250003225778
949,0.013553113553113616,0.009685456283604732,0.008640121143579704,0.009426605640864727
950,0.014133089133089194,0.00732933932331592,0.014970816098093476,0.013493533254170131
951,0.008516483516483486,0.0035602228100749533,0.006851615266942113,0.01740083414871585
952,0.00879120879120876,0.004593999299685847,0.010447114488653542,0.0043149482736293265
953,0.012240537240537308,0.005239138679507427,0.010136866206691297,0.010111055119949586
954,-0.007417582417582391,-0.011485104343627817,0.009519896000048655,0.009252635974347445
955,0.010378510378510342,0.006994147626753322,0.016962789456144267,0.009745813286536675
956,-0.00045787545787545625,-0.0031384934928835317,0.022426923464124116,0.012711438272220765
957,0.017307692307692357,0.015908367825754888,0.010933737444957847,0.02037370638455227
958,0.007967032967032939,0.0024324622797017303,0.00567163813252991,0.003422572699287918
959,0.013278388278388231,0.010323738295089258,0.02495839534515598,0.030763548872444257
960,0.007051282051282026,0.0021931509885589895,0.0096827204740636,0.0023486445835776415
961,0.029517704517704524,0.026389360555936103,0.01963209473082983,0.023064342330937904
962,-6.105006105006083e-05,-0.005081917880330966,0.005196473915074495,0.004245011857817227
963,-0.0026556776556776462,-0.005484545003746066,0.019662949904446614,0.017422686863211134
964,0.007875457875457847,0.0044953615561426075,0.016125348382687976,0.014902419393977517
965,0.01388888888888895,0.008985061121527416,0.006690824198206213,-0.0013748381048894753
966,0.016605616605616658,0.012797260750275319,0.012301588309902689,0.01161082304051897
967,0.012057387057387015,0.007598414879416815,0.014078972185571414,0.014052479376309046
968,0.01245421245421241,0.00926300156015758,0.007241148607183723,0.01557794679220148
969,0.027289377289377303,0.018636979222832806,0.010645713822550862,0.003409126410345853
970,0.003296703296703285,-0.0027562291805769412,0.01655778995517987,0.010130664343751095
971,0.005036630036630019,-9.204641192295249e-05,0.012009999309807506,0.0014475344106374965
972,0.009035409035409114,0.005985217274386612,0.007054848304432815,0.006380707307160116
973,0.010805860805860767,0.007824671807438621,0.006954150028210093,0.006594478820670324
974,0.011263736263736335,0.006396752906522307,0.019050906884359065,0.015026790947392343
975,0.002136752136752129,-0.0012506627390490577,-0.0035373757230819924,0.0038738376319434886
976,-0.001984126984126977,-0.004014957919786455,-0.00043315851381264814,-0.0013905934506160955
977,0.007753357753357726,0.004624174254241109,0.004516569362733591,0.016082785233399344
978,0.00952380952380949,0.006400698189386378,0.008055669190102255,0.012733185111783452
979,0.016605616605616547,0.013862868768420356,0.012445944926140817,0.013382852917255939
980,0.011263736263736335,0.005383957056305344,0.011127121631601011,0.014414535710117304
981,0.014713064713064772,0.010538806196354278,0.013444800520485356,0.014748974588878139
982,0.02185592185592189,0.01729344596761173,0.013873473064801578,0.012505124368442866
983,0.015567765567765512,0.010732609475895494,0.006238120581902873,0.00017917271374290333
984,0.02200854700854704,0.01758435156787963,0.01939373190016891,0.03326453777655303
985,0.002503052503052494,-0.002711886410438513,0.0037982092312113247,0.00856179570815474
986,0.003449328449328437,-0.002720231899529413,0.003023923204702683,0.006269961036506455
987,-0.0017399267399267337,-0.0067669454615769675,0.021535943808192792,0.02317134752130512
988,0.03125763125763126,0.026801595660710276,0.019906431140611414,0.030322977397600925
989,0.022344322344322376,0.0191304723457435,0.007629635289555292,0.01905557138720193
990,0.01678876678876684,0.012597889570374665,0.011425683805641351,0.010963166532523272
991,0.015170940170940117,0.009517846158244803,0.0019388715840992221,0.00558572162021298
992,-0.0015262515262515208,-0.006547722862183858,0.008799375950484079,0.0047596119439965445
993,0.014194139194139255,0.00912140928053451,0.013599817790909574,0.014631451670870987
994,0.01013431013431021,0.004522269836146453,0.000791347301313694,-0.004081989282135656
995,0.028052503052503064,0.02155722152502282,0.014892247284272075,0.011595835323537251
996,0.0021062271062270987,-0.0007205225827462414,0.021616433229458387,0.01990604268230456
997,0.010378510378510342,0.005150744067739299,0.005181141762258923,0.004133581405147968
998,0.004456654456654441,-6.870582194229424e-05,0.01577443946118373,0.017440149906129965
999,0.006379731379731357,0.0019181233414606869,0.0040914656468162836,0.006978785032853652
1000,0.009920634920634996,0.0016281473850074946,0.016087277138147615,0.016895878842806744
1001,0.0042124542124541975,0.0015411564529547173,0.020820364670144365,0.021825635255995457
1002,0.005189255189255171,0.00016417252197076238,0.011715522485525764,0.010902554066900216
1003,0.01169108669108665,0.008467704951093502,-0.00041430325444802296,-0.00776994036122447
1004,0.009035409035409003,0.004500227357338016,0.010538048032846858,0.015818599973435377
1005,0.014865689865689813,0.01124464729126784,0.016478200151994193,0.007263542876249862
1006,0.009920634920634885,0.005488482875044998,-0.0012626593272601072,-0.005229754220008376
1007,0.010683760683760646,0.007136878179144657,0.00951080576426866,0.006643554711722177
1008,0.014835164835164893,0.010371270002564437,0.004992874780371803,0.000131791403221726
1009,0.01749084249084254,0.014385582290436627,0.01949408861482016,0.025480347702831918
1010,0.001465201465201571,-0.004305813377801115,0.0030152224412476336,-0.0027232512091749372
1011,-0.0008547008547008517,-0.003052157771856301,0.007805675880217966,0.00938615258357145
1012,0.01022588522588519,0.0066947625260790344,0.006418574528330501,0.010246007218092323
1013,0.023595848595848512,0.020391611432693968,0.02120589090167968,0.023636236253146592
1014,0.021489621489621413,0.01713385680401014,0.007339190889334546,0.0003137881666778197
1015,0.0014041514041513992,-0.00345508620849444,0.004294876857858787,-0.0005610143942481605
1016,0.012271062271062227,0.010079859124352497,0.010513543075461484,0.00991034546685865
1017,0.034676434676434664,0.031244674020178942,0.01975020857050902,0.027212806287040703
1018,0.01013431013431021,0.005281648732723188,0.01671941692295864,0.013224913967460172
1019,0.009065934065934145,0.004436463010822678,0.01612119531148226,0.014249103805058172
1020,0.007692307692307776,0.004103081865135083,0.012228252967231401,0.011120390975306815
1021,0.006318681318681296,0.0032415998482044905,0.00877554897919619,0.019637591886093042
1022,0.007844932844932817,0.0054697700794796855,0.015838411359170523,0.011793657684047054
1023,0.011813186813186882,0.006966073259228711,0.01778395527519183,0.01626041336881201
1024,0.0006715506715506692,-0.0033915072158661186,0.004965448979543985,-0.00043708763408478735
1025,0.009310134310134277,0.004894901836444809,0.012570872354813023,0.018402165749015875
1026,0.01761294261294266,0.01431102040348986,0.0058819841229436065,0.004199995477897067
1027,0.010805860805860767,0.006050586717650797,0.010376445970434078,0.010832737202190135
1028,0.015781440781440725,0.012157577689999366,0.005699553414875491,-0.005521531736025209
1029,0.002411477411477403,-0.0023268484918067545,0.003655902000455624,0.006910933772334871
1030,-0.005921855921855901,-0.010301881698189352,0.002301481581041709,-0.0065752522452706685
1031,0.0009462759462759429,-0.0013630082152051859,0.01579479485594626,0.027338875899437953
1032,0.009768009768009844,0.004266997518442395,0.01229567987380853,0.009924207402421725
1033,0.01535409035409041,0.009404312838970919,0.01805586127403014,0.01253744127340961
1034,0.005525030525030505,0.0047416538783865425,-0.0034546922719577156,0.004929048159596161
1035,0.020207570207570136,0.017113997022269012,0.02369727429757762,0.02414952606212717
1036,0.014255189255189205,0.009289408534642218,0.010803552901799462,0.006848589215708967
1037,0.005463980463980445,0.00017110480824544805,0.012196196694390204,0.005527419841356629
1038,0.0008241758241758212,-0.0030505141192143093,0.013695104984420614,0.020606306936077456
1039,0.006227106227106316,0.002823992930876984,0.005225229514269292,0.014137420515604848
1040,0.013980463980464042,0.010121602945847297,0.019840314044416885,0.02462906058854708
1041,0.004884004884004867,0.0009712653255301573,0.005609528138407538,0.0037314975237937587
1042,0.0004884004884005977,-0.002810522962426343,0.015295322891996865,0.013346183107485254
1043,0.019352869352869395,0.017433198789140514,0.014206741465928485,0.01821974424018702
1044,9.157509157509125e-05,-0.004394973461389617,0.005367400426349422,0.0048332101266026495
1045,0.018498168498168543,0.014651877373237476,0.010111922170454646,0.01320521906734673
1046,0.003815628815628802,-1.1494915065912714e-05,0.00155963185406649,-0.007163344942576755
1047,0.01758241758241763,0.012813657145635426,-0.0014399080823865873,0.004987238621096846
1048,0.006898656898656874,0.006210171434169021,0.00968579456642793,0.011069891518010189
1049,0.017368742368742307,0.012562352859452286,0.007834950000102259,0.010994528547797255
1050,0.009065934065934034,0.00401374387560971,0.015120929427939744,0.016798037649720987
1051,0.012973137973138038,0.009252338039196784,0.00596267465664857,0.007297558498914225
1052,0.00030525030525030417,-0.001726540884590233,0.009114714883482478,0.014195594506197784
1053,0.017124542124542064,0.012878452102554672,0.005920187693601364,0.005678511188018653
1054,0.018101343101343148,0.012594986793656893,0.008292688032675466,0.022986810846410966
1055,0.013827838827838779,0.007556728588635764,0.0010592624733389844,-0.004627744175173976
1056,0.013675213675213738,0.008583520549081403,0.01185203729406159,0.0012454407156224923
1057,0.010042735042735118,0.0017636794358422136,0.013127922884643262,0.015110873993822715
1058,-0.0006715506715506692,-0.003222197205245747,0.016294467411897107,0.00748767487744284
1059,0.011538461538461608,0.006436127160965199,0.009180175212869846,0.012136170420239734
1060,0.0234737484737485,0.019904985536187914,0.010649341187003114,0.009262673865233162
1061,-0.005250305250305343,-0.0073533013956924576,0.012180740628903619,0.016696259223141552
1062,0.013553113553113505,0.008002769316948322,0.006963181664280671,-0.001956728757019799
1063,0.01971916971916976,0.015291938704621644,0.002062776808457012,0.0024430968666059316
1064,0.015689865689865745,0.009962336697044716,0.015103049867053464,0.021066431678100073
1065,0.00799755799755797,0.004660686176450657,0.01995538520660345,0.02350633551439396
1066,0.01834554334554339,0.014485483054619275,0.012660879645592038,0.02386005883138609
1067,0.0015873015873015817,-0.000711852915913358,0.011341500084933731,0.013545514162398464
1068,0.009859584859584936,0.005163388870529362,0.013960022381675818,0.014583251591242408
1069,0.015506715506715452,0.010472062250314051,0.014141334900418023,0.03003028605260305
1070,0.0006715506715506692,-0.003740756888276131,0.025572608654006346,0.019585914374480318
1071,0.025305250305250326,0.019983446498819224,0.02277426685965611,0.020409280320659473
1072,0.012942612942612897,0.010712352852972007,0.008029645305296929,0.01479674999814351
1073,0.013400488400488464,0.009320076347997808,0.009471798032211098,0.003645536116703707
1074,0.01391941391941387,0.010119832690597907,0.0105358619724909,0.013206306229372577
1075,0.014438339438339387,0.010213697033904734,0.008083921384846038,0.015195520271739427
1076,0.006837606837606813,0.002794585645314651,0.016649640130890986,0.01613727355230299
1077,0.006501831501831479,-0.0012924565468352966,0.012744521541329434,0.01853682536201795
1078,0.015842490842490786,0.012488080892845255,0.012625087863188722,0.016733055795629337
1079,-0.0017704517704517642,-0.006415801895551354,-0.0011230896132680135,-0.00016828363900589505
1080,0.006227106227106205,-0.0006653242951383254,0.0016687662441434714,-0.006697460125532073
1081,0.02252747252747256,0.01970573956559951,0.005546138268532674,0.0022852240598096873
1082,-0.0016483516483516425,-0.0036423666166174318,0.003689989024566298,0.005502970306655142
1083,0.010378510378510342,0.006264687302039773,0.007730737245006392,0.00038502794500505644
1084,0.0087301587301587,0.0035059630026283983,0.004670321846741432,0.006015343430367692
1085,0.015720390720390665,0.012180737007735809,0.019742605883934616,0.012224391380944555
1086,0.031746031746031744,0.028832125514928753,0.020039953998822635,0.02052422474839899
1087,0.025763125763125783,0.020001279612325673,0.01967997262964405,0.020010999273847863
1088,0.019413919413919456,0.0125122337374034,0.009487678392007592,0.016113727122509358
1089,0.019139194139194182,0.012132858654104739,0.011236175105978297,0.013529287754151853
1090,0.004670329670329654,0.0013350758077044222,0.00434040719843809,0.0055509928219307225
1091,0.012637362637362592,0.008029026553949326,0.0027472844970166665,0.004434797383644273
1092,0.01022588522588519,0.006554171524996932,0.006197057491757252,0.005811676748669892
1093,0.009676434676434642,0.00472318623367185,0.017004163208742207,0.012235064709773313
1094,0.019139194139194182,0.015331724730637264,0.008257986099710513,0.0022362194975714678
1095,0.015476190476190532,0.01278302088561123,0.013765085555272782,0.015863837759896082
1096,0.020573870573870612,0.0166994824365454,0.024284200650275367,0.029810337788500174
1097,0.014804639804639752,0.011872159675928695,0.012323704408858771,0.008131824307488378
1098,0.020207570207570136,0.01641616377862376,0.0016209596143372806,0.007004179545953337
1099,0.007448107448107422,0.0023895855092203044,0.02790223698892036,0.026417158856045786
1100,0.007203907203907289,0.003260429191738745,-0.00018533771212714267,0.00597706432744205
1101,0.016636141636141577,0.01204730582719682,0.016226015494052337,0.015242234816090994
1102,0.016697191697191638,0.013046641906745315,-0.004546749671189176,0.0010619558893988357
1103,0.005708180708180688,0.0024490583689810164,0.005179381274108996,0.011726197964642582
1104,0.009279609279609247,0.005083443686456857,0.008162133904567326,0.008412476901792365
1105,0.007783882783882756,0.0034594968423566907,0.00590287884090257,0.006245206340955933
1106,0.012789987789987856,0.007968794744108831,0.007470208565896197,0.016490151733220326
1107,0.006135531135531114,0.003555441150415395,0.010597469582180219,0.021800398102931884
1108,0.028907203907203916,0.02489941493810277,0.013398460110945698,0.01906614813673002
1109,0.00509768009768008,0.0013593033906778018,0.00885100924391613,0.009442510609445565
1110,0.0064102564102564985,0.0027785428119858624,0.007990033261665475,0.0026339004163846713
1111,0.016575091575091627,0.012661651947195818,0.010605514614882572,0.009410315146776815
1112,0.013003663003662957,0.010284114265232236,0.01682604026619583,0.019945710392255678
1113,-0.008547008547008517,-0.011122102024743397,0.0034481277595419524,0.008873236797116157
1114,0.025000000000000022,0.01991806123013984,0.011960296420192584,0.013835461884975864
1115,0.009920634920634996,0.00702964787737248,0.018463390866131135,0.012686552914973115
1116,0.023168498168498086,0.019523911735373933,0.0002626970318975186,-0.0005419246839157843
1117,0.0182539682539683,0.012593090753852065,-0.004162793907430351,-0.0078515014038536
1118,0.010805860805860767,0.007715725707641563,0.010065608408288407,0.014431195522711548
1119,0.0146520146520146,0.011736226500996372,0.01699876789680077,0.010781991855925432
1120,0.012026862026861984,0.007376129415167076,0.011064013671585715,0.00472124035221988
1121,0.00439560439560438,-0.000978532734396964,0.0166240701612117,0.021750503827260848
1122,0.006379731379731357,0.003841175712958389,0.0020381185561981763,0.007159782023410277
1123,0.018498168498168543,0.01416012583855375,0.0019976919101563073,-0.0036647692324617287
1124,0.02048229548229541,0.01645610386745988,0.020537893184522926,0.024416503431564762
1125,0.0036935286935286804,0.0014432585482024862,0.01839214057606331,0.020081932575762296
1126,0.017948717948717996,0.01553582885714122,0.021432420439614353,0.02557337823804451
1127,0.002716727716727707,0.0010951630889256547,0.011720044082346615,0.006878120377518004
1128,0.019322344322344254,0.016641050980088057,0.019871994930189096,0.023460846132999258
1129,0.008424908424908395,0.00384932310635433,0.009782361614387503,0.007438366129337903
1130,0.019200244200244132,0.011798331807146067,0.016860410623066757,0.013680651826090795
1131,0.01675824175824181,0.01227130660937703,0.009000576192864651,0.004819025438275171
1132,0.012026862026862095,0.0035747091438675938,0.000731450387649879,0.006493398531164263
1133,0.01471306471306466,0.011213201931929206,0.008523087257274131,0.01491050382959569
1134,0.024664224664224688,0.021145516414258214,0.013524788522914943,0.010396440298061083
1135,0.0175518925518926,0.013519151769632698,0.0102427678530288,0.012905525820507746
1136,-0.0024420024420024333,-0.0069088014657819885,0.010553168758087761,0.011264126058153523
1137,0.018833943833943878,0.013619808357268393,0.011615303566527957,0.011751961433410951
1138,0.011507936507936578,0.007578273615939879,0.012335937313939227,0.019595904309459677
1139,-0.0030525030525030417,-0.008220211847461356,0.014830676164651835,0.018223430737057567
1140,0.008211233211233182,0.004413995987587294,0.002883427722724763,0.003629830056595007
1141,3.0525030525030417e-05,-0.004515330457189437,0.01310001827610685,0.015564754858799157
1142,0.00885225885225882,0.0033126423811927763,0.015590524994642974,0.015888512116440934
1143,0.008455433455433425,0.004647955745389232,0.012824482221985067,0.01718874871607068
1144,0.015048840048840106,0.010902609501836635,0.011572668125051977,0.023512829828797543
1145,0.01746031746031751,0.01415161630932682,0.008613291239021437,-0.00017796366566424915
1146,0.008394383394383365,0.006203594798501522,0.006346954432715712,0.006652455231627941
1147,0.01742979242979248,0.013563468634773979,0.015059934836038291,0.018859883875867012
1148,0.0010378510378511452,-0.003692981210658308,0.00231955534383832,0.005713980140561681
1149,0.016178266178266232,0.011411177889421031,0.009649324276808646,0.014396996750361324
1150,0.00885225885225882,0.005173835799108684,0.0014241040045724906,0.0037727900587801733
1151,0.00650183150183159,0.0006464010457344349,0.0033770565814605913,0.0037340287813134587
1152,0.015750915750915695,0.0106324603928305,0.010234440512423837,0.022088399067532793
1153,0.0018620268620268554,-0.002060224085488005,0.014758256607807496,0.01408295775323809
1154,0.0007936507936507908,-0.0011578581426039403,0.009022369180670564,0.005308418160719253
1155,-0.00366300366300365,-0.007861000110026661,0.007456540628963837,0.010983760146610622
1156,-0.004884004884004867,-0.00986936568597363,0.0075694860677105735,0.005258707201192814
1157,0.006227106227106316,-0.0005327697061390246,0.003886646465000143,0.01074460178696146
1158,-0.0009768009768009733,-0.006747142685113228,0.0026651610879997456,-0.0021129540743071162
1159,0.018681318681318726,0.014492651016908997,0.012262363750577543,0.01343503251436351
1160,0.016391941391941445,0.008541061554634743,0.008660114287556864,0.01375945522084332
1161,0.011446886446886406,0.006956634804858419,0.010619666344676926,0.015715851588900653
1162,0.007387057387057472,0.0032766908304622255,0.006148867092591992,0.0035299581357036702
1163,-0.00042735042735042583,-0.004089924663168154,0.014387003734072867,0.011528409312013377
1164,0.011233211233211193,0.006737565467862194,0.0068827104448508925,0.010904410130031406
1165,0.014774114774114833,0.009471159985573352,0.0028195025033658228,0.004676306964842669
1166,0.012087912087912045,0.007082162062870823,0.00258322798633015,0.007124621607957016
1167,0.006288156288156266,0.002821741623061702,0.019955987247160634,0.026428115128384833
1168,0.012148962148962106,0.007882776353303811,0.018347014642766113,0.023284313802434675
1169,0.00726495726495735,0.004273142405282093,0.01959352898800948,0.021133037208724392
1170,0.003998778998778985,-0.0016177046605053702,0.0005505051682372919,-0.014983483067216974
1171,0.0045787545787545625,-0.0005045279464042096,0.004887847846877347,0.008986262503170694
1172,0.01974969474969479,0.015447695749349899,0.017602528845188647,0.022528596366727105
1173,0.008547008547008628,0.004890313748325714,0.005000605476195519,0.012774548693944676
1174,0.009401709401709368,0.006889846591556448,0.012280161031332781,0.014378778618632682
1175,0.017277167277167327,0.014056719387421146,0.00583389900703335,0.013831194504575817
1176,0.001678876678876673,-0.006330291672530297,0.006392774216115615,0.008641525613126033
1177,0.01388888888888895,0.008359776862748025,0.018428595683977478,0.02041663774240965
1178,0.00808913308913306,0.0019090389409004427,0.00849777052263856,0.0038112918212119817
1179,0.010439560439560513,0.006864434202856318,0.008325739433568291,0.011389667240226053
1180,0.023168498168498197,0.018734460310576795,0.015861240158487444,0.023105211010784332
1181,0.020268620268620308,0.017608939112259026,0.013888367397955848,0.019176086043978247
1182,0.00869963369963378,0.006060071724056648,0.014232526690411973,0.013567579365163285
1183,-0.0010683760683760646,-0.005091637934910076,0.018980330752922603,0.026242750742376142
1184,0.017307692307692246,0.014873322532946376,0.01954444047677295,0.014636142970046673
1185,0.007875457875457959,0.004388777881515038,0.01334254508552657,0.011335182782011954
1186,0.012576312576312532,0.009910744463036858,0.017459893557918882,0.020323668142857687
1187,0.0010683760683760646,-0.0008914520858055441,0.01564228321065142,0.018518807046642438
1188,0.011355311355311315,0.006336350930488011,0.012639349645281572,0.012782189284785028
1189,0.004029304029304015,-0.0009022433545515796,0.012351786491389682,0.006009075218351034
1190,0.0102258852258853,0.00782905636051856,0.00982531524024377,0.005730353853692471
1191,0.021428571428571352,0.017448989091131017,0.01899358894010783,0.028416420359683947
1192,0.012118437118437075,0.0094600301137715,0.008289891848561326,0.016843368772353817
1193,0.009829059829059794,0.006895103718857376,0.005827950341413812,0.005100454422052869
1194,0.007112332112332087,0.002932301934954973,-0.0013330302984742026,-0.006981784975590655
1195,0.017918192918192855,0.01268082789910574,0.007831282281096863,0.004163730453597525
1196,0.00949328449328446,0.0024248678193858897,0.01194761866032168,0.005693014528620144
1197,0.008302808302808273,0.003717398597631205,0.004391983974756819,0.008370680098052197
1198,0.017429792429792368,0.012816166318925126,0.011881910477367752,0.016663643107930226
1199,0.018742368742368787,0.014078439250769126,0.003808176705949018,-0.004939165783078958
1200,0.02115384615384608,0.018194762136900855,0.011549692702004122,0.008730620505753572
1201,0.02408424908424911,0.01973435447309102,0.005424224263320454,0.016237668978657305
1202,0.013339438339438403,0.009302330097374578,0.01723710521221955,0.009356210684338118
1203,0.01978021978021971,0.017885587216585064,0.01818761667655977,0.026956868726797145
1204,0.007814407814407787,0.0014359876947471761,-0.0019217691372057644,0.002064080936527768
1205,0.010897435897435859,0.008807601805245424,0.017067310083016096,0.016094528343857495
1206,0.014926739926739874,0.010583662571436836,0.013069869283254598,0.015139491359028256
1207,0.01599511599511594,0.008130136446626746,0.0016023383537346891,5.846646512153164e-05
1208,0.018742368742368787,0.013523768075470732,0.008324883984264009,0.014628982126027146
1209,0.014346764346764296,0.010110893676682053,0.017279720957342648,0.010909016128958116
1210,0.011294261294261365,0.008398764401002068,0.016638941765561244,0.013718619629052964
1211,0.003907203907204004,0.0010514824559612057,-0.004301964631250876,-0.015789238375033432
1212,0.009279609279609247,0.0019762312997498865,0.009653196963716804,0.010262314691403596
1213,0.011263736263736224,0.006844970273009565,0.010029085947249272,0.015034512804643407
1214,0.005433455433455414,0.0007996825380690575,0.012377419832186876,0.009433072097039696
1215,0.023717948717948745,0.021700909857438,0.011804248838465092,0.008173778430861978
1216,0.010012210012210088,0.006110090239747179,0.017225039950200638,0.01827048716857338
1217,0.019261294261294304,0.015461828594544924,0.00312372048301246,0.004175914627824073
1218,0.01691086691086685,0.013494251105879984,0.006911045627294055,-0.0035529112855136047
1219,-0.0018620268620268554,-0.005652960960629838,0.003950090455382971,0.006601313700787204
1220,0.014438339438339387,0.011906935119625595,0.015216570215986214,0.01605460900476885
1221,0.023901098901098927,0.019123933966845197,0.01595137309184047,0.0192275533369618
1222,0.0005799755799755779,-0.004219012080994178,0.00838681864646762,0.0064146507189086766
1223,0.005341880341880323,0.002547510111981066,0.005974855893675635,0.006502052036959416
1224,0.023870573870573897,0.020321586261311753,0.015438969914265743,0.01139383118664472
1225,0.0007936507936507908,-0.0003916396489938023,0.01720502143320657,0.01376107737836374
1226,-0.0016483516483516425,-0.006247300614732998,0.004935071150006909,0.0010877324711493497
1227,0.031776556776556775,0.025292724413804812,0.02522629571128021,0.021499718909062993
1228,0.023840048840048755,0.01966724579997814,0.01052428272406547,0.007995211868815466
1229,0.016483516483516425,0.014002757918405107,0.009908803023929158,0.020218111318059506
1230,0.00869963369963378,0.006166438357530946,0.015290934915236587,0.02547237729031615
1231,0.009218559218559186,0.005255565187532341,0.008257899457123408,0.0064904638630689515
1232,0.015659340659340604,0.011296085961668645,-0.0051391294594594905,0.009921371606515517
1233,0.0006715506715506692,-0.0033370811093785813,0.010876424651124372,0.017977324523690497
1234,0.0030525030525030417,0.0024145697171779057,-0.0031372268975563555,-0.010681994800059047
1235,-0.0008547008547008517,-0.0043592965739046585,0.0008758213627924061,0.010606116905012675
1236,0.02048229548229552,0.016527169986178758,0.00668581124756662,0.014122567672277153
1237,0.004914529914529897,0.0018454698788055168,0.013824502837759933,0.0134278439886093
1238,0.008455433455433425,0.004770377012260574,0.013553589932878807,0.013826348092445429
1239,0.02631257631257633,0.02171307215762508,0.002631987820189141,-0.004651837581789553
1240,0.014468864468864417,0.009163682010327245,0.010384564714499556,0.015333091839661361
1241,0.010683760683760646,0.006915125016597523,0.011378271706515175,0.006460228639700638
1242,0.0008852258852258821,-0.0040566340626839725,0.006492407502454056,0.004525544413714
1243,0.007203907203907178,0.00456419137474906,0.02067436016552393,0.020756155120608133
1244,-0.004456654456654441,-0.0075750824073655965,0.006884840947777193,0.015210970080469455
1245,0.02411477411477414,0.01783723807382942,0.002984746789095327,0.0012322470257621898
1246,0.0009768009768009733,-0.0008533414999963851,0.011446341853595277,0.026552068980497334
1247,0.013400488400488464,0.007440371313264027,0.006031820357224382,0.009154673832165394
1248,0.026587301587301604,0.02281510868076908,0.007428166049578744,0.018148160570568672
1249,0.015934065934065877,0.011531421380261309,0.018514160476659436,0.012808375888039736
1250,0.01245421245421241,0.005453222683499237,0.0039195137975469585,0.011934715089557235
1251,0.03147130647130647,0.029261880569116605,0.02579264676620563,0.017179734342398723
1252,0.017032967032967083,0.013022721334051579,0.017764410108320527,0.024395978517390837
1253,0.011324786324786285,0.007844164212875149,0.010315852628402733,0.015048014500982476
1254,0.014865689865689813,0.010222052927716718,0.005788632745258426,0.01869575963435699
1255,0.014316239316239376,0.010180623033984482,0.010568170034455981,0.005845811593926387
1256,0.010500610500610463,0.009881846562003305,0.007293253787269527,0.00426895467603261
1257,0.010775335775335737,0.004297034802160926,0.010880644028501973,0.013107665235247312
1258,0.01022588522588519,0.007298078725925694,0.004979210975032844,0.006276149166948075
1259,0.012820512820512775,0.007551756633176532,0.0160671857067316,0.011378277695765382
1260,0.018772893772893817,0.013902607950213808,0.01603967008102891,0.0062589097589693665
1261,0.014377289377289437,0.00964249360106928,0.0015206488017250885,-0.0017509126258281604
1262,0.0028388278388278287,-0.001888474548419783,0.021067042076072795,0.01814086808224258
1263,0.016605616605616547,0.01168768997615266,0.00948512620340769,0.012536552707740234
1264,0.014743589743589691,0.008780657239589318,0.011049271845240627,0.016073314570092867
1265,0.012210012210012167,0.007152815323594908,0.01743461376443889,0.013426989381853494
1266,0.021642246642246676,0.018516180302244778,0.012401769239521965,0.019052559516273715
1267,0.010592185592185666,0.007681734755040415,0.016761300297818305,0.016881377577553702
1268,0.010927960927961,0.008507109027686588,0.013199513263545404,0.01323771552178854
1269,0.008882783882783962,0.004491620604212043,0.01761909445073906,0.017235509575291297
1270,0.01678876678876684,0.011323414836241552,0.012726182257190244,0.02604653666859047
1271,0.010897435897435859,0.007332454793664511,0.018579947852647938,0.01361280962710476
1272,0.011294261294261365,0.00786204254323486,0.010817672010719592,0.0003904738916024053
1273,0.01019536019536027,0.007083738893146951,0.012907641872261455,0.021275879510329387
1274,0.012881562881562947,0.009991465984145576,0.005940483714372835,0.011702448187082881
1275,0.020207570207570247,0.018948429636488573,0.016123619308232695,0.030119016829086798
1276,0.017124542124542064,0.011104796405219552,0.009603085202910089,0.010354188817985555
1277,0.001984126984126977,-0.0027508423472215604,0.004201335641446979,0.01061098256935622
1278,0.01169108669108665,0.007724815244663397,0.013357895906778938,0.015485746688422064
1279,0.011996336996337065,0.007589912650810771,0.012263550647358179,0.007840459408360534
1280,0.013461538461538414,0.009560865105422534,0.004344113707920871,0.002818415590362555
1281,0.00509768009768008,0.00014842589813579554,0.011727308160938033,0.01087221687016382
1282,0.00879120879120876,0.003945466050454205,0.006989380806133205,0.009863222881166922
1283,0.021611721611721535,0.018450236985172452,0.017682111710939585,0.02141283278244943
1284,0.004639804639804623,0.0025769093566461176,0.014353525701192416,0.021634275927638114
1285,0.003968253968253954,-0.00014813244106282042,0.0019822868592646037,0.008209246047407026
1286,0.018742368742368787,0.014767117821414044,0.008709931740581323,0.004145647327308044
1287,0.007600732600732574,0.00238006544004421,0.0002297706359162266,0.0038581118115845747
1288,0.005433455433455525,0.0008293822183114141,0.0101258856937253,0.013494078353900374
1289,0.014682539682539741,0.010492803555938846,0.012756227435952061,0.01405731893111184
1290,0.00943223443223451,0.003002904308093579,-0.00172354640191974,0.0013645870864618104
1291,0.022985347985348015,0.018759055240291533,0.014543649887565402,0.012010815820349907
1292,0.010805860805860767,0.006085751653964633,0.009753805041878949,0.015920807805969495
1293,0.026770451770451786,0.0223663432705673,0.007005931379672536,0.014284030359831612
1294,0.01315628815628822,0.008215012577578285,0.01684990465157221,0.014593386626038263
1295,0.009829059829059794,0.006365254350522376,0.0018807350926510757,0.0072095945019232666
1296,0.002777777777777768,3.233855719442236e-05,0.0075670037929645995,0.011729277745359035
1297,-0.00042735042735042583,-0.004211464405777576,-0.0014362180469329466,-0.012901347936825402
1298,0.018009768009768057,0.01182449665096963,0.0051073086174743265,0.006684969914782957
1299,0.02060439560439553,0.016101079986848843,0.00337728598059972,0.00293699757189958
1300,0.02188644688644692,0.015329379790527065,0.023006745230380266,0.018733305089854713
1301,0.009371184371184338,0.007901923618004791,0.011065000039832129,0.00503106589654001
1302,0.005586080586080566,0.0036038374467426415,0.013107310458173482,0.015668942945241904
1303,0.013369963369963322,0.009494718556317783,0.010307790841642461,0.007507993148234804
1304,0.007234432234432209,0.0035762400813131867,0.012804815893153632,0.01891166551135337
1305,-0.008424908424908395,-0.012381712271693268,0.0050075744378643705,0.0010048785284577644
1306,0.014102564102564163,0.009162690754907832,0.014009474883564188,0.006991968452401576
1307,0.00940170940170948,0.00587806079572184,0.009195891607777451,0.014951034476558545
1308,0.013217338217338281,0.008464395101105637,0.013465595713252232,0.01638086809920769
1309,0.01678876678876684,0.012726388848932069,0.011085157010857993,0.017677566045618542
1310,0.011416361416361487,0.006330634555642756,0.013775056676828656,0.009298975371252682
1311,0.009249084249084327,0.006742794144391495,0.017060741237211685,0.023988424954079712
1312,0.010470085470085544,0.006047149044453581,0.008669587553757463,0.011390139067015248
1313,-0.0018009768009767946,-0.006995982034134762,0.019267512236602724,0.018815542181940703
1314,0.009920634920634885,0.007644810608861685,0.013805932747657401,0.01473361132846951
1315,0.005921855921856012,0.001316910033878571,0.01542901525041862,0.01729182431460663
1316,0.01752136752136746,0.014504824377379655,0.01682135658619499,0.020361764291515816
1317,-0.009310134310134277,-0.012909384013546576,0.0020906220840447576,0.004085928742417866
1318,0.011904761904761973,0.00643154755194475,0.0008416001193889411,-0.0007049645113563763
1319,0.006196581196581175,-0.0008686396774906235,0.01268785200120659,0.006666846005090155
1320,0.008669108669108638,0.004964124887590571,0.01088753737288184,0.006290404911270642
1321,0.02121489621489614,0.016451443952704703,0.013133569214799468,0.02015581597542948
1322,0.013644688644688707,0.010326259470300858,-0.0008389994076575258,-0.006749735794233991
1323,0.03125763125763126,0.026959922473596687,0.02016284141131519,0.019805775020102168
1324,0.020238095238095277,0.014565765851991652,0.010991780594815426,0.013480574726545846
1325,0.019566544566544608,0.01496029649989028,0.005559136805371345,0.00793135282280455
1326,0.002136752136752129,-0.0012799775210756703,0.013199422001132555,0.020593801718288618
1327,0.0016483516483516425,-0.0014199166531009277,-0.0017031017973110352,0.004601022289263845
1328,0.010775335775335737,0.007421797713482059,0.012686752300457349,0.0089816293253705
1329,0.00030525030525030417,-0.003213406767965332,0.011289598706899495,0.01036028865644889
1330,0.004700854700854684,0.0010332212720124412,0.018392464123053065,0.022607448794442764
1331,0.016971916971917023,0.013002489604531098,0.015053595894813254,0.018190586730478242
1332,0.01535409035409041,0.012905843413160256,0.015503446980588587,0.01844809052735452
1333,0.007081807081807057,0.003704486913819416,0.019383878429459656,0.021415106725424238
1334,0.015048840048840106,0.010582637566213027,0.01626573166522094,0.01571965275509324
1335,-0.0006105006105006083,-0.0033187624198312005,0.00939623150614255,0.00833748954333735
1336,0.008241758241758212,0.004564893874784648,0.00518696127337781,0.0010943512386628607
1337,0.0015567765567765512,-0.0026218148888064174,0.014138149307189707,0.013026192964015637
1338,0.009554334554334631,0.005530754299902907,0.012664539578753575,0.009464743531043873
1339,0.0210622710622711,0.018314997456101878,0.013157895089163762,0.016143001360361398
1340,0.015537240537240482,0.01107604384529326,-0.0012115174635135562,0.0005834133721400736
1341,0.007631257631257604,0.002374034318017748,0.012522024074043903,0.0116387388166318
1342,0.018467643467643513,0.012647535932730714,0.015825636749710048,0.025981138032365902
1343,0.015506715506715452,0.009795164666626888,0.002080722086710174,0.006727043201810834
1344,0.011630036630036589,0.006969573278533203,0.002553714289322384,0.004218908050917847
1345,0.008333333333333304,0.003162125223143075,0.012142049556946866,0.014335345105111919
1346,0.01468253968253963,0.011440667974728203,0.0179604170845159,0.015147356266364431
1347,-0.004609279609279593,-0.006881672094535274,0.011634995926203429,0.009727495788635965
1348,0.0011599511599511558,-0.0037735248317390946,0.0026173866384814337,-0.0013189490589764485
1349,0.01672771672771667,0.013087425904357408,0.01282645041120567,0.0160021440617949
1350,0.012820512820512775,0.008365847863382903,0.009870786906527762,-0.0009331006979270695
1351,0.01764346764346758,0.011068405751698207,0.012684342081193511,0.013191421040656404
1352,0.01321733821733817,0.0076205804916528175,0.014908986191429552,0.012834427851596608
1353,0.013034188034187988,0.007795944684753642,0.01110354836444849,0.012869100054483718
1354,0.014438339438339387,0.00824053998602503,0.014076773361614281,0.016473586718991018
1355,0.013644688644688707,0.011076064276915876,0.005607528721209287,0.004394069416452262
1356,-0.0010683760683760646,-0.003748409303935163,0.007226880993769558,0.005853494836020379
1357,0.012667887667887734,0.008741969288112883,0.006021889258711943,0.015123853660864106
1358,0.004487179487179471,-0.0027861040281703664,0.003101932654357764,0.01649792069889744
1359,0.010500610500610463,0.006192618877155942,0.009393607398479942,0.003342552298674195
1360,0.014774114774114833,0.011639798518846334,0.010414686666061601,0.010926342696417346
1361,0.008424908424908506,0.0025784873919934004,0.005238496578323648,0.01110948600414341
1362,0.015628815628815573,0.013444114548306407,0.0015805438716515186,-0.001323400202612568
1363,0.005769230769230749,0.003217485229416006,0.007874073617860855,0.01774459276603435
1364,0.010683760683760646,0.006944527680174173,0.012671508125060238,0.020972151058457178
1365,0.007173382173382259,0.0021054999358496307,0.0024931292950816086,0.00263159967698523
1366,0.018803418803418848,0.014147644679399773,0.004383709567372218,0.004475048726419795
1367,0.018101343101343148,0.012615225615163705,0.010737044417763464,0.020256796306294178
1368,0.0049450549450549275,-0.0015015013048425008,0.010523377732377659,0.002428636156693753
1369,0.00952380952380949,0.007359120911384576,-0.0030860409691456647,0.0011330055895295565
1370,0.015537240537240482,0.013302601033204353,0.018138097423700872,0.013080471970213448
1371,0.008638583638583608,0.005600301781531591,0.015587112133130354,0.026041954058421246
1372,0.012057387057387126,0.008072550410428092,0.008401173944312723,0.0162618822448366
1373,-9.157509157509125e-05,-0.005067350007039395,0.009545605225586229,0.01275528004743609
1374,0.018742368742368676,0.014428569382044176,0.029685917697646835,0.03475868949314198
1375,0.0022893772893772812,-0.00026377667628207924,0.015752646012884286,0.018603845848846223
1376,-0.002625152625152727,-0.00674322132271199,0.005192682873987886,0.00979535780572871
1377,0.001831501831501825,-0.003062180814418003,0.01664461954694163,0.023081688986187898
1378,0.007753357753357726,0.002534323555464346,0.014814961137066596,0.01954389875544227
1379,0.0071428571428571175,0.0025257807997176585,0.006166981735281407,0.004591729311445247
1380,0.0018620268620268554,-0.0020886951663090514,0.006710526113737902,0.003606961025200195
1381,0.01169108669108665,0.00896679016831059,0.009652966482890046,0.00328843027280179
1382,0.02185592185592189,0.01720676593489212,0.009439220662347592,0.011779018245163475
1383,0.013461538461538414,0.01123671625770839,0.01381595241102851,0.01508011249647856
1384,0.028113553113553014,0.024706425533143506,0.01414040674783923,0.012989260197822983
1385,0.015140415140415198,0.011334389208884188,0.013193276917470298,0.013438977162774979
1386,0.018498168498168543,0.013959472711924326,0.002512726298998902,-0.0012229136831399812
1387,0.004181929181929278,0.0004041834412789047,-0.0026567640947353643,-0.008502487854813445
1388,0.012698412698412653,0.007937033039238983,0.00847869794133671,0.013236434175745715
1389,0.009737484737484703,0.0034148792235233483,0.01597834039012258,0.022194918037003464
1390,-0.0053113553113552925,-0.009044637618499163,0.003526190445400257,0.00872264664782596
1391,0.013400488400488464,0.00772331592386688,0.015365101594555286,0.019406952904318153
1392,0.0042124542124541975,-0.0002062427470815864,0.0027050257334416683,0.002331273040633297
1393,0.0008547008547008517,-0.003608750659033988,0.013050607092774946,0.020833992861360562
1394,0.009920634920634996,0.006269493847282259,0.0032771706802978695,0.003305189899987071
1395,0.003998778998778985,-1.6297662624342735e-05,0.012906887094882191,0.012812243646224575
1396,0.002625152625152616,-0.0009622188786195807,-0.0017599438338834483,-0.0038453954337118734
1397,0.019322344322344365,0.015312394779481764,0.014972357718180618,0.013546929320510936
1398,0.0071428571428571175,0.0001511571629474462,0.014647114811186523,0.021581906572102905
1399,0.0005494505494505475,-0.0036189697340168747,0.0015729591639741525,0.009329861710498766
1400,-0.0015262515262515208,-0.006404718047429148,0.010644059881229406,0.013507949071339342
1401,0.012484737484737551,0.009953994715655834,0.008839711114449256,0.00912617527768611
1402,0.015079365079365137,0.011283077920819506,0.017331547816632487,0.01680958107814745
1403,0.0017704517704517642,-0.002020398888190722,0.013922246182034193,0.010470840746570897
1404,0.018833943833943767,0.014102004375366795,0.0015931581945354267,0.002254796931731029
1405,0.0087301587301587,0.002501501177217591,-0.0029539921773168443,-0.006639397057584762
1406,0.01544566544566539,0.010613928357900648,0.007251818969991386,0.00992640242600884
1407,0.005616605616605597,0.0025253117260664038,0.026907411613112497,0.032370478076535925
1408,0.014926739926739874,0.010772529006220832,0.008014347286744217,0.017134892484873543
1409,0.018101343101343148,0.01545984391574906,0.013264249586846133,0.016688416546008278
1410,0.011996336996337065,0.009455777606856453,0.015444614595555017,0.02281935025391757
1411,-0.005769230769230749,-0.006598343269736073,0.0018823148387364652,-0.0008897998745330815
1412,0.024267399267399292,0.01962201086566817,0.0005812056620424499,-0.006525345818032768
1413,0.01819291819291824,0.015068167127395782,0.00539578348012304,0.01056743339456756
1414,0.016422466422466475,0.012549395140247221,0.020242490199550267,0.025689002716849707
1415,0.007844932844932817,0.004921838854387461,0.013689126160839171,0.010587695775601813
1416,0.016300366300366353,0.012449254636595075,0.0082936609155565,0.012366129590809072
1417,0.009340659340659307,0.004026517097196258,0.009965737307792155,0.017761043229826856
1418,0.00030525030525030417,-0.0033404891828090477,0.0014148344386428757,0.002140022170274425
1419,0.00589133089133087,0.0032023097609635842,0.009315164549039245,0.0004970177189342895
1420,0.015689865689865634,0.00940067807090017,0.013783967309118572,0.019755740429961866
1421,0.007722832722832695,0.005877341013589943,0.013214953925457906,0.024472221964336516
1422,0.019200244200244243,0.014837437580174417,0.022291340056760367,0.029171571438323052
1423,0.021062271062270987,0.016529922887704385,0.02280647203726327,0.026530544616450213
1424,0.011355311355311315,0.008698620800125512,0.010209094723453216,0.016626628065954607
1425,0.009279609279609247,0.005566627980369776,0.014444732705608199,0.014040406538554984
1426,-0.0014346764346764296,-0.006018882367089917,0.010617281281891655,0.015010328564660558
1427,0.0020146520146521185,-0.002952016994534845,0.009077387488152122,0.008450651594074876
1428,0.009371184371184338,0.00635161302631615,0.011514219199315612,0.014482655652167664
1429,0.023107448107448136,0.019550274042168136,0.012921804677474058,0.014723984942894175
1430,0.004304029304029289,-0.0003038296291286713,0.004719682812941661,0.0008442071954947172
1431,0.018589743589743635,0.015416664035107552,0.010930741658819465,0.004892084154476728
1432,0.014499389499389559,0.008768068628010162,0.008221071355565157,0.014271017770215222
1433,0.0024725274725274637,-0.0017555962702031636,-0.0021035969176245173,-0.002547699522061575
1434,0.0071428571428571175,0.005085368282773395,0.010867001389283537,0.00920984005122738
1435,0.004059829059829045,-0.0014921888693715246,0.010432730295080517,0.010326071676110549
1436,0.008272283272283354,0.004812428506374977,0.006341036055081628,0.00940623921296857
1437,0.01321733821733817,0.009024999868100347,0.002472541411035478,-0.001729182183602962
1438,0.015231990231990178,0.010791768892232212,0.012227582245370017,0.015196669978815636
1439,-0.001984126984126977,-0.0047210950247134065,0.007826768225405956,0.003773678134233016
1440,0.032539682539682535,0.026455852317145312,0.01203710732506047,0.014569467761464727
1441,0.008119658119658202,0.005216208431017777,0.01576861713406008,0.015103142398812164
1442,0.006684981684981661,8.631503177070066e-05,0.010847451868293057,0.011677808573509862
1443,0.008913308913308882,0.004721519000547181,0.02386258261994112,0.024227194020487564
1444,0.011935286935286893,0.008980911346421427,0.013425895980571867,0.015658593339294424
1445,0.011355311355311315,0.008906283555450534,0.0038928516590261975,0.0003376523888213301
1446,0.014713064713064772,0.011542750479741626,0.026148046174829243,0.028890907783136743
1447,0.013095238095238049,0.009843397907255746,0.006402613926858036,0.010921868398621526
1448,0.02118437118437122,0.01925637447297135,0.006444432711291803,0.0043543483166603725
1449,0.01758241758241763,0.011433092303047898,0.013880619527032123,0.008629693937290517
1450,0.003510378510378498,-0.003031658820075611,0.009912527154491535,0.014533879146287898
1451,0.006135531135531114,0.0015318760859038827,0.008458622739492161,0.009627495898560823
1452,0.019383394383394426,0.014490785795198136,0.0190581568927064,0.020758160721769725
1453,0.0018620268620268554,-0.0024549797075956725,0.005617895802162209,0.0031994620848607713
1454,0.01746031746031751,0.01458625949779535,0.005069278184274384,0.00599530610273169
1455,0.017277167277167216,0.014042753559775911,0.015321182801053213,0.015651653065019033
1456,0.009096459096459175,0.004722780119868042,0.001647468442443345,-0.003558252740365586
1457,0.016361416361416303,0.013319619176531128,0.010482007659871617,0.012493276853248414
1458,0.008455433455433425,0.0018910287969420292,0.012818695820453252,0.015456198219888861
1459,0.008302808302808273,0.0060694767952994555,0.010361516127758152,-0.0032461011440058085
1460,0.01315628815628811,0.008648713407494069,0.019997849787746214,0.011066306872763332
1461,0.00726495726495735,0.00480401079044579,0.004882813000551822,0.005637517709481288
1462,0.0045787545787545625,0.002706973085415232,0.01700164456617481,0.014203730868874942
1463,0.006227106227106316,0.004623682532704287,0.018425260969799906,0.02587129337902172
1464,0.015048840048839995,0.011941403627868108,0.015449721285560769,0.015417521145198343
1465,0.002991452991452981,-0.001946491765249525,-0.005106465904252677,-0.0024016693842627834
1466,0.004731379731379826,0.000679747368803274,0.0067609748299980454,0.0017349911455624145
1467,0.015567765567765512,0.013418182426608971,0.0075514568430145035,0.01550327143846697
1468,0.02048229548229541,0.01528619692284483,0.008098286628455686,0.01071453298581948
1469,0.01901709401709406,0.014203560914739177,0.008327395692662387,0.010428296938887471
1470,0.014346764346764296,0.012431478593517897,0.008725543146947068,0.02150454959647119
1471,0.023656898656898684,0.017604049748572326,0.009998015954933992,0.012983410686500552
1472,0.01318681318681314,0.005110392473012593,0.011773965766254557,0.019536210857545533
1473,0.006501831501831479,0.0014741582734812964,0.005913271380062035,0.005274774234841018
1474,0.018467643467643513,0.014745295825124627,0.010854255774336963,0.02131351751624777
1475,0.011507936507936578,0.00908611521891256,0.006994091212214615,-0.0019345883584317436
1476,0.014102564102564163,0.011052576580938167,0.014935468169284483,0.015352379730377286
1477,0.017673992673992722,0.012874951149949299,0.004726296462966517,0.004501344491215975
1478,0.00021367521367521292,-0.004287279408992206,0.008452923981015825,0.013772623390181593
1479,0.015811965811965867,0.012485402394267542,0.00935117257314022,0.021932355038734253
1480,0.013614163614163566,0.006514636124654194,0.012092043486259252,0.00997282666479582
1481,0.022313797313797346,0.019398519855682306,0.005696888455159033,0.00582352162969646
1482,0.019261294261294304,0.01437824937191523,0.013896297771000543,0.016527924434436958
1483,0.013034188034187988,0.008914692587582707,0.014474205272994922,0.017796171469282585
1484,0.013522588522588475,0.009738740206200469,0.0208438005755891,0.015577035272677842
1485,0.010286935286935361,0.007104500539840464,0.004161195152715957,0.007480508280366616
1486,0.00940170940170948,0.00563632867206576,0.00840149245760502,0.005249168216843514
1487,0.021489621489621413,0.015091982717458818,0.0011850415077510057,0.005402340466347466
1488,0.010012210012210088,0.007834782764504444,0.007721350908664992,0.010727557871862414
1489,0.020787545787545714,0.015677205385094095,0.016399170871151725,0.026089946068503123
1490,0.01602564102564097,0.00821477311236296,0.0009479889204541125,0.01404395464504904
1491,0.005189255189255171,0.0033460991730991374,0.002718813303213108,0.0033529733369020986
1492,0.014804639804639752,0.011183678458382973,0.01645941453067179,0.008434218108517966
1493,0.018681318681318726,0.01308353224560932,0.02331524211451208,0.026533642510004896
1494,0.01462148962148957,0.012073430736220248,0.018251879167762275,0.025269344226061752
1495,0.02490842490842493,0.02121658675455773,0.023983868201906677,0.0316390657377823
1496,0.006471306471306448,0.002952693855065802,0.006741343831366375,0.008820713479051667
1497,0.02554945054945057,0.021971174651138292,0.008956219936250509,0.009194902023866303
1498,0.0035714285714285587,-0.0013155206633936878,0.009004206329063624,-0.0034331632510689047
1499,0.010561660561660524,0.006563477591436384,0.013979980099144695,0.006482207032235565
1500,0.01532356532356538,0.011005870048005573,0.018517809712137345,0.02797364355067289
1501,0.009615384615384692,0.004502854324047401,0.008591313325672978,0.008025903683106406
1502,0.012728937728937684,0.009322807578917458,0.0181050870112085,0.010902378997522777
1503,0.017277167277167327,0.0132632882890108,0.014026188512366589,0.01635572119657669
1504,0.008302808302808273,0.0029872440739333594,0.00959925622712443,0.014897675165937319
1505,0.01236263736263743,0.010184538867249016,0.018440940133375827,0.018784533007577542
1506,0.021428571428571463,0.01455066220989698,0.006490604531406485,0.014769799778433401
1507,0.013125763125763079,0.009309488980457803,0.014172512537743098,-0.0015164010765430502
1508,0.010347985347985311,0.004174789889352604,0.010170082558656701,0.012907407087891842
1509,0.02048229548229552,0.018019452651161894,0.01888783143634698,0.03188563495822738
1510,0.01749084249084254,0.011635594047437414,0.000505664701870745,-0.0027761778112487256
1511,0.014774114774114833,0.010050782626597532,0.008757431540307947,0.007287092714948429
1512,0.00799755799755797,0.0037061545851664324,0.0009875515173805027,-0.0039648265098352065
1513,0.012210012210012167,0.003337877152695734,0.015610750408143081,0.024422922435637262
1514,0.004548229548229643,-0.0003956312846854493,0.0020332145538303203,0.00018324682066417353
1515,0.00882173382173379,0.005541806311190722,0.013597159971511452,0.01356496245753791
1516,0.020787545787545825,0.015773446362342125,0.007572186361007649,0.023357886327313948
1517,0.01468253968253963,0.010102847992474073,0.015424877611625032,0.016052097768138207
1518,0.018803418803418848,0.015157436224502163,0.007303340059602537,0.006964107343720327
1519,0.006532356532356509,0.0023878029512178767,0.004336990727022205,0.004880307966903419
1520,0.023870573870573786,0.020290912370938496,0.007528909423901831,0.011212447042621032
1521,0.010592185592185555,0.008176666495466667,0.012056630631469778,0.009993336809837272
1522,0.013522588522588586,0.010982833031793815,0.009999790354016658,0.0061756073010692525
1523,0.008913308913308993,0.0030101592476883265,0.010429325465330264,0.014519401328171644
1524,0.00726495726495735,0.004868479145233917,0.007189819136642184,0.0090343563113926
1525,0.011141636141636102,0.005350844917610065,0.010151287580915658,0.003428064149933685
1526,0.019841269841269882,0.015614398697129883,0.014918343384292765,0.003766340309741101
1527,0.010653235653235726,0.007266966284297571,0.012421199944813721,0.01704671326305951
1528,0.03357753357753357,0.02838697903675913,0.008382464568176817,0.009645112572248316
1529,0.011141636141636213,0.00493037375183325,0.01603035162145483,0.017502569435439375
1530,0.02039072039072043,0.015970250384576667,0.009719415249367036,0.01111999968943278
1531,0.016575091575091516,0.013221426854759688,0.020089499735300942,0.018204432495495637
1532,0.0003968253968253954,-0.003854010504555472,0.016375356373185435,0.01887679407912124
1533,0.006715506715506692,0.0029893428514506937,0.00903738694942402,0.006658501550138252
1534,0.007081807081807168,0.00465911989634149,0.018497862592987246,0.014863513550786522
1535,0.014133089133089083,0.01091545527171911,0.006061708453745096,0.011168254776160125
1536,-0.0010073260073260037,-0.004342665800319501,0.01052105688475824,0.010729871252112
1537,0.012759462759462825,0.0085849367650086,0.012785291603100157,0.012696542072230699
1538,0.003296703296703285,-0.003097688158827161,-0.0008013321993698419,-0.0008270409751102159
1539,0.002716727716727707,-0.002978056044823707,0.004981250345554189,0.00334411011334379
1540,0.01822344322344327,0.010867732002964758,0.0140015066939978,0.014543488058275766
1541,0.006684981684981661,0.003516903805997007,0.02333010338168595,0.028936615614491124
1542,0.012484737484737551,0.00927093452881489,0.013557298575842203,0.015512044407020698
1543,0.009004884004884084,0.003541610055684319,0.009222714898905249,0.0034937517199696844
1544,0.012820512820512775,0.008176612311145859,0.007332248053929957,0.006283919441499419
1545,0.01172161172161168,0.00799576386221168,0.010632059075471378,0.01712114643045015
1546,0.014041514041513992,0.008969323371699867,0.0014470023994899162,-9.578381992558782e-06
1547,0.01092796092796089,0.007192231166234686,0.012372145667486567,0.016073294613593858
1548,0.005494505494505475,0.0029839882037173693,0.006210035328381491,0.00802284749290405
1549,0.013186813186813251,0.009350730682789132,0.01879719818846126,0.01928848525176341
1550,0.004761904761904745,0.0017330361677184714,0.004662489818243909,0.006165092742777767
1551,-0.00436507936507935,-0.008488545461587171,0.01706334456954428,0.015180157826067742
1552,0.012454212454212521,0.009641238130549956,0.005080440734374192,0.009949076054425632
1553,0.012606837606837673,0.00807164803791871,0.008697746013163088,0.013109894740433115
1554,0.00811965811965809,0.006438608470459295,0.014937595053324704,0.015723958436732133
1555,0.010470085470085544,0.002240351233519955,0.021236848109183804,0.028835969082471546
1556,0.024389499389499303,0.020645363783598714,0.017722430383504073,0.01547228967123071
1557,0.004761904761904856,0.0004811186877650142,0.019444084889067903,0.024438419346221152
1558,0.0030525030525030417,0.00025255426326309394,0.01258040925402637,0.007124819129440407
1559,0.0056776556776556575,0.0027602116179581415,0.009964324901244992,0.0030591020240963163
1560,0.01819291819291824,0.015177604781344112,0.018999873482560492,0.019128176017822573
1561,0.01816239316239321,0.01078349511090082,0.015492697621037776,0.015541840984831135
1562,0.004273504273504258,-0.0008569393086069743,0.004873166493027048,0.009976945545677074
1563,0.018437118437118483,0.014319480979612553,0.007923640006709642,0.0018172799985775034
1564,0.014957264957264904,0.012305771757414208,0.012744825361096002,0.016281725151778503
1565,0.01242368742368749,0.010203803855849736,0.004887577791961473,0.009895191166575557
1566,-0.003144078144078133,-0.008578054528743384,-0.0014556880127197802,-0.0025482386490572884
1567,0.019230769230769273,0.012470630555457163,0.011524368238640115,0.0060802419576322375
1568,-0.0006105006105006083,-0.006436753190629418,0.015300427806872241,0.006647128950735159
1569,0.022222222222222143,0.018524701293352153,0.01509796646586159,0.015267976740956923
1570,0.010470085470085544,0.004664922066950572,0.016023608922729027,0.02432717823175523
1571,0.018650793650793585,0.013305925994793855,0.004701539393568099,0.010942527146077685
1572,-0.0028388278388278287,-0.00435249974355667,0.0024303597619628192,0.0032477790708370646
1573,0.013461538461538525,0.008807603778864026,0.011869194784562054,0.010158151302987917
1574,0.0067765567765567525,0.0029886088850770154,0.0018592295505898138,0.001377833864099287
1575,0.019291819291819334,0.015568681057594236,0.014043346024709469,0.01957224821406811
1576,0.01688034188034193,0.011929483222340886,0.01600703291487615,0.022230398743438573
1577,0.012759462759462714,0.009815164424953782,0.012901320224083301,0.020906546870962495
1578,0.00876068376068384,0.0034992171528093197,0.005043708873923136,0.007329938388748625
1579,0.009249084249084216,0.005481558354444749,0.006896308593568379,0.01229813139007463
1580,0.0018925518925518858,-0.0005739461414380198,0.01340475271627839,0.01478394672759431
1581,3.0525030525030417e-05,-0.00505121758812177,0.009767080618994228,0.009247351260860626
1582,-0.0016483516483516425,-0.009551021427564255,0.00583170439104419,0.0044657049195102605
1583,0.01468253968253963,0.010489324106706999,0.020685969614676947,0.023676700479542845
1584,0.015689865689865634,0.011157641642413951,0.009403037690188354,0.006543459732977985
1585,0.01834554334554339,0.015819600737877804,0.02489061094640377,0.025351200977547395
1586,0.008608058608058688,0.004532660951001244,0.0040840540828485095,0.009736552266500609
1587,0.015537240537240482,0.009653219395970858,0.007613413817101677,0.011143006449454318
1588,0.01385836385836392,0.011796584787417519,0.016159164291987604,0.013884281600591963
1589,0.014896214896214954,0.009786488718488862,0.013008395084152746,0.015441308013196764
1590,-0.0005799755799755779,-0.003614657496700091,0.008258060099102682,0.0077203064395795495
1591,0.01834554334554328,0.009716130394683553,0.009454938005642455,0.01099381635208918
1592,0.022557997557997478,0.016383825739678892,0.008380283727532412,0.01564242218119849
1593,0.012606837606837673,0.00826231678854017,0.015744010713196088,0.012982684927976273
1594,0.022039072039072072,0.015515906957745962,0.021792074790453198,0.036736535283244054
1595,0.007753357753357726,0.002697894582247562,0.00848986257375628,0.015528086485354642
1596,0.01688034188034193,0.013030763173946247,0.010353672331806285,0.007837464419129359
1597,0.009432234432234399,0.0056341304289346805,0.01802385424403008,0.01949771133115119
1598,0.01028693528693525,0.007263873956673272,0.014456058707995267,0.009909436513069081
1599,0.022222222222222254,0.015896840171900073,-0.004582962494257048,0.0038128225750334588
1600,0.017246642246642296,0.01552170096038552,0.0008549898800614963,0.0034632937029106525
1601,0.028144078144078155,0.022418184871097924,0.011074169892591024,0.014850628692518408
1602,0.011874236874236832,0.009092330093264489,0.006881427585008648,-0.0006608965712495696
1603,0.01913919413919407,0.015042854779998005,0.008979486788090685,0.0017037119709935045
1604,-0.00366300366300365,-0.006340404650271303,0.006404488889312554,0.010982770721624568
1605,0.018498168498168543,0.01371536197061829,0.008744189405715974,0.009598085205747009
1606,0.017338217338217388,0.01284743187422377,0.01052605570743781,0.011428898137647803
1607,0.02255799755799759,0.01611671413412885,0.028835514694710684,0.027049284152032782
1608,0.008363858363858334,0.0026248214515249835,0.010958070606329806,0.01297131391123485
1609,0.02124542124542128,0.01434214354394614,0.017833860253356093,0.017237167927413033
1610,0.022039072039072072,0.017728503827330155,0.015259067071713983,0.01777051797467044
1611,0.006684981684981661,0.0022582945132967325,0.01279562189891581,0.00391128290866205
1612,0.010347985347985422,0.0065929635447620205,0.014062580620745835,0.007467105322327194
1613,0.010653235653235615,0.004672206207427698,0.007538336397105216,0.00638077403461812
1614,0.019566544566544608,0.014999811007930464,0.005001271722490319,0.010202641222644249
1615,0.01739926739926745,0.012036288579206134,0.020949695729929108,0.027147116735672716
1616,0.01312576312576319,0.007432619710348476,0.00946798318246056,0.012966711124823616
1617,0.009920634920634885,0.003849260005059252,0.004957786307412171,0.0057363563582066845
1618,0.02774725274725276,0.02426818968064537,0.013461786391748887,0.014389143611911348
1619,0.008119658119658202,0.0033385521231266146,0.00872551667434096,0.0066655179646738505
1620,0.009920634920634885,0.005335270596615427,0.010542079582037123,0.006391629807548149
1621,0.0025946275946275854,-0.0004555679496185405,0.010166558548840743,0.014016683109284611
1622,0.009829059829059905,0.00736628969329256,0.005676677505340844,0.002789289371755488
1623,0.020268620268620308,0.015013406162444398,0.009289438796578287,0.02158933507347205
1624,0.009859584859584825,0.0075824235587724775,0.013626951020051625,0.014406653194333652
1625,0.006959706959706935,0.0022181672481463854,0.011765357462135695,0.01368125201306436
1626,0.003815628815628802,-0.00010767179779558322,0.008304215878952248,0.014531846527979897
1627,-0.0006410256410256387,-0.0046164507225726625,0.007913012559944699,0.004793927773111495
1628,-0.0014957264957264904,-0.008190423566989402,-0.002760420058234625,-0.0005460865725650521
1629,0.0072954822954822696,0.0001487336729703026,0.01133928634275616,0.012347818616803785
1630,0.015811965811965756,0.010233747180257824,0.01597627213875319,0.006074111856472553
1631,0.014407814407814468,0.010312731571908595,0.017150376332957906,0.021841233783315372
1632,0.011172161172161132,0.008128317002022878,0.010667129248993823,0.010491603713432607
1633,0.00439560439560438,0.0010540983245199698,-0.0008560868442367697,-0.004338291315741594
1634,0.02032967032967037,0.014049045593323095,0.005658069494943296,0.005831411134461617
1635,0.01459096459096465,0.010864002592491206,0.008675836932122483,0.005612296986950427
1636,0.0018009768009767946,-0.0012753861726043647,0.013695277657078564,0.008544808601782306
1637,0.02341269841269844,0.020083400398643758,0.0032689820469972153,0.012427378212203521
1638,-0.009615384615384581,-0.013522478277771088,0.004136073411029617,0.0052285430977836445
1639,0.01978021978021982,0.014399799496558341,0.004898318672287405,0.011317397056536227
1640,0.008974358974359053,0.005650287111754415,0.004625743451470599,0.014853901186607565
1641,0.0065628815628815396,0.0034609870902051476,0.005993078601240098,0.008760795139330368
1642,0.011630036630036589,0.0087085458988575,0.001218283392427022,-0.0017281179659318635
1643,0.018711843711843756,0.015616847071106887,0.021610671479299626,0.015353764575201545
1644,0.007814407814407787,0.003043195056949055,-0.0030375356133276465,-0.005510750922413821
1645,0.01608669108669114,0.009962157226640622,0.026610867168826213,0.027343067208625005
1646,0.016178266178266232,0.009523419926297128,0.0090309136418395,0.014555907234011567
1647,0.0011904761904761862,-0.002608747987578597,0.008584783410738539,-0.0015508418696700277
1648,0.007783882783882756,0.0028991089504557532,0.009113643862956655,0.008857834709261159
1649,0.01462148962148968,0.010490449039165295,0.007631122587584915,0.010096897683280037
1650,0.008333333333333304,0.0034542524823019116,0.014178135623698296,0.013176575217117237
1651,0.011385836385836456,0.007955792260831651,0.005955222850530184,0.001982782899722202
1652,0.018559218559218493,0.015066893288006478,0.0129712960752012,0.0049696104560764676
1653,0.019505494505494436,0.015519532246445533,0.003926548146664821,0.010340734796590478
1654,0.010683760683760646,0.005412026021034855,0.0124343852069968,0.008968026418935682
1655,0.009737484737484814,0.005002766208664466,0.014448848746344,0.020332944192315794
1656,0.004304029304029289,0.0016721625617073244,-0.005268324877303443,-0.005093341090618875
1657,0.023290598290598208,0.018282547077380196,0.012833885840218384,0.013356949484257918
1658,0.019963369963370003,0.01606884328451874,1.8962993499016534e-05,0.003504045658672572
1659,0.009523809523809601,0.006518847783308912,0.01117738122556522,0.01217067518945636
1660,0.008974358974358942,0.006597347596849379,-0.007965753724843427,-0.013279742958062779
1661,0.005250305250305232,0.0005321118731852481,0.011547635270807821,0.005478690438355915
1662,0.019169719169719213,0.016727261749892364,0.020375407942163415,0.025286628873516626
1663,0.0075091575091574825,0.004499620201934507,0.005898013828756654,-0.002401506159771638
1664,0.0053113553113554035,-0.0004716097194114033,0.015902379827787305,0.018305343506990757
1665,0.028174603174603186,0.023483223939964937,0.018133906950354883,0.015948271155916904
1666,0.01544566544566539,0.012340013769677749,0.009651970178571223,0.013372197182419998
1667,0.007600732600732685,0.005067170329830062,0.015280010680499556,0.018925297269579255
1668,0.01834554334554339,0.01674366143143602,0.005595101896137433,-0.000954069421040149
1669,0.004273504273504369,-0.0005828475596766358,0.008382964601108434,0.0074974501558067175
1670,0.010805860805860767,0.007409021514028558,0.008312120126242273,0.0010962034972442636
1671,0.014377289377289326,0.010833406799164003,0.007524693504334268,0.01681818423547199
1672,0.01242368742368738,0.007807093518518826,0.0011225129725496164,0.004603554265284804
1673,0.011568986568986528,0.007118607023201662,-0.0001637640592416778,0.002578181618190789
1674,0.009157509157509125,0.004815319510265037,0.014866869683530903,0.014239790519987139
1675,0.008638583638583608,0.003987323159862721,0.0003811023479162179,0.0030763848209350853
1676,0.006318681318681296,0.00191723420311396,0.0035655147110331686,0.0021291106949603567
1677,-0.001984126984126977,-0.007989355161142964,0.01080282980312608,0.0070393917698077235
1678,0.020604395604395642,0.016605674969051742,0.029822997205943724,0.027218685627200312
1679,0.001617826617826612,-0.003554053088950737,0.012190749770408349,0.008035639405539974
1680,0.013400488400488353,0.009657692476135682,0.0014588639242327783,-0.002148566623057069
1681,0.010622710622710585,0.005256330441936408,0.0065750592200001234,0.0056020578378488395
1682,0.018772893772893817,0.012616452066005812,0.015730189472873413,0.01684747435413403
1683,-0.01608669108669103,-0.02048476295288537,0.004948698056803091,8.714422598643523e-06
1684,0.01242368742368738,0.009453538447060206,0.009123246350091208,0.02098644710799269
1685,0.014682539682539741,0.00783451704833582,0.016017368124358056,0.010090163446616951
1686,0.007661782661782746,0.006361977204635716,0.004307662875846607,0.012913311540930339
1687,0.0014957264957264904,-0.003967340036066358,0.021646380125431852,0.01968119386795908
1688,0.0023199023199024227,-4.690636038473528e-06,0.0026099285595618804,0.009018390082321304
1689,0.01742979242979248,0.014130141040337274,0.026643295396236666,0.03710626752420276
1690,0.017796092796092844,0.015085113891993629,0.013617382263254707,0.019152899563572245
1691,0.012179487179487136,0.006537280155088365,0.007737783630197725,0.02142143114437356
1692,0.010500610500610463,0.005561095009127159,0.01587429079738001,0.019862380556843418
1693,0.012545787545787501,0.008601138763675742,0.007938735802349828,0.012005203947331289
1694,0.0053113553113552925,-0.0027563788738892425,0.006066382873746057,0.006394659392846447
1695,0.012820512820512775,0.007218330865796596,0.014911993614661556,0.018082376608081208
1696,0.0005189255189255171,-0.00360722563689031,0.004094700470655854,-0.0012124717078287883
1697,0.010622710622710585,0.004509228028362844,0.02416226884199435,0.01696144729750171
1698,0.008394383394383365,0.005326671106274161,0.008248024237201279,0.00627092224370307
1699,0.013003663003662957,0.009608798599849422,0.003609690073307248,-0.0026128636172908504
1700,0.002625152625152727,-0.0020134452822723192,0.007750593088762026,0.012035384436561714
1701,0.004670329670329654,0.0018789189061266809,0.013012230836419003,0.013006577517033158
1702,0.01611721611721617,0.014498276779921326,0.0265676145921806,0.024949426268538355
1703,0.005372405372405353,0.002132936799440266,0.007536825909284506,0.004177518065534791
1704,0.031227106227106227,0.027319859655804413,0.024397298122120104,0.033559745734884516
1705,-0.006379731379731357,-0.00788838882236409,0.010749877321836632,0.010692257690344653
1706,0.018650793650793585,0.015391355573040832,0.014283806610560501,0.02015871884715803
1707,0.00509768009768008,-0.0007669697723865498,0.015028502995248938,0.007137849478222047
1708,0.01678876678876684,0.013202520566503173,0.005773827088515926,0.015210204758528523
1709,0.006684981684981661,0.0012461554116659501,0.006533919629210905,0.0023778908548627298
1710,0.01907814407814412,0.016207462399181916,0.00991758174915891,0.001303732041969874
1711,0.01013431013431021,0.006168906402606589,0.017636589934164726,0.021799937118466062
1712,0.0132478632478632,0.010388655047250173,0.00048426291051073544,-0.0026721440798767038
1713,0.005555555555555647,0.002167497718733369,0.0075355210441899745,-0.002406008034263052
1714,0.0021062271062272098,-0.0022356835286378995,0.014046987951766177,0.023555341909175298
1715,0.01831501831501836,0.014143370038192882,0.013185404583324178,0.017155783684705606
1716,0.0012820512820512775,-0.0017261949494451478,0.01670229663569045,0.019043167107734127
1717,0.02701465201465203,0.02302884443324038,0.018506365794170976,0.01833497988588373
1718,0.02493894993894996,0.021169189498714935,0.007717136240118272,-4.3004014766201415e-05
1719,-0.00586080586080584,-0.009835285123644621,0.01570242604045813,0.005903403386197437
1720,0.027930402930402942,0.023307265584942782,0.011718066175012698,0.012591553840368475
1721,0.020726495726495764,0.016437677628257763,0.009378330284178671,0.013129149271590701
1722,0.006196581196581175,0.004427216074932017,0.009746662078191859,0.01334707877330854
1723,0.01678876678876684,0.00902899081540387,0.01660391659297611,0.01991684524245574
1724,-0.003083028083028072,-0.008690158374934587,0.0054097053244202,0.011764036789335464
1725,0.014957264957264904,0.010170324330699865,0.01675053043241581,0.009032637480000938
1726,0.017032967032966972,0.014324998247049692,0.008524105669208581,0.008998494702902815
1727,0.015842490842490786,0.013778516163146404,0.009028355122018383,0.00618269448082831
1728,0.01544566544566539,0.011773828818137821,0.01572915123264418,0.011179849588135893
1729,0.02109279609279613,0.017052106626216035,0.019546339124026257,0.016571372559398112
1730,0.004822954822954806,-0.0006152488654658228,0.010394746288569845,0.010121622806836483
1731,0.0018925518925518858,-0.0008076337759921337,0.007945420558581495,0.01068370793609652
1732,0.020879120879120916,0.01833695048183759,0.007706870958207213,0.006936659190270644
1733,0.015659340659340715,0.013753266655383789,0.01159588519915733,0.007956616594087085
1734,0.0161477411477412,0.009358390103151537,0.014923212798365504,0.011549689876939384
1735,0.011721611721611791,0.006939545676455161,0.017884418932604063,0.009890643475841565
1736,-0.002716727716727707,-0.007574764856744465,0.009210115513813344,0.012193541900576532
1737,0.019291819291819334,0.015013676161800715,0.005897251884315335,0.016896313677215336
1738,0.02045177045177049,0.015951905527250232,0.00543648010526343,0.015771452298870448
1739,0.026831501831501847,0.021297164490823528,0.008374679356172976,0.007245677512100701
1740,-0.0032661782661782546,-0.005473752160557899,0.010124173428655014,0.013992654515370129
1741,0.014316239316239376,0.009887350185769472,0.006544812582928161,0.0040050355140951455
1742,0.024267399267399292,0.01894480040516333,0.015148712244226092,0.013222323459800678
1743,0.005708180708180688,0.0011587254392191326,0.0027390002393660184,0.0012427124258508337
1744,0.01617826617826612,0.009889118281336096,0.015378269130391753,0.013819264116823105
1745,0.014774114774114833,0.010143742214430485,0.01660984381536823,0.021145210644262225
1746,0.011843711843711802,0.007253891993735384,0.018905818001465624,0.012131543969029268
1747,-0.0018009768009767946,-0.005220561088254305,0.014468235965049536,0.01417211449949185
1748,0.02191697191697195,0.018721506761619655,0.02119256511014389,0.020813103722661208
1749,0.006074481074481053,0.0009377685357396803,0.01551900568649045,0.010499551518508454
1750,0.01248473748473744,0.00861620518965922,0.00972822035446086,0.018623319666214444
1751,0.01242368742368738,0.009655870232109565,0.010392245205532724,0.011401334221747828
1752,0.00012210012210012167,-0.001994466577218912,0.00968256197776074,0.012175943454408533
1753,-0.0003968253968253954,-0.0024570865777640005,0.014862212933861918,0.014698433182918302
1754,0.020879120879120805,0.017927350106900608,0.014028534619089927,0.006371256798473168
1755,0.017063492063492003,0.012561738606686967,0.022172487472116087,0.025866597054338802
1756,0.0053113553113552925,0.001152460565026825,0.009541060104704235,0.01774847429480597
1757,0.004761904761904745,0.002892712764520744,0.0015254933945898497,0.006285405934750132
1758,0.021489621489621524,0.018795537501151927,0.01496665882516457,0.013553771805280501
1759,0.011080586080586041,0.008434501448898457,0.0018808226436541897,0.0015045513144475997
1760,0.017948717948717996,0.014464739752441447,0.0066474142512578105,0.01229274910844702
1761,-0.0006715506715506692,-0.001535465124586688,0.007523304155166888,0.01906239348799421
1762,0.007753357753357726,0.004600757027837465,0.012125065357177056,0.007692226839325689
1763,-0.00012210012210012167,-0.001786200809825722,0.015958227076233178,0.014921656754321888
1764,0.017246642246642296,0.01282343228630034,0.015928385159127645,0.01957390226618716
1765,0.025366300366300387,0.021601900378394934,0.013074253636502164,0.02944254373796784
1766,0.021336996336996372,0.018231423911720945,0.013016613251636722,0.008786931575109347
1767,0.00958485958485955,0.005899614555880173,0.0057013431999782815,0.006008553938856465
1768,0.006959706959706935,0.0044416062857469685,0.024306028897652654,0.02398421497035319
1769,0.02841880341880343,0.021839509774873034,0.009276745552521337,0.014804297803961752
1770,0.00583028083028081,0.0016847661550729587,0.015209502230577265,0.013963246881614322
1771,0.007783882783882867,0.005155833008205102,0.010065073725801343,0.0023363144815777837
1772,0.011294261294261365,0.00877661382104189,0.009762040697827712,0.01085039704363333
1773,0.012057387057387126,0.008898687355114565,0.019737321156869436,0.008312215068264517
1774,0.021581196581196505,0.015523724564153518,0.014060366774778732,0.01250404695772711
1775,-0.0013736263736263687,-0.004862822899272423,0.015180304290361435,0.011552614745969803
1776,0.013797313797313748,0.009672306392933483,0.022962295400716037,0.02111141090753943
1777,0.01678876678876684,0.0138746939875396,0.01572145749538656,0.02887039850844042
1778,-0.003235653235653224,-0.009845562383828166,0.01630702666022954,0.016299543452112708
1779,0.014560439560439509,0.007972119970147462,0.014023641756682914,0.0188650492176472
1780,0.008363858363858334,0.003155394041660542,0.009190466843234324,0.011010803615922438
1781,0.009279609279609358,0.00639175281413773,0.012455012099952367,0.028643891646711106
1782,0.00366300366300365,-6.961553219797523e-05,0.019864788013303603,0.023211739868691406
1783,0.00735653235653233,0.002524812329876336,0.012573694998540885,0.00921247543711401
1784,0.017918192918192966,0.013420854090632428,0.015210156346566417,0.023095445719159113
1785,0.0033272283272283154,-0.0003532713325399284,0.0004156947969825575,0.005875423798723189
1786,0.006196581196581175,0.004776334913841773,0.009044582483015873,0.010880377278316367
1787,0.00439560439560438,0.0019790810803752557,0.01756658891216556,0.017874177386307255
1788,0.011172161172161132,0.004292947624615184,0.008794333162856383,0.0025096049660614517
1789,0.023809523809523836,0.020801964254194893,0.009732754397146715,0.006449414470297565
1790,0.014743589743589691,0.009711550430048899,0.004874797620601612,0.014724404995972828
1791,0.002991452991452981,-0.0015772160022743398,0.007042252329019116,0.007832449390557494
1792,0.002411477411477514,-0.001817629815073163,0.007015067856128598,0.008348608719479622
1793,0.01691086691086685,0.01309902644938532,0.008796457072564934,0.007364317654556141
1794,0.006288156288156377,0.0024594278946846737,0.004861876940317811,0.0074704199873847354
1795,0.01889499389499394,0.015481625986479841,0.014575394673330688,0.02284256511613947
1796,0.01532356532356538,0.010241195600912967,0.014347827867621343,0.018432698162662686
1797,0.006318681318681296,0.0022278751125186513,0.0022509372215767653,0.0063367211395164436
1798,0.017094017094017144,0.011097105084057146,0.012037081312765818,0.008480850673991513
1799,0.005433455433455414,0.0012660813902516388,0.00380271163556245,-0.0021995248052856242
1800,0.01840659340659334,0.01331124724527144,0.01972714530932773,0.02069380165682011
1801,0.014407814407814357,0.011253202106076277,0.01743060817100628,0.014640825429526383
1802,0.012271062271062338,0.0051848142692112464,0.012615948115145437,0.022040460320310262
1803,0.022496947496947528,0.01916203397949512,0.01423242323962437,0.02239308129095663
1804,0.006288156288156266,0.0017189252212508332,0.00866447179409724,0.017428967838141185
1805,0.01907814407814412,0.01419173932916884,0.012605215761846145,0.013365231120850196
1806,0.01596459096459102,0.010861641335835448,0.01040117077227043,0.015592257468346138
1807,0.006074481074481053,-0.0014625821797069616,-0.0006181567395125986,-0.003926546069608516
1808,0.002136752136752129,-0.00311059161203886,0.0008039777395434378,-0.0016287094835498728
1809,-0.0026556776556776462,-0.005071834427990751,0.0035277523820052004,0.0058126015914155005
1810,0.020329670329670257,0.017149603279766112,0.0053740494797335225,0.0067539652851271725
1811,-0.0028083028083027983,-0.007005079743822584,0.005913356212263632,0.00392241397095805
1812,0.018406593406593452,0.016154357570457134,0.013885312454522625,0.005365101622565538
1813,0.01813186813186818,0.013174703163075785,0.014471344208577097,0.017189438576359573
1814,0.015628815628815684,0.010718996805325953,0.018525462120327463,0.025128365711529654
1815,0.005586080586080566,0.002190957728301801,0.012817479219790595,0.0154910264099275
1816,0.015109890109890167,0.011840246705275836,0.00964070300886688,0.008699589643222816
1817,0.008943833943833912,0.0024290753724158787,0.013685606386726334,0.018218845550066254
1818,0.010347985347985311,0.007906951972053045,0.013152027164192392,0.013770700232922373
1819,0.012545787545787612,0.008818214859617535,0.009257718179634278,0.013016524543560948
1820,0.005738705738705718,0.0028103990636481058,0.010702466380390518,0.01839443950313613
1821,0.017735042735042783,0.013335454203261543,0.027773479964515846,0.0348354482326918
1822,0.018162393162393098,0.014029492083437067,0.01600638518171138,0.019671473629917946
1823,0.02631257631257633,0.023040986437139588,0.02129701916920934,0.029634302992076256
1824,0.020940170940170977,0.015156658490775965,0.006744153272854603,0.008402810862110144
1825,0.014346764346764407,0.008391270525862193,0.008142204068841363,0.01708400081704764
1826,0.01816239316239321,0.013294584589308212,0.008595035082282099,0.008033474343023705
1827,0.004273504273504258,0.00013902699102152916,0.01086400872278992,0.011988821722389797
1828,0.01968864468864473,0.016511853337540794,0.007691668617246683,0.009272038238750113
1829,0.009126984126984095,0.0061730315464730845,0.020419796287940772,0.019943613429817764
1830,0.019566544566544497,0.014519017944507273,0.010108412610858597,0.00805345184698869
1831,0.006837606837606924,0.0027912061704288282,0.005091680015938405,0.003561371877651487
1832,0.0219780219780219,0.018160594862792978,0.012178157173361015,0.013048010657085052
1833,0.012240537240537197,0.008908452233701625,-0.00034034549689443416,-0.00163465470099311
1834,0.006807081807081783,0.003076020505931587,0.012767081180171225,0.010726883678200627
1835,0.014499389499389559,0.010038887311652478,0.005773183121400294,0.0014316853499841686
1836,0.00073260073260073,-0.004444878954004694,0.017854684546667943,0.021004186812827452
1837,0.0146520146520146,0.0073834345094911935,0.0031808263554968796,0.006097051842870571
1838,0.018711843711843645,0.014224790410609867,0.022163579088715135,0.012676157462453763
1839,0.011599511599511558,0.007927151241339914,0.013127859957889343,0.020521808104937644
1840,0.00439560439560438,-0.00022148111074726806,0.021844710608226903,0.022231714845725614
1841,0.0182539682539683,0.013479782261805906,0.021887002661371224,0.016342756783689016
1842,0.007631257631257604,0.003473323257607408,0.009404754119580194,0.014615548023766078
1843,0.019566544566544608,0.016432841168841583,0.024994121116101442,0.025164647562169407
1844,0.01968864468864462,0.017569122772880807,0.0038255442022639974,-0.0014350218526762992
1845,0.013461538461538414,0.009443627147939448,0.009212252409430466,0.014317387313648955
1846,0.0010683760683760646,-0.00166275140595884,0.005971599519028814,0.007260889141517457
1847,0.009065934065934034,0.0033961022915942607,0.015330512264656537,0.009708532126846192
1848,0.007722832722832695,0.0038211578138518387,0.011882352445199196,0.018327706797729548
1849,0.0038461538461539435,-0.0011085817845472024,0.0058826256881086,0.012093087111022083
1850,0.006227106227106316,0.0017241172725526166,0.005560517725330172,0.0027564788620347835
1851,0.025793650793650702,0.021554851999831426,0.017527218262565536,0.023768240958086495
1852,0.014468864468864528,0.011176505510307022,0.0296570878429544,0.022705255366022525
1853,0.023656898656898573,0.02006152474699463,0.008433612974854121,0.009956267598718926
1854,0.020818070818070855,0.015855219235748064,0.01973327479577347,0.017779317687501406
1855,0.019566544566544497,0.015232096974333031,0.012885325548815052,0.005956552655630443
1856,0.01678876678876673,0.013373400875406838,0.019822269111893553,0.022426678405363387
1857,0.010683760683760646,0.006878964552010092,0.002933525634667089,0.008699392014060892
1858,0.010531135531135605,0.0057148538027237406,0.00971764602869818,0.0031902888747888936
1859,0.012606837606837562,0.009128145403141219,0.007052566974625529,0.014811078448361714
1860,0.009279609279609247,0.005372648224388543,0.007577327584448845,0.012720642216862532
1861,0.016452991452991395,0.011852087088521701,0.009760207703904289,0.01880723245309901
1862,0.013003663003663068,0.009034960425435612,0.007844764485871458,0.014363613717864099
1863,0.005586080586080566,-0.0005378658753574239,0.01740271020756534,0.021304041067327417
1864,0.009004884004884084,0.0040566593352302505,0.009309650991686014,0.0025523500392602427
1865,0.00503663003663013,0.0007459095971124041,-0.001683321694099904,0.0013824225665033385
1866,0.016636141636141688,0.012823626167356328,0.026167050773669542,0.02926466658602711
1867,0.007692307692307665,0.00174849400515531,-0.00038822891791712166,0.00904704762472841
1868,0.009615384615384692,0.005315641239488911,0.006172434689463047,0.009611459171472991
1869,0.008577533577533658,0.004836988242507001,0.009112861202766442,0.013132486434975332
1870,0.010470085470085544,0.006758774006357937,0.019877484595857475,0.017966220235719588
1871,0.0010683760683760646,-0.0001738967643618583,0.0036737606410759405,-0.00818098669227274
1872,0.016239316239316293,0.012247790474014364,0.0031538457306641288,0.004474228107276823
1873,0.019963369963369892,0.016425016269152715,0.0012852095437138056,-0.00174639877771543
1874,0.011416361416361376,0.006202263116384499,0.033095923845348096,0.032753302007667906
1875,0.006898656898656985,0.0038032143564313836,0.01467252523764817,0.023604671287061785
1876,-0.0033882783882784873,-0.007423142399760496,0.008518740304222061,0.011132612407079967
1877,0.015628815628815573,0.01206201702188947,0.007577771204347994,0.005818514286432874
1878,0.013614163614163566,0.0069640828183177295,0.01692899686237448,0.03151239202852296
1879,0.005067155067155049,0.0010312581889940775,0.008415226536325093,0.003974968436491033
1880,0.010439560439560402,0.007270954195898294,0.006426830098653524,0.005888608081846991
1881,0.004242979242979339,0.000708681307269976,0.014165848416364812,0.018175231439676476
1882,0.016514041514041566,0.012838748541885048,0.0037632425847362594,0.0037459944554736335
1883,0.014957264957265015,0.012448185431130798,0.01135262360706002,0.021005347349766446
1884,0.012118437118437186,0.009336766056899592,0.0037574388704748607,-0.00011023011030930618
1885,0.008150183150183121,0.003979535272642387,0.014363664622364603,0.022067602806366327
1886,0.01468253968253963,0.012269107193608852,0.01916668769932639,0.030907558092814202
1887,0.020146520146520186,0.01405703435078498,0.018497878748163887,0.019782973413100313
1888,0.014499389499389448,0.011582551601759583,-0.0002251285755717758,0.005533937434673342
1889,0.0020757020757020683,-0.00014033692346049342,0.014311074102581589,0.006641210649593665
1890,0.017338217338217277,0.011128467036727763,0.015583034286386965,0.020906060649722225
1891,0.015476190476190532,0.01021179364727487,0.014190399588615343,0.013302231525091246
1892,0.017032967032967083,0.013209438910821936,0.012633017142340774,0.020545510382278476
1893,0.013644688644688596,0.011450162557180232,0.006796155327003617,-0.0011758255235858606
1894,0.012332112332112288,0.009274119378928525,0.004598630253002667,3.1410515391905314e-05
1895,0.005982905982905962,0.0036756582218568923,0.007812015790358617,0.009405080683441924
1896,0.016452991452991395,0.012210886248679165,0.019419672702424062,0.018243610521202047
1897,0.0031746031746031633,-0.0030670678167112886,0.01165033157003692,0.013668694679223048
1898,0.006654456654456631,0.0021161724345644117,0.005066451024339558,0.0006876004100638822
1899,0.008882783882783962,0.0012563014787262405,0.014679568372744978,0.01736018362318348
1900,0.016452991452991506,0.011984462444837751,0.018221500366569443,0.02722369472825925
1901,0.006715506715506692,0.0022350112904360175,0.024087978401141408,0.02099250830820054
1902,-0.006593406593406681,-0.009834567510674241,0.005994902192367313,0.01263440407085259
1903,0.014835164835164782,0.012492806471519402,0.01100067456175946,0.005773999481152314
1904,0.002136752136752129,-0.00102685396974167,0.012196331248078507,0.010387896459564727
1905,0.0066239316239316,0.002971511190101195,0.0112524147153501,0.019833222970935482
1906,0.013583638583638646,0.010388963391359307,0.015212128465250663,0.019041377678703175
1907,0.004914529914529897,0.0009546605061148128,0.0032181030413515055,-0.0016089395176590582
1908,0.03363858363858363,0.029029004537786673,0.016959159702910398,0.01745459394432991
1909,0.0060439560439560225,-0.0004005757108399566,0.014578715220166405,0.02025725981947668
1910,0.016910866910866962,0.012673668927761228,0.008623388923025943,0.005986306853016821
1911,0.017277167277167327,0.009113629838896964,0.017749349907675627,0.019290274578267375
1912,0.00027472527472527375,-0.003952603328238435,0.018701867358273616,0.01952304236122404
1913,0.007203907203907178,0.005226446083755221,0.01734824529516721,0.01921783474127714
1914,0.00793650793650802,0.0030052292703096617,0.0037223921369501367,0.0026842491989506057
1915,0.007417582417582391,0.004188451521976333,0.01823625454570965,0.015037257911285185
1916,0.010775335775335848,0.004473274916394154,-0.0003360667033730502,0.0007063434306975314
1917,0.0022893772893772812,0.0017565262042871232,0.013905795907388274,0.009662504874321076
1918,0.009859584859584825,0.004352049970094307,0.010752161901947277,0.013906085621162578
1919,0.015018315018314965,0.010519503463285007,0.01638611308601179,0.018255831386463806
1920,0.02048229548229541,0.01817297686899777,0.004283145791434073,0.011846202440120357
1921,0.0049450549450549275,0.001129158346879433,0.010833211536410703,0.009911433593616459
1922,-0.0009462759462759429,-0.00341100284221052,0.002772951607582619,-0.007931289687832965
1923,0.010439560439560513,0.007223768757150473,0.007960576061764368,0.001334744431083723
1924,0.014957264957264904,0.01073205952500822,0.006389355852543188,0.00504306957050471
1925,0.011263736263736224,0.005203067664973915,0.009985270053317508,0.011958081277686827
1926,0.028266178266178277,0.025340696988142564,0.011706628999263224,0.014541573841131417
1927,0.020024420024419953,0.015822692137624328,0.012861004713488722,0.011761295863569665
1928,0.007264957264957239,0.0038626987697800708,0.00805676320787252,0.008785770845743501
1929,0.016636141636141688,0.012059177013734712,-0.0011356241460922512,0.009066424016500485
1930,0.016514041514041455,0.013658127299700062,0.01970590464873412,0.015824311526105306
1931,0.008180708180708152,0.004774939195180239,0.008017567933293335,0.011632150165786115
1932,-0.004059829059829045,-0.00909058722958056,0.009629573804578628,0.004080971719318538
1933,0.01678876678876684,0.012836696684558002,0.010745880787753181,0.008210170174033804
1934,0.010989010989011061,0.006993566331170542,0.008541203313656709,0.013280259030065023
1935,0.013492063492063555,0.009211578027272127,0.020583167695780835,0.012294984933560182
1936,0.014072039072039022,0.00862392284172242,0.005680429787291552,0.003221526573468192
1937,0.015506715506715452,0.008348780738871575,0.00759068499424731,0.0017123547575641496
1938,0.011568986568986528,0.004579554816892095,0.005500319559750166,0.014920845221738421
1939,0.02054334554334558,0.016466760055905527,0.010320243113676186,-0.0015977414038239601
1940,0.02564102564102566,0.022379186639095994,0.017208958298138954,0.01677729354736679
1941,0.005463980463980445,0.0012537658362036241,0.0036721075554105864,0.016948998692599027
1942,0.015079365079365026,0.011189367546579843,0.020100089061256488,0.025434854043483335
1943,0.018559218559218493,0.013653249177390525,0.00555852941384527,0.012440291547212046
1944,0.009615384615384692,0.005044624840996326,0.013638660949621406,0.007096863417323962
1945,0.009554334554334631,0.007860480695677574,0.004930256348775419,0.0008943033134697354
1946,0.01623931623931618,0.011239725600815098,0.007972421412859587,0.0010554226287152746
1947,0.016666666666666607,0.012899826405106118,0.010428199331096621,0.020462065162185183
1948,0.014560439560439509,0.011051736033127368,0.01565015058284569,0.011848302355045637
1949,0.029792429792429798,0.025104282897586927,0.021008545390321043,0.027400384533469047
1950,0.025854700854700874,0.023391455731517463,0.016755780347854188,0.02374894798016769
1951,0.005372405372405353,0.0006442345043855546,0.008435056168997979,0.008910758594977919
1952,0.004517704517704502,0.0017862922813778326,0.00707642498688088,0.005777099968435673
1953,0.006532356532356509,0.002704131980673097,0.011502205269799393,0.007323327612995367
1954,0.012667887667887734,0.005804896340039112,0.005692160226950516,0.003031272707733512
1955,0.0024725274725274637,-0.0013168653878614656,0.004598910837728787,0.005859214772609311
1956,0.013400488400488353,0.008734207505574298,0.003996440623522335,-0.005586677012528574
1957,0.014468864468864417,0.010815130903420456,0.011266955389666489,0.014981222424528262
1958,0.013522588522588475,0.009407174160970144,0.005117036498300753,0.007495078889072637
1959,0.018742368742368676,0.014702181610449894,0.019130350123041873,0.014843628159617706
1960,0.008913308913308882,0.0015096944619428232,0.008765409562977777,0.01195595315738096
1961,0.023076923076923106,0.019246343117668374,0.016572150138977726,0.02204449974940703
1962,0.012698412698412764,0.006693122319768929,0.011839330278890059,0.010399964494730796
1963,0.014224664224664174,0.009312633732738829,0.012674459324638954,0.012589286651666698
1964,0.017399267399267337,0.013007679922796833,0.013290607690252698,0.012846062409936687
1965,0.012179487179487136,0.008220313324331485,0.009621023328478695,0.023844003515464895
1966,0.00882173382173379,0.0053926846310398124,0.01616864063787249,0.024074087364741814
1967,0.02625152625152627,0.02263956701040515,0.008444454177872096,0.02420531392779801
1968,0.00882173382173379,0.0022627861345821954,0.008160478743186705,0.011143535359991685
1969,0.018864468864468797,0.011385353713295854,0.01717142461225918,0.023972647870763586
1970,0.024420024420024444,0.017845787023643256,0.01754114426354425,0.019744928950944596
1971,0.0024725274725274637,-0.001478424433072445,0.006744612405166217,0.008200102140806909
1972,0.011019536019536091,0.007322793598101951,-0.004132667615760477,-0.004815994820076441
1973,0.010409035409035372,0.007079370244464811,0.008994409835404116,0.008130721677678476
1974,0.015598290598290543,0.010789618608501361,0.004359542326721977,0.012491514260169145
1975,0.005616605616605708,0.00010671010974727668,0.00403515366348961,0.004451240069131779
1976,0.007570207570207543,0.004294277661985424,0.011206588914122628,0.013554034425775185
1977,0.005769230769230749,0.00033924265220530714,0.015961793625431153,0.014712315634804574
1978,0.019963369963370003,0.016201774433187488,0.008682358631302511,0.007167128675350298
1979,0.01239316239316235,0.008190347109443774,0.007926383731176712,0.016096473588178006
1980,0.011935286935287004,0.0071704024552401435,0.021609779852796107,0.028196550988166313
1981,0.013644688644688707,0.012098454287545968,0.026001964997923066,0.02183881845428637
1982,0.015048840048839995,0.011111842698679486,-0.0031115771733998265,-0.0015210136242408412
1983,0.0075091575091574825,0.003110718189848205,-0.00014579626824873237,0.008013786090332542
1984,0.02692307692307694,0.023919601482212283,0.012897081012847367,0.009001269655901645
1985,0.011630036630036589,0.00900941068591632,0.007742332491307846,0.005644227093517085
1986,0.027625152625152527,0.02281261470122975,0.02083701726716558,0.024664251368961332
1987,0.009035409035409003,0.006264360548909442,0.01066857124169851,0.014080845259972441
1988,0.015567765567765512,0.011285698509127418,0.014260976946497528,0.023364077345325418
1989,0.009004884004883973,0.004319672682416731,0.008970285496916364,0.010888334609402417
1990,0.012973137973137927,0.008930060733104539,0.012058076591806022,0.008904265455711213
1991,0.0056776556776556575,0.001245853073501113,0.02103431883382456,0.02244039742466064
1992,-6.105006105006083e-05,-0.003914578717692296,0.022427414325529083,0.01939792821519526
1993,0.025244200244200266,0.020288378677184804,0.016242855951453916,0.009688949233805033
1994,0.018498168498168432,0.015230256654154228,0.014846890386071232,0.017003432469173352
1995,0.010256410256410331,0.006804106958766654,0.007120628349517544,0.0070249649571734185
1996,0.016605616605616547,0.013530444381612883,0.01705659538989257,0.022118395670507662
1997,0.011813186813186882,0.00972453912979876,0.010308561875695732,0.01963568105454805
1998,0.028327228327228338,0.024984582388433818,0.01159551218765198,0.009914597286696858
1999,0.0073260073260073,0.004312388243477794,0.008982935933683378,0.018207520349179385
2000,0.005982905982905962,2.61023148806494e-06,0.014204034973817392,0.01602888256212842
2001,0.00293040293040292,-0.002390276816511827,0.014007417350667462,0.012187674460378939
2002,0.025183150183150205,0.02067038123743059,0.015274213193376962,0.01689360007595031
2003,0.01239316239316246,0.007048797482924973,0.016580244685232892,0.01528213085493213
2004,0.01688034188034182,0.012334880874449117,0.006986685085744293,0.011179069600537939
2005,0.012515262515262582,0.008178532879875355,0.012788309834177003,0.005818277270320027
2006,0.013461538461538414,0.009478798658960175,0.013418964268147038,0.011015907232734934
2007,0.010500610500610463,0.00607368859774382,0.01374933717464788,0.018276214573313743
2008,0.024633699633699546,0.019742268543590402,0.02339963972381842,0.02499528466922185
2009,0.014835164835164893,0.008701925277568967,0.017729019764129328,0.023580990204911778
2010,0.006440781440781418,0.003834790697875401,0.0010389829588897115,0.0005593885480997818
2011,0.011019536019536091,0.0074429760157807,0.006252656569391002,0.005303830953301336
2012,0.015903540903540847,0.012225985684071183,0.009200571733216423,0.015506725864765425
2013,0.015537240537240593,0.009246276120018382,0.0195521073046786,0.024146954812103383
2014,0.014010989010988961,0.010780215033833751,0.005401761995356025,0.002967680596183242
2015,0.009249084249084327,0.007635929334012026,0.006306175211091891,0.009861514102689983
2016,0.007203907203907178,0.0016635860900450217,-0.003474100909219402,-0.0056579187921437235
2017,-0.004334554334554319,-0.0071162853036449425,0.0032816055613740236,-0.002865243643581983
2018,0.013278388278388342,0.008728423009205732,0.0027359581588952686,0.0005462818305378425
2019,0.011507936507936578,0.009672355572480806,0.00345986775890339,0.010330348566481184
2020,0.005769230769230749,0.0024521441653679865,0.008948762591055703,0.007910039703470595
2021,0.022222222222222143,0.015595141208739394,0.009635804181770569,0.018176083142309563
2022,0.01819291819291813,0.015199152417509687,0.0005225935878552246,-0.005308845375668336
2023,0.01828449328449333,0.011694738585644182,0.01474858225368969,0.012658735831319379
2024,0.01172161172161168,0.006696272482853205,0.016068210229363,0.016822807512886007
2025,0.01535409035409041,0.01089295405466495,0.007225974929718548,0.007712261621393823
2026,0.022130647130647163,0.017854863060383197,0.012928976146962201,0.016251847346111514
2027,0.014743589743589802,0.010257074454809056,0.017473719639331975,0.019495834540675938
2028,0.019139194139194182,0.014216746662486068,0.023236662988463053,0.027697362690822236
2029,-0.001678876678876673,-0.007887047123435575,0.019522370120135246,0.024650588898960657
2030,-9.157509157509125e-05,-0.0029494771235399897,0.005623192951732636,0.001999406234367007
2031,-0.0029609279609279504,-0.006206398415623315,0.005321193850722716,-0.0020050600665391105
2032,0.01031746031746028,0.009184600534305143,0.003670937184847567,-0.00112798034635464
2033,0.0219780219780219,0.018148589530562753,0.018605495685922957,0.021108794007297038
2034,0.003357753357753346,-0.0016654931850971222,0.01513097264932628,0.0272518436491328
2035,0.008180708180708263,0.005144464565976725,0.007264805613842018,0.0016701882307335048
2036,0.014652014652014711,0.012867132936596692,0.00697491897538538,0.014081154932493845
2037,0.015445665445665502,0.010990134060237966,0.013015045628248179,0.013718190758840842
2038,0.009768009768009733,0.004411331338336155,0.006127172450188123,0.011362491172466127
2039,0.017216117216117155,0.013374482503931029,0.013570399572939484,0.009587785344907895
2040,0.004365079365079461,-0.0010908076460856009,0.014575756211646196,0.02021065356757301
2041,0.005525030525030505,0.002505414754968349,0.009504260258538455,0.006646956548195249
2042,-0.0010073260073260037,-0.005576383032368182,0.005316058435042681,0.007048510933437613
2043,0.03061660561660562,0.02606251639363888,0.02158202249894825,0.025653716011389327
2044,0.006898656898656874,0.0009942917505889604,0.025574758107589135,0.023159773182021004
2045,0.012545787545787501,0.008296821890637296,0.00833657126348819,0.016322341074223368
2046,0.016544566544566597,0.011472922258429774,0.0014322316856574258,0.0017075578978402728
2047,0.02118437118437122,0.014224678287679371,0.0017235527779466686,0.0006213543317937775
2048,0.003144078144078133,-0.0004724766580369577,0.010313595287754773,0.01257304818110161
2049,0.013095238095238049,0.009412080636000186,0.015470455602741184,0.016981826872516925
2050,0.024633699633699657,0.01922383304404074,0.021167384911507714,0.026992577005655827
2051,0.012240537240537197,0.006713622613040537,0.010043648303981523,0.023406897090697654
2052,0.009401709401709368,0.005606525852343669,0.01506015449733411,0.015496274701725654
2053,0.020299145299145338,0.0183089381889997,0.011517665585300652,0.008088130202505983
2054,0.005097680097680191,-0.0012516695843585168,0.006989978979560663,0.010856486746054994
2055,0.020085470085470014,0.01743759153073776,0.014933689552601881,0.015646607072364316
2056,0.02032967032967037,0.015028454974950312,0.009990795894662119,0.01920902024140103
2057,0.01892551892551897,0.01600172656590726,0.016150909183761053,0.02162958486550548
2058,0.008669108669108638,0.004497801296233672,-0.00047308831046410926,0.0035212613454154162
2059,0.0017704517704517642,-0.0012930352950237811,0.015278053841085826,0.017177351748248637
2060,0.01602564102564108,0.010764212628170733,0.01243222523680243,0.01850487872700879
2061,-0.001831501831501825,-0.0022971945853944575,0.007120201512741842,0.004562497079027783
2062,0.018559218559218604,0.015561892981627135,0.025536941197392693,0.03370328933580524
2063,0.015201465201465147,0.012147627893111967,0.014124808349846862,0.017307937691033892
2064,0.028113553113553125,0.02425189344091061,0.01416358693628339,0.017187361596097572
2065,0.006013431013430992,0.0017459181278079994,-0.007403712836084209,0.0009490535174407899
2066,0.00955433455433452,0.0073743065452853696,0.007846346309006158,0.016002604396054387
2067,0.01245421245421241,0.007037883481640694,0.0126170431739554,0.003160538117142564
2068,0.012545787545787612,0.009514245460981563,0.0075796145027446915,0.013758719772214545
2069,0.006990231990232076,0.0012284752705148394,0.010911384014168468,0.0028465511192065085
2070,0.013339438339438292,0.009638934440410307,0.003926794704014358,-0.0009586915536663465
2071,0.004395604395604491,0.0008399105272236529,0.012809211466869752,0.00957299535674172
2072,-0.003724053724053711,-0.01213862948723432,0.008583477234089032,0.008840894557208712
2073,0.01602564102564108,0.010805591099840361,0.021603438309295342,0.015597218134000168
2074,0.006959706959707046,0.002109669029999872,0.011431418898572465,0.016592573932073362
2075,0.011263736263736224,0.0067304529462713925,0.011015025183762295,0.014160111133857622
2076,0.004273504273504369,0.0007943293483914093,0.013266417667388009,0.012948605277506187
2077,0.02564102564102555,0.020695951426139447,0.014334543804968014,0.019559177192822186
2078,0.020848595848595886,0.017402807074998305,0.01568910594720274,0.005511993409034965
2079,0.008211233211233182,0.004972317204391619,0.000954257131383307,-0.004210793261439361
2080,0.02185592185592178,0.016644212013215864,0.016352888171709545,0.025934272905612787
2081,0.0036324786324786196,-0.0018942071038055008,0.021020743077583837,0.031100224395572473
2082,0.00576923076923086,0.0011246804858930926,0.0135448033936858,0.01685947725508108
2083,0.004639804639804734,0.001464926030928293,0.0017893398760931989,0.0038010735131323026
2084,0.02109279609279613,0.016714911393119092,0.010748368571180111,0.016141694979279197
2085,0.030860805860805862,0.026145484038108235,0.019091157711339957,0.020216486809665035
2086,0.017368742368742307,0.015367565319515775,0.012693574031956256,0.02702981179811592
2087,0.015262515262515208,0.012696111075102712,0.002836788041054472,0.003460785361431462
2088,0.0262820512820513,0.02160755876193765,0.020030370172232415,0.016090521394953372
2089,0.009371184371184449,0.006990898382908228,0.006011311663763785,0.006494674295384861
2090,-0.0010683760683760646,-0.004386768190451473,0.008188978008935033,0.011205095566747869
2091,0.017948717948717996,0.01131896394886256,0.006432123679177226,0.011477851341846868
2092,0.011172161172161243,0.00798883955318519,0.010897256585789994,0.01536634545949489
2093,0.006379731379731357,0.004808646284609974,0.009606059133111411,0.008803466757602685
2094,0.012942612942612897,0.01005002498426677,0.01941227362358955,0.016100769635613577
2095,0.015903540903540847,0.012465451460911492,0.00746455048219874,0.0060575219321329365
2096,0.00042735042735042583,-0.004012415740659803,0.009303887189719084,0.012806578539272029
2097,0.010164835164835129,0.0024245327395251426,0.009442749549970597,0.01041558026864342
2098,0.00436507936507935,0.0002130651947590545,0.014363630662978633,0.009795208118543619
2099,-0.0003357753357753346,-0.005786689001875733,0.016906553373186473,0.017697716138314168
2100,0.025885225885225904,0.022237189009489455,0.009332257803384758,0.019859838850850187
2101,0.019536019536019578,0.015527993591209044,0.010454898235609411,0.014319086137443038
2102,0.01544566544566539,0.010269846252595638,0.005529410336600482,0.012059893701468094
2103,0.006807081807081783,0.004226057324647536,0.002527477300243497,0.006652342860521077
2104,0.010134310134310098,0.006582992347713534,0.007753943373826955,0.014569422038658408
2105,0.004029304029304015,0.00044804694872468964,-0.0004913945168184553,-0.000269684695167971
2106,0.0087301587301587,0.006493874606681049,0.006686104089303702,0.004469729157613789
2107,-0.0032661782661782546,-0.005319766054403874,-0.009393354514361407,-0.018400663536917605
2108,0.004181929181929167,0.0017808213309904453,0.009771319889012475,0.010128539337597608
2109,0.0003968253968253954,-0.0032271206952163567,0.01152247136455209,0.021178477450773947
2110,0.014865689865689813,0.010541928202200568,0.007653827614261588,0.01663698215054077
2111,0.009401709401709368,0.005982870437279519,0.0017823960465443989,-0.003162770191133868
2112,0.01166056166056173,0.009953096898354885,0.008426322990067958,0.01930164765603548
2113,0.019200244200244132,0.014146473519836222,-0.0015525890237118034,-0.00859459604776558
2114,0.018376068376068422,0.014482666577562808,0.02009952067273213,0.012733114899478593
2115,0.0175518925518926,0.013253252894187328,0.016037818482023236,0.02224619623060664
2116,0.0056776556776556575,0.0014774534748102086,0.005351045789381281,0.013139246262225734
2117,0.017948717948717885,0.012962011015419717,0.009416821855737778,0.005930179243583522
2118,0.013003663003662957,0.007856873359062932,0.00902248535505401,0.008093546981064681
2119,0.011111111111111183,0.006937106889872369,0.014994294078251369,0.01801448643832504
2120,0.010653235653235615,0.0066959031949865855,0.003626723597998427,0.008416019775878691
2121,0.016971916971917023,0.013318154565796547,0.004042913876746823,-0.007752650450340237
2122,0.019444444444444375,0.018142268525776828,0.019249196455248252,0.019987352701098415
2123,0.013614163614163566,0.011109415591623484,0.019881239912616144,0.034302568028280245
2124,0.0013736263736263687,-0.001966386688701416,0.007871396473121073,-0.003183265562793358
2125,0.012576312576312532,0.0084257737449146,0.012602637032367747,0.02075721460690949
2126,0.0020757020757020683,-0.0016566895476395338,0.015698469342123933,0.010010576776774194
2127,0.017857142857142794,0.010786991338249896,0.01610688289127904,0.02654526536832391
2128,0.008547008547008517,0.005220311850019366,0.012927990713295201,0.008863153667718948
2129,-0.00027472527472527375,-0.004993956035657776,0.015727562284396757,0.01956711103521669
2130,0.0005494505494505475,-0.003580864880380674,0.011955541115020285,0.012550117944999162
2131,0.015598290598290543,0.01164158096424861,0.014091284887641775,0.012480043130653873
2132,0.004700854700854795,0.0012756366303128264,0.005727443738276383,0.004289038600585937
2133,0.007875457875457847,0.0006919533709510706,0.0032303790257017795,0.006564790404585907
2134,0.008577533577533658,0.004396885968608322,0.008302998177512455,0.012964837633607118
2135,0.006898656898656985,0.0005325653234941052,0.010458317452885724,0.010764293117160206
2136,0.019566544566544608,0.014403480277716985,0.01691051215982653,0.029432602286091014
2137,0.006135531135531114,-0.0005827282985049198,0.011496997685239152,0.012361217997521656
2138,0.01593406593406599,0.01126256837271189,0.017595953656423635,0.016186833779085252
2139,0.005982905982905962,0.001068797756850648,0.014768671463992078,0.014653045796650277
2140,0.012545787545787501,0.008071411183366628,0.0033592936728991107,0.0041789095746070926
2141,0.014896214896214954,0.010705738703374434,0.00620491820962088,-0.003514680053298691
2142,-0.0020757020757020683,-0.005498017610935824,0.006576684078264838,0.0029070282710649265
2143,0.02271062271062274,0.016859187102571727,0.009588770520528866,0.012482902763674586
2144,0.016514041514041455,0.007177806879178239,0.0016771699468622892,-0.004240741616694188
2145,0.025335775335775357,0.01958923272465385,0.010790231178468002,0.01206520224371943
2146,0.004792429792429775,0.0002939787371442071,0.00775314426417939,0.002699676535515838
2147,0.016056166056166,0.007520543612497654,0.011387138882917758,0.014976281696089111
2148,0.008821733821733901,0.005379318869542349,0.006894010214029023,0.014909356409364194
2149,0.012026862026861984,0.007677720075290995,0.013759196427371667,0.013268286301041488
2150,0.009371184371184449,0.005975132224130486,0.01311719734970751,0.01623074083917797
2151,0.020909645909645835,0.017813625187523385,0.004931874971741301,0.005367851090283926
2152,0.008699633699633669,0.004376054690143127,0.011202843066851598,0.012695451833747984
2153,0.00811965811965809,0.004766401277957577,0.015395390227498806,0.011839037485357196
2154,0.009310134310134388,0.0049136141565787606,0.008934026385716387,-0.004371297280703179
2155,0.00955433455433452,0.005772956796462059,0.021068660294853103,0.02664255316576747
2156,0.01605616605616611,0.012615886656959452,0.015098948615027141,0.014768073930390035
2157,0.015109890109890056,0.009192448226721717,0.008883209259587965,0.011186342965350149
2158,0.0034798534798534675,-0.002404907387229094,0.004414176303403128,0.005314432569545335
2159,0.019322344322344365,0.016392889246268583,0.021083529191683548,0.020640521557068303
2160,0.017307692307692357,0.012430776108473984,-0.001940356272679189,-0.004450210403194599
2161,0.007081807081807168,0.0031789894170026756,0.0017298989399411324,0.004325722096856444
2162,0.013644688644688596,0.011290735225896853,0.017048318858326472,0.020150133975626816
2163,0.010409035409035372,0.008354310186834302,0.018098564496973002,0.01467535100826034
2164,0.01910866910866904,0.01523138155448367,0.007738149652434467,0.008593906485779401
2165,0.017887667887667935,0.013676482733675499,0.014981561415175926,0.02013448708299992
2166,0.023290598290598208,0.017814417173196317,0.010152466574182117,0.015564870592339797
2167,-0.005982905982905962,-0.007364540316377566,0.00993370102342106,0.008343107840568686
2168,0.014590964590964539,0.009608929391084264,0.008859538914379739,0.005653367756160654
2169,0.002869352869352859,-0.00010300168143728694,0.0032048715495274216,0.0033474137485153266
2170,0.0011294261294261254,-0.0028073597480408052,0.009631777997911595,0.007824672474985084
2171,0.020268620268620308,0.01624694213880673,0.014705924965890738,0.013045089534206133
2172,0.011477411477411437,0.006989090296321443,-0.0009034543161391406,0.0014003846894347083
2173,0.009890109890109855,0.004986873405798953,0.021540792879555126,0.01661290845739538
2174,0.022252747252747285,0.018624723968209356,0.022903325594250346,0.0312038953182453
2175,0.0014346764346764296,-0.0022325153029929545,0.013462571927981504,0.00618645576619159
2176,0.004120879120879106,0.00019625247454491124,0.008924769451331804,0.0063186788355523715
2177,0.012210012210012278,0.007208762625037668,0.005793332718043498,0.009967088286440662
2178,0.007600732600732574,0.004594395508148885,0.004653220650005951,0.005400718322924991
2179,0.016575091575091516,0.012217618431358157,0.014263073172761431,0.022584858881014358
2180,0.027533577533577547,0.023151458740665043,0.004715889957081498,0.00196750532880563
2181,0.009218559218559186,0.006299841621512758,0.014689057120839122,0.007532007117102335
2182,0.019841269841269882,0.012470507646593854,0.014256581079974406,0.012717484259520129
2183,0.009615384615384692,0.005732796398079776,0.017616400205308524,0.01729878634721782
2184,0.01749084249084254,0.013608941920802198,0.0020375295612820032,0.019142274167415874
2185,0.012148962148962106,0.010779268182038226,0.02224101843636528,0.019952440250729397
2186,0.02631257631257633,0.019999153835011163,0.0011112214664672493,0.004681208404108683
2187,0.009768009768009844,0.007483786348688959,0.020138298685774103,0.021897534093205384
2188,0.0017399267399267337,-0.0023299046273008717,0.013972266515783649,0.006819208226819695
2189,0.011843711843711913,0.0072750186177539256,0.01988109611509703,0.022645452688945467
2190,0.003357753357753346,0.0009825185565562888,0.011709950429894311,0.005622701733372315
2191,0.003144078144078244,-0.002869481057512724,0.01657848525982486,0.02040750697825855
2192,0.009188034188034266,0.00521769716729148,0.0015700512691676494,0.0053245195202662465
2193,0.014743589743589691,0.009130870447559114,-0.004859588126694514,-0.0038337928430501877
2194,0.01816239316239321,0.015849044531325518,0.012423008376412636,0.012983086756927942
2195,0.009920634920634885,0.008180404504221195,0.015543307432172027,0.018293349851882468
2196,0.003601953601953589,-0.0013952435110191619,0.012455969366074626,0.014750841415374194
2197,0.012148962148962106,0.008159097851317743,0.010545860656368089,0.02099068236487811
2198,0.016514041514041566,0.013239567612901015,0.017521734949693557,0.018704533996408368
2199,0.014255189255189316,0.009686470601260377,0.01013126539762843,0.003426963323600263
2200,0.014316239316239376,0.01260767651119532,0.008870897938411226,0.008564534083592368
2201,-0.0025946275946276964,-0.006703663462119702,0.007731529912852975,0.010827462362706486
2202,0.022069597069597102,0.019000274230444703,0.015269897840984425,0.01897524575884124
2203,0.019932844932844973,0.015083881351861117,0.008053924602766882,0.0023744533215116492
2204,0.014346764346764407,0.012390164591530084,0.013993133540840752,0.01965510684018834
2205,0.006196581196581175,0.004719770956632896,0.01881474560267926,0.016564758021137993
2206,0.009371184371184449,0.006515512112009292,0.008100748863006602,0.004125703874050313
2207,0.0034798534798534675,-0.0014126666229772322,0.003842737807393526,0.005464723314509201
2208,0.00946275946275943,0.0067086786649724894,0.011056890515777407,0.009409474396038231
2209,0.023534798534798562,0.01925614522904051,0.007111536590485579,0.0041574411532336875
2210,0.015720390720390776,0.011638863553251944,0.019510998633296417,0.016958263918968708
2211,0.007936507936507908,0.0035579770437933478,0.0016700604789187112,0.003898507539887297
2212,0.011385836385836345,0.007457066419967351,0.018325432763820926,0.026913137660231623
2213,0.017002442002442053,0.011642242887322296,0.019326963172258127,0.016347857671110355
2214,0.0072954822954822696,0.0038240262883618703,0.008823759594701608,0.009728362721223904
2215,0.02625152625152627,0.02039758873539521,0.013288285363713848,0.0068944768611157725
2216,0.01022588522588519,0.006034045130830279,0.013173971708819288,0.012903157835299495
2217,0.016483516483516425,0.01280348801754394,0.024697995879653045,0.028822109600258994
2218,0.012362637362637319,0.00820321766798715,0.015908216249942653,0.01382737785931143
2219,0.005341880341880323,0.0020143856749299527,0.012165528475539644,0.019352990331329978
2220,0.004761904761904745,-0.0026345591037172378,0.010063286453692921,0.006615712277333818
2221,0.007234432234432209,0.003780734829882282,0.010834547930082428,0.011783395912041694
2222,-0.005402930402930384,-0.009939779563502449,0.012505913252073175,0.017712913566525157
2223,0.01746031746031751,0.01534623776409172,0.011148535514956759,0.01772210534230001
2224,0.010317460317460392,0.0055077024380653095,0.0161015046586247,0.01744043522416794
2225,0.02118437118437122,0.018215422968756667,0.018039677444353308,0.02805229395641784
2226,0.015842490842490786,0.010624279143721105,0.0019477486032323243,0.0013081480985340788
2227,0.017307692307692357,0.013884992676370778,0.020892920460174436,0.018560136354221157
2228,-0.002625152625152616,-0.0075984349593493095,0.008436618656931572,0.006613482511576785
2229,0.020238095238095166,0.014550447850129489,0.014813985322921663,0.01449603671353017
2230,0.009859584859584936,0.0021080256932779484,0.021337423835245395,0.02714174572807937
2231,0.02622100122100124,0.02099836462786908,0.007065683780108523,0.006153037956110441
2232,0.0032661782661782546,-0.0003388622626615545,0.009083045992517413,0.001422537808277835
2233,0.028693528693528703,0.02309509543289312,0.018372762791270092,0.01525085501259682
2234,0.01092796092796089,0.008172278794263077,0.016820113018055194,0.010007569347470824
2235,0.012332112332112288,0.009800623473690262,0.011684212247799919,0.018472682922820782
2236,0.019200244200244132,0.014671063193596234,0.005098427107022352,-0.0007468552335854195
2237,0.013064713064713018,0.0064780403812962906,0.011727720952546927,0.012772199068432188
2238,0.003937728937728924,0.001335900324853867,-0.0004757450848817957,0.008039772411466584
2239,0.0123321123321124,0.00908753467294543,0.005581709248719036,0.0011507036051521258
2240,-0.006532356532356509,-0.00885120031145803,0.005276405592428257,0.005697629355629119
2241,0.0017094017094017033,-0.003096300163667798,0.005955334270868473,0.007821140451384156
2242,0.008150183150183121,0.005259386543079669,0.012962165197770048,0.01327973769617985
2243,0.01031746031746028,0.007032102857727929,0.007551474024482974,0.007018496920779604
2244,0.020970695970695896,0.016480024248191838,0.003259365398565084,0.000565695600765248
2245,0.009157509157509236,0.005501788504028271,0.009965159498600773,0.027575361796383868
2246,0.016300366300366353,0.012056696404089462,0.011471494979002794,0.009805541069516033
2247,0.008455433455433425,0.002077319386680543,0.027290899828152804,0.031185263099461347
2248,0.0075091575091574825,0.004041345692255782,0.001387372594056524,-0.005257318793969734
2249,0.0012820512820513885,-0.001192891433961396,0.009221145695415212,0.008214652286503643
2250,0.00293040293040292,-0.00031432226324323853,0.001795702182917247,0.0062120361000836954
2251,0.015048840048840106,0.011838280123019684,0.01242013609455539,0.00893294480473783
2252,0.01907814407814412,0.016298091457328745,0.011525768100079992,0.010487494047540125
2253,0.01691086691086685,0.012804243339126442,0.01453467349053994,0.01867023320831873
2254,0.013339438339438292,0.010824398350855469,0.007373974138796702,0.005713413079263985
2255,0.01382783882783889,0.01109927456926696,0.007141195530328881,0.0016875070909279088
2256,0.023748473748473775,0.019107084632186244,0.015713949167750152,0.016326412294121462
2257,0.028083028083028094,0.024569635797154987,0.0020649896701558923,-5.015797657093035e-05
2258,0.012576312576312532,0.008044227202648857,0.01616911515386299,0.011283130362375937
2259,0.013217338217338281,0.009175181151027445,0.013319968531605442,0.013388696917140397
2260,0.005219780219780201,-0.001121994021271444,0.00834740389028188,0.004399662384926506
2261,-0.001678876678876673,-0.002499972157741448,0.0062594376426420295,0.003996475053576698
2262,0.028296703296703307,0.0240310795194435,0.018361292070692703,0.02119175084353986
2263,0.023717948717948745,0.02144810322180657,0.012418102890256688,0.014936689936164593
2264,-0.005952380952380931,-0.010823341782112972,0.008537776683600007,0.018578463947081625
2265,0.011782661782661852,0.007292119802273289,0.014682571422802715,0.009849739047676387
2266,0.03287545787545787,0.02593189347800884,0.013874839629795077,0.018223355737436164
2267,0.005952380952381042,0.0032962705006762683,0.0006254909677456677,0.003537061633351879
2268,-0.006135531135531114,-0.010990390268146744,0.014655122259927045,0.02612996162453951
2269,0.013186813186813251,0.009846875243442188,0.015907873609487422,0.01617060290565253
2270,0.012606837606837562,0.009973119540973241,0.01659996859122148,0.0185837816895984
2271,0.011019536019536091,0.009135198153374269,0.015953386659765534,0.011312095737484928
2272,0.024420024420024444,0.01914741764456196,0.023624776830050154,0.02683144204843757
2273,0.013766788766788829,0.008293017169242134,0.017440707210068185,0.018416630084988395
2274,0.006135531135531225,0.0021626674527704948,-0.000665104869895905,0.003127206310619024
2275,0.006471306471306448,0.0020298653959565094,0.0038767970634940863,0.015332886463737427
2276,0.004487179487179471,-0.0006344466322802944,0.010580432350653313,0.004799416440557924
2277,0.005738705738705829,0.0036364832884447917,0.003731892182029184,0.008590026794575434
2278,0.002869352869352859,-0.0025500437895173977,0.01837993575841257,0.02902881320049766
2279,0.03141025641025641,0.02488481309893531,0.011939804611004967,0.01383679081497624
2280,0.02405372405372397,0.016443729038652988,0.006749872811014912,0.012488453049579351
2281,0.004151404151404137,-0.0007747152035515459,0.013039822381316402,0.011647533242490016
2282,-0.0017094017094017033,-0.004630080171564854,0.0059920003637252695,0.008184322100135533
2283,0.023137973137973056,0.019610940117611664,0.01963021062929282,0.022234513221595198
2284,0.016483516483516425,0.01302471422036855,0.008597888856864189,0.013016541292899864
2285,3.0525030525030417e-05,-0.0014394172621714496,0.000703713487074209,-0.00801453325310919
2286,0.020115995115995156,0.016649046792533317,0.010264935527452557,0.013483759344604662
2287,0.002625152625152616,-0.001952978367241398,0.00507804305461379,-0.003869408528214935
2288,0.006318681318681407,0.002709027493257965,0.0011786188595770408,0.0022042096266974287
2289,0.014072039072039133,0.008713763736490465,0.007931723985006967,0.0046743221847820315
2290,0.005341880341880434,0.0004841054667367173,0.0016200809592109566,0.007926286996458587
2291,0.009798534798534875,0.006204475367177054,0.016237466874725937,0.01256057632602603
2292,0.012210012210012167,0.006346618078547195,0.008001316588900464,0.007400258080968336
2293,0.018131868131868067,0.010350838890586078,0.015814094079912522,0.004382149842568572
2294,0.011141636141636213,0.007066801496679709,0.009997576386806317,0.01279779146209925
2295,0.00586080586080584,0.003232853137468794,-0.0009399817769780716,0.010929497163490787
2296,0.002564102564102555,-0.00153513030237451,-0.00510689058838576,-0.0042546110147709815
2297,-0.0010378510378510342,-0.005140607982648815,0.01903464483052164,0.014316327747461166
2298,0.01828449328449333,0.013736933003755336,0.015276072557084852,0.012852170040948518
2299,0.009951159951159916,0.004324731047483987,0.002936454638241881,-0.0023321658188676375
2300,0.008180708180708152,0.000584114758151677,0.017169941855193716,0.021331296655818788
2301,0.009737484737484703,0.007156642972949379,0.008674670960835074,0.014398167091378755
2302,-0.0006410256410256387,-0.0036998773345422453,0.008365843672084261,0.013968126002926518
2303,0.012484737484737551,0.008041957740885786,0.018760522183117412,0.018876645311965423
2304,0.015750915750915695,0.01233474976610982,0.0007793486958659335,-0.0013496054920637546
2305,0.009829059829059794,0.007405594252206993,0.014107010970334843,0.017362414895268352
2306,0.0021062271062270987,-0.0007212655039793292,0.01090858430547681,0.013800788980333323
2307,0.0007631257631257604,-0.005051793165716245,0.0026558594261588686,0.019743257541711245
2308,0.007203907203907289,0.0039690260971931846,0.014443425157353196,0.013281765453690308
2309,0.016391941391941445,0.015663834166512847,0.01445453862630841,0.006364350896957194
2310,0.02133699633699626,0.015929562355580518,0.004565447570427206,0.0015823240512935488
2311,0.022039072039072072,0.016069996800835762,0.01352200734733966,0.014311716434051824
2312,0.007692307692307665,0.0018375458765597097,0.02074493144278633,0.02391664836439944
2313,0.00876068376068384,0.0068883506803917305,0.004972658773443439,0.005816256034966161
2314,0.004487179487179471,0.0013068958290786137,0.009322207344573452,0.00870411060252596
2315,-0.0006715506715506692,-0.0034178730472220753,0.008998373109469826,0.0073916919039549445
2316,0.012179487179487247,0.010289678443390682,0.009089658180148619,0.0036723092988865114
2317,0.008150183150183121,0.0034436942425798422,0.005879432894072889,0.0007740290534732353
2318,0.016391941391941334,0.01383430208244707,0.01688595151727479,0.022287817988569936
2319,0.00876068376068384,0.0066817857270128345,0.013677100579355006,0.010873442413150247
2320,0.010134310134310098,0.006328744562355437,0.001040941061841938,0.007152963393862843
2321,0.01166056166056162,0.008119793340825021,0.012497431132919679,0.014857770812002569
2322,0.016361416361416303,0.011264832046891882,0.01958322836294213,0.029146372876214355
2323,0.012271062271062338,0.007129699273817347,0.007600566485476912,0.010496988811897756
2324,-0.0013431013431013383,-0.005588778232328284,0.012651095367173126,0.014939585450740034
2325,0.01749084249084243,0.01322213582398879,0.01751486456387652,0.012810572492060857
2326,0.013369963369963322,0.009771472443515394,0.009264847446688762,0.005128014004397663
2327,0.004914529914529897,-0.0028966256292389803,0.012314979613580523,0.016167667537985264
2328,0.021703296703296737,0.017679304057544476,0.0056854940694477385,0.0035939498188517494
2329,0.020848595848595886,0.01794557080044268,0.01740903335791344,0.021976632160087606
2330,0.0028998778998778896,-0.0023780103622599302,0.013858124737940125,0.019777018549446135
2331,-0.006654456654456742,-0.010482140990723421,0.009242115669661932,0.008901331975131321
2332,0.009951159951159916,0.0038634660907066465,0.012458999799664916,0.015018562081919096
2333,0.006257631257631235,0.0034185758147894374,0.010940934816863424,0.006992097281750431
2334,0.012057387057387015,0.007926477085784533,0.0016804078319151428,0.00044910257791785924
2335,0.016330891330891384,0.012160414385808505,0.0039475206651112815,0.009497590186328453
2336,0.022985347985348015,0.019687724283383168,0.008907338057791314,0.01062048460955256
2337,0.0011904761904761862,-0.00490497580530902,0.007331895412581058,0.011772290947688169
2338,0.0066239316239316,0.0036624772461645305,0.004847301890068545,0.002099125532293744
2339,0.006807081807081894,0.0015932253553954112,0.006075020093944783,0.004603889512084014
2340,-0.001617826617826612,-0.0026016032709428316,0.013343949873789063,0.012908933426688973
2341,0.010622710622710585,0.008307248201013251,0.013377878164775758,0.015149508208140983
2342,-0.007081807081807057,-0.013983856993229127,0.009422501476303746,0.015638494429114025
2343,0.010256410256410331,0.0030537336878779797,0.008785327186601966,0.010618837855907781
2344,0.011233211233211193,0.006778065697115587,0.007034788201634501,0.012010550134536002
2345,0.01749084249084243,0.011316487923406782,0.014177927764686071,0.012481518945145487
2346,0.009218559218559297,0.006033371666453791,-0.003766561375068922,-0.007158425577415972
2347,-0.0025946275946276964,-0.004483378131023286,-5.515872196582006e-05,-0.007179589451467905
2348,0.005738705738705718,0.0009412670458887051,0.002706432082212218,0.005759039584949055
2349,0.012606837606837562,0.009602619275282498,0.018111389285900947,0.01949836880539324
2350,-0.005128205128205221,-0.01145966887960137,0.007813892795949684,0.013139208758472742
2351,-0.002197802197802301,-0.005558876781036615,0.007752025199287527,0.01111608661216057
2352,0.021489621489621524,0.018578317015822465,0.013371633123605675,0.01361313376160378
2353,0.018528693528693574,0.014166308104547554,0.025099310833765265,0.02581419303819954
2354,0.014163614163614113,0.012653704944629585,0.00856646360100699,0.004581107376351978
2355,-0.00030525030525030417,-0.004187798808660936,0.011097147533312146,0.008995045535483581
2356,0.018956043956044,0.015608739342692468,0.01271082517899702,0.007537569850831649
2357,0.012484737484737551,0.008187226754930665,0.01486308997808905,0.016271179721696005
2358,0.012026862026862095,0.009283015352038793,0.009999248707654673,0.01593089173499651
2359,0.017063492063492003,0.013945028941234838,0.013992816577942824,0.010010005437743996
2360,0.020818070818070855,0.015280454610973604,0.012146892226757577,0.012823740745890877
2361,0.010012210012209977,0.005629127258732658,0.006990192364298098,0.004272837008760355
2362,0.015659340659340715,0.00940371647303273,0.011911950631163237,0.02158597222768055
2363,0.016361416361416303,0.013564707277587629,0.007132935822050102,0.003287402122349903
2364,0.00811965811965809,0.003619900577539137,0.012307631582752943,0.02116066693536378
2365,0.0024725274725274637,-0.002580251428953906,0.004234114086962615,0.006552657539017126
2366,0.013522588522588475,0.0104124954229603,0.02315014838724061,0.01995967353832051
2367,0.006654456654456742,0.004274124927130751,0.017477483341396205,0.0128051448351032
2368,0.01605616605616611,0.011173052660399918,0.014475619597021705,0.015824328428135748
2369,0.022313797313797346,0.016792438127550602,0.015971240888333904,0.01533863963539328
2370,0.014896214896214954,0.009422217491804274,0.014296359369067813,0.0086848223703343
2371,0.009035409035409003,0.003904366408420845,0.01332588690848635,0.010184322296483361
2372,0.0045787545787545625,-0.00032600390698700465,0.016942806372721497,0.01903808546255925
2373,0.010042735042735007,0.007069604804110785,0.017986050090799566,0.014278613880671198
2374,-0.008363858363858334,-0.012590645955139257,0.0029091935231735366,0.013797122005190121
2375,-0.006440781440781418,-0.009414445959654572,0.002294662903869704,0.0065381635666128535
2376,0.007478632478632452,0.003915687745176588,2.4259572695362053e-05,0.012834502949698678
2377,0.011385836385836345,0.007067908604507789,0.0022076160303985404,0.0036535541946117744
2378,0.0029609279609279504,0.0001784178470017883,0.004490596241382816,-0.00597457524745848
2379,0.0066239316239316,0.0019950445908799574,0.015718912596529244,0.019448235666565616
2380,0.008180708180708152,0.0019168878485937846,-0.0011697571473534563,0.009435106267575932
2381,0.007661782661782746,0.004389985392543316,0.011923429004020325,0.012096205484600997
2382,0.011141636141636102,0.006127309132683556,0.014504263850094956,0.020262824069400387
2383,0.005189255189255282,0.0013956370668685159,0.017362839625577497,0.01439902932386472
2384,0.008943833943833912,0.00492087295587329,0.009570161016105194,0.022996740586861297
2385,0.015598290598290543,0.008962409523538883,0.01914974609255715,0.02498726341857871
2386,0.02860195360195361,0.025797994711893812,0.028592629996287644,0.029091072142262697
2387,0.004120879120879106,-0.0016573553221002069,0.015650990717289592,0.01987650641115768
2388,0.012637362637362592,0.008432475727046196,0.012704998717465221,0.017191050363781102
2389,0.010683760683760646,0.007000175663582131,0.009042085599097027,0.018561651042811933
2390,0.010409035409035483,0.004171447783728688,0.012582296951548111,0.01479294483234983
2391,0.018650793650793696,0.015080279344461878,0.005889095532952249,0.008683887394029921
2392,0.008150183150183232,0.004505225736912921,0.003319983031115914,0.0032179359622360737
2393,0.02783882783882785,0.02397264520372777,0.0189757665441439,0.013134518575941945
2394,-0.0023199023199023117,-0.006750843457688727,0.019862200459999868,0.020183009391666173
2395,0.011477411477411548,0.006239298520726688,0.0014681371399098975,0.005246961016607377
2396,0.026465201465201482,0.02180670055211298,0.01760584786614705,0.02494836340293838
2397,0.017307692307692246,0.011981268291949676,0.004832740299339999,-0.0024883072341056467
2398,0.02197802197802201,0.015088695835390742,0.015500985201976736,0.01882250625986681
2399,0.004761904761904856,0.0003402733444349826,0.014520359350748246,0.008832997376412188
2400,0.0033882783882783762,0.00036799371149154325,0.009149539728853906,0.011586084250470474
2401,0.005433455433455414,0.0002127059944169174,0.018143783786871093,0.021184190967545646
2402,0.014102564102564052,0.009481541332176713,0.010152372151032707,0.00849706911512782
2403,-0.005586080586080566,-0.007517833235232363,0.012482243770249868,0.018121538198664355
2404,-0.0053113553113552925,-0.009167297731577317,0.015917591742463544,0.013863707264945457
2405,-0.005647130647130627,-0.008422890832723184,0.0049277816314654554,0.005433802566627399
2406,0.011416361416361487,0.0076840169636356315,0.016350069288249003,0.013878484981707517
2407,0.015781440781440836,0.010521421723911795,0.009605621553933963,0.012318487929091959
2408,0.02411477411477403,0.017363437649041247,0.024185275907512294,0.023099391366670274
2409,0.013583638583638646,0.007836149328785624,0.014377035747996092,0.008888026337208421
2410,0.008699633699633669,0.004957504078522024,0.005428751950588007,0.0020152869665759354
2411,0.009188034188034155,0.005034323667451934,0.0007638982623451307,0.0091869579274092
2412,0.026892551892551797,0.021622298324444844,0.0070523389794704405,0.014625471885636787
2413,0.0210622710622711,0.017455543378714133,0.015096541323890156,0.007681712168971178
2414,0.004761904761904745,0.0009203860971371824,0.0015358692499397586,-0.008935571491792804
2415,0.004731379731379715,-0.0017577289762951143,0.0139779570798787,0.01650853538767294
2416,0.007905982905982989,0.005098946683377625,0.01388317605046896,0.01626758017987351
2417,0.0006410256410256387,-0.0029949885534045206,0.00714746399532018,0.004868627097622036
2418,0.009218559218559297,0.0047950021366784945,-0.0016029171416029886,-0.00013864499573001954
2419,0.005647130647130627,0.0009963751993955494,0.007550962833543506,0.00943564491160609
2420,0.00811965811965809,0.0023609700393705246,0.0052634807164650965,0.0007236417123083205
2421,0.004700854700854684,0.00126299612471803,0.021544001027892667,0.024273831408536006
2422,0.012637362637362703,0.0072919482716261586,0.007281059168866788,0.0056381170084077725
2423,0.008608058608058688,0.0004350998106985582,0.010344570344000492,0.012040690161223888
2424,0.009737484737484703,0.006272223412300715,0.008276380369403813,0.0041576380983732175
2425,0.010622710622710585,0.007247902346903312,0.01567976794766135,0.01612590119126267
2426,0.019261294261294304,0.015989907490710276,0.01934941498696141,0.019185873499258932
2427,0.0060439560439560225,0.0003941870331038988,0.01699900537685972,0.01093375626334625
2428,0.019139194139194182,0.015931715402365043,0.011134724668619977,0.023654607396927596
2429,0.021733821733821657,0.01641027953092955,0.009591295655904997,0.019803786078472996
2430,0.020024420024419953,0.014783345715918883,0.01149554487117288,0.004840948922715249
2431,0.009798534798534875,0.006399404574613965,0.01255138338622852,0.012902217834667828
2432,0.014407814407814468,0.01074228746871575,0.010872515865556376,0.013131857047013584
2433,0.013644688644688596,0.008430982401876341,0.014207449640788683,0.020541601864990433
2434,0.005158730158730251,0.0024732236175968314,0.022574057970955796,0.022600030393665316
2435,0.015598290598290654,0.009877988456980624,0.014706301744251249,0.014571216359854366
2436,0.01758241758241763,0.016230326823887253,0.010562033101626955,0.018315285021648253
2437,0.018559218559218604,0.016715257548885476,0.001986376035475468,0.006943890692466148
2438,0.0056776556776556575,0.0006993252148786988,0.0042626075037123234,-0.0008053822264083577
2439,0.015445665445665502,0.010152830636340093,0.01088381890119472,0.0076203770377555324
2440,0.016514041514041455,0.013515246765442801,0.0082246414381687,0.01166206183235452
2441,0.023046398046398076,0.01620729212643468,0.0025136602157037613,0.003693996578357117
2442,0.009737484737484703,0.006021487915092938,0.00999580956791346,0.01882174518076385
2443,0.012667887667887623,0.009024929503146262,0.00550137728630451,0.006045232521754262
2444,0.0017094017094017033,0.0002670619102770333,0.017573043708275837,0.02007680216061103
2445,0.009279609279609247,0.005496021974243259,0.014302286844694256,0.015662110795022888
2446,0.00576923076923086,0.0051222313750515225,0.007214129588460905,0.0014097812659289444
2447,0.014560439560439509,0.008648535395206158,0.01197978864451188,0.007636220395019544
2448,0.0069291819291819046,0.002839406304388281,-0.0017033445548588766,0.003629078917670392
2449,0.011752136752136821,0.006174482641692736,0.01507996609869977,0.019537935608795798
2450,0.00869963369963378,0.0027291002894067606,0.0015786848688992272,0.0011349213853014684
2451,0.02274114774114777,0.018068183315907982,0.013245999463211922,0.01189545134320169
2452,0.013278388278388231,0.009725684339549234,0.008264300503329824,0.010960368225535477
2453,0.007692307692307776,0.0054079508891270445,0.018886728539075026,0.015248949711863857
2454,0.010317460317460392,0.007044720037796992,0.012373237018398098,0.0018592993649262368
2455,0.01239316239316246,0.007620063508412933,0.003991339549609618,0.002981269740516934
2456,0.006013431013431103,0.0038766524825899484,0.015176999774880962,0.025726530153749705
2457,0.01834554334554339,0.014114885569954105,0.0011051890174421652,0.0006126616360826453
2458,0.007020757020756996,0.003172455778902239,0.01952168349464123,0.030276676230810984
2459,0.013064713064713018,0.007285315163181316,0.004977781311538032,0.0033204033847831216
2460,0.01898656898656892,0.015521767167341882,0.018184442052801897,0.02384533269199951
2461,0.007112332112332087,0.0018933324404785123,0.015853757465005835,0.02130824572366541
2462,0.022313797313797346,0.019482254563483736,0.013047310764536357,0.019288048265218904
2463,0.0008547008547008517,-0.004014967944067527,0.00547386923829718,0.004067491507063314
2464,0.017338217338217388,0.012408659828034851,0.015110468130353993,0.014143389796650085
2465,0.002258852258852251,0.0009412484527421272,0.013037826134963293,-0.0030760394268206648
2466,0.008791208791208871,0.004413526553575853,0.005260737435996532,0.006027409595029898
2467,0.003724053724053711,-0.002430488466344527,0.0013918827514234344,0.008224573439805871
2468,0.01620879120879115,0.011966210842364045,0.017709782225967086,0.021851241743023664
2469,0.006837606837606924,0.003610652271869519,-0.004188064293714433,-0.0031883366732856633
2470,0.012148962148962217,0.007982603199519822,0.02097483944140921,0.02391339701330286
2471,0.014285714285714235,0.011293005572404313,0.010092581064546025,0.01720663803484368
2472,0.008608058608058577,0.0035963879716990332,0.002816420354906035,0.005123891285890303
2473,0.016514041514041455,0.010189677308043876,0.018047769323348173,0.019052443336158964
2474,0.012515262515262582,0.007769699569234345,0.012890361700122366,0.010606853421517237
2475,0.011202686202686274,0.007216735229984339,0.022592233548032192,0.029861512992726102
2476,0.005647130647130627,-9.366591678539038e-05,0.010709147048931777,0.004611978510200121
2477,0.002258852258852251,-0.0013344450246828288,0.011053463294043109,0.009928465689308608
2478,0.013064713064713018,0.009119250632516729,0.0022174205282141646,-0.00789851491002369
2479,0.024572649572649596,0.018325378193318143,0.017932130778956612,0.017780555119785935
2480,0.023046398046398076,0.017867274547950673,0.020074736585883657,0.029129044509849766
2481,0.013766788766788829,0.010360260625627338,0.016276290287665085,0.022535485831163937
2482,0.015537240537240482,0.010284086600658715,0.010568338531919741,0.015695549582426027
2483,0.0071428571428572285,0.0023505546474342776,0.007923026427593904,0.012685268753761636
2484,-0.0005494505494505475,-0.003015085330090428,0.01689025734109173,0.016811255126356395
2485,0.021336996336996372,0.01762973385567357,0.00625048954445917,0.015007769509169266
2486,0.006654456654456631,0.0034521254732083895,0.0010376977543327115,-0.0018292018953347533
2487,0.012301587301587369,0.00986252727505621,0.011061489220103526,0.006163465171248883
2488,0.012637362637362592,0.008939136561119776,0.017112438570823674,0.02079051098540019
2489,0.02185592185592189,0.01924322396466782,0.008435790637226548,0.008491882194278433
2490,0.0049450549450549275,0.0007234203872082956,0.011581170321016576,0.017227287062098418
2491,0.015567765567765623,0.009744624281345149,0.016071948034302674,0.01733607444411145
2492,0.017277167277167216,0.012722927373497117,0.005844781372971952,0.007018904108857527
2493,0.02329059829059832,0.019064425961120013,0.005185367729754198,0.0023285907109115156
2494,0.014346764346764296,0.007647815436687466,0.009689831989208475,0.004442224686127871
2495,0.00949328449328446,0.005578828664475566,0.004953926196570646,0.00045280000505876217
2496,0.005708180708180799,0.002464973688058758,0.008001976488397622,0.004625642345022718
2497,0.011507936507936467,0.006175559481743531,-0.002969525582975585,0.0006954855174777785
2498,0.0102258852258853,0.009200339055433382,0.011447933837807733,0.011668914745347592
2499,0.007051282051282137,0.0028087883461693774,0.001160223848020614,0.008131674595246108
2500,0.012973137973137927,0.0054162915465650885,0.011716180093391704,0.017763923993825426
2501,0.006868131868131955,0.0026189109312982906,0.009731271772086547,0.01116994370115787
2502,0.01816239316239321,0.013128640644053613,0.011526301976425124,0.015177244110518129
2503,0.007753357753357726,0.004652852432676657,0.009155289753219886,0.014438924405548392
2504,0.009706959706959783,0.0043456847907357155,0.014600715915949691,0.004910944681714491
2505,0.006105006105006083,0.0038719301900482783,0.010362434299346468,0.014945270870697636
2506,0.01599511599511605,0.012241530798023814,0.007016128251786102,0.014525621031504454
2507,0.0010378510378510342,-0.0011128161075798504,0.015562179953278243,0.020905813946969443
2508,0.01022588522588519,0.007201486654081157,0.009357703241771431,0.011169348992484895
2509,0.019474969474969517,0.014492860607872915,0.013626530032298412,0.007540957511829038
2510,-9.157509157509125e-05,-0.006631993069495579,0.0075297868852814975,0.006664503624624674
2511,0.01166056166056173,0.008822999425191269,0.010779181948666228,0.01314525311774839
2512,0.02255799755799759,0.018840763820640816,0.008483986724308945,0.019612413446854382
2513,0.012271062271062227,0.007157277074554269,0.006769777782949071,0.004555564843520266
2514,0.015628815628815684,0.011612657238387225,0.01899479747275945,0.00801222224971343
2515,0.015873015873015817,0.013160535401333218,0.006456807955450006,0.012439464691477053
2516,0.0036324786324786196,0.0001524096423868304,0.0015285607443223936,-0.0006728771375427156
2517,0.007051282051282137,0.0025928624645935594,0.01577800373324223,0.006655048458287793
2518,-0.0004884004884004867,-0.0017812600737637796,-0.005492972931060103,0.0013758169233801798
2519,0.011568986568986639,0.005259327835476446,0.02034701228825697,0.021415583040154784
2520,0.010683760683760646,0.00480018813422689,0.011762113052533718,0.008337356677267316
2521,0.0042124542124541975,0.001309126073312683,0.0018043824658470209,0.001017265917607646
2522,0.014835164835164782,0.009540265907385659,0.018436798366059937,0.013029796169906627
2523,0.027319902319902334,0.023806765631305238,0.004599715875039934,0.010760789557940575
2524,0.0182539682539683,0.015407447364567117,0.003113458443970707,0.00839280930025399
2525,0.00952380952380949,0.004799870507753989,0.00742743299596893,0.007591641873151755
2526,0.020848595848595886,0.01731393607711129,0.007974147363656647,0.0038599395706993
2527,0.003357753357753346,-0.003923287119855456,0.001172505791729006,0.0013870817136976132
2528,-0.002991452991452981,-0.006793877083480115,0.010407739924504056,0.0075148120212965575
2529,0.012087912087912045,0.009225800270987738,0.004432359367378069,0.011633447232848648
2530,0.003083028083028072,-0.0006533484050509353,0.009045144938008787,0.015233167826261274
2531,0.017429792429792368,0.011990426435559032,0.007677941143314437,0.012888186206464258
2532,0.020238095238095166,0.016691654131717804,0.019943935677403712,0.022967124493635138
2533,0.001098901098901095,-0.0032754489773735296,0.017031286870960338,0.020449809084143178
2534,0.014652014652014711,0.010711119903942579,0.013602419478279781,0.01167519968571773
2535,0.026556776556776573,0.02145327957724319,0.011951760286440405,0.0172535145401288
2536,0.013034188034188099,0.007219951255646562,0.013732134131393958,0.009822472770422919
2537,0.012240537240537197,0.006950071727947593,0.010639369850761304,0.015232758337919372
2538,0.018864468864468797,0.015808164770126254,-0.0008079103751241767,0.0028998780746755104
2539,0.0033882783882783762,-9.732348034829919e-05,-0.001951685173898543,0.005378273831437075
2540,0.022222222222222254,0.018104786342351686,0.004589484720581627,0.0002512537523896574
2541,-0.005280830280830262,-0.009485535452083194,0.014440926915512797,0.013951693884965644
2542,0.012912087912087977,0.006865158860606124,0.004050696475183413,0.012639498396139204
2543,0.013095238095238049,0.007075069337216244,0.016077930254966732,0.016990988206138535
2544,0.01248473748473744,0.007510300977880746,0.0162262334903317,0.02860778276940068
2545,0.01895604395604389,0.01569271115879889,0.009364453081562862,0.007620436631549765
2546,0.023595848595848623,0.015103717358391444,0.019382229039597076,0.025420786204187862
2547,-0.006837606837606813,-0.011454982838215,0.010746057502610706,0.008077292911803147
2548,0.023168498168498197,0.02015878753946687,0.01833433765289405,0.015180661863532063
2549,0.015964590964590908,0.007567304618373183,0.012315068846660782,0.017031174373774438
2550,0.014072039072039133,0.009637499561301222,0.019009662843736508,0.016009722332485432
2551,0.006013431013430992,0.0020456847399004108,0.01802310583631861,0.007416664013528029
2552,0.021001221001220927,0.017608917154470216,0.02099152628942247,0.02260137688917019
2553,0.029700854700854706,0.026413520640051313,0.016901658118560814,0.021296831976130304
2554,0.02765567765567767,0.022712228510652577,0.021809100946238114,0.026398386551658715
2555,0.015079365079365026,0.010975897013364988,0.017768361197361027,0.021575197947512725
2556,0.004548229548229532,0.0017034697799774845,0.01078801688810449,0.010616460740283773
2557,-0.005189255189255171,-0.009689885204938076,0.004660871718732862,0.0061873958330386225
2558,0.020268620268620197,0.012140420472382618,0.010756412249614322,0.0018556046225740586
2559,0.005555555555555647,-0.0016224375834859028,0.004807103113375288,0.00470187416411294
2560,0.028937728937728946,0.02500879276418444,0.012315244157707017,0.011902921466360628
2561,0.005586080586080566,0.00039452027558994907,0.009692426042062219,0.021591303180255927
2562,0.006196581196581175,0.005410443316187008,0.012543785041423283,0.015160861035237505
2563,0.0026862026862026767,-0.0008214176016552166,0.0010473992287874934,-2.0712958518354085e-05
2564,0.00882173382173379,0.003910416862409005,0.006301273038755939,0.00575691750103513
2565,0.009951159951159916,0.003139248373916992,0.006514436962667403,0.005494435674071596
2566,-0.0008547008547008517,-0.006648624254876001,0.012234203794984189,0.02123075194667623
2567,0.02402319902319905,0.016497264113622512,0.011205611532264292,0.018041702246280322
2568,0.022771672771672802,0.01747577102020026,0.012334326084427638,0.013723453106034622
2569,0.00946275946275954,0.0063571316401627165,0.008362302797317755,0.015211842551773214
2570,0.0073260073260073,0.004291359582089149,0.0026278884223547294,0.009690078229499077
2571,-0.0031746031746031633,-0.009398654240990623,0.015045141505734771,0.01046007688892625
2572,0.007478632478632452,0.0027985192231079203,0.01843756944352315,0.031686665634770295
2573,0.015964590964590908,0.011134075390901388,0.012258353146732293,0.013136172953543412
2574,0.003601953601953589,0.0014654957002874225,0.004514005123810172,0.004292253958044001
2575,0.019169719169719213,0.014133383415789402,0.007997048371371607,0.0033580348104773616
2576,0.004273504273504258,0.0004813023939783667,0.011371739410213078,0.009552204250730667
2577,0.00799755799755808,0.00326717617347827,0.007683417555214955,0.012063908089096631
2578,0.012148962148962106,0.007004843650279646,0.008948517639716602,0.012682684377063547
2579,0.0020146520146520075,-0.002092589189119698,0.013382438775549454,0.007855715176884437
2580,0.018101343101343148,0.014246152690028602,0.006223649638783857,-0.000121819366365572
2581,0.013644688644688596,0.008843110275081667,0.005006836230034062,0.0059087846493132146
2582,0.006990231990231965,0.002440928653363428,0.030920590873622977,0.01708740298345257
2583,0.0065628815628815396,0.0013722596772021145,0.007051780616827652,0.004484149197724441
2584,0.011141636141636213,0.008475664293410623,0.019647863687613065,0.026965476293827506
2585,0.0056776556776556575,0.0011248139607747953,0.014735059960121033,0.01581340571926282
2586,0.007600732600732685,0.0035061718244551177,0.006265713110513382,0.014294592792630456
2587,0.008241758241758212,0.0037005730822288196,0.006103366634468199,0.012723251482619546
2588,0.00659340659340657,0.003936650749700843,0.01728227756002121,0.01722793253314492
2589,0.01971916971916976,0.015878660118442522,0.01040497741651003,0.013319496587153257
2590,0.01251526251526247,0.008328561102063703,0.014575644137101662,0.025866734620007437
2591,0.010042735042735118,0.009820603666246153,0.011541932229619523,0.005431993658710721
2592,0.022191697191697224,0.014392841931979095,0.01112596080777506,0.012103896375652123
2593,0.014041514041513992,0.010709675655746098,0.0059893116996037055,0.012772657759154593
2594,0.0031135531135531025,0.0008589143007292632,0.013031402371667222,0.015408704293456976
2595,0.007417582417582391,0.0014047008541868689,0.016012242611784244,0.019717159524240246
2596,0.00219780219780219,-0.0023114603534070133,0.009651720784942919,0.013212099968043178
2597,0.010653235653235615,0.006928831138651614,0.011531800282829296,0.016244282361880358
2598,0.005830280830280921,0.0006419855918569084,0.01462143331347654,0.01662758345491877
2599,0.012881562881562947,0.009648356345988374,0.014885249975254422,0.018600488103198365
2600,0.003235653235653224,0.0014029629151908196,0.010692459382073083,0.008839557378909402
2601,0.02051282051282044,0.015613979544493395,0.011589242122883703,0.012626246157176557
2602,0.01614774114774109,0.012523996308287932,0.016714305399232687,0.013643954453625207
2603,0.005982905982905962,0.001993521879778637,0.010709034625077885,0.013647813042508172
2604,0.01758241758241752,0.013022000521311416,0.012928331342348498,0.004304881621814527
2605,0.003601953601953589,-0.0009998957340217052,0.01160247420409688,0.020269036617696967
2606,0.02197802197802201,0.016960936998621112,0.027229597977970088,0.02974650036492943
2607,0.005433455433455414,0.000849093340348217,0.012004442459377485,0.014123111768550634
2608,0.0025335775335775246,-0.0012558373591572414,0.015930473180466365,0.02061801032362498
2609,0.001312576312576308,-0.0018826673669136706,0.0043918097633619535,0.013019423055351198
2610,0.016361416361416303,0.012904552454134799,0.012935931884192509,0.008746208117789811
2611,-0.0011294261294261254,-0.00527936569484988,0.01902207068243089,0.012135146378077999
2612,0.013675213675213627,0.012017771686436474,0.013343104263334182,0.012012023849943376
2613,0.01825396825396819,0.013740176832415463,-0.00048255996943546986,-0.0027971729122306943
2614,0.024328449328449353,0.019609356699280323,0.014061972562779634,0.009894006700834845
2615,0.005219780219780201,3.2464709598500896e-05,0.011052762627956403,0.018350494683060825
2616,0.01749084249084254,0.014620750719628761,0.005070199605242132,0.018841081043811325
2617,0.005372405372405353,0.0026474008169257157,0.01156429713485585,0.012839431896933262
2618,0.006166056166056144,0.0030294516319628872,0.00968222342237579,0.006123779276096308
2619,-0.0026556776556776462,-0.006888517170275943,0.01099178688849467,0.012397684298916856
2620,0.012271062271062338,0.00813517915166706,-0.006115759916261565,-0.00668284408262565
2621,0.003601953601953589,0.0011311390901744822,0.012164990310219781,0.007695455132559537
2622,0.01981074481074485,0.015748752462017346,0.011779102331327174,0.01423148352402237
2623,0.01666666666666672,0.010128583294749971,0.010266685772970185,0.017057501046795043
2624,0.02487789987789979,0.02152942067615793,0.019501365595328224,0.02087919545758332
2625,-0.0034798534798534675,-0.006373358754100167,0.009278829078880113,0.002630430706490494
2626,0.01312576312576319,0.009725665055938304,0.0026391025867690265,0.002648431868293555
2627,0.015201465201465258,0.011451425663710046,0.0068460677491894995,0.010316358672812997
2628,0.008058608058608141,0.002998449068681297,0.008919407765110798,0.006003474553496813
2629,0.01602564102564097,0.013934426561838631,0.010987799454366565,0.016035332722838525
2630,0.02045177045177038,0.016361567483423323,0.005106059697943532,0.009227949482062514
2631,-0.001678876678876673,-0.010128750401629083,0.005405406338232943,0.0033603323185618095
2632,0.0001831501831501825,-0.002696292347272755,0.007737225192293917,0.007532336321327215
2633,0.00509768009768008,-0.0021047784925954938,0.0052252304623015,0.009538835939973733
2634,0.01236263736263743,0.008242101721275596,0.005287256465462797,0.007797956546704121
2635,0.01819291819291824,0.014555773599376098,0.00951904617935695,0.013593631632799807
2636,0.017032967032966972,0.014754918334175526,-0.00042522881288487024,0.002288795287854861
2637,0.019963369963370003,0.01632739423577556,0.011444389539600364,0.007957839136392808
2638,0.017307692307692246,0.014145028121287484,0.010480893417670889,0.022456243755879512
2639,0.012087912087912156,0.009691436448704294,0.01883755078879945,0.02005022991121408
2640,0.02121489621489614,0.014555599490059024,0.002292806547940285,0.015393196138376086
2641,0.0036324786324786196,-0.00013307996198896888,0.011147844995638256,0.0019253794511254751
2642,0.011721611721611791,0.009920358350940739,0.009589740060238938,0.01266915811272551
2643,0.009523809523809601,0.00536247265856582,0.015447317744749722,0.012233114919427801
2644,0.027289377289377303,0.024538987014106617,0.02367913000202837,0.0330128735795695
2645,0.005921855921855901,0.003359331843047819,0.012590641494761301,0.00030173930629995294
2646,0.015903540903540958,0.014315010157124775,0.013379188131258046,0.01966828953797717
2647,-0.004822954822954806,-0.009101076879568626,0.005938869280718406,0.006488970865036525
2648,0.015689865689865745,0.012408138317072992,0.016075321349092175,0.007833719106313253
2649,0.012271062271062227,0.008088430176846795,0.008833408918738517,0.010189608493611058
2650,0.0167582417582417,0.01381425900814437,0.0026709902149252285,-0.0007650268939143334
2651,0.006746031746031722,0.0022961902090290476,0.004567616957136811,0.005758261801955267
2652,0.02338217338217341,0.019688466883928446,0.01710878520133985,0.019422738292352526
2653,0.0053113553113552925,0.000687386953623359,-2.031076320141434e-05,0.002822700136185019
2654,0.01245421245421241,0.007775131555974868,0.00787375589743955,0.009341273958724305
2655,0.015537240537240482,0.012071680228567416,0.012413200047297401,0.01711134667929859
2656,0.015048840048840106,0.009961249997095134,0.014447518769763468,0.014470594538179227
2657,0.028052503052502953,0.021939465489773657,0.0047034156457465,-0.004062713936342166
2658,0.0034798534798535785,-1.3247702136398587e-06,0.014217703720290631,0.019494406204224823
2659,0.02554945054945046,0.020008682636995623,0.017088032086148064,0.019974835583722483
2660,0.01681929181929187,0.012723540605155348,0.01308858745442365,0.01657038037628833
2661,0.006227106227106205,0.0024244477512557205,0.015650484788730767,0.017473376167238097
2662,0.01752136752136757,0.01473726255829566,0.01247359875664944,0.013644472544265818
2663,0.01678876678876684,0.015456960703200684,0.01133946460314994,0.007376541780549806
2664,0.018833943833943878,0.014025491467616336,0.008911986763538882,0.013417561624380236
2665,0.01968864468864473,0.01500970464345508,0.005345677447893937,0.002310640836277411
2666,0.007387057387057361,0.003215451756326315,0.017070825898037767,0.012662604742028183
2667,0.009249084249084216,0.002617873922955094,0.004111126865976034,0.0022891395248844093
2668,0.01251526251526247,0.007865840955830428,0.009949034040744209,0.015906121584544963
2669,0.0013431013431013383,-0.004087380624992587,0.01419671503642761,0.012479045095169394
2670,0.009004884004883973,0.0077039055488782315,0.019643989190533673,0.019127248802390473
2671,0.027289377289377303,0.02320026916119522,0.007483036462382242,0.01762107455300399
2672,0.01755189255189249,0.012607687642699261,0.00802285857385654,0.00510591561522078
2673,0.010470085470085433,0.005902721210110262,0.010351390895225743,0.00901640098152956
2674,0.013705738705738768,0.01004028368440657,2.7145276406903562e-05,-0.0029468157146432805
2675,0.02258852258852262,0.018737443120074637,0.005739676829836005,-0.0007000884344187108
2676,0.00439560439560438,0.000996797101677327,0.0024366199650880382,0.0006107795113001746
2677,0.007844932844932817,0.003292527958613234,0.02059004574369505,0.02200414755213842
2678,0.013644688644688596,0.009635051699459551,0.002755436761750274,0.007025999762455548
2679,0.010836385836385798,0.00878137519717137,0.011378864771060315,0.011858654759972498
2680,0.022466422466422498,0.016011453775302442,0.022411520358157855,0.02193243603449002
2681,0.0019536019536019467,-0.002029052536919429,0.007945148233328814,0.006104142949935665
2682,-0.0014346764346764296,-0.006974768245189389,0.004774875321945982,0.00335733958352058
2683,-0.0027472527472527375,-0.006854878066528958,0.021666399215219956,0.018988910319410413
2684,0.020757020757020683,0.01855782883052204,0.013448853658343585,0.01771095340205764
2685,0.0009462759462759429,-0.00024425545438366836,0.00022195245209866155,0.002214317150334155
2686,0.025946275946275965,0.020696712355760094,0.01490552244043919,0.015928983660613127
2687,0.01251526251526247,0.007911594389493959,0.011905795881026582,0.002772457640003001
2688,0.001312576312576308,-0.0032067069810177706,-0.0006585820021973721,0.0006353977496609264
2689,-0.0006410256410256387,-0.004801095122087373,0.008365040376201893,0.0065643134245400026
2690,0.001098901098901095,-0.0023078848631693516,0.002800712918522019,0.008714375815651376
2691,0.005402930402930384,-0.0006406768546780572,0.01061510390950604,0.010243099968939684
2692,0.016575091575091627,0.013858485747338833,0.013961128914434573,0.021785972039013224
2693,0.01544566544566539,0.012957603073160406,0.01169680872382517,0.005430895752202014
2694,0.01178266178266174,0.009143289160081225,0.017048413502365856,0.015456615348519276
2695,-0.00012210012210012167,-0.0028766020746570087,0.010899738951038351,0.012494549970976099
2696,0.013003663003662957,0.009177661084114663,0.01798497486953987,0.015916536584830943
2697,0.01596459096459102,0.010321265783822753,0.012472883932317935,0.0214539168725838
2698,0.009310134310134277,0.0033682701548176652,0.014441238792278877,0.00791510363821668
2699,-0.00073260073260073,-0.004285578193291006,0.006930246074914548,0.012270592359803878
2700,0.0123321123321124,0.007045921413545875,0.0062764545160552965,0.0022087693774258677
2701,0.011355311355311426,0.008717273332305098,-0.006346869768699026,-0.003282154103395052
2702,0.012179487179487136,0.008689826112282972,0.002269001904914081,-0.00019559339720065516
2703,0.00723443223443232,0.0033352308669354347,-0.00404212893004352,-0.006710157881709811
2704,0.0019230769230769162,0.0010853955503107304,0.01005277769956936,0.006676863831429181
2705,0.008485958485958456,0.004618023404823868,0.009470198327845125,0.011976610215231887
2706,0.006746031746031722,0.0040020684139292495,0.015166265296231884,0.010957502538483266
2707,0.011630036630036589,0.006667561858652138,0.004575709427423802,-0.0007198051700121333
2708,0.019963369963369892,0.016126368940146074,0.015518039240263182,0.010343241293611638
2709,0.01031746031746028,0.005400290621101367,0.01596475201621561,0.011882836453235512
2710,0.01398046398046393,0.00821462953820773,0.007925846221539024,0.004620997635792823
2711,0.012301587301587258,0.009967842840852503,0.015059473500297904,0.017408569512043615
2712,-0.00293040293040292,-0.003504189024713611,0.00884115573664157,0.012555480766319294
2713,0.02341269841269844,0.019697382656831297,0.01892169044475922,0.013515724957589348
2714,0.02851037851037841,0.02379677902876476,0.021558971063954546,0.01649005334771325
2715,0.017338217338217388,0.01145253730023521,0.0005762212038822323,0.00416506825105345
2716,0.00659340659340657,0.003827738659176849,0.011110403032151384,0.01611310985131187
2717,-0.00024420024420024333,-0.004472751376606854,0.006411862344695929,0.007238488188435643
2718,-0.0037545787545787412,-0.007696013263762236,0.005304372354270281,0.005356745335158397
2719,0.01752136752136746,0.014007427247276327,-0.0036205843130947546,0.002095618829303314
2720,0.01684981684981679,0.011299334059360122,0.01041289359451214,0.007286985653509936
2721,0.018894993894993828,0.014001602445422145,0.01573688409511853,0.02461145805992715
2722,0.013400488400488353,0.008451372607334084,0.019700144615885762,0.031614426081537306
2723,0.013736263736263687,0.009006705255640401,0.007298510329221575,0.002859366344102554
2724,0.01092796092796089,0.006802524203659899,-0.0028499749090972193,-0.0023719024147280665
2725,0.01608669108669103,0.012824502677240002,0.016817594884334097,0.011155334509698966
2726,0.021733821733821768,0.018103812385300677,0.004360152359741631,0.0041430368702172204
2727,0.016239316239316293,0.012405315082769985,0.019528429350753607,0.018970892227945235
2728,0.014102564102564163,0.006665588842608261,0.0009502029009991197,-0.004569416401008053
2729,0.006715506715506692,0.0003522504782869085,0.0038786211728067954,0.004481853972862493
2730,0.011721611721611791,0.009112921635212379,0.00496947860451058,0.013703078521662637
2731,0.027503052503052516,0.024482138693863287,0.012832694202756234,0.009203689674679882
2732,0.01614774114774109,0.011681118427345538,0.013480670898754266,0.0179723313801472
2733,0.013217338217338281,0.009592603649465126,0.004892558976975159,0.009501556707674053
2734,-0.0021672771672771596,-0.005206726665322403,0.008816944218982825,0.017718923308772783
2735,0.004670329670329654,-0.0004932906599874887,0.001971121065831749,0.005517978175155314
2736,0.02927350427350428,0.025207907220749948,0.020965243391907307,0.026839266373004156
2737,0.007387057387057361,0.003077695591732099,0.00205034972514595,-0.0015902592142390537
2738,0.010347985347985311,0.006364590346238597,0.016593997442094555,0.013599718613964806
2739,0.009890109890109855,0.006536181424951604,0.015317643417458005,0.019699358270434786
2740,0.013339438339438403,0.011358375577545154,0.005641455110336202,0.014618474667312253
2741,-0.005525030525030505,-0.008940361793644547,0.005193086265371405,0.003451163919532929
2742,0.024358974358974383,0.021872806027608105,0.0180723381833916,0.013338251969549852
2743,0.005402930402930384,0.002534420804885529,0.007040129103312309,0.00142797776336534
2744,0.005341880341880323,0.0016457916176231269,0.0103095721455575,0.015593528526833378
2745,0.013278388278388342,0.00934133378418256,0.006031226862890704,0.011250267954055038
2746,0.019108669108669152,0.0138187847074972,0.010827166253446596,0.016498598429210087
2747,0.018681318681318615,0.01711170102647963,0.017540145663105466,0.022227426898365765
2748,0.007631257631257715,0.00525315449848307,0.00735392013722358,0.003960096914588984
2749,0.029029304029304037,0.025117209359742265,0.015065836191064497,0.021372150793318667
2750,0.007783882783882867,0.0024519717249230633,0.016621775109405545,0.01680433306856355
2751,0.0017704517704518752,-0.0007245261585731022,4.225315321360057e-05,0.004434913985823963
2752,0.013949938949939011,0.009610744205172606,0.00805374751615362,0.007967908913346089
2753,0.001251526251526247,-0.003645980574351837,0.002604911655595177,0.009801384128793722
2754,0.007264957264957239,0.0033679864221477507,0.010292264107388371,0.013572453355487846
2755,0.008699633699633669,0.004124172511595581,0.00793268519375423,0.010457660085696041
2756,0.0026862026862026767,-0.00015816247565692,0.004380742806814775,0.006947350703264132
2757,0.008363858363858334,0.0024225221708419342,-0.0010146264971868657,0.0036020206090123796
2758,0.011996336996337065,0.008059911088002747,0.003794837472952617,0.008110028425376559
2759,-0.000366300366300365,-0.002371849333973053,0.007359454470976523,0.0005466880410186503
2760,0.002350427350427342,-0.000913979799794129,0.008767368241014761,0.004287825459532324
2761,0.011416361416361487,0.00755734214882231,0.013546134677396626,0.010866940227915012
2762,0.020207570207570247,0.016449820111896885,0.024186793582852917,0.019563536752801314
2763,-0.0005189255189255171,-0.003820499085518958,0.010119615949701344,0.012041665761699516
2764,0.0020146520146520075,-0.004469554342114379,0.005984496082520163,0.006316684323158461
2765,0.0017094017094017033,0.00035658005224903366,-0.00038157054246090727,0.0009836978858510648
2766,0.020177045177045216,0.01607001175384226,0.0002173839451010684,0.0033583481586682007
2767,0.008608058608058577,0.005000789048460241,0.008098295749829454,0.0020392982573332885
2768,0.01532356532356538,0.010519779778330518,0.017707922511295826,0.02452881638534099
2769,0.013461538461538525,0.010343806138545575,0.00917254377891541,0.007954310639331053
2770,0.007936507936507908,0.003845987095505765,0.00497812593721747,0.004531019370501266
2771,0.011782661782661852,0.007940094946382592,0.010157800736999678,0.011701994374635594
2772,0.00808913308913306,0.0034953307759095775,0.016223832389574033,0.021977395575231373
2773,0.005830280830280921,-0.003157357172455799,0.008290293943665428,0.006971153852290857
2774,0.028785103785103794,0.024061787677692847,0.00897533308985532,0.0036580158354991843
2775,-0.011233211233211193,-0.0169252129196672,0.013805740261631061,0.020161267866491306
2776,-0.002503052503052494,-0.006194794109521173,0.022593570249836104,0.026437718916764608
2777,0.004517704517704613,-0.001175833675662652,0.014443016928780028,0.01994050334077735
2778,0.0022283272283273314,-0.0010525946862490754,0.006377174787674522,0.005779836519628101
2779,0.005402930402930384,0.0016855649746431167,0.01301451450217328,0.016063051646632798
2780,-0.01101953601953598,-0.014495448058347127,0.010195672904500741,0.009667909128658336
2781,0.009768009768009733,0.0034927007940654953,0.004102314826997189,0.014150657109735065
2782,0.0030525030525030417,-0.0006575877804753105,0.009664399409181401,0.0067387970653463025
2783,0.017277167277167216,0.01538297409168532,0.019371484613243894,0.018753032692178206
2784,0.01822344322344316,0.013721018220008263,0.016499114032344497,0.028586971910260384
2785,0.009188034188034155,0.004923977689606396,0.01060641782888383,0.003202715164143166
2786,0.005769230769230749,0.0017627498711911826,0.010140151100390238,0.008125784914597478
2787,0.014774114774114722,0.011721857042297334,0.017542312934423432,0.021796003441663103
2788,0.009432234432234399,0.004383203237424027,-0.0009311485435391509,0.00026382606285024757
2789,0.011233211233211304,0.006916711077895266,0.01725037852893052,0.016550116917697588
2790,0.01535409035409041,0.011238372226026305,0.008060768794243889,0.00976009172287895
2791,0.006105006105006083,0.000959070339492385,0.008909572844320146,-0.0027585888706713746
2792,0.004853479853479836,0.0026401403512565924,0.004383168302370621,-0.0014902373750266262
2793,0.023931623931623958,0.020210271237593003,0.012004552195418516,0.010882471368853786
2794,0.00952380952380949,0.0072744993878415265,0.005008938993459111,0.0066016247036086995
2795,0.007478632478632452,0.003530119011801447,0.01654726917794802,0.026034944737714172
2796,0.018009768009768057,0.012676334056998861,0.0033814185833573873,0.007263942401628309
2797,0.005647130647130627,-0.0009813858371845452,0.02408133738852758,0.030589365903543997
2798,0.028937728937728946,0.02496382234593253,0.019959271544942148,0.017836449900463847
2799,0.013125763125763079,0.009330253267144317,0.01570060409808005,0.00948868211885523
2800,0.00946275946275954,0.004470108108804771,0.014562642191472408,0.023981306570697858
2801,0.0072954822954822696,0.004179329476837412,0.008874275685972433,0.012189002854216757
2802,0.010561660561660524,0.005382595244006083,0.011159721721235805,0.005734502509742723
2803,0.009218559218559186,0.005980469635136765,0.0056963424495287684,-2.4697068271350986e-05
2804,0.013644688644688596,0.008545518395929985,0.0021854308245037313,-0.001399902917127327
2805,0.02912087912087913,0.02653696619741941,0.012748662787324783,0.018672659984282913
2806,0.011935286935287004,0.006968418878922411,0.019760041460855082,0.022235603749292898
2807,0.011324786324786285,0.005961241994150379,0.004652404025613621,0.011853915331995313
2808,0.017368742368742418,0.013395092689164945,0.013927547467586399,0.01805264774386739
2809,0.02115384615384619,0.01721157572932097,0.008002887141704496,0.009432818723138392
2810,0.004029304029304015,0.0003695696584632424,0.0008301839659793364,0.0034549224253344057
2811,0.010012210012209977,0.006007333957298022,0.0061389162121674445,0.010572288386301087
2812,0.004792429792429775,0.0011902738039478722,0.02158380235141555,0.020494278352635065
2813,0.029578754578754585,0.02190331055530348,0.00022075793453291137,0.010674996057376873
2814,0.014682539682539741,0.009572819005967848,0.012981997410845714,0.014370731534276704
2815,0.0042124542124541975,0.0022448476420593444,0.017899260953811114,0.015614493063820234
2816,0.0015262515262515208,-6.946809321295433e-05,0.013043727333609034,0.011741894498942251
2817,-0.003357753357753346,-0.009007463276534677,8.713923842806892e-05,0.0030758681436878765
2818,0.00146520146520146,-0.0003687500805201749,0.006876073544034855,0.012969651781039926
2819,0.0027472527472528485,0.0026058789018463813,0.013962374263352229,0.010251016785839284
2820,0.028693528693528703,0.021974227247649192,0.010509749370655075,0.012377518220812234
2821,0.006837606837606813,0.0054915208618289135,0.007814046047378675,0.0021073582294183213
2822,0.009890109890109855,0.007295528434074439,0.006571595724365498,0.010516536203735827
2823,0.020146520146520186,0.014816276227738734,0.021151764863513,0.02910677403393125
2824,0.011782661782661852,0.009700038707530778,0.020316017743069903,0.019845899760608243
2825,0.00503663003663013,-0.0006211429832676529,0.020485662595283505,0.02578619161555873
2826,0.017796092796092733,0.013315202803536486,0.009522376934079646,0.019033940484993517
2827,0.020299145299145338,0.01646323203392297,0.022095137945401522,0.019238982995626652
2828,0.014529914529914478,0.009200869984284377,0.02269811229280061,0.020209071067306184
2829,0.01251526251526247,0.009688963820071228,0.017753234179800015,0.006018318808192258
2830,0.002716727716727707,0.0005452631806699415,0.00486936983455033,0.01037490662748497
2831,0.014072039072039133,0.012704153852003075,0.006593623835104978,0.005008938436931176
2832,0.02112332112332116,0.018220990774435952,0.020386516949474354,0.023447584185364967
2833,0.009706959706959783,0.005369740603396456,0.01669671217357427,0.011586153917874986
2834,0.013583638583638535,0.010065375006207855,-0.000852719593040896,0.001345346097917366
2835,0.02185592185592189,0.01668387985192188,0.008384886110258338,0.013459320691770249
2836,0.017246642246642296,0.014318425744448415,0.010906602963706824,0.012740423444324467
2837,0.009218559218559297,0.00505684228265546,0.008480646673065029,0.013083869515332691
2838,0.00799755799755797,0.004304429380222574,0.012038149540104515,0.01570471841861365
2839,0.027380952380952395,0.024158695251858986,0.011816852523286236,0.018503311787648413
2840,0.015537240537240593,0.009607008527305672,0.022882374111673043,0.02500283988992913
2841,0.01022588522588519,0.00596523293270379,0.01223655466901652,0.021027586030479717
2842,0.013766788766788718,0.007911741710832865,0.020884651770441742,0.023803408627457
2843,0.01761294261294266,0.011756594681622934,0.012187358868123943,0.019283514569654825
2844,0.010073260073260037,0.004827510811671765,0.0039774249016274466,0.00010618221099312208
2845,0.005341880341880323,0.0018117818635984273,0.0157306856193149,0.016552601606491746
2846,0.0009768009768009733,-0.004531428237281698,0.013889135452817558,0.016496165410181507
2847,0.02551892551892554,0.021484369952434523,0.009473114489841339,0.010433824661644664
2848,-0.0014957264957266014,-0.003997054911554554,0.014522080942065863,0.017722880129210306
2849,0.008943833943833912,0.0069986020936523285,0.012170053779078205,0.008690261200028027
2850,0.017735042735042672,0.012406565479831766,0.011104967247953956,0.011032133701402769
2851,0.0031746031746031633,0.0022758981596275873,0.011287039317574687,0.009357480273611496
2852,0.023931623931623958,0.019308847174779764,0.01105972579890302,0.009472351110571098
2853,0.014804639804639863,0.012031297712927658,0.008457144449816822,0.01872009929965124
2854,0.01166056166056173,0.008728070491104134,0.0036971259370590648,-0.0011277384653305411
2855,0.026953601953601858,0.024003397570280582,0.026034014409336614,0.04054296273138447
2856,0.022924297924297843,0.01576279415111559,0.011589195251179185,0.017125357826532017
2857,0.006959706959706935,0.00048389325908715364,-0.003213896407541994,8.511616688433588e-05
2858,0.0013431013431013383,-0.003878755430950731,0.0014559874475437162,0.015377651943138781
2859,0.011538461538461497,0.007897196945051643,0.007748361385128799,4.881659715572084e-05
2860,0.01022588522588519,0.007554476348327843,-0.005435271026290489,-0.0026345811654302498
2861,0.017155067155067205,0.012156103411314345,0.009628360959594628,0.007531111490948539
2862,0.009065934065934145,0.0038936057289833403,0.013857802678171605,0.002792449158326882
2863,-0.004670329670329654,-0.008115003571337986,0.0004407463003610612,-0.007892296689437805
2864,-0.00012210012210012167,-0.005686518463828727,0.009171406702420781,0.013597213010615339
2865,0.005647130647130738,-0.0007525169687978561,0.013028601743854007,0.01627160606895106
2866,0.011996336996336954,0.007116439695869947,0.009457150919409796,0.006077809980320814
2867,-0.0010683760683760646,-0.0044310410984906845,0.00038181095927114495,-0.009437218752542664
2868,0.0042124542124543085,0.0014525948167684044,0.014447850513580107,0.012420226452212968
2869,0.005525030525030505,0.0007431707827436629,0.005029711191170683,0.008801613361470673
2870,0.008150183150183121,0.005509579535137643,0.017276442897381616,0.026204306845770686
2871,0.015201465201465147,0.014203398145759438,0.015450607925789894,0.014208201407218235
2872,0.032478632478632474,0.026760311387899693,0.014830257397680846,0.016642577853495433
2873,0.001617826617826612,-0.0022466317395848368,0.012964111346090212,0.01185076616951175
2874,0.004456654456654441,0.0017056826093651,0.008525312208315983,0.007887686981727926
2875,0.004517704517704502,0.0023703577505328477,0.013329626986249843,0.021452100781442107
2876,-0.00073260073260073,-0.005624655748336593,0.011072451696684138,0.001369303838405167
2877,0.016300366300366353,0.011429228794995638,0.020752482253261983,0.01607945766560792
2878,0.01315628815628822,0.009631873560133397,0.01639146546689263,0.02240347032704959
2879,0.010592185592185555,0.004173842113067816,0.0026801087503376397,0.0027701947398353077
2880,0.004151404151404137,0.0003133887843160821,0.010137444661292072,0.013565823074565886
2881,-0.0010378510378510342,-0.003104553331393256,0.007646972792247131,0.0012774706543439152
2882,0.006074481074481053,0.0022067564900372094,0.017115741580753907,0.012643736246576776
2883,0.019139194139194182,0.01419524893225399,0.0068839977336291325,0.008963666738527332
2884,0.022130647130647163,0.016994075791915364,0.01357824970904431,0.01905356313954898
2885,0.018894993894993828,0.014931924517770367,0.017180547239395882,0.019210291262706902
2886,0.00873015873015881,0.005008101243429097,0.010935243305755016,0.010738046159557424
2887,0.01688034188034182,0.011101559538765238,0.008016246868488008,0.014821690074208749
2888,0.02182539682539686,0.0152555374412493,0.0016083221482743326,0.007982098031374618
2889,0.0067765567765567525,0.0007581960346292327,0.018359961535127423,0.018073474284173496
2890,0.009188034188034155,0.005759018885254097,0.005336197589692615,0.0013796759042552509
2891,0.017155067155067094,0.014843873746840042,0.01816534867906361,0.01269424638660277
2892,0.010134310134310098,0.007121714585266781,0.004143439314386099,0.014537324830121823
2893,0.015506715506715452,0.014062889166304382,0.0134267350841063,0.018574227267384447
2894,0.01025641025641022,0.005634439152065074,0.01172374613331828,0.008072834452009237
2895,0.017948717948717996,0.013104148529384796,0.01035201625469917,0.013122658094792405
2896,0.021489621489621524,0.017566854443797908,0.010699767722395004,0.01891416638245169
2897,0.014224664224664174,0.01168118060691703,0.005648783863689721,0.005317169032358682
2898,0.003968253968253954,0.0009140990882539057,0.01715502617021647,0.025826035149492554
2899,0.010164835164835129,0.006699216197722624,0.019397847460297712,0.024510526630569074
2900,0.008516483516483597,0.005368118747750228,0.020833544619967337,0.015455172538234918
2901,0.024236874236874262,0.02149281007126702,0.004982378627558126,0.0004295466875395837
2902,0.013858363858363809,0.011082174084947716,0.008201134472947236,0.006186824556406845
2903,0.007814407814407787,0.0024149376179136706,0.008080074202941656,0.013465603351455746
2904,0.00793650793650802,0.0033326064390931665,0.010723624775539453,0.007443464529142463
2905,0.019902319902319943,0.015723532539742346,0.014609169125969879,0.017456822516108472
2906,0.028724053724053733,0.02542255511126068,0.017696263535006196,0.012710060775161236
2907,0.01025641025641022,0.005287731925236128,0.009250683804967963,0.004611263189367221
2908,0.02405372405372408,0.02050591668569668,0.0061987628602045985,0.002900564556867269
2909,0.01892551892551897,0.015375128342874689,0.010583861486191615,0.012684047184298608
2910,0.0010073260073260037,-0.002510972666898481,0.0011880729804891743,0.004754385398917038
2911,0.010653235653235615,0.009886472857020823,0.006223616673392551,0.0028068976031544457
2912,0.01907814407814412,0.013981046233875527,0.009869375267400948,0.016249669779799025
2913,0.008608058608058577,0.004891264367262282,0.015971370640043947,0.018528534718320833
2914,0.009249084249084216,0.005454187964714419,0.009004450020616117,0.0069033408274274954
2915,0.017063492063492003,0.01179253381297829,0.014202861420748225,0.020209312728502682
2916,0.007875457875457847,0.002261002038635218,0.00846048239831787,0.01015161128610309
2917,0.012973137973138038,0.007831830682654917,0.012126560860471924,0.018200355766457288
2918,0.009004884004883973,0.004631169792808976,0.02700592948704128,0.029571038497059776
2919,0.020604395604395642,0.016197534993920404,0.012157455170336617,0.023680651613976367
2920,0.0006410256410256387,-0.0036209309398770317,0.012847879895948155,0.009321645258613676
2921,-0.00045787545787545625,-0.00383460588492468,0.007724151535948964,0.015195653650733276
2922,0.01101953601953598,0.006036548567793787,0.0023191907941112477,-0.007758375509635207
2923,0.007112332112332198,0.0032777914122771312,0.006082266653577473,0.008955504975236561
2924,0.020787545787545825,0.014505990573097094,0.012588722636893701,0.02234837934198408
2925,0.013278388278388231,0.006743543879446423,0.024510735510131387,0.024481588983627067
2926,0.0025946275946275854,-0.0009455293810795018,0.009042242357040098,0.01248515482923973
2927,-0.005769230769230749,-0.009699361464350242,0.0078030748443562725,0.019663583573809262
2928,0.011782661782661852,0.008860863379640316,0.01525530831348032,0.01441249362233421
2929,0.026098901098901117,0.02416991170869265,0.010415458469556826,0.013837649761708204
2930,0.021062271062270987,0.01765708777273267,0.01587520476328219,0.012903504204277216
2931,0.019352869352869284,0.015183759579977418,0.009494515577580853,0.0054230586093750865
2932,0.01529304029304035,0.012328147174327397,0.005965112174898257,0.003364934082105586
2933,0.009523809523809601,0.006069423954149666,0.010459380530124629,0.007902601382012375
2934,0.0191697191697191,0.01562220673220116,0.015825566773465805,0.018055063100466673
2935,0.011538461538461497,0.008144170288367114,0.006957627116547571,0.009191764801768865
2936,0.022283272283272315,0.01660926309791888,0.011353737449362189,0.010560104509667934
2937,-0.001617826617826612,-0.004142898432216602,0.0034361987621830403,0.006161544375699934
2938,0.02127594627594631,0.018842736235744506,0.018164723162589436,0.027402618996852146
2939,0.014896214896214843,0.011602435043148396,0.008700584671345157,0.005739072620244312
2940,0.016208791208791262,0.013904915725328926,0.013988036358975164,0.012343937984396036
2941,0.015476190476190421,0.011915441860719578,0.003244596413514711,0.008436022527284148
2942,0.007570207570207543,0.003961447110784055,0.006752844189076401,0.009469307854705011
2943,0.00793650793650802,0.0016645188655685095,0.009431713181657586,0.01352437261470485
2944,0.015811965811965756,0.010658739936981743,0.014643946217470005,0.01698344480828584
2945,0.027930402930402942,0.02218733179483756,0.018440441644069994,0.020747962330718517
2946,0.0028998778998778896,-0.00292586150565044,0.0049575010556132115,0.0030672166626415365
2947,-0.005982905982905962,-0.00959608884980745,0.01453663793713278,0.01296104836231371
2948,0.01535409035409041,0.011822588882110185,0.008695509114752364,0.012414368631400996
2949,0.016514041514041566,0.012965245539222847,0.01165668276560572,0.015796073853852843
2950,0.02042124542124535,0.012777417944109026,0.008089284778607486,0.005353696261502727
2951,0.005708180708180688,0.0025706471558665234,0.018366122286605613,0.023540001870374194
2952,0.00583028083028081,0.0026324578386921482,0.01884738588564383,0.020910054011146095
2953,0.01251526251526247,0.007794608551880189,0.013897039057485405,0.022098973801013555
2954,0.017735042735042783,0.01206524554982602,0.014785739477015114,0.019657296649912115
2955,-0.0033882783882783762,-0.006840207323829506,0.0006329653177743477,0.004538507879967346
2956,0.02570207570207561,0.02184432212027365,0.0026079463784802748,-0.0026406991922023337
2957,0.014865689865689924,0.010377309852181993,0.00033756758578495916,0.0007919730229951627
2958,0.014926739926739874,0.00873260074607174,0.011710152381731342,0.0133881383898532
2959,0.012759462759462714,0.008275189829985097,0.007343023832418916,0.0053368621624190204
2960,0.010103785103785179,0.007011618518063645,0.005580108368575032,0.011313116413620317
2961,-0.0015262515262515208,-0.004822881016512071,0.016105642757876848,0.014846832683657052
2962,0.013461538461538414,0.009279717081335459,0.006759027329955147,0.005899068361046367
2963,0.007081807081807057,0.00031529050436063244,0.020034849050033388,0.0185727754682673
2964,0.015659340659340715,0.012617620315078182,0.013134395431597223,0.013588005209135168
2965,0.017032967032966972,0.011818963971164997,0.011632536464161736,0.019546067903900677
2966,0.014743589743589802,0.010564721642357666,0.000532360674853849,0.0003740931469138342
2967,-0.002503052503052494,-0.004131833956730668,0.00916786540602954,0.011810537406576782
2968,-0.0010073260073260037,-0.004489912799847895,0.00976543919508488,0.008840446165535032
2969,0.015964590964590908,0.012285215353648016,0.010806492025917436,-0.0009099769359715015
2970,0.007264957264957239,0.004315407709483909,0.0039204909647831965,0.0073117014644983325
2971,0.013766788766788829,0.009506874446210567,0.010434579238550179,0.01969012402577619
2972,0.006807081807081783,0.00377507847241354,0.008927651394767366,0.017525649768634688
2973,0.009951159951159916,0.005624228790658825,0.01718901956647967,0.0319088286690703
2974,0.017918192918192855,0.014050011140811947,0.004882452121053205,0.008098610985739496
2975,0.022985347985348015,0.019003966937358063,0.007322718479228718,0.014919614504978362
2976,0.012698412698412764,0.00862651685364102,-0.0026388996804044274,-0.005220518398499241
2977,0.0010073260073260037,-0.00010949107947488823,0.015063990266342864,0.009817510381452177
2978,0.013095238095238049,0.006396718172537397,0.011820964151617153,0.014130235299856686
2979,0.01907814407814412,0.015965840794200492,0.016582738226304516,0.020100714287286325
2980,0.01391941391941387,0.007715638365169641,0.01728517271104546,0.01803581707012758
2981,0.011111111111111072,0.00613845097674004,0.006498984809794606,0.0027677274129298546
2982,0.015231990231990178,0.012474584310718684,0.014858957373877546,0.01443151689479849
2983,0.023626373626373653,0.01878832000265962,0.02034642950688126,0.013705049562629856
2984,0.0233821733821733,0.01908714558863145,0.017593957857694686,0.024230022631053227
2985,0.014926739926739874,0.010582589699965728,0.015562290147580149,0.009681949150099678
2986,0.012637362637362703,0.00848289643253508,0.0027150650203172644,0.0035336704483878156
2987,0.0035714285714285587,-0.0010816281621692792,0.020867731875714113,0.013643278477183829
2988,0.010866910866910828,0.006009973368541366,0.009332072372301492,0.011068191322595067
2989,0.016330891330891384,0.012867620655963696,0.02330295727389231,0.03525913758361643
2990,0.020787545787545825,0.01577439761274113,0.002634944517370008,0.009429147870605559
2991,0.022557997557997478,0.018851372089314977,0.022396453490807877,0.018417907071483386
2992,0.007905982905982989,0.0036148257581860577,0.0056429526836807575,0.0031828738288695035
2993,0.007875457875457847,0.002094178333800989,0.015366209467452374,0.025655962215261008
2994,0.00952380952380949,0.006380662760265499,0.014948517294037011,0.010549622059854102
2995,0.015109890109890056,0.012798648107435584,0.013546758935459424,0.013986055815195075
2996,0.008302808302808384,0.004757811599392814,0.001342803571106721,0.0006738542881682408
2997,0.0005494505494505475,-0.0020096375927095567,-0.006462787377334078,0.0010098279517062325
2998,0.018467643467643402,0.015777440145426258,0.020260746258089712,0.017396422244889576
2999,0.013278388278388231,0.009005476073227436,0.006300801247132726,0.008702268968863835
